concept_code	display_name	review_applicability	cooking_novelty	availability_georgia	availability_tobias	availability_note_georgia	availability_note_tobias	novelty_approval_origin	availability_georgia_approval_origin	availability_tobias_approval_origin	availability_note_georgia_approval_origin	availability_note_tobias_approval_origin	overall_approval_origin	final_acceptance_status	base_draw_weight_review	source_provenance	catalog_commit	review_version
ADZUKI_BEANS	Adzukibohnen	APPLICABLE	2	PLANNED	PLANNED	Adzukibohnen sind in gut sortierten Vollsortimentern und im breiten deutschen Trockenwarenhandel planbar, lokal aber kein verlässlicher Standardartikel.	Adzukibohnen sind in gut sortierten Vollsortimentern und im breiten deutschen Trockenwarenhandel planbar, lokal aber kein verlässlicher Standardartikel.	AI_BULK_ACCEPTED	AI_BULK_ACCEPTED	AI_BULK_ACCEPTED	AI_BULK_ACCEPTED	AI_BULK_ACCEPTED	AI_BULK_ACCEPTED	APPROVED_FINAL		AI_REVIEW_BASE	f8855121af336a7c13cd799cafede5f9b9420f28	AVAILABILITY_NOVELTY_V1_20260907
AGAVE_SYRUP	Agavendicksaft	APPLICABLE	2	EASY	EASY	Agavendicksaft: gewöhnlicher lokaler Bezugsweg über den Bereich »Backzutaten-, Süßwaren- oder Kakaoregal«.	Agavendicksaft: Rostocker Bezugsweg über das Back-, Süßwaren- oder Brotregal eines gewöhnlichen großen Rostocker Supermarkts.	AI_BULK_ACCEPTED	AI_BULK_ACCEPTED	AI_BULK_ACCEPTED	AI_BULK_ACCEPTED	AI_BULK_ACCEPTED	AI_BULK_ACCEPTED	APPROVED_FINAL		AI_REVIEW_BASE	f8855121af336a7c13cd799cafede5f9b9420f28	AVAILABILITY_NOVELTY_V1_20260907
AIOLI	Aioli	APPLICABLE	2	EASY	EASY	Aioli: gewöhnlicher lokaler Bezugsweg über den Bereich »Saucen-, Würzpasten- und Feinkostregal«.	Aioli: Rostocker Bezugsweg über das Saucen-, Essig- oder Feinkostregal eines gewöhnlichen großen Rostocker Supermarkts.	AI_BULK_ACCEPTED	AI_BULK_ACCEPTED	AI_BULK_ACCEPTED	AI_BULK_ACCEPTED	AI_BULK_ACCEPTED	AI_BULK_ACCEPTED	APPROVED_FINAL		AI_REVIEW_BASE	f8855121af336a7c13cd799cafede5f9b9420f28	AVAILABILITY_NOVELTY_V1_20260907
AJVAR	Ajvar	APPLICABLE	2	EASY	EASY	Ajvar: gewöhnlicher lokaler Bezugsweg über den Bereich »Saucen-, Würzpasten- und Feinkostregal«.	Ajvar: Rostocker Bezugsweg über das Saucen-, Essig- oder Feinkostregal eines gewöhnlichen großen Rostocker Supermarkts.	AI_BULK_ACCEPTED	AI_BULK_ACCEPTED	AI_BULK_ACCEPTED	AI_BULK_ACCEPTED	AI_BULK_ACCEPTED	AI_BULK_ACCEPTED	APPROVED_FINAL		AI_REVIEW_BASE	f8855121af336a7c13cd799cafede5f9b9420f28	AVAILABILITY_NOVELTY_V1_20260907
AJWAIN	Ajwain	APPLICABLE	3	SPECIALTY	SPECIALTY	Ajwain ist als ganze Samen im indisch geprägten Gewürzhandel breit etabliert, im allgemeinen Handel aber kein Standardartikel.	Ajwain ist als ganze Samen im indisch geprägten Gewürzhandel breit etabliert, im allgemeinen Handel aber kein Standardartikel.	AI_BULK_ACCEPTED	AI_BULK_ACCEPTED	AI_BULK_ACCEPTED	AI_BULK_ACCEPTED	AI_BULK_ACCEPTED	AI_BULK_ACCEPTED	APPROVED_FINAL		AI_REVIEW_BASE	f8855121af336a7c13cd799cafede5f9b9420f28	AVAILABILITY_NOVELTY_V1_20260907
ALFALFA_SPROUTS	Alfalfasprossen	APPLICABLE	2	PLANNED	PLANNED	Frische Alfalfasprossen sind über gut sortierte Gemüseabteilungen planbar; der konkrete Filialbestand muss vor dem Einkauf geprüft werden.	Frische Alfalfasprossen sind über gut sortierte Gemüseabteilungen planbar; der konkrete Filialbestand muss vor dem Einkauf geprüft werden.	AI_BULK_ACCEPTED	AI_BULK_ACCEPTED	AI_BULK_ACCEPTED	AI_BULK_ACCEPTED	AI_BULK_ACCEPTED	AI_BULK_ACCEPTED	APPROVED_FINAL		AI_REVIEW_BASE	f8855121af336a7c13cd799cafede5f9b9420f28	AVAILABILITY_NOVELTY_V1_20260907
ALIGUE	Aligue	APPLICABLE	4	DIFFICULT	DIFFICULT	Aligue bleibt auf wenige philippinische Importwege ohne aktuell belegten robusten deutschen Händlerweg beschränkt.	Aligue bleibt auf wenige philippinische Importwege ohne aktuell belegten robusten deutschen Händlerweg beschränkt.	HUMAN_EXPLICIT	HUMAN_EXPLICIT	HUMAN_EXPLICIT	AI_BULK_ACCEPTED	AI_BULK_ACCEPTED	HUMAN_EXPLICIT	APPROVED_FINAL		AI_REVIEW_BASE|NOVELTY_REFERENCE_ANCHOR_HUMAN|AVAILABILITY_V2_ANCHOR_HUMAN	f8855121af336a7c13cd799cafede5f9b9420f28	AVAILABILITY_NOVELTY_V1_20260907
ALLIUM_VEGETABLES	Lauch- und Zwiebelgemüse	APPLICABLE	1	EASY	EASY	Lauch- und Zwiebelgemüse: gewöhnlicher lokaler Bezugsweg über den Bereich »Obst- und Gemüseabteilung«.	Lauch- und Zwiebelgemüse: Rostocker Bezugsweg über die Gemüseabteilung eines gewöhnlichen großen Rostocker Supermarkts.	AI_BULK_ACCEPTED	AI_BULK_ACCEPTED	AI_BULK_ACCEPTED	AI_BULK_ACCEPTED	AI_BULK_ACCEPTED	AI_BULK_ACCEPTED	APPROVED_FINAL		AI_REVIEW_BASE	f8855121af336a7c13cd799cafede5f9b9420f28	AVAILABILITY_NOVELTY_V1_20260907
ALLSPICE	Piment	APPLICABLE	2	EASY	EASY	Piment: gewöhnlicher lokaler Bezugsweg über den Bereich »Gewürz- und Trockenwürzregal«.	Piment: Rostocker Bezugsweg über das Gewürz- oder Backregal eines gewöhnlichen großen Rostocker Supermarkts.	AI_BULK_ACCEPTED	AI_BULK_ACCEPTED	AI_BULK_ACCEPTED	AI_BULK_ACCEPTED	AI_BULK_ACCEPTED	AI_BULK_ACCEPTED	APPROVED_FINAL		AI_REVIEW_BASE	f8855121af336a7c13cd799cafede5f9b9420f28	AVAILABILITY_NOVELTY_V1_20260907
ALMOND	Mandeln	APPLICABLE	1	EASY	EASY	Mandeln: gewöhnlicher lokaler Bezugsweg über den Bereich »Nuss-, Saaten- oder Nussmusregal«.	Mandeln: geprüft wird das Nuss-, Saaten- und Backregal gewöhnlicher großer Rostocker Supermärkte; der Treffer darf ganze, gehackte, gemahlene oder blanchierte Mandeln abdecken.	AI_BULK_ACCEPTED	AI_BULK_ACCEPTED	AI_BULK_ACCEPTED	AI_BULK_ACCEPTED	AI_BULK_ACCEPTED	AI_BULK_ACCEPTED	APPROVED_FINAL		AI_REVIEW_BASE	f8855121af336a7c13cd799cafede5f9b9420f28	AVAILABILITY_NOVELTY_V1_20260907
ALMOND_BUTTER	Mandelmus	APPLICABLE	2	PLANNED	PLANNED	Mandelmus ist über einen vorbereiteten Einkauf im gut sortierten Bereich »Aufstrich-, Nussmus- oder Feinkostregal« im allgemeinen deutschen Handel planbar, lokal aber kein verlässlicher Standardartikel.	Mandelmus: Rostocker Bezugsweg über gut sortierte Vollsortimenter und etablierte deutsche Nuss- oder Biohändler.	AI_BULK_ACCEPTED	AI_BULK_ACCEPTED	AI_BULK_ACCEPTED	AI_BULK_ACCEPTED	AI_BULK_ACCEPTED	AI_BULK_ACCEPTED	APPROVED_FINAL		AI_REVIEW_BASE	f8855121af336a7c13cd799cafede5f9b9420f28	AVAILABILITY_NOVELTY_V1_20260907
ALMOND_DRINK	Mandeldrink	APPLICABLE	2	EASY	EASY	Mandeldrink: gewöhnlicher lokaler Bezugsweg über den Bereich »Regal für haltbare oder gekühlte Pflanzendrinks«.	Mandeldrink: Rostocker Bezugsweg über das Pflanzendrinkregal eines gewöhnlichen großen Rostocker Supermarkts.	AI_BULK_ACCEPTED	AI_BULK_ACCEPTED	AI_BULK_ACCEPTED	AI_BULK_ACCEPTED	AI_BULK_ACCEPTED	AI_BULK_ACCEPTED	APPROVED_FINAL		AI_REVIEW_BASE	f8855121af336a7c13cd799cafede5f9b9420f28	AVAILABILITY_NOVELTY_V1_20260907
AMARANTH	Amaranth	APPLICABLE	2	PLANNED	PLANNED	Amaranth ist über eine gezielte Filial- oder Bestellprüfung für Getreide- oder Stärkeware im allgemeinen deutschen Handel planbar, lokal aber kein verlässlicher Standardartikel.	Amaranth: Rostocker Bezugsweg über gut sortierte Vollsortimenter und etablierte deutsche Bio- oder Trockenwarenhändler.	AI_BULK_ACCEPTED	AI_BULK_ACCEPTED	AI_BULK_ACCEPTED	AI_BULK_ACCEPTED	AI_BULK_ACCEPTED	AI_BULK_ACCEPTED	APPROVED_FINAL		AI_REVIEW_BASE	f8855121af336a7c13cd799cafede5f9b9420f28	AVAILABILITY_NOVELTY_V1_20260907
ANCHOVIES	Sardellen	APPLICABLE	2	EASY	EASY	Sardellen: gewöhnlicher lokaler Bezugsweg über den Bereich »Fischkonserven- oder internationales Trockenwarenregal«.	Sardellen: Rostocker Bezugsweg über das Fischkonserven- oder haltbare Seafood-Regal eines gewöhnlichen großen Rostocker Supermarkts.	AI_BULK_ACCEPTED	AI_BULK_ACCEPTED	AI_BULK_ACCEPTED	AI_BULK_ACCEPTED	AI_BULK_ACCEPTED	AI_BULK_ACCEPTED	APPROVED_FINAL		AI_REVIEW_BASE	f8855121af336a7c13cd799cafede5f9b9420f28	AVAILABILITY_NOVELTY_V1_20260907
ANCHO_CHILI	Ancho-Chili	APPLICABLE	3	SPECIALTY	SPECIALTY	Ancho-Chili ist im einschlägigen Spezialmarkt breit etabliert; dokumentierte reguläre Wege sind die voneinander unabhängigen Händler MTG Gewürze – Ancho Chili sowie Hola Mexico – mexikanischer Fachhandel.	Ancho-Chili: Rostocker Bezugsweg über Hola Mexico – mexikanischer Fachhandel und MTG Gewürze – Ancho Chili; dokumentiert sind eine vor dem Einkauf erneut zu prüfende Verfügbarkeit und Standardversand.	AI_BULK_ACCEPTED	AI_BULK_ACCEPTED	AI_BULK_ACCEPTED	AI_BULK_ACCEPTED	AI_BULK_ACCEPTED	AI_BULK_ACCEPTED	APPROVED_FINAL		AI_REVIEW_BASE	f8855121af336a7c13cd799cafede5f9b9420f28	AVAILABILITY_NOVELTY_V1_20260907
ANNATTO	Annatto	APPLICABLE	3	SPECIALTY	SPECIALTY	Annatto ist im einschlägigen Spezialmarkt breit etabliert; dokumentierte reguläre Wege sind die voneinander unabhängigen Händler My Asia Shop – Annatto Samen sowie Asia4Friends – Gewürze.	Annatto: Rostocker Bezugsweg über Asia4Friends – Gewürze und My Asia Shop – Annatto Samen; dokumentiert sind ein dokumentiertes laufendes Angebot und Standardversand.	AI_BULK_ACCEPTED	AI_BULK_ACCEPTED	AI_BULK_ACCEPTED	AI_BULK_ACCEPTED	AI_BULK_ACCEPTED	AI_BULK_ACCEPTED	APPROVED_FINAL		AI_REVIEW_BASE	f8855121af336a7c13cd799cafede5f9b9420f28	AVAILABILITY_NOVELTY_V1_20260907
APPLE	Apfel	APPLICABLE	1	EASY	EASY	Apfel: gewöhnlicher lokaler Bezugsweg über den Bereich »Obst- und Gemüseabteilung«.	Apfel: Rostocker Bezugsweg über die Obstabteilung eines gewöhnlichen großen Rostocker Supermarkts.	AI_BULK_ACCEPTED	AI_BULK_ACCEPTED	AI_BULK_ACCEPTED	AI_BULK_ACCEPTED	AI_BULK_ACCEPTED	AI_BULK_ACCEPTED	APPROVED_FINAL		AI_REVIEW_BASE	f8855121af336a7c13cd799cafede5f9b9420f28	AVAILABILITY_NOVELTY_V1_20260907
APPLE_CIDER_VINEGAR	Apfelessig	APPLICABLE	1	EASY	EASY	Apfelessig: gewöhnlicher lokaler Bezugsweg über den Bereich »Essig- und Ölregal«.	Apfelessig: gewöhnlicher lokaler Bezugsweg über den Bereich »Apfelessig«.	AI_BULK_ACCEPTED	AI_BULK_ACCEPTED	AI_BULK_ACCEPTED	AI_BULK_ACCEPTED	AI_BULK_ACCEPTED	AI_BULK_ACCEPTED	APPROVED_FINAL		AI_REVIEW_BASE	f8855121af336a7c13cd799cafede5f9b9420f28	AVAILABILITY_NOVELTY_V1_20260907
APRICOT	Aprikose	APPLICABLE	2	EASY	EASY	Aprikose: gewöhnlicher lokaler Bezugsweg über den Bereich »Obst- und Gemüseabteilung«.	Aprikose: Rostocker Bezugsweg über den Obst- oder Tiefkühlobstbereich eines gewöhnlichen großen Rostocker Supermarkts.	AI_BULK_ACCEPTED	AI_BULK_ACCEPTED	AI_BULK_ACCEPTED	AI_BULK_ACCEPTED	AI_BULK_ACCEPTED	AI_BULK_ACCEPTED	APPROVED_FINAL		AI_REVIEW_BASE	f8855121af336a7c13cd799cafede5f9b9420f28	AVAILABILITY_NOVELTY_V1_20260907
AQUAVIT	Aquavit	APPLICABLE	4	PLANNED	PLANNED	Aquavit: Kräuter-Kornspirituose im allgemeinen Deutschlandversand; Conalco führt O.P. Anderson Dill Bio mit Dill und Kümmel lagernd und kurzfristig lieferbar, während ein regulärer Bornheimer Spirituosenbestand nicht vorausgesetzt wird.	Aquavit: Kräuter-Kornspirituose im allgemeinen Deutschlandversand; Conalco führt O.P. Anderson Dill Bio mit Dill und Kümmel lagernd, ein verlässlicher Rostocker Regalbestand ist dagegen nicht belegt.	HUMAN_EXPLICIT	HUMAN_EXPLICIT	HUMAN_EXPLICIT	HUMAN_EXPLICIT	HUMAN_EXPLICIT	HUMAN_EXPLICIT	APPROVED_FINAL		AI_REVIEW_BASE|HUMAN_CHARGE_6	f8855121af336a7c13cd799cafede5f9b9420f28	AVAILABILITY_NOVELTY_V1_20260907
ARTICHOKE	Artischocke	APPLICABLE	2	PLANNED	PLANNED	Artischocke: Rapunzels eigener Shop führt halbierte oder geviertelte Artischockenherzen in Wasser, Apfelessig und Salz als sofort verfügbare 200-g-Glasware.	Artischocke: Rapunzels eigener Shop führt halbierte oder geviertelte Artischockenherzen in Wasser, Apfelessig und Salz als sofort verfügbare 200-g-Glasware.	AI_BULK_ACCEPTED	AI_BULK_ACCEPTED	AI_BULK_ACCEPTED	AI_BULK_ACCEPTED	AI_BULK_ACCEPTED	AI_BULK_ACCEPTED	APPROVED_FINAL		AI_REVIEW_BASE	f8855121af336a7c13cd799cafede5f9b9420f28	AVAILABILITY_NOVELTY_V1_20260907
ARUGULA	Rucola	APPLICABLE	1	EASY	EASY	Rucola: gewöhnlicher lokaler Bezugsweg über den Bereich »Obst- und Gemüseabteilung«.	Rucola: Rostocker Bezugsweg über die Gemüseabteilung eines gewöhnlichen großen Rostocker Supermarkts.	AI_BULK_ACCEPTED	AI_BULK_ACCEPTED	AI_BULK_ACCEPTED	AI_BULK_ACCEPTED	AI_BULK_ACCEPTED	AI_BULK_ACCEPTED	APPROVED_FINAL		AI_REVIEW_BASE	f8855121af336a7c13cd799cafede5f9b9420f28	AVAILABILITY_NOVELTY_V1_20260907
ASPARAGUS	Spargel	APPLICABLE	1	EASY	EASY	Spargel: gewöhnlicher lokaler Bezugsweg über den Bereich »Obst- und Gemüseabteilung«.	Spargel: gewöhnlicher lokaler Bezugsweg über den Bereich »Spargel«.	AI_BULK_ACCEPTED	AI_BULK_ACCEPTED	AI_BULK_ACCEPTED	AI_BULK_ACCEPTED	AI_BULK_ACCEPTED	AI_BULK_ACCEPTED	APPROVED_FINAL		AI_REVIEW_BASE	f8855121af336a7c13cd799cafede5f9b9420f28	AVAILABILITY_NOVELTY_V1_20260907
AVOCADO	Avocado	APPLICABLE	1	EASY	EASY	Avocado: gewöhnlicher lokaler Bezugsweg über den Bereich »Obst- und Gemüseabteilung«.	Avocado: Rostocker Bezugsweg über die Obstabteilung eines gewöhnlichen großen Rostocker Supermarkts.	AI_BULK_ACCEPTED	AI_BULK_ACCEPTED	AI_BULK_ACCEPTED	AI_BULK_ACCEPTED	AI_BULK_ACCEPTED	AI_BULK_ACCEPTED	APPROVED_FINAL		AI_REVIEW_BASE	f8855121af336a7c13cd799cafede5f9b9420f28	AVAILABILITY_NOVELTY_V1_20260907
BACON	Bacon	APPLICABLE	1	EASY	EASY	Bacon: gewöhnlicher lokaler Bezugsweg über den Bereich »Wurstkühlung oder Bedientheke«.	Bacon: Rostocker Bezugsweg über die Fleischkühlung oder Bedientheke eines gewöhnlichen großen Rostocker Supermarkts.	AI_BULK_ACCEPTED	AI_BULK_ACCEPTED	AI_BULK_ACCEPTED	AI_BULK_ACCEPTED	AI_BULK_ACCEPTED	AI_BULK_ACCEPTED	APPROVED_FINAL		AI_REVIEW_BASE	f8855121af336a7c13cd799cafede5f9b9420f28	AVAILABILITY_NOVELTY_V1_20260907
BAGOONG	Bagoong	APPLICABLE	3	DIFFICULT	DIFFICULT	Bagoong bleibt auf wenige philippinische Importhändler beschränkt; mehrere Listings bilden noch keinen breiten allgemeinen Asia-Spezialmarkt.	Bagoong bleibt auf wenige philippinische Importhändler beschränkt; mehrere Listings bilden noch keinen breiten allgemeinen Asia-Spezialmarkt.	HUMAN_EXPLICIT	HUMAN_EXPLICIT	HUMAN_EXPLICIT	AI_BULK_ACCEPTED	AI_BULK_ACCEPTED	HUMAN_EXPLICIT	APPROVED_FINAL		AI_REVIEW_BASE|NOVELTY_REFERENCE_ANCHOR_HUMAN|AVAILABILITY_V2_ANCHOR_HUMAN	f8855121af336a7c13cd799cafede5f9b9420f28	AVAILABILITY_NOVELTY_V1_20260907
BAGOONG_ALAMANG	Bagoong alamang	APPLICABLE	3	DIFFICULT	DIFFICULT	Bagoong alamang bleibt auf wenige philippinische Importhändler mit wechselnden Varianten und Beständen beschränkt.	Bagoong alamang bleibt auf wenige philippinische Importhändler mit wechselnden Varianten und Beständen beschränkt.	AI_BULK_ACCEPTED	HUMAN_EXPLICIT	HUMAN_EXPLICIT	AI_BULK_ACCEPTED	AI_BULK_ACCEPTED	MIXED	APPROVED_FINAL		AI_REVIEW_BASE|AVAILABILITY_V2_ANCHOR_HUMAN	f8855121af336a7c13cd799cafede5f9b9420f28	AVAILABILITY_NOVELTY_V1_20260907
BAGOONG_ISDA	Bagoong isda	APPLICABLE	3	DIFFICULT	DIFFICULT	Fischbasiertes Bagoong ist nur über wenige philippinische Importwege belegt; regionale Varianten erhöhen die Formverwechslungsgefahr.	Fischbasiertes Bagoong ist nur über wenige philippinische Importwege belegt; regionale Varianten erhöhen die Formverwechslungsgefahr.	HUMAN_EXPLICIT	HUMAN_EXPLICIT	HUMAN_EXPLICIT	AI_BULK_ACCEPTED	AI_BULK_ACCEPTED	HUMAN_EXPLICIT	APPROVED_FINAL		AI_REVIEW_BASE|NOVELTY_REFERENCE_ANCHOR_HUMAN|AVAILABILITY_V2_ANCHOR_HUMAN	f8855121af336a7c13cd799cafede5f9b9420f28	AVAILABILITY_NOVELTY_V1_20260907
BAGUETTE	Baguette	APPLICABLE	1	EASY	EASY	Baguette: Frisches oder aufgebackenes Baguette liegt im Brot- und Backwarenbereich gewöhnlicher Bornheimer Vollsortimenter, an Backstation oder Bäckereitheke.	Baguette: Rostocker Bezugsweg über das Back-, Süßwaren- oder Brotregal eines gewöhnlichen großen Rostocker Supermarkts.	AI_BULK_ACCEPTED	AI_BULK_ACCEPTED	AI_BULK_ACCEPTED	AI_BULK_ACCEPTED	AI_BULK_ACCEPTED	AI_BULK_ACCEPTED	APPROVED_FINAL		AI_REVIEW_BASE	f8855121af336a7c13cd799cafede5f9b9420f28	AVAILABILITY_NOVELTY_V1_20260907
BAKED_GOODS	Backware	NOT_APPLICABLE_STRUCTURE	NOT_APPLICABLE	NOT_APPLICABLE	NOT_APPLICABLE			HUMAN_EXPLICIT	HUMAN_EXPLICIT	HUMAN_EXPLICIT	NOT_APPLICABLE	NOT_APPLICABLE	HUMAN_EXPLICIT	APPROVED_FINAL		AI_REVIEW_BASE|STRUCTURE_DECISION_HUMAN	f8855121af336a7c13cd799cafede5f9b9420f28	AVAILABILITY_NOVELTY_V1_20260907
BALSAMIC_VINEGAR	Balsamico	APPLICABLE	1	EASY	EASY	Balsamico: gewöhnlicher lokaler Bezugsweg über den Bereich »Essig- und Ölregal«.	Balsamico: gewöhnlicher lokaler Bezugsweg über den Bereich »Balsamico«.	AI_BULK_ACCEPTED	AI_BULK_ACCEPTED	AI_BULK_ACCEPTED	AI_BULK_ACCEPTED	AI_BULK_ACCEPTED	AI_BULK_ACCEPTED	APPROVED_FINAL		AI_REVIEW_BASE	f8855121af336a7c13cd799cafede5f9b9420f28	AVAILABILITY_NOVELTY_V1_20260907
BAMBOO_SHOOTS	Bambussprossen	APPLICABLE	2	PLANNED	PLANNED	Bambussprossen ist über eine gezielte Filial- oder Bestellprüfung für konservierte Pflanzenware im allgemeinen deutschen Handel planbar, lokal aber kein verlässlicher Standardartikel.	Bambussprossen: Rostocker Bezugsweg über gut sortierte Vollsortimenter und etablierte deutsche Händler für haltbare Gemüseformen.	AI_BULK_ACCEPTED	AI_BULK_ACCEPTED	AI_BULK_ACCEPTED	AI_BULK_ACCEPTED	AI_BULK_ACCEPTED	AI_BULK_ACCEPTED	APPROVED_FINAL		AI_REVIEW_BASE	f8855121af336a7c13cd799cafede5f9b9420f28	AVAILABILITY_NOVELTY_V1_20260907
BANANA	Banane	APPLICABLE	2	EASY	EASY	Banane: gewöhnlicher lokaler Bezugsweg über den Bereich »Obst- und Gemüseabteilung«.	Banane: gewöhnlicher lokaler Bezugsweg über den Bereich »Banane«.	AI_BULK_ACCEPTED	AI_BULK_ACCEPTED	AI_BULK_ACCEPTED	AI_BULK_ACCEPTED	AI_BULK_ACCEPTED	AI_BULK_ACCEPTED	APPROVED_FINAL		AI_REVIEW_BASE	f8855121af336a7c13cd799cafede5f9b9420f28	AVAILABILITY_NOVELTY_V1_20260907
BANANA_BLOSSOM	Bananenblüte	APPLICABLE	3	SPECIALTY	SPECIALTY	Bananenblüte: Konservierte Ware ist bei vielen breit aufgestellten Asia-Händlern regulär erhältlich.	Bananenblüte: Konservierte Ware ist bei vielen breit aufgestellten Asia-Händlern regulär erhältlich.	AI_BULK_ACCEPTED	HUMAN_EXPLICIT	HUMAN_EXPLICIT	AI_BULK_ACCEPTED	AI_BULK_ACCEPTED	MIXED	APPROVED_FINAL		AI_REVIEW_BASE|AVAILABILITY_V2_ANCHOR_HUMAN	f8855121af336a7c13cd799cafede5f9b9420f28	AVAILABILITY_NOVELTY_V1_20260907
BANANA_KETCHUP	Bananenketchup	APPLICABLE	3	SPECIALTY	SPECIALTY	Bananenketchup ist im einschlägigen Spezialmarkt breit etabliert; dokumentierte reguläre Wege sind die voneinander unabhängigen Händler PinoyFood – UFC Banana Sauce Sweet & Spicy sowie Asia Foodstore – UFC Banana Sauce.	Bananenketchup: Rostocker Bezugsweg über Asia Foodstore – UFC Banana Sauce und PinoyFood – UFC Banana Sauce Sweet & Spicy; dokumentiert sind beim Abruf verfügbaren Bestand und Standardversand.	AI_BULK_ACCEPTED	AI_BULK_ACCEPTED	AI_BULK_ACCEPTED	AI_BULK_ACCEPTED	AI_BULK_ACCEPTED	AI_BULK_ACCEPTED	APPROVED_FINAL		AI_REVIEW_BASE	f8855121af336a7c13cd799cafede5f9b9420f28	AVAILABILITY_NOVELTY_V1_20260907
BANANA_LEAVES	Bananenblätter	APPLICABLE	3	SPECIALTY	SPECIALTY	Bananenblätter: Frisch oder TK bei mehreren breit aufgestellten Asia-Händlern üblich; lokale Zufallsfunde ändern die Marktklasse nicht.	Bananenblätter: Frisch oder TK bei mehreren breit aufgestellten Asia-Händlern üblich; lokale Zufallsfunde ändern die Marktklasse nicht.	HUMAN_EXPLICIT	HUMAN_EXPLICIT	HUMAN_EXPLICIT	AI_BULK_ACCEPTED	AI_BULK_ACCEPTED	HUMAN_EXPLICIT	APPROVED_FINAL		AI_REVIEW_BASE|NOVELTY_REFERENCE_ANCHOR_HUMAN|AVAILABILITY_V2_ANCHOR_HUMAN	f8855121af336a7c13cd799cafede5f9b9420f28	AVAILABILITY_NOVELTY_V1_20260907
BARBECUE_SAUCE	Barbecuesauce	APPLICABLE	2	EASY	EASY	Barbecuesauce: gewöhnlicher lokaler Bezugsweg über den Bereich »Saucen-, Würzpasten- und Feinkostregal«.	Barbecuesauce: gewöhnlicher lokaler Bezugsweg über den Bereich »Barbecuesauce«.	AI_BULK_ACCEPTED	AI_BULK_ACCEPTED	AI_BULK_ACCEPTED	AI_BULK_ACCEPTED	AI_BULK_ACCEPTED	AI_BULK_ACCEPTED	APPROVED_FINAL		AI_REVIEW_BASE	f8855121af336a7c13cd799cafede5f9b9420f28	AVAILABILITY_NOVELTY_V1_20260907
BARLEY	Gerste	APPLICABLE	2	PLANNED	PLANNED	Gerste ist über eine geplante Fahrt zu einem großen Markt mit dem Sortiment »Reis-, Mehl-, Nudel- oder Trockenwarenregal« im allgemeinen deutschen Handel planbar, lokal aber kein verlässlicher Standardartikel.	Gerste: Die Beschaffung von „Gerste“ erfolgt in Rostock über gut sortierte Vollsortimenter und etablierte deutsche Bio- oder Trockenwarenhändler.	AI_BULK_ACCEPTED	AI_BULK_ACCEPTED	AI_BULK_ACCEPTED	AI_BULK_ACCEPTED	AI_BULK_ACCEPTED	AI_BULK_ACCEPTED	APPROVED_FINAL		AI_REVIEW_BASE	f8855121af336a7c13cd799cafede5f9b9420f28	AVAILABILITY_NOVELTY_V1_20260907
BASIL	Basilikum	APPLICABLE	1	EASY	EASY	Basilikum: gewöhnlicher lokaler Bezugsweg über den Bereich »frische Kräuterabteilung«.	Basilikum: Rostocker Bezugsweg über die Kräuterkühlung der Obst- und Gemüseabteilung eines gewöhnlichen großen Rostocker Supermarkts.	AI_BULK_ACCEPTED	AI_BULK_ACCEPTED	AI_BULK_ACCEPTED	AI_BULK_ACCEPTED	AI_BULK_ACCEPTED	AI_BULK_ACCEPTED	APPROVED_FINAL		AI_REVIEW_BASE	f8855121af336a7c13cd799cafede5f9b9420f28	AVAILABILITY_NOVELTY_V1_20260907
BASMATI_RICE	Basmatireis	APPLICABLE	1	EASY	EASY	Basmatireis: gewöhnlicher lokaler Bezugsweg über den Bereich »Reis-, Mehl-, Nudel- oder Trockenwarenregal«.	Basmatireis: Rostocker Bezugsweg über das Getreide-, Mehl-, Reis- oder Teigwarenregal eines gewöhnlichen großen Rostocker Supermarkts.	AI_BULK_ACCEPTED	AI_BULK_ACCEPTED	AI_BULK_ACCEPTED	AI_BULK_ACCEPTED	AI_BULK_ACCEPTED	AI_BULK_ACCEPTED	APPROVED_FINAL		AI_REVIEW_BASE	f8855121af336a7c13cd799cafede5f9b9420f28	AVAILABILITY_NOVELTY_V1_20260907
BAY_LEAF	Lorbeerblatt	APPLICABLE	1	EASY	EASY	Lorbeerblatt: gewöhnlicher lokaler Bezugsweg über den Bereich »Gewürzregal, ergänzend frische Kräuterabteilung«.	Lorbeerblatt: Rostocker Bezugsweg über das Gewürz- oder Backregal eines gewöhnlichen großen Rostocker Supermarkts.	AI_BULK_ACCEPTED	AI_BULK_ACCEPTED	AI_BULK_ACCEPTED	AI_BULK_ACCEPTED	AI_BULK_ACCEPTED	AI_BULK_ACCEPTED	APPROVED_FINAL		AI_REVIEW_BASE	f8855121af336a7c13cd799cafede5f9b9420f28	AVAILABILITY_NOVELTY_V1_20260907
BEANS	Bohnen	APPLICABLE	1	EASY	EASY	Bohnen: gewöhnlicher lokaler Bezugsweg über den Bereich »Hülsenfrucht-, Konserven- oder Trockenwarenregal«.	Bohnen: im Hülsenfrucht-, Trocken- und Konservenregal großer Rostocker Supermärkte sind trockene oder vorgegarte Bohnenkerne regulär geführt; frische grüne Schoten zählen ausdrücklich nicht.	AI_BULK_ACCEPTED	AI_BULK_ACCEPTED	AI_BULK_ACCEPTED	AI_BULK_ACCEPTED	AI_BULK_ACCEPTED	AI_BULK_ACCEPTED	APPROVED_FINAL		AI_REVIEW_BASE	f8855121af336a7c13cd799cafede5f9b9420f28	AVAILABILITY_NOVELTY_V1_20260907
BEAN_SPROUTS	Mungbohnensprossen	APPLICABLE	2	PLANNED	PLANNED	Mungbohnensprossen ist über eine gezielte Filial- oder Bestellprüfung für Gemüse oder Pilz im allgemeinen deutschen Handel planbar, lokal aber kein verlässlicher Standardartikel.	Mungbohnensprossen: Rostocker Bezugsweg über gut sortierte Vollsortimenter und etablierte deutsche Gemüse- oder Frischehändler.	AI_BULK_ACCEPTED	AI_BULK_ACCEPTED	AI_BULK_ACCEPTED	AI_BULK_ACCEPTED	AI_BULK_ACCEPTED	AI_BULK_ACCEPTED	APPROVED_FINAL		AI_REVIEW_BASE	f8855121af336a7c13cd799cafede5f9b9420f28	AVAILABILITY_NOVELTY_V1_20260907
BEEF	Rindfleisch	APPLICABLE	1	EASY	EASY	Rindfleisch: gewöhnlicher lokaler Bezugsweg über den Bereich »Fleischkühlung oder Bedientheke«.	Rindfleisch: Rostocker Bezugsweg über die Fleischkühlung oder Bedientheke eines gewöhnlichen großen Rostocker Supermarkts.	AI_BULK_ACCEPTED	AI_BULK_ACCEPTED	AI_BULK_ACCEPTED	AI_BULK_ACCEPTED	AI_BULK_ACCEPTED	AI_BULK_ACCEPTED	APPROVED_FINAL		AI_REVIEW_BASE	f8855121af336a7c13cd799cafede5f9b9420f28	AVAILABILITY_NOVELTY_V1_20260907
BEEF_BRISKET	Rinderbrust	APPLICABLE	2	PLANNED	PLANNED	Rinderbrust: Der konkrete Bezug erfolgt für das Bornheim-Profil über „Fleischkühlung oder Bedientheke nach vorheriger Händlerprüfung“.	Rinderbrust: Rostocker Bezugsweg über Vorbestellung an einer gut sortierten Fleischtheke oder etablierter deutscher Metzgereiversand.	AI_BULK_ACCEPTED	AI_BULK_ACCEPTED	AI_BULK_ACCEPTED	AI_BULK_ACCEPTED	AI_BULK_ACCEPTED	AI_BULK_ACCEPTED	APPROVED_FINAL		AI_REVIEW_BASE	f8855121af336a7c13cd799cafede5f9b9420f28	AVAILABILITY_NOVELTY_V1_20260907
BEEF_CHEEK	Rinderbäckchen	APPLICABLE	2	PLANNED	PLANNED	Rinderbäckchen ist über eine gezielte Bestellung oder Sortimentsprüfung bei MeinMetzger – Irische Ochsenbäckchen / Rinderbäckchen im allgemeinen deutschen Handel planbar, lokal aber kein verlässlicher Standardartikel.	Rinderbäckchen: Rostocker Bezugsweg über MeinMetzger – Irische Ochsenbäckchen / Rinderbäckchen; dokumentiert sind beim Abruf verfügbaren Bestand und Kühlversand.	AI_BULK_ACCEPTED	AI_BULK_ACCEPTED	AI_BULK_ACCEPTED	AI_BULK_ACCEPTED	AI_BULK_ACCEPTED	AI_BULK_ACCEPTED	APPROVED_FINAL		AI_REVIEW_BASE	f8855121af336a7c13cd799cafede5f9b9420f28	AVAILABILITY_NOVELTY_V1_20260907
BEEF_GOULASH	Rindergulasch	APPLICABLE	1	EASY	EASY	Rindergulasch: gewöhnlicher lokaler Bezugsweg über den Bereich »Fleischkühlung oder Bedientheke«.	Rindergulasch: gewöhnlicher lokaler Bezugsweg über den Bereich »Rindergulasch«.	AI_BULK_ACCEPTED	AI_BULK_ACCEPTED	AI_BULK_ACCEPTED	AI_BULK_ACCEPTED	AI_BULK_ACCEPTED	AI_BULK_ACCEPTED	APPROVED_FINAL		AI_REVIEW_BASE	f8855121af336a7c13cd799cafede5f9b9420f28	AVAILABILITY_NOVELTY_V1_20260907
BEEF_HEART	Rinderherz	APPLICABLE	3	PLANNED	PLANNED	Rinderherz ist über eine gezielte Bestellung oder Sortimentsprüfung bei MeinMetzger – Rinderherz, kaum Kranzfett im allgemeinen deutschen Handel planbar, lokal aber kein verlässlicher Standardartikel.	Rinderherz: Rostocker Bezugsweg über MeinMetzger – Rinderherz, kaum Kranzfett; dokumentiert sind beim Abruf verfügbaren Bestand und Kühlversand.	AI_BULK_ACCEPTED	AI_BULK_ACCEPTED	AI_BULK_ACCEPTED	AI_BULK_ACCEPTED	AI_BULK_ACCEPTED	AI_BULK_ACCEPTED	APPROVED_FINAL		AI_REVIEW_BASE	f8855121af336a7c13cd799cafede5f9b9420f28	AVAILABILITY_NOVELTY_V1_20260907
BEEF_LIVER	Rinderleber	APPLICABLE	2	PLANNED	PLANNED	Rinderleber ist über eine gezielte Bestellung oder Sortimentsprüfung bei MeinMetzger – Rinderleber in Scheiben im allgemeinen deutschen Handel planbar, lokal aber kein verlässlicher Standardartikel.	Rinderleber: Rostocker Bezugsweg über MeinMetzger – Rinderleber in Scheiben; dokumentiert sind beim Abruf verfügbaren Bestand und Kühlversand.	HUMAN_EXPLICIT	HUMAN_EXPLICIT	HUMAN_EXPLICIT	HUMAN_EXPLICIT	HUMAN_EXPLICIT	HUMAN_EXPLICIT	APPROVED_FINAL		AI_REVIEW_BASE|HUMAN_CHARGE_6	f8855121af336a7c13cd799cafede5f9b9420f28	AVAILABILITY_NOVELTY_V1_20260907
BEEF_MINCE	Rinderhack	APPLICABLE	1	EASY	EASY	Rinderhack: gewöhnlicher lokaler Bezugsweg über den Bereich »Fleischkühlung oder Bedientheke«.	Rinderhack: gewöhnlicher lokaler Bezugsweg über den Bereich »Rinderhack«.	AI_BULK_ACCEPTED	AI_BULK_ACCEPTED	AI_BULK_ACCEPTED	AI_BULK_ACCEPTED	AI_BULK_ACCEPTED	AI_BULK_ACCEPTED	APPROVED_FINAL		AI_REVIEW_BASE	f8855121af336a7c13cd799cafede5f9b9420f28	AVAILABILITY_NOVELTY_V1_20260907
BEEF_ROAST	Rinderbraten	APPLICABLE	1	EASY	EASY	Rinderbraten: gewöhnlicher lokaler Bezugsweg über den Bereich »Fleischkühlung oder Bedientheke«.	Rinderbraten: gewöhnlicher lokaler Bezugsweg über den Bereich »Rinderbraten«.	AI_BULK_ACCEPTED	AI_BULK_ACCEPTED	AI_BULK_ACCEPTED	AI_BULK_ACCEPTED	AI_BULK_ACCEPTED	AI_BULK_ACCEPTED	APPROVED_FINAL		AI_REVIEW_BASE	f8855121af336a7c13cd799cafede5f9b9420f28	AVAILABILITY_NOVELTY_V1_20260907
BEEF_ROULADE	Rinderroulade	APPLICABLE	2	EASY	EASY	Rinderroulade: gewöhnlicher lokaler Bezugsweg über den Bereich »Fleischkühlung oder Bedientheke«.	Rinderroulade: gewöhnlicher lokaler Bezugsweg über den Bereich »Rinderroulade«.	AI_BULK_ACCEPTED	AI_BULK_ACCEPTED	AI_BULK_ACCEPTED	AI_BULK_ACCEPTED	AI_BULK_ACCEPTED	AI_BULK_ACCEPTED	APPROVED_FINAL		AI_REVIEW_BASE	f8855121af336a7c13cd799cafede5f9b9420f28	AVAILABILITY_NOVELTY_V1_20260907
BEEF_RUMP	Rinderhüfte	APPLICABLE	1	PLANNED	PLANNED	Rinderhüfte ist über einen vorbereiteten Einkauf im gut sortierten Bereich »Fleischkühlung oder Bedientheke« im allgemeinen deutschen Handel planbar, lokal aber kein verlässlicher Standardartikel.	Rinderhüfte: Rostocker Bezugsweg über Vorbestellung an einer gut sortierten Fleischtheke oder etablierter deutscher Metzgereiversand.	AI_BULK_ACCEPTED	AI_BULK_ACCEPTED	AI_BULK_ACCEPTED	AI_BULK_ACCEPTED	AI_BULK_ACCEPTED	AI_BULK_ACCEPTED	APPROVED_FINAL		AI_REVIEW_BASE	f8855121af336a7c13cd799cafede5f9b9420f28	AVAILABILITY_NOVELTY_V1_20260907
BEEF_SHIN	Rinderbeinscheibe	APPLICABLE	2	PLANNED	PLANNED	Rinderbeinscheibe ist über eine gezielte Bestellung oder Sortimentsprüfung bei MeinMetzger – Beinscheibe vom Rind im allgemeinen deutschen Handel planbar, lokal aber kein verlässlicher Standardartikel.	Rinderbeinscheibe: Rostocker Bezugsweg über MeinMetzger – Beinscheibe vom Rind; dokumentiert sind beim Abruf verfügbaren Bestand und Kühlversand.	HUMAN_EXPLICIT	HUMAN_EXPLICIT	HUMAN_EXPLICIT	HUMAN_EXPLICIT	HUMAN_EXPLICIT	HUMAN_EXPLICIT	APPROVED_FINAL		AI_REVIEW_BASE|HUMAN_CHARGE_4	f8855121af336a7c13cd799cafede5f9b9420f28	AVAILABILITY_NOVELTY_V1_20260907
BEEF_SHORT_RIBS	Rinderrippen	APPLICABLE	2	PLANNED	PLANNED	Rinderrippen: Die REWE-Produktseite führt gekühlte Short Ribs aus der Servicetheke; Georgia prüft den konkreten Bornheimer Standortbestand für die fleischigen Rinderrippen vor dem geplanten Einkauf.	Rinderrippen: REWE listet Short Ribs ausdrücklich als gekühlten Artikel der Fleisch-Servicetheke; Tobias kann den Rostocker Standortbestand dieses konkreten Rindercuts vorab prüfen.	AI_BULK_ACCEPTED	AI_BULK_ACCEPTED	AI_BULK_ACCEPTED	AI_BULK_ACCEPTED	AI_BULK_ACCEPTED	AI_BULK_ACCEPTED	APPROVED_FINAL		AI_REVIEW_BASE	f8855121af336a7c13cd799cafede5f9b9420f28	AVAILABILITY_NOVELTY_V1_20260907
BEEF_STEAK	Rindersteak	APPLICABLE	1	EASY	EASY	Rindersteak: gewöhnlicher lokaler Bezugsweg über den Bereich »Fleischkühlung oder Bedientheke«.	Rindersteak: gewöhnlicher lokaler Bezugsweg über den Bereich »Rindersteak«.	AI_BULK_ACCEPTED	AI_BULK_ACCEPTED	AI_BULK_ACCEPTED	AI_BULK_ACCEPTED	AI_BULK_ACCEPTED	AI_BULK_ACCEPTED	APPROVED_FINAL		AI_REVIEW_BASE	f8855121af336a7c13cd799cafede5f9b9420f28	AVAILABILITY_NOVELTY_V1_20260907
BEEF_STOCK	Rinderfond	APPLICABLE	1	PLANNED	PLANNED	Rinderfond ist über eine gezielte Filial- oder Bestellprüfung für Brühe oder Fond im allgemeinen deutschen Handel planbar, lokal aber kein verlässlicher Standardartikel.	Rinderfond: Rostocker Bezugsweg über gut sortierte Vollsortimenter und etablierte deutsche Fonds- oder Feinkosthändler.	AI_BULK_ACCEPTED	AI_BULK_ACCEPTED	AI_BULK_ACCEPTED	AI_BULK_ACCEPTED	AI_BULK_ACCEPTED	AI_BULK_ACCEPTED	APPROVED_FINAL		AI_REVIEW_BASE	f8855121af336a7c13cd799cafede5f9b9420f28	AVAILABILITY_NOVELTY_V1_20260907
BEEF_TENDERLOIN	Rinderfilet	APPLICABLE	1	PLANNED	PLANNED	Rinderfilet ist über eine gezielte Filial- oder Bestellprüfung für Fleisch im allgemeinen deutschen Handel planbar, lokal aber kein verlässlicher Standardartikel.	Rinderfilet: Die Beschaffung von „Rinderfilet“ erfolgt in Rostock über Vorbestellung an einer gut sortierten Fleischtheke oder etablierter deutscher Metzgereiversand.	AI_BULK_ACCEPTED	AI_BULK_ACCEPTED	AI_BULK_ACCEPTED	AI_BULK_ACCEPTED	AI_BULK_ACCEPTED	AI_BULK_ACCEPTED	APPROVED_FINAL		AI_REVIEW_BASE	f8855121af336a7c13cd799cafede5f9b9420f28	AVAILABILITY_NOVELTY_V1_20260907
BEEF_TONGUE	Rinderzunge	APPLICABLE	3	SPECIALTY	SPECIALTY	Rinderzunge ist über spezialisierte Metzgerei- und Innereienwege erhältlich; ein breiter allgemeiner Fleischthekenweg für die exakte Form ist nicht robust belegt.	Rinderzunge ist über spezialisierte Metzgerei- und Innereienwege erhältlich; ein breiter allgemeiner Fleischthekenweg für die exakte Form ist nicht robust belegt.	HUMAN_EXPLICIT	HUMAN_EXPLICIT	HUMAN_EXPLICIT	HUMAN_EXPLICIT	HUMAN_EXPLICIT	HUMAN_EXPLICIT	APPROVED_FINAL		AI_REVIEW_BASE|HUMAN_CHARGE_4	f8855121af336a7c13cd799cafede5f9b9420f28	AVAILABILITY_NOVELTY_V1_20260907
BEER	Bier	APPLICABLE	4	EASY	EASY	Bier gehört zum breiten allgemeinen Supermarkt- und Discounterstandard; die Stilwahl ändert die spontane Beschaffbarkeit nicht.	Bier gehört zum breiten allgemeinen Supermarkt- und Discounterstandard; die Stilwahl ändert die spontane Beschaffbarkeit nicht.	HUMAN_EXPLICIT	HUMAN_EXPLICIT	HUMAN_EXPLICIT	AI_BULK_ACCEPTED	AI_BULK_ACCEPTED	HUMAN_EXPLICIT	APPROVED_FINAL		AI_REVIEW_BASE|NOVELTY_REFERENCE_ANCHOR_HUMAN|AVAILABILITY_V2_ANCHOR_HUMAN	f8855121af336a7c13cd799cafede5f9b9420f28	AVAILABILITY_NOVELTY_V1_20260907
BEETROOT	Rote Bete	APPLICABLE	1	EASY	EASY	Rote Bete: gewöhnlicher lokaler Bezugsweg über den Bereich »Obst- und Gemüseabteilung«.	Rote Bete: gewöhnlicher lokaler Bezugsweg über den Bereich »Rote Bete«.	AI_BULK_ACCEPTED	AI_BULK_ACCEPTED	AI_BULK_ACCEPTED	AI_BULK_ACCEPTED	AI_BULK_ACCEPTED	AI_BULK_ACCEPTED	APPROVED_FINAL		AI_REVIEW_BASE	f8855121af336a7c13cd799cafede5f9b9420f28	AVAILABILITY_NOVELTY_V1_20260907
BELACAN	Belacan	APPLICABLE	3	DIFFICULT	DIFFICULT	Belacan: Asia Foodstore zeigt niedrigen Bestand, Yoaxia keine verlässliche Bestandslage; beide hängen am selben Jeeny's-Importumfeld. Für Georgia in Bornheim entsteht daraus kein breiter Spezialmarkt.	Belacan: Tobias kann in Rostock nur zwei Versandseiten für feste Belacanblöcke ansetzen; eine ist knapp bevorratet, die andere ohne belastbaren Bestand, und beide folgen demselben Jeeny's-Importkanal. Marktbreite entsteht daraus nicht.	AI_BULK_ACCEPTED	AI_BULK_ACCEPTED	AI_BULK_ACCEPTED	AI_BULK_ACCEPTED	AI_BULK_ACCEPTED	AI_BULK_ACCEPTED	APPROVED_FINAL		AI_REVIEW_BASE	f8855121af336a7c13cd799cafede5f9b9420f28	AVAILABILITY_NOVELTY_V1_20260907
BELL_PEPPER	Paprika	APPLICABLE	1	EASY	EASY	Paprika: gewöhnlicher lokaler Bezugsweg über den Bereich »Obst- und Gemüseabteilung«.	Paprika: gewöhnlicher lokaler Bezugsweg über den Bereich »Paprika«.	AI_BULK_ACCEPTED	AI_BULK_ACCEPTED	AI_BULK_ACCEPTED	AI_BULK_ACCEPTED	AI_BULK_ACCEPTED	AI_BULK_ACCEPTED	APPROVED_FINAL		AI_REVIEW_BASE	f8855121af336a7c13cd799cafede5f9b9420f28	AVAILABILITY_NOVELTY_V1_20260907
BELUGA_LENTILS	Belugalinsen	APPLICABLE	2	PLANNED	PLANNED	Belugalinsen ist über einen vorbereiteten Einkauf im gut sortierten Bereich »Hülsenfrucht-, Konserven- oder Trockenwarenregal« im allgemeinen deutschen Handel planbar, lokal aber kein verlässlicher Standardartikel.	Belugalinsen: Beim Einkauf von „Belugalinsen“ nutzt Tobias gut sortierte Vollsortimenter und etablierte deutsche Bio- oder Trockenwarenhändler.	AI_BULK_ACCEPTED	AI_BULK_ACCEPTED	AI_BULK_ACCEPTED	AI_BULK_ACCEPTED	AI_BULK_ACCEPTED	AI_BULK_ACCEPTED	APPROVED_FINAL		AI_REVIEW_BASE	f8855121af336a7c13cd799cafede5f9b9420f28	AVAILABILITY_NOVELTY_V1_20260907
BERBERE	Berbere	APPLICABLE	3	PLANNED	PLANNED	Berbere: Bremer Gewürzhandel und Pfeffersack & Soehne führen Berbere unabhängig voneinander als trockene gemahlene Gewürzmischung mit gewöhnlichem Deutschlandversand.	Berbere: Für Tobias in Rostock stehen mit Bremer Gewürzhandel und Pfeffersack & Soehne zwei unabhängige deutsche Gewürzversender für trockene Berbere-Mischung bereit. Standardpaket und haltbare Form machen den Einkauf planbar, nicht importabhängig.	AI_BULK_ACCEPTED	AI_BULK_ACCEPTED	AI_BULK_ACCEPTED	AI_BULK_ACCEPTED	AI_BULK_ACCEPTED	AI_BULK_ACCEPTED	APPROVED_FINAL		AI_REVIEW_BASE	f8855121af336a7c13cd799cafede5f9b9420f28	AVAILABILITY_NOVELTY_V1_20260907
BERRIES	Beeren	APPLICABLE	1	EASY	EASY	Beeren: gewöhnlicher lokaler Bezugsweg über den Bereich »Obst- und Gemüseabteilung«.	Beeren: Rostocker Bezugsweg über den Obst- oder Tiefkühlobstbereich eines gewöhnlichen großen Rostocker Supermarkts.	AI_BULK_ACCEPTED	AI_BULK_ACCEPTED	AI_BULK_ACCEPTED	AI_BULK_ACCEPTED	AI_BULK_ACCEPTED	AI_BULK_ACCEPTED	APPROVED_FINAL		AI_REVIEW_BASE	f8855121af336a7c13cd799cafede5f9b9420f28	AVAILABILITY_NOVELTY_V1_20260907
BIRDS_EYE_CHILI	Bird’s-Eye-Chili	APPLICABLE	2	SPECIALTY	SPECIALTY	Bird’s-Eye-Chili: Frische exakte Schoten sind typischer Spezialmarktartikel; Rostocker Asia-Läden sind keine EASY-Alltagsroute ein breiter Asia-Marktweg ist aber grundsätzlich plausibel.	Bird’s-Eye-Chili: Frische exakte Schoten sind typischer Spezialmarktartikel; Rostocker Asia-Läden sind keine EASY-Alltagsroute ein breiter Asia-Marktweg ist aber grundsätzlich plausibel.	AI_BULK_ACCEPTED	HUMAN_EXPLICIT	HUMAN_EXPLICIT	AI_BULK_ACCEPTED	AI_BULK_ACCEPTED	MIXED	APPROVED_FINAL		AI_REVIEW_BASE|AVAILABILITY_V2_ANCHOR_HUMAN	f8855121af336a7c13cd799cafede5f9b9420f28	AVAILABILITY_NOVELTY_V1_20260907
BITTER_MELON	Bittermelone	APPLICABLE	3	SPECIALTY	SPECIALTY	Bittermelone ist im einschlägigen Spezialmarkt breit etabliert; dokumentierte reguläre Wege sind die voneinander unabhängigen Händler Asia Moin – Bitter Melone sowie Asia4Friends – Gemüse.	Bittermelone: Rostocker Bezugsweg über Asia Moin – Bitter Melone und Asia4Friends – Gemüse; dokumentiert sind eine vor dem Einkauf erneut zu prüfende Verfügbarkeit und Frischeversand sowie Tiefkühlversand.	AI_BULK_ACCEPTED	AI_BULK_ACCEPTED	AI_BULK_ACCEPTED	AI_BULK_ACCEPTED	AI_BULK_ACCEPTED	AI_BULK_ACCEPTED	APPROVED_FINAL		AI_REVIEW_BASE	f8855121af336a7c13cd799cafede5f9b9420f28	AVAILABILITY_NOVELTY_V1_20260907
BIVALVES	Muscheln	APPLICABLE	2	PLANNED	PLANNED	Muscheln ist über eine gezielte Bestellung oder Sortimentsprüfung bei Deutsche See – Miesmuscheln im allgemeinen deutschen Handel planbar, lokal aber kein verlässlicher Standardartikel.	Muscheln: Rostocker Bezugsweg über Deutsche See – Miesmuscheln; dokumentiert sind beim Abruf verfügbaren Bestand und Kühlversand.	AI_BULK_ACCEPTED	AI_BULK_ACCEPTED	AI_BULK_ACCEPTED	AI_BULK_ACCEPTED	AI_BULK_ACCEPTED	AI_BULK_ACCEPTED	APPROVED_FINAL		AI_REVIEW_BASE	f8855121af336a7c13cd799cafede5f9b9420f28	AVAILABILITY_NOVELTY_V1_20260907
BLACKBERRY	Brombeere	APPLICABLE	2	EASY	EASY	Brombeere: gewöhnlicher lokaler Bezugsweg über den Bereich »Obst- und Gemüseabteilung«.	Brombeere: gewöhnlicher lokaler Bezugsweg über den Bereich »Brombeere«.	AI_BULK_ACCEPTED	AI_BULK_ACCEPTED	AI_BULK_ACCEPTED	AI_BULK_ACCEPTED	AI_BULK_ACCEPTED	AI_BULK_ACCEPTED	APPROVED_FINAL		AI_REVIEW_BASE	f8855121af336a7c13cd799cafede5f9b9420f28	AVAILABILITY_NOVELTY_V1_20260907
BLACK_BEANS	schwarze Bohnen	APPLICABLE	2	PLANNED	PLANNED	schwarze Bohnen: Als überprüfbarer Marktweg dient Georgia „Hülsenfrucht-, Konserven- oder Trockenwarenregal nach formgenauer Sortimentsprüfung“.	schwarze Bohnen: Für „schwarze Bohnen“ wird das Angebot über gut sortierte Vollsortimenter und etablierte deutsche Bio- oder Trockenwarenhändler kontrolliert.	AI_BULK_ACCEPTED	AI_BULK_ACCEPTED	AI_BULK_ACCEPTED	AI_BULK_ACCEPTED	AI_BULK_ACCEPTED	AI_BULK_ACCEPTED	APPROVED_FINAL		AI_REVIEW_BASE	f8855121af336a7c13cd799cafede5f9b9420f28	AVAILABILITY_NOVELTY_V1_20260907
BLACK_CARDAMOM	schwarzer Kardamom oder Thảo quả	APPLICABLE	3	SPECIALTY	SPECIALTY	schwarzer Kardamom oder Thảo quả ist im einschlägigen Spezialmarkt breit etabliert; dokumentierte reguläre Wege sind die voneinander unabhängigen Händler Asia4Friends – Gewürze sowie AsianBrand – Gewürzsortiment.	schwarzer Kardamom oder Thảo quả: Rostocker Bezugsweg über Asia4Friends – Gewürze und AsianBrand – Gewürzsortiment; dokumentiert sind eine vor dem Einkauf erneut zu prüfende Verfügbarkeit und Standardversand.	AI_BULK_ACCEPTED	AI_BULK_ACCEPTED	AI_BULK_ACCEPTED	AI_BULK_ACCEPTED	AI_BULK_ACCEPTED	AI_BULK_ACCEPTED	APPROVED_FINAL		AI_REVIEW_BASE	f8855121af336a7c13cd799cafede5f9b9420f28	AVAILABILITY_NOVELTY_V1_20260907
BLACK_CURRANT	schwarze Johannisbeere	APPLICABLE	2	PLANNED	PLANNED	schwarze Johannisbeere: Frostix bietet schwarze Johannisbeeren als ungesüßte 300-g-Monofrucht mit Warenkorb und garantierter Tiefkühllieferung an.	schwarze Johannisbeere: Frostix bietet schwarze Johannisbeeren als ungesüßte 300-g-Monofrucht mit Warenkorb und garantierter Tiefkühllieferung an.	AI_BULK_ACCEPTED	AI_BULK_ACCEPTED	AI_BULK_ACCEPTED	AI_BULK_ACCEPTED	AI_BULK_ACCEPTED	AI_BULK_ACCEPTED	APPROVED_FINAL		AI_REVIEW_BASE	f8855121af336a7c13cd799cafede5f9b9420f28	AVAILABILITY_NOVELTY_V1_20260907
BLACK_EYED_PEAS	Augenbohnen	APPLICABLE	2	PLANNED	PLANNED	Augenbohnen ist über eine konkrete Vorbestellung oder Bestandsabfrage für Hülsenfrucht im allgemeinen deutschen Handel planbar, lokal aber kein verlässlicher Standardartikel.	Augenbohnen: Der konkrete Bezug von „Augenbohnen“ läuft über gut sortierte Vollsortimenter und etablierte deutsche Bio- oder Trockenwarenhändler.	AI_BULK_ACCEPTED	AI_BULK_ACCEPTED	AI_BULK_ACCEPTED	AI_BULK_ACCEPTED	AI_BULK_ACCEPTED	AI_BULK_ACCEPTED	APPROVED_FINAL		AI_REVIEW_BASE	f8855121af336a7c13cd799cafede5f9b9420f28	AVAILABILITY_NOVELTY_V1_20260907
BLACK_GARLIC	schwarzer Knoblauch	APPLICABLE	3	PLANNED	PLANNED	schwarzer Knoblauch ist über eine geplante Fahrt zu einem großen Markt mit dem Sortiment »Obst- und Gemüseabteilung« im allgemeinen deutschen Handel planbar, lokal aber kein verlässlicher Standardartikel.	schwarzer Knoblauch: Die Beschaffung von „schwarzer Knoblauch“ erfolgt in Rostock über gut sortierte Vollsortimenter und etablierte deutsche Gemüse- oder Frischehändler.	AI_BULK_ACCEPTED	AI_BULK_ACCEPTED	AI_BULK_ACCEPTED	AI_BULK_ACCEPTED	AI_BULK_ACCEPTED	AI_BULK_ACCEPTED	APPROVED_FINAL		AI_REVIEW_BASE	f8855121af336a7c13cd799cafede5f9b9420f28	AVAILABILITY_NOVELTY_V1_20260907
BLACK_PEPPER	schwarzer Pfeffer	APPLICABLE	1	EASY	EASY	schwarzer Pfeffer: gewöhnlicher lokaler Bezugsweg über den Bereich »Gewürz- und Trockenwürzregal«.	Schwarzer Pfeffer: das Gewürzregal gewöhnlicher großer Rostocker Supermärkte führt getrocknete schwarze Pfefferkörner sowohl ganz als auch gemahlen.	AI_BULK_ACCEPTED	AI_BULK_ACCEPTED	AI_BULK_ACCEPTED	AI_BULK_ACCEPTED	AI_BULK_ACCEPTED	AI_BULK_ACCEPTED	APPROVED_FINAL		AI_REVIEW_BASE	f8855121af336a7c13cd799cafede5f9b9420f28	AVAILABILITY_NOVELTY_V1_20260907
BLACK_TEA	schwarzer Tee	APPLICABLE	4	EASY	EASY	schwarzer Tee: gewöhnlicher lokaler Bezugsweg über den Bereich »Tee- und Aufgussregal«.	Schwarzer Tee: Das Kaffee- und Teeregal gewöhnlicher großer Rostocker Supermärkte führt vollständig oxidierten Tee in mehreren Sorten und Blattgraden regulär.	HUMAN_EXPLICIT	HUMAN_EXPLICIT	HUMAN_EXPLICIT	HUMAN_EXPLICIT	HUMAN_EXPLICIT	HUMAN_EXPLICIT	APPROVED_FINAL		AI_REVIEW_BASE|HUMAN_CHARGE_6	f8855121af336a7c13cd799cafede5f9b9420f28	AVAILABILITY_NOVELTY_V1_20260907
BLACK_VINEGAR	chinesischer schwarzer Essig	APPLICABLE	3	SPECIALTY	SPECIALTY	chinesischer schwarzer Essig: Breit im chinesisch-asiatischen Spezialmarkt etabliert; mehrere Marken und unabhängige Händler sind üblich.	chinesischer schwarzer Essig: Breit im chinesisch-asiatischen Spezialmarkt etabliert; mehrere Marken und unabhängige Händler sind üblich.	HUMAN_EXPLICIT	HUMAN_EXPLICIT	HUMAN_EXPLICIT	HUMAN_EXPLICIT	HUMAN_EXPLICIT	HUMAN_EXPLICIT	APPROVED_FINAL		AI_REVIEW_BASE|AVAILABILITY_V2_ANCHOR_HUMAN|HUMAN_CHARGE_3	f8855121af336a7c13cd799cafede5f9b9420f28	AVAILABILITY_NOVELTY_V1_20260907
BLOOD_ORANGE	Blutorange	APPLICABLE	2	PLANNED	PLANNED	Blutorange ist über ein vorab zu prüfendes Sortiment im Bereich »Obst- und Gemüseabteilung« eines großen Bornheimer Markts im allgemeinen deutschen Handel planbar, lokal aber kein verlässlicher Standardartikel.	Blutorange: Rostocker Bezugsweg über gut sortierte Vollsortimenter und etablierte deutsche Frucht- oder Frischehändler.	AI_BULK_ACCEPTED	AI_BULK_ACCEPTED	AI_BULK_ACCEPTED	AI_BULK_ACCEPTED	AI_BULK_ACCEPTED	AI_BULK_ACCEPTED	APPROVED_FINAL		AI_REVIEW_BASE	f8855121af336a7c13cd799cafede5f9b9420f28	AVAILABILITY_NOVELTY_V1_20260907
BLOOD_SAUSAGE	Blutwurst	APPLICABLE	3	EASY	EASY	Blutwurst: Die konkrete REWE-Seite für abgepackte Hausmacher-Blutwurst ergänzt die bereits belegten gewöhnlichen Wurstwege; Blut bleibt prägender Bestandteil.	Blutwurst: Die konkrete REWE-Seite für abgepackte Hausmacher-Blutwurst ergänzt die bereits belegten gewöhnlichen Wurstwege; Blut bleibt prägender Bestandteil. für eine Rostocker Filiale ist vorab eine Bestandsprüfung nötig.	AI_BULK_ACCEPTED	AI_BULK_ACCEPTED	AI_BULK_ACCEPTED	AI_BULK_ACCEPTED	AI_BULK_ACCEPTED	AI_BULK_ACCEPTED	APPROVED_FINAL		AI_REVIEW_BASE	f8855121af336a7c13cd799cafede5f9b9420f28	AVAILABILITY_NOVELTY_V1_20260907
BLUEBERRY	Heidelbeere	APPLICABLE	2	EASY	EASY	Heidelbeere: gewöhnlicher lokaler Bezugsweg über den Bereich »Obst- und Gemüseabteilung«.	Heidelbeere: gewöhnlicher lokaler Bezugsweg über den Bereich »Heidelbeere«.	AI_BULK_ACCEPTED	AI_BULK_ACCEPTED	AI_BULK_ACCEPTED	AI_BULK_ACCEPTED	AI_BULK_ACCEPTED	AI_BULK_ACCEPTED	APPROVED_FINAL		AI_REVIEW_BASE	f8855121af336a7c13cd799cafede5f9b9420f28	AVAILABILITY_NOVELTY_V1_20260907
BLUE_CHEESE	Blauschimmelkäse	APPLICABLE	2	EASY	EASY	Blauschimmelkäse: gewöhnlicher lokaler Bezugsweg über den Bereich »Käsekühlung oder Käsetheke«.	Blauschimmelkäse: Rostocker Bezugsweg über die Käsekühlung oder Käsetheke eines gewöhnlichen großen Rostocker Supermarkts.	AI_BULK_ACCEPTED	AI_BULK_ACCEPTED	AI_BULK_ACCEPTED	AI_BULK_ACCEPTED	AI_BULK_ACCEPTED	AI_BULK_ACCEPTED	APPROVED_FINAL		AI_REVIEW_BASE	f8855121af336a7c13cd799cafede5f9b9420f28	AVAILABILITY_NOVELTY_V1_20260907
BOMBA_RICE	Bomba-Reis	APPLICABLE	2	SPECIALTY	SPECIALTY	Bomba-Reis: Reguläres Produkt vieler spanischer und mediterraner Spezialhändler aber nicht breit genug für allgemeinen PLANNED-Handel.	Bomba-Reis: Reguläres Produkt vieler spanischer und mediterraner Spezialhändler aber nicht breit genug für allgemeinen PLANNED-Handel.	AI_BULK_ACCEPTED	HUMAN_EXPLICIT	HUMAN_EXPLICIT	AI_BULK_ACCEPTED	AI_BULK_ACCEPTED	MIXED	APPROVED_FINAL		AI_REVIEW_BASE|AVAILABILITY_V2_ANCHOR_HUMAN	f8855121af336a7c13cd799cafede5f9b9420f28	AVAILABILITY_NOVELTY_V1_20260907
BONE_MARROW	Knochenmark	APPLICABLE	3	PLANNED	PLANNED	Knochenmark: MeinMetzger bietet auf der konkreten Produktseite gesägte Rinder-Markknochen mit Preis und Warenkorb an; der Premium-Frischeversand macht die Form für Georgia nach Bornheim planbar.	Knochenmark: Rostocker Bezugsweg über MeinMetzger – Markknochen; dokumentiert sind beim Abruf verfügbaren Bestand und Kühlversand.	HUMAN_EXPLICIT	HUMAN_EXPLICIT	HUMAN_EXPLICIT	HUMAN_EXPLICIT	HUMAN_EXPLICIT	HUMAN_EXPLICIT	APPROVED_FINAL		AI_REVIEW_BASE|HUMAN_CHARGE_4	f8855121af336a7c13cd799cafede5f9b9420f28	AVAILABILITY_NOVELTY_V1_20260907
BONITO_FLAKES	Bonitoflocken	APPLICABLE	2	SPECIALTY	SPECIALTY	Bonitoflocken: Reguläres Produkt vieler japanisch-asiatischer Spezialhändler jedoch kein allgemeiner deutscher Handelsstandard.	Bonitoflocken: Reguläres Produkt vieler japanisch-asiatischer Spezialhändler jedoch kein allgemeiner deutscher Handelsstandard.	HUMAN_EXPLICIT	HUMAN_EXPLICIT	HUMAN_EXPLICIT	HUMAN_EXPLICIT	HUMAN_EXPLICIT	HUMAN_EXPLICIT	APPROVED_FINAL		AI_REVIEW_BASE|AVAILABILITY_V2_ANCHOR_HUMAN|HUMAN_CHARGE_3	f8855121af336a7c13cd799cafede5f9b9420f28	AVAILABILITY_NOVELTY_V1_20260907
BRANDY	Brandy oder Weinbrand	APPLICABLE	3	EASY	EASY	Brandy oder Weinbrand: gewöhnlicher lokaler Bezugsweg über den Bereich »Getränke-, Wein- oder Spirituosenregal«.	Brandy oder Weinbrand: Rostocker Bezugsweg über das Spirituosen- oder Weinregal eines gewöhnlichen großen Rostocker Supermarkts.	AI_BULK_ACCEPTED	AI_BULK_ACCEPTED	AI_BULK_ACCEPTED	AI_BULK_ACCEPTED	AI_BULK_ACCEPTED	AI_BULK_ACCEPTED	APPROVED_FINAL		AI_REVIEW_BASE	f8855121af336a7c13cd799cafede5f9b9420f28	AVAILABILITY_NOVELTY_V1_20260907
BRATWURST	Bratwurst	APPLICABLE	2	EASY	EASY	Bratwurst: gewöhnlicher lokaler Bezugsweg über den Bereich »Wurstkühlung oder Bedientheke«.	Bratwurst: gewöhnlicher lokaler Bezugsweg über den Bereich »Bratwurst«.	AI_BULK_ACCEPTED	AI_BULK_ACCEPTED	AI_BULK_ACCEPTED	AI_BULK_ACCEPTED	AI_BULK_ACCEPTED	AI_BULK_ACCEPTED	APPROVED_FINAL		AI_REVIEW_BASE	f8855121af336a7c13cd799cafede5f9b9420f28	AVAILABILITY_NOVELTY_V1_20260907
BRAZIL_NUT	Paranüsse	APPLICABLE	2	EASY	EASY	Paranüsse: gewöhnlicher lokaler Bezugsweg über den Bereich »Nuss-, Saaten- oder Nussmusregal«.	Paranüsse: Rostocker Bezugsweg über das Nuss-, Saaten-, Back- oder Brotaufstrichregal eines gewöhnlichen großen Rostocker Supermarkts.	AI_BULK_ACCEPTED	AI_BULK_ACCEPTED	AI_BULK_ACCEPTED	AI_BULK_ACCEPTED	AI_BULK_ACCEPTED	AI_BULK_ACCEPTED	APPROVED_FINAL		AI_REVIEW_BASE	f8855121af336a7c13cd799cafede5f9b9420f28	AVAILABILITY_NOVELTY_V1_20260907
BREAD	Brot oder Fladenbrot	APPLICABLE	1	EASY	EASY	Brot oder Fladenbrot: Die offene Brotfamilie wird in Bornheim über Bäckereitheke, Backstation und das Regal für abgepackte Backwaren abgedeckt.	Brot oder Fladenbrot: gewöhnlicher lokaler Bezugsweg über den Bereich »Brot oder Fladenbrot«.	AI_BULK_ACCEPTED	AI_BULK_ACCEPTED	AI_BULK_ACCEPTED	AI_BULK_ACCEPTED	AI_BULK_ACCEPTED	AI_BULK_ACCEPTED	APPROVED_FINAL		AI_REVIEW_BASE	f8855121af336a7c13cd799cafede5f9b9420f28	AVAILABILITY_NOVELTY_V1_20260907
BREADCRUMBS	Semmelbrösel	APPLICABLE	1	EASY	EASY	Semmelbrösel: gewöhnlicher lokaler Bezugsweg über den Bereich »Reis-, Mehl-, Nudel- oder Trockenwarenregal«.	Semmelbrösel: Rostocker Bezugsweg über das Getreide-, Mehl-, Reis- oder Teigwarenregal eines gewöhnlichen großen Rostocker Supermarkts.	AI_BULK_ACCEPTED	AI_BULK_ACCEPTED	AI_BULK_ACCEPTED	AI_BULK_ACCEPTED	AI_BULK_ACCEPTED	AI_BULK_ACCEPTED	APPROVED_FINAL		AI_REVIEW_BASE	f8855121af336a7c13cd799cafede5f9b9420f28	AVAILABILITY_NOVELTY_V1_20260907
BREAD_DUMPLING	Semmelknödel	APPLICABLE	2	PLANNED	PLANNED	Semmelknödel: Die Warenform ist vom Rheinland aus über „Reis-, Mehl-, Nudel- oder Trockenwarenregal über einen reservierten Marktartikel“ erreichbar.	Semmelknödel: Tobias sucht „Semmelknödel“ in Rostock über gut sortierte Vollsortimenter und etablierte deutsche Bio- oder Trockenwarenhändler gesucht.	AI_BULK_ACCEPTED	AI_BULK_ACCEPTED	AI_BULK_ACCEPTED	AI_BULK_ACCEPTED	AI_BULK_ACCEPTED	AI_BULK_ACCEPTED	APPROVED_FINAL		AI_REVIEW_BASE	f8855121af336a7c13cd799cafede5f9b9420f28	AVAILABILITY_NOVELTY_V1_20260907
BRIE	Brie	APPLICABLE	2	EASY	EASY	Brie: gewöhnlicher lokaler Bezugsweg über den Bereich »Käsekühlung oder Käsetheke«.	Brie: Rostocker Bezugsweg über die Käsekühlung oder Käsetheke eines gewöhnlichen großen Rostocker Supermarkts.	AI_BULK_ACCEPTED	AI_BULK_ACCEPTED	AI_BULK_ACCEPTED	AI_BULK_ACCEPTED	AI_BULK_ACCEPTED	AI_BULK_ACCEPTED	APPROVED_FINAL		AI_REVIEW_BASE	f8855121af336a7c13cd799cafede5f9b9420f28	AVAILABILITY_NOVELTY_V1_20260907
BROAD_BEANS	Dicke Bohnen	APPLICABLE	2	PLANNED	PLANNED	Dicke Bohnen ist über ein vorab zu prüfendes Sortiment im Bereich »Obst- und Gemüseabteilung« eines großen Bornheimer Markts im allgemeinen deutschen Handel planbar, lokal aber kein verlässlicher Standardartikel.	Dicke Bohnen: Beim Einkauf von „Dicke Bohnen“ nutzt Tobias gut sortierte Vollsortimenter und etablierte deutsche Gemüse- oder Frischehändler.	AI_BULK_ACCEPTED	AI_BULK_ACCEPTED	AI_BULK_ACCEPTED	AI_BULK_ACCEPTED	AI_BULK_ACCEPTED	AI_BULK_ACCEPTED	APPROVED_FINAL		AI_REVIEW_BASE	f8855121af336a7c13cd799cafede5f9b9420f28	AVAILABILITY_NOVELTY_V1_20260907
BROCCOLI	Brokkoli	APPLICABLE	1	EASY	EASY	Brokkoli: gewöhnlicher lokaler Bezugsweg über den Bereich »Obst- und Gemüseabteilung«.	Brokkoli: gewöhnlicher lokaler Bezugsweg über den Bereich »Brokkoli«.	AI_BULK_ACCEPTED	AI_BULK_ACCEPTED	AI_BULK_ACCEPTED	AI_BULK_ACCEPTED	AI_BULK_ACCEPTED	AI_BULK_ACCEPTED	APPROVED_FINAL		AI_REVIEW_BASE	f8855121af336a7c13cd799cafede5f9b9420f28	AVAILABILITY_NOVELTY_V1_20260907
BROKEN_RICE	Bruchreis	APPLICABLE	2	SPECIALTY	SPECIALTY	Bruchreis ist im einschlägigen Spezialmarkt breit etabliert; dokumentierte reguläre Wege sind die voneinander unabhängigen Händler King Kao – Bruchreis 20 kg sowie Asia Foodstore – Royal Thai Duft-Bruchreis.	Bruchreis: Rostocker Bezugsweg über Asia Foodstore – Royal Thai Duft-Bruchreis und King Kao – Bruchreis 20 kg; dokumentiert sind beim Abruf verfügbaren Bestand und Standardversand.	AI_BULK_ACCEPTED	AI_BULK_ACCEPTED	AI_BULK_ACCEPTED	AI_BULK_ACCEPTED	AI_BULK_ACCEPTED	AI_BULK_ACCEPTED	APPROVED_FINAL		AI_REVIEW_BASE	f8855121af336a7c13cd799cafede5f9b9420f28	AVAILABILITY_NOVELTY_V1_20260907
BROWN_CHAMPIGNON	braune Champignons	APPLICABLE	1	EASY	EASY	braune Champignons: gewöhnlicher lokaler Bezugsweg über den Bereich »Obst- und Gemüseabteilung«.	braune Champignons: Rostocker Bezugsweg über den Pilzbereich der Obst- und Gemüseabteilung eines gewöhnlichen großen Rostocker Supermarkts.	AI_BULK_ACCEPTED	AI_BULK_ACCEPTED	AI_BULK_ACCEPTED	AI_BULK_ACCEPTED	AI_BULK_ACCEPTED	AI_BULK_ACCEPTED	APPROVED_FINAL		AI_REVIEW_BASE	f8855121af336a7c13cd799cafede5f9b9420f28	AVAILABILITY_NOVELTY_V1_20260907
BROWN_RICE	Vollkornreis	APPLICABLE	1	EASY	EASY	Vollkornreis: gewöhnlicher lokaler Bezugsweg über den Bereich »Reis-, Mehl-, Nudel- oder Trockenwarenregal«.	Vollkornreis: gewöhnlicher lokaler Bezugsweg über den Bereich »Vollkornreis«.	AI_BULK_ACCEPTED	AI_BULK_ACCEPTED	AI_BULK_ACCEPTED	AI_BULK_ACCEPTED	AI_BULK_ACCEPTED	AI_BULK_ACCEPTED	APPROVED_FINAL		AI_REVIEW_BASE	f8855121af336a7c13cd799cafede5f9b9420f28	AVAILABILITY_NOVELTY_V1_20260907
BROWN_SUGAR	brauner Zucker	APPLICABLE	1	EASY	EASY	brauner Zucker: gewöhnlicher lokaler Bezugsweg über den Bereich »Backzutaten-, Süßwaren- oder Kakaoregal«.	brauner Zucker: gewöhnlicher lokaler Bezugsweg über den Bereich »brauner Zucker«.	AI_BULK_ACCEPTED	AI_BULK_ACCEPTED	AI_BULK_ACCEPTED	AI_BULK_ACCEPTED	AI_BULK_ACCEPTED	AI_BULK_ACCEPTED	APPROVED_FINAL		AI_REVIEW_BASE	f8855121af336a7c13cd799cafede5f9b9420f28	AVAILABILITY_NOVELTY_V1_20260907
BRUNOST	Brunost	APPLICABLE	4	DIFFICULT	DIFFICULT	Brunost: Nur der schmale Händlerweg über Gouda Käse Shop – Gjetost/Brunost ist positiv belegt; Kühlversand begrenzt Form, Bestand oder Logistik.	Brunost: Rostocker Bezugsweg über Gouda Käse Shop – Gjetost/Brunost; dokumentiert sind ein dokumentiertes laufendes Angebot und Kühlversand.	AI_BULK_ACCEPTED	AI_BULK_ACCEPTED	AI_BULK_ACCEPTED	AI_BULK_ACCEPTED	AI_BULK_ACCEPTED	AI_BULK_ACCEPTED	APPROVED_FINAL		AI_REVIEW_BASE	f8855121af336a7c13cd799cafede5f9b9420f28	AVAILABILITY_NOVELTY_V1_20260907
BRUSSELS_SPROUTS	Rosenkohl	APPLICABLE	1	EASY	EASY	Rosenkohl: gewöhnlicher lokaler Bezugsweg über den Bereich »Obst- und Gemüseabteilung«.	Rosenkohl: Rostocker Bezugsweg über den Gemüse- oder Tiefkühlgemüsebereich eines gewöhnlichen großen Rostocker Supermarkts.	AI_BULK_ACCEPTED	AI_BULK_ACCEPTED	AI_BULK_ACCEPTED	AI_BULK_ACCEPTED	AI_BULK_ACCEPTED	AI_BULK_ACCEPTED	APPROVED_FINAL		AI_REVIEW_BASE	f8855121af336a7c13cd799cafede5f9b9420f28	AVAILABILITY_NOVELTY_V1_20260907
BRUSSELS_WAFFLE	Brüsseler Waffel	APPLICABLE	4	PLANNED	PLANNED	Brüsseler Waffel ist über eine konkrete Vorbestellung oder Bestandsabfrage für Back- oder Brotwaren im allgemeinen deutschen Handel planbar, lokal aber kein verlässlicher Standardartikel.	Brüsseler Waffel: Rostocker Bezugsweg über gut sortierte Vollsortimenter und etablierte deutsche Back- oder Süßwarenhändler.	AI_BULK_ACCEPTED	AI_BULK_ACCEPTED	AI_BULK_ACCEPTED	AI_BULK_ACCEPTED	AI_BULK_ACCEPTED	AI_BULK_ACCEPTED	APPROVED_FINAL		AI_REVIEW_BASE	f8855121af336a7c13cd799cafede5f9b9420f28	AVAILABILITY_NOVELTY_V1_20260907
BUCKWHEAT	Buchweizen	APPLICABLE	2	PLANNED	PLANNED	Buchweizen: Breit im allgemeinen Bio-, Drogerie- und Onlinehandel verfügbar, lokal jedoch nicht überall Standard.	Buchweizen: Breit im allgemeinen Bio-, Drogerie- und Onlinehandel verfügbar, lokal jedoch nicht überall Standard.	HUMAN_EXPLICIT	HUMAN_EXPLICIT	HUMAN_EXPLICIT	AI_BULK_ACCEPTED	AI_BULK_ACCEPTED	HUMAN_EXPLICIT	APPROVED_FINAL		AI_REVIEW_BASE|NOVELTY_REFERENCE_ANCHOR_HUMAN|AVAILABILITY_V2_ANCHOR_HUMAN	f8855121af336a7c13cd799cafede5f9b9420f28	AVAILABILITY_NOVELTY_V1_20260907
BUCKWHEAT_FLOUR	Buchweizenmehl	APPLICABLE	2	PLANNED	PLANNED	Buchweizenmehl ist über ein vorab zu prüfendes Sortiment im Bereich »Reis-, Mehl-, Nudel- oder Trockenwarenregal« eines großen Bornheimer Markts im allgemeinen deutschen Handel planbar, lokal aber kein verlässlicher Standardartikel.	Buchweizenmehl: Rostocker Bezugsweg über gut sortierte Vollsortimenter und etablierte deutsche Bio- oder Trockenwarenhändler.	AI_BULK_ACCEPTED	AI_BULK_ACCEPTED	AI_BULK_ACCEPTED	AI_BULK_ACCEPTED	AI_BULK_ACCEPTED	AI_BULK_ACCEPTED	APPROVED_FINAL		AI_REVIEW_BASE	f8855121af336a7c13cd799cafede5f9b9420f28	AVAILABILITY_NOVELTY_V1_20260907
BULGUR	Bulgur	APPLICABLE	2	PLANNED	PLANNED	Bulgur: In gut sortierten allgemeinen Märkten und im breiten Onlinehandel zuverlässig erhältlich aber nicht mit der für EASY verlangten nahezu universellen lokalen Trefferquote.	Bulgur: In gut sortierten allgemeinen Märkten und im breiten Onlinehandel zuverlässig erhältlich aber nicht mit der für EASY verlangten nahezu universellen lokalen Trefferquote.	HUMAN_EXPLICIT	HUMAN_EXPLICIT	HUMAN_EXPLICIT	AI_BULK_ACCEPTED	AI_BULK_ACCEPTED	HUMAN_EXPLICIT	APPROVED_FINAL		AI_REVIEW_BASE|NOVELTY_REFERENCE_ANCHOR_HUMAN|AVAILABILITY_V2_ANCHOR_HUMAN	f8855121af336a7c13cd799cafede5f9b9420f28	AVAILABILITY_NOVELTY_V1_20260907
BUTTER	Butter	APPLICABLE	1	EASY	EASY	Butter: gewöhnlicher lokaler Bezugsweg über den Bereich »Öl- und Kochfettregal«.	Butter: Rostocker Bezugsweg über die Molkereikühlung eines gewöhnlichen großen Rostocker Supermarkts.	AI_BULK_ACCEPTED	AI_BULK_ACCEPTED	AI_BULK_ACCEPTED	AI_BULK_ACCEPTED	AI_BULK_ACCEPTED	AI_BULK_ACCEPTED	APPROVED_FINAL		AI_REVIEW_BASE	f8855121af336a7c13cd799cafede5f9b9420f28	AVAILABILITY_NOVELTY_V1_20260907
BUTTERMILK	Buttermilch	APPLICABLE	2	EASY	EASY	Buttermilch: gewöhnlicher lokaler Bezugsweg über den Bereich »Molkereikühlregal«.	Buttermilch: Rostocker Bezugsweg über die Molkereikühlung eines gewöhnlichen großen Rostocker Supermarkts.	AI_BULK_ACCEPTED	AI_BULK_ACCEPTED	AI_BULK_ACCEPTED	AI_BULK_ACCEPTED	AI_BULK_ACCEPTED	AI_BULK_ACCEPTED	APPROVED_FINAL		AI_REVIEW_BASE	f8855121af336a7c13cd799cafede5f9b9420f28	AVAILABILITY_NOVELTY_V1_20260907
BUTTERNUT_SQUASH	Butternut-Kürbis	APPLICABLE	1	EASY	EASY	Butternut-Kürbis: gewöhnlicher lokaler Bezugsweg über den Bereich »Obst- und Gemüseabteilung«.	Butternut-Kürbis: gewöhnlicher lokaler Bezugsweg über den Bereich »Butternut-Kürbis«.	AI_BULK_ACCEPTED	AI_BULK_ACCEPTED	AI_BULK_ACCEPTED	AI_BULK_ACCEPTED	AI_BULK_ACCEPTED	AI_BULK_ACCEPTED	APPROVED_FINAL		AI_REVIEW_BASE	f8855121af336a7c13cd799cafede5f9b9420f28	AVAILABILITY_NOVELTY_V1_20260907
BUTTER_BEANS	Limabohnen	APPLICABLE	2	PLANNED	PLANNED	Limabohnen ist über einen vorbereiteten Einkauf im gut sortierten Bereich »Hülsenfrucht-, Konserven- oder Trockenwarenregal« im allgemeinen deutschen Handel planbar, lokal aber kein verlässlicher Standardartikel.	Limabohnen: Die Beschaffung von „Limabohnen“ erfolgt in Rostock über gut sortierte Vollsortimenter und etablierte deutsche Bio- oder Trockenwarenhändler.	AI_BULK_ACCEPTED	AI_BULK_ACCEPTED	AI_BULK_ACCEPTED	AI_BULK_ACCEPTED	AI_BULK_ACCEPTED	AI_BULK_ACCEPTED	APPROVED_FINAL		AI_REVIEW_BASE	f8855121af336a7c13cd799cafede5f9b9420f28	AVAILABILITY_NOVELTY_V1_20260907
CABBAGE_VEGETABLES	Kohlgemüse	APPLICABLE	1	EASY	EASY	Kohlgemüse: gewöhnlicher lokaler Bezugsweg über den Bereich »Obst- und Gemüseabteilung«.	Kohlgemüse: gewöhnlicher lokaler Bezugsweg über den Bereich »Kohlgemüse«.	AI_BULK_ACCEPTED	AI_BULK_ACCEPTED	AI_BULK_ACCEPTED	AI_BULK_ACCEPTED	AI_BULK_ACCEPTED	AI_BULK_ACCEPTED	APPROVED_FINAL		AI_REVIEW_BASE	f8855121af336a7c13cd799cafede5f9b9420f28	AVAILABILITY_NOVELTY_V1_20260907
CALAMANSI	Calamansi	APPLICABLE	3	DIFFICULT	DIFFICULT	Calamansi: Zulässig sind frische Frucht oder ungesüßter sortenreiner Saft; verbreitete gesüßte Konzentrate zählen nicht passende Wege bleiben eng.	Calamansi: Zulässig sind frische Frucht oder ungesüßter sortenreiner Saft; verbreitete gesüßte Konzentrate zählen nicht passende Wege bleiben eng.	HUMAN_EXPLICIT	HUMAN_EXPLICIT	HUMAN_EXPLICIT	AI_BULK_ACCEPTED	AI_BULK_ACCEPTED	HUMAN_EXPLICIT	APPROVED_FINAL		AI_REVIEW_BASE|NOVELTY_REFERENCE_ANCHOR_HUMAN|AVAILABILITY_V2_ANCHOR_HUMAN	f8855121af336a7c13cd799cafede5f9b9420f28	AVAILABILITY_NOVELTY_V1_20260907
CALVADOS	Calvados	APPLICABLE	3	PLANNED	PLANNED	Calvados: Geschützte Apfelbranntwein-Form aus der Normandie über allgemeinen Deutschlandversand; Conalco weist Papidoux Calvados Fine konkret lagernd mit kurzer Lieferzeit aus.	Calvados: Echter normannischer Apfelbrand über allgemeinen Deutschlandversand; Papidoux Calvados Fine ist bei Conalco konkret lagernd und kurzfristig lieferbar.	AI_BULK_ACCEPTED	AI_BULK_ACCEPTED	AI_BULK_ACCEPTED	AI_BULK_ACCEPTED	AI_BULK_ACCEPTED	AI_BULK_ACCEPTED	APPROVED_FINAL		AI_REVIEW_BASE	f8855121af336a7c13cd799cafede5f9b9420f28	AVAILABILITY_NOVELTY_V1_20260907
CAMEMBERT	Camembert	APPLICABLE	2	EASY	EASY	Camembert: gewöhnlicher lokaler Bezugsweg über den Bereich »Käsekühlung oder Käsetheke«.	Camembert: gewöhnlicher lokaler Bezugsweg über den Bereich »Camembert«.	AI_BULK_ACCEPTED	AI_BULK_ACCEPTED	AI_BULK_ACCEPTED	AI_BULK_ACCEPTED	AI_BULK_ACCEPTED	AI_BULK_ACCEPTED	APPROVED_FINAL		AI_REVIEW_BASE	f8855121af336a7c13cd799cafede5f9b9420f28	AVAILABILITY_NOVELTY_V1_20260907
CANNED_CHAMPIGNONS	Dosenchampignons	APPLICABLE	2	EASY	EASY	Dosenchampignons: gewöhnlicher lokaler Bezugsweg über den Bereich »Konserven-, Glas- oder internationales Feinkostregal«.	Dosenchampignons: Rostocker Bezugsweg über das Konserven-, Sauergemüse- oder Feinkostregal eines gewöhnlichen großen Rostocker Supermarkts.	AI_BULK_ACCEPTED	AI_BULK_ACCEPTED	AI_BULK_ACCEPTED	AI_BULK_ACCEPTED	AI_BULK_ACCEPTED	AI_BULK_ACCEPTED	APPROVED_FINAL		AI_REVIEW_BASE	f8855121af336a7c13cd799cafede5f9b9420f28	AVAILABILITY_NOVELTY_V1_20260907
CANNED_SARDINES	Sardinen aus der Dose	APPLICABLE	2	EASY	EASY	Sardinen aus der Dose: gewöhnlicher lokaler Bezugsweg über den Bereich »Fischkonserven- oder internationales Trockenwarenregal«.	Sardinen aus der Dose: Rostocker Bezugsweg über das Fischkonserven- oder haltbare Seafood-Regal eines gewöhnlichen großen Rostocker Supermarkts.	AI_BULK_ACCEPTED	AI_BULK_ACCEPTED	AI_BULK_ACCEPTED	AI_BULK_ACCEPTED	AI_BULK_ACCEPTED	AI_BULK_ACCEPTED	APPROVED_FINAL		AI_REVIEW_BASE	f8855121af336a7c13cd799cafede5f9b9420f28	AVAILABILITY_NOVELTY_V1_20260907
CANNED_TOMATOES	Dosentomaten	APPLICABLE	1	EASY	EASY	Dosentomaten: gewöhnlicher lokaler Bezugsweg über den Bereich »Konserven-, Glas- oder internationales Feinkostregal«.	Dosentomaten: gewöhnlicher lokaler Bezugsweg über den Bereich »Dosentomaten«.	AI_BULK_ACCEPTED	AI_BULK_ACCEPTED	AI_BULK_ACCEPTED	AI_BULK_ACCEPTED	AI_BULK_ACCEPTED	AI_BULK_ACCEPTED	APPROVED_FINAL		AI_REVIEW_BASE	f8855121af336a7c13cd799cafede5f9b9420f28	AVAILABILITY_NOVELTY_V1_20260907
CANNED_TUNA	Thunfisch aus der Dose	APPLICABLE	1	EASY	EASY	Thunfisch aus der Dose: gewöhnlicher lokaler Bezugsweg über den Bereich »Fischkonserven- oder internationales Trockenwarenregal«.	Thunfisch aus der Dose: gewöhnlicher lokaler Bezugsweg über den Bereich »Thunfisch aus der Dose«.	AI_BULK_ACCEPTED	AI_BULK_ACCEPTED	AI_BULK_ACCEPTED	AI_BULK_ACCEPTED	AI_BULK_ACCEPTED	AI_BULK_ACCEPTED	APPROVED_FINAL		AI_REVIEW_BASE	f8855121af336a7c13cd799cafede5f9b9420f28	AVAILABILITY_NOVELTY_V1_20260907
CANNELLINI_BEANS	Cannellini-Bohnen	APPLICABLE	2	PLANNED	PLANNED	Cannellini-Bohnen: Georgias Beschaffung stützt sich hier auf „Hülsenfrucht-, Konserven- oder Trockenwarenregal über den Bestellservice eines größeren Markts“.	Cannellini-Bohnen: Beim Einkauf von „Cannellini-Bohnen“ nutzt Tobias gut sortierte Vollsortimenter und etablierte deutsche Bio- oder Trockenwarenhändler.	AI_BULK_ACCEPTED	AI_BULK_ACCEPTED	AI_BULK_ACCEPTED	AI_BULK_ACCEPTED	AI_BULK_ACCEPTED	AI_BULK_ACCEPTED	APPROVED_FINAL		AI_REVIEW_BASE	f8855121af336a7c13cd799cafede5f9b9420f28	AVAILABILITY_NOVELTY_V1_20260907
CANTALOUPE	Cantaloupe-Melone	APPLICABLE	2	EASY	EASY	Cantaloupe-Melone: gewöhnlicher lokaler Bezugsweg über den Bereich »Obst- und Gemüseabteilung«.	Cantaloupe-Melone: gewöhnlicher lokaler Bezugsweg über den Bereich »Cantaloupe-Melone«.	AI_BULK_ACCEPTED	AI_BULK_ACCEPTED	AI_BULK_ACCEPTED	AI_BULK_ACCEPTED	AI_BULK_ACCEPTED	AI_BULK_ACCEPTED	APPROVED_FINAL		AI_REVIEW_BASE	f8855121af336a7c13cd799cafede5f9b9420f28	AVAILABILITY_NOVELTY_V1_20260907
CAPERS	Kapern	APPLICABLE	2	EASY	EASY	Kapern: gewöhnlicher lokaler Bezugsweg über den Bereich »Konserven-, Glas- oder internationales Feinkostregal«.	Kapern: Rostocker Bezugsweg über das Konserven-, Sauergemüse- oder Feinkostregal eines gewöhnlichen großen Rostocker Supermarkts.	AI_BULK_ACCEPTED	AI_BULK_ACCEPTED	AI_BULK_ACCEPTED	AI_BULK_ACCEPTED	AI_BULK_ACCEPTED	AI_BULK_ACCEPTED	APPROVED_FINAL		AI_REVIEW_BASE	f8855121af336a7c13cd799cafede5f9b9420f28	AVAILABILITY_NOVELTY_V1_20260907
CARAWAY	Kümmel	APPLICABLE	1	EASY	EASY	Kümmel: gewöhnlicher lokaler Bezugsweg über den Bereich »Gewürz- und Trockenwürzregal«.	Kümmel: gewöhnlicher lokaler Bezugsweg über den Bereich »Kümmel«.	AI_BULK_ACCEPTED	AI_BULK_ACCEPTED	AI_BULK_ACCEPTED	AI_BULK_ACCEPTED	AI_BULK_ACCEPTED	AI_BULK_ACCEPTED	APPROVED_FINAL		AI_REVIEW_BASE	f8855121af336a7c13cd799cafede5f9b9420f28	AVAILABILITY_NOVELTY_V1_20260907
CARDAMOM	Kardamom	APPLICABLE	2	PLANNED	PLANNED	Kardamom ist über einen vorbereiteten Einkauf im gut sortierten Bereich »Gewürz- und Trockenwürzregal« im allgemeinen deutschen Handel planbar, lokal aber kein verlässlicher Standardartikel.	Kardamom: Rostocker Bezugsweg über gut sortierte Vollsortimenter und etablierte deutsche Gewürzhändler.	AI_BULK_ACCEPTED	AI_BULK_ACCEPTED	AI_BULK_ACCEPTED	AI_BULK_ACCEPTED	AI_BULK_ACCEPTED	AI_BULK_ACCEPTED	APPROVED_FINAL		AI_REVIEW_BASE	f8855121af336a7c13cd799cafede5f9b9420f28	AVAILABILITY_NOVELTY_V1_20260907
CARP	Karpfen	APPLICABLE	2	PLANNED	PLANNED	Karpfenfilet ist über einen deutschen TK-Händler bestellbar und bei einem unabhängigen Fischversender wiederkehrend gelistet; Saison und Kühlannahme erfordern Planung.	Karpfenfilet ist über einen deutschen TK-Händler bestellbar und bei einem unabhängigen Fischversender wiederkehrend gelistet; Saison und Kühlannahme erfordern Planung.	AI_BULK_ACCEPTED	AI_BULK_ACCEPTED	AI_BULK_ACCEPTED	AI_BULK_ACCEPTED	AI_BULK_ACCEPTED	AI_BULK_ACCEPTED	APPROVED_FINAL		AI_REVIEW_BASE	f8855121af336a7c13cd799cafede5f9b9420f28	AVAILABILITY_NOVELTY_V1_20260907
CARROT	Karotte	APPLICABLE	1	EASY	EASY	Karotte: gewöhnlicher lokaler Bezugsweg über den Bereich »Obst- und Gemüseabteilung«.	Karotte: Rostocker Bezugsweg über die Gemüseabteilung eines gewöhnlichen großen Rostocker Supermarkts.	AI_BULK_ACCEPTED	AI_BULK_ACCEPTED	AI_BULK_ACCEPTED	AI_BULK_ACCEPTED	AI_BULK_ACCEPTED	AI_BULK_ACCEPTED	APPROVED_FINAL		AI_REVIEW_BASE	f8855121af336a7c13cd799cafede5f9b9420f28	AVAILABILITY_NOVELTY_V1_20260907
CASHEW	Cashewkerne	APPLICABLE	1	EASY	EASY	Cashewkerne: gewöhnlicher lokaler Bezugsweg über den Bereich »Nuss-, Saaten- oder Nussmusregal«.	Cashewkerne: Rostocker Bezugsweg über das Nuss-, Saaten-, Back- oder Brotaufstrichregal eines gewöhnlichen großen Rostocker Supermarkts.	AI_BULK_ACCEPTED	AI_BULK_ACCEPTED	AI_BULK_ACCEPTED	AI_BULK_ACCEPTED	AI_BULK_ACCEPTED	AI_BULK_ACCEPTED	APPROVED_FINAL		AI_REVIEW_BASE	f8855121af336a7c13cd799cafede5f9b9420f28	AVAILABILITY_NOVELTY_V1_20260907
CASHEW_BUTTER	Cashewmus	APPLICABLE	2	PLANNED	PLANNED	Cashewmus ist über eine gezielte Filial- oder Bestellprüfung für Nuss- oder Saatenpaste im allgemeinen deutschen Handel planbar, lokal aber kein verlässlicher Standardartikel.	Cashewmus: Rostocker Bezugsweg über gut sortierte Vollsortimenter und etablierte deutsche Nuss- oder Biohändler.	AI_BULK_ACCEPTED	AI_BULK_ACCEPTED	AI_BULK_ACCEPTED	AI_BULK_ACCEPTED	AI_BULK_ACCEPTED	AI_BULK_ACCEPTED	APPROVED_FINAL		AI_REVIEW_BASE	f8855121af336a7c13cd799cafede5f9b9420f28	AVAILABILITY_NOVELTY_V1_20260907
CASSAVA	Maniok	APPLICABLE	3	SPECIALTY	SPECIALTY	Maniok ist im einschlägigen Spezialmarkt breit etabliert; dokumentierte reguläre Wege sind die voneinander unabhängigen Händler Asiatischer Lebensmittelladen – Maniok sowie Asia4Friends – Gemüse.	Maniok: Rostocker Bezugsweg über Asia4Friends – Gemüse und Asiatischer Lebensmittelladen – Maniok; dokumentiert sind eine vor dem Einkauf erneut zu prüfende Verfügbarkeit und Frischeversand.	AI_BULK_ACCEPTED	AI_BULK_ACCEPTED	AI_BULK_ACCEPTED	AI_BULK_ACCEPTED	AI_BULK_ACCEPTED	AI_BULK_ACCEPTED	APPROVED_FINAL		AI_REVIEW_BASE	f8855121af336a7c13cd799cafede5f9b9420f28	AVAILABILITY_NOVELTY_V1_20260907
CATFISH	Wels	APPLICABLE	2	PLANNED	PLANNED	Wels: Ahrenhorster bietet frisches Wallerfilet aus deutscher Aquakultur im Warenkorb an, verarbeitet es am Vortag und verschickt die vakuumierten Filets mit Kühlpacks per DPD Food Express.	Wels: Ahrenhorster bietet frisches Wallerfilet aus deutscher Aquakultur im Warenkorb an, verarbeitet es am Vortag und verschickt die vakuumierten Filets mit Kühlpacks per DPD Food Express.	AI_BULK_ACCEPTED	AI_BULK_ACCEPTED	AI_BULK_ACCEPTED	AI_BULK_ACCEPTED	AI_BULK_ACCEPTED	AI_BULK_ACCEPTED	APPROVED_FINAL		AI_REVIEW_BASE	f8855121af336a7c13cd799cafede5f9b9420f28	AVAILABILITY_NOVELTY_V1_20260907
CAULIFLOWER	Blumenkohl	APPLICABLE	1	EASY	EASY	Blumenkohl: gewöhnlicher lokaler Bezugsweg über den Bereich »Obst- und Gemüseabteilung«.	Blumenkohl: Rostocker Bezugsweg über die Gemüseabteilung eines gewöhnlichen großen Rostocker Supermarkts.	AI_BULK_ACCEPTED	AI_BULK_ACCEPTED	AI_BULK_ACCEPTED	AI_BULK_ACCEPTED	AI_BULK_ACCEPTED	AI_BULK_ACCEPTED	APPROVED_FINAL		AI_REVIEW_BASE	f8855121af336a7c13cd799cafede5f9b9420f28	AVAILABILITY_NOVELTY_V1_20260907
CAVA	Cava	APPLICABLE	4	PLANNED	PLANNED	Cava: Spanischer Schaumwein mit Cava-Bezeichnung im allgemeinen Versand; vomFASS listet Cava Brut Reserva Stars aktuell verfügbar und mit deutscher Standardlieferung.	Cava: Spanischer Cava Reserva im allgemeinen Versand; vomFASS weist Cava Brut Reserva Stars aktuell als verfügbar mit kurzer Deutschlandlieferung aus.	AI_BULK_ACCEPTED	AI_BULK_ACCEPTED	AI_BULK_ACCEPTED	AI_BULK_ACCEPTED	AI_BULK_ACCEPTED	AI_BULK_ACCEPTED	APPROVED_FINAL		AI_REVIEW_BASE	f8855121af336a7c13cd799cafede5f9b9420f28	AVAILABILITY_NOVELTY_V1_20260907
CAYENNE_PEPPER	Cayennepfeffer	APPLICABLE	1	EASY	EASY	Cayennepfeffer: gewöhnlicher lokaler Bezugsweg über den Bereich »Gewürz- und Trockenwürzregal«.	Cayennepfeffer: gewöhnlicher lokaler Bezugsweg über den Bereich »Cayennepfeffer«.	AI_BULK_ACCEPTED	AI_BULK_ACCEPTED	AI_BULK_ACCEPTED	AI_BULK_ACCEPTED	AI_BULK_ACCEPTED	AI_BULK_ACCEPTED	APPROVED_FINAL		AI_REVIEW_BASE	f8855121af336a7c13cd799cafede5f9b9420f28	AVAILABILITY_NOVELTY_V1_20260907
CELERIAC	Knollensellerie	APPLICABLE	1	EASY	EASY	Knollensellerie: gewöhnlicher lokaler Bezugsweg über den Bereich »Obst- und Gemüseabteilung«.	Knollensellerie: gewöhnlicher lokaler Bezugsweg über den Bereich »Knollensellerie«.	AI_BULK_ACCEPTED	AI_BULK_ACCEPTED	AI_BULK_ACCEPTED	AI_BULK_ACCEPTED	AI_BULK_ACCEPTED	AI_BULK_ACCEPTED	APPROVED_FINAL		AI_REVIEW_BASE	f8855121af336a7c13cd799cafede5f9b9420f28	AVAILABILITY_NOVELTY_V1_20260907
CELERY_STALK	Staudensellerie	APPLICABLE	1	EASY	EASY	Staudensellerie: gewöhnlicher lokaler Bezugsweg über den Bereich »Obst- und Gemüseabteilung«.	Staudensellerie: gewöhnlicher lokaler Bezugsweg über den Bereich »Staudensellerie«.	AI_BULK_ACCEPTED	AI_BULK_ACCEPTED	AI_BULK_ACCEPTED	AI_BULK_ACCEPTED	AI_BULK_ACCEPTED	AI_BULK_ACCEPTED	APPROVED_FINAL		AI_REVIEW_BASE	f8855121af336a7c13cd799cafede5f9b9420f28	AVAILABILITY_NOVELTY_V1_20260907
CHAMPIGNON	frische Champignons	APPLICABLE	1	EASY	EASY	frische Champignons: gewöhnlicher lokaler Bezugsweg über den Bereich »Obst- und Gemüseabteilung«.	frische Champignons: Rostocker Bezugsweg über den Pilzbereich der Obst- und Gemüseabteilung eines gewöhnlichen großen Rostocker Supermarkts.	AI_BULK_ACCEPTED	AI_BULK_ACCEPTED	AI_BULK_ACCEPTED	AI_BULK_ACCEPTED	AI_BULK_ACCEPTED	AI_BULK_ACCEPTED	APPROVED_FINAL		AI_REVIEW_BASE	f8855121af336a7c13cd799cafede5f9b9420f28	AVAILABILITY_NOVELTY_V1_20260907
CHAMPIGNONS	Champignons	APPLICABLE	1	EASY	EASY	Champignons: gewöhnlicher lokaler Bezugsweg über den Bereich »Obst- und Gemüseabteilung«.	Champignons: gewöhnlicher lokaler Bezugsweg über den Bereich »Champignons«.	AI_BULK_ACCEPTED	AI_BULK_ACCEPTED	AI_BULK_ACCEPTED	AI_BULK_ACCEPTED	AI_BULK_ACCEPTED	AI_BULK_ACCEPTED	APPROVED_FINAL		AI_REVIEW_BASE	f8855121af336a7c13cd799cafede5f9b9420f28	AVAILABILITY_NOVELTY_V1_20260907
CHANTERELLE	Pfifferlinge	APPLICABLE	2	PLANNED	PLANNED	Pfifferlinge: Violey führt formgenaue getrocknete Pfifferlinge als haltbare 20-g-Packung mit positiv ausgewiesenem Bestand.	Pfifferlinge: Violey führt formgenaue getrocknete Pfifferlinge als haltbare 20-g-Packung mit positiv ausgewiesenem Bestand.	AI_BULK_ACCEPTED	AI_BULK_ACCEPTED	AI_BULK_ACCEPTED	AI_BULK_ACCEPTED	AI_BULK_ACCEPTED	AI_BULK_ACCEPTED	APPROVED_FINAL		AI_REVIEW_BASE	f8855121af336a7c13cd799cafede5f9b9420f28	AVAILABILITY_NOVELTY_V1_20260907
CHARD	Mangold	APPLICABLE	2	PLANNED	PLANNED	Mangold ist über eine konkrete Vorbestellung oder Bestandsabfrage für Gemüse oder Pilz im allgemeinen deutschen Handel planbar, lokal aber kein verlässlicher Standardartikel.	Mangold: Für „Mangold“ wird das Angebot über gut sortierte Vollsortimenter und etablierte deutsche Gemüse- oder Frischehändler kontrolliert.	AI_BULK_ACCEPTED	AI_BULK_ACCEPTED	AI_BULK_ACCEPTED	AI_BULK_ACCEPTED	AI_BULK_ACCEPTED	AI_BULK_ACCEPTED	APPROVED_FINAL		AI_REVIEW_BASE	f8855121af336a7c13cd799cafede5f9b9420f28	AVAILABILITY_NOVELTY_V1_20260907
CHEDDAR	Cheddar	APPLICABLE	1	EASY	EASY	Cheddar: gewöhnlicher lokaler Bezugsweg über den Bereich »Käsekühlung oder Käsetheke«.	Cheddar: gewöhnlicher lokaler Bezugsweg über den Bereich »Cheddar«.	AI_BULK_ACCEPTED	AI_BULK_ACCEPTED	AI_BULK_ACCEPTED	AI_BULK_ACCEPTED	AI_BULK_ACCEPTED	AI_BULK_ACCEPTED	APPROVED_FINAL		AI_REVIEW_BASE	f8855121af336a7c13cd799cafede5f9b9420f28	AVAILABILITY_NOVELTY_V1_20260907
CHEESE	Käse	APPLICABLE	1	EASY	EASY	Käse: gewöhnlicher lokaler Bezugsweg über den Bereich »Käsekühlung oder Käsetheke«.	Käse: Rostocker Bezugsweg über die Käsekühlung oder Käsetheke eines gewöhnlichen großen Rostocker Supermarkts.	AI_BULK_ACCEPTED	AI_BULK_ACCEPTED	AI_BULK_ACCEPTED	AI_BULK_ACCEPTED	AI_BULK_ACCEPTED	AI_BULK_ACCEPTED	APPROVED_FINAL		AI_REVIEW_BASE	f8855121af336a7c13cd799cafede5f9b9420f28	AVAILABILITY_NOVELTY_V1_20260907
CHERRY	Kirsche	APPLICABLE	2	EASY	EASY	Kirsche: gewöhnlicher lokaler Bezugsweg über den Bereich »Obst- und Gemüseabteilung«.	Kirsche: gewöhnlicher lokaler Bezugsweg über den Bereich »Kirsche«.	AI_BULK_ACCEPTED	AI_BULK_ACCEPTED	AI_BULK_ACCEPTED	AI_BULK_ACCEPTED	AI_BULK_ACCEPTED	AI_BULK_ACCEPTED	APPROVED_FINAL		AI_REVIEW_BASE	f8855121af336a7c13cd799cafede5f9b9420f28	AVAILABILITY_NOVELTY_V1_20260907
CHERRY_TOMATO	Kirschtomaten	APPLICABLE	1	EASY	EASY	Kirschtomaten: gewöhnlicher lokaler Bezugsweg über den Bereich »Obst- und Gemüseabteilung«.	Kirschtomaten: gewöhnlicher lokaler Bezugsweg über den Bereich »Kirschtomaten«.	AI_BULK_ACCEPTED	AI_BULK_ACCEPTED	AI_BULK_ACCEPTED	AI_BULK_ACCEPTED	AI_BULK_ACCEPTED	AI_BULK_ACCEPTED	APPROVED_FINAL		AI_REVIEW_BASE	f8855121af336a7c13cd799cafede5f9b9420f28	AVAILABILITY_NOVELTY_V1_20260907
CHERVIL	Kerbel	APPLICABLE	2	PLANNED	PLANNED	Frischer Kerbel ist über einen aktiven Gemüseversender sowie ergänzende allgemeine Kettenlistings planbar; Saison und lokaler Bestand bleiben variabel.	Frischer Kerbel ist über einen aktiven Gemüseversender sowie ergänzende allgemeine Kettenlistings planbar; Saison und lokaler Bestand bleiben variabel.	AI_BULK_ACCEPTED	AI_BULK_ACCEPTED	AI_BULK_ACCEPTED	AI_BULK_ACCEPTED	AI_BULK_ACCEPTED	AI_BULK_ACCEPTED	APPROVED_FINAL		AI_REVIEW_BASE	f8855121af336a7c13cd799cafede5f9b9420f28	AVAILABILITY_NOVELTY_V1_20260907
CHESTNUT	Esskastanien	APPLICABLE	3	PLANNED	PLANNED	Esskastanien: Kleine Abtei bietet gekochte, geschälte und vakuumierte Edelkastanien ohne Wasser- oder Salzzusatz sofort ab Lager an.	Esskastanien: Kleine Abtei bietet gekochte, geschälte und vakuumierte Edelkastanien ohne Wasser- oder Salzzusatz sofort ab Lager an.	AI_BULK_ACCEPTED	AI_BULK_ACCEPTED	AI_BULK_ACCEPTED	AI_BULK_ACCEPTED	AI_BULK_ACCEPTED	AI_BULK_ACCEPTED	APPROVED_FINAL		AI_REVIEW_BASE	f8855121af336a7c13cd799cafede5f9b9420f28	AVAILABILITY_NOVELTY_V1_20260907
CHIA_SEEDS	Chiasamen	APPLICABLE	3	EASY	EASY	Chiasamen: gewöhnlicher lokaler Bezugsweg über den Bereich »Nuss-, Saaten- oder Nussmusregal«.	Chiasamen: gewöhnlicher lokaler Bezugsweg über den Bereich »Chiasamen«.	AI_BULK_ACCEPTED	AI_BULK_ACCEPTED	AI_BULK_ACCEPTED	AI_BULK_ACCEPTED	AI_BULK_ACCEPTED	AI_BULK_ACCEPTED	APPROVED_FINAL		AI_REVIEW_BASE	f8855121af336a7c13cd799cafede5f9b9420f28	AVAILABILITY_NOVELTY_V1_20260907
CHICKEN	Hähnchen	APPLICABLE	1	EASY	EASY	Hähnchen: Gängige Hähnchenformen gehören zum gewöhnlichen lokalen Supermarktsortiment.	Hähnchen: Gängige Hähnchenformen gehören zum gewöhnlichen lokalen Supermarktsortiment.	HUMAN_EXPLICIT	HUMAN_EXPLICIT	HUMAN_EXPLICIT	AI_BULK_ACCEPTED	AI_BULK_ACCEPTED	HUMAN_EXPLICIT	APPROVED_FINAL		AI_REVIEW_BASE|NOVELTY_REFERENCE_ANCHOR_HUMAN|AVAILABILITY_V2_ANCHOR_HUMAN	f8855121af336a7c13cd799cafede5f9b9420f28	AVAILABILITY_NOVELTY_V1_20260907
CHICKEN_BREAST	Hähnchenbrust	APPLICABLE	1	EASY	EASY	Hähnchenbrust: gewöhnlicher lokaler Bezugsweg über den Bereich »Fleischkühlung oder Bedientheke«.	Hähnchenbrust: Rostocker Bezugsweg über die Fleischkühlung oder Bedientheke eines gewöhnlichen großen Rostocker Supermarkts.	AI_BULK_ACCEPTED	AI_BULK_ACCEPTED	AI_BULK_ACCEPTED	AI_BULK_ACCEPTED	AI_BULK_ACCEPTED	AI_BULK_ACCEPTED	APPROVED_FINAL		AI_REVIEW_BASE	f8855121af336a7c13cd799cafede5f9b9420f28	AVAILABILITY_NOVELTY_V1_20260907
CHICKEN_DRUMSTICKS	Hähnchenunterkeulen	APPLICABLE	1	EASY	EASY	Hähnchenunterkeulen: gewöhnlicher lokaler Bezugsweg über den Bereich »Fleischkühlung oder Bedientheke«.	Hähnchenunterkeulen: gewöhnlicher lokaler Bezugsweg über den Bereich »Hähnchenunterkeulen«.	AI_BULK_ACCEPTED	AI_BULK_ACCEPTED	AI_BULK_ACCEPTED	AI_BULK_ACCEPTED	AI_BULK_ACCEPTED	AI_BULK_ACCEPTED	APPROVED_FINAL		AI_REVIEW_BASE	f8855121af336a7c13cd799cafede5f9b9420f28	AVAILABILITY_NOVELTY_V1_20260907
CHICKEN_FEET	Hühnerfüße	APPLICABLE	3	SPECIALTY	SPECIALTY	Hühnerfüße ist im einschlägigen Spezialmarkt breit etabliert; dokumentierte reguläre Wege sind die voneinander unabhängigen Händler AsianBrand – Hühnerfüße tiefgefroren sowie Asia Moin – Hühnerfüße.	Hühnerfüße: Rostocker Bezugsweg über Asia Moin – Hühnerfüße und AsianBrand – Hühnerfüße tiefgefroren; dokumentiert sind eine vor dem Einkauf erneut zu prüfende Verfügbarkeit und Tiefkühlversand.	AI_BULK_ACCEPTED	AI_BULK_ACCEPTED	AI_BULK_ACCEPTED	AI_BULK_ACCEPTED	AI_BULK_ACCEPTED	AI_BULK_ACCEPTED	APPROVED_FINAL		AI_REVIEW_BASE	f8855121af336a7c13cd799cafede5f9b9420f28	AVAILABILITY_NOVELTY_V1_20260907
CHICKEN_LIVER	Hähnchenleber	APPLICABLE	2	PLANNED	PLANNED	Hähnchenleber ist über einen vorbereiteten Einkauf im gut sortierten Bereich »Fleischkühlung oder Bedientheke« im allgemeinen deutschen Handel planbar, lokal aber kein verlässlicher Standardartikel.	Hähnchenleber: Beim Einkauf von „Hähnchenleber“ nutzt Tobias Vorbestellung an einer gut sortierten Fleischtheke oder etablierter deutscher Metzgereiversand.	AI_BULK_ACCEPTED	AI_BULK_ACCEPTED	AI_BULK_ACCEPTED	AI_BULK_ACCEPTED	AI_BULK_ACCEPTED	AI_BULK_ACCEPTED	APPROVED_FINAL		AI_REVIEW_BASE	f8855121af336a7c13cd799cafede5f9b9420f28	AVAILABILITY_NOVELTY_V1_20260907
CHICKEN_STOCK	Hühnerbrühe	APPLICABLE	1	EASY	EASY	Hühnerbrühe: gewöhnlicher lokaler Bezugsweg über den Bereich »Brühen-, Fond- und Suppenregal«.	Hühnerbrühe: Rostocker Bezugsweg über das Brühen-, Fonds- oder Suppenregal eines gewöhnlichen großen Rostocker Supermarkts.	AI_BULK_ACCEPTED	AI_BULK_ACCEPTED	AI_BULK_ACCEPTED	AI_BULK_ACCEPTED	AI_BULK_ACCEPTED	AI_BULK_ACCEPTED	APPROVED_FINAL		AI_REVIEW_BASE	f8855121af336a7c13cd799cafede5f9b9420f28	AVAILABILITY_NOVELTY_V1_20260907
CHICKEN_THIGH	Hähnchenschenkel	APPLICABLE	1	EASY	EASY	Hähnchenschenkel: gewöhnlicher lokaler Bezugsweg über den Bereich »Fleischkühlung oder Bedientheke«.	Hähnchenschenkel: gewöhnlicher lokaler Bezugsweg über den Bereich »Hähnchenschenkel«.	AI_BULK_ACCEPTED	AI_BULK_ACCEPTED	AI_BULK_ACCEPTED	AI_BULK_ACCEPTED	AI_BULK_ACCEPTED	AI_BULK_ACCEPTED	APPROVED_FINAL		AI_REVIEW_BASE	f8855121af336a7c13cd799cafede5f9b9420f28	AVAILABILITY_NOVELTY_V1_20260907
CHICKEN_WINGS	Hähnchenflügel	APPLICABLE	1	EASY	EASY	Hähnchenflügel: gewöhnlicher lokaler Bezugsweg über den Bereich »Fleischkühlung oder Bedientheke«.	Hähnchenflügel: gewöhnlicher lokaler Bezugsweg über den Bereich »Hähnchenflügel«.	AI_BULK_ACCEPTED	AI_BULK_ACCEPTED	AI_BULK_ACCEPTED	AI_BULK_ACCEPTED	AI_BULK_ACCEPTED	AI_BULK_ACCEPTED	APPROVED_FINAL		AI_REVIEW_BASE	f8855121af336a7c13cd799cafede5f9b9420f28	AVAILABILITY_NOVELTY_V1_20260907
CHICKPEAS	Kichererbsen	APPLICABLE	1	EASY	EASY	Kichererbsen: gewöhnlicher lokaler Bezugsweg über den Bereich »Hülsenfrucht-, Konserven- oder Trockenwarenregal«.	Kichererbsen: Rostocker Bezugsweg über das Hülsenfrucht-, Konserven- oder Trockensortiment eines gewöhnlichen großen Rostocker Supermarkts.	AI_BULK_ACCEPTED	AI_BULK_ACCEPTED	AI_BULK_ACCEPTED	AI_BULK_ACCEPTED	AI_BULK_ACCEPTED	AI_BULK_ACCEPTED	APPROVED_FINAL		AI_REVIEW_BASE	f8855121af336a7c13cd799cafede5f9b9420f28	AVAILABILITY_NOVELTY_V1_20260907
CHICKPEA_FLOUR	Kichererbsenmehl	APPLICABLE	2	PLANNED	PLANNED	Kichererbsenmehl ist über eine konkrete Vorbestellung oder Bestandsabfrage für Hülsenfrucht im allgemeinen deutschen Handel planbar, lokal aber kein verlässlicher Standardartikel.	Kichererbsenmehl: Für „Kichererbsenmehl“ wird das Angebot über gut sortierte Vollsortimenter und etablierte deutsche Bio- oder Trockenwarenhändler kontrolliert.	AI_BULK_ACCEPTED	AI_BULK_ACCEPTED	AI_BULK_ACCEPTED	AI_BULK_ACCEPTED	AI_BULK_ACCEPTED	AI_BULK_ACCEPTED	APPROVED_FINAL		AI_REVIEW_BASE	f8855121af336a7c13cd799cafede5f9b9420f28	AVAILABILITY_NOVELTY_V1_20260907
CHICORY	Chicorée	APPLICABLE	2	EASY	EASY	Chicorée: gewöhnlicher lokaler Bezugsweg über den Bereich »Obst- und Gemüseabteilung«.	Chicorée: gewöhnlicher lokaler Bezugsweg über den Bereich »Chicorée«.	AI_BULK_ACCEPTED	AI_BULK_ACCEPTED	AI_BULK_ACCEPTED	AI_BULK_ACCEPTED	AI_BULK_ACCEPTED	AI_BULK_ACCEPTED	APPROVED_FINAL		AI_REVIEW_BASE	f8855121af336a7c13cd799cafede5f9b9420f28	AVAILABILITY_NOVELTY_V1_20260907
CHILI	frische Chili	APPLICABLE	1	EASY	EASY	frische Chili: gewöhnlicher lokaler Bezugsweg über den Bereich »Obst- und Gemüseabteilung«.	frische Chili: gewöhnlicher lokaler Bezugsweg über den Bereich »frische Chili«.	AI_BULK_ACCEPTED	AI_BULK_ACCEPTED	AI_BULK_ACCEPTED	AI_BULK_ACCEPTED	AI_BULK_ACCEPTED	AI_BULK_ACCEPTED	APPROVED_FINAL		AI_REVIEW_BASE	f8855121af336a7c13cd799cafede5f9b9420f28	AVAILABILITY_NOVELTY_V1_20260907
CHILI_CONDIMENTS	Chilisauce oder -paste	APPLICABLE	2	EASY	EASY	Chilisauce oder -paste: gewöhnlicher lokaler Bezugsweg über den Bereich »Saucen-, Würzpasten- und Feinkostregal«.	Chilisauce oder -paste: gewöhnlicher lokaler Bezugsweg über den Bereich »Chilisauce oder -paste«.	AI_BULK_ACCEPTED	AI_BULK_ACCEPTED	AI_BULK_ACCEPTED	AI_BULK_ACCEPTED	AI_BULK_ACCEPTED	AI_BULK_ACCEPTED	APPROVED_FINAL		AI_REVIEW_BASE	f8855121af336a7c13cd799cafede5f9b9420f28	AVAILABILITY_NOVELTY_V1_20260907
CHILI_CRISP	Chili-Crisp	APPLICABLE	2	PLANNED	PLANNED	Chili-Crisp ist über ein vorab zu prüfendes Sortiment im Bereich »Saucen-, Würzpasten- und Feinkostregal« eines großen Bornheimer Markts im allgemeinen deutschen Handel planbar, lokal aber kein verlässlicher Standardartikel.	Chili-Crisp: Rostocker Bezugsweg über gut sortierte Vollsortimenter und etablierte deutsche Feinkost- oder Würzsaucenhändler.	AI_BULK_ACCEPTED	AI_BULK_ACCEPTED	AI_BULK_ACCEPTED	AI_BULK_ACCEPTED	AI_BULK_ACCEPTED	AI_BULK_ACCEPTED	APPROVED_FINAL		AI_REVIEW_BASE	f8855121af336a7c13cd799cafede5f9b9420f28	AVAILABILITY_NOVELTY_V1_20260907
CHILI_FLAKES	Chiliflocken	APPLICABLE	1	EASY	EASY	Chiliflocken: gewöhnlicher lokaler Bezugsweg über den Bereich »Gewürz- und Trockenwürzregal«.	Chiliflocken: gewöhnlicher lokaler Bezugsweg über den Bereich »Chiliflocken«.	AI_BULK_ACCEPTED	AI_BULK_ACCEPTED	AI_BULK_ACCEPTED	AI_BULK_ACCEPTED	AI_BULK_ACCEPTED	AI_BULK_ACCEPTED	APPROVED_FINAL		AI_REVIEW_BASE	f8855121af336a7c13cd799cafede5f9b9420f28	AVAILABILITY_NOVELTY_V1_20260907
CHILI_OIL	Chiliöl	APPLICABLE	2	PLANNED	PLANNED	Chiliöl ist über eine konkrete Vorbestellung oder Bestandsabfrage für Sauce oder Würzpaste im allgemeinen deutschen Handel planbar, lokal aber kein verlässlicher Standardartikel.	Chiliöl: Rostocker Bezugsweg über gut sortierte Vollsortimenter und etablierte deutsche Feinkost- oder Würzsaucenhändler.	AI_BULK_ACCEPTED	AI_BULK_ACCEPTED	AI_BULK_ACCEPTED	AI_BULK_ACCEPTED	AI_BULK_ACCEPTED	AI_BULK_ACCEPTED	APPROVED_FINAL		AI_REVIEW_BASE	f8855121af336a7c13cd799cafede5f9b9420f28	AVAILABILITY_NOVELTY_V1_20260907
CHILI_POWDER	Chilipulver	APPLICABLE	1	EASY	EASY	Chilipulver: gewöhnlicher lokaler Bezugsweg über den Bereich »Gewürz- und Trockenwürzregal«.	Chilipulver: gewöhnlicher lokaler Bezugsweg über den Bereich »Chilipulver«.	AI_BULK_ACCEPTED	AI_BULK_ACCEPTED	AI_BULK_ACCEPTED	AI_BULK_ACCEPTED	AI_BULK_ACCEPTED	AI_BULK_ACCEPTED	APPROVED_FINAL		AI_REVIEW_BASE	f8855121af336a7c13cd799cafede5f9b9420f28	AVAILABILITY_NOVELTY_V1_20260907
CHIPOTLE	Chipotle	APPLICABLE	2	PLANNED	PLANNED	Chipotle ist über einen vorbereiteten Einkauf im gut sortierten Bereich »Gewürz- und Trockenwürzregal« im allgemeinen deutschen Handel planbar, lokal aber kein verlässlicher Standardartikel.	Chipotle: Rostocker Bezugsweg über gut sortierte Vollsortimenter und etablierte deutsche Gewürzhändler.	AI_BULK_ACCEPTED	AI_BULK_ACCEPTED	AI_BULK_ACCEPTED	AI_BULK_ACCEPTED	AI_BULK_ACCEPTED	AI_BULK_ACCEPTED	APPROVED_FINAL		AI_REVIEW_BASE	f8855121af336a7c13cd799cafede5f9b9420f28	AVAILABILITY_NOVELTY_V1_20260907
CHIVES	Schnittlauch	APPLICABLE	1	EASY	EASY	Schnittlauch: gewöhnlicher lokaler Bezugsweg über den Bereich »frische Kräuterabteilung«.	Schnittlauch: Rostocker Bezugsweg über die Kräuterkühlung der Obst- und Gemüseabteilung eines gewöhnlichen großen Rostocker Supermarkts.	AI_BULK_ACCEPTED	AI_BULK_ACCEPTED	AI_BULK_ACCEPTED	AI_BULK_ACCEPTED	AI_BULK_ACCEPTED	AI_BULK_ACCEPTED	APPROVED_FINAL		AI_REVIEW_BASE	f8855121af336a7c13cd799cafede5f9b9420f28	AVAILABILITY_NOVELTY_V1_20260907
CHOCOLATE	Schokolade	APPLICABLE	2	EASY	EASY	Schokolade: gewöhnlicher lokaler Bezugsweg über den Bereich »Backzutaten-, Süßwaren- oder Kakaoregal«.	Schokolade: gewöhnlicher lokaler Bezugsweg über den Bereich »Schokolade«.	AI_BULK_ACCEPTED	AI_BULK_ACCEPTED	AI_BULK_ACCEPTED	AI_BULK_ACCEPTED	AI_BULK_ACCEPTED	AI_BULK_ACCEPTED	APPROVED_FINAL		AI_REVIEW_BASE	f8855121af336a7c13cd799cafede5f9b9420f28	AVAILABILITY_NOVELTY_V1_20260907
CHOCOLATE_HAGELSLAG	Schoko-Hagelslag	APPLICABLE	4	PLANNED	PLANNED	Schoko-Hagelslag ist über ein vorab zu prüfendes Sortiment im Bereich »Backzutaten-, Süßwaren- oder Kakaoregal« eines großen Bornheimer Markts im allgemeinen deutschen Handel planbar, lokal aber kein verlässlicher Standardartikel.	Schoko-Hagelslag: Rostocker Bezugsweg über gut sortierte Vollsortimenter und etablierte deutsche Back- oder Süßwarenhändler.	AI_BULK_ACCEPTED	AI_BULK_ACCEPTED	AI_BULK_ACCEPTED	AI_BULK_ACCEPTED	AI_BULK_ACCEPTED	AI_BULK_ACCEPTED	APPROVED_FINAL		AI_REVIEW_BASE	f8855121af336a7c13cd799cafede5f9b9420f28	AVAILABILITY_NOVELTY_V1_20260907
CHORIZO	Chorizo	APPLICABLE	2	EASY	EASY	Chorizo: Die gereifte spanische Chorizo Picant im REWE-Wurstsortiment ergänzt die bereits belegten regulären Einkaufswege.	Chorizo: Die gereifte spanische Chorizo Picant im REWE-Wurstsortiment ergänzt die bereits belegten regulären Einkaufswege. der Bestand am gewählten Rostocker Standort bleibt vor dem Einkauf zu prüfen.	AI_BULK_ACCEPTED	AI_BULK_ACCEPTED	AI_BULK_ACCEPTED	AI_BULK_ACCEPTED	AI_BULK_ACCEPTED	AI_BULK_ACCEPTED	APPROVED_FINAL		AI_REVIEW_BASE	f8855121af336a7c13cd799cafede5f9b9420f28	AVAILABILITY_NOVELTY_V1_20260907
CIDER	Cider	APPLICABLE	3	PLANNED	PLANNED	Cider: Das konkrete REWE-Kettenlisting für Kelterei Heil Bio Apfel Cidre weist vergorenen Apfelwein mit 4,5 Prozent Alkohol aus; Georgia kann den Standortbestand im Raum Bornheim vor dem Getränkeeinkauf prüfen.	Cider: Das REWE-Kettenlisting Kelterei Heil Bio Apfel Cidre weist vergorenen Apfelwein mit 4,5 Prozent Alkohol aus; Tobias kann die konkrete Rostocker Standortverfügbarkeit im Getränkesortiment vorab prüfen.	AI_BULK_ACCEPTED	AI_BULK_ACCEPTED	AI_BULK_ACCEPTED	AI_BULK_ACCEPTED	AI_BULK_ACCEPTED	AI_BULK_ACCEPTED	APPROVED_FINAL		AI_REVIEW_BASE	f8855121af336a7c13cd799cafede5f9b9420f28	AVAILABILITY_NOVELTY_V1_20260907
CILANTRO	Koriandergrün	APPLICABLE	1	EASY	EASY	Koriandergrün: gewöhnlicher lokaler Bezugsweg über den Bereich »frische Kräuterabteilung«.	Koriandergrün: gewöhnlicher lokaler Bezugsweg über den Bereich »Koriandergrün«.	AI_BULK_ACCEPTED	AI_BULK_ACCEPTED	AI_BULK_ACCEPTED	AI_BULK_ACCEPTED	AI_BULK_ACCEPTED	AI_BULK_ACCEPTED	APPROVED_FINAL		AI_REVIEW_BASE	f8855121af336a7c13cd799cafede5f9b9420f28	AVAILABILITY_NOVELTY_V1_20260907
CINNAMON	Zimt	APPLICABLE	1	EASY	EASY	Zimt: gewöhnlicher lokaler Bezugsweg über den Bereich »Gewürz- und Trockenwürzregal«.	Zimt: gewöhnlicher lokaler Bezugsweg über den Bereich »Zimt«.	AI_BULK_ACCEPTED	AI_BULK_ACCEPTED	AI_BULK_ACCEPTED	AI_BULK_ACCEPTED	AI_BULK_ACCEPTED	AI_BULK_ACCEPTED	APPROVED_FINAL		AI_REVIEW_BASE	f8855121af336a7c13cd799cafede5f9b9420f28	AVAILABILITY_NOVELTY_V1_20260907
CITRUS_FRUIT	Zitrusfrucht	APPLICABLE	1	EASY	EASY	Zitrusfrucht: gewöhnlicher lokaler Bezugsweg über den Bereich »Obst- und Gemüseabteilung«.	Zitrusfrucht: gewöhnlicher lokaler Bezugsweg über den Bereich »Zitrusfrucht«.	AI_BULK_ACCEPTED	AI_BULK_ACCEPTED	AI_BULK_ACCEPTED	AI_BULK_ACCEPTED	AI_BULK_ACCEPTED	AI_BULK_ACCEPTED	APPROVED_FINAL		AI_REVIEW_BASE	f8855121af336a7c13cd799cafede5f9b9420f28	AVAILABILITY_NOVELTY_V1_20260907
CLAMS	Venusmuscheln	APPLICABLE	2	PLANNED	PLANNED	Venusmuscheln: Deutsche See führt frische, von Hand gesammelte Venusmuscheln mit 50 bis 60 Tieren je Korb aktuell verfügbar und liefert sie gekühlt zum Wunschtermin.	Venusmuscheln: Deutsche See führt frische, von Hand gesammelte Venusmuscheln mit 50 bis 60 Tieren je Korb aktuell verfügbar und liefert sie gekühlt zum Wunschtermin.	AI_BULK_ACCEPTED	AI_BULK_ACCEPTED	AI_BULK_ACCEPTED	AI_BULK_ACCEPTED	AI_BULK_ACCEPTED	AI_BULK_ACCEPTED	APPROVED_FINAL		AI_REVIEW_BASE	f8855121af336a7c13cd799cafede5f9b9420f28	AVAILABILITY_NOVELTY_V1_20260907
CLOUDBERRY	Moltebeere	APPLICABLE	3	DIFFICULT	DIFFICULT	Moltebeere: Nur der schmale Händlerweg über Schweden-Markt – Beeren tiefgekühlt ist positiv belegt; Tiefkühlversand begrenzt Form, Bestand oder Logistik.	Moltebeere: Rostocker Bezugsweg über Schweden-Markt – Beeren tiefgekühlt; dokumentiert sind eine vor dem Einkauf erneut zu prüfende Verfügbarkeit und Tiefkühlversand.	AI_BULK_ACCEPTED	AI_BULK_ACCEPTED	AI_BULK_ACCEPTED	AI_BULK_ACCEPTED	AI_BULK_ACCEPTED	AI_BULK_ACCEPTED	APPROVED_FINAL		AI_REVIEW_BASE	f8855121af336a7c13cd799cafede5f9b9420f28	AVAILABILITY_NOVELTY_V1_20260907
CLOUDBERRY_PRESERVES	Moltebeerkonfitüre/-kompott	APPLICABLE	3	DIFFICULT	DIFFICULT	Moltebeerkonfitüre/-kompott: Nur der schmale Händlerweg über Arctic Delice – Berry Products ist positiv belegt; Standardversand begrenzt Form, Bestand oder Logistik.	Moltebeerkonfitüre/-kompott: Rostocker Bezugsweg über Arctic Delice – Berry Products; dokumentiert sind beim Abruf verfügbaren Bestand und Standardversand.	AI_BULK_ACCEPTED	AI_BULK_ACCEPTED	AI_BULK_ACCEPTED	AI_BULK_ACCEPTED	AI_BULK_ACCEPTED	AI_BULK_ACCEPTED	APPROVED_FINAL		AI_REVIEW_BASE	f8855121af336a7c13cd799cafede5f9b9420f28	AVAILABILITY_NOVELTY_V1_20260907
CLOVES	Gewürznelken	APPLICABLE	2	EASY	EASY	Gewürznelken: gewöhnlicher lokaler Bezugsweg über den Bereich »Gewürz- und Trockenwürzregal«.	Gewürznelken: gewöhnlicher lokaler Bezugsweg über den Bereich »Gewürznelken«.	AI_BULK_ACCEPTED	AI_BULK_ACCEPTED	AI_BULK_ACCEPTED	AI_BULK_ACCEPTED	AI_BULK_ACCEPTED	AI_BULK_ACCEPTED	APPROVED_FINAL		AI_REVIEW_BASE	f8855121af336a7c13cd799cafede5f9b9420f28	AVAILABILITY_NOVELTY_V1_20260907
COCKLES	Herzmuscheln	APPLICABLE	3	DIFFICULT	DIFFICULT	Für echte Herzmuscheln ist aktuell kein positiver formgenauer Endkundenweg belegt; andere Muschelarten zählen nicht als Ersatz.	Für echte Herzmuscheln ist aktuell kein positiver formgenauer Endkundenweg belegt; andere Muschelarten zählen nicht als Ersatz.	HUMAN_EXPLICIT	HUMAN_EXPLICIT	HUMAN_EXPLICIT	HUMAN_EXPLICIT	HUMAN_EXPLICIT	HUMAN_EXPLICIT	APPROVED_FINAL		AI_REVIEW_BASE|HUMAN_CHARGE_2	f8855121af336a7c13cd799cafede5f9b9420f28	AVAILABILITY_NOVELTY_V1_20260907
COCOA_POWDER	Kakaopulver	APPLICABLE	1	EASY	EASY	Kakaopulver: gewöhnlicher lokaler Bezugsweg über den Bereich »Backzutaten-, Süßwaren- oder Kakaoregal«.	Kakaopulver: gewöhnlicher lokaler Bezugsweg über den Bereich »Kakaopulver«.	AI_BULK_ACCEPTED	AI_BULK_ACCEPTED	AI_BULK_ACCEPTED	AI_BULK_ACCEPTED	AI_BULK_ACCEPTED	AI_BULK_ACCEPTED	APPROVED_FINAL		AI_REVIEW_BASE	f8855121af336a7c13cd799cafede5f9b9420f28	AVAILABILITY_NOVELTY_V1_20260907
COCOA_PRODUCTS	Kakao oder Schokolade	APPLICABLE	2	EASY	EASY	Kakao oder Schokolade: gewöhnlicher lokaler Bezugsweg über den Bereich »Backzutaten-, Süßwaren- oder Kakaoregal«.	Kakaopulver und Schokoladenprodukte gehören in gewöhnlichen großen Rostocker Supermärkten zum regulären Back- und Süßwarenregal.	AI_BULK_ACCEPTED	AI_BULK_ACCEPTED	AI_BULK_ACCEPTED	AI_BULK_ACCEPTED	AI_BULK_ACCEPTED	AI_BULK_ACCEPTED	APPROVED_FINAL		AI_REVIEW_BASE	f8855121af336a7c13cd799cafede5f9b9420f28	AVAILABILITY_NOVELTY_V1_20260907
COCONUT	Kokosnuss	APPLICABLE	2	PLANNED	PLANNED	Kokosnuss ist über eine konkrete Vorbestellung oder Bestandsabfrage für Kokoszubereitung im allgemeinen deutschen Handel planbar, lokal aber kein verlässlicher Standardartikel.	Kokosnuss: Rostocker Bezugsweg über gut sortierte Vollsortimenter und etablierte deutsche Frucht- oder Frischehändler.	AI_BULK_ACCEPTED	AI_BULK_ACCEPTED	AI_BULK_ACCEPTED	AI_BULK_ACCEPTED	AI_BULK_ACCEPTED	AI_BULK_ACCEPTED	APPROVED_FINAL		AI_REVIEW_BASE	f8855121af336a7c13cd799cafede5f9b9420f28	AVAILABILITY_NOVELTY_V1_20260907
COCONUT_CREAM	Kokoscreme	APPLICABLE	2	PLANNED	PLANNED	Kokoscreme ist über eine reguläre Onlinebestellung im allgemeinen Handel mit formgenauer Artikelsuche im allgemeinen deutschen Handel planbar, lokal aber kein verlässlicher Standardartikel.	Kokoscreme: Rostocker Bezugsweg über gut sortierte Vollsortimenter und etablierte deutsche Händler für Kokosprodukte.	AI_BULK_ACCEPTED	AI_BULK_ACCEPTED	AI_BULK_ACCEPTED	AI_BULK_ACCEPTED	AI_BULK_ACCEPTED	AI_BULK_ACCEPTED	APPROVED_FINAL		AI_REVIEW_BASE	f8855121af336a7c13cd799cafede5f9b9420f28	AVAILABILITY_NOVELTY_V1_20260907
COCONUT_FLAKES	Kokosraspeln	APPLICABLE	1	EASY	EASY	Kokosraspeln: gewöhnlicher lokaler Bezugsweg über den Bereich »Asia-, Konserven- oder Kochzutatenregal«.	Kokosraspeln: Rostocker Bezugsweg über das international ausgerichtete Kochzutatenregal eines gewöhnlichen großen Rostocker Supermarkts.	AI_BULK_ACCEPTED	AI_BULK_ACCEPTED	AI_BULK_ACCEPTED	AI_BULK_ACCEPTED	AI_BULK_ACCEPTED	AI_BULK_ACCEPTED	APPROVED_FINAL		AI_REVIEW_BASE	f8855121af336a7c13cd799cafede5f9b9420f28	AVAILABILITY_NOVELTY_V1_20260907
COCONUT_MILK	Kokosmilch	APPLICABLE	1	EASY	EASY	Kokosmilch: gewöhnlicher lokaler Bezugsweg über den Bereich »Asia-, Konserven- oder Kochzutatenregal«.	Kokosmilch: Rostocker Bezugsweg über das international ausgerichtete Kochzutatenregal eines gewöhnlichen großen Rostocker Supermarkts.	AI_BULK_ACCEPTED	AI_BULK_ACCEPTED	AI_BULK_ACCEPTED	AI_BULK_ACCEPTED	AI_BULK_ACCEPTED	AI_BULK_ACCEPTED	APPROVED_FINAL		AI_REVIEW_BASE	f8855121af336a7c13cd799cafede5f9b9420f28	AVAILABILITY_NOVELTY_V1_20260907
COCONUT_OIL	Kokosöl	APPLICABLE	1	EASY	EASY	Kokosöl: gewöhnlicher lokaler Bezugsweg über den Bereich »Öl- und Kochfettregal«.	Kokosöl: gewöhnlicher lokaler Bezugsweg über den Bereich »Kokosöl«.	AI_BULK_ACCEPTED	AI_BULK_ACCEPTED	AI_BULK_ACCEPTED	AI_BULK_ACCEPTED	AI_BULK_ACCEPTED	AI_BULK_ACCEPTED	APPROVED_FINAL		AI_REVIEW_BASE	f8855121af336a7c13cd799cafede5f9b9420f28	AVAILABILITY_NOVELTY_V1_20260907
COCONUT_PRODUCTS	Kokoszutat	APPLICABLE	2	EASY	EASY	Kokoszutat: gewöhnlicher lokaler Bezugsweg über den Bereich »Asia-, Backzutaten- oder Konservenregal«.	Kokoszutat: gewöhnlicher lokaler Bezugsweg über den Bereich »Kokoszutat«.	AI_BULK_ACCEPTED	AI_BULK_ACCEPTED	AI_BULK_ACCEPTED	AI_BULK_ACCEPTED	AI_BULK_ACCEPTED	AI_BULK_ACCEPTED	APPROVED_FINAL		AI_REVIEW_BASE	f8855121af336a7c13cd799cafede5f9b9420f28	AVAILABILITY_NOVELTY_V1_20260907
COCONUT_VINEGAR	Kokosessig	APPLICABLE	3	SPECIALTY	SPECIALTY	Kokosessig wird von unabhängig breit sortierten Asia-Händlern als reguläre haltbare Flaschenware geführt; neutraler Branntweinessig mit Aroma zählt nicht.	Kokosessig wird von unabhängig breit sortierten Asia-Händlern als reguläre haltbare Flaschenware geführt; neutraler Branntweinessig mit Aroma zählt nicht.	AI_BULK_ACCEPTED	AI_BULK_ACCEPTED	AI_BULK_ACCEPTED	AI_BULK_ACCEPTED	AI_BULK_ACCEPTED	AI_BULK_ACCEPTED	APPROVED_FINAL		AI_REVIEW_BASE	f8855121af336a7c13cd799cafede5f9b9420f28	AVAILABILITY_NOVELTY_V1_20260907
COCONUT_WATER	Kokoswasser	APPLICABLE	3	EASY	EASY	Kokoswasser: gewöhnlicher lokaler Bezugsweg über den Bereich »Saft-, Wasser- oder internationales Getränkeregal«.	Kokoswasser: Rostocker Bezugsweg über Saft-, Wasser- oder internationales Getränkeregal gewöhnlicher großer Rostocker Supermärkte.	HUMAN_EXPLICIT	HUMAN_EXPLICIT	HUMAN_EXPLICIT	HUMAN_EXPLICIT	HUMAN_EXPLICIT	HUMAN_EXPLICIT	APPROVED_FINAL		AI_REVIEW_BASE|HUMAN_CHARGE_6	f8855121af336a7c13cd799cafede5f9b9420f28	AVAILABILITY_NOVELTY_V1_20260907
COD	Kabeljau	APPLICABLE	1	EASY	EASY	Kabeljau: gewöhnlicher lokaler Bezugsweg über den Bereich »Fischkühlung, Fischtheke oder Tiefkühlabteilung«.	Kabeljau: Rostocker Bezugsweg über die Fischkühlung, Tiefkühltruhe oder Fischtheke eines gewöhnlichen großen Rostocker Supermarkts.	AI_BULK_ACCEPTED	AI_BULK_ACCEPTED	AI_BULK_ACCEPTED	AI_BULK_ACCEPTED	AI_BULK_ACCEPTED	AI_BULK_ACCEPTED	APPROVED_FINAL		AI_REVIEW_BASE	f8855121af336a7c13cd799cafede5f9b9420f28	AVAILABILITY_NOVELTY_V1_20260907
COFFEE	Kaffee	APPLICABLE	4	EASY	EASY	Kaffee: Breiter allgemeiner Supermarkt- und Discounterstandard.	Kaffee: Breiter allgemeiner Supermarkt- und Discounterstandard.	HUMAN_EXPLICIT	HUMAN_EXPLICIT	HUMAN_EXPLICIT	AI_BULK_ACCEPTED	AI_BULK_ACCEPTED	HUMAN_EXPLICIT	APPROVED_FINAL		AI_REVIEW_BASE|NOVELTY_REFERENCE_ANCHOR_HUMAN|AVAILABILITY_V2_ANCHOR_HUMAN	f8855121af336a7c13cd799cafede5f9b9420f28	AVAILABILITY_NOVELTY_V1_20260907
COGNAC	Cognac	APPLICABLE	3	PLANNED	PLANNED	Cognac: Geografisch echter Cognac über allgemeinen Spirituosenversand; Conalco führt Landy Cognac XO No. 1 lagernd und kurzfristig deutschlandweit lieferbar.	Cognac: Geografisch echter Cognac im allgemeinen Spirituosenversand; Conalco listet Landy Cognac XO No. 1 lagernd und deutschlandweit lieferbar.	AI_BULK_ACCEPTED	AI_BULK_ACCEPTED	AI_BULK_ACCEPTED	AI_BULK_ACCEPTED	AI_BULK_ACCEPTED	AI_BULK_ACCEPTED	APPROVED_FINAL		AI_REVIEW_BASE	f8855121af336a7c13cd799cafede5f9b9420f28	AVAILABILITY_NOVELTY_V1_20260907
COM_ME	Mẻ oder Cơm mẻ	APPLICABLE	4	UNAVAILABLE	UNAVAILABLE	Mẻ oder Cơm mẻ: Kein realistischer wiederholbarer deutscher oder sinnvoller EU-Endkundenweg für die exakte fermentierte Reiswürze.	Mẻ oder Cơm mẻ: Kein realistischer wiederholbarer deutscher oder sinnvoller EU-Endkundenweg für die exakte fermentierte Reiswürze.	HUMAN_EXPLICIT	HUMAN_EXPLICIT	HUMAN_EXPLICIT	AI_BULK_ACCEPTED	AI_BULK_ACCEPTED	HUMAN_EXPLICIT	APPROVED_FINAL		AI_REVIEW_BASE|NOVELTY_REFERENCE_ANCHOR_HUMAN|AVAILABILITY_V2_ANCHOR_HUMAN	f8855121af336a7c13cd799cafede5f9b9420f28	AVAILABILITY_NOVELTY_V1_20260907
CONDENSED_MILK	gezuckerte Kondensmilch	APPLICABLE	2	EASY	EASY	gezuckerte Kondensmilch: gewöhnlicher lokaler Bezugsweg über den Bereich »Molkereikühlregal«.	gezuckerte Kondensmilch: gewöhnlicher lokaler Bezugsweg über den Bereich »gezuckerte Kondensmilch«.	AI_BULK_ACCEPTED	AI_BULK_ACCEPTED	AI_BULK_ACCEPTED	AI_BULK_ACCEPTED	AI_BULK_ACCEPTED	AI_BULK_ACCEPTED	APPROVED_FINAL		AI_REVIEW_BASE	f8855121af336a7c13cd799cafede5f9b9420f28	AVAILABILITY_NOVELTY_V1_20260907
CONFECTIONERY	Süßware	NOT_APPLICABLE_STRUCTURE	NOT_APPLICABLE	NOT_APPLICABLE	NOT_APPLICABLE			HUMAN_EXPLICIT	HUMAN_EXPLICIT	HUMAN_EXPLICIT	NOT_APPLICABLE	NOT_APPLICABLE	HUMAN_EXPLICIT	APPROVED_FINAL		AI_REVIEW_BASE|STRUCTURE_DECISION_HUMAN	f8855121af336a7c13cd799cafede5f9b9420f28	AVAILABILITY_NOVELTY_V1_20260907
COOKED_HAM	Kochschinken	APPLICABLE	1	EASY	EASY	Kochschinken: gewöhnlicher lokaler Bezugsweg über den Bereich »Wurstkühlung oder Bedientheke«.	Kochschinken: gewöhnlicher lokaler Bezugsweg über den Bereich »Kochschinken«.	AI_BULK_ACCEPTED	AI_BULK_ACCEPTED	AI_BULK_ACCEPTED	AI_BULK_ACCEPTED	AI_BULK_ACCEPTED	AI_BULK_ACCEPTED	APPROVED_FINAL		AI_REVIEW_BASE	f8855121af336a7c13cd799cafede5f9b9420f28	AVAILABILITY_NOVELTY_V1_20260907
COOKING_ALCOHOL	Kochalkohol	APPLICABLE	3	EASY	EASY	Kochalkohol: gewöhnlicher lokaler Bezugsweg über den Bereich »Getränke-, Wein- oder Spirituosenregal«.	Kochalkohol: Rostocker Bezugsweg über das Spirituosen- oder Weinregal eines gewöhnlichen großen Rostocker Supermarkts.	AI_BULK_ACCEPTED	AI_BULK_ACCEPTED	AI_BULK_ACCEPTED	AI_BULK_ACCEPTED	AI_BULK_ACCEPTED	AI_BULK_ACCEPTED	APPROVED_FINAL		AI_REVIEW_BASE	f8855121af336a7c13cd799cafede5f9b9420f28	AVAILABILITY_NOVELTY_V1_20260907
COOKING_FATS	Kochfett	APPLICABLE	1	EASY	EASY	Kochfett: gewöhnlicher lokaler Bezugsweg über den Bereich »Öl- und Kochfettregal«.	Kochfett: Rostocker Bezugsweg über das Öl- oder Kochfettregal eines gewöhnlichen großen Rostocker Supermarkts.	AI_BULK_ACCEPTED	AI_BULK_ACCEPTED	AI_BULK_ACCEPTED	AI_BULK_ACCEPTED	AI_BULK_ACCEPTED	AI_BULK_ACCEPTED	APPROVED_FINAL		AI_REVIEW_BASE	f8855121af336a7c13cd799cafede5f9b9420f28	AVAILABILITY_NOVELTY_V1_20260907
CORIANDER_ROOT	Korianderwurzel	APPLICABLE	3	DIFFICULT	DIFFICULT	Korianderwurzel: Exakte frische Wurzel nur bei wenigen Frischeimporteuren; Koriandergrün mit Wurzelrest ist kein sicherer Ersatz.	Korianderwurzel: Exakte frische Wurzel nur bei wenigen Frischeimporteuren; Koriandergrün mit Wurzelrest ist kein sicherer Ersatz.	AI_BULK_ACCEPTED	HUMAN_EXPLICIT	HUMAN_EXPLICIT	AI_BULK_ACCEPTED	AI_BULK_ACCEPTED	MIXED	APPROVED_FINAL		AI_REVIEW_BASE|AVAILABILITY_V2_ANCHOR_HUMAN	f8855121af336a7c13cd799cafede5f9b9420f28	AVAILABILITY_NOVELTY_V1_20260907
CORIANDER_SEED	Koriandersaat	APPLICABLE	1	EASY	EASY	Koriandersaat: Gewöhnliches Gewürzregal größerer wie auch vieler kleinerer Supermärkte.	Koriandersaat: Gewöhnliches Gewürzregal größerer wie auch vieler kleinerer Supermärkte.	AI_BULK_ACCEPTED	HUMAN_EXPLICIT	HUMAN_EXPLICIT	AI_BULK_ACCEPTED	AI_BULK_ACCEPTED	MIXED	APPROVED_FINAL		AI_REVIEW_BASE|AVAILABILITY_V2_ANCHOR_HUMAN	f8855121af336a7c13cd799cafede5f9b9420f28	AVAILABILITY_NOVELTY_V1_20260907
CORN	Mais	APPLICABLE	1	EASY	EASY	Mais: gewöhnlicher lokaler Bezugsweg über den Bereich »Reis-, Mehl-, Nudel- oder Trockenwarenregal«.	Mais: Rostocker Bezugsweg über den Gemüse- oder Tiefkühlgemüsebereich eines gewöhnlichen großen Rostocker Supermarkts.	AI_BULK_ACCEPTED	AI_BULK_ACCEPTED	AI_BULK_ACCEPTED	AI_BULK_ACCEPTED	AI_BULK_ACCEPTED	AI_BULK_ACCEPTED	APPROVED_FINAL		AI_REVIEW_BASE	f8855121af336a7c13cd799cafede5f9b9420f28	AVAILABILITY_NOVELTY_V1_20260907
CORNMEAL	Maismehl	APPLICABLE	2	PLANNED	PLANNED	Maismehl ist über eine geplante Fahrt zu einem großen Markt mit dem Sortiment »Reis-, Mehl-, Nudel- oder Trockenwarenregal« im allgemeinen deutschen Handel planbar, lokal aber kein verlässlicher Standardartikel.	Maismehl: Der konkrete Bezug von „Maismehl“ läuft über gut sortierte Vollsortimenter und etablierte deutsche Gemüse- oder Frischehändler.	AI_BULK_ACCEPTED	AI_BULK_ACCEPTED	AI_BULK_ACCEPTED	AI_BULK_ACCEPTED	AI_BULK_ACCEPTED	AI_BULK_ACCEPTED	APPROVED_FINAL		AI_REVIEW_BASE	f8855121af336a7c13cd799cafede5f9b9420f28	AVAILABILITY_NOVELTY_V1_20260907
CORNSTARCH	Maisstärke	APPLICABLE	1	EASY	EASY	Maisstärke: gewöhnlicher lokaler Bezugsweg über den Bereich »Reis-, Mehl-, Nudel- oder Trockenwarenregal«.	Maisstärke: gewöhnlicher lokaler Bezugsweg über den Bereich »Maisstärke«.	AI_BULK_ACCEPTED	AI_BULK_ACCEPTED	AI_BULK_ACCEPTED	AI_BULK_ACCEPTED	AI_BULK_ACCEPTED	AI_BULK_ACCEPTED	APPROVED_FINAL		AI_REVIEW_BASE	f8855121af336a7c13cd799cafede5f9b9420f28	AVAILABILITY_NOVELTY_V1_20260907
COUSCOUS	Couscous	APPLICABLE	1	EASY	EASY	Couscous: gewöhnlicher lokaler Bezugsweg über den Bereich »Reis-, Mehl-, Nudel- oder Trockenwarenregal«.	Couscous: gewöhnlicher lokaler Bezugsweg über den Bereich »Couscous«.	AI_BULK_ACCEPTED	AI_BULK_ACCEPTED	AI_BULK_ACCEPTED	AI_BULK_ACCEPTED	AI_BULK_ACCEPTED	AI_BULK_ACCEPTED	APPROVED_FINAL		AI_REVIEW_BASE	f8855121af336a7c13cd799cafede5f9b9420f28	AVAILABILITY_NOVELTY_V1_20260907
CRAB	Krabben oder Krebsfleisch	APPLICABLE	2	PLANNED	PLANNED	Krabben oder Krebsfleisch: Die verfügbare Produktseite dokumentiert ganze Soft-Shell-Krabben, roh nach der Häutung tiefgefroren und einzeln entnehmbar; damit ist eine zulässige ganze Krabbenform konkret bestellbar.	Krabben oder Krebsfleisch: Die verfügbare Produktseite dokumentiert ganze Soft-Shell-Krabben, roh nach der Häutung tiefgefroren und einzeln entnehmbar; damit ist eine zulässige ganze Krabbenform konkret bestellbar.	AI_BULK_ACCEPTED	AI_BULK_ACCEPTED	AI_BULK_ACCEPTED	AI_BULK_ACCEPTED	AI_BULK_ACCEPTED	AI_BULK_ACCEPTED	APPROVED_FINAL		AI_REVIEW_BASE	f8855121af336a7c13cd799cafede5f9b9420f28	AVAILABILITY_NOVELTY_V1_20260907
CRANBERRY	Cranberry	APPLICABLE	2	EASY	EASY	Cranberry: gewöhnlicher lokaler Bezugsweg über den Bereich »Obst- und Gemüseabteilung«.	Cranberry: gewöhnlicher lokaler Bezugsweg über den Bereich »Cranberry«.	AI_BULK_ACCEPTED	AI_BULK_ACCEPTED	AI_BULK_ACCEPTED	AI_BULK_ACCEPTED	AI_BULK_ACCEPTED	AI_BULK_ACCEPTED	APPROVED_FINAL		AI_REVIEW_BASE	f8855121af336a7c13cd799cafede5f9b9420f28	AVAILABILITY_NOVELTY_V1_20260907
CRAYFISH	Flusskrebse	APPLICABLE	2	PLANNED	PLANNED	Flusskrebse: Deutsche See bietet ganze gekochte Louisiana-Flusskrebse in Weißweinsud aktuell verfügbar und tiefgekühlt an; die ganze zulässige Flusskrebsform bleibt erkennbar.	Flusskrebse: Deutsche See bietet ganze gekochte Louisiana-Flusskrebse in Weißweinsud aktuell verfügbar und tiefgekühlt an; die ganze zulässige Flusskrebsform bleibt erkennbar.	AI_BULK_ACCEPTED	AI_BULK_ACCEPTED	AI_BULK_ACCEPTED	AI_BULK_ACCEPTED	AI_BULK_ACCEPTED	AI_BULK_ACCEPTED	APPROVED_FINAL		AI_REVIEW_BASE	f8855121af336a7c13cd799cafede5f9b9420f28	AVAILABILITY_NOVELTY_V1_20260907
CREAM	Sahne	APPLICABLE	1	EASY	EASY	Sahne: gewöhnlicher lokaler Bezugsweg über den Bereich »Molkereikühlregal«.	Sahne: gewöhnlicher lokaler Bezugsweg über den Bereich »Sahne«.	AI_BULK_ACCEPTED	AI_BULK_ACCEPTED	AI_BULK_ACCEPTED	AI_BULK_ACCEPTED	AI_BULK_ACCEPTED	AI_BULK_ACCEPTED	APPROVED_FINAL		AI_REVIEW_BASE	f8855121af336a7c13cd799cafede5f9b9420f28	AVAILABILITY_NOVELTY_V1_20260907
CREAM_CHEESE	Frischkäse	APPLICABLE	1	EASY	EASY	Frischkäse: gewöhnlicher lokaler Bezugsweg über den Bereich »Käsekühlung oder Käsetheke«.	Frischkäse: gewöhnlicher lokaler Bezugsweg über den Bereich »Frischkäse«.	AI_BULK_ACCEPTED	AI_BULK_ACCEPTED	AI_BULK_ACCEPTED	AI_BULK_ACCEPTED	AI_BULK_ACCEPTED	AI_BULK_ACCEPTED	APPROVED_FINAL		AI_REVIEW_BASE	f8855121af336a7c13cd799cafede5f9b9420f28	AVAILABILITY_NOVELTY_V1_20260907
CREME_FRAICHE	Crème fraîche	APPLICABLE	1	EASY	EASY	Crème fraîche: gewöhnlicher lokaler Bezugsweg über den Bereich »Molkereikühlregal«.	Crème fraîche: gewöhnlicher lokaler Bezugsweg über den Bereich »Crème fraîche«.	AI_BULK_ACCEPTED	AI_BULK_ACCEPTED	AI_BULK_ACCEPTED	AI_BULK_ACCEPTED	AI_BULK_ACCEPTED	AI_BULK_ACCEPTED	APPROVED_FINAL		AI_REVIEW_BASE	f8855121af336a7c13cd799cafede5f9b9420f28	AVAILABILITY_NOVELTY_V1_20260907
CRISPBREAD	Knäckebrot	APPLICABLE	2	EASY	EASY	Knäckebrot: gewöhnlicher lokaler Bezugsweg über den Bereich »Reis-, Mehl-, Nudel- oder Trockenwarenregal«.	Knäckebrot: gewöhnlicher lokaler Bezugsweg über den Bereich »Knäckebrot«.	AI_BULK_ACCEPTED	AI_BULK_ACCEPTED	AI_BULK_ACCEPTED	AI_BULK_ACCEPTED	AI_BULK_ACCEPTED	AI_BULK_ACCEPTED	APPROVED_FINAL		AI_REVIEW_BASE	f8855121af336a7c13cd799cafede5f9b9420f28	AVAILABILITY_NOVELTY_V1_20260907
CROISSANT	Croissant	APPLICABLE	3	EASY	EASY	Croissant: gewöhnlicher lokaler Bezugsweg über den Bereich »Brot-, Backwaren- oder Backzutatenbereich«.	Croissant: gewöhnlicher lokaler Bezugsweg über den Bereich »Croissant«.	HUMAN_EXPLICIT	HUMAN_EXPLICIT	HUMAN_EXPLICIT	HUMAN_EXPLICIT	HUMAN_EXPLICIT	HUMAN_EXPLICIT	APPROVED_FINAL		AI_REVIEW_BASE|HUMAN_CHARGE_3	f8855121af336a7c13cd799cafede5f9b9420f28	AVAILABILITY_NOVELTY_V1_20260907
CRUSTACEANS	Krustentiere	APPLICABLE	2	EASY	EASY	Krustentiere: gewöhnlicher lokaler Bezugsweg über die regulären lokalen Sortimente REWE ja! – Eismeergarnelen 100 g sowie EDEKA – Eismeer-Garnelen 225 g.	Krustentiere: REWE führt mit Costa Garnelen Natur eine klar bezeichnete tiefgekühlte Krebstierware im gewöhnlichen Sortiment; mehrere reguläre Rostocker REWE-Filialen bilden den lokalen Prüfweg für Tobias.	AI_BULK_ACCEPTED	AI_BULK_ACCEPTED	AI_BULK_ACCEPTED	AI_BULK_ACCEPTED	AI_BULK_ACCEPTED	AI_BULK_ACCEPTED	APPROVED_FINAL		AI_REVIEW_BASE	f8855121af336a7c13cd799cafede5f9b9420f28	AVAILABILITY_NOVELTY_V1_20260907
CUCUMBER	Gurke	APPLICABLE	1	EASY	EASY	Gurke: gewöhnlicher lokaler Bezugsweg über den Bereich »Obst- und Gemüseabteilung«.	Gurke: gewöhnlicher lokaler Bezugsweg über den Bereich »Gurke«.	AI_BULK_ACCEPTED	AI_BULK_ACCEPTED	AI_BULK_ACCEPTED	AI_BULK_ACCEPTED	AI_BULK_ACCEPTED	AI_BULK_ACCEPTED	APPROVED_FINAL		AI_REVIEW_BASE	f8855121af336a7c13cd799cafede5f9b9420f28	AVAILABILITY_NOVELTY_V1_20260907
CULANTRO	Culantro oder Sägeblattkoriander	APPLICABLE	3	DIFFICULT	DIFFICULT	Frische Culantro-Blätter sind in den geprüften Asia-Frischesortimenten nicht formgenau belegt; Koriandergrün und Saatgut sind kein Ersatz.	Frische Culantro-Blätter sind in den geprüften Asia-Frischesortimenten nicht formgenau belegt; Koriandergrün und Saatgut sind kein Ersatz.	AI_BULK_ACCEPTED	AI_BULK_ACCEPTED	AI_BULK_ACCEPTED	AI_BULK_ACCEPTED	AI_BULK_ACCEPTED	AI_BULK_ACCEPTED	APPROVED_FINAL		AI_REVIEW_BASE	f8855121af336a7c13cd799cafede5f9b9420f28	AVAILABILITY_NOVELTY_V1_20260907
CULTURED_DAIRY	gesäuertes Milchprodukt	APPLICABLE	1	EASY	EASY	gesäuertes Milchprodukt: gewöhnlicher lokaler Bezugsweg über den Bereich »Molkereikühlregal«.	gesäuertes Milchprodukt: gewöhnlicher lokaler Bezugsweg über den Bereich »gesäuertes Milchprodukt«.	AI_BULK_ACCEPTED	AI_BULK_ACCEPTED	AI_BULK_ACCEPTED	AI_BULK_ACCEPTED	AI_BULK_ACCEPTED	AI_BULK_ACCEPTED	APPROVED_FINAL		AI_REVIEW_BASE	f8855121af336a7c13cd799cafede5f9b9420f28	AVAILABILITY_NOVELTY_V1_20260907
CUMIN	Kreuzkümmel	APPLICABLE	1	EASY	EASY	Kreuzkümmel: gewöhnlicher lokaler Bezugsweg über den Bereich »Gewürz- und Trockenwürzregal«.	Kreuzkümmel: Rostocker Bezugsweg über das Gewürz- oder Backregal eines gewöhnlichen großen Rostocker Supermarkts.	AI_BULK_ACCEPTED	AI_BULK_ACCEPTED	AI_BULK_ACCEPTED	AI_BULK_ACCEPTED	AI_BULK_ACCEPTED	AI_BULK_ACCEPTED	APPROVED_FINAL		AI_REVIEW_BASE	f8855121af336a7c13cd799cafede5f9b9420f28	AVAILABILITY_NOVELTY_V1_20260907
CURED_MEAT	gepökeltes oder luftgetrocknetes Fleisch	APPLICABLE	2	EASY	EASY	gepökeltes oder luftgetrocknetes Fleisch: gewöhnlicher lokaler Bezugsweg über den Bereich »Wurstkühlung oder Bedientheke«.	gepökeltes oder luftgetrocknetes Fleisch: gewöhnlicher lokaler Bezugsweg über den Bereich »gepökeltes oder luftgetrocknetes Fleisch«.	AI_BULK_ACCEPTED	AI_BULK_ACCEPTED	AI_BULK_ACCEPTED	AI_BULK_ACCEPTED	AI_BULK_ACCEPTED	AI_BULK_ACCEPTED	APPROVED_FINAL		AI_REVIEW_BASE	f8855121af336a7c13cd799cafede5f9b9420f28	AVAILABILITY_NOVELTY_V1_20260907
CURRY_LEAVES	Curryblätter	APPLICABLE	3	SPECIALTY	DIFFICULT	Curryblätter: Im großen indisch-asiatischen Spezialmarkt grundsätzlich etabliert; für Tobias bleibt die exakte frische/TK-Form wegen kleinerer lokaler Auswahl und Frischelogistik schwierig.	Curryblätter: Im großen indisch-asiatischen Spezialmarkt grundsätzlich etabliert; für Tobias bleibt die exakte frische/TK-Form wegen kleinerer lokaler Auswahl und Frischelogistik schwierig.	AI_BULK_ACCEPTED	HUMAN_EXPLICIT	HUMAN_EXPLICIT	AI_BULK_ACCEPTED	AI_BULK_ACCEPTED	MIXED	APPROVED_FINAL		AI_REVIEW_BASE|AVAILABILITY_V2_ANCHOR_HUMAN	f8855121af336a7c13cd799cafede5f9b9420f28	AVAILABILITY_NOVELTY_V1_20260907
CURRY_POWDER	Currypulver	APPLICABLE	1	EASY	EASY	Currypulver: gewöhnlicher lokaler Bezugsweg über den Bereich »Gewürz- und Trockenwürzregal«.	Currypulver: gewöhnlicher lokaler Bezugsweg über den Bereich »Currypulver«.	AI_BULK_ACCEPTED	AI_BULK_ACCEPTED	AI_BULK_ACCEPTED	AI_BULK_ACCEPTED	AI_BULK_ACCEPTED	AI_BULK_ACCEPTED	APPROVED_FINAL		AI_REVIEW_BASE	f8855121af336a7c13cd799cafede5f9b9420f28	AVAILABILITY_NOVELTY_V1_20260907
CUTTLEFISH	Sepia	APPLICABLE	3	PLANNED	PLANNED	Sepia: Send a Fish bietet ganze gereinigte rohe Mini-Sepia (Sepia pharaonis) im Warenkorb mit Lieferdatum an und verschickt sie bei minus 20 Grad Celsius mit Trockeneis.	Sepia: Send a Fish bietet ganze gereinigte rohe Mini-Sepia (Sepia pharaonis) im Warenkorb mit Lieferdatum an und verschickt sie bei minus 20 Grad Celsius mit Trockeneis.	HUMAN_EXPLICIT	HUMAN_EXPLICIT	HUMAN_EXPLICIT	HUMAN_EXPLICIT	HUMAN_EXPLICIT	HUMAN_EXPLICIT	APPROVED_FINAL		AI_REVIEW_BASE|HUMAN_CHARGE_2	f8855121af336a7c13cd799cafede5f9b9420f28	AVAILABILITY_NOVELTY_V1_20260907
DAIKON	Daikon	APPLICABLE	2	PLANNED	PLANNED	Daikon ist über eine gezielte Filial- oder Bestellprüfung für Gemüse oder Pilz im allgemeinen deutschen Handel planbar, lokal aber kein verlässlicher Standardartikel.	Daikon: Rostocker Bezugsweg über gut sortierte Vollsortimenter und etablierte deutsche Händler für haltbare Gemüseformen.	AI_BULK_ACCEPTED	AI_BULK_ACCEPTED	AI_BULK_ACCEPTED	AI_BULK_ACCEPTED	AI_BULK_ACCEPTED	AI_BULK_ACCEPTED	APPROVED_FINAL		AI_REVIEW_BASE	f8855121af336a7c13cd799cafede5f9b9420f28	AVAILABILITY_NOVELTY_V1_20260907
DAING	Daing	APPLICABLE	3	DIFFICULT	DIFFICULT	Daing: Nur der schmale Händlerweg über Filipino Asian Store – Tuyo dried salted herring ist positiv belegt; Standardversand begrenzt Form, Bestand oder Logistik.	Daing: Rostocker Bezugsweg über Filipino Asian Store – Tuyo dried salted herring; dokumentiert sind beim Abruf verfügbaren Bestand und Standardversand.	AI_BULK_ACCEPTED	AI_BULK_ACCEPTED	AI_BULK_ACCEPTED	AI_BULK_ACCEPTED	AI_BULK_ACCEPTED	AI_BULK_ACCEPTED	APPROVED_FINAL		AI_REVIEW_BASE	f8855121af336a7c13cd799cafede5f9b9420f28	AVAILABILITY_NOVELTY_V1_20260907
DAIRY_PRODUCTS	Milchprodukte	NOT_APPLICABLE_STRUCTURE	NOT_APPLICABLE	NOT_APPLICABLE	NOT_APPLICABLE			HUMAN_EXPLICIT	HUMAN_EXPLICIT	HUMAN_EXPLICIT	NOT_APPLICABLE	NOT_APPLICABLE	HUMAN_EXPLICIT	APPROVED_FINAL		AI_REVIEW_BASE|STRUCTURE_DECISION_HUMAN	f8855121af336a7c13cd799cafede5f9b9420f28	AVAILABILITY_NOVELTY_V1_20260907
DANABLU	Danablu	APPLICABLE	3	PLANNED	PLANNED	Exakter Castello Danablu ist im REWE-Katalog und bei einem unabhängigen deutschen Kühlversender gelistet; der lokale Bestand muss geplant werden.	Exakter Castello Danablu ist im REWE-Katalog und bei einem unabhängigen deutschen Kühlversender gelistet; der lokale Bestand muss geplant werden.	HUMAN_EXPLICIT	HUMAN_EXPLICIT	HUMAN_EXPLICIT	HUMAN_EXPLICIT	HUMAN_EXPLICIT	HUMAN_EXPLICIT	APPROVED_FINAL		AI_REVIEW_BASE|HUMAN_CHARGE_2	f8855121af336a7c13cd799cafede5f9b9420f28	AVAILABILITY_NOVELTY_V1_20260907
DANBO	Danbo	APPLICABLE	3	PLANNED	PLANNED	Danbo: HIT listet echten dänischen Danbo mit Kümmel im regulären Hart- und Schnittkäsesortiment seiner allgemeinen Käsetheken.	Danbo: HIT listet echten dänischen Danbo mit Kümmel im regulären Hart- und Schnittkäsesortiment seiner allgemeinen Käsetheken.	HUMAN_EXPLICIT	HUMAN_EXPLICIT	HUMAN_EXPLICIT	HUMAN_EXPLICIT	HUMAN_EXPLICIT	HUMAN_EXPLICIT	APPROVED_FINAL		AI_REVIEW_BASE|HUMAN_CHARGE_2	f8855121af336a7c13cd799cafede5f9b9420f28	AVAILABILITY_NOVELTY_V1_20260907
DARK_CHOCOLATE	Zartbitterschokolade	APPLICABLE	2	EASY	EASY	Zartbitterschokolade: gewöhnlicher lokaler Bezugsweg über den Bereich »Backzutaten-, Süßwaren- oder Kakaoregal«.	Zartbitterschokolade: Rostocker Bezugsweg über das Back-, Süßwaren- oder Brotregal eines gewöhnlichen großen Rostocker Supermarkts.	AI_BULK_ACCEPTED	AI_BULK_ACCEPTED	AI_BULK_ACCEPTED	AI_BULK_ACCEPTED	AI_BULK_ACCEPTED	AI_BULK_ACCEPTED	APPROVED_FINAL		AI_REVIEW_BASE	f8855121af336a7c13cd799cafede5f9b9420f28	AVAILABILITY_NOVELTY_V1_20260907
DARK_SOY_SAUCE	dunkle Sojasauce	APPLICABLE	2	SPECIALTY	SPECIALTY	dunkle Sojasauce ist im einschlägigen Spezialmarkt breit etabliert; dokumentierte reguläre Wege sind die voneinander unabhängigen Händler AsiaFoodland – dunkle Sojasauce sowie REWE – Asia-Saucen.	Dunkle Sojasauce ist über AsiaFoodland und das REWE-Asia-Sortiment im breiten Spezialmarkt belegt; konkrete Listungen bleiben vor dem Einkauf zu prüfen.	AI_BULK_ACCEPTED	AI_BULK_ACCEPTED	AI_BULK_ACCEPTED	AI_BULK_ACCEPTED	AI_BULK_ACCEPTED	AI_BULK_ACCEPTED	APPROVED_FINAL		AI_REVIEW_BASE	f8855121af336a7c13cd799cafede5f9b9420f28	AVAILABILITY_NOVELTY_V1_20260907
DASHI	Dashi	APPLICABLE	2	SPECIALTY	SPECIALTY	Dashi ist im einschlägigen Spezialmarkt breit etabliert; dokumentierte reguläre Wege sind die voneinander unabhängigen Händler Asia4Friends – Gewürze sowie AsiaFoodland – japanische Lebensmittel.	Dashi: Rostocker Bezugsweg über Asia4Friends – Gewürze und AsiaFoodland – japanische Lebensmittel; dokumentiert sind eine vor dem Einkauf erneut zu prüfende Verfügbarkeit und Standardversand.	AI_BULK_ACCEPTED	AI_BULK_ACCEPTED	AI_BULK_ACCEPTED	AI_BULK_ACCEPTED	AI_BULK_ACCEPTED	AI_BULK_ACCEPTED	APPROVED_FINAL		AI_REVIEW_BASE	f8855121af336a7c13cd799cafede5f9b9420f28	AVAILABILITY_NOVELTY_V1_20260907
DATE	Dattel	APPLICABLE	2	EASY	EASY	Dattel: gewöhnlicher lokaler Bezugsweg über den Bereich »Obst- und Gemüseabteilung«.	Dattel: gewöhnlicher lokaler Bezugsweg über den Bereich »Dattel«.	AI_BULK_ACCEPTED	AI_BULK_ACCEPTED	AI_BULK_ACCEPTED	AI_BULK_ACCEPTED	AI_BULK_ACCEPTED	AI_BULK_ACCEPTED	APPROVED_FINAL		AI_REVIEW_BASE	f8855121af336a7c13cd799cafede5f9b9420f28	AVAILABILITY_NOVELTY_V1_20260907
DATE_SYRUP	Dattelsirup	APPLICABLE	2	PLANNED	SPECIALTY	Dattelsirup: Georgia hat einen konkreten breiteren türkisch-/arabischen Fachmarktweg; Tobias benötigt eher den einschlägigen Spezialhandel. Keine Seite erhält EASY allein aus Demografie.	Dattelsirup: Georgia hat einen konkreten breiteren türkisch-/arabischen Fachmarktweg; Tobias benötigt eher den einschlägigen Spezialhandel. Keine Seite erhält EASY allein aus Demografie.	AI_BULK_ACCEPTED	HUMAN_EXPLICIT	HUMAN_EXPLICIT	AI_BULK_ACCEPTED	AI_BULK_ACCEPTED	MIXED	APPROVED_FINAL		AI_REVIEW_BASE|AVAILABILITY_V2_ANCHOR_HUMAN	f8855121af336a7c13cd799cafede5f9b9420f28	AVAILABILITY_NOVELTY_V1_20260907
DIJON_MUSTARD	Dijon-Senf	APPLICABLE	1	EASY	EASY	Dijon-Senf: gewöhnlicher lokaler Bezugsweg über den Bereich »Saucen-, Würzpasten- und Feinkostregal«.	Dijon-Senf: gewöhnlicher lokaler Bezugsweg über den Bereich »Dijon-Senf«.	AI_BULK_ACCEPTED	AI_BULK_ACCEPTED	AI_BULK_ACCEPTED	AI_BULK_ACCEPTED	AI_BULK_ACCEPTED	AI_BULK_ACCEPTED	APPROVED_FINAL		AI_REVIEW_BASE	f8855121af336a7c13cd799cafede5f9b9420f28	AVAILABILITY_NOVELTY_V1_20260907
DILL	Dill	APPLICABLE	1	EASY	EASY	Dill: gewöhnlicher lokaler Bezugsweg über den Bereich »frische Kräuterabteilung«.	Dill: gewöhnlicher lokaler Bezugsweg über den Bereich »Dill«.	AI_BULK_ACCEPTED	AI_BULK_ACCEPTED	AI_BULK_ACCEPTED	AI_BULK_ACCEPTED	AI_BULK_ACCEPTED	AI_BULK_ACCEPTED	APPROVED_FINAL		AI_REVIEW_BASE	f8855121af336a7c13cd799cafede5f9b9420f28	AVAILABILITY_NOVELTY_V1_20260907
DOENJANG	Doenjang	APPLICABLE	2	SPECIALTY	SPECIALTY	Doenjang ist im einschlägigen Spezialmarkt breit etabliert; dokumentierte reguläre Wege sind die voneinander unabhängigen Händler Asia4Friends – Saucen sowie AsiaFoodland – Saucen und Pasten.	Doenjang: Rostocker Bezugsweg über Asia4Friends – Saucen und AsiaFoodland – Saucen und Pasten; dokumentiert sind eine vor dem Einkauf erneut zu prüfende Verfügbarkeit und Standardversand.	AI_BULK_ACCEPTED	AI_BULK_ACCEPTED	AI_BULK_ACCEPTED	AI_BULK_ACCEPTED	AI_BULK_ACCEPTED	AI_BULK_ACCEPTED	APPROVED_FINAL		AI_REVIEW_BASE	f8855121af336a7c13cd799cafede5f9b9420f28	AVAILABILITY_NOVELTY_V1_20260907
DOUBANJIANG	Doubanjiang	APPLICABLE	2	SPECIALTY	SPECIALTY	Doubanjiang: Breit in chinesisch-asiatischen Spezialsortimenten geführt; mehrere Marken und unabhängige Händler.	Doubanjiang: Breit in chinesisch-asiatischen Spezialsortimenten geführt; mehrere Marken und unabhängige Händler.	AI_BULK_ACCEPTED	HUMAN_EXPLICIT	HUMAN_EXPLICIT	AI_BULK_ACCEPTED	AI_BULK_ACCEPTED	MIXED	APPROVED_FINAL		AI_REVIEW_BASE|AVAILABILITY_V2_ANCHOR_HUMAN	f8855121af336a7c13cd799cafede5f9b9420f28	AVAILABILITY_NOVELTY_V1_20260907
DRAGON_FRUIT	Drachenfrucht	APPLICABLE	3	PLANNED	PLANNED	Drachenfrucht ist über eine geplante Fahrt zu einem großen Markt mit dem Sortiment »Obst- und Gemüseabteilung« im allgemeinen deutschen Handel planbar, lokal aber kein verlässlicher Standardartikel.	Drachenfrucht: Die Beschaffung von „Drachenfrucht“ erfolgt in Rostock über gut sortierte Vollsortimenter und etablierte deutsche Frucht- oder Frischehändler.	AI_BULK_ACCEPTED	AI_BULK_ACCEPTED	AI_BULK_ACCEPTED	AI_BULK_ACCEPTED	AI_BULK_ACCEPTED	AI_BULK_ACCEPTED	APPROVED_FINAL		AI_REVIEW_BASE	f8855121af336a7c13cd799cafede5f9b9420f28	AVAILABILITY_NOVELTY_V1_20260907
DRIED_APRICOT	getrocknete Aprikosen	APPLICABLE	2	EASY	EASY	getrocknete Aprikosen: gewöhnlicher lokaler Bezugsweg über den Bereich »Trockenfrucht- und Backzutatenregal«.	getrocknete Aprikosen: Rostocker Bezugsweg über das Trockenobst-, Tiefkühlobst- oder Obstkonservenregal eines gewöhnlichen großen Rostocker Supermarkts.	AI_BULK_ACCEPTED	AI_BULK_ACCEPTED	AI_BULK_ACCEPTED	AI_BULK_ACCEPTED	AI_BULK_ACCEPTED	AI_BULK_ACCEPTED	APPROVED_FINAL		AI_REVIEW_BASE	f8855121af336a7c13cd799cafede5f9b9420f28	AVAILABILITY_NOVELTY_V1_20260907
DRIED_CHILI	getrocknete Chili	APPLICABLE	1	PLANNED	PLANNED	getrocknete Chili ist über ein vorab zu prüfendes Sortiment im Bereich »Gewürz- und Trockenwürzregal« eines großen Bornheimer Markts im allgemeinen deutschen Handel planbar, lokal aber kein verlässlicher Standardartikel.	getrocknete Chili: Die Beschaffung von „getrocknete Chili“ erfolgt in Rostock über gut sortierte Vollsortimenter und etablierte deutsche Gewürzhändler.	AI_BULK_ACCEPTED	AI_BULK_ACCEPTED	AI_BULK_ACCEPTED	AI_BULK_ACCEPTED	AI_BULK_ACCEPTED	AI_BULK_ACCEPTED	APPROVED_FINAL		AI_REVIEW_BASE	f8855121af336a7c13cd799cafede5f9b9420f28	AVAILABILITY_NOVELTY_V1_20260907
DRIED_FISH	getrockneter Fisch	APPLICABLE	3	SPECIALTY	SPECIALTY	getrockneter Fisch ist im einschlägigen Spezialmarkt breit etabliert; dokumentierte reguläre Wege sind die voneinander unabhängigen Händler Filipino Asian Store – Tuyo dried salted herring sowie Asia4Friends – Fisch und Meeresfrüchte.	getrockneter Fisch: Rostocker Bezugsweg über Asia4Friends – Fisch und Meeresfrüchte und Filipino Asian Store – Tuyo dried salted herring; dokumentiert sind eine vor dem Einkauf erneut zu prüfende Verfügbarkeit und Standardversand.	AI_BULK_ACCEPTED	AI_BULK_ACCEPTED	AI_BULK_ACCEPTED	AI_BULK_ACCEPTED	AI_BULK_ACCEPTED	AI_BULK_ACCEPTED	APPROVED_FINAL		AI_REVIEW_BASE	f8855121af336a7c13cd799cafede5f9b9420f28	AVAILABILITY_NOVELTY_V1_20260907
DRIED_FRUIT	Trockenfrüchte	APPLICABLE	2	EASY	EASY	Trockenfrüchte: gewöhnlicher lokaler Bezugsweg über den Bereich »Trockenfrucht- und Backzutatenregal«.	Trockenfrüchte: Rostocker Bezugsweg über das Trockenobst-, Tiefkühlobst- oder Obstkonservenregal eines gewöhnlichen großen Rostocker Supermarkts.	AI_BULK_ACCEPTED	AI_BULK_ACCEPTED	AI_BULK_ACCEPTED	AI_BULK_ACCEPTED	AI_BULK_ACCEPTED	AI_BULK_ACCEPTED	APPROVED_FINAL		AI_REVIEW_BASE	f8855121af336a7c13cd799cafede5f9b9420f28	AVAILABILITY_NOVELTY_V1_20260907
DRIED_SHRIMP	getrocknete Garnelen	APPLICABLE	3	SPECIALTY	SPECIALTY	getrocknete Garnelen: Regulärer Artikel vieler unabhängiger Asia-Händler; haltbar und ohne enge nationale Importabhängigkeit.	getrocknete Garnelen: Regulärer Artikel vieler unabhängiger Asia-Händler; haltbar und ohne enge nationale Importabhängigkeit.	HUMAN_EXPLICIT	HUMAN_EXPLICIT	HUMAN_EXPLICIT	AI_BULK_ACCEPTED	AI_BULK_ACCEPTED	HUMAN_EXPLICIT	APPROVED_FINAL		AI_REVIEW_BASE|NOVELTY_REFERENCE_ANCHOR_HUMAN|AVAILABILITY_V2_ANCHOR_HUMAN	f8855121af336a7c13cd799cafede5f9b9420f28	AVAILABILITY_NOVELTY_V1_20260907
DRIED_WILD_MUSHROOMS	getrocknete Waldpilze	APPLICABLE	2	PLANNED	PLANNED	getrocknete Waldpilze: Vom Bornheimer Profil aus trägt „internationales Trockenwaren- oder Asia-Regal über einen größeren Vollsortimenter mit geprüftem Sortiment“ den Bezug.	getrocknete Waldpilze: Rostocker Bezugsweg über gut sortierte Vollsortimenter und etablierte deutsche Händler für konservierte Pilze.	AI_BULK_ACCEPTED	AI_BULK_ACCEPTED	AI_BULK_ACCEPTED	AI_BULK_ACCEPTED	AI_BULK_ACCEPTED	AI_BULK_ACCEPTED	APPROVED_FINAL		AI_REVIEW_BASE	f8855121af336a7c13cd799cafede5f9b9420f28	AVAILABILITY_NOVELTY_V1_20260907
DUCK	Ente	APPLICABLE	2	PLANNED	PLANNED	Ente: Die offene Entenfleischform wird durch rohe Entenbrust mit Haut und Fettschicht konkret abgedeckt. GOURMET VERSAND zeigt den vakuumierten Zuschnitt aktuell bestellbar und liefert ihn tiefgekühlt per Express nach Bornheim.	Ente: Für Rostock belegt GOURMET VERSAND rohe Entenbrust mit Haut und Fettschicht als aktuell bestellbaren Entenzuschnitt. Der deutschlandweite Tiefkühl-Express erfordert eine terminierte Bestellung.	AI_BULK_ACCEPTED	AI_BULK_ACCEPTED	AI_BULK_ACCEPTED	AI_BULK_ACCEPTED	AI_BULK_ACCEPTED	AI_BULK_ACCEPTED	APPROVED_FINAL		AI_REVIEW_BASE	f8855121af336a7c13cd799cafede5f9b9420f28	AVAILABILITY_NOVELTY_V1_20260907
DUCK_BREAST	Entenbrust	APPLICABLE	2	PLANNED	PLANNED	Entenbrust: GOURMET VERSAND führt rohe vakuumierte Entenbrust mit Haut und der typischen Fettschicht aktuell als lieferbar. Nach Bornheim erfolgt ein planbarer Tiefkühl-Express; eine hautlose Variante ist für die offene Form nicht erforderlich.	Entenbrust: Die formgenaue Route ist rohe Entenbrust mit Haut und Fettschicht bei GOURMET VERSAND. Aktueller Warenkorb und deutschlandweiter Tiefkühlversand tragen einen vorbereiteten Einkauf nach Rostock.	AI_BULK_ACCEPTED	AI_BULK_ACCEPTED	AI_BULK_ACCEPTED	AI_BULK_ACCEPTED	AI_BULK_ACCEPTED	AI_BULK_ACCEPTED	APPROVED_FINAL		AI_REVIEW_BASE	f8855121af336a7c13cd799cafede5f9b9420f28	AVAILABILITY_NOVELTY_V1_20260907
DUCK_CONFIT	Entenconfit	APPLICABLE	3	PLANNED	PLANNED	Entenconfit: Vier bereits in Entenfett confierte Entenkeulen im 1,35-kg-Gebinde sind bei GOURMET VERSAND aktuell bestellbar. Die haltbare Dose kommt ungekühlt per Standardpaket und trennt sich klar von frischer Entenkeule.	Entenconfit: GOURMET VERSAND weist ein 1,35-kg-Gebinde mit vier in Entenfett confierten Keulen als sofort lieferbar aus. Der ungekühlte Deutschlandversand erlaubt Tobias eine terminierte Standardbestellung.	AI_BULK_ACCEPTED	AI_BULK_ACCEPTED	AI_BULK_ACCEPTED	AI_BULK_ACCEPTED	AI_BULK_ACCEPTED	AI_BULK_ACCEPTED	APPROVED_FINAL		AI_REVIEW_BASE	f8855121af336a7c13cd799cafede5f9b9420f28	AVAILABILITY_NOVELTY_V1_20260907
DUCK_EGG	Entenei	APPLICABLE	3	DIFFICULT	DIFFICULT	Für frische Enteneier ergab die gezielte Endkundensuche keinen belastbaren Versandweg; mögliche Hof- oder Marktangebote bleiben regional und saisonal.	Für frische Enteneier ergab die gezielte Endkundensuche keinen belastbaren Versandweg; mögliche Hof- oder Marktangebote bleiben regional und saisonal.	HUMAN_EXPLICIT	AI_BULK_ACCEPTED	AI_BULK_ACCEPTED	AI_BULK_ACCEPTED	AI_BULK_ACCEPTED	MIXED	APPROVED_FINAL		AI_REVIEW_BASE|HUMAN_CHARGE_1	f8855121af336a7c13cd799cafede5f9b9420f28	AVAILABILITY_NOVELTY_V1_20260907
DUCK_FAT	Entenfett	APPLICABLE	2	PLANNED	PLANNED	Entenfett: Ausgelassenes, leicht gesalzenes Entenschmalz wird bei GOURMET VERSAND im 320-g-Glas aktuell lagernd angeboten. Der ungekühlte Paketversand nach Bornheim passt zur Kochfettform und braucht keine Kühlzustellung.	Ein 320-g-Glas Entenschmalz ist bei GOURMET VERSAND aktuell bestellbar und wird ungekühlt versandt; lokaler Standardbestand ist nicht belegt.	AI_BULK_ACCEPTED	AI_BULK_ACCEPTED	AI_BULK_ACCEPTED	AI_BULK_ACCEPTED	AI_BULK_ACCEPTED	AI_BULK_ACCEPTED	APPROVED_FINAL		AI_REVIEW_BASE	f8855121af336a7c13cd799cafede5f9b9420f28	AVAILABILITY_NOVELTY_V1_20260907
DUCK_LEG	Entenkeule	APPLICABLE	2	PLANNED	PLANNED	Entenkeule: Heine Delikatessen zeigt eine rohe, ungewürzte Barbarie-Entenkeule mit Haut und 300–400 g Stückgewicht als sofort verfügbar. Die tiefgekühlte Lieferung nach Bornheim erfordert einen festgelegten Versandtag.	Entenkeule: Eine rohe Barbarie-Entenkeule mit Haut ist bei Heine Delikatessen aktuell bestellbar und wird tiefgekühlt deutschlandweit zugestellt. Tages- oder Wunschtermin macht den Weg nach Rostock planbar.	AI_BULK_ACCEPTED	AI_BULK_ACCEPTED	AI_BULK_ACCEPTED	AI_BULK_ACCEPTED	AI_BULK_ACCEPTED	AI_BULK_ACCEPTED	APPROVED_FINAL		AI_REVIEW_BASE	f8855121af336a7c13cd799cafede5f9b9420f28	AVAILABILITY_NOVELTY_V1_20260907
DULSE	Dulse	APPLICABLE	4	SPECIALTY	SPECIALTY	Getrocknete Dulse ist über Naturkost-, Algen- und Feinkost-Fachhandel sowie spezialisierte Versandwege erhältlich; ein robuster gewöhnlicher Supermarktstandard ist nicht belegt.	Getrocknete Dulse ist über Naturkost-, Algen- und Feinkost-Fachhandel sowie spezialisierte Versandwege erhältlich; ein robuster gewöhnlicher Supermarktstandard ist nicht belegt.	HUMAN_EXPLICIT	HUMAN_EXPLICIT	HUMAN_EXPLICIT	HUMAN_EXPLICIT	HUMAN_EXPLICIT	HUMAN_EXPLICIT	APPROVED_FINAL		AI_REVIEW_BASE|HUMAN_CHARGE_5	f8855121af336a7c13cd799cafede5f9b9420f28	AVAILABILITY_NOVELTY_V1_20260907
DUMPLING_DOUGH	Dumpling-Teig	APPLICABLE	2	PLANNED	PLANNED	Ungeschnittener gekühlter Nudel- oder Maultaschenteig ist im allgemeinen Handel planbar; seine Nutzung für eigene Dumpling-Hüllen bleibt eine offene Forminferenz.	Ungeschnittener gekühlter Nudel- oder Maultaschenteig ist im allgemeinen Handel planbar; seine Nutzung für eigene Dumpling-Hüllen bleibt eine offene Forminferenz.	AI_BULK_ACCEPTED	AI_BULK_ACCEPTED	AI_BULK_ACCEPTED	AI_BULK_ACCEPTED	AI_BULK_ACCEPTED	AI_BULK_ACCEPTED	APPROVED_FINAL		AI_REVIEW_BASE	f8855121af336a7c13cd799cafede5f9b9420f28	AVAILABILITY_NOVELTY_V1_20260907
DUMPLING_WRAPPERS	Teigblatt oder Dumpling-Hülle	APPLICABLE	2	SPECIALTY	SPECIALTY	Teigblatt oder Dumpling-Hülle: Breit in Asia-Kühl-/TK-Sortimenten etabliert aber nicht allgemeiner Handel und wegen Kühlform nicht PLANNED.	Teigblatt oder Dumpling-Hülle: Breit in Asia-Kühl-/TK-Sortimenten etabliert aber nicht allgemeiner Handel und wegen Kühlform nicht PLANNED.	AI_BULK_ACCEPTED	HUMAN_EXPLICIT	HUMAN_EXPLICIT	AI_BULK_ACCEPTED	AI_BULK_ACCEPTED	MIXED	APPROVED_FINAL		AI_REVIEW_BASE|AVAILABILITY_V2_ANCHOR_HUMAN	f8855121af336a7c13cd799cafede5f9b9420f28	AVAILABILITY_NOVELTY_V1_20260907
EDAM	Edamer	APPLICABLE	1	EASY	EASY	Edamer: gewöhnlicher lokaler Bezugsweg über den Bereich »Käsekühlung oder Käsetheke«.	Edamer: gewöhnlicher lokaler Bezugsweg über den Bereich »Edamer«.	AI_BULK_ACCEPTED	AI_BULK_ACCEPTED	AI_BULK_ACCEPTED	AI_BULK_ACCEPTED	AI_BULK_ACCEPTED	AI_BULK_ACCEPTED	APPROVED_FINAL		AI_REVIEW_BASE	f8855121af336a7c13cd799cafede5f9b9420f28	AVAILABILITY_NOVELTY_V1_20260907
EDAMAME	Edamame	APPLICABLE	2	PLANNED	PLANNED	Edamame: REWE Bio listet 500 g tiefgekühlte Edamame in der Schote als reguläre Produktseite. Für Georgia bleibt vor dem Einkauf die Bornheimer Marktauswahl nötig; diese Standortabhängigkeit trägt GENERAL_BROAD/PLANNED, nicht EASY.	Edamame: Die REWE-Produktseite belegt tiefgekühlte Edamame in der Schote im allgemeinen Filialnetz. Tobias muss vorab einen Rostocker Markt wählen, weil Preis und Bestand standortabhängig angezeigt werden.	AI_BULK_ACCEPTED	AI_BULK_ACCEPTED	AI_BULK_ACCEPTED	AI_BULK_ACCEPTED	AI_BULK_ACCEPTED	AI_BULK_ACCEPTED	APPROVED_FINAL		AI_REVIEW_BASE	f8855121af336a7c13cd799cafede5f9b9420f28	AVAILABILITY_NOVELTY_V1_20260907
EDIBLE_SNAILS	essbare Schnecken	APPLICABLE	3	PLANNED	PLANNED	essbare Schnecken: Gourmet Versand führt große Helix-lucorum-Weinbergschnecken in der Dose lagernd und deutschlandweit.	essbare Schnecken: Eine erlaubte Form essbarer Schnecken ist im allgemeinen Feinkostversand vorhanden: Gourmet Versand führt Helix-lucorum-Weinbergschnecken als lagernde Dosenware mit Deutschlandzustellung.	HUMAN_EXPLICIT	HUMAN_EXPLICIT	HUMAN_EXPLICIT	HUMAN_EXPLICIT	HUMAN_EXPLICIT	HUMAN_EXPLICIT	APPROVED_FINAL		AI_REVIEW_BASE|HUMAN_CHARGE_5	f8855121af336a7c13cd799cafede5f9b9420f28	AVAILABILITY_NOVELTY_V1_20260907
EEL	Aal	APPLICABLE	3	PLANNED	PLANNED	Aal: Fischhändler, Wochenmarkt oder etablierter Fischversand sind gezielte grundsätzlich robuste Wege; kein EASY-Supermarktstandard.	Aal: Fischhändler, Wochenmarkt oder etablierter Fischversand sind gezielte grundsätzlich robuste Wege; kein EASY-Supermarktstandard.	AI_BULK_ACCEPTED	HUMAN_EXPLICIT	HUMAN_EXPLICIT	AI_BULK_ACCEPTED	AI_BULK_ACCEPTED	MIXED	APPROVED_FINAL		AI_REVIEW_BASE|AVAILABILITY_V2_ANCHOR_HUMAN	f8855121af336a7c13cd799cafede5f9b9420f28	AVAILABILITY_NOVELTY_V1_20260907
EGG	Ei	APPLICABLE	1	EASY	EASY	Ei: gewöhnlicher lokaler Bezugsweg über den Bereich »Eierregal«.	Ei: Rostocker Bezugsweg über das Eier- oder Kühlregal eines gewöhnlichen großen Rostocker Supermarkts.	AI_BULK_ACCEPTED	AI_BULK_ACCEPTED	AI_BULK_ACCEPTED	AI_BULK_ACCEPTED	AI_BULK_ACCEPTED	AI_BULK_ACCEPTED	APPROVED_FINAL		AI_REVIEW_BASE	f8855121af336a7c13cd799cafede5f9b9420f28	AVAILABILITY_NOVELTY_V1_20260907
EGGPLANT	Aubergine	APPLICABLE	1	EASY	EASY	Aubergine: gewöhnlicher lokaler Bezugsweg über den Bereich »Obst- und Gemüseabteilung«.	Aubergine: Rostocker Bezugsweg über die Gemüseabteilung eines gewöhnlichen großen Rostocker Supermarkts.	AI_BULK_ACCEPTED	AI_BULK_ACCEPTED	AI_BULK_ACCEPTED	AI_BULK_ACCEPTED	AI_BULK_ACCEPTED	AI_BULK_ACCEPTED	APPROVED_FINAL		AI_REVIEW_BASE	f8855121af336a7c13cd799cafede5f9b9420f28	AVAILABILITY_NOVELTY_V1_20260907
EGGS	Eier	APPLICABLE	1	EASY	EASY	Eier: gewöhnlicher lokaler Bezugsweg über den Bereich »Eierregal«.	Eier: Rostocker Bezugsweg über das Eier- oder Kühlregal eines gewöhnlichen großen Rostocker Supermarkts.	AI_BULK_ACCEPTED	AI_BULK_ACCEPTED	AI_BULK_ACCEPTED	AI_BULK_ACCEPTED	AI_BULK_ACCEPTED	AI_BULK_ACCEPTED	APPROVED_FINAL		AI_REVIEW_BASE	f8855121af336a7c13cd799cafede5f9b9420f28	AVAILABILITY_NOVELTY_V1_20260907
EGG_NOODLES	Eiernudeln	APPLICABLE	1	EASY	EASY	Eiernudeln: gewöhnlicher lokaler Bezugsweg über den Bereich »Reis-, Mehl-, Nudel- oder Trockenwarenregal«.	Eiernudeln: gewöhnlicher lokaler Bezugsweg über den Bereich »Eiernudeln«.	AI_BULK_ACCEPTED	AI_BULK_ACCEPTED	AI_BULK_ACCEPTED	AI_BULK_ACCEPTED	AI_BULK_ACCEPTED	AI_BULK_ACCEPTED	APPROVED_FINAL		AI_REVIEW_BASE	f8855121af336a7c13cd799cafede5f9b9420f28	AVAILABILITY_NOVELTY_V1_20260907
EGUSI_SEEDS	Egusi-Samen	APPLICABLE	3	SPECIALTY	SPECIALTY	Egusi-Samen sind reguläre Trockenware breit sortierter Afrika-Läden; unabhängige ganze und gemahlene Produkte mit Standardversand belegen den breiten Spezialmarkt.	Egusi-Samen sind reguläre Trockenware breit sortierter Afrika-Läden; unabhängige ganze und gemahlene Produkte mit Standardversand belegen den breiten Spezialmarkt.	AI_BULK_ACCEPTED	AI_BULK_ACCEPTED	AI_BULK_ACCEPTED	AI_BULK_ACCEPTED	AI_BULK_ACCEPTED	AI_BULK_ACCEPTED	APPROVED_FINAL		AI_REVIEW_BASE	f8855121af336a7c13cd799cafede5f9b9420f28	AVAILABILITY_NOVELTY_V1_20260907
ELDERBERRY	Holunderbeeren	APPLICABLE	3	PLANNED	PLANNED	Holunderbeeren: GOURMET VERSAND weist ganze tiefgekühlte Holunderbeeren mit bundesweitem TK-Expressversand aktuell auf Lager aus.	Holunderbeeren: GOURMET VERSAND weist ganze tiefgekühlte Holunderbeeren mit bundesweitem TK-Expressversand aktuell auf Lager aus. der Artikel kann je nach Rostocker Markt fehlen.	AI_BULK_ACCEPTED	AI_BULK_ACCEPTED	AI_BULK_ACCEPTED	AI_BULK_ACCEPTED	AI_BULK_ACCEPTED	AI_BULK_ACCEPTED	APPROVED_FINAL		AI_REVIEW_BASE	f8855121af336a7c13cd799cafede5f9b9420f28	AVAILABILITY_NOVELTY_V1_20260907
ENDIVE	Endivie	APPLICABLE	2	EASY	EASY	Endivie: gewöhnlicher lokaler Bezugsweg über den Bereich »Obst- und Gemüseabteilung«.	Endivie: Rostocker Bezugsweg über die Gemüseabteilung eines gewöhnlichen großen Rostocker Supermarkts.	AI_BULK_ACCEPTED	AI_BULK_ACCEPTED	AI_BULK_ACCEPTED	AI_BULK_ACCEPTED	AI_BULK_ACCEPTED	AI_BULK_ACCEPTED	APPROVED_FINAL		AI_REVIEW_BASE	f8855121af336a7c13cd799cafede5f9b9420f28	AVAILABILITY_NOVELTY_V1_20260907
ENOKI	Enoki	APPLICABLE	2	SPECIALTY	SPECIALTY	Frische Enoki haben unabhängige Wege über einen breiten Asia-Frischehändler und einen Pilzfachhändler; wiederkehrender Frische- oder Kühlversand trägt den breiten Spezialmarkt.	Frische Enoki haben unabhängige Wege über einen breiten Asia-Frischehändler und einen Pilzfachhändler; wiederkehrender Frische- oder Kühlversand trägt den breiten Spezialmarkt.	AI_BULK_ACCEPTED	AI_BULK_ACCEPTED	AI_BULK_ACCEPTED	AI_BULK_ACCEPTED	AI_BULK_ACCEPTED	AI_BULK_ACCEPTED	APPROVED_FINAL		AI_REVIEW_BASE	f8855121af336a7c13cd799cafede5f9b9420f28	AVAILABILITY_NOVELTY_V1_20260907
ESCARGOT	Weinbergschnecken	APPLICABLE	3	PLANNED	PLANNED	Weinbergschnecken: Französische Weinbergschnecken als gekochte Dosenware im allgemeinen Feinkostversand; Marie Monde weist Helix pomatia aktuell mit kleinem Bestand und kurzer Lieferzeit aus.	Weinbergschnecken: Gekochte Weinbergschnecken in der Dose über allgemeinen französischen Feinkostversand; Marie Monde weist Helix pomatia aktuell mit kleinem Bestand aus.	AI_BULK_ACCEPTED	AI_BULK_ACCEPTED	AI_BULK_ACCEPTED	AI_BULK_ACCEPTED	AI_BULK_ACCEPTED	AI_BULK_ACCEPTED	APPROVED_FINAL		AI_REVIEW_BASE	f8855121af336a7c13cd799cafede5f9b9420f28	AVAILABILITY_NOVELTY_V1_20260907
EVAPORATED_MILK	Kondensmilch	APPLICABLE	2	PLANNED	PLANNED	Kondensmilch ist über einen vorbereiteten Einkauf im gut sortierten Bereich »Molkereikühlregal« im allgemeinen deutschen Handel planbar, lokal aber kein verlässlicher Standardartikel.	Kondensmilch: Rostocker Bezugsweg über gut sortierte Vollsortimenter und etablierte deutsche Molkereihändler.	AI_BULK_ACCEPTED	AI_BULK_ACCEPTED	AI_BULK_ACCEPTED	AI_BULK_ACCEPTED	AI_BULK_ACCEPTED	AI_BULK_ACCEPTED	APPROVED_FINAL		AI_REVIEW_BASE	f8855121af336a7c13cd799cafede5f9b9420f28	AVAILABILITY_NOVELTY_V1_20260907
FARRO	Emmer oder Farro	APPLICABLE	2	PLANNED	PLANNED	Emmer oder Farro: Violey führt Alce Nero Perl-Emmer unter der Originalbezeichnung Farro Perlato als lagernde Körnerware mit regulärem DHL-Versand nach Deutschland.	Emmer oder Farro: Violey listet Alce Nero Perl-Emmer unter der Originalbezeichnung Farro Perlato als lagernde Körnerware und versendet sie regulär per DHL innerhalb Deutschlands.	AI_BULK_ACCEPTED	AI_BULK_ACCEPTED	AI_BULK_ACCEPTED	AI_BULK_ACCEPTED	AI_BULK_ACCEPTED	AI_BULK_ACCEPTED	APPROVED_FINAL		AI_REVIEW_BASE	f8855121af336a7c13cd799cafede5f9b9420f28	AVAILABILITY_NOVELTY_V1_20260907
FENALAR	Fenalår	APPLICABLE	3	DIFFICULT	DIFFICULT	Für echtes Fenalår ist im geprüften deutschen und EU-Endkundenhandel kein positiver Produktweg belegt; allgemeines Trockenfleisch zählt nicht.	Für echtes Fenalår ist im geprüften deutschen und EU-Endkundenhandel kein positiver Produktweg belegt; allgemeines Trockenfleisch zählt nicht.	AI_BULK_ACCEPTED	AI_BULK_ACCEPTED	AI_BULK_ACCEPTED	AI_BULK_ACCEPTED	AI_BULK_ACCEPTED	AI_BULK_ACCEPTED	APPROVED_FINAL		AI_REVIEW_BASE	f8855121af336a7c13cd799cafede5f9b9420f28	AVAILABILITY_NOVELTY_V1_20260907
FENNEL	Fenchel	APPLICABLE	2	EASY	EASY	Fenchel: gewöhnlicher lokaler Bezugsweg über den Bereich »Obst- und Gemüseabteilung«.	Fenchel: gewöhnlicher lokaler Bezugsweg über den Bereich »Fenchel«.	AI_BULK_ACCEPTED	AI_BULK_ACCEPTED	AI_BULK_ACCEPTED	AI_BULK_ACCEPTED	AI_BULK_ACCEPTED	AI_BULK_ACCEPTED	APPROVED_FINAL		AI_REVIEW_BASE	f8855121af336a7c13cd799cafede5f9b9420f28	AVAILABILITY_NOVELTY_V1_20260907
FENNEL_SEED	Fenchelsaat	APPLICABLE	2	EASY	EASY	Fenchelsaat: gewöhnlicher lokaler Bezugsweg über den Bereich »Gewürz- und Trockenwürzregal«.	Fenchelsaat: gewöhnlicher lokaler Bezugsweg über den Bereich »Fenchelsaat«.	AI_BULK_ACCEPTED	AI_BULK_ACCEPTED	AI_BULK_ACCEPTED	AI_BULK_ACCEPTED	AI_BULK_ACCEPTED	AI_BULK_ACCEPTED	APPROVED_FINAL		AI_REVIEW_BASE	f8855121af336a7c13cd799cafede5f9b9420f28	AVAILABILITY_NOVELTY_V1_20260907
FENUGREEK	Bockshornklee	APPLICABLE	3	SPECIALTY	SPECIALTY	Bockshornklee: Breit im indisch-/arabisch geprägten Gewürz- und Spezialhandel etabliert aber kein robuster allgemeiner Handelsstandard.	Bockshornklee: Breit im indisch-/arabisch geprägten Gewürz- und Spezialhandel etabliert aber kein robuster allgemeiner Handelsstandard.	AI_BULK_ACCEPTED	HUMAN_EXPLICIT	HUMAN_EXPLICIT	AI_BULK_ACCEPTED	AI_BULK_ACCEPTED	MIXED	APPROVED_FINAL		AI_REVIEW_BASE|AVAILABILITY_V2_ANCHOR_HUMAN	f8855121af336a7c13cd799cafede5f9b9420f28	AVAILABILITY_NOVELTY_V1_20260907
FERMENTED_BLACK_BEANS	fermentierte schwarze Bohnen	APPLICABLE	3	SPECIALTY	SPECIALTY	fermentierte schwarze Bohnen: Typischer Artikel des breiten chinesisch-asiatischen Spezialhandels aber kein allgemeiner deutscher Standard.	fermentierte schwarze Bohnen: Typischer Artikel des breiten chinesisch-asiatischen Spezialhandels aber kein allgemeiner deutscher Standard.	AI_BULK_ACCEPTED	HUMAN_EXPLICIT	HUMAN_EXPLICIT	AI_BULK_ACCEPTED	AI_BULK_ACCEPTED	MIXED	APPROVED_FINAL		AI_REVIEW_BASE|AVAILABILITY_V2_ANCHOR_HUMAN	f8855121af336a7c13cd799cafede5f9b9420f28	AVAILABILITY_NOVELTY_V1_20260907
FERMENTED_CUCUMBER	Salzgurke	APPLICABLE	2	PLANNED	PLANNED	Salzgurke: Violey führt Gurken, die ausdrücklich milchsauer in Wasser, Salz und Dill vergoren wurden, als lagernde Glasware.	Salzgurke: Violey führt Gurken, die ausdrücklich milchsauer in Wasser, Salz und Dill vergoren wurden, als lagernde Glasware.	AI_BULK_ACCEPTED	AI_BULK_ACCEPTED	AI_BULK_ACCEPTED	AI_BULK_ACCEPTED	AI_BULK_ACCEPTED	AI_BULK_ACCEPTED	APPROVED_FINAL		AI_REVIEW_BASE	f8855121af336a7c13cd799cafede5f9b9420f28	AVAILABILITY_NOVELTY_V1_20260907
FERMENTED_SEASONINGS	fermentierte Würzzutat	APPLICABLE	2	EASY	EASY	fermentierte Würzzutat: gewöhnlicher lokaler Bezugsweg über den Bereich »Saucen-, Würzpasten- und Feinkostregal«.	fermentierte Würzzutat: Rostocker Bezugsweg über das Saucen-, Essig- oder Feinkostregal eines gewöhnlichen großen Rostocker Supermarkts.	AI_BULK_ACCEPTED	AI_BULK_ACCEPTED	AI_BULK_ACCEPTED	AI_BULK_ACCEPTED	AI_BULK_ACCEPTED	AI_BULK_ACCEPTED	APPROVED_FINAL		AI_REVIEW_BASE	f8855121af336a7c13cd799cafede5f9b9420f28	AVAILABILITY_NOVELTY_V1_20260907
FERMENTED_TOFU	fermentierter Tofu	APPLICABLE	3	SPECIALTY	SPECIALTY	Verschiedene Marken fermentierten Tofus sind reguläre Würzwaren unabhängiger panasiatischer Vollsortimenter; haltbare Gläser vermeiden einen fragilen Einzelimport.	Verschiedene Marken fermentierten Tofus sind reguläre Würzwaren unabhängiger panasiatischer Vollsortimenter; haltbare Gläser vermeiden einen fragilen Einzelimport.	AI_BULK_ACCEPTED	AI_BULK_ACCEPTED	AI_BULK_ACCEPTED	AI_BULK_ACCEPTED	AI_BULK_ACCEPTED	AI_BULK_ACCEPTED	APPROVED_FINAL		AI_REVIEW_BASE	f8855121af336a7c13cd799cafede5f9b9420f28	AVAILABILITY_NOVELTY_V1_20260907
FETA	Feta	APPLICABLE	1	EASY	EASY	Feta: gewöhnlicher lokaler Bezugsweg über den Bereich »Käsekühlung oder Käsetheke«.	Feta: gewöhnlicher lokaler Bezugsweg über den Bereich »Feta«.	AI_BULK_ACCEPTED	AI_BULK_ACCEPTED	AI_BULK_ACCEPTED	AI_BULK_ACCEPTED	AI_BULK_ACCEPTED	AI_BULK_ACCEPTED	APPROVED_FINAL		AI_REVIEW_BASE	f8855121af336a7c13cd799cafede5f9b9420f28	AVAILABILITY_NOVELTY_V1_20260907
FIG	Feige	APPLICABLE	2	EASY	EASY	Feige: gewöhnlicher lokaler Bezugsweg über den Bereich »Obst- und Gemüseabteilung«.	Feige: gewöhnlicher lokaler Bezugsweg über den Bereich »Feige«.	AI_BULK_ACCEPTED	AI_BULK_ACCEPTED	AI_BULK_ACCEPTED	AI_BULK_ACCEPTED	AI_BULK_ACCEPTED	AI_BULK_ACCEPTED	APPROVED_FINAL		AI_REVIEW_BASE	f8855121af336a7c13cd799cafede5f9b9420f28	AVAILABILITY_NOVELTY_V1_20260907
FINGERROOT	Fingerwurz	APPLICABLE	3	SPECIALTY	SPECIALTY	Fingerwurz ist im einschlägigen Spezialmarkt breit etabliert; dokumentierte reguläre Wege sind die voneinander unabhängigen Händler Asia4Friends – frischer Krachai sowie Spicelands – frische Fingerwurz.	Fingerwurz: Rostocker Bezugsweg über Asia4Friends – frischer Krachai und Spicelands – frische Fingerwurz; dokumentiert sind eine vor dem Einkauf erneut zu prüfende Verfügbarkeit und Frischeversand.	AI_BULK_ACCEPTED	AI_BULK_ACCEPTED	AI_BULK_ACCEPTED	AI_BULK_ACCEPTED	AI_BULK_ACCEPTED	AI_BULK_ACCEPTED	APPROVED_FINAL		AI_REVIEW_BASE	f8855121af336a7c13cd799cafede5f9b9420f28	AVAILABILITY_NOVELTY_V1_20260907
FIRM_TOFU	fester Tofu	APPLICABLE	1	EASY	EASY	fester Tofu: gewöhnlicher lokaler Bezugsweg über den Bereich »Kühlregal für Tofu und pflanzliche Proteinprodukte«.	fester Tofu: Rostocker Bezugsweg über das Hülsenfrucht-, Konserven- oder Trockensortiment eines gewöhnlichen großen Rostocker Supermarkts.	AI_BULK_ACCEPTED	AI_BULK_ACCEPTED	AI_BULK_ACCEPTED	AI_BULK_ACCEPTED	AI_BULK_ACCEPTED	AI_BULK_ACCEPTED	APPROVED_FINAL		AI_REVIEW_BASE	f8855121af336a7c13cd799cafede5f9b9420f28	AVAILABILITY_NOVELTY_V1_20260907
FISH	Fisch	APPLICABLE	1	EASY	EASY	Fisch: Der offene Begriff kann durch gängigen frischen oder tiefgekühlten Speisefisch aus dem normalen Supermarkt erfüllt werden.	Fisch: Der offene Begriff kann durch gängigen frischen oder tiefgekühlten Speisefisch aus dem normalen Supermarkt erfüllt werden.	HUMAN_EXPLICIT	HUMAN_EXPLICIT	HUMAN_EXPLICIT	AI_BULK_ACCEPTED	AI_BULK_ACCEPTED	HUMAN_EXPLICIT	APPROVED_FINAL		AI_REVIEW_BASE|NOVELTY_REFERENCE_ANCHOR_HUMAN|AVAILABILITY_V2_ANCHOR_HUMAN	f8855121af336a7c13cd799cafede5f9b9420f28	AVAILABILITY_NOVELTY_V1_20260907
FISH_MINT	Fischminze	APPLICABLE	3	DIFFICULT	DIFFICULT	Fischminze: Essbare lebende Pflanze beziehungsweise frische Blätter nur über wenige spezialisierte Pflanzen- oder Asia-Wege; keine breite Spezialmarktware.	Fischminze: Essbare lebende Pflanze beziehungsweise frische Blätter nur über wenige spezialisierte Pflanzen- oder Asia-Wege; keine breite Spezialmarktware.	HUMAN_EXPLICIT	HUMAN_EXPLICIT	HUMAN_EXPLICIT	AI_BULK_ACCEPTED	AI_BULK_ACCEPTED	HUMAN_EXPLICIT	APPROVED_FINAL		AI_REVIEW_BASE|NOVELTY_REFERENCE_ANCHOR_HUMAN|AVAILABILITY_V2_ANCHOR_HUMAN	f8855121af336a7c13cd799cafede5f9b9420f28	AVAILABILITY_NOVELTY_V1_20260907
FISH_ROE	Fischrogen	APPLICABLE	2	PLANNED	PLANNED	Fischrogen: Die aktuelle Kategorie bündelt mehrere essbare Fischrogenarten, darunter Forellen- und Keta-Lachsrogen, mit konkreten Produktseiten und gekühlter Wunschzustellung.	Fischrogen: Die aktuelle Kategorie bündelt mehrere essbare Fischrogenarten, darunter Forellen- und Keta-Lachsrogen, mit konkreten Produktseiten und gekühlter Wunschzustellung.	AI_BULK_ACCEPTED	AI_BULK_ACCEPTED	AI_BULK_ACCEPTED	AI_BULK_ACCEPTED	AI_BULK_ACCEPTED	AI_BULK_ACCEPTED	APPROVED_FINAL		AI_REVIEW_BASE	f8855121af336a7c13cd799cafede5f9b9420f28	AVAILABILITY_NOVELTY_V1_20260907
FISH_SAUCE	Fischsauce	APPLICABLE	2	PLANNED	PLANNED	Fischsauce ist über eine gezielte Filial- oder Bestellprüfung für Sauce oder Würzpaste im allgemeinen deutschen Handel planbar, lokal aber kein verlässlicher Standardartikel.	Fischsauce: Die Beschaffung von „Fischsauce“ erfolgt in Rostock über gut sortierte Vollsortimenter und etablierte deutsche Feinkost- oder Würzsaucenhändler.	AI_BULK_ACCEPTED	AI_BULK_ACCEPTED	AI_BULK_ACCEPTED	AI_BULK_ACCEPTED	AI_BULK_ACCEPTED	AI_BULK_ACCEPTED	APPROVED_FINAL		AI_REVIEW_BASE	f8855121af336a7c13cd799cafede5f9b9420f28	AVAILABILITY_NOVELTY_V1_20260907
FISH_STOCK	Fischfond	APPLICABLE	1	PLANNED	PLANNED	Fischfond ist über einen vorbereiteten Einkauf im gut sortierten Bereich »Brühen-, Fond- und Suppenregal« im allgemeinen deutschen Handel planbar, lokal aber kein verlässlicher Standardartikel.	Fischfond: Rostocker Bezugsweg über gut sortierte Vollsortimenter und etablierte deutsche Fonds- oder Feinkosthändler.	AI_BULK_ACCEPTED	AI_BULK_ACCEPTED	AI_BULK_ACCEPTED	AI_BULK_ACCEPTED	AI_BULK_ACCEPTED	AI_BULK_ACCEPTED	APPROVED_FINAL		AI_REVIEW_BASE	f8855121af336a7c13cd799cafede5f9b9420f28	AVAILABILITY_NOVELTY_V1_20260907
FIVE_SPICE	Fünf-Gewürze-Pulver	APPLICABLE	2	PLANNED	PLANNED	Fünf-Gewürze-Pulver ist über eine konkrete Vorbestellung oder Bestandsabfrage für Gewürz im allgemeinen deutschen Handel planbar, lokal aber kein verlässlicher Standardartikel.	Fünf-Gewürze-Pulver: Beim Einkauf von „Fünf-Gewürze-Pulver“ nutzt Tobias gut sortierte Vollsortimenter und etablierte deutsche Gewürzhändler.	AI_BULK_ACCEPTED	AI_BULK_ACCEPTED	AI_BULK_ACCEPTED	AI_BULK_ACCEPTED	AI_BULK_ACCEPTED	AI_BULK_ACCEPTED	APPROVED_FINAL		AI_REVIEW_BASE	f8855121af336a7c13cd799cafede5f9b9420f28	AVAILABILITY_NOVELTY_V1_20260907
FLATBREAD	Fladenbrot	APPLICABLE	1	EASY	EASY	Fladenbrot: Weiches oder knuspriges Fladenbrot gehört in gewöhnlichen Bornheimer Vollsortimentern zum Brot- und Backwarenregal; abgepackte Varianten stehen bei internationalen Backwaren.	Fladenbrot: Rostocker Bezugsweg über das Back-, Süßwaren- oder Brotregal eines gewöhnlichen großen Rostocker Supermarkts.	AI_BULK_ACCEPTED	AI_BULK_ACCEPTED	AI_BULK_ACCEPTED	AI_BULK_ACCEPTED	AI_BULK_ACCEPTED	AI_BULK_ACCEPTED	APPROVED_FINAL		AI_REVIEW_BASE	f8855121af336a7c13cd799cafede5f9b9420f28	AVAILABILITY_NOVELTY_V1_20260907
FLATBROD	Flatbrød	APPLICABLE	3	DIFFICULT	DIFFICULT	Flatbrød: Enges norwegisches Importsortiment; einzelne Listings und schwankender Bestand genügen nicht für breite Spezialmarktpräsenz.	Flatbrød: Enges norwegisches Importsortiment; einzelne Listings und schwankender Bestand genügen nicht für breite Spezialmarktpräsenz.	HUMAN_EXPLICIT	HUMAN_EXPLICIT	HUMAN_EXPLICIT	HUMAN_EXPLICIT	HUMAN_EXPLICIT	HUMAN_EXPLICIT	APPROVED_FINAL		AI_REVIEW_BASE|AVAILABILITY_V2_ANCHOR_HUMAN|HUMAN_CHARGE_2	f8855121af336a7c13cd799cafede5f9b9420f28	AVAILABILITY_NOVELTY_V1_20260907
FLAXSEED	Leinsamen	APPLICABLE	2	EASY	EASY	Leinsamen: gewöhnlicher lokaler Bezugsweg über den Bereich »Nuss-, Saaten- oder Nussmusregal«.	Leinsamen: gewöhnlicher lokaler Bezugsweg über den Bereich »Leinsamen«.	AI_BULK_ACCEPTED	AI_BULK_ACCEPTED	AI_BULK_ACCEPTED	AI_BULK_ACCEPTED	AI_BULK_ACCEPTED	AI_BULK_ACCEPTED	APPROVED_FINAL		AI_REVIEW_BASE	f8855121af336a7c13cd799cafede5f9b9420f28	AVAILABILITY_NOVELTY_V1_20260907
FLEUR_DE_SEL	Fleur de sel	APPLICABLE	2	PLANNED	PLANNED	Fleur de sel: Handgeschöpfte Salzblüten über allgemeinen Gewürzversand; Ankerkraut führt Fleur de Sel als lagernde Oberflächenkristalle mit Deutschlandlieferung.	Fleur de sel: Handgeschöpfte Salzblüten sind bei Ankerkraut als lagernde Oberflächenkristalle mit Deutschlandversand gelistet.	AI_BULK_ACCEPTED	AI_BULK_ACCEPTED	AI_BULK_ACCEPTED	AI_BULK_ACCEPTED	AI_BULK_ACCEPTED	AI_BULK_ACCEPTED	APPROVED_FINAL		AI_REVIEW_BASE	f8855121af336a7c13cd799cafede5f9b9420f28	AVAILABILITY_NOVELTY_V1_20260907
FLOUR	Mehl	APPLICABLE	1	EASY	EASY	Mehl: gewöhnlicher lokaler Bezugsweg über den Bereich »Reis-, Mehl-, Nudel- oder Trockenwarenregal«.	Mehl: Rostocker Bezugsweg über das Getreide-, Mehl-, Reis- oder Teigwarenregal eines gewöhnlichen großen Rostocker Supermarkts.	AI_BULK_ACCEPTED	AI_BULK_ACCEPTED	AI_BULK_ACCEPTED	AI_BULK_ACCEPTED	AI_BULK_ACCEPTED	AI_BULK_ACCEPTED	APPROVED_FINAL		AI_REVIEW_BASE	f8855121af336a7c13cd799cafede5f9b9420f28	AVAILABILITY_NOVELTY_V1_20260907
FLOWER_VEGETABLES	Blütengemüse	APPLICABLE	1	EASY	EASY	Blütengemüse: gewöhnlicher lokaler Bezugsweg über den Bereich »Obst- und Gemüseabteilung«.	Blütengemüse: gewöhnlicher lokaler Bezugsweg über den Bereich »Blütengemüse«.	AI_BULK_ACCEPTED	AI_BULK_ACCEPTED	AI_BULK_ACCEPTED	AI_BULK_ACCEPTED	AI_BULK_ACCEPTED	AI_BULK_ACCEPTED	APPROVED_FINAL		AI_REVIEW_BASE	f8855121af336a7c13cd799cafede5f9b9420f28	AVAILABILITY_NOVELTY_V1_20260907
FOIE_GRAS	Foie gras	APPLICABLE	3	PLANNED	PLANNED	Foie gras: GOURMET VERSAND führt eine ganze Entenstopfleber als 100-prozentige Foie gras im 180-g-Glas aktuell lagernd. Der 0–7-°C-Artikel erreicht Bornheim per gekühltem Express und belegt genau eine klassische ganze Produktform.	Foie gras: Die konkrete Rostocker Route ist Rougié Entenstopfleber Entier im 180-g-Glas bei GOURMET VERSAND. Aktueller Bestand und 0–7-°C-Vorgabe verlangen einen terminierten Kühl-Express.	AI_BULK_ACCEPTED	AI_BULK_ACCEPTED	AI_BULK_ACCEPTED	AI_BULK_ACCEPTED	AI_BULK_ACCEPTED	AI_BULK_ACCEPTED	APPROVED_FINAL		AI_REVIEW_BASE	f8855121af336a7c13cd799cafede5f9b9420f28	AVAILABILITY_NOVELTY_V1_20260907
FRANKFURT_GREEN_SAUCE	Frankfurter Grüne Soße	APPLICABLE	3	DIFFICULT	DIFFICULT	Frankfurter Grüne Soße: Nur der schmale Händlerweg über REWE – Wilhelm Brandenburg Grüne Soße ist positiv belegt; Kühlversand begrenzt Form, Bestand oder Logistik.	Frankfurter Grüne Soße: Rostocker Bezugsweg über REWE – Wilhelm Brandenburg Grüne Soße; dokumentiert sind eine vor dem Einkauf erneut zu prüfende Verfügbarkeit und Kühlversand.	AI_BULK_ACCEPTED	AI_BULK_ACCEPTED	AI_BULK_ACCEPTED	AI_BULK_ACCEPTED	AI_BULK_ACCEPTED	AI_BULK_ACCEPTED	APPROVED_FINAL		AI_REVIEW_BASE	f8855121af336a7c13cd799cafede5f9b9420f28	AVAILABILITY_NOVELTY_V1_20260907
FREEKEH	Freekeh	APPLICABLE	3	PLANNED	PLANNED	Freekeh ist über einen vorbereiteten Einkauf im gut sortierten Bereich »Reis-, Mehl-, Nudel- oder Trockenwarenregal« im allgemeinen deutschen Handel planbar, lokal aber kein verlässlicher Standardartikel.	Freekeh: Der konkrete Bezug von „Freekeh“ läuft über gut sortierte Vollsortimenter und etablierte deutsche Bio- oder Trockenwarenhändler.	AI_BULK_ACCEPTED	AI_BULK_ACCEPTED	AI_BULK_ACCEPTED	AI_BULK_ACCEPTED	AI_BULK_ACCEPTED	AI_BULK_ACCEPTED	APPROVED_FINAL		AI_REVIEW_BASE	f8855121af336a7c13cd799cafede5f9b9420f28	AVAILABILITY_NOVELTY_V1_20260907
FRENCH_FRIES	Pommes frites	APPLICABLE	3	EASY	EASY	Pommes frites: gewöhnlicher lokaler Bezugsweg über den Bereich »Tiefkühlregal für Kartoffelprodukte«.	Pommes frites: Rostocker Bezugsweg über Tiefkühlregal für Kartoffel- und Convenienceprodukte gewöhnlicher großer Rostocker Supermärkte.	AI_BULK_ACCEPTED	AI_BULK_ACCEPTED	AI_BULK_ACCEPTED	AI_BULK_ACCEPTED	AI_BULK_ACCEPTED	AI_BULK_ACCEPTED	APPROVED_FINAL		AI_REVIEW_BASE	f8855121af336a7c13cd799cafede5f9b9420f28	AVAILABILITY_NOVELTY_V1_20260907
FRESHWATER_SNAILS	Süßwasserschnecken	APPLICABLE	3	DIFFICULT	DIFFICULT	Süßwasserschnecken: Exaktes TK-Schneckenfleisch über wenige Spezialimporteure und Tiefkühlversand; enger Markt.	Süßwasserschnecken: Exaktes TK-Schneckenfleisch über wenige Spezialimporteure und Tiefkühlversand; enger Markt.	HUMAN_EXPLICIT	HUMAN_EXPLICIT	HUMAN_EXPLICIT	AI_BULK_ACCEPTED	AI_BULK_ACCEPTED	HUMAN_EXPLICIT	APPROVED_FINAL		AI_REVIEW_BASE|NOVELTY_REFERENCE_ANCHOR_HUMAN|AVAILABILITY_V2_ANCHOR_HUMAN	f8855121af336a7c13cd799cafede5f9b9420f28	AVAILABILITY_NOVELTY_V1_20260907
FRESH_DAIRY_PRODUCTS	frisches Milchprodukt	APPLICABLE	1	EASY	EASY	frisches Milchprodukt: gewöhnlicher lokaler Bezugsweg über den Bereich »Molkereikühlregal«.	frisches Milchprodukt: gewöhnlicher lokaler Bezugsweg über den Bereich »frisches Milchprodukt«.	AI_BULK_ACCEPTED	AI_BULK_ACCEPTED	AI_BULK_ACCEPTED	AI_BULK_ACCEPTED	AI_BULK_ACCEPTED	AI_BULK_ACCEPTED	APPROVED_FINAL		AI_REVIEW_BASE	f8855121af336a7c13cd799cafede5f9b9420f28	AVAILABILITY_NOVELTY_V1_20260907
FRESH_HERBS	Kräuter und Würzblätter	NOT_APPLICABLE_STRUCTURE	NOT_APPLICABLE	NOT_APPLICABLE	NOT_APPLICABLE			HUMAN_EXPLICIT	HUMAN_EXPLICIT	HUMAN_EXPLICIT	NOT_APPLICABLE	NOT_APPLICABLE	HUMAN_EXPLICIT	APPROVED_FINAL		AI_REVIEW_BASE|STRUCTURE_DECISION_HUMAN	f8855121af336a7c13cd799cafede5f9b9420f28	AVAILABILITY_NOVELTY_V1_20260907
FRESH_TURMERIC	frischer Kurkuma	APPLICABLE	2	SPECIALTY	SPECIALTY	Frische Kurkumawurzel ist über mehrere unabhängige Asia-Frischehändler regulär erhältlich; allgemeine Supermarktlistings bleiben filialabhängig.	Frische Kurkumawurzel ist über mehrere unabhängige Asia-Frischehändler regulär erhältlich; allgemeine Supermarktlistings bleiben filialabhängig.	AI_BULK_ACCEPTED	AI_BULK_ACCEPTED	AI_BULK_ACCEPTED	AI_BULK_ACCEPTED	AI_BULK_ACCEPTED	AI_BULK_ACCEPTED	APPROVED_FINAL		AI_REVIEW_BASE	f8855121af336a7c13cd799cafede5f9b9420f28	AVAILABILITY_NOVELTY_V1_20260907
FRIED_ONIONS	Röstzwiebeln	APPLICABLE	1	EASY	EASY	Röstzwiebeln: gewöhnlicher lokaler Bezugsweg über den Bereich »Topping-, Röstzwiebel- oder Feinkostregal«.	Röstzwiebeln: Rostocker Bezugsweg über Röstzwiebel-, Topping- oder Feinkostregal gewöhnlicher großer Rostocker Supermärkte.	AI_BULK_ACCEPTED	AI_BULK_ACCEPTED	AI_BULK_ACCEPTED	AI_BULK_ACCEPTED	AI_BULK_ACCEPTED	AI_BULK_ACCEPTED	APPROVED_FINAL		AI_REVIEW_BASE	f8855121af336a7c13cd799cafede5f9b9420f28	AVAILABILITY_NOVELTY_V1_20260907
FROG_LEGS	Froschschenkel	APPLICABLE	3	DIFFICULT	DIFFICULT	Froschschenkel: Wenige TK-Spezialwege und notwendige Tiefkühllogistik; keine breite Präsenz im allgemeinen Asia-/Feinkostmarkt.	Froschschenkel: Wenige TK-Spezialwege und notwendige Tiefkühllogistik; keine breite Präsenz im allgemeinen Asia-/Feinkostmarkt.	HUMAN_EXPLICIT	HUMAN_EXPLICIT	HUMAN_EXPLICIT	AI_BULK_ACCEPTED	AI_BULK_ACCEPTED	HUMAN_EXPLICIT	APPROVED_FINAL		AI_REVIEW_BASE|NOVELTY_REFERENCE_ANCHOR_HUMAN|AVAILABILITY_V2_ANCHOR_HUMAN	f8855121af336a7c13cd799cafede5f9b9420f28	AVAILABILITY_NOVELTY_V1_20260907
FRUIT	Obst	APPLICABLE	1	EASY	EASY	Obst: gewöhnlicher lokaler Bezugsweg über den Bereich »Obst- und Gemüseabteilung«.	Obst: Rostocker Bezugsweg über die Obstabteilung eines gewöhnlichen großen Rostocker Supermarkts.	AI_BULK_ACCEPTED	AI_BULK_ACCEPTED	AI_BULK_ACCEPTED	AI_BULK_ACCEPTED	AI_BULK_ACCEPTED	AI_BULK_ACCEPTED	APPROVED_FINAL		AI_REVIEW_BASE	f8855121af336a7c13cd799cafede5f9b9420f28	AVAILABILITY_NOVELTY_V1_20260907
FRUIT_DUMPLING	Obstknödel	APPLICABLE	4	PLANNED	PLANNED	Die offene Obstknödelform umfasst fruchtgefüllte TK-Germknödel aus dem nationalen Supermarkt-Kettenkatalog; standortabhängiger TK-Bestand erfordert gezielte Planung.	Die offene Obstknödelform umfasst fruchtgefüllte TK-Germknödel aus dem nationalen Supermarkt-Kettenkatalog; standortabhängiger TK-Bestand erfordert gezielte Planung.	HUMAN_EXPLICIT	HUMAN_EXPLICIT	HUMAN_EXPLICIT	HUMAN_EXPLICIT	HUMAN_EXPLICIT	HUMAN_EXPLICIT	APPROVED_FINAL		AI_REVIEW_BASE|HUMAN_CHARGE_6	f8855121af336a7c13cd799cafede5f9b9420f28	AVAILABILITY_NOVELTY_V1_20260907
FRUIT_VEGETABLES	Fruchtgemüse	APPLICABLE	1	EASY	EASY	Fruchtgemüse: gewöhnlicher lokaler Bezugsweg über den Bereich »Obst- und Gemüseabteilung«.	Fruchtgemüse: gewöhnlicher lokaler Bezugsweg über den Bereich »Fruchtgemüse«.	AI_BULK_ACCEPTED	AI_BULK_ACCEPTED	AI_BULK_ACCEPTED	AI_BULK_ACCEPTED	AI_BULK_ACCEPTED	AI_BULK_ACCEPTED	APPROVED_FINAL		AI_REVIEW_BASE	f8855121af336a7c13cd799cafede5f9b9420f28	AVAILABILITY_NOVELTY_V1_20260907
GAC_FRUIT	Gấc-Frucht	APPLICABLE	4	DIFFICULT	DIFFICULT	Tiefgekühltes Gấc-Fruchtfleisch ist über einen einzelnen deutschen Asia-Importshop lieferbar; TK-Versand und schmale Händlerbasis bleiben fragil.	Tiefgekühltes Gấc-Fruchtfleisch ist über einen einzelnen deutschen Asia-Importshop lieferbar; TK-Versand und schmale Händlerbasis bleiben fragil.	HUMAN_EXPLICIT	HUMAN_EXPLICIT	HUMAN_EXPLICIT	HUMAN_EXPLICIT	HUMAN_EXPLICIT	HUMAN_EXPLICIT	APPROVED_FINAL		AI_REVIEW_BASE|HUMAN_CHARGE_6	f8855121af336a7c13cd799cafede5f9b9420f28	AVAILABILITY_NOVELTY_V1_20260907
GALANGAL	Galgant	APPLICABLE	2	SPECIALTY	SPECIALTY	Frischer Galgant ist reguläre Gemüseware unabhängig breit sortierter Asia-Händler; Versandtage sowie Kühl- oder Expressannahme müssen geplant werden.	Frischer Galgant ist reguläre Gemüseware unabhängig breit sortierter Asia-Händler; Versandtage sowie Kühl- oder Expressannahme müssen geplant werden.	HUMAN_EXPLICIT	HUMAN_EXPLICIT	HUMAN_EXPLICIT	HUMAN_EXPLICIT	HUMAN_EXPLICIT	HUMAN_EXPLICIT	APPROVED_FINAL		AI_REVIEW_BASE|HUMAN_CHARGE_3	f8855121af336a7c13cd799cafede5f9b9420f28	AVAILABILITY_NOVELTY_V1_20260907
GAME_MEAT	Wildfleisch	APPLICABLE	2	SPECIALTY	SPECIALTY	Wildfleisch ist über Wild- und Fleischfachhandel sowie spezialisierte Versandwege erhältlich; ein breiter allgemeiner Supermarkt- oder Metzgerstandard trägt die offene Kategorie nicht robust.	Wildfleisch ist über Wild- und Fleischfachhandel sowie spezialisierte Versandwege erhältlich; ein breiter allgemeiner Supermarkt- oder Metzgerstandard trägt die offene Kategorie nicht robust.	HUMAN_EXPLICIT	HUMAN_EXPLICIT	HUMAN_EXPLICIT	HUMAN_EXPLICIT	HUMAN_EXPLICIT	HUMAN_EXPLICIT	APPROVED_FINAL		AI_REVIEW_BASE|HUMAN_CHARGE_4	f8855121af336a7c13cd799cafede5f9b9420f28	AVAILABILITY_NOVELTY_V1_20260907
GARAM_MASALA	Garam Masala	APPLICABLE	2	PLANNED	PLANNED	Garam Masala: Die konkrete Einkaufsroute lautet für Georgia „Gewürz- und Trockenwürzregal nach formgenauer Sortimentsprüfung“.	Garam Masala: Für „Garam Masala“ wird das Angebot über gut sortierte Vollsortimenter und etablierte deutsche Gewürzhändler kontrolliert.	AI_BULK_ACCEPTED	AI_BULK_ACCEPTED	AI_BULK_ACCEPTED	AI_BULK_ACCEPTED	AI_BULK_ACCEPTED	AI_BULK_ACCEPTED	APPROVED_FINAL		AI_REVIEW_BASE	f8855121af336a7c13cd799cafede5f9b9420f28	AVAILABILITY_NOVELTY_V1_20260907
GARLIC	Knoblauch	APPLICABLE	1	EASY	EASY	Frischer Knoblauch gehört zum gewöhnlichen Gemüseangebot nahezu jedes Supermarkts.	Frischer Knoblauch gehört zum gewöhnlichen Gemüseangebot nahezu jedes Supermarkts.	AI_BULK_ACCEPTED	HUMAN_EXPLICIT	HUMAN_EXPLICIT	AI_BULK_ACCEPTED	AI_BULK_ACCEPTED	MIXED	APPROVED_FINAL		AI_REVIEW_BASE|AVAILABILITY_V2_ANCHOR_HUMAN	f8855121af336a7c13cd799cafede5f9b9420f28	AVAILABILITY_NOVELTY_V1_20260907
GARLIC_BUTTER	Knoblauchbutter	APPLICABLE	1	EASY	EASY	Knoblauchbutter: gewöhnlicher lokaler Bezugsweg über den Bereich »Molkereikühlregal«.	Knoblauchbutter: gewöhnlicher lokaler Bezugsweg über den Bereich »Knoblauchbutter«.	AI_BULK_ACCEPTED	AI_BULK_ACCEPTED	AI_BULK_ACCEPTED	AI_BULK_ACCEPTED	AI_BULK_ACCEPTED	AI_BULK_ACCEPTED	APPROVED_FINAL		AI_REVIEW_BASE	f8855121af336a7c13cd799cafede5f9b9420f28	AVAILABILITY_NOVELTY_V1_20260907
GARLIC_CHIVES	Knoblauch-Schnittlauch	APPLICABLE	3	SPECIALTY	DIFFICULT	Knoblauch-Schnittlauch: Georgia hat Zugang zu großen Asia-Frischsortimenten; Tobias hängt von wenigen frischen Versand- oder Zufallswegen ab.	Knoblauch-Schnittlauch: Georgia hat Zugang zu großen Asia-Frischsortimenten; Tobias hängt von wenigen frischen Versand- oder Zufallswegen ab.	HUMAN_EXPLICIT	HUMAN_EXPLICIT	HUMAN_EXPLICIT	HUMAN_EXPLICIT	HUMAN_EXPLICIT	HUMAN_EXPLICIT	APPROVED_FINAL		AI_REVIEW_BASE|AVAILABILITY_V2_ANCHOR_HUMAN|HUMAN_CHARGE_3	f8855121af336a7c13cd799cafede5f9b9420f28	AVAILABILITY_NOVELTY_V1_20260907
GARLIC_POWDER	Knoblauchpulver	APPLICABLE	1	EASY	EASY	Knoblauchpulver: gewöhnlicher lokaler Bezugsweg über den Bereich »Gewürz- und Trockenwürzregal«.	Knoblauchpulver: gewöhnlicher lokaler Bezugsweg über den Bereich »Knoblauchpulver«.	AI_BULK_ACCEPTED	AI_BULK_ACCEPTED	AI_BULK_ACCEPTED	AI_BULK_ACCEPTED	AI_BULK_ACCEPTED	AI_BULK_ACCEPTED	APPROVED_FINAL		AI_REVIEW_BASE	f8855121af336a7c13cd799cafede5f9b9420f28	AVAILABILITY_NOVELTY_V1_20260907
GHEE	Ghee	APPLICABLE	2	PLANNED	PLANNED	Ghee ist über einen vorbereiteten Einkauf im gut sortierten Bereich »Öl- und Kochfettregal« im allgemeinen deutschen Handel planbar, lokal aber kein verlässlicher Standardartikel.	Ghee: Rostocker Bezugsweg über gut sortierte Vollsortimenter und etablierte deutsche Molkereihändler.	AI_BULK_ACCEPTED	AI_BULK_ACCEPTED	AI_BULK_ACCEPTED	AI_BULK_ACCEPTED	AI_BULK_ACCEPTED	AI_BULK_ACCEPTED	APPROVED_FINAL		AI_REVIEW_BASE	f8855121af336a7c13cd799cafede5f9b9420f28	AVAILABILITY_NOVELTY_V1_20260907
GINGER	Ingwer	APPLICABLE	1	EASY	EASY	Ingwer: gewöhnlicher lokaler Bezugsweg über den Bereich »Obst- und Gemüseabteilung«.	Ingwer: gewöhnlicher lokaler Bezugsweg über den Bereich »Ingwer«.	AI_BULK_ACCEPTED	AI_BULK_ACCEPTED	AI_BULK_ACCEPTED	AI_BULK_ACCEPTED	AI_BULK_ACCEPTED	AI_BULK_ACCEPTED	APPROVED_FINAL		AI_REVIEW_BASE	f8855121af336a7c13cd799cafede5f9b9420f28	AVAILABILITY_NOVELTY_V1_20260907
GIO_LUA	Giò lụa oder Chả lụa	APPLICABLE	3	DIFFICULT	DIFFICULT	Giò lụa oder Chả lụa: Nationale vietnamesische Kühlware über wenige geeignete Händler; Produktform und Kühlzustellung sind nicht breit robust.	Giò lụa oder Chả lụa: Nationale vietnamesische Kühlware über wenige geeignete Händler; Produktform und Kühlzustellung sind nicht breit robust.	AI_BULK_ACCEPTED	HUMAN_EXPLICIT	HUMAN_EXPLICIT	AI_BULK_ACCEPTED	AI_BULK_ACCEPTED	MIXED	APPROVED_FINAL		AI_REVIEW_BASE|AVAILABILITY_V2_ANCHOR_HUMAN	f8855121af336a7c13cd799cafede5f9b9420f28	AVAILABILITY_NOVELTY_V1_20260907
GLASS_NOODLES	Glasnudeln	APPLICABLE	2	EASY	EASY	Glasnudeln: gewöhnlicher lokaler Bezugsweg über den Bereich »Reis-, Mehl-, Nudel- oder Trockenwarenregal«.	Glasnudeln: gewöhnlicher lokaler Bezugsweg über den Bereich »Glasnudeln«.	AI_BULK_ACCEPTED	AI_BULK_ACCEPTED	AI_BULK_ACCEPTED	AI_BULK_ACCEPTED	AI_BULK_ACCEPTED	AI_BULK_ACCEPTED	APPROVED_FINAL		AI_REVIEW_BASE	f8855121af336a7c13cd799cafede5f9b9420f28	AVAILABILITY_NOVELTY_V1_20260907
GNOCCHI	Gnocchi	APPLICABLE	1	EASY	EASY	Gnocchi: gewöhnlicher lokaler Bezugsweg über den Bereich »Reis-, Mehl-, Nudel- oder Trockenwarenregal«.	Gnocchi: gewöhnlicher lokaler Bezugsweg über den Bereich »Gnocchi«.	AI_BULK_ACCEPTED	AI_BULK_ACCEPTED	AI_BULK_ACCEPTED	AI_BULK_ACCEPTED	AI_BULK_ACCEPTED	AI_BULK_ACCEPTED	APPROVED_FINAL		AI_REVIEW_BASE	f8855121af336a7c13cd799cafede5f9b9420f28	AVAILABILITY_NOVELTY_V1_20260907
GOAT	Ziegenfleisch	APPLICABLE	3	SPECIALTY	SPECIALTY	Ziegenfleisch hat unabhängige Kühl-, Hof-TK- und afrikanisch/südasiatische TK-Spezialwege; Kühlkette und Fachmarkt schließen breiten allgemeinen Handel aus.	Ziegenfleisch hat unabhängige Kühl-, Hof-TK- und afrikanisch/südasiatische TK-Spezialwege; Kühlkette und Fachmarkt schließen breiten allgemeinen Handel aus.	AI_BULK_ACCEPTED	AI_BULK_ACCEPTED	AI_BULK_ACCEPTED	AI_BULK_ACCEPTED	AI_BULK_ACCEPTED	AI_BULK_ACCEPTED	APPROVED_FINAL		AI_REVIEW_BASE	f8855121af336a7c13cd799cafede5f9b9420f28	AVAILABILITY_NOVELTY_V1_20260907
GOAT_CHEESE	Ziegenkäse	APPLICABLE	2	EASY	EASY	Ziegenkäse: gewöhnlicher lokaler Bezugsweg über den Bereich »Käsekühlung oder Käsetheke«.	Ziegenkäse: gewöhnlicher lokaler Bezugsweg über den Bereich »Ziegenkäse«.	AI_BULK_ACCEPTED	AI_BULK_ACCEPTED	AI_BULK_ACCEPTED	AI_BULK_ACCEPTED	AI_BULK_ACCEPTED	AI_BULK_ACCEPTED	APPROVED_FINAL		AI_REVIEW_BASE	f8855121af336a7c13cd799cafede5f9b9420f28	AVAILABILITY_NOVELTY_V1_20260907
GOCHUGARU	Gochugaru	APPLICABLE	2	SPECIALTY	SPECIALTY	Gochugaru: Bei vielen breit aufgestellten Asia-/Korea-Händlern regulär erhältlich im allgemeinen Handel aber nicht zuverlässig.	Gochugaru: Bei vielen breit aufgestellten Asia-/Korea-Händlern regulär erhältlich im allgemeinen Handel aber nicht zuverlässig.	HUMAN_EXPLICIT	HUMAN_EXPLICIT	HUMAN_EXPLICIT	HUMAN_EXPLICIT	HUMAN_EXPLICIT	HUMAN_EXPLICIT	APPROVED_FINAL		AI_REVIEW_BASE|AVAILABILITY_V2_ANCHOR_HUMAN|HUMAN_CHARGE_3	f8855121af336a7c13cd799cafede5f9b9420f28	AVAILABILITY_NOVELTY_V1_20260907
GOCHUJANG	Gochujang	APPLICABLE	2	SPECIALTY	SPECIALTY	Gochujang: Regulärer Sortimentsartikel vieler unabhängiger breit aufgestellter Asia- und Korea-Händler; nicht bloß ein nationaler Nischenimport.	Gochujang: Regulärer Sortimentsartikel vieler unabhängiger breit aufgestellter Asia- und Korea-Händler; nicht bloß ein nationaler Nischenimport.	HUMAN_EXPLICIT	HUMAN_EXPLICIT	HUMAN_EXPLICIT	AI_BULK_ACCEPTED	AI_BULK_ACCEPTED	HUMAN_EXPLICIT	APPROVED_FINAL		AI_REVIEW_BASE|NOVELTY_REFERENCE_ANCHOR_HUMAN|AVAILABILITY_V2_ANCHOR_HUMAN	f8855121af336a7c13cd799cafede5f9b9420f28	AVAILABILITY_NOVELTY_V1_20260907
GOOSE	Gans	APPLICABLE	2	PLANNED	PLANNED	Gans: Gourmetfleisch.de zeigt Gänsebrust der Handelsklasse A mit Haut aktuell als verfügbar. Die Brust erfüllt die offene Gänsefleischform; nach Bornheim wird sie tiefgekühlt geliefert.	Gans: Für Tobias belegt Gourmetfleisch.de eine aktuell bestellbare Gänsebrust HKL-A mit Haut. Der deutschlandweite Tiefkühlversand macht diesen zulässigen Gänsezuschnitt in Rostock erreichbar.	HUMAN_EXPLICIT	HUMAN_EXPLICIT	HUMAN_EXPLICIT	HUMAN_EXPLICIT	HUMAN_EXPLICIT	HUMAN_EXPLICIT	APPROVED_FINAL		AI_REVIEW_BASE|HUMAN_CHARGE_4	f8855121af336a7c13cd799cafede5f9b9420f28	AVAILABILITY_NOVELTY_V1_20260907
GOOSEBERRY	Stachelbeere	APPLICABLE	2	PLANNED	PLANNED	Stachelbeere ist über einen vorbereiteten Einkauf im gut sortierten Bereich »Obst- und Gemüseabteilung« im allgemeinen deutschen Handel planbar, lokal aber kein verlässlicher Standardartikel.	Stachelbeere: Beim Einkauf von „Stachelbeere“ nutzt Tobias gut sortierte Vollsortimenter und etablierte deutsche Frucht- oder Frischehändler.	AI_BULK_ACCEPTED	AI_BULK_ACCEPTED	AI_BULK_ACCEPTED	AI_BULK_ACCEPTED	AI_BULK_ACCEPTED	AI_BULK_ACCEPTED	APPROVED_FINAL		AI_REVIEW_BASE	f8855121af336a7c13cd799cafede5f9b9420f28	AVAILABILITY_NOVELTY_V1_20260907
GOUDA	Gouda	APPLICABLE	1	EASY	EASY	Gouda: gewöhnlicher lokaler Bezugsweg über den Bereich »Käsekühlung oder Käsetheke«.	Gouda: Rostocker Bezugsweg über die Käsekühlung oder Käsetheke eines gewöhnlichen großen Rostocker Supermarkts.	AI_BULK_ACCEPTED	AI_BULK_ACCEPTED	AI_BULK_ACCEPTED	AI_BULK_ACCEPTED	AI_BULK_ACCEPTED	AI_BULK_ACCEPTED	APPROVED_FINAL		AI_REVIEW_BASE	f8855121af336a7c13cd799cafede5f9b9420f28	AVAILABILITY_NOVELTY_V1_20260907
GRAINS	Getreide oder Pseudogetreide	APPLICABLE	1	EASY	EASY	Getreide oder Pseudogetreide: gewöhnlicher lokaler Bezugsweg über den Bereich »Reis-, Mehl-, Nudel- oder Trockenwarenregal«.	Getreide oder Pseudogetreide: Rostocker Bezugsweg über das Getreide-, Mehl-, Reis- oder Teigwarenregal eines gewöhnlichen großen Rostocker Supermarkts.	AI_BULK_ACCEPTED	AI_BULK_ACCEPTED	AI_BULK_ACCEPTED	AI_BULK_ACCEPTED	AI_BULK_ACCEPTED	AI_BULK_ACCEPTED	APPROVED_FINAL		AI_REVIEW_BASE	f8855121af336a7c13cd799cafede5f9b9420f28	AVAILABILITY_NOVELTY_V1_20260907
GRAPE	Weintrauben	APPLICABLE	3	EASY	EASY	Weintrauben: gewöhnlicher lokaler Bezugsweg über den Bereich »Obst- und Gemüseabteilung«.	Weintrauben: gewöhnlicher lokaler Bezugsweg über den Bereich »Weintrauben«.	AI_BULK_ACCEPTED	AI_BULK_ACCEPTED	AI_BULK_ACCEPTED	AI_BULK_ACCEPTED	AI_BULK_ACCEPTED	AI_BULK_ACCEPTED	APPROVED_FINAL		AI_REVIEW_BASE	f8855121af336a7c13cd799cafede5f9b9420f28	AVAILABILITY_NOVELTY_V1_20260907
GRAPEFRUIT	Grapefruit	APPLICABLE	2	EASY	EASY	Grapefruit: gewöhnlicher lokaler Bezugsweg über den Bereich »Obst- und Gemüseabteilung«.	Grapefruit: Rostocker Bezugsweg über die Obstabteilung eines gewöhnlichen großen Rostocker Supermarkts.	AI_BULK_ACCEPTED	AI_BULK_ACCEPTED	AI_BULK_ACCEPTED	AI_BULK_ACCEPTED	AI_BULK_ACCEPTED	AI_BULK_ACCEPTED	APPROVED_FINAL		AI_REVIEW_BASE	f8855121af336a7c13cd799cafede5f9b9420f28	AVAILABILITY_NOVELTY_V1_20260907
GRAVLAX	Gravlax	APPLICABLE	2	PLANNED	PLANNED	Gravlax: Deutsche See führt ungeräucherten, mit Salz, Zucker und Dill gebeizten Atlantiklachs in Scheiben als verfügbaren Artikel.	Gravlax: Deutsche See führt ungeräucherten, mit Salz, Zucker und Dill gebeizten Atlantiklachs in Scheiben als verfügbaren Artikel.	HUMAN_EXPLICIT	HUMAN_EXPLICIT	HUMAN_EXPLICIT	HUMAN_EXPLICIT	HUMAN_EXPLICIT	HUMAN_EXPLICIT	APPROVED_FINAL		AI_REVIEW_BASE|HUMAN_CHARGE_4	f8855121af336a7c13cd799cafede5f9b9420f28	AVAILABILITY_NOVELTY_V1_20260907
GREEK_YOGURT	griechischer Joghurt	APPLICABLE	1	EASY	EASY	griechischer Joghurt: gewöhnlicher lokaler Bezugsweg über den Bereich »Molkereikühlregal«.	griechischer Joghurt: Rostocker Bezugsweg über die Molkereikühlung eines gewöhnlichen großen Rostocker Supermarkts.	AI_BULK_ACCEPTED	AI_BULK_ACCEPTED	AI_BULK_ACCEPTED	AI_BULK_ACCEPTED	AI_BULK_ACCEPTED	AI_BULK_ACCEPTED	APPROVED_FINAL		AI_REVIEW_BASE	f8855121af336a7c13cd799cafede5f9b9420f28	AVAILABILITY_NOVELTY_V1_20260907
GREEN_ASPARAGUS	grüner Spargel	APPLICABLE	1	EASY	EASY	grüner Spargel: gewöhnlicher lokaler Bezugsweg über den Bereich »Obst- und Gemüseabteilung«.	grüner Spargel: gewöhnlicher lokaler Bezugsweg über den Bereich »grüner Spargel«.	AI_BULK_ACCEPTED	AI_BULK_ACCEPTED	AI_BULK_ACCEPTED	AI_BULK_ACCEPTED	AI_BULK_ACCEPTED	AI_BULK_ACCEPTED	APPROVED_FINAL		AI_REVIEW_BASE	f8855121af336a7c13cd799cafede5f9b9420f28	AVAILABILITY_NOVELTY_V1_20260907
GREEN_BEANS	grüne Bohnen	APPLICABLE	1	EASY	EASY	grüne Bohnen: gewöhnlicher lokaler Bezugsweg über den Bereich »Obst- und Gemüseabteilung«.	grüne Bohnen: Rostocker Bezugsweg über die Gemüseabteilung eines gewöhnlichen großen Rostocker Supermarkts.	AI_BULK_ACCEPTED	AI_BULK_ACCEPTED	AI_BULK_ACCEPTED	AI_BULK_ACCEPTED	AI_BULK_ACCEPTED	AI_BULK_ACCEPTED	APPROVED_FINAL		AI_REVIEW_BASE	f8855121af336a7c13cd799cafede5f9b9420f28	AVAILABILITY_NOVELTY_V1_20260907
GREEN_BELL_PEPPER	grüne Paprika	APPLICABLE	1	EASY	EASY	grüne Paprika: gewöhnlicher lokaler Bezugsweg über den Bereich »Obst- und Gemüseabteilung«.	grüne Paprika: Rostocker Bezugsweg über die Gemüseabteilung eines gewöhnlichen großen Rostocker Supermarkts.	AI_BULK_ACCEPTED	AI_BULK_ACCEPTED	AI_BULK_ACCEPTED	AI_BULK_ACCEPTED	AI_BULK_ACCEPTED	AI_BULK_ACCEPTED	APPROVED_FINAL		AI_REVIEW_BASE	f8855121af336a7c13cd799cafede5f9b9420f28	AVAILABILITY_NOVELTY_V1_20260907
GREEN_PAPAYA	grüne Papaya	APPLICABLE	3	SPECIALTY	SPECIALTY	Unreife grüne Papaya ist reguläre Frischware unabhängiger breiter Asia- und Südasien-Händler; Frischeversand und Reifegrad erfordern Planung, ohne den Markt auf einen Nischenweg zu verengen.	Unreife grüne Papaya ist reguläre Frischware unabhängiger breiter Asia- und Südasien-Händler; Frischeversand und Reifegrad erfordern Planung, ohne den Markt auf einen Nischenweg zu verengen.	AI_BULK_ACCEPTED	AI_BULK_ACCEPTED	AI_BULK_ACCEPTED	AI_BULK_ACCEPTED	AI_BULK_ACCEPTED	AI_BULK_ACCEPTED	APPROVED_FINAL		AI_REVIEW_BASE	f8855121af336a7c13cd799cafede5f9b9420f28	AVAILABILITY_NOVELTY_V1_20260907
GREEN_PEAS	grüne Erbsen	APPLICABLE	1	EASY	EASY	grüne Erbsen: gewöhnlicher lokaler Bezugsweg über den Bereich »Obst- und Gemüseabteilung«.	grüne Erbsen: gewöhnlicher lokaler Bezugsweg über den Bereich »grüne Erbsen«.	AI_BULK_ACCEPTED	AI_BULK_ACCEPTED	AI_BULK_ACCEPTED	AI_BULK_ACCEPTED	AI_BULK_ACCEPTED	AI_BULK_ACCEPTED	APPROVED_FINAL		AI_REVIEW_BASE	f8855121af336a7c13cd799cafede5f9b9420f28	AVAILABILITY_NOVELTY_V1_20260907
GREEN_PEPPER	grüne Pfefferkörner	APPLICABLE	2	EASY	EASY	grüne Pfefferkörner: gewöhnlicher lokaler Bezugsweg über den Bereich »Gewürzregal, Frischetheke oder Lake- und Feinkostregal«.	Grüne Pfefferkörner: gewöhnliche große Rostocker Supermärkte führen sie je nach Produktform im Gewürz- oder Feinkostregal, insbesondere gefriergetrocknet oder in Lake; die frische Variante ist keine Pflicht.	AI_BULK_ACCEPTED	AI_BULK_ACCEPTED	AI_BULK_ACCEPTED	AI_BULK_ACCEPTED	AI_BULK_ACCEPTED	AI_BULK_ACCEPTED	APPROVED_FINAL		AI_REVIEW_BASE	f8855121af336a7c13cd799cafede5f9b9420f28	AVAILABILITY_NOVELTY_V1_20260907
GREEN_RICE_FLAKES	Cốm oder grüne Reisflocken	APPLICABLE	3	DIFFICULT	DIFFICULT	Cốm oder grüne Reisflocken: Nur der schmale Händlerweg über AsiaFoodland – grüne Reisflocken ist positiv belegt; Standardversand begrenzt Form, Bestand oder Logistik.	Cốm oder grüne Reisflocken: Rostocker Bezugsweg über AsiaFoodland – grüne Reisflocken; dokumentiert sind beim Abruf verfügbaren Bestand und Standardversand.	AI_BULK_ACCEPTED	AI_BULK_ACCEPTED	AI_BULK_ACCEPTED	AI_BULK_ACCEPTED	AI_BULK_ACCEPTED	AI_BULK_ACCEPTED	APPROVED_FINAL		AI_REVIEW_BASE	f8855121af336a7c13cd799cafede5f9b9420f28	AVAILABILITY_NOVELTY_V1_20260907
GREEN_SPLIT_PEAS	grüne Schälerbsen	APPLICABLE	2	EASY	EASY	grüne Schälerbsen: gewöhnlicher lokaler Bezugsweg über den Bereich »Hülsenfrucht-, Konserven- oder Trockenwarenregal«.	grüne Schälerbsen: gewöhnlicher lokaler Bezugsweg über den Bereich »grüne Schälerbsen«.	AI_BULK_ACCEPTED	AI_BULK_ACCEPTED	AI_BULK_ACCEPTED	AI_BULK_ACCEPTED	AI_BULK_ACCEPTED	AI_BULK_ACCEPTED	APPROVED_FINAL		AI_REVIEW_BASE	f8855121af336a7c13cd799cafede5f9b9420f28	AVAILABILITY_NOVELTY_V1_20260907
GREEN_TEA	grüner Tee	APPLICABLE	4	EASY	EASY	grüner Tee: gewöhnlicher lokaler Bezugsweg über den Bereich »Tee- und Aufgussregal«.	grüner Tee: Rostocker Bezugsweg über das Kaffee- oder Teeregal eines gewöhnlichen großen Rostocker Supermarkts.	AI_BULK_ACCEPTED	AI_BULK_ACCEPTED	AI_BULK_ACCEPTED	AI_BULK_ACCEPTED	AI_BULK_ACCEPTED	AI_BULK_ACCEPTED	APPROVED_FINAL		AI_REVIEW_BASE	f8855121af336a7c13cd799cafede5f9b9420f28	AVAILABILITY_NOVELTY_V1_20260907
GRUYERE	Gruyère	APPLICABLE	2	PLANNED	PLANNED	Gruyère: Formatta bietet formgenauen Schweizer Gruyère AOP aus Rohmilch, sechs Monate gereift, als aktuell lieferbare Ware an.	Gruyère: Formatta bietet formgenauen Schweizer Gruyère AOP aus Rohmilch, sechs Monate gereift, als aktuell lieferbare Ware an.	HUMAN_EXPLICIT	HUMAN_EXPLICIT	HUMAN_EXPLICIT	HUMAN_EXPLICIT	HUMAN_EXPLICIT	HUMAN_EXPLICIT	APPROVED_FINAL		AI_REVIEW_BASE|HUMAN_CHARGE_5	f8855121af336a7c13cd799cafede5f9b9420f28	AVAILABILITY_NOVELTY_V1_20260907
GUAVA	Guave	APPLICABLE	3	PLANNED	PLANNED	Guave: Obstwelt bietet ganze frische rote Guaven mit Warenkorb und bundesweitem Frischeversand in mehreren Mengen an.	Guave: Obstwelt bietet ganze frische rote Guaven mit Warenkorb und bundesweitem Frischeversand in mehreren Mengen an. vor Ort in Rostock ist der Bestand erneut abzufragen.	AI_BULK_ACCEPTED	AI_BULK_ACCEPTED	AI_BULK_ACCEPTED	AI_BULK_ACCEPTED	AI_BULK_ACCEPTED	AI_BULK_ACCEPTED	APPROVED_FINAL		AI_REVIEW_BASE	f8855121af336a7c13cd799cafede5f9b9420f28	AVAILABILITY_NOVELTY_V1_20260907
HABANERO	Habanero	APPLICABLE	2	PLANNED	PLANNED	Habanero ist über eine konkrete Vorbestellung oder Bestandsabfrage für Gemüse oder Pilz im allgemeinen deutschen Handel planbar, lokal aber kein verlässlicher Standardartikel.	Habanero: Tobias sucht „Habanero“ in Rostock über gut sortierte Vollsortimenter und etablierte deutsche Gemüse- oder Frischehändler gesucht.	AI_BULK_ACCEPTED	AI_BULK_ACCEPTED	AI_BULK_ACCEPTED	AI_BULK_ACCEPTED	AI_BULK_ACCEPTED	AI_BULK_ACCEPTED	APPROVED_FINAL		AI_REVIEW_BASE	f8855121af336a7c13cd799cafede5f9b9420f28	AVAILABILITY_NOVELTY_V1_20260907
HADDOCK	Schellfisch	APPLICABLE	1	PLANNED	PLANNED	Schellfisch: Über Fischtheke, Fischfachhandel oder allgemeinen Fischversand planbar; Rostock verbessert die Chance, nicht die Marktklasse.	Schellfisch: Über Fischtheke, Fischfachhandel oder allgemeinen Fischversand planbar; Rostock verbessert die Chance, nicht die Marktklasse.	AI_BULK_ACCEPTED	HUMAN_EXPLICIT	HUMAN_EXPLICIT	AI_BULK_ACCEPTED	AI_BULK_ACCEPTED	MIXED	APPROVED_FINAL		AI_REVIEW_BASE|AVAILABILITY_V2_ANCHOR_HUMAN	f8855121af336a7c13cd799cafede5f9b9420f28	AVAILABILITY_NOVELTY_V1_20260907
HAKE	Seehecht	APPLICABLE	1	PLANNED	PLANNED	Seehecht: 1aFisch kennzeichnet das frische handfiletierte Seehecht-Loin ohne Haut als sofort versandfertig, nennt einen Liefertermin und verschickt Frischfisch gekühlt binnen 24 Stunden.	Seehecht: 1aFisch kennzeichnet das frische handfiletierte Seehecht-Loin ohne Haut als sofort versandfertig, nennt einen Liefertermin und verschickt Frischfisch gekühlt binnen 24 Stunden.	AI_BULK_ACCEPTED	AI_BULK_ACCEPTED	AI_BULK_ACCEPTED	AI_BULK_ACCEPTED	AI_BULK_ACCEPTED	AI_BULK_ACCEPTED	APPROVED_FINAL		AI_REVIEW_BASE	f8855121af336a7c13cd799cafede5f9b9420f28	AVAILABILITY_NOVELTY_V1_20260907
HALIBUT	Heilbutt	APPLICABLE	2	PLANNED	PLANNED	Heilbutt: Das verfügbare Produkt ist weißes Heilbuttfilet mit Haut, vakuumverpackt und tiefgefroren; Art und konkreter Filetzuschnitt sind ausgewiesen.	Heilbutt: Das verfügbare Produkt ist weißes Heilbuttfilet mit Haut, vakuumverpackt und tiefgefroren; Art und konkreter Filetzuschnitt sind ausgewiesen.	AI_BULK_ACCEPTED	AI_BULK_ACCEPTED	AI_BULK_ACCEPTED	AI_BULK_ACCEPTED	AI_BULK_ACCEPTED	AI_BULK_ACCEPTED	APPROVED_FINAL		AI_REVIEW_BASE	f8855121af336a7c13cd799cafede5f9b9420f28	AVAILABILITY_NOVELTY_V1_20260907
HALLOUMI	Halloumi	APPLICABLE	2	EASY	EASY	Halloumi: gewöhnlicher lokaler Bezugsweg über den Bereich »Käsekühlung oder Käsetheke«.	Halloumi: Rostocker Bezugsweg über die Käsekühlung oder Käsetheke eines gewöhnlichen großen Rostocker Supermarkts.	AI_BULK_ACCEPTED	AI_BULK_ACCEPTED	AI_BULK_ACCEPTED	AI_BULK_ACCEPTED	AI_BULK_ACCEPTED	AI_BULK_ACCEPTED	APPROVED_FINAL		AI_REVIEW_BASE	f8855121af336a7c13cd799cafede5f9b9420f28	AVAILABILITY_NOVELTY_V1_20260907
HAM	Schinken	APPLICABLE	1	EASY	EASY	Schinken: gewöhnlicher lokaler Bezugsweg über den Bereich »Wurstkühlung oder Bedientheke«.	Schinken: gewöhnlicher lokaler Bezugsweg über den Bereich »Schinken«.	AI_BULK_ACCEPTED	AI_BULK_ACCEPTED	AI_BULK_ACCEPTED	AI_BULK_ACCEPTED	AI_BULK_ACCEPTED	AI_BULK_ACCEPTED	APPROVED_FINAL		AI_REVIEW_BASE	f8855121af336a7c13cd799cafede5f9b9420f28	AVAILABILITY_NOVELTY_V1_20260907
HARISSA	Harissa	APPLICABLE	2	PLANNED	SPECIALTY	Harissa: Für Georgia konkret planbarer regionaler Fachmarkt; für Tobias breit verfügbarer aber gezielt einschlägiger Spezialmarkt.	Harissa: Für Georgia konkret planbarer regionaler Fachmarkt; für Tobias breit verfügbarer aber gezielt einschlägiger Spezialmarkt.	AI_BULK_ACCEPTED	HUMAN_EXPLICIT	HUMAN_EXPLICIT	AI_BULK_ACCEPTED	AI_BULK_ACCEPTED	MIXED	APPROVED_FINAL		AI_REVIEW_BASE|AVAILABILITY_V2_ANCHOR_HUMAN	f8855121af336a7c13cd799cafede5f9b9420f28	AVAILABILITY_NOVELTY_V1_20260907
HARZER_CHEESE	Harzer Käse	APPLICABLE	2	EASY	EASY	Harzer Käse: gewöhnlicher lokaler Bezugsweg über den Bereich »Käsekühlung oder Käsetheke«.	Harzer Käse: gewöhnlicher lokaler Bezugsweg über den Bereich »Harzer Käse«.	AI_BULK_ACCEPTED	AI_BULK_ACCEPTED	AI_BULK_ACCEPTED	AI_BULK_ACCEPTED	AI_BULK_ACCEPTED	AI_BULK_ACCEPTED	APPROVED_FINAL		AI_REVIEW_BASE	f8855121af336a7c13cd799cafede5f9b9420f28	AVAILABILITY_NOVELTY_V1_20260907
HAZELNUT	Haselnüsse	APPLICABLE	1	EASY	EASY	Haselnüsse: gewöhnlicher lokaler Bezugsweg über den Bereich »Nuss-, Saaten- oder Nussmusregal«.	Haselnüsse: gewöhnlicher lokaler Bezugsweg über den Bereich »Haselnüsse«.	AI_BULK_ACCEPTED	AI_BULK_ACCEPTED	AI_BULK_ACCEPTED	AI_BULK_ACCEPTED	AI_BULK_ACCEPTED	AI_BULK_ACCEPTED	APPROVED_FINAL		AI_REVIEW_BASE	f8855121af336a7c13cd799cafede5f9b9420f28	AVAILABILITY_NOVELTY_V1_20260907
HEMP_SEEDS	Hanfsamen	APPLICABLE	2	PLANNED	PLANNED	Hanfsamen ist über einen vorbereiteten Einkauf im gut sortierten Bereich »Nuss-, Saaten- oder Nussmusregal« im allgemeinen deutschen Handel planbar, lokal aber kein verlässlicher Standardartikel.	Hanfsamen: Die Beschaffung von „Hanfsamen“ erfolgt in Rostock über gut sortierte Vollsortimenter und etablierte deutsche Nuss- oder Biohändler.	AI_BULK_ACCEPTED	AI_BULK_ACCEPTED	AI_BULK_ACCEPTED	AI_BULK_ACCEPTED	AI_BULK_ACCEPTED	AI_BULK_ACCEPTED	APPROVED_FINAL		AI_REVIEW_BASE	f8855121af336a7c13cd799cafede5f9b9420f28	AVAILABILITY_NOVELTY_V1_20260907
HERBES_DE_PROVENCE	Kräuter der Provence	APPLICABLE	2	EASY	EASY	Kräuter der Provence: gewöhnlicher lokaler Bezugsweg über den Bereich »Gewürz- und Trockenwürzregal«.	Kräuter der Provence: gewöhnlicher lokaler Bezugsweg über den Bereich »Kräuter der Provence«.	AI_BULK_ACCEPTED	AI_BULK_ACCEPTED	AI_BULK_ACCEPTED	AI_BULK_ACCEPTED	AI_BULK_ACCEPTED	AI_BULK_ACCEPTED	APPROVED_FINAL		AI_REVIEW_BASE	f8855121af336a7c13cd799cafede5f9b9420f28	AVAILABILITY_NOVELTY_V1_20260907
HERB_BUTTER	Kräuterbutter	APPLICABLE	1	EASY	EASY	Kräuterbutter: gewöhnlicher lokaler Bezugsweg über den Bereich »Molkereikühlregal«.	Kräuterbutter: Rostocker Bezugsweg über die Molkereikühlung eines gewöhnlichen großen Rostocker Supermarkts.	AI_BULK_ACCEPTED	AI_BULK_ACCEPTED	AI_BULK_ACCEPTED	AI_BULK_ACCEPTED	AI_BULK_ACCEPTED	AI_BULK_ACCEPTED	APPROVED_FINAL		AI_REVIEW_BASE	f8855121af336a7c13cd799cafede5f9b9420f28	AVAILABILITY_NOVELTY_V1_20260907
HERRING	Hering	APPLICABLE	2	PLANNED	PLANNED	Hering: Deutsche See führt vier bis sechs verfügbare Heringsfilets mit Haut tiefgekühlt in einer Mehrkammerpackung; die schlichte Fischform ist weder gereift noch eingelegt.	Hering: Deutsche See führt vier bis sechs verfügbare Heringsfilets mit Haut tiefgekühlt in einer Mehrkammerpackung; die schlichte Fischform ist weder gereift noch eingelegt.	AI_BULK_ACCEPTED	AI_BULK_ACCEPTED	AI_BULK_ACCEPTED	AI_BULK_ACCEPTED	AI_BULK_ACCEPTED	AI_BULK_ACCEPTED	APPROVED_FINAL		AI_REVIEW_BASE	f8855121af336a7c13cd799cafede5f9b9420f28	AVAILABILITY_NOVELTY_V1_20260907
HERVE_CHEESE	Herve-Käse	APPLICABLE	3	DIFFICULT	DIFFICULT	Herve-Käse: Nur der schmale Händlerweg über Tölzer Kasladen – Herve ist positiv belegt; Kühlversand begrenzt Form, Bestand oder Logistik.	Herve-Käse: Rostocker Bezugsweg über Tölzer Kasladen – Herve; dokumentiert sind eine vor dem Einkauf erneut zu prüfende Verfügbarkeit und Kühlversand.	HUMAN_EXPLICIT	AI_BULK_ACCEPTED	AI_BULK_ACCEPTED	AI_BULK_ACCEPTED	AI_BULK_ACCEPTED	MIXED	APPROVED_FINAL		AI_REVIEW_BASE|HUMAN_CHARGE_1	f8855121af336a7c13cd799cafede5f9b9420f28	AVAILABILITY_NOVELTY_V1_20260907
HIJIKI	Hijiki	APPLICABLE	3	SPECIALTY	SPECIALTY	Getrocknetes Hijiki hat unabhängige Wege über einen panasiatischen Vollsortimenter und einen Algenfachhändler; getrennte Produkte mit Standardversand tragen den breiten Spezialmarkt.	Getrocknetes Hijiki hat unabhängige Wege über einen panasiatischen Vollsortimenter und einen Algenfachhändler; getrennte Produkte mit Standardversand tragen den breiten Spezialmarkt.	AI_BULK_ACCEPTED	AI_BULK_ACCEPTED	AI_BULK_ACCEPTED	AI_BULK_ACCEPTED	AI_BULK_ACCEPTED	AI_BULK_ACCEPTED	APPROVED_FINAL		AI_REVIEW_BASE	f8855121af336a7c13cd799cafede5f9b9420f28	AVAILABILITY_NOVELTY_V1_20260907
HOISIN_SAUCE	Hoisinsauce	APPLICABLE	2	PLANNED	PLANNED	Hoisinsauce ist über einen vorbereiteten Einkauf im gut sortierten Bereich »Saucen-, Würzpasten- und Feinkostregal« im allgemeinen deutschen Handel planbar, lokal aber kein verlässlicher Standardartikel.	Hoisinsauce: Beim Einkauf von „Hoisinsauce“ nutzt Tobias gut sortierte Vollsortimenter und etablierte deutsche Feinkost- oder Würzsaucenhändler.	AI_BULK_ACCEPTED	AI_BULK_ACCEPTED	AI_BULK_ACCEPTED	AI_BULK_ACCEPTED	AI_BULK_ACCEPTED	AI_BULK_ACCEPTED	APPROVED_FINAL		AI_REVIEW_BASE	f8855121af336a7c13cd799cafede5f9b9420f28	AVAILABILITY_NOVELTY_V1_20260907
HOKKAIDO_SQUASH	Hokkaido-Kürbis	APPLICABLE	1	EASY	EASY	Hokkaido-Kürbis: gewöhnlicher lokaler Bezugsweg über den Bereich »Obst- und Gemüseabteilung«.	Hokkaido-Kürbis: gewöhnlicher lokaler Bezugsweg über den Bereich »Hokkaido-Kürbis«.	AI_BULK_ACCEPTED	AI_BULK_ACCEPTED	AI_BULK_ACCEPTED	AI_BULK_ACCEPTED	AI_BULK_ACCEPTED	AI_BULK_ACCEPTED	APPROVED_FINAL		AI_REVIEW_BASE	f8855121af336a7c13cd799cafede5f9b9420f28	AVAILABILITY_NOVELTY_V1_20260907
HOLY_BASIL	Krapao	APPLICABLE	3	DIFFICULT	DIFFICULT	Krapao: Exaktes Holy Basil ist deutlich seltener als Thai-Basilikum/Horapa und hängt von wenigen frischen Spezialwegen ab.	Krapao: Exaktes Holy Basil ist deutlich seltener als Thai-Basilikum/Horapa und hängt von wenigen frischen Spezialwegen ab.	HUMAN_EXPLICIT	HUMAN_EXPLICIT	HUMAN_EXPLICIT	AI_BULK_ACCEPTED	AI_BULK_ACCEPTED	HUMAN_EXPLICIT	APPROVED_FINAL		AI_REVIEW_BASE|NOVELTY_REFERENCE_ANCHOR_HUMAN|AVAILABILITY_V2_ANCHOR_HUMAN	f8855121af336a7c13cd799cafede5f9b9420f28	AVAILABILITY_NOVELTY_V1_20260907
HONEY	Honig	APPLICABLE	1	EASY	EASY	Honig: gewöhnlicher lokaler Bezugsweg über den Bereich »Backzutaten-, Süßwaren- oder Kakaoregal«.	Honig: gewöhnlicher lokaler Bezugsweg über den Bereich »Honig«.	AI_BULK_ACCEPTED	AI_BULK_ACCEPTED	AI_BULK_ACCEPTED	AI_BULK_ACCEPTED	AI_BULK_ACCEPTED	AI_BULK_ACCEPTED	APPROVED_FINAL		AI_REVIEW_BASE	f8855121af336a7c13cd799cafede5f9b9420f28	AVAILABILITY_NOVELTY_V1_20260907
HONEYDEW_MELON	Honigmelone	APPLICABLE	2	EASY	EASY	Honigmelone: gewöhnlicher lokaler Bezugsweg über den Bereich »Obst- und Gemüseabteilung«.	Honigmelone: Rostocker Bezugsweg über die Obstabteilung eines gewöhnlichen großen Rostocker Supermarkts.	AI_BULK_ACCEPTED	AI_BULK_ACCEPTED	AI_BULK_ACCEPTED	AI_BULK_ACCEPTED	AI_BULK_ACCEPTED	AI_BULK_ACCEPTED	APPROVED_FINAL		AI_REVIEW_BASE	f8855121af336a7c13cd799cafede5f9b9420f28	AVAILABILITY_NOVELTY_V1_20260907
HORSERADISH	Meerrettich	APPLICABLE	1	EASY	EASY	Meerrettich: gewöhnlicher lokaler Bezugsweg über den Bereich »Obst- und Gemüseabteilung«.	Meerrettich: gewöhnlicher lokaler Bezugsweg über den Bereich »Meerrettich«.	AI_BULK_ACCEPTED	AI_BULK_ACCEPTED	AI_BULK_ACCEPTED	AI_BULK_ACCEPTED	AI_BULK_ACCEPTED	AI_BULK_ACCEPTED	APPROVED_FINAL		AI_REVIEW_BASE	f8855121af336a7c13cd799cafede5f9b9420f28	AVAILABILITY_NOVELTY_V1_20260907
HOT_MUSTARD	scharfer Senf	APPLICABLE	1	EASY	EASY	scharfer Senf: gewöhnlicher lokaler Bezugsweg über den Bereich »Saucen-, Würzpasten- und Feinkostregal«.	scharfer Senf: Rostocker Bezugsweg über das Saucen-, Essig- oder Feinkostregal eines gewöhnlichen großen Rostocker Supermarkts.	AI_BULK_ACCEPTED	AI_BULK_ACCEPTED	AI_BULK_ACCEPTED	AI_BULK_ACCEPTED	AI_BULK_ACCEPTED	AI_BULK_ACCEPTED	APPROVED_FINAL		AI_REVIEW_BASE	f8855121af336a7c13cd799cafede5f9b9420f28	AVAILABILITY_NOVELTY_V1_20260907
HOT_PAPRIKA_POWDER	Paprikapulver rosenscharf	APPLICABLE	1	EASY	EASY	Paprikapulver rosenscharf: gewöhnlicher lokaler Bezugsweg über den Bereich »Gewürz- und Trockenwürzregal«.	Paprikapulver rosenscharf: gewöhnlicher lokaler Bezugsweg über den Bereich »Paprikapulver rosenscharf«.	AI_BULK_ACCEPTED	AI_BULK_ACCEPTED	AI_BULK_ACCEPTED	AI_BULK_ACCEPTED	AI_BULK_ACCEPTED	AI_BULK_ACCEPTED	APPROVED_FINAL		AI_REVIEW_BASE	f8855121af336a7c13cd799cafede5f9b9420f28	AVAILABILITY_NOVELTY_V1_20260907
IBERICO_HAM	Jamón ibérico	APPLICABLE	2	PLANNED	PLANNED	Jamón ibérico: jamon.de führt luftgetrockneten, 24 Monate gereiften und geschnittenen Schinken vom Iberischen Schwein mit klarem Lagerstatus.	Jamón ibérico: jamon.de führt luftgetrockneten, 24 Monate gereiften und geschnittenen Schinken vom Iberischen Schwein mit klarem Lagerstatus.	AI_BULK_ACCEPTED	AI_BULK_ACCEPTED	AI_BULK_ACCEPTED	AI_BULK_ACCEPTED	AI_BULK_ACCEPTED	AI_BULK_ACCEPTED	APPROVED_FINAL		AI_REVIEW_BASE	f8855121af336a7c13cd799cafede5f9b9420f28	AVAILABILITY_NOVELTY_V1_20260907
INVERTEBRATES	wirbellose Tiere	APPLICABLE	2	EASY	EASY	wirbellose Tiere: gewöhnlicher lokaler Bezugsweg über den Bereich »Fischkühlung, Fischtheke oder Tiefkühlabteilung«.	wirbellose Tiere: Rostocker Bezugsweg über die Fischkühlung, Tiefkühltruhe oder Fischtheke eines gewöhnlichen großen Rostocker Supermarkts.	AI_BULK_ACCEPTED	AI_BULK_ACCEPTED	AI_BULK_ACCEPTED	AI_BULK_ACCEPTED	AI_BULK_ACCEPTED	AI_BULK_ACCEPTED	APPROVED_FINAL		AI_REVIEW_BASE	f8855121af336a7c13cd799cafede5f9b9420f28	AVAILABILITY_NOVELTY_V1_20260907
JACKFRUIT	Jackfruit	APPLICABLE	3	PLANNED	PLANNED	Jackfruit ist über einen vorbereiteten Einkauf im gut sortierten Bereich »Obst- und Gemüseabteilung« im allgemeinen deutschen Handel planbar, lokal aber kein verlässlicher Standardartikel.	Jackfruit: Für „Jackfruit“ wird das Angebot über gut sortierte Vollsortimenter und etablierte deutsche Frucht- oder Frischehändler kontrolliert.	AI_BULK_ACCEPTED	AI_BULK_ACCEPTED	AI_BULK_ACCEPTED	AI_BULK_ACCEPTED	AI_BULK_ACCEPTED	AI_BULK_ACCEPTED	APPROVED_FINAL		AI_REVIEW_BASE	f8855121af336a7c13cd799cafede5f9b9420f28	AVAILABILITY_NOVELTY_V1_20260907
JALAPENO	Jalapeño	APPLICABLE	1	PLANNED	PLANNED	Jalapeño ist über ein vorab zu prüfendes Sortiment im Bereich »Obst- und Gemüseabteilung« eines großen Bornheimer Markts im allgemeinen deutschen Handel planbar, lokal aber kein verlässlicher Standardartikel.	Jalapeño: Die Rostocker Warenprüfung für „Jalapeño“ erfolgt über gut sortierte Vollsortimenter und etablierte deutsche Gemüse- oder Frischehändler.	AI_BULK_ACCEPTED	AI_BULK_ACCEPTED	AI_BULK_ACCEPTED	AI_BULK_ACCEPTED	AI_BULK_ACCEPTED	AI_BULK_ACCEPTED	APPROVED_FINAL		AI_REVIEW_BASE	f8855121af336a7c13cd799cafede5f9b9420f28	AVAILABILITY_NOVELTY_V1_20260907
JASMINE_RICE	Jasminreis	APPLICABLE	1	EASY	EASY	Jasminreis: gewöhnlicher lokaler Bezugsweg über den Bereich »Reis-, Mehl-, Nudel- oder Trockenwarenregal«.	Jasminreis: Rostocker Bezugsweg über das Getreide-, Mehl-, Reis- oder Teigwarenregal eines gewöhnlichen großen Rostocker Supermarkts.	AI_BULK_ACCEPTED	AI_BULK_ACCEPTED	AI_BULK_ACCEPTED	AI_BULK_ACCEPTED	AI_BULK_ACCEPTED	AI_BULK_ACCEPTED	APPROVED_FINAL		AI_REVIEW_BASE	f8855121af336a7c13cd799cafede5f9b9420f28	AVAILABILITY_NOVELTY_V1_20260907
JENEVER	Jenever	APPLICABLE	4	PLANNED	PLANNED	Jenever: Niederländischer Getreide-Wacholderschnaps im allgemeinen Spirituosenversand; Conalco listet Bokma Jonge Graanjenever aus Getreide und Wacholder lagernd.	Jenever: Niederländischer Getreide-Wacholderschnaps über allgemeinen Spirituosenversand; Bokma Jonge Graanjenever ist bei Conalco lagernd.	AI_BULK_ACCEPTED	AI_BULK_ACCEPTED	AI_BULK_ACCEPTED	AI_BULK_ACCEPTED	AI_BULK_ACCEPTED	AI_BULK_ACCEPTED	APPROVED_FINAL		AI_REVIEW_BASE	f8855121af336a7c13cd799cafede5f9b9420f28	AVAILABILITY_NOVELTY_V1_20260907
JERK_SEASONING	Jerk-Gewürzmischung	APPLICABLE	3	PLANNED	PLANNED	Jerk-Gewürzmischung ist über ein vorab zu prüfendes Sortiment im Bereich »Gewürz- und Trockenwürzregal« eines großen Bornheimer Markts im allgemeinen deutschen Handel planbar, lokal aber kein verlässlicher Standardartikel.	Jerk-Gewürzmischung: Der konkrete Bezug von „Jerk-Gewürzmischung“ läuft über gut sortierte Vollsortimenter und etablierte deutsche Gewürzhändler.	HUMAN_EXPLICIT	HUMAN_EXPLICIT	HUMAN_EXPLICIT	HUMAN_EXPLICIT	HUMAN_EXPLICIT	HUMAN_EXPLICIT	APPROVED_FINAL		AI_REVIEW_BASE|HUMAN_CHARGE_2	f8855121af336a7c13cd799cafede5f9b9420f28	AVAILABILITY_NOVELTY_V1_20260907
JERUSALEM_ARTICHOKE	Topinambur	APPLICABLE	2	PLANNED	PLANNED	Topinambur ist über eine reguläre Onlinebestellung im allgemeinen Handel mit formgenauer Artikelsuche im allgemeinen deutschen Handel planbar, lokal aber kein verlässlicher Standardartikel.	Topinambur: Rostocker Bezugsweg über gut sortierte Vollsortimenter und etablierte deutsche Gemüse- oder Frischehändler.	AI_BULK_ACCEPTED	AI_BULK_ACCEPTED	AI_BULK_ACCEPTED	AI_BULK_ACCEPTED	AI_BULK_ACCEPTED	AI_BULK_ACCEPTED	APPROVED_FINAL		AI_REVIEW_BASE	f8855121af336a7c13cd799cafede5f9b9420f28	AVAILABILITY_NOVELTY_V1_20260907
JUNIPER_BERRIES	Wacholderbeeren	APPLICABLE	2	EASY	EASY	Wacholderbeeren: gewöhnlicher lokaler Bezugsweg über den Bereich »Gewürz- und Trockenwürzregal«.	Wacholderbeeren: gewöhnlicher lokaler Bezugsweg über den Bereich »Wacholderbeeren«.	AI_BULK_ACCEPTED	AI_BULK_ACCEPTED	AI_BULK_ACCEPTED	AI_BULK_ACCEPTED	AI_BULK_ACCEPTED	AI_BULK_ACCEPTED	APPROVED_FINAL		AI_REVIEW_BASE	f8855121af336a7c13cd799cafede5f9b9420f28	AVAILABILITY_NOVELTY_V1_20260907
KAFFIR_LIME_LEAVES	Makrut-Limettenblätter	APPLICABLE	3	SPECIALTY	SPECIALTY	Getrocknete Makrut-Limettenblätter sind reguläre Ware unabhängiger breiter Gewürzhändler in Deutschland und der EU; Standardversand belegt Spezialmarktbreite, nicht die frische Form.	Getrocknete Makrut-Limettenblätter sind reguläre Ware unabhängiger breiter Gewürzhändler in Deutschland und der EU; Standardversand belegt Spezialmarktbreite, nicht die frische Form.	HUMAN_EXPLICIT	HUMAN_EXPLICIT	HUMAN_EXPLICIT	HUMAN_EXPLICIT	HUMAN_EXPLICIT	HUMAN_EXPLICIT	APPROVED_FINAL		AI_REVIEW_BASE|HUMAN_CHARGE_2	f8855121af336a7c13cd799cafede5f9b9420f28	AVAILABILITY_NOVELTY_V1_20260907
KALE	Grünkohl	APPLICABLE	1	EASY	EASY	Grünkohl: gewöhnlicher lokaler Bezugsweg über den Bereich »Obst- und Gemüseabteilung«.	Grünkohl: gewöhnlicher lokaler Bezugsweg über den Bereich »Grünkohl«.	AI_BULK_ACCEPTED	AI_BULK_ACCEPTED	AI_BULK_ACCEPTED	AI_BULK_ACCEPTED	AI_BULK_ACCEPTED	AI_BULK_ACCEPTED	APPROVED_FINAL		AI_REVIEW_BASE	f8855121af336a7c13cd799cafede5f9b9420f28	AVAILABILITY_NOVELTY_V1_20260907
KASHMIRI_CHILI_POWDER	Kashmiri-Chilipulver	APPLICABLE	3	SPECIALTY	SPECIALTY	Kashmiri-Chilipulver hat verschiedene Marken und Wege über Südasien- sowie breiten Gourmetfachhandel; die exakte Art bleibt Spezialware und ein Weg nutzt ein 1-kg-Gebinde.	Kashmiri-Chilipulver hat verschiedene Marken und Wege über Südasien- sowie breiten Gourmetfachhandel; die exakte Art bleibt Spezialware und ein Weg nutzt ein 1-kg-Gebinde.	HUMAN_EXPLICIT	HUMAN_EXPLICIT	HUMAN_EXPLICIT	HUMAN_EXPLICIT	HUMAN_EXPLICIT	HUMAN_EXPLICIT	APPROVED_FINAL		AI_REVIEW_BASE|HUMAN_CHARGE_2	f8855121af336a7c13cd799cafede5f9b9420f28	AVAILABILITY_NOVELTY_V1_20260907
KASSELER	Kasseler	APPLICABLE	2	EASY	EASY	Kasseler: gewöhnlicher lokaler Bezugsweg über den Bereich »Wurstkühlung oder Bedientheke«.	Kasseler: Rostocker Bezugsweg über die Fleischkühlung oder Bedientheke eines gewöhnlichen großen Rostocker Supermarkts.	AI_BULK_ACCEPTED	AI_BULK_ACCEPTED	AI_BULK_ACCEPTED	AI_BULK_ACCEPTED	AI_BULK_ACCEPTED	AI_BULK_ACCEPTED	APPROVED_FINAL		AI_REVIEW_BASE	f8855121af336a7c13cd799cafede5f9b9420f28	AVAILABILITY_NOVELTY_V1_20260907
KECAP_MANIS	Kecap Manis	APPLICABLE	2	SPECIALTY	SPECIALTY	Kecap Manis: Bei vielen breit aufgestellten Asia-Händlern regulär verfügbar; allgemeine Supermarktpräsenz reicht nicht für PLANNED als sichere Regel.	Kecap Manis: Bei vielen breit aufgestellten Asia-Händlern regulär verfügbar; allgemeine Supermarktpräsenz reicht nicht für PLANNED als sichere Regel.	AI_BULK_ACCEPTED	HUMAN_EXPLICIT	HUMAN_EXPLICIT	AI_BULK_ACCEPTED	AI_BULK_ACCEPTED	MIXED	APPROVED_FINAL		AI_REVIEW_BASE|AVAILABILITY_V2_ANCHOR_HUMAN	f8855121af336a7c13cd799cafede5f9b9420f28	AVAILABILITY_NOVELTY_V1_20260907
KEFIR	Kefir	APPLICABLE	2	EASY	EASY	Kefir: gewöhnlicher lokaler Bezugsweg über den Bereich »Molkereikühlregal«.	Kefir: gewöhnlicher lokaler Bezugsweg über den Bereich »Kefir«.	AI_BULK_ACCEPTED	AI_BULK_ACCEPTED	AI_BULK_ACCEPTED	AI_BULK_ACCEPTED	AI_BULK_ACCEPTED	AI_BULK_ACCEPTED	APPROVED_FINAL		AI_REVIEW_BASE	f8855121af336a7c13cd799cafede5f9b9420f28	AVAILABILITY_NOVELTY_V1_20260907
KETCHUP	Ketchup	APPLICABLE	1	EASY	EASY	Ketchup: gewöhnlicher lokaler Bezugsweg über den Bereich »Saucen-, Würzpasten- und Feinkostregal«.	Ketchup: gewöhnlicher lokaler Bezugsweg über den Bereich »Ketchup«.	AI_BULK_ACCEPTED	AI_BULK_ACCEPTED	AI_BULK_ACCEPTED	AI_BULK_ACCEPTED	AI_BULK_ACCEPTED	AI_BULK_ACCEPTED	APPROVED_FINAL		AI_REVIEW_BASE	f8855121af336a7c13cd799cafede5f9b9420f28	AVAILABILITY_NOVELTY_V1_20260907
KIDNEY_BEANS	Kidneybohnen	APPLICABLE	1	EASY	EASY	Kidneybohnen: gewöhnlicher lokaler Bezugsweg über den Bereich »Hülsenfrucht-, Konserven- oder Trockenwarenregal«.	Kidneybohnen: gewöhnlicher lokaler Bezugsweg über den Bereich »Kidneybohnen«.	AI_BULK_ACCEPTED	AI_BULK_ACCEPTED	AI_BULK_ACCEPTED	AI_BULK_ACCEPTED	AI_BULK_ACCEPTED	AI_BULK_ACCEPTED	APPROVED_FINAL		AI_REVIEW_BASE	f8855121af336a7c13cd799cafede5f9b9420f28	AVAILABILITY_NOVELTY_V1_20260907
KIMCHI	Kimchi	APPLICABLE	2	PLANNED	PLANNED	Kimchi: Asia4Friends bietet Kimchi Wang als 410-g-Glas fermentierten, gewürzten Chinakohls aktuell lagernd mit 1–3 Werktagen Lieferzeit an. Der haltbare Standardversand nach Bornheim deckt eine zulässige Kimchi-Sorte ab.	Kimchi: Die Produktseite von Asia4Friends zeigt Kimchi Wang im 410-g-Glas mit aktuellem Lagerbestand und kurzer Lieferzeit. Tobias kann den Chinakohl-Kimchi per Standardpaket nach Rostock bestellen; eine Kühlzustellung ist dort nicht ausgewiesen.	AI_BULK_ACCEPTED	AI_BULK_ACCEPTED	AI_BULK_ACCEPTED	AI_BULK_ACCEPTED	AI_BULK_ACCEPTED	AI_BULK_ACCEPTED	APPROVED_FINAL		AI_REVIEW_BASE	f8855121af336a7c13cd799cafede5f9b9420f28	AVAILABILITY_NOVELTY_V1_20260907
KING_OYSTER_MUSHROOM	Kräuterseitlinge	APPLICABLE	2	PLANNED	PLANNED	Kräuterseitlinge ist über einen vorbereiteten Einkauf im gut sortierten Bereich »Obst- und Gemüseabteilung« im allgemeinen deutschen Handel planbar, lokal aber kein verlässlicher Standardartikel.	Kräuterseitlinge: Rostocker Bezugsweg über gut sortierte Vollsortimenter und etablierte deutsche Pilz- oder Frischehändler.	AI_BULK_ACCEPTED	AI_BULK_ACCEPTED	AI_BULK_ACCEPTED	AI_BULK_ACCEPTED	AI_BULK_ACCEPTED	AI_BULK_ACCEPTED	APPROVED_FINAL		AI_REVIEW_BASE	f8855121af336a7c13cd799cafede5f9b9420f28	AVAILABILITY_NOVELTY_V1_20260907
KIWI	Kiwi	APPLICABLE	2	EASY	EASY	Kiwi: gewöhnlicher lokaler Bezugsweg über den Bereich »Obst- und Gemüseabteilung«.	Kiwi: gewöhnlicher lokaler Bezugsweg über den Bereich »Kiwi«.	AI_BULK_ACCEPTED	AI_BULK_ACCEPTED	AI_BULK_ACCEPTED	AI_BULK_ACCEPTED	AI_BULK_ACCEPTED	AI_BULK_ACCEPTED	APPROVED_FINAL		AI_REVIEW_BASE	f8855121af336a7c13cd799cafede5f9b9420f28	AVAILABILITY_NOVELTY_V1_20260907
KLIPPFISH	Klippfisch	APPLICABLE	3	SPECIALTY	SPECIALTY	Klippfisch: Im portugiesisch-/spanisch geprägten Spezialmarkt breit als gesalzener Trockenfisch etabliert; klare Abgrenzung zu ungesalzenem Stockfisch.	Klippfisch: Im portugiesisch-/spanisch geprägten Spezialmarkt breit als gesalzener Trockenfisch etabliert; klare Abgrenzung zu ungesalzenem Stockfisch.	HUMAN_EXPLICIT	HUMAN_EXPLICIT	HUMAN_EXPLICIT	AI_BULK_ACCEPTED	AI_BULK_ACCEPTED	HUMAN_EXPLICIT	APPROVED_FINAL		AI_REVIEW_BASE|NOVELTY_REFERENCE_ANCHOR_HUMAN|AVAILABILITY_V2_ANCHOR_HUMAN	f8855121af336a7c13cd799cafede5f9b9420f28	AVAILABILITY_NOVELTY_V1_20260907
KOHLRABI	Kohlrabi	APPLICABLE	1	EASY	EASY	Kohlrabi: gewöhnlicher lokaler Bezugsweg über den Bereich »Obst- und Gemüseabteilung«.	Kohlrabi: gewöhnlicher lokaler Bezugsweg über den Bereich »Kohlrabi«.	AI_BULK_ACCEPTED	AI_BULK_ACCEPTED	AI_BULK_ACCEPTED	AI_BULK_ACCEPTED	AI_BULK_ACCEPTED	AI_BULK_ACCEPTED	APPROVED_FINAL		AI_REVIEW_BASE	f8855121af336a7c13cd799cafede5f9b9420f28	AVAILABILITY_NOVELTY_V1_20260907
KOLACHE	Kolatschen	APPLICABLE	4	DIFFICULT	DIFFICULT	Kolatschen: Nur der schmale Händlerweg über Luisa Minimarkt Prag – Chemnitz ist positiv belegt; Sonderfahrt begrenzt Form, Bestand oder Logistik.	Kolatschen sind nur über den entfernten tschechischen Spezialmarkt Luisa in Chemnitz positiv belegt; die Sonderfahrt macht den Weg schwierig.	AI_BULK_ACCEPTED	AI_BULK_ACCEPTED	AI_BULK_ACCEPTED	AI_BULK_ACCEPTED	AI_BULK_ACCEPTED	AI_BULK_ACCEPTED	APPROVED_FINAL		AI_REVIEW_BASE	f8855121af336a7c13cd799cafede5f9b9420f28	AVAILABILITY_NOVELTY_V1_20260907
KOMBU	Kombu	APPLICABLE	2	SPECIALTY	SPECIALTY	Kombu: Breit im japanisch-asiatischen Spezialmarkt etabliert; viele unabhängige Händler und Marken.	Kombu: Breit im japanisch-asiatischen Spezialmarkt etabliert; viele unabhängige Händler und Marken.	AI_BULK_ACCEPTED	HUMAN_EXPLICIT	HUMAN_EXPLICIT	AI_BULK_ACCEPTED	AI_BULK_ACCEPTED	MIXED	APPROVED_FINAL		AI_REVIEW_BASE|AVAILABILITY_V2_ANCHOR_HUMAN	f8855121af336a7c13cd799cafede5f9b9420f28	AVAILABILITY_NOVELTY_V1_20260907
LAKSA_PASTE	Laksa-Paste	APPLICABLE	3	SPECIALTY	SPECIALTY	Verschiedene Laksa-Pasten sind reguläre Sortimentsware unabhängiger deutscher und europäischer panasiatischer Vollsortimenter; haltbare Haushaltsgebinde tragen den breiten Spezialmarkt.	Verschiedene Laksa-Pasten sind reguläre Sortimentsware unabhängiger deutscher und europäischer panasiatischer Vollsortimenter; haltbare Haushaltsgebinde tragen den breiten Spezialmarkt.	AI_BULK_ACCEPTED	AI_BULK_ACCEPTED	AI_BULK_ACCEPTED	AI_BULK_ACCEPTED	AI_BULK_ACCEPTED	AI_BULK_ACCEPTED	APPROVED_FINAL		AI_REVIEW_BASE	f8855121af336a7c13cd799cafede5f9b9420f28	AVAILABILITY_NOVELTY_V1_20260907
LAMB	Lamm	APPLICABLE	2	PLANNED	PLANNED	Lamm ist über eine gezielte Bestellung oder Sortimentsprüfung bei MeinMetzger – Lammfleisch im allgemeinen deutschen Handel planbar, lokal aber kein verlässlicher Standardartikel.	Lamm: Rostocker Bezugsweg über MeinMetzger – Lammfleisch; dokumentiert sind ein dokumentiertes laufendes Angebot und Kühlversand.	AI_BULK_ACCEPTED	AI_BULK_ACCEPTED	AI_BULK_ACCEPTED	AI_BULK_ACCEPTED	AI_BULK_ACCEPTED	AI_BULK_ACCEPTED	APPROVED_FINAL		AI_REVIEW_BASE	f8855121af336a7c13cd799cafede5f9b9420f28	AVAILABILITY_NOVELTY_V1_20260907
LAMBIC	Lambic	APPLICABLE	4	SPECIALTY	SPECIALTY	Lambic: Zwei unabhängige spezialisierte Bierhändler tragen den Markt: Belgoshop und Beyond Beer führen jeweils Cantillon Grand Cru Bruocsella als reines, ungeblendetes dreijähriges Lambic aktuell bestellbar; ein allgemeiner Getränkeweg ist nicht belegt.	Lambic: Belgoshop und Beyond Beer bilden zwei voneinander unabhängige Spezialbierwege; beide listen Cantillon Grand Cru Bruocsella als reines, ungeblendetes dreijähriges Lambic aktuell positiv, während ein allgemeiner Rostocker Getränkeweg fehlt.	AI_BULK_ACCEPTED	AI_BULK_ACCEPTED	AI_BULK_ACCEPTED	AI_BULK_ACCEPTED	AI_BULK_ACCEPTED	AI_BULK_ACCEPTED	APPROVED_FINAL		AI_REVIEW_BASE	f8855121af336a7c13cd799cafede5f9b9420f28	AVAILABILITY_NOVELTY_V1_20260907
LAMBS_LETTUCE	Feldsalat	APPLICABLE	1	EASY	EASY	Feldsalat: gewöhnlicher lokaler Bezugsweg über den Bereich »Obst- und Gemüseabteilung«.	Feldsalat: gewöhnlicher lokaler Bezugsweg über den Bereich »Feldsalat«.	AI_BULK_ACCEPTED	AI_BULK_ACCEPTED	AI_BULK_ACCEPTED	AI_BULK_ACCEPTED	AI_BULK_ACCEPTED	AI_BULK_ACCEPTED	APPROVED_FINAL		AI_REVIEW_BASE	f8855121af336a7c13cd799cafede5f9b9420f28	AVAILABILITY_NOVELTY_V1_20260907
LAMB_CHOP	Lammkotelett	APPLICABLE	2	PLANNED	PLANNED	Lammkotelett ist über eine gezielte Bestellung oder Sortimentsprüfung bei MeinMetzger – Lammkotelett Stiel portioniert im allgemeinen deutschen Handel planbar, lokal aber kein verlässlicher Standardartikel.	Lammkotelett: Rostocker Bezugsweg über MeinMetzger – Lammkotelett Stiel portioniert; dokumentiert sind beim Abruf verfügbaren Bestand und Kühlversand.	AI_BULK_ACCEPTED	AI_BULK_ACCEPTED	AI_BULK_ACCEPTED	AI_BULK_ACCEPTED	AI_BULK_ACCEPTED	AI_BULK_ACCEPTED	APPROVED_FINAL		AI_REVIEW_BASE	f8855121af336a7c13cd799cafede5f9b9420f28	AVAILABILITY_NOVELTY_V1_20260907
LAMB_LEG	Lammkeule	APPLICABLE	2	PLANNED	PLANNED	Lammkeule ist über eine gezielte Bestellung oder Sortimentsprüfung bei MeinMetzger – Lammkeule nur mit Röhrenknochen im allgemeinen deutschen Handel planbar, lokal aber kein verlässlicher Standardartikel.	Lammkeule: Rostocker Bezugsweg über MeinMetzger – Lammkeule nur mit Röhrenknochen; dokumentiert sind beim Abruf verfügbaren Bestand und Kühlversand.	AI_BULK_ACCEPTED	AI_BULK_ACCEPTED	AI_BULK_ACCEPTED	AI_BULK_ACCEPTED	AI_BULK_ACCEPTED	AI_BULK_ACCEPTED	APPROVED_FINAL		AI_REVIEW_BASE	f8855121af336a7c13cd799cafede5f9b9420f28	AVAILABILITY_NOVELTY_V1_20260907
LAMB_MINCE	Lammhack	APPLICABLE	2	PLANNED	PLANNED	Lammhack ist über eine gezielte Bestellung oder Sortimentsprüfung bei MeinMetzger – reines Lammhackfleisch im allgemeinen deutschen Handel planbar, lokal aber kein verlässlicher Standardartikel.	Lammhack: Rostocker Bezugsweg über MeinMetzger – reines Lammhackfleisch; dokumentiert sind beim Abruf verfügbaren Bestand und Kühlversand.	AI_BULK_ACCEPTED	AI_BULK_ACCEPTED	AI_BULK_ACCEPTED	AI_BULK_ACCEPTED	AI_BULK_ACCEPTED	AI_BULK_ACCEPTED	APPROVED_FINAL		AI_REVIEW_BASE	f8855121af336a7c13cd799cafede5f9b9420f28	AVAILABILITY_NOVELTY_V1_20260907
LAMB_SHOULDER	Lammschulter	APPLICABLE	2	PLANNED	PLANNED	Lammschulter ist über eine gezielte Bestellung oder Sortimentsprüfung bei MeinMetzger – Lammschulterbraten mit Knochen im allgemeinen deutschen Handel planbar, lokal aber kein verlässlicher Standardartikel.	Lammschulter: Rostocker Bezugsweg über MeinMetzger – Lammschulterbraten mit Knochen; dokumentiert sind beim Abruf verfügbaren Bestand und Kühlversand.	AI_BULK_ACCEPTED	AI_BULK_ACCEPTED	AI_BULK_ACCEPTED	AI_BULK_ACCEPTED	AI_BULK_ACCEPTED	AI_BULK_ACCEPTED	APPROVED_FINAL		AI_REVIEW_BASE	f8855121af336a7c13cd799cafede5f9b9420f28	AVAILABILITY_NOVELTY_V1_20260907
LAND_SNAILS	Landschnecken	APPLICABLE	3	PLANNED	PLANNED	Landschnecken in Dosenform über allgemeinen Feinkostversand; Culina bietet Weinbergschnecken ohne Haus im Warenkorb an und versendet mit ausgewiesener Deutschland-Lieferfrist.	Landschnecken: Konservierte Landschnecken über allgemeinen Feinkostversand; Culina bietet Weinbergschnecken ohne Haus als Dosenware an und nennt eine Deutschland-Lieferfrist von ungefähr einer Woche.	AI_BULK_ACCEPTED	AI_BULK_ACCEPTED	AI_BULK_ACCEPTED	AI_BULK_ACCEPTED	AI_BULK_ACCEPTED	AI_BULK_ACCEPTED	APPROVED_FINAL		AI_REVIEW_BASE	f8855121af336a7c13cd799cafede5f9b9420f28	AVAILABILITY_NOVELTY_V1_20260907
LARD	Schweineschmalz	APPLICABLE	1	EASY	EASY	Schweineschmalz: gewöhnlicher lokaler Bezugsweg über den Bereich »Öl- und Kochfettregal«.	Schweineschmalz: Rostocker Bezugsweg über das Öl- oder Kochfettregal eines gewöhnlichen großen Rostocker Supermarkts.	AI_BULK_ACCEPTED	AI_BULK_ACCEPTED	AI_BULK_ACCEPTED	AI_BULK_ACCEPTED	AI_BULK_ACCEPTED	AI_BULK_ACCEPTED	APPROVED_FINAL		AI_REVIEW_BASE	f8855121af336a7c13cd799cafede5f9b9420f28	AVAILABILITY_NOVELTY_V1_20260907
LASAGNE_SHEETS	Lasagneplatten	APPLICABLE	1	EASY	EASY	Lasagneplatten: gewöhnlicher lokaler Bezugsweg über den Bereich »Reis-, Mehl-, Nudel- oder Trockenwarenregal«.	Lasagneplatten: gewöhnlicher lokaler Bezugsweg über den Bereich »Lasagneplatten«.	AI_BULK_ACCEPTED	AI_BULK_ACCEPTED	AI_BULK_ACCEPTED	AI_BULK_ACCEPTED	AI_BULK_ACCEPTED	AI_BULK_ACCEPTED	APPROVED_FINAL		AI_REVIEW_BASE	f8855121af336a7c13cd799cafede5f9b9420f28	AVAILABILITY_NOVELTY_V1_20260907
LA_LOT_LEAVES	Lá-lốt-Blätter	APPLICABLE	3	DIFFICULT	DIFFICULT	Lá-lốt-Blätter: Wenige vietnamesisch orientierte Frischehändler, schwankender Bestand und Frischelogistik.	Lá-lốt-Blätter: Wenige vietnamesisch orientierte Frischehändler, schwankender Bestand und Frischelogistik.	AI_BULK_ACCEPTED	HUMAN_EXPLICIT	HUMAN_EXPLICIT	AI_BULK_ACCEPTED	AI_BULK_ACCEPTED	MIXED	APPROVED_FINAL		AI_REVIEW_BASE|AVAILABILITY_V2_ANCHOR_HUMAN	f8855121af336a7c13cd799cafede5f9b9420f28	AVAILABILITY_NOVELTY_V1_20260907
LEAFY_GREENS	Blattgemüse	APPLICABLE	1	EASY	EASY	Blattgemüse: gewöhnlicher lokaler Bezugsweg über den Bereich »Obst- und Gemüseabteilung«.	Blattgemüse: gewöhnlicher lokaler Bezugsweg über den Bereich »Blattgemüse«.	AI_BULK_ACCEPTED	AI_BULK_ACCEPTED	AI_BULK_ACCEPTED	AI_BULK_ACCEPTED	AI_BULK_ACCEPTED	AI_BULK_ACCEPTED	APPROVED_FINAL		AI_REVIEW_BASE	f8855121af336a7c13cd799cafede5f9b9420f28	AVAILABILITY_NOVELTY_V1_20260907
LEBERKAESE	Leberkäse	APPLICABLE	3	EASY	EASY	Leberkäse: gewöhnlicher lokaler Bezugsweg über den Bereich »Wurstkühlung oder Bedientheke«.	Leberkäse: Rostocker Bezugsweg über die Fleischkühlung oder Bedientheke eines gewöhnlichen großen Rostocker Supermarkts.	AI_BULK_ACCEPTED	AI_BULK_ACCEPTED	AI_BULK_ACCEPTED	AI_BULK_ACCEPTED	AI_BULK_ACCEPTED	AI_BULK_ACCEPTED	APPROVED_FINAL		AI_REVIEW_BASE	f8855121af336a7c13cd799cafede5f9b9420f28	AVAILABILITY_NOVELTY_V1_20260907
LEEK	Lauch	APPLICABLE	1	EASY	EASY	Lauch: gewöhnlicher lokaler Bezugsweg über den Bereich »Obst- und Gemüseabteilung«.	Lauch: Rostocker Bezugsweg über die Gemüseabteilung eines gewöhnlichen großen Rostocker Supermarkts.	AI_BULK_ACCEPTED	AI_BULK_ACCEPTED	AI_BULK_ACCEPTED	AI_BULK_ACCEPTED	AI_BULK_ACCEPTED	AI_BULK_ACCEPTED	APPROVED_FINAL		AI_REVIEW_BASE	f8855121af336a7c13cd799cafede5f9b9420f28	AVAILABILITY_NOVELTY_V1_20260907
LEFSE	Lefse	APPLICABLE	3	DIFFICULT	DIFFICULT	Lefse: Enger norwegischer Fertigproduktimport mit wenigen Händlern und periodischem Bestand.	Lefse: Enger norwegischer Fertigproduktimport mit wenigen Händlern und periodischem Bestand.	AI_BULK_ACCEPTED	HUMAN_EXPLICIT	HUMAN_EXPLICIT	AI_BULK_ACCEPTED	AI_BULK_ACCEPTED	MIXED	APPROVED_FINAL		AI_REVIEW_BASE|AVAILABILITY_V2_ANCHOR_HUMAN	f8855121af336a7c13cd799cafede5f9b9420f28	AVAILABILITY_NOVELTY_V1_20260907
LEGUMES	Hülsenfrüchte	APPLICABLE	1	EASY	EASY	Hülsenfrüchte: gewöhnlicher lokaler Bezugsweg über den Bereich »Hülsenfrucht-, Konserven- oder Trockenwarenregal«.	Hülsenfrüchte: gewöhnlicher lokaler Bezugsweg über den Bereich »Hülsenfrüchte«.	AI_BULK_ACCEPTED	AI_BULK_ACCEPTED	AI_BULK_ACCEPTED	AI_BULK_ACCEPTED	AI_BULK_ACCEPTED	AI_BULK_ACCEPTED	APPROVED_FINAL		AI_REVIEW_BASE	f8855121af336a7c13cd799cafede5f9b9420f28	AVAILABILITY_NOVELTY_V1_20260907
LEMON	Zitrone	APPLICABLE	1	EASY	EASY	Zitrone: gewöhnlicher lokaler Bezugsweg über den Bereich »Obst- und Gemüseabteilung«.	Zitrone: gewöhnlicher lokaler Bezugsweg über den Bereich »Zitrone«.	AI_BULK_ACCEPTED	AI_BULK_ACCEPTED	AI_BULK_ACCEPTED	AI_BULK_ACCEPTED	AI_BULK_ACCEPTED	AI_BULK_ACCEPTED	APPROVED_FINAL		AI_REVIEW_BASE	f8855121af336a7c13cd799cafede5f9b9420f28	AVAILABILITY_NOVELTY_V1_20260907
LEMONGRASS	Zitronengras	APPLICABLE	2	PLANNED	PLANNED	Zitronengras ist über ein vorab zu prüfendes Sortiment im Bereich »frische Kräuterabteilung« eines großen Bornheimer Markts im allgemeinen deutschen Handel planbar, lokal aber kein verlässlicher Standardartikel.	Zitronengras: Rostocker Bezugsweg über gut sortierte Vollsortimenter, Kräutergärtnereien und etablierte deutsche Frischehändler.	AI_BULK_ACCEPTED	AI_BULK_ACCEPTED	AI_BULK_ACCEPTED	AI_BULK_ACCEPTED	AI_BULK_ACCEPTED	AI_BULK_ACCEPTED	APPROVED_FINAL		AI_REVIEW_BASE	f8855121af336a7c13cd799cafede5f9b9420f28	AVAILABILITY_NOVELTY_V1_20260907
LENTILS	Linsen	APPLICABLE	1	EASY	EASY	Linsen: gewöhnlicher lokaler Bezugsweg über den Bereich »Hülsenfrucht-, Konserven- oder Trockenwarenregal«.	Linsen: gewöhnlicher lokaler Bezugsweg über den Bereich »Linsen«.	AI_BULK_ACCEPTED	AI_BULK_ACCEPTED	AI_BULK_ACCEPTED	AI_BULK_ACCEPTED	AI_BULK_ACCEPTED	AI_BULK_ACCEPTED	APPROVED_FINAL		AI_REVIEW_BASE	f8855121af336a7c13cd799cafede5f9b9420f28	AVAILABILITY_NOVELTY_V1_20260907
LETTUCE	Kopfsalat	APPLICABLE	1	EASY	EASY	Kopfsalat: gewöhnlicher lokaler Bezugsweg über den Bereich »Obst- und Gemüseabteilung«.	Kopfsalat: Rostocker Bezugsweg über die Gemüseabteilung eines gewöhnlichen großen Rostocker Supermarkts.	AI_BULK_ACCEPTED	AI_BULK_ACCEPTED	AI_BULK_ACCEPTED	AI_BULK_ACCEPTED	AI_BULK_ACCEPTED	AI_BULK_ACCEPTED	APPROVED_FINAL		AI_REVIEW_BASE	f8855121af336a7c13cd799cafede5f9b9420f28	AVAILABILITY_NOVELTY_V1_20260907
LIEGE_SYRUP	Sirop de Liège	APPLICABLE	3	DIFFICULT	DIFFICULT	Sirop de Liège: Nur der schmale Händlerweg über Belgoshop – Meurens Original Lütticher Sirup ist positiv belegt; Standardversand begrenzt Form, Bestand oder Logistik.	Sirop de Liège: Rostocker Bezugsweg über Belgoshop – Meurens Original Lütticher Sirup; dokumentiert sind ein dokumentiertes laufendes Angebot und Standardversand.	AI_BULK_ACCEPTED	AI_BULK_ACCEPTED	AI_BULK_ACCEPTED	AI_BULK_ACCEPTED	AI_BULK_ACCEPTED	AI_BULK_ACCEPTED	APPROVED_FINAL		AI_REVIEW_BASE	f8855121af336a7c13cd799cafede5f9b9420f28	AVAILABILITY_NOVELTY_V1_20260907
LIEGE_WAFFLE	Lütticher Waffel	APPLICABLE	4	PLANNED	PLANNED	Lütticher Waffel: Morgenmarkt bietet belgische Lütticher Zuckerwaffeln der allgemeinen Handelsmarke Gut & Günstig als sofort verfügbare 550-g-Packung an.	Lütticher Waffel: Morgenmarkt bietet belgische Lütticher Zuckerwaffeln der allgemeinen Handelsmarke Gut & Günstig als sofort verfügbare 550-g-Packung an.	AI_BULK_ACCEPTED	AI_BULK_ACCEPTED	AI_BULK_ACCEPTED	AI_BULK_ACCEPTED	AI_BULK_ACCEPTED	AI_BULK_ACCEPTED	APPROVED_FINAL		AI_REVIEW_BASE	f8855121af336a7c13cd799cafede5f9b9420f28	AVAILABILITY_NOVELTY_V1_20260907
LIGHT_SOY_SAUCE	helle Sojasauce	APPLICABLE	2	PLANNED	PLANNED	helle Sojasauce: Für den Warenzugang nutzt Georgia „Saucen-, Würzpasten- und Feinkostregal über eine deutsche Versandroute mit geprüftem Artikel“.	helle Sojasauce: Für „helle Sojasauce“ wird das Angebot über gut sortierte Vollsortimenter und etablierte deutsche Feinkost- oder Würzsaucenhändler kontrolliert.	AI_BULK_ACCEPTED	AI_BULK_ACCEPTED	AI_BULK_ACCEPTED	AI_BULK_ACCEPTED	AI_BULK_ACCEPTED	AI_BULK_ACCEPTED	APPROVED_FINAL		AI_REVIEW_BASE	f8855121af336a7c13cd799cafede5f9b9420f28	AVAILABILITY_NOVELTY_V1_20260907
LIME	Limette	APPLICABLE	1	EASY	EASY	Limette: gewöhnlicher lokaler Bezugsweg über den Bereich »Obst- und Gemüseabteilung«.	Limette: gewöhnlicher lokaler Bezugsweg über den Bereich »Limette«.	AI_BULK_ACCEPTED	AI_BULK_ACCEPTED	AI_BULK_ACCEPTED	AI_BULK_ACCEPTED	AI_BULK_ACCEPTED	AI_BULK_ACCEPTED	APPROVED_FINAL		AI_REVIEW_BASE	f8855121af336a7c13cd799cafede5f9b9420f28	AVAILABILITY_NOVELTY_V1_20260907
LINGONBERRY	Preiselbeeren	APPLICABLE	3	PLANNED	PLANNED	Preiselbeeren ist über eine konkrete Vorbestellung oder Bestandsabfrage für Obst im allgemeinen deutschen Handel planbar, lokal aber kein verlässlicher Standardartikel.	Preiselbeeren: Der konkrete Bezug von „Preiselbeeren“ läuft über gut sortierte Vollsortimenter und etablierte deutsche Frucht- oder Frischehändler.	AI_BULK_ACCEPTED	AI_BULK_ACCEPTED	AI_BULK_ACCEPTED	AI_BULK_ACCEPTED	AI_BULK_ACCEPTED	AI_BULK_ACCEPTED	APPROVED_FINAL		AI_REVIEW_BASE	f8855121af336a7c13cd799cafede5f9b9420f28	AVAILABILITY_NOVELTY_V1_20260907
LINGONBERRY_PRESERVES	Preiselbeer-Konfitüre/-kompott	APPLICABLE	2	EASY	EASY	Preiselbeer-Konfitüre/-kompott: gewöhnlicher lokaler Bezugsweg über den Bereich »Konserven-, Glas- oder internationales Feinkostregal«.	Preiselbeer-Konfitüre/-kompott: gewöhnlicher lokaler Bezugsweg über den Bereich »Preiselbeer-Konfitüre/-kompott«.	AI_BULK_ACCEPTED	AI_BULK_ACCEPTED	AI_BULK_ACCEPTED	AI_BULK_ACCEPTED	AI_BULK_ACCEPTED	AI_BULK_ACCEPTED	APPROVED_FINAL		AI_REVIEW_BASE	f8855121af336a7c13cd799cafede5f9b9420f28	AVAILABILITY_NOVELTY_V1_20260907
LIQUORICE	Lakritz	APPLICABLE	5	EASY	EASY	Lakritz: Gewöhnliche Lakritzware ist im allgemeinen Süßwarensortiment zuverlässig erhältlich.	Lakritz: Gewöhnliche Lakritzware ist im allgemeinen Süßwarensortiment zuverlässig erhältlich.	HUMAN_EXPLICIT	HUMAN_EXPLICIT	HUMAN_EXPLICIT	AI_BULK_ACCEPTED	AI_BULK_ACCEPTED	HUMAN_EXPLICIT	APPROVED_FINAL		AI_REVIEW_BASE|NOVELTY_REFERENCE_ANCHOR_HUMAN|AVAILABILITY_V2_ANCHOR_HUMAN	f8855121af336a7c13cd799cafede5f9b9420f28	AVAILABILITY_NOVELTY_V1_20260907
LIVER_PATE	Leberpastete	APPLICABLE	2	EASY	EASY	Leberpastete: gewöhnlicher lokaler Bezugsweg über den Bereich »Fleischkühlung oder Bedientheke«.	Leberpastete: gewöhnlicher lokaler Bezugsweg über den Bereich »Leberpastete«.	AI_BULK_ACCEPTED	AI_BULK_ACCEPTED	AI_BULK_ACCEPTED	AI_BULK_ACCEPTED	AI_BULK_ACCEPTED	AI_BULK_ACCEPTED	APPROVED_FINAL		AI_REVIEW_BASE	f8855121af336a7c13cd799cafede5f9b9420f28	AVAILABILITY_NOVELTY_V1_20260907
LIVER_SAUSAGE	Leberwurst	APPLICABLE	2	EASY	EASY	Leberwurst: gewöhnlicher lokaler Bezugsweg über den Bereich »Wurstkühlung oder Bedientheke«.	Leberwurst: gewöhnlicher lokaler Bezugsweg über den Bereich »Leberwurst«.	AI_BULK_ACCEPTED	AI_BULK_ACCEPTED	AI_BULK_ACCEPTED	AI_BULK_ACCEPTED	AI_BULK_ACCEPTED	AI_BULK_ACCEPTED	APPROVED_FINAL		AI_REVIEW_BASE	f8855121af336a7c13cd799cafede5f9b9420f28	AVAILABILITY_NOVELTY_V1_20260907
LOBSTER	Hummer	APPLICABLE	2	SPECIALTY	SPECIALTY	Hummer: Hummer verlangt den einschlägigen Seafood-Spezialmarkt und besitzt keinen hinreichend breiten allgemeinen PLANNED-Weg.	Hummer: Hummer verlangt den einschlägigen Seafood-Spezialmarkt und besitzt keinen hinreichend breiten allgemeinen PLANNED-Weg.	HUMAN_EXPLICIT	HUMAN_EXPLICIT	HUMAN_EXPLICIT	AI_BULK_ACCEPTED	AI_BULK_ACCEPTED	HUMAN_EXPLICIT	APPROVED_FINAL		AI_REVIEW_BASE|NOVELTY_REFERENCE_ANCHOR_HUMAN|AVAILABILITY_V2_ANCHOR_HUMAN	f8855121af336a7c13cd799cafede5f9b9420f28	AVAILABILITY_NOVELTY_V1_20260907
LONGGANISA	Longganisa	APPLICABLE	3	DIFFICULT	DIFFICULT	Die offene Longganisa-Wurstfamilie bleibt auf wenige philippinische Kühl- und TK-Händler mit wechselnden Sorten und Beständen beschränkt.	Die offene Longganisa-Wurstfamilie bleibt auf wenige philippinische Kühl- und TK-Händler mit wechselnden Sorten und Beständen beschränkt.	HUMAN_EXPLICIT	HUMAN_EXPLICIT	HUMAN_EXPLICIT	AI_BULK_ACCEPTED	AI_BULK_ACCEPTED	HUMAN_EXPLICIT	APPROVED_FINAL		AI_REVIEW_BASE|NOVELTY_REFERENCE_ANCHOR_HUMAN|AVAILABILITY_V2_ANCHOR_HUMAN	f8855121af336a7c13cd799cafede5f9b9420f28	AVAILABILITY_NOVELTY_V1_20260907
LOTUS_ROOT	Lotuswurzel	APPLICABLE	3	SPECIALTY	SPECIALTY	In Wasser konservierte Lotuswurzel ist reguläre Gemüsekonserve unabhängiger breiter panasiatischer Händler; getrennte Wege und Standardversand tragen den breiten Spezialmarkt.	In Wasser konservierte Lotuswurzel ist reguläre Gemüsekonserve unabhängiger breiter panasiatischer Händler; getrennte Wege und Standardversand tragen den breiten Spezialmarkt.	HUMAN_EXPLICIT	HUMAN_EXPLICIT	HUMAN_EXPLICIT	HUMAN_EXPLICIT	HUMAN_EXPLICIT	HUMAN_EXPLICIT	APPROVED_FINAL		AI_REVIEW_BASE|HUMAN_CHARGE_2	f8855121af336a7c13cd799cafede5f9b9420f28	AVAILABILITY_NOVELTY_V1_20260907
LOTUS_SEEDS	Lotussamen	APPLICABLE	3	SPECIALTY	SPECIALTY	Getrocknete Lotussamen verschiedener Marken sind reguläre Trockenware unabhängiger panasiatischer Vollsortimenter; Standardversand trägt die Spezialmarktbreite, ohne eine Keimentfernung zu unterstellen.	Getrocknete Lotussamen verschiedener Marken sind reguläre Trockenware unabhängiger panasiatischer Vollsortimenter; Standardversand trägt die Spezialmarktbreite, ohne eine Keimentfernung zu unterstellen.	AI_BULK_ACCEPTED	AI_BULK_ACCEPTED	AI_BULK_ACCEPTED	AI_BULK_ACCEPTED	AI_BULK_ACCEPTED	AI_BULK_ACCEPTED	APPROVED_FINAL		AI_REVIEW_BASE	f8855121af336a7c13cd799cafede5f9b9420f28	AVAILABILITY_NOVELTY_V1_20260907
LOVAGE	Liebstöckel	APPLICABLE	2	PLANNED	PLANNED	Liebstöckel: Ankerkraut führt reinen getrockneten und gerebelten Liebstöckel im 15-g-Glas als auf Lager und in den Warenkorb legbar.	Liebstöckel: Ankerkraut führt reinen getrockneten und gerebelten Liebstöckel im 15-g-Glas als auf Lager und in den Warenkorb legbar.	AI_BULK_ACCEPTED	AI_BULK_ACCEPTED	AI_BULK_ACCEPTED	AI_BULK_ACCEPTED	AI_BULK_ACCEPTED	AI_BULK_ACCEPTED	APPROVED_FINAL		AI_REVIEW_BASE	f8855121af336a7c13cd799cafede5f9b9420f28	AVAILABILITY_NOVELTY_V1_20260907
LUPIN	Lupinen	APPLICABLE	3	PLANNED	PLANNED	Lupinen ist über einen vorbereiteten Einkauf im gut sortierten Bereich »Hülsenfrucht-, Konserven- oder Trockenwarenregal« im allgemeinen deutschen Handel planbar, lokal aber kein verlässlicher Standardartikel.	Lupinen: Tobias sucht „Lupinen“ in Rostock über gut sortierte Vollsortimenter und etablierte deutsche Bio- oder Trockenwarenhändler gesucht.	AI_BULK_ACCEPTED	AI_BULK_ACCEPTED	AI_BULK_ACCEPTED	AI_BULK_ACCEPTED	AI_BULK_ACCEPTED	AI_BULK_ACCEPTED	APPROVED_FINAL		AI_REVIEW_BASE	f8855121af336a7c13cd799cafede5f9b9420f28	AVAILABILITY_NOVELTY_V1_20260907
LUTEFISK	Lutefisk	APPLICABLE	4	DIFFICULT	DIFFICULT	Für küchenfertigen Lutefisk ist im geprüften deutschen und erreichbaren EU-Endkundenhandel kein aktueller positiver Produktweg belegt.	Für küchenfertigen Lutefisk ist im geprüften deutschen und erreichbaren EU-Endkundenhandel kein aktueller positiver Produktweg belegt.	AI_BULK_ACCEPTED	AI_BULK_ACCEPTED	AI_BULK_ACCEPTED	AI_BULK_ACCEPTED	AI_BULK_ACCEPTED	AI_BULK_ACCEPTED	APPROVED_FINAL		AI_REVIEW_BASE	f8855121af336a7c13cd799cafede5f9b9420f28	AVAILABILITY_NOVELTY_V1_20260907
LYCHEE	Litschi	APPLICABLE	2	PLANNED	PLANNED	Litschi ist über einen vorbereiteten Einkauf im gut sortierten Bereich »Obst- und Gemüseabteilung« im allgemeinen deutschen Handel planbar, lokal aber kein verlässlicher Standardartikel.	Litschi: Tobias sucht „Litschi“ in Rostock über gut sortierte Vollsortimenter und etablierte deutsche Frucht- oder Frischehändler gesucht.	AI_BULK_ACCEPTED	AI_BULK_ACCEPTED	AI_BULK_ACCEPTED	AI_BULK_ACCEPTED	AI_BULK_ACCEPTED	AI_BULK_ACCEPTED	APPROVED_FINAL		AI_REVIEW_BASE	f8855121af336a7c13cd799cafede5f9b9420f28	AVAILABILITY_NOVELTY_V1_20260907
MACADAMIA	Macadamianüsse	APPLICABLE	2	EASY	EASY	Macadamianüsse: gewöhnlicher lokaler Bezugsweg über den Bereich »Nuss-, Saaten- oder Nussmusregal«.	Macadamianüsse: gewöhnlicher lokaler Bezugsweg über den Bereich »Macadamianüsse«.	AI_BULK_ACCEPTED	AI_BULK_ACCEPTED	AI_BULK_ACCEPTED	AI_BULK_ACCEPTED	AI_BULK_ACCEPTED	AI_BULK_ACCEPTED	APPROVED_FINAL		AI_REVIEW_BASE	f8855121af336a7c13cd799cafede5f9b9420f28	AVAILABILITY_NOVELTY_V1_20260907
MACAPUNO	Macapuno	APPLICABLE	3	SPECIALTY	SPECIALTY	Macapuno ist im einschlägigen Spezialmarkt breit etabliert; dokumentierte reguläre Wege sind die voneinander unabhängigen Händler PinoyFood – Manila Macapuno sowie Pilipino Business – Macapuno Coco Sport.	Macapuno: Rostocker Bezugsweg über Pilipino Business – Macapuno Coco Sport und PinoyFood – Manila Macapuno; dokumentiert ist verfügbarer Bestand in einem laufenden Fachsortiment und Standardversand.	AI_BULK_ACCEPTED	AI_BULK_ACCEPTED	AI_BULK_ACCEPTED	AI_BULK_ACCEPTED	AI_BULK_ACCEPTED	AI_BULK_ACCEPTED	APPROVED_FINAL		AI_REVIEW_BASE	f8855121af336a7c13cd799cafede5f9b9420f28	AVAILABILITY_NOVELTY_V1_20260907
MACKEREL	Makrele	APPLICABLE	2	PLANNED	PLANNED	Makrele: Die aktuell verfügbare Makrele ist ausgenommen, mit Kopf und Haut tiefgefroren; sie belegt ausdrücklich die unveredelte Kochform statt Räucherware.	Makrele: Die aktuell verfügbare Makrele ist ausgenommen, mit Kopf und Haut tiefgefroren; sie belegt ausdrücklich die unveredelte Kochform statt Räucherware.	AI_BULK_ACCEPTED	AI_BULK_ACCEPTED	AI_BULK_ACCEPTED	AI_BULK_ACCEPTED	AI_BULK_ACCEPTED	AI_BULK_ACCEPTED	APPROVED_FINAL		AI_REVIEW_BASE	f8855121af336a7c13cd799cafede5f9b9420f28	AVAILABILITY_NOVELTY_V1_20260907
MAGGI_SEASONING	Maggi-Würze	APPLICABLE	1	EASY	EASY	Maggi-Würze: gewöhnlicher lokaler Bezugsweg über den Bereich »Saucen-, Würzpasten- und Feinkostregal«.	Maggi-Würze: gewöhnlicher lokaler Bezugsweg über den Bereich »Maggi-Würze«.	AI_BULK_ACCEPTED	AI_BULK_ACCEPTED	AI_BULK_ACCEPTED	AI_BULK_ACCEPTED	AI_BULK_ACCEPTED	AI_BULK_ACCEPTED	APPROVED_FINAL		AI_REVIEW_BASE	f8855121af336a7c13cd799cafede5f9b9420f28	AVAILABILITY_NOVELTY_V1_20260907
MAITAKE	Maitake	APPLICABLE	2	PLANNED	PLANNED	Maitake: Obstwelt bietet frische Maitake beziehungsweise Klapperschwämme mit Warenkorb und bundesweitem Frischeversand an.	Maitake: Obstwelt bietet frische Maitake beziehungsweise Klapperschwämme mit Warenkorb und bundesweitem Frischeversand an. eine konkrete Rostocker Abholstelle muss aktuell ausgewählt werden.	AI_BULK_ACCEPTED	AI_BULK_ACCEPTED	AI_BULK_ACCEPTED	AI_BULK_ACCEPTED	AI_BULK_ACCEPTED	AI_BULK_ACCEPTED	APPROVED_FINAL		AI_REVIEW_BASE	f8855121af336a7c13cd799cafede5f9b9420f28	AVAILABILITY_NOVELTY_V1_20260907
MALT_VINEGAR	Malzessig	APPLICABLE	2	PLANNED	PLANNED	Malzessig: Die REWE-Produktseite für Sarson's Malzessig nennt Gerstenmalzessig und Gerstenmalzextrakt; Georgia kann das konkrete Kettenprodukt im Raum Bornheim standortbezogen prüfen.	Malzessig: REWE nennt für Sarson's Malzessig Gerstenmalzessig und Gerstenmalzextrakt; das konkrete Kettenprodukt kann Tobias standortbezogen im Rostocker Essigsortiment prüfen.	AI_BULK_ACCEPTED	AI_BULK_ACCEPTED	AI_BULK_ACCEPTED	AI_BULK_ACCEPTED	AI_BULK_ACCEPTED	AI_BULK_ACCEPTED	APPROVED_FINAL		AI_REVIEW_BASE	f8855121af336a7c13cd799cafede5f9b9420f28	AVAILABILITY_NOVELTY_V1_20260907
MAM_NEM	Mắm nêm	APPLICABLE	3	SPECIALTY	SPECIALTY	Mắm nêm: Exakte Produkte sind bei mehreren unabhängigen deutschen, niederländischen und breiter aufgestellten Asia-Händlern regulär gelistet; damit breiter Spezialmarkt, nicht bloß ein einzelner Vietnam-Importeur.	Mắm nêm: Exakte Produkte sind bei mehreren unabhängigen deutschen, niederländischen und breiter aufgestellten Asia-Händlern regulär gelistet; damit breiter Spezialmarkt, nicht bloß ein einzelner Vietnam-Importeur.	AI_BULK_ACCEPTED	HUMAN_EXPLICIT	HUMAN_EXPLICIT	AI_BULK_ACCEPTED	AI_BULK_ACCEPTED	MIXED	APPROVED_FINAL		AI_REVIEW_BASE|AVAILABILITY_V2_ANCHOR_HUMAN	f8855121af336a7c13cd799cafede5f9b9420f28	AVAILABILITY_NOVELTY_V1_20260907
MAM_RUOC	Mắm ruốc	APPLICABLE	3	DIFFICULT	DIFFICULT	Mắm ruốc: Nur wenige vietnamesisch ausgerichtete Händler führen die exakte fermentierte Würze; der Markt ist national nischig.	Mắm ruốc: Nur wenige vietnamesisch ausgerichtete Händler führen die exakte fermentierte Würze; der Markt ist national nischig.	AI_BULK_ACCEPTED	HUMAN_EXPLICIT	HUMAN_EXPLICIT	AI_BULK_ACCEPTED	AI_BULK_ACCEPTED	MIXED	APPROVED_FINAL		AI_REVIEW_BASE|AVAILABILITY_V2_ANCHOR_HUMAN	f8855121af336a7c13cd799cafede5f9b9420f28	AVAILABILITY_NOVELTY_V1_20260907
MAM_TOM	Mắm tôm	APPLICABLE	3	SPECIALTY	SPECIALTY	Mắm tôm: Exakte Mắm-tôm-Produkte werden von mehreren unabhängigen deutschen Asia-Händlern regulär angeboten; national geprägt aber inzwischen ausreichend breit im einschlägigen Spezialmarkt.	Mắm tôm: Exakte Mắm-tôm-Produkte werden von mehreren unabhängigen deutschen Asia-Händlern regulär angeboten; national geprägt aber inzwischen ausreichend breit im einschlägigen Spezialmarkt.	HUMAN_EXPLICIT	HUMAN_EXPLICIT	HUMAN_EXPLICIT	AI_BULK_ACCEPTED	AI_BULK_ACCEPTED	HUMAN_EXPLICIT	APPROVED_FINAL		AI_REVIEW_BASE|NOVELTY_REFERENCE_ANCHOR_HUMAN|AVAILABILITY_V2_ANCHOR_HUMAN	f8855121af336a7c13cd799cafede5f9b9420f28	AVAILABILITY_NOVELTY_V1_20260907
MANCHEGO	Manchego	APPLICABLE	2	PLANNED	PLANNED	Manchego: jamon.de führt D.O.-Manchego aus Milch von Manchega-Schafen als festen, zwölf Monate gereiften 200-g-Käse auf Lager.	Manchego: jamon.de führt D.O.-Manchego aus Milch von Manchega-Schafen als festen, zwölf Monate gereiften 200-g-Käse auf Lager.	AI_BULK_ACCEPTED	AI_BULK_ACCEPTED	AI_BULK_ACCEPTED	AI_BULK_ACCEPTED	AI_BULK_ACCEPTED	AI_BULK_ACCEPTED	APPROVED_FINAL		AI_REVIEW_BASE	f8855121af336a7c13cd799cafede5f9b9420f28	AVAILABILITY_NOVELTY_V1_20260907
MANDARIN	Mandarine	APPLICABLE	1	EASY	EASY	Mandarine: gewöhnlicher lokaler Bezugsweg über den Bereich »Obst- und Gemüseabteilung«.	Mandarine: gewöhnlicher lokaler Bezugsweg über den Bereich »Mandarine«.	AI_BULK_ACCEPTED	AI_BULK_ACCEPTED	AI_BULK_ACCEPTED	AI_BULK_ACCEPTED	AI_BULK_ACCEPTED	AI_BULK_ACCEPTED	APPROVED_FINAL		AI_REVIEW_BASE	f8855121af336a7c13cd799cafede5f9b9420f28	AVAILABILITY_NOVELTY_V1_20260907
MANGO	Mango	APPLICABLE	1	EASY	EASY	Mango: gewöhnlicher lokaler Bezugsweg über den Bereich »Obst- und Gemüseabteilung«.	Mango: gewöhnlicher lokaler Bezugsweg über den Bereich »Mango«.	AI_BULK_ACCEPTED	AI_BULK_ACCEPTED	AI_BULK_ACCEPTED	AI_BULK_ACCEPTED	AI_BULK_ACCEPTED	AI_BULK_ACCEPTED	APPROVED_FINAL		AI_REVIEW_BASE	f8855121af336a7c13cd799cafede5f9b9420f28	AVAILABILITY_NOVELTY_V1_20260907
MAPLE_SYRUP	Ahornsirup	APPLICABLE	2	EASY	EASY	Ahornsirup: gewöhnlicher lokaler Bezugsweg über den Bereich »Backzutaten-, Süßwaren- oder Kakaoregal«.	Ahornsirup: gewöhnlicher lokaler Bezugsweg über den Bereich »Ahornsirup«.	AI_BULK_ACCEPTED	AI_BULK_ACCEPTED	AI_BULK_ACCEPTED	AI_BULK_ACCEPTED	AI_BULK_ACCEPTED	AI_BULK_ACCEPTED	APPROVED_FINAL		AI_REVIEW_BASE	f8855121af336a7c13cd799cafede5f9b9420f28	AVAILABILITY_NOVELTY_V1_20260907
MARJORAM	Majoran	APPLICABLE	1	EASY	EASY	Majoran: gewöhnlicher lokaler Bezugsweg über den Bereich »frische Kräuterabteilung«.	Majoran: gewöhnlicher lokaler Bezugsweg über den Bereich »Majoran«.	AI_BULK_ACCEPTED	AI_BULK_ACCEPTED	AI_BULK_ACCEPTED	AI_BULK_ACCEPTED	AI_BULK_ACCEPTED	AI_BULK_ACCEPTED	APPROVED_FINAL		AI_REVIEW_BASE	f8855121af336a7c13cd799cafede5f9b9420f28	AVAILABILITY_NOVELTY_V1_20260907
MARSALA	Marsala	APPLICABLE	3	PLANNED	PLANNED	Marsala DOC als aufgespriteter Koch- und Dessertwein über allgemeinen Weinversand; Weinquelle listet einen semisecco Marsala konkret lagernd mit kurzer Deutschland-Lieferzeit.	Marsala DOC ist bei Weinquelle als semisecco Koch- und Dessertwein lagernd und mit kurzer Deutschlandlieferzeit ausgewiesen.	AI_BULK_ACCEPTED	AI_BULK_ACCEPTED	AI_BULK_ACCEPTED	AI_BULK_ACCEPTED	AI_BULK_ACCEPTED	AI_BULK_ACCEPTED	APPROVED_FINAL		AI_REVIEW_BASE	f8855121af336a7c13cd799cafede5f9b9420f28	AVAILABILITY_NOVELTY_V1_20260907
MARZIPAN	Marzipan	APPLICABLE	3	EASY	EASY	Marzipan: gewöhnlicher lokaler Bezugsweg über den Bereich »Nuss-, Saaten- oder Nussmusregal«.	Marzipan: gewöhnlicher lokaler Bezugsweg über den Bereich »Marzipan«.	AI_BULK_ACCEPTED	AI_BULK_ACCEPTED	AI_BULK_ACCEPTED	AI_BULK_ACCEPTED	AI_BULK_ACCEPTED	AI_BULK_ACCEPTED	APPROVED_FINAL		AI_REVIEW_BASE	f8855121af336a7c13cd799cafede5f9b9420f28	AVAILABILITY_NOVELTY_V1_20260907
MASA_HARINA	Masa Harina	APPLICABLE	3	SPECIALTY	SPECIALTY	Nixtamalisiertes Masa Harina ist Grundsortiment mehrerer etablierter deutscher Mexiko-Vollsortimenter; verschiedene Marken und Standardversand tragen den breiten Spezialmarkt.	Nixtamalisiertes Masa Harina ist Grundsortiment mehrerer etablierter deutscher Mexiko-Vollsortimenter; verschiedene Marken und Standardversand tragen den breiten Spezialmarkt.	HUMAN_EXPLICIT	HUMAN_EXPLICIT	HUMAN_EXPLICIT	HUMAN_EXPLICIT	HUMAN_EXPLICIT	HUMAN_EXPLICIT	APPROVED_FINAL		AI_REVIEW_BASE|HUMAN_CHARGE_2	f8855121af336a7c13cd799cafede5f9b9420f28	AVAILABILITY_NOVELTY_V1_20260907
MASCARPONE	Mascarpone	APPLICABLE	1	EASY	EASY	Mascarpone: gewöhnlicher lokaler Bezugsweg über den Bereich »Käsekühlung oder Käsetheke«.	Mascarpone: gewöhnlicher lokaler Bezugsweg über den Bereich »Mascarpone«.	AI_BULK_ACCEPTED	AI_BULK_ACCEPTED	AI_BULK_ACCEPTED	AI_BULK_ACCEPTED	AI_BULK_ACCEPTED	AI_BULK_ACCEPTED	APPROVED_FINAL		AI_REVIEW_BASE	f8855121af336a7c13cd799cafede5f9b9420f28	AVAILABILITY_NOVELTY_V1_20260907
MASSAMAN_CURRY_PASTE	Massaman-Currypaste	APPLICABLE	3	SPECIALTY	SPECIALTY	Massaman-Currypaste ist im einschlägigen Spezialmarkt breit etabliert; dokumentierte reguläre Wege sind die voneinander unabhängigen Händler Asia4Friends – Currypasten sowie AsiaFoodland – Thai-Currypasten.	Massaman-Currypaste: Rostocker Bezugsweg über Asia4Friends – Currypasten und AsiaFoodland – Thai-Currypasten; dokumentiert sind ein dokumentiertes laufendes Angebot und Standardversand.	AI_BULK_ACCEPTED	AI_BULK_ACCEPTED	AI_BULK_ACCEPTED	AI_BULK_ACCEPTED	AI_BULK_ACCEPTED	AI_BULK_ACCEPTED	APPROVED_FINAL		AI_REVIEW_BASE	f8855121af336a7c13cd799cafede5f9b9420f28	AVAILABILITY_NOVELTY_V1_20260907
MATCHA	Matcha	APPLICABLE	3	PLANNED	PLANNED	Matcha ist über eine gezielte Filial- oder Bestellprüfung für Tee im allgemeinen deutschen Handel planbar, lokal aber kein verlässlicher Standardartikel.	Matcha: Rostocker Bezugsweg über gut sortierte Vollsortimenter und etablierte deutsche Kaffee- oder Teehändler.	AI_BULK_ACCEPTED	AI_BULK_ACCEPTED	AI_BULK_ACCEPTED	AI_BULK_ACCEPTED	AI_BULK_ACCEPTED	AI_BULK_ACCEPTED	APPROVED_FINAL		AI_REVIEW_BASE	f8855121af336a7c13cd799cafede5f9b9420f28	AVAILABILITY_NOVELTY_V1_20260907
MATJES	Matjes	APPLICABLE	2	EASY	EASY	Matjes: gewöhnlicher lokaler Bezugsweg über den Bereich »Fischkonserven- oder internationales Trockenwarenregal«.	Matjes: gewöhnlicher lokaler Bezugsweg über den Bereich »Matjes«.	AI_BULK_ACCEPTED	AI_BULK_ACCEPTED	AI_BULK_ACCEPTED	AI_BULK_ACCEPTED	AI_BULK_ACCEPTED	AI_BULK_ACCEPTED	APPROVED_FINAL		AI_REVIEW_BASE	f8855121af336a7c13cd799cafede5f9b9420f28	AVAILABILITY_NOVELTY_V1_20260907
MAYONNAISE	Mayonnaise	APPLICABLE	1	EASY	EASY	Mayonnaise: gewöhnlicher lokaler Bezugsweg über den Bereich »Saucen-, Würzpasten- und Feinkostregal«.	Mayonnaise: gewöhnlicher lokaler Bezugsweg über den Bereich »Mayonnaise«.	AI_BULK_ACCEPTED	AI_BULK_ACCEPTED	AI_BULK_ACCEPTED	AI_BULK_ACCEPTED	AI_BULK_ACCEPTED	AI_BULK_ACCEPTED	APPROVED_FINAL		AI_REVIEW_BASE	f8855121af336a7c13cd799cafede5f9b9420f28	AVAILABILITY_NOVELTY_V1_20260907
MEAT	Fleisch	APPLICABLE	1	EASY	EASY	Fleisch: gewöhnlicher lokaler Bezugsweg über den Bereich »Fleischkühlung oder Bedientheke«.	Fleisch: Rostocker Bezugsweg über die Fleischkühlung oder Bedientheke eines gewöhnlichen großen Rostocker Supermarkts.	AI_BULK_ACCEPTED	AI_BULK_ACCEPTED	AI_BULK_ACCEPTED	AI_BULK_ACCEPTED	AI_BULK_ACCEPTED	AI_BULK_ACCEPTED	APPROVED_FINAL		AI_REVIEW_BASE	f8855121af336a7c13cd799cafede5f9b9420f28	AVAILABILITY_NOVELTY_V1_20260907
MEAT_ASPIC	Fleischsülze	APPLICABLE	4	EASY	EASY	Fleischsülze: gewöhnlicher lokaler Bezugsweg über den Bereich »Fleischkühlung oder Bedientheke«.	Fleischsülze: gewöhnlicher lokaler Bezugsweg über den Bereich »Fleischsülze«.	HUMAN_EXPLICIT	HUMAN_EXPLICIT	HUMAN_EXPLICIT	HUMAN_EXPLICIT	HUMAN_EXPLICIT	HUMAN_EXPLICIT	APPROVED_FINAL		AI_REVIEW_BASE|HUMAN_CHARGE_6	f8855121af336a7c13cd799cafede5f9b9420f28	AVAILABILITY_NOVELTY_V1_20260907
MELONS	Melone	APPLICABLE	2	EASY	EASY	Melone: gewöhnlicher lokaler Bezugsweg über den Bereich »Obst- und Gemüseabteilung«.	Melone: gewöhnlicher lokaler Bezugsweg über den Bereich »Melone«.	AI_BULK_ACCEPTED	AI_BULK_ACCEPTED	AI_BULK_ACCEPTED	AI_BULK_ACCEPTED	AI_BULK_ACCEPTED	AI_BULK_ACCEPTED	APPROVED_FINAL		AI_REVIEW_BASE	f8855121af336a7c13cd799cafede5f9b9420f28	AVAILABILITY_NOVELTY_V1_20260907
MEMBRILLO	Quittenpaste	APPLICABLE	3	SPECIALTY	SPECIALTY	Schnittfeste Quittenpaste hat verschiedene Marken und Gebinde im lateinisch-iberischen Lebensmittelhandel sowie breiten Bio-Feinkosthandel; Standardversand trägt die Spezialmarktbreite.	Schnittfeste Quittenpaste hat verschiedene Marken und Gebinde im lateinisch-iberischen Lebensmittelhandel sowie breiten Bio-Feinkosthandel; Standardversand trägt die Spezialmarktbreite.	HUMAN_EXPLICIT	HUMAN_EXPLICIT	HUMAN_EXPLICIT	HUMAN_EXPLICIT	HUMAN_EXPLICIT	HUMAN_EXPLICIT	APPROVED_FINAL		AI_REVIEW_BASE|HUMAN_CHARGE_3	f8855121af336a7c13cd799cafede5f9b9420f28	AVAILABILITY_NOVELTY_V1_20260907
MERGUEZ	Merguez	APPLICABLE	2	PLANNED	PLANNED	Merguez: REWE führt Schwamm Merguez aus 65 Prozent Rind und 28 Prozent Lamm mit Harissa als gekühlten Servicethekenartikel; Georgia prüft den Marktbestand im Raum Bornheim.	Merguez: Das REWE-Listing Schwamm Merguez weist Rind, Lamm und Harissa aus und trifft die nordafrikanische Wurstform; Tobias benötigt dafür eine vorherige Bestandsprüfung an einer Rostocker Servicetheke.	AI_BULK_ACCEPTED	AI_BULK_ACCEPTED	AI_BULK_ACCEPTED	AI_BULK_ACCEPTED	AI_BULK_ACCEPTED	AI_BULK_ACCEPTED	APPROVED_FINAL		AI_REVIEW_BASE	f8855121af336a7c13cd799cafede5f9b9420f28	AVAILABILITY_NOVELTY_V1_20260907
MILK	Milch	APPLICABLE	1	EASY	EASY	Milch: gewöhnlicher lokaler Bezugsweg über den Bereich »Molkereikühlregal«.	Milch: gewöhnlicher lokaler Bezugsweg über den Bereich »Milch«.	AI_BULK_ACCEPTED	AI_BULK_ACCEPTED	AI_BULK_ACCEPTED	AI_BULK_ACCEPTED	AI_BULK_ACCEPTED	AI_BULK_ACCEPTED	APPROVED_FINAL		AI_REVIEW_BASE	f8855121af336a7c13cd799cafede5f9b9420f28	AVAILABILITY_NOVELTY_V1_20260907
MILKFISH	Milchfisch oder Bangus	APPLICABLE	3	DIFFICULT	DIFFICULT	Milchfisch oder Bangus: Nur der schmale Händlerweg über Filipino Asian Store – philippinische Lebensmittel ist positiv belegt; Tiefkühlversand begrenzt Form, Bestand oder Logistik.	Milchfisch oder Bangus: Der positive Nischenweg führt über einen philippinischen Lebensmittelhändler mit tiefgekühltem Milchfisch; schwankende Verfügbarkeit und die geführte Kühlkette begrenzen die Route.	HUMAN_EXPLICIT	AI_BULK_ACCEPTED	AI_BULK_ACCEPTED	AI_BULK_ACCEPTED	AI_BULK_ACCEPTED	MIXED	APPROVED_FINAL		AI_REVIEW_BASE|HUMAN_CHARGE_1	f8855121af336a7c13cd799cafede5f9b9420f28	AVAILABILITY_NOVELTY_V1_20260907
MILK_CHOCOLATE	Milchschokolade	APPLICABLE	2	EASY	EASY	Milchschokolade: gewöhnlicher lokaler Bezugsweg über den Bereich »Backzutaten-, Süßwaren- oder Kakaoregal«.	Milchschokolade: gewöhnlicher lokaler Bezugsweg über den Bereich »Milchschokolade«.	AI_BULK_ACCEPTED	AI_BULK_ACCEPTED	AI_BULK_ACCEPTED	AI_BULK_ACCEPTED	AI_BULK_ACCEPTED	AI_BULK_ACCEPTED	APPROVED_FINAL		AI_REVIEW_BASE	f8855121af336a7c13cd799cafede5f9b9420f28	AVAILABILITY_NOVELTY_V1_20260907
MILLET	Hirse	APPLICABLE	2	PLANNED	PLANNED	Hirse ist über eine konkrete Vorbestellung oder Bestandsabfrage für Getreide- oder Stärkeware im allgemeinen deutschen Handel planbar, lokal aber kein verlässlicher Standardartikel.	Hirse: Die Rostocker Warenprüfung für „Hirse“ erfolgt über gut sortierte Vollsortimenter und etablierte deutsche Bio- oder Trockenwarenhändler.	AI_BULK_ACCEPTED	AI_BULK_ACCEPTED	AI_BULK_ACCEPTED	AI_BULK_ACCEPTED	AI_BULK_ACCEPTED	AI_BULK_ACCEPTED	APPROVED_FINAL		AI_REVIEW_BASE	f8855121af336a7c13cd799cafede5f9b9420f28	AVAILABILITY_NOVELTY_V1_20260907
MINCED_MEAT	Hackfleisch	APPLICABLE	1	EASY	EASY	Hackfleisch: gewöhnlicher lokaler Bezugsweg über den Bereich »Fleischkühlung oder Bedientheke«.	Hackfleisch: gewöhnlicher lokaler Bezugsweg über den Bereich »Hackfleisch«.	AI_BULK_ACCEPTED	AI_BULK_ACCEPTED	AI_BULK_ACCEPTED	AI_BULK_ACCEPTED	AI_BULK_ACCEPTED	AI_BULK_ACCEPTED	APPROVED_FINAL		AI_REVIEW_BASE	f8855121af336a7c13cd799cafede5f9b9420f28	AVAILABILITY_NOVELTY_V1_20260907
MINT	Minze	APPLICABLE	1	EASY	EASY	Minze: gewöhnlicher lokaler Bezugsweg über den Bereich »frische Kräuterabteilung«.	Minze: gewöhnlicher lokaler Bezugsweg über den Bereich »Minze«.	AI_BULK_ACCEPTED	AI_BULK_ACCEPTED	AI_BULK_ACCEPTED	AI_BULK_ACCEPTED	AI_BULK_ACCEPTED	AI_BULK_ACCEPTED	APPROVED_FINAL		AI_REVIEW_BASE	f8855121af336a7c13cd799cafede5f9b9420f28	AVAILABILITY_NOVELTY_V1_20260907
MIRABELLE	Mirabelle	APPLICABLE	2	PLANNED	PLANNED	Mirabelle ist über ein vorab zu prüfendes Sortiment im Bereich »Obst- und Gemüseabteilung« eines großen Bornheimer Markts im allgemeinen deutschen Handel planbar, lokal aber kein verlässlicher Standardartikel.	Mirabelle: Die Rostocker Warenprüfung für „Mirabelle“ erfolgt über gut sortierte Vollsortimenter und etablierte deutsche Frucht- oder Frischehändler.	AI_BULK_ACCEPTED	AI_BULK_ACCEPTED	AI_BULK_ACCEPTED	AI_BULK_ACCEPTED	AI_BULK_ACCEPTED	AI_BULK_ACCEPTED	APPROVED_FINAL		AI_REVIEW_BASE	f8855121af336a7c13cd799cafede5f9b9420f28	AVAILABILITY_NOVELTY_V1_20260907
MIRIN	Mirin	APPLICABLE	2	SPECIALTY	SPECIALTY	Mirin ist im einschlägigen Spezialmarkt breit etabliert; dokumentierte reguläre Wege sind die voneinander unabhängigen Händler Asia4Friends – Saucen sowie AsiaFoodland – japanische Lebensmittel.	Mirin: Rostocker Bezugsweg über Asia4Friends – Saucen und AsiaFoodland – japanische Lebensmittel; dokumentiert sind eine vor dem Einkauf erneut zu prüfende Verfügbarkeit und Standardversand.	AI_BULK_ACCEPTED	AI_BULK_ACCEPTED	AI_BULK_ACCEPTED	AI_BULK_ACCEPTED	AI_BULK_ACCEPTED	AI_BULK_ACCEPTED	APPROVED_FINAL		AI_REVIEW_BASE	f8855121af336a7c13cd799cafede5f9b9420f28	AVAILABILITY_NOVELTY_V1_20260907
MISO	Miso	APPLICABLE	2	PLANNED	PLANNED	Miso: Mehrere Produkte sind in großen allgemeinen Handelsketten und im breiten deutschen Onlinehandel gelistet; dennoch kein verlässlicher Standard jedes lokalen Markts.	Miso: Mehrere Produkte sind in großen allgemeinen Handelsketten und im breiten deutschen Onlinehandel gelistet; dennoch kein verlässlicher Standard jedes lokalen Markts.	HUMAN_EXPLICIT	HUMAN_EXPLICIT	HUMAN_EXPLICIT	AI_BULK_ACCEPTED	AI_BULK_ACCEPTED	HUMAN_EXPLICIT	APPROVED_FINAL		AI_REVIEW_BASE|NOVELTY_REFERENCE_ANCHOR_HUMAN|AVAILABILITY_V2_ANCHOR_HUMAN	f8855121af336a7c13cd799cafede5f9b9420f28	AVAILABILITY_NOVELTY_V1_20260907
MOLASSES	Melasse	APPLICABLE	2	PLANNED	PLANNED	Melasse ist über eine reguläre Onlinebestellung im allgemeinen Handel mit formgenauer Artikelsuche im allgemeinen deutschen Handel planbar, lokal aber kein verlässlicher Standardartikel.	Melasse: Die Beschaffung von „Melasse“ erfolgt in Rostock über gut sortierte Vollsortimenter und etablierte deutsche Back- oder Süßwarenhändler.	AI_BULK_ACCEPTED	AI_BULK_ACCEPTED	AI_BULK_ACCEPTED	AI_BULK_ACCEPTED	AI_BULK_ACCEPTED	AI_BULK_ACCEPTED	APPROVED_FINAL		AI_REVIEW_BASE	f8855121af336a7c13cd799cafede5f9b9420f28	AVAILABILITY_NOVELTY_V1_20260907
MOLE_PASTE	Mole-Paste	APPLICABLE	3	SPECIALTY	SPECIALTY	Konzentrierte Mole-Paste ist reguläre Kategorie etablierter Mexiko-Vollsortimenter; verschiedene Marken, Stile und Haushaltsgebinde tragen einen breiten Spezialmarkt.	Konzentrierte Mole-Paste ist reguläre Kategorie etablierter Mexiko-Vollsortimenter; verschiedene Marken, Stile und Haushaltsgebinde tragen einen breiten Spezialmarkt.	AI_BULK_ACCEPTED	AI_BULK_ACCEPTED	AI_BULK_ACCEPTED	AI_BULK_ACCEPTED	AI_BULK_ACCEPTED	AI_BULK_ACCEPTED	APPROVED_FINAL		AI_REVIEW_BASE	f8855121af336a7c13cd799cafede5f9b9420f28	AVAILABILITY_NOVELTY_V1_20260907
MOLLUSCS	Weichtiere	APPLICABLE	2	PLANNED	PLANNED	Weichtiere ist über eine gezielte Bestellung oder Sortimentsprüfung bei Deutsche See – Miesmuscheln im allgemeinen deutschen Handel planbar, lokal aber kein verlässlicher Standardartikel.	Weichtiere: Rostocker Bezugsweg über Deutsche See – Miesmuscheln; dokumentiert sind beim Abruf verfügbaren Bestand und Kühlversand.	AI_BULK_ACCEPTED	AI_BULK_ACCEPTED	AI_BULK_ACCEPTED	AI_BULK_ACCEPTED	AI_BULK_ACCEPTED	AI_BULK_ACCEPTED	APPROVED_FINAL		AI_REVIEW_BASE	f8855121af336a7c13cd799cafede5f9b9420f28	AVAILABILITY_NOVELTY_V1_20260907
MONKFISH	Seeteufel	APPLICABLE	2	PLANNED	PLANNED	Seeteufel: Deutsche See verkauft verfügbare handfiletierte Seeteufelportionen tiefgekühlt; der nahezu grätenfreie Filetzuschnitt trifft die maßgebliche Fleischform.	Seeteufel: Deutsche See verkauft verfügbare handfiletierte Seeteufelportionen tiefgekühlt; der nahezu grätenfreie Filetzuschnitt trifft die maßgebliche Fleischform.	AI_BULK_ACCEPTED	AI_BULK_ACCEPTED	AI_BULK_ACCEPTED	AI_BULK_ACCEPTED	AI_BULK_ACCEPTED	AI_BULK_ACCEPTED	APPROVED_FINAL		AI_REVIEW_BASE	f8855121af336a7c13cd799cafede5f9b9420f28	AVAILABILITY_NOVELTY_V1_20260907
MOOSE	Elchfleisch	APPLICABLE	3	DIFFICULT	DIFFICULT	Elchfleisch: Nur der schmale Händlerweg über Nordvild – Elchfleisch ist positiv belegt; Tiefkühlversand begrenzt Form, Bestand oder Logistik.	Elchfleisch: Rostocker Bezugsweg über Nordvild – Elchfleisch; dokumentiert sind ein dokumentiertes laufendes Angebot und Tiefkühlversand.	AI_BULK_ACCEPTED	AI_BULK_ACCEPTED	AI_BULK_ACCEPTED	AI_BULK_ACCEPTED	AI_BULK_ACCEPTED	AI_BULK_ACCEPTED	APPROVED_FINAL		AI_REVIEW_BASE	f8855121af336a7c13cd799cafede5f9b9420f28	AVAILABILITY_NOVELTY_V1_20260907
MORCILLA	Morcilla	APPLICABLE	3	SPECIALTY	SPECIALTY	Morcilla ist in unterschiedlichen breit sortierten spanisch-iberischen Spezialhandelsformaten regulär erhältlich; Kühlversand und regionale Rezeptur verlangen Planung.	Morcilla ist in unterschiedlichen breit sortierten spanisch-iberischen Spezialhandelsformaten regulär erhältlich; Kühlversand und regionale Rezeptur verlangen Planung.	AI_BULK_ACCEPTED	AI_BULK_ACCEPTED	AI_BULK_ACCEPTED	AI_BULK_ACCEPTED	AI_BULK_ACCEPTED	AI_BULK_ACCEPTED	APPROVED_FINAL		AI_REVIEW_BASE	f8855121af336a7c13cd799cafede5f9b9420f28	AVAILABILITY_NOVELTY_V1_20260907
MOREL	Morcheln	APPLICABLE	2	PLANNED	PLANNED	Morcheln: Der etablierte Pilzhandel führt echte Morcheln als naturbelassene Trockenware in mehreren Haushaltsgrößen mit positivem Lagerstatus.	Morcheln: Der etablierte Pilzhandel führt echte Morcheln als naturbelassene Trockenware in mehreren Haushaltsgrößen mit positivem Lagerstatus.	AI_BULK_ACCEPTED	AI_BULK_ACCEPTED	AI_BULK_ACCEPTED	AI_BULK_ACCEPTED	AI_BULK_ACCEPTED	AI_BULK_ACCEPTED	APPROVED_FINAL		AI_REVIEW_BASE	f8855121af336a7c13cd799cafede5f9b9420f28	AVAILABILITY_NOVELTY_V1_20260907
MORINGA_LEAVES	Moringablätter oder Malunggay	APPLICABLE	3	SPECIALTY	SPECIALTY	Moringablätter oder Malunggay ist im einschlägigen Spezialmarkt breit etabliert; dokumentierte reguläre Wege sind die voneinander unabhängigen Händler Asia Foodstore – Moringablätter zerkleinert sowie 1000Kräuter – Moringablätter geschnitten.	Moringablätter oder Malunggay: Rostocker Bezugsweg über 1000Kräuter – Moringablätter geschnitten und Asia Foodstore – Moringablätter zerkleinert; dokumentiert sind beim Abruf verfügbaren Bestand und Standardversand.	AI_BULK_ACCEPTED	AI_BULK_ACCEPTED	AI_BULK_ACCEPTED	AI_BULK_ACCEPTED	AI_BULK_ACCEPTED	AI_BULK_ACCEPTED	APPROVED_FINAL		AI_REVIEW_BASE	f8855121af336a7c13cd799cafede5f9b9420f28	AVAILABILITY_NOVELTY_V1_20260907
MOZZARELLA	Mozzarella	APPLICABLE	1	EASY	EASY	Mozzarella: gewöhnlicher lokaler Bezugsweg über den Bereich »Käsekühlung oder Käsetheke«.	Mozzarella: gewöhnlicher lokaler Bezugsweg über den Bereich »Mozzarella«.	AI_BULK_ACCEPTED	AI_BULK_ACCEPTED	AI_BULK_ACCEPTED	AI_BULK_ACCEPTED	AI_BULK_ACCEPTED	AI_BULK_ACCEPTED	APPROVED_FINAL		AI_REVIEW_BASE	f8855121af336a7c13cd799cafede5f9b9420f28	AVAILABILITY_NOVELTY_V1_20260907
MSG	Mononatriumglutamat	APPLICABLE	1	PLANNED	PLANNED	Mononatriumglutamat ist über eine reguläre Onlinebestellung im allgemeinen Handel mit formgenauer Artikelsuche im allgemeinen deutschen Handel planbar, lokal aber kein verlässlicher Standardartikel.	Mononatriumglutamat: Rostocker Bezugsweg über Asia4Friends – Gewürze; dokumentiert sind ein dokumentiertes laufendes Angebot und Standardversand.	AI_BULK_ACCEPTED	AI_BULK_ACCEPTED	AI_BULK_ACCEPTED	AI_BULK_ACCEPTED	AI_BULK_ACCEPTED	AI_BULK_ACCEPTED	APPROVED_FINAL		AI_REVIEW_BASE	f8855121af336a7c13cd799cafede5f9b9420f28	AVAILABILITY_NOVELTY_V1_20260907
MULBERRY	Maulbeeren	APPLICABLE	2	PLANNED	PLANNED	Maulbeeren ist über eine geplante Fahrt zu einem großen Markt mit dem Sortiment »Obst- und Gemüseabteilung« im allgemeinen deutschen Handel planbar, lokal aber kein verlässlicher Standardartikel.	Maulbeeren: Rostocker Bezugsweg über gut sortierte Vollsortimenter und etablierte deutsche Frucht- oder Frischehändler.	AI_BULK_ACCEPTED	AI_BULK_ACCEPTED	AI_BULK_ACCEPTED	AI_BULK_ACCEPTED	AI_BULK_ACCEPTED	AI_BULK_ACCEPTED	APPROVED_FINAL		AI_REVIEW_BASE	f8855121af336a7c13cd799cafede5f9b9420f28	AVAILABILITY_NOVELTY_V1_20260907
MUNG_BEANS	Mungbohnen	APPLICABLE	2	PLANNED	PLANNED	Mungbohnen ist über einen vorbereiteten Einkauf im gut sortierten Bereich »Hülsenfrucht-, Konserven- oder Trockenwarenregal« im allgemeinen deutschen Handel planbar, lokal aber kein verlässlicher Standardartikel.	Mungbohnen: Rostocker Bezugsweg über gut sortierte Vollsortimenter und etablierte deutsche Bio- oder Trockenwarenhändler.	AI_BULK_ACCEPTED	AI_BULK_ACCEPTED	AI_BULK_ACCEPTED	AI_BULK_ACCEPTED	AI_BULK_ACCEPTED	AI_BULK_ACCEPTED	APPROVED_FINAL		AI_REVIEW_BASE	f8855121af336a7c13cd799cafede5f9b9420f28	AVAILABILITY_NOVELTY_V1_20260907
MUOI_TOM	Muối tôm	APPLICABLE	3	SPECIALTY	SPECIALTY	Muối tôm ist im einschlägigen Spezialmarkt breit etabliert; dokumentierte reguläre Wege sind die voneinander unabhängigen Händler Asia Foodstore – Muoi Tom sowie Nagofa – Muoi Tom Tay Ninh.	Muối tôm: Rostocker Bezugsweg über Asia Foodstore – Muoi Tom und Nagofa – Muoi Tom Tay Ninh; dokumentiert sind eine vor dem Einkauf erneut zu prüfende Verfügbarkeit und Standardversand.	AI_BULK_ACCEPTED	AI_BULK_ACCEPTED	AI_BULK_ACCEPTED	AI_BULK_ACCEPTED	AI_BULK_ACCEPTED	AI_BULK_ACCEPTED	APPROVED_FINAL		AI_REVIEW_BASE	f8855121af336a7c13cd799cafede5f9b9420f28	AVAILABILITY_NOVELTY_V1_20260907
MUSHROOMS	Pilze	APPLICABLE	1	EASY	EASY	Pilze: gewöhnlicher lokaler Bezugsweg über den Bereich »Obst- und Gemüseabteilung«.	Pilze: gewöhnlicher lokaler Bezugsweg über den Bereich »Pilze«.	AI_BULK_ACCEPTED	AI_BULK_ACCEPTED	AI_BULK_ACCEPTED	AI_BULK_ACCEPTED	AI_BULK_ACCEPTED	AI_BULK_ACCEPTED	APPROVED_FINAL		AI_REVIEW_BASE	f8855121af336a7c13cd799cafede5f9b9420f28	AVAILABILITY_NOVELTY_V1_20260907
MUSHROOM_STOCK	Pilzfond	APPLICABLE	1	PLANNED	PLANNED	Pilzfond ist über eine gezielte Filial- oder Bestellprüfung für Brühe oder Fond im allgemeinen deutschen Handel planbar, lokal aber kein verlässlicher Standardartikel.	Pilzfond: Die Beschaffung von „Pilzfond“ erfolgt in Rostock über gut sortierte Vollsortimenter und etablierte deutsche Fonds- oder Feinkosthändler.	AI_BULK_ACCEPTED	AI_BULK_ACCEPTED	AI_BULK_ACCEPTED	AI_BULK_ACCEPTED	AI_BULK_ACCEPTED	AI_BULK_ACCEPTED	APPROVED_FINAL		AI_REVIEW_BASE	f8855121af336a7c13cd799cafede5f9b9420f28	AVAILABILITY_NOVELTY_V1_20260907
MUSSELS	Miesmuscheln	APPLICABLE	2	PLANNED	PLANNED	Miesmuscheln ist über eine gezielte Bestellung oder Sortimentsprüfung bei Deutsche See – Miesmuscheln im allgemeinen deutschen Handel planbar, lokal aber kein verlässlicher Standardartikel.	Miesmuscheln: Rostocker Bezugsweg über Deutsche See – Miesmuscheln; dokumentiert sind beim Abruf verfügbaren Bestand und Kühlversand.	AI_BULK_ACCEPTED	AI_BULK_ACCEPTED	AI_BULK_ACCEPTED	AI_BULK_ACCEPTED	AI_BULK_ACCEPTED	AI_BULK_ACCEPTED	APPROVED_FINAL		AI_REVIEW_BASE	f8855121af336a7c13cd799cafede5f9b9420f28	AVAILABILITY_NOVELTY_V1_20260907
MUSTARD	Senf	APPLICABLE	1	EASY	EASY	Senf: gewöhnlicher lokaler Bezugsweg über den Bereich »Saucen-, Würzpasten- und Feinkostregal«.	Senf: gewöhnlicher lokaler Bezugsweg über den Bereich »Senf«.	AI_BULK_ACCEPTED	AI_BULK_ACCEPTED	AI_BULK_ACCEPTED	AI_BULK_ACCEPTED	AI_BULK_ACCEPTED	AI_BULK_ACCEPTED	APPROVED_FINAL		AI_REVIEW_BASE	f8855121af336a7c13cd799cafede5f9b9420f28	AVAILABILITY_NOVELTY_V1_20260907
MUSTARD_SEED	Senfsaat	APPLICABLE	1	EASY	EASY	Senfsaat: gewöhnlicher lokaler Bezugsweg über den Bereich »Gewürz- und Trockenwürzregal«.	Senfsaat: Rostocker Bezugsweg über das Gewürz- oder Backregal eines gewöhnlichen großen Rostocker Supermarkts.	AI_BULK_ACCEPTED	AI_BULK_ACCEPTED	AI_BULK_ACCEPTED	AI_BULK_ACCEPTED	AI_BULK_ACCEPTED	AI_BULK_ACCEPTED	APPROVED_FINAL		AI_REVIEW_BASE	f8855121af336a7c13cd799cafede5f9b9420f28	AVAILABILITY_NOVELTY_V1_20260907
MYCOPROTEIN	Mykoprotein	APPLICABLE	2	PLANNED	PLANNED	Mykoprotein ist über eine gezielte Filial- oder Bestellprüfung für pflanzliches Proteinprodukt im allgemeinen deutschen Handel planbar, lokal aber kein verlässlicher Standardartikel.	Mykoprotein: Rostocker Bezugsweg über gut sortierte Vollsortimenter und etablierte deutsche Bio- oder Pflanzensortimente.	AI_BULK_ACCEPTED	AI_BULK_ACCEPTED	AI_BULK_ACCEPTED	AI_BULK_ACCEPTED	AI_BULK_ACCEPTED	AI_BULK_ACCEPTED	APPROVED_FINAL		AI_REVIEW_BASE	f8855121af336a7c13cd799cafede5f9b9420f28	AVAILABILITY_NOVELTY_V1_20260907
NAM_PRIK_PAO	Nam Prik Pao	APPLICABLE	3	SPECIALTY	SPECIALTY	Nam Prik Pao ist im einschlägigen Spezialmarkt breit etabliert; dokumentierte reguläre Wege sind die voneinander unabhängigen Händler Asia4Friends – Nam Prik Pao 227 g sowie My-Asia-Shop – Mae Pranom Nam Prik Pao 513 g.	Nam Prik Pao: Rostocker Bezugsweg über Asia4Friends – Nam Prik Pao 227 g und My-Asia-Shop – Mae Pranom Nam Prik Pao 513 g; dokumentiert sind beim Abruf verfügbaren Bestand und Standardversand.	AI_BULK_ACCEPTED	AI_BULK_ACCEPTED	AI_BULK_ACCEPTED	AI_BULK_ACCEPTED	AI_BULK_ACCEPTED	AI_BULK_ACCEPTED	APPROVED_FINAL		AI_REVIEW_BASE	f8855121af336a7c13cd799cafede5f9b9420f28	AVAILABILITY_NOVELTY_V1_20260907
NAPA_CABBAGE	Chinakohl	APPLICABLE	1	EASY	EASY	Chinakohl: gewöhnlicher lokaler Bezugsweg über den Bereich »Obst- und Gemüseabteilung«.	Chinakohl: gewöhnlicher lokaler Bezugsweg über den Bereich »Chinakohl«.	AI_BULK_ACCEPTED	AI_BULK_ACCEPTED	AI_BULK_ACCEPTED	AI_BULK_ACCEPTED	AI_BULK_ACCEPTED	AI_BULK_ACCEPTED	APPROVED_FINAL		AI_REVIEW_BASE	f8855121af336a7c13cd799cafede5f9b9420f28	AVAILABILITY_NOVELTY_V1_20260907
NATA_DE_COCO	Nata de coco	APPLICABLE	3	SPECIALTY	SPECIALTY	Nata de coco ist im einschlägigen Spezialmarkt breit etabliert; dokumentierte reguläre Wege sind die voneinander unabhängigen Händler Asiafoodland – Monika Nata de coco 220 g sowie Pinoyfood – coconut products including Nata de coco.	Nata de coco: Rostocker Bezugsweg über Asiafoodland – Monika Nata de coco 220 g und Pinoyfood – coconut products including Nata de coco; dokumentiert sind eine vor dem Einkauf erneut zu prüfende Verfügbarkeit und Standardversand.	HUMAN_EXPLICIT	HUMAN_EXPLICIT	HUMAN_EXPLICIT	HUMAN_EXPLICIT	HUMAN_EXPLICIT	HUMAN_EXPLICIT	APPROVED_FINAL		AI_REVIEW_BASE|HUMAN_CHARGE_6	f8855121af336a7c13cd799cafede5f9b9420f28	AVAILABILITY_NOVELTY_V1_20260907
NATTO	Nattō	APPLICABLE	4	SPECIALTY	DIFFICULT	Nattō: Georgia kann große japanisch-asiatische Kühl-/TK-Sortimente gezielt erreichen; Tobias hängt von wenigen geeigneten Kühlwegen ab.	Nattō: Georgia kann große japanisch-asiatische Kühl-/TK-Sortimente gezielt erreichen; Tobias hängt von wenigen geeigneten Kühlwegen ab.	HUMAN_EXPLICIT	HUMAN_EXPLICIT	HUMAN_EXPLICIT	AI_BULK_ACCEPTED	AI_BULK_ACCEPTED	HUMAN_EXPLICIT	APPROVED_FINAL		AI_REVIEW_BASE|NOVELTY_REFERENCE_ANCHOR_HUMAN|AVAILABILITY_V2_ANCHOR_HUMAN	f8855121af336a7c13cd799cafede5f9b9420f28	AVAILABILITY_NOVELTY_V1_20260907
NDUJA	’Nduja	APPLICABLE	3	SPECIALTY	SPECIALTY	’Nduja ist auf italienisch-/mediterranen Spezialhandel angewiesen; ein belastbarer allgemeiner Wurstthekenweg ist nicht belegt.	’Nduja ist auf italienisch-/mediterranen Spezialhandel angewiesen; ein belastbarer allgemeiner Wurstthekenweg ist nicht belegt.	HUMAN_EXPLICIT	HUMAN_EXPLICIT	HUMAN_EXPLICIT	HUMAN_EXPLICIT	HUMAN_EXPLICIT	HUMAN_EXPLICIT	APPROVED_FINAL		AI_REVIEW_BASE|HUMAN_CHARGE_3	f8855121af336a7c13cd799cafede5f9b9420f28	AVAILABILITY_NOVELTY_V1_20260907
NECTARINE	Nektarine	APPLICABLE	2	PLANNED	PLANNED	Nektarine ist über einen vorbereiteten Einkauf im gut sortierten Bereich »Obst- und Gemüseabteilung« im allgemeinen deutschen Handel planbar, lokal aber kein verlässlicher Standardartikel.	Nektarine: Rostocker Bezugsweg über gut sortierte Vollsortimenter und etablierte deutsche Frucht- oder Frischehändler.	AI_BULK_ACCEPTED	AI_BULK_ACCEPTED	AI_BULK_ACCEPTED	AI_BULK_ACCEPTED	AI_BULK_ACCEPTED	AI_BULK_ACCEPTED	APPROVED_FINAL		AI_REVIEW_BASE	f8855121af336a7c13cd799cafede5f9b9420f28	AVAILABILITY_NOVELTY_V1_20260907
NEUTRAL_OIL	neutrales Pflanzenöl	APPLICABLE	1	EASY	EASY	neutrales Pflanzenöl: gewöhnlicher lokaler Bezugsweg über den Bereich »Öl- und Kochfettregal«.	neutrales Pflanzenöl: Rostocker Bezugsweg über das Öl- oder Kochfettregal eines gewöhnlichen großen Rostocker Supermarkts.	AI_BULK_ACCEPTED	AI_BULK_ACCEPTED	AI_BULK_ACCEPTED	AI_BULK_ACCEPTED	AI_BULK_ACCEPTED	AI_BULK_ACCEPTED	APPROVED_FINAL		AI_REVIEW_BASE	f8855121af336a7c13cd799cafede5f9b9420f28	AVAILABILITY_NOVELTY_V1_20260907
NEW_POTATOES	Frühkartoffeln	APPLICABLE	1	EASY	EASY	Frühkartoffeln: gewöhnlicher lokaler Bezugsweg über den Bereich »Obst- und Gemüseabteilung«.	Frühkartoffeln: gewöhnlicher lokaler Bezugsweg über den Bereich »Frühkartoffeln«.	AI_BULK_ACCEPTED	AI_BULK_ACCEPTED	AI_BULK_ACCEPTED	AI_BULK_ACCEPTED	AI_BULK_ACCEPTED	AI_BULK_ACCEPTED	APPROVED_FINAL		AI_REVIEW_BASE	f8855121af336a7c13cd799cafede5f9b9420f28	AVAILABILITY_NOVELTY_V1_20260907
NIPA_PALM_VINEGAR	Nipapalmenessig	APPLICABLE	3	DIFFICULT	DIFFICULT	Nipapalmenessig: Enge philippinische Importware mit erheblicher Verwechslungsgefahr zu Kokos- oder Zuckerrohressig.	Nipapalmenessig: Enge philippinische Importware mit erheblicher Verwechslungsgefahr zu Kokos- oder Zuckerrohressig.	AI_BULK_ACCEPTED	HUMAN_EXPLICIT	HUMAN_EXPLICIT	AI_BULK_ACCEPTED	AI_BULK_ACCEPTED	MIXED	APPROVED_FINAL		AI_REVIEW_BASE|AVAILABILITY_V2_ANCHOR_HUMAN	f8855121af336a7c13cd799cafede5f9b9420f28	AVAILABILITY_NOVELTY_V1_20260907
NOODLES	Nudeln	APPLICABLE	1	EASY	EASY	Nudeln: gewöhnlicher lokaler Bezugsweg über den Bereich »Reis-, Mehl-, Nudel- oder Trockenwarenregal«.	Nudeln: gewöhnlicher lokaler Bezugsweg über den Bereich »Nudeln«.	AI_BULK_ACCEPTED	AI_BULK_ACCEPTED	AI_BULK_ACCEPTED	AI_BULK_ACCEPTED	AI_BULK_ACCEPTED	AI_BULK_ACCEPTED	APPROVED_FINAL		AI_REVIEW_BASE	f8855121af336a7c13cd799cafede5f9b9420f28	AVAILABILITY_NOVELTY_V1_20260907
NORA_PEPPER	Ñora-Paprika	APPLICABLE	3	SPECIALTY	SPECIALTY	Ñora-Paprika ist im einschlägigen Spezialmarkt breit etabliert; dokumentierte reguläre Wege sind die voneinander unabhängigen Händler Mitte Meer – getrocknete Ñora-Paprika sowie Gewürze der Welt – Ñora/Niora geschrotet.	Ñora-Paprika: Rostocker Bezugsweg über Gewürze der Welt – Ñora/Niora geschrotet und Mitte Meer – getrocknete Ñora-Paprika; dokumentiert sind ein dokumentiertes laufendes Angebot und Standardversand.	AI_BULK_ACCEPTED	AI_BULK_ACCEPTED	AI_BULK_ACCEPTED	AI_BULK_ACCEPTED	AI_BULK_ACCEPTED	AI_BULK_ACCEPTED	APPROVED_FINAL		AI_REVIEW_BASE	f8855121af336a7c13cd799cafede5f9b9420f28	AVAILABILITY_NOVELTY_V1_20260907
NORI	Nori	APPLICABLE	2	PLANNED	PLANNED	Nori ist über eine konkrete Vorbestellung oder Bestandsabfrage für getrocknete Alge im allgemeinen deutschen Handel planbar, lokal aber kein verlässlicher Standardartikel.	Nori: Rostocker Bezugsweg über gut sortierte Vollsortimenter und etablierte deutsche Händler für haltbare Algenprodukte.	AI_BULK_ACCEPTED	AI_BULK_ACCEPTED	AI_BULK_ACCEPTED	AI_BULK_ACCEPTED	AI_BULK_ACCEPTED	AI_BULK_ACCEPTED	APPROVED_FINAL		AI_REVIEW_BASE	f8855121af336a7c13cd799cafede5f9b9420f28	AVAILABILITY_NOVELTY_V1_20260907
NORTHERN_PRAWN	Eismeergarnele	APPLICABLE	2	PLANNED	PLANNED	Eismeergarnele: Köser weist seine sofort verfügbaren Cocktail-Krabben als Pandalus borealis aus; sie sind gekocht, einzeln schockgefrostet und werden ohne Unterbrechung der Kühlkette in Trockeneis geliefert.	Eismeergarnele: Köser weist seine sofort verfügbaren Cocktail-Krabben als Pandalus borealis aus; sie sind gekocht, einzeln schockgefrostet und werden ohne Unterbrechung der Kühlkette in Trockeneis geliefert.	AI_BULK_ACCEPTED	AI_BULK_ACCEPTED	AI_BULK_ACCEPTED	AI_BULK_ACCEPTED	AI_BULK_ACCEPTED	AI_BULK_ACCEPTED	APPROVED_FINAL		AI_REVIEW_BASE	f8855121af336a7c13cd799cafede5f9b9420f28	AVAILABILITY_NOVELTY_V1_20260907
NORTH_SEA_SHRIMP	Nordseekrabbe	APPLICABLE	2	PLANNED	PLANNED	Nordseekrabbe: Gezielter Fischhandel beziehungsweise verbreiteter deutscher Seafood-Versand; regionale Nähe macht daraus keinen Supermarktstandard.	Nordseekrabbe: Gezielter Fischhandel beziehungsweise verbreiteter deutscher Seafood-Versand; regionale Nähe macht daraus keinen Supermarktstandard.	AI_BULK_ACCEPTED	HUMAN_EXPLICIT	HUMAN_EXPLICIT	AI_BULK_ACCEPTED	AI_BULK_ACCEPTED	MIXED	APPROVED_FINAL		AI_REVIEW_BASE|AVAILABILITY_V2_ANCHOR_HUMAN	f8855121af336a7c13cd799cafede5f9b9420f28	AVAILABILITY_NOVELTY_V1_20260907
NORWEGIAN_WAFFLE	Norwegische Waffel	APPLICABLE	4	DIFFICULT	DIFFICULT	Norwegische Waffel: Nur der schmale Händlerweg über Norwegian Foodstore – Norwegian bakery range ist positiv belegt; Importbeschränkung begrenzt Form, Bestand oder Logistik.	Norwegische Waffel: Rostocker Bezugsweg über Norwegian Foodstore – Norwegian bakery range; dokumentiert sind eine vor dem Einkauf erneut zu prüfende Verfügbarkeit und Importbeschränkungen.	AI_BULK_ACCEPTED	AI_BULK_ACCEPTED	AI_BULK_ACCEPTED	AI_BULK_ACCEPTED	AI_BULK_ACCEPTED	AI_BULK_ACCEPTED	APPROVED_FINAL		AI_REVIEW_BASE	f8855121af336a7c13cd799cafede5f9b9420f28	AVAILABILITY_NOVELTY_V1_20260907
NUTMEG	Muskatnuss	APPLICABLE	1	EASY	EASY	Muskatnuss: gewöhnlicher lokaler Bezugsweg über den Bereich »Gewürz- und Trockenwürzregal«.	Muskatnuss: Rostocker Bezugsweg über das Gewürz- oder Backregal eines gewöhnlichen großen Rostocker Supermarkts.	AI_BULK_ACCEPTED	AI_BULK_ACCEPTED	AI_BULK_ACCEPTED	AI_BULK_ACCEPTED	AI_BULK_ACCEPTED	AI_BULK_ACCEPTED	APPROVED_FINAL		AI_REVIEW_BASE	f8855121af336a7c13cd799cafede5f9b9420f28	AVAILABILITY_NOVELTY_V1_20260907
NUTRITIONAL_YEAST	Hefeflocken	APPLICABLE	2	PLANNED	PLANNED	Hefeflocken: Breit im Bio-, Drogerie- und allgemeinen deutschen Onlinehandel etabliert, lokal aber nicht universell.	Hefeflocken: Breit im Bio-, Drogerie- und allgemeinen deutschen Onlinehandel etabliert, lokal aber nicht universell.	AI_BULK_ACCEPTED	HUMAN_EXPLICIT	HUMAN_EXPLICIT	AI_BULK_ACCEPTED	AI_BULK_ACCEPTED	MIXED	APPROVED_FINAL		AI_REVIEW_BASE|AVAILABILITY_V2_ANCHOR_HUMAN	f8855121af336a7c13cd799cafede5f9b9420f28	AVAILABILITY_NOVELTY_V1_20260907
NUTS	Nüsse	APPLICABLE	1	EASY	EASY	Nüsse: gewöhnlicher lokaler Bezugsweg über den Bereich »Nuss-, Saaten- oder Nussmusregal«.	Nüsse: gewöhnlicher lokaler Bezugsweg über den Bereich »Nüsse«.	AI_BULK_ACCEPTED	AI_BULK_ACCEPTED	AI_BULK_ACCEPTED	AI_BULK_ACCEPTED	AI_BULK_ACCEPTED	AI_BULK_ACCEPTED	APPROVED_FINAL		AI_REVIEW_BASE	f8855121af336a7c13cd799cafede5f9b9420f28	AVAILABILITY_NOVELTY_V1_20260907
NUT_AND_SEED_PASTES	Nuss- oder Samenpaste	APPLICABLE	2	EASY	EASY	Nuss- oder Samenpaste: gewöhnlicher lokaler Bezugsweg über den Bereich »Aufstrich-, Nussmus- oder Feinkostregal«.	Nuss- oder Samenpaste: Rostocker Bezugsweg über Brotaufstrich-, Nussmus- oder Bio-Regal gewöhnlicher großer Rostocker Supermärkte.	AI_BULK_ACCEPTED	AI_BULK_ACCEPTED	AI_BULK_ACCEPTED	AI_BULK_ACCEPTED	AI_BULK_ACCEPTED	AI_BULK_ACCEPTED	APPROVED_FINAL		AI_REVIEW_BASE	f8855121af336a7c13cd799cafede5f9b9420f28	AVAILABILITY_NOVELTY_V1_20260907
OATS	Hafer	APPLICABLE	1	EASY	EASY	Hafer: gewöhnlicher lokaler Bezugsweg über den Bereich »Reis-, Mehl-, Nudel- oder Trockenwarenregal«.	Hafer: gewöhnlicher lokaler Bezugsweg über den Bereich »Hafer«.	AI_BULK_ACCEPTED	AI_BULK_ACCEPTED	AI_BULK_ACCEPTED	AI_BULK_ACCEPTED	AI_BULK_ACCEPTED	AI_BULK_ACCEPTED	APPROVED_FINAL		AI_REVIEW_BASE	f8855121af336a7c13cd799cafede5f9b9420f28	AVAILABILITY_NOVELTY_V1_20260907
OAT_DRINK	Haferdrink	APPLICABLE	2	EASY	EASY	Haferdrink: gewöhnlicher lokaler Bezugsweg über den Bereich »Regal für haltbare oder gekühlte Pflanzendrinks«.	Haferdrink: Rostocker Bezugsweg über das Pflanzendrinkregal eines gewöhnlichen großen Rostocker Supermarkts.	AI_BULK_ACCEPTED	AI_BULK_ACCEPTED	AI_BULK_ACCEPTED	AI_BULK_ACCEPTED	AI_BULK_ACCEPTED	AI_BULK_ACCEPTED	APPROVED_FINAL		AI_REVIEW_BASE	f8855121af336a7c13cd799cafede5f9b9420f28	AVAILABILITY_NOVELTY_V1_20260907
OCTOPUS	Oktopus	APPLICABLE	2	PLANNED	PLANNED	Oktopus: Die Produktseite bietet Mini-Pulpo als rohen, geputzten und einzeln entnehmbaren Oktopus tiefgekühlt an; der Artikel ist aktuell verfügbar.	Oktopus: Die Produktseite bietet Mini-Pulpo als rohen, geputzten und einzeln entnehmbaren Oktopus tiefgekühlt an; der Artikel ist aktuell verfügbar.	AI_BULK_ACCEPTED	AI_BULK_ACCEPTED	AI_BULK_ACCEPTED	AI_BULK_ACCEPTED	AI_BULK_ACCEPTED	AI_BULK_ACCEPTED	APPROVED_FINAL		AI_REVIEW_BASE	f8855121af336a7c13cd799cafede5f9b9420f28	AVAILABILITY_NOVELTY_V1_20260907
OFFAL	Innereien	APPLICABLE	3	PLANNED	PLANNED	Innereien ist über eine gezielte Bestellung oder Sortimentsprüfung bei MeinMetzger – Innereien im allgemeinen deutschen Handel planbar, lokal aber kein verlässlicher Standardartikel.	Innereien: Für „Innereien“ wird das Angebot über Vorbestellung an einer gut sortierten Fleischtheke oder etablierter deutscher Metzgereiversand kontrolliert.	AI_BULK_ACCEPTED	AI_BULK_ACCEPTED	AI_BULK_ACCEPTED	AI_BULK_ACCEPTED	AI_BULK_ACCEPTED	AI_BULK_ACCEPTED	APPROVED_FINAL		AI_REVIEW_BASE	f8855121af336a7c13cd799cafede5f9b9420f28	AVAILABILITY_NOVELTY_V1_20260907
OILS	Speiseöl	APPLICABLE	1	EASY	EASY	Speiseöl: gewöhnlicher lokaler Bezugsweg über den Bereich »Öl- und Kochfettregal«.	Speiseöl: gewöhnlicher lokaler Bezugsweg über den Bereich »Speiseöl«.	AI_BULK_ACCEPTED	AI_BULK_ACCEPTED	AI_BULK_ACCEPTED	AI_BULK_ACCEPTED	AI_BULK_ACCEPTED	AI_BULK_ACCEPTED	APPROVED_FINAL		AI_REVIEW_BASE	f8855121af336a7c13cd799cafede5f9b9420f28	AVAILABILITY_NOVELTY_V1_20260907
OILY_FISH	fettreicher Fisch	APPLICABLE	1	EASY	EASY	fettreicher Fisch: gewöhnlicher lokaler Bezugsweg über die regulären lokalen Sortimente REWE – Lachsfilet aus der Servicetheke sowie EDEKA – Bio norwegische Lachsfilets.	fettreicher Fisch: gewöhnlicher lokaler Bezugsweg über den Bereich »fettreicher Fisch«.	AI_BULK_ACCEPTED	AI_BULK_ACCEPTED	AI_BULK_ACCEPTED	AI_BULK_ACCEPTED	AI_BULK_ACCEPTED	AI_BULK_ACCEPTED	APPROVED_FINAL		AI_REVIEW_BASE	f8855121af336a7c13cd799cafede5f9b9420f28	AVAILABILITY_NOVELTY_V1_20260907
OKRA	Okra	APPLICABLE	2	SPECIALTY	SPECIALTY	Okra ist im einschlägigen Spezialmarkt breit etabliert; dokumentierte reguläre Wege sind die voneinander unabhängigen Händler FrischeParadies – fruit and vegetable direct shop sowie Spice Mart – fresh produce with fresh okra.	Okra: Rostocker Bezugsweg über FrischeParadies – fruit and vegetable direct shop und Spice Mart – fresh produce with fresh okra; dokumentiert sind eine vor dem Einkauf erneut zu prüfende Verfügbarkeit und Frischeversand.	AI_BULK_ACCEPTED	AI_BULK_ACCEPTED	AI_BULK_ACCEPTED	AI_BULK_ACCEPTED	AI_BULK_ACCEPTED	AI_BULK_ACCEPTED	APPROVED_FINAL		AI_REVIEW_BASE	f8855121af336a7c13cd799cafede5f9b9420f28	AVAILABILITY_NOVELTY_V1_20260907
OLIVES	Oliven	APPLICABLE	1	EASY	EASY	Oliven: gewöhnlicher lokaler Bezugsweg über den Bereich »Konserven-, Glas- oder internationales Feinkostregal«.	Oliven: gewöhnlicher lokaler Bezugsweg über den Bereich »Oliven«.	AI_BULK_ACCEPTED	AI_BULK_ACCEPTED	AI_BULK_ACCEPTED	AI_BULK_ACCEPTED	AI_BULK_ACCEPTED	AI_BULK_ACCEPTED	APPROVED_FINAL		AI_REVIEW_BASE	f8855121af336a7c13cd799cafede5f9b9420f28	AVAILABILITY_NOVELTY_V1_20260907
OLIVE_OIL	Olivenöl	APPLICABLE	1	EASY	EASY	Olivenöl: gewöhnlicher lokaler Bezugsweg über den Bereich »Öl- und Kochfettregal«.	Olivenöl: gewöhnlicher lokaler Bezugsweg über den Bereich »Olivenöl«.	AI_BULK_ACCEPTED	AI_BULK_ACCEPTED	AI_BULK_ACCEPTED	AI_BULK_ACCEPTED	AI_BULK_ACCEPTED	AI_BULK_ACCEPTED	APPROVED_FINAL		AI_REVIEW_BASE	f8855121af336a7c13cd799cafede5f9b9420f28	AVAILABILITY_NOVELTY_V1_20260907
OLOMOUC_TVARUZKY	Olmützer Quargel	APPLICABLE	3	DIFFICULT	DIFFICULT	Olmützer Quargel: Nur der schmale Händlerweg über A.W. Loštice – Olomoucké tvarůžky manufacturer ist positiv belegt; Kühlversand begrenzt Form, Bestand oder Logistik.	Olmützer Quargel: Rostocker Bezugsweg über A.W. Loštice – Olomoucké tvarůžky manufacturer; dokumentiert sind ein dokumentiertes laufendes Angebot und Kühlversand.	AI_BULK_ACCEPTED	AI_BULK_ACCEPTED	AI_BULK_ACCEPTED	AI_BULK_ACCEPTED	AI_BULK_ACCEPTED	AI_BULK_ACCEPTED	APPROVED_FINAL		AI_REVIEW_BASE	f8855121af336a7c13cd799cafede5f9b9420f28	AVAILABILITY_NOVELTY_V1_20260907
ONION	Zwiebel	APPLICABLE	1	EASY	EASY	Zwiebel: Gewöhnlicher lokaler Supermarkt- und Discounterstandard mit sehr hoher Trefferwahrscheinlichkeit.	Zwiebel: Gewöhnlicher lokaler Supermarkt- und Discounterstandard mit sehr hoher Trefferwahrscheinlichkeit.	HUMAN_EXPLICIT	HUMAN_EXPLICIT	HUMAN_EXPLICIT	AI_BULK_ACCEPTED	AI_BULK_ACCEPTED	HUMAN_EXPLICIT	APPROVED_FINAL		AI_REVIEW_BASE|NOVELTY_REFERENCE_ANCHOR_HUMAN|AVAILABILITY_V2_ANCHOR_HUMAN	f8855121af336a7c13cd799cafede5f9b9420f28	AVAILABILITY_NOVELTY_V1_20260907
ONION_POWDER	Zwiebelpulver	APPLICABLE	1	EASY	EASY	Zwiebelpulver: gewöhnlicher lokaler Bezugsweg über den Bereich »Gewürz- und Trockenwürzregal«.	Zwiebelpulver: gewöhnlicher lokaler Bezugsweg über den Bereich »Zwiebelpulver«.	AI_BULK_ACCEPTED	AI_BULK_ACCEPTED	AI_BULK_ACCEPTED	AI_BULK_ACCEPTED	AI_BULK_ACCEPTED	AI_BULK_ACCEPTED	APPROVED_FINAL		AI_REVIEW_BASE	f8855121af336a7c13cd799cafede5f9b9420f28	AVAILABILITY_NOVELTY_V1_20260907
OOLONG_TEA	Oolongtee	APPLICABLE	4	PLANNED	PLANNED	Oolongtee ist über eine gezielte Filial- oder Bestellprüfung für Tee im allgemeinen deutschen Handel planbar, lokal aber kein verlässlicher Standardartikel.	Oolongtee: Rostocker Bezugsweg über gut sortierte Vollsortimenter und etablierte deutsche Kaffee- oder Teehändler.	AI_BULK_ACCEPTED	AI_BULK_ACCEPTED	AI_BULK_ACCEPTED	AI_BULK_ACCEPTED	AI_BULK_ACCEPTED	AI_BULK_ACCEPTED	APPROVED_FINAL		AI_REVIEW_BASE	f8855121af336a7c13cd799cafede5f9b9420f28	AVAILABILITY_NOVELTY_V1_20260907
ORANGE	Orange	APPLICABLE	1	EASY	EASY	Orange: gewöhnlicher lokaler Bezugsweg über den Bereich »Obst- und Gemüseabteilung«.	Orange: Rostocker Bezugsweg über die Obstabteilung eines gewöhnlichen großen Rostocker Supermarkts.	AI_BULK_ACCEPTED	AI_BULK_ACCEPTED	AI_BULK_ACCEPTED	AI_BULK_ACCEPTED	AI_BULK_ACCEPTED	AI_BULK_ACCEPTED	APPROVED_FINAL		AI_REVIEW_BASE	f8855121af336a7c13cd799cafede5f9b9420f28	AVAILABILITY_NOVELTY_V1_20260907
OREGANO	Oregano	APPLICABLE	1	EASY	EASY	Oregano: gewöhnlicher lokaler Bezugsweg über den Bereich »frische Kräuterabteilung«.	Oregano: gewöhnlicher lokaler Bezugsweg über den Bereich »Oregano«.	AI_BULK_ACCEPTED	AI_BULK_ACCEPTED	AI_BULK_ACCEPTED	AI_BULK_ACCEPTED	AI_BULK_ACCEPTED	AI_BULK_ACCEPTED	APPROVED_FINAL		AI_REVIEW_BASE	f8855121af336a7c13cd799cafede5f9b9420f28	AVAILABILITY_NOVELTY_V1_20260907
ORZO	Kritharaki oder Orzo	APPLICABLE	1	PLANNED	PLANNED	Kritharaki oder Orzo ist über eine reguläre Onlinebestellung im allgemeinen Handel mit formgenauer Artikelsuche im allgemeinen deutschen Handel planbar, lokal aber kein verlässlicher Standardartikel.	Kritharaki oder Orzo: Rostocker Bezugsweg über gut sortierte Vollsortimenter und etablierte deutsche Bio- oder Trockenwarenhändler.	AI_BULK_ACCEPTED	AI_BULK_ACCEPTED	AI_BULK_ACCEPTED	AI_BULK_ACCEPTED	AI_BULK_ACCEPTED	AI_BULK_ACCEPTED	APPROVED_FINAL		AI_REVIEW_BASE	f8855121af336a7c13cd799cafede5f9b9420f28	AVAILABILITY_NOVELTY_V1_20260907
OXTAIL	Ochsenschwanz	APPLICABLE	2	PLANNED	PLANNED	Ochsenschwanz: Der formtreue Bezug beginnt in Bornheim bei „Fleischkühlung oder Bedientheke per bestandsgeprüfter Abholung“.	Ochsenschwanz: Rostocker Bezugsweg über MeinMetzger – Ochsenschwanz vom Simmentaler Rind; dokumentiert sind beim Abruf verfügbaren Bestand und Kühlversand.	AI_BULK_ACCEPTED	AI_BULK_ACCEPTED	AI_BULK_ACCEPTED	AI_BULK_ACCEPTED	AI_BULK_ACCEPTED	AI_BULK_ACCEPTED	APPROVED_FINAL		AI_REVIEW_BASE	f8855121af336a7c13cd799cafede5f9b9420f28	AVAILABILITY_NOVELTY_V1_20260907
OYSTER	Austern	APPLICABLE	2	PLANNED	PLANNED	Austern: Deutsche See kennzeichnet zwölf Fines-de-Claire-Austern aus Frankreich als frisch, lebend und aktuell verfügbar; die Schalenware wird gekühlt zugestellt.	Austern: Deutsche See kennzeichnet zwölf Fines-de-Claire-Austern aus Frankreich als frisch, lebend und aktuell verfügbar; die Schalenware wird gekühlt zugestellt.	AI_BULK_ACCEPTED	AI_BULK_ACCEPTED	AI_BULK_ACCEPTED	AI_BULK_ACCEPTED	AI_BULK_ACCEPTED	AI_BULK_ACCEPTED	APPROVED_FINAL		AI_REVIEW_BASE	f8855121af336a7c13cd799cafede5f9b9420f28	AVAILABILITY_NOVELTY_V1_20260907
OYSTER_MUSHROOM	Austernpilze	APPLICABLE	2	EASY	EASY	Austernpilze: gewöhnlicher lokaler Bezugsweg über den Bereich »Obst- und Gemüseabteilung«.	Austernpilze: gewöhnlicher lokaler Bezugsweg über den Bereich »Austernpilze«.	AI_BULK_ACCEPTED	AI_BULK_ACCEPTED	AI_BULK_ACCEPTED	AI_BULK_ACCEPTED	AI_BULK_ACCEPTED	AI_BULK_ACCEPTED	APPROVED_FINAL		AI_REVIEW_BASE	f8855121af336a7c13cd799cafede5f9b9420f28	AVAILABILITY_NOVELTY_V1_20260907
OYSTER_SAUCE	Austernsauce	APPLICABLE	2	PLANNED	PLANNED	Austernsauce ist über eine gezielte Filial- oder Bestellprüfung für Sauce oder Würzpaste im allgemeinen deutschen Handel planbar, lokal aber kein verlässlicher Standardartikel.	Austernsauce: Tobias sucht „Austernsauce“ in Rostock über gut sortierte Vollsortimenter und etablierte deutsche Feinkost- oder Würzsaucenhändler gesucht.	AI_BULK_ACCEPTED	AI_BULK_ACCEPTED	AI_BULK_ACCEPTED	AI_BULK_ACCEPTED	AI_BULK_ACCEPTED	AI_BULK_ACCEPTED	APPROVED_FINAL		AI_REVIEW_BASE	f8855121af336a7c13cd799cafede5f9b9420f28	AVAILABILITY_NOVELTY_V1_20260907
PADRON_PEPPER	Padrón-Paprika	APPLICABLE	2	PLANNED	PLANNED	Padrón-Paprika: FrischeParadies führt frische ganze Pimientos de Padrón im 200-g-Beutel mit bundesweiter Frischezustellung oder Marktabholung.	Padrón-Paprika: FrischeParadies führt frische ganze Pimientos de Padrón im 200-g-Beutel mit bundesweiter Frischezustellung oder Marktabholung. der Artikel kann je nach Rostocker Markt fehlen.	AI_BULK_ACCEPTED	AI_BULK_ACCEPTED	AI_BULK_ACCEPTED	AI_BULK_ACCEPTED	AI_BULK_ACCEPTED	AI_BULK_ACCEPTED	APPROVED_FINAL		AI_REVIEW_BASE	f8855121af336a7c13cd799cafede5f9b9420f28	AVAILABILITY_NOVELTY_V1_20260907
PAK_CHOI	Pak Choi	APPLICABLE	1	PLANNED	PLANNED	Pak Choi ist über eine reguläre Onlinebestellung im allgemeinen Handel mit formgenauer Artikelsuche im allgemeinen deutschen Handel planbar, lokal aber kein verlässlicher Standardartikel.	Pak Choi: Rostocker Bezugsweg über gut sortierte Vollsortimenter und etablierte deutsche Gemüse- oder Frischehändler.	AI_BULK_ACCEPTED	AI_BULK_ACCEPTED	AI_BULK_ACCEPTED	AI_BULK_ACCEPTED	AI_BULK_ACCEPTED	AI_BULK_ACCEPTED	APPROVED_FINAL		AI_REVIEW_BASE	f8855121af336a7c13cd799cafede5f9b9420f28	AVAILABILITY_NOVELTY_V1_20260907
PALM_SUGAR	Palmzucker	APPLICABLE	2	SPECIALTY	SPECIALTY	Palmzucker ist im einschlägigen Spezialmarkt breit etabliert; dokumentierte reguläre Wege sind die voneinander unabhängigen Händler Asiafoodland – palm sugar slices 200 g sowie Asiashoponline – Nesia palm sugar 250 g.	Palmzucker: Rostocker Bezugsweg über Asiafoodland – palm sugar slices 200 g und Asiashoponline – Nesia palm sugar 250 g; dokumentiert sind eine vor dem Einkauf erneut zu prüfende Verfügbarkeit und Standardversand.	AI_BULK_ACCEPTED	AI_BULK_ACCEPTED	AI_BULK_ACCEPTED	AI_BULK_ACCEPTED	AI_BULK_ACCEPTED	AI_BULK_ACCEPTED	APPROVED_FINAL		AI_REVIEW_BASE	f8855121af336a7c13cd799cafede5f9b9420f28	AVAILABILITY_NOVELTY_V1_20260907
PANCETTA	Pancetta	APPLICABLE	1	PLANNED	PLANNED	Pancetta ist über eine gezielte Bestellung oder Sortimentsprüfung bei MeinMetzger – original Pancetta im allgemeinen deutschen Handel planbar, lokal aber kein verlässlicher Standardartikel.	Pancetta: Der konkrete Bezug von „Pancetta“ läuft über Vorbestellung an einer gut sortierten Fleischtheke oder etablierter deutscher Metzgereiversand.	AI_BULK_ACCEPTED	AI_BULK_ACCEPTED	AI_BULK_ACCEPTED	AI_BULK_ACCEPTED	AI_BULK_ACCEPTED	AI_BULK_ACCEPTED	APPROVED_FINAL		AI_REVIEW_BASE	f8855121af336a7c13cd799cafede5f9b9420f28	AVAILABILITY_NOVELTY_V1_20260907
PANDAN_LEAVES	Pandanblätter	APPLICABLE	3	SPECIALTY	SPECIALTY	Pandanblätter: Frisch oder TK bei vielen südostasiatisch orientierten Spezialhändlern üblich; Produktform und Kühlung bleiben zu beachten.	Pandanblätter: Frisch oder TK bei vielen südostasiatisch orientierten Spezialhändlern üblich; Produktform und Kühlung bleiben zu beachten.	AI_BULK_ACCEPTED	HUMAN_EXPLICIT	HUMAN_EXPLICIT	AI_BULK_ACCEPTED	AI_BULK_ACCEPTED	MIXED	APPROVED_FINAL		AI_REVIEW_BASE|AVAILABILITY_V2_ANCHOR_HUMAN	f8855121af336a7c13cd799cafede5f9b9420f28	AVAILABILITY_NOVELTY_V1_20260907
PANEER	Paneer	APPLICABLE	2	SPECIALTY	SPECIALTY	Paneer ist im einschlägigen Spezialmarkt breit etabliert; dokumentierte reguläre Wege sind die voneinander unabhängigen Händler FrischeParadies – cheese direct shop sowie Spice Mart – fresh Paneer range.	Paneer: Rostocker Bezugsweg über FrischeParadies – cheese direct shop und Spice Mart – fresh Paneer range; dokumentiert sind eine vor dem Einkauf erneut zu prüfende Verfügbarkeit und Kühlversand.	AI_BULK_ACCEPTED	AI_BULK_ACCEPTED	AI_BULK_ACCEPTED	AI_BULK_ACCEPTED	AI_BULK_ACCEPTED	AI_BULK_ACCEPTED	APPROVED_FINAL		AI_REVIEW_BASE	f8855121af336a7c13cd799cafede5f9b9420f28	AVAILABILITY_NOVELTY_V1_20260907
PANGASIUS	Pangasius	APPLICABLE	1	EASY	EASY	Pangasius: gewöhnlicher lokaler Bezugsweg über den Bereich »Fischkühlung, Fischtheke oder Tiefkühlabteilung«.	Pangasius: gewöhnlicher lokaler Bezugsweg über den Bereich »Pangasius«.	AI_BULK_ACCEPTED	AI_BULK_ACCEPTED	AI_BULK_ACCEPTED	AI_BULK_ACCEPTED	AI_BULK_ACCEPTED	AI_BULK_ACCEPTED	APPROVED_FINAL		AI_REVIEW_BASE	f8855121af336a7c13cd799cafede5f9b9420f28	AVAILABILITY_NOVELTY_V1_20260907
PANKO	Panko	APPLICABLE	2	PLANNED	PLANNED	Panko ist über eine geplante Fahrt zu einem großen Markt mit dem Sortiment »Reis-, Mehl-, Nudel- oder Trockenwarenregal« im allgemeinen deutschen Handel planbar, lokal aber kein verlässlicher Standardartikel.	Panko: Die Beschaffung von „Panko“ erfolgt in Rostock über gut sortierte Vollsortimenter und etablierte deutsche Bio- oder Trockenwarenhändler.	AI_BULK_ACCEPTED	AI_BULK_ACCEPTED	AI_BULK_ACCEPTED	AI_BULK_ACCEPTED	AI_BULK_ACCEPTED	AI_BULK_ACCEPTED	APPROVED_FINAL		AI_REVIEW_BASE	f8855121af336a7c13cd799cafede5f9b9420f28	AVAILABILITY_NOVELTY_V1_20260907
PAPAYA	Papaya	APPLICABLE	2	PLANNED	PLANNED	Papaya ist über eine geplante Fahrt zu einem großen Markt mit dem Sortiment »Obst- und Gemüseabteilung« im allgemeinen deutschen Handel planbar, lokal aber kein verlässlicher Standardartikel.	Papaya: Die Beschaffung von „Papaya“ erfolgt in Rostock über gut sortierte Vollsortimenter und etablierte deutsche Frucht- oder Frischehändler.	AI_BULK_ACCEPTED	AI_BULK_ACCEPTED	AI_BULK_ACCEPTED	AI_BULK_ACCEPTED	AI_BULK_ACCEPTED	AI_BULK_ACCEPTED	APPROVED_FINAL		AI_REVIEW_BASE	f8855121af336a7c13cd799cafede5f9b9420f28	AVAILABILITY_NOVELTY_V1_20260907
PAPRIKA_POWDER	Paprikapulver	APPLICABLE	1	EASY	EASY	Paprikapulver: gewöhnlicher lokaler Bezugsweg über den Bereich »Gewürz- und Trockenwürzregal«.	Paprikapulver: gewöhnlicher lokaler Bezugsweg über den Bereich »Paprikapulver«.	AI_BULK_ACCEPTED	AI_BULK_ACCEPTED	AI_BULK_ACCEPTED	AI_BULK_ACCEPTED	AI_BULK_ACCEPTED	AI_BULK_ACCEPTED	APPROVED_FINAL		AI_REVIEW_BASE	f8855121af336a7c13cd799cafede5f9b9420f28	AVAILABILITY_NOVELTY_V1_20260907
PARMESAN	Parmesan	APPLICABLE	1	EASY	EASY	Parmesan: gewöhnlicher lokaler Bezugsweg über den Bereich »Käsekühlung oder Käsetheke«.	Parmesan: gewöhnlicher lokaler Bezugsweg über den Bereich »Parmesan«.	AI_BULK_ACCEPTED	AI_BULK_ACCEPTED	AI_BULK_ACCEPTED	AI_BULK_ACCEPTED	AI_BULK_ACCEPTED	AI_BULK_ACCEPTED	APPROVED_FINAL		AI_REVIEW_BASE	f8855121af336a7c13cd799cafede5f9b9420f28	AVAILABILITY_NOVELTY_V1_20260907
PARSLEY	Petersilie	APPLICABLE	1	EASY	EASY	Petersilie: gewöhnlicher lokaler Bezugsweg über den Bereich »frische Kräuterabteilung«.	Petersilie: gewöhnlicher lokaler Bezugsweg über den Bereich »Petersilie«.	AI_BULK_ACCEPTED	AI_BULK_ACCEPTED	AI_BULK_ACCEPTED	AI_BULK_ACCEPTED	AI_BULK_ACCEPTED	AI_BULK_ACCEPTED	APPROVED_FINAL		AI_REVIEW_BASE	f8855121af336a7c13cd799cafede5f9b9420f28	AVAILABILITY_NOVELTY_V1_20260907
PARSLEY_ROOT	Petersilienwurzel	APPLICABLE	2	EASY	EASY	Petersilienwurzel: gewöhnlicher lokaler Bezugsweg über den Bereich »Obst- und Gemüseabteilung«.	Petersilienwurzel: gewöhnlicher lokaler Bezugsweg über den Bereich »Petersilienwurzel«.	AI_BULK_ACCEPTED	AI_BULK_ACCEPTED	AI_BULK_ACCEPTED	AI_BULK_ACCEPTED	AI_BULK_ACCEPTED	AI_BULK_ACCEPTED	APPROVED_FINAL		AI_REVIEW_BASE	f8855121af336a7c13cd799cafede5f9b9420f28	AVAILABILITY_NOVELTY_V1_20260907
PARSNIP	Pastinake	APPLICABLE	1	EASY	EASY	Pastinake: gewöhnlicher lokaler Bezugsweg über den Bereich »Obst- und Gemüseabteilung«.	Pastinake: gewöhnlicher lokaler Bezugsweg über den Bereich »Pastinake«.	AI_BULK_ACCEPTED	AI_BULK_ACCEPTED	AI_BULK_ACCEPTED	AI_BULK_ACCEPTED	AI_BULK_ACCEPTED	AI_BULK_ACCEPTED	APPROVED_FINAL		AI_REVIEW_BASE	f8855121af336a7c13cd799cafede5f9b9420f28	AVAILABILITY_NOVELTY_V1_20260907
PASSION_FRUIT	Passionsfrucht	APPLICABLE	2	PLANNED	PLANNED	Passionsfrucht: Jamoona führt ganze frische Passiflora-edulis-Früchte mit essbarem kernreichem Fruchtfleisch und konkret ausgewiesenem Bestand.	Passionsfrucht: Jamoona führt ganze frische Passiflora-edulis-Früchte mit essbarem kernreichem Fruchtfleisch und konkret ausgewiesenem Bestand.	AI_BULK_ACCEPTED	AI_BULK_ACCEPTED	AI_BULK_ACCEPTED	AI_BULK_ACCEPTED	AI_BULK_ACCEPTED	AI_BULK_ACCEPTED	APPROVED_FINAL		AI_REVIEW_BASE	f8855121af336a7c13cd799cafede5f9b9420f28	AVAILABILITY_NOVELTY_V1_20260907
PASTIS	Pastis	APPLICABLE	4	PLANNED	PLANNED	Pastis: Weinquelle führt Pastis Ardent lagernd als anisbetonte Spirituose mit Kräutern und Süßholz; der deutschlandweite Versand in üblicherweise 1–3 Werktagen ist ein planbarer, nicht lokal garantierter Getränkeweg nach Bornheim.	Pastis: Rostocker Bezugsweg über große Getränkefachmärkte und etablierte deutsche Spirituosen- oder Weinversender.	AI_BULK_ACCEPTED	AI_BULK_ACCEPTED	AI_BULK_ACCEPTED	AI_BULK_ACCEPTED	AI_BULK_ACCEPTED	AI_BULK_ACCEPTED	APPROVED_FINAL		AI_REVIEW_BASE	f8855121af336a7c13cd799cafede5f9b9420f28	AVAILABILITY_NOVELTY_V1_20260907
PEACH	Pfirsich	APPLICABLE	2	EASY	EASY	Pfirsich: gewöhnlicher lokaler Bezugsweg über den Bereich »Obst- und Gemüseabteilung«.	Pfirsich: Rostocker Bezugsweg über die Obstabteilung eines gewöhnlichen großen Rostocker Supermarkts.	AI_BULK_ACCEPTED	AI_BULK_ACCEPTED	AI_BULK_ACCEPTED	AI_BULK_ACCEPTED	AI_BULK_ACCEPTED	AI_BULK_ACCEPTED	APPROVED_FINAL		AI_REVIEW_BASE	f8855121af336a7c13cd799cafede5f9b9420f28	AVAILABILITY_NOVELTY_V1_20260907
PEANUT	Erdnüsse	APPLICABLE	1	EASY	EASY	Erdnüsse: gewöhnlicher lokaler Bezugsweg über den Bereich »Nuss-, Saaten- oder Nussmusregal«.	Erdnüsse: gewöhnlicher lokaler Bezugsweg über den Bereich »Erdnüsse«.	AI_BULK_ACCEPTED	AI_BULK_ACCEPTED	AI_BULK_ACCEPTED	AI_BULK_ACCEPTED	AI_BULK_ACCEPTED	AI_BULK_ACCEPTED	APPROVED_FINAL		AI_REVIEW_BASE	f8855121af336a7c13cd799cafede5f9b9420f28	AVAILABILITY_NOVELTY_V1_20260907
PEANUT_BUTTER	Erdnussbutter	APPLICABLE	1	EASY	EASY	Erdnussbutter: gewöhnlicher lokaler Bezugsweg über den Bereich »Aufstrich-, Nussmus- oder Feinkostregal«.	Erdnussbutter: Rostocker Bezugsweg über das Nuss-, Saaten-, Back- oder Brotaufstrichregal eines gewöhnlichen großen Rostocker Supermarkts.	AI_BULK_ACCEPTED	AI_BULK_ACCEPTED	AI_BULK_ACCEPTED	AI_BULK_ACCEPTED	AI_BULK_ACCEPTED	AI_BULK_ACCEPTED	APPROVED_FINAL		AI_REVIEW_BASE	f8855121af336a7c13cd799cafede5f9b9420f28	AVAILABILITY_NOVELTY_V1_20260907
PEANUT_SATAY_SAUCE	Erdnuss-Satay-Sauce	APPLICABLE	2	PLANNED	PLANNED	Erdnuss-Satay-Sauce ist über einen vorbereiteten Einkauf im gut sortierten Bereich »Saucen-, Würzpasten- und Feinkostregal« im allgemeinen deutschen Handel planbar, lokal aber kein verlässlicher Standardartikel.	Erdnuss-Satay-Sauce: Die Rostocker Warenprüfung für „Erdnuss-Satay-Sauce“ erfolgt über gut sortierte Vollsortimenter und etablierte deutsche Feinkost- oder Würzsaucenhändler.	AI_BULK_ACCEPTED	AI_BULK_ACCEPTED	AI_BULK_ACCEPTED	AI_BULK_ACCEPTED	AI_BULK_ACCEPTED	AI_BULK_ACCEPTED	APPROVED_FINAL		AI_REVIEW_BASE	f8855121af336a7c13cd799cafede5f9b9420f28	AVAILABILITY_NOVELTY_V1_20260907
PEAR	Birne	APPLICABLE	1	EASY	EASY	Birne: gewöhnlicher lokaler Bezugsweg über den Bereich »Obst- und Gemüseabteilung«.	Birne: gewöhnlicher lokaler Bezugsweg über den Bereich »Birne«.	AI_BULK_ACCEPTED	AI_BULK_ACCEPTED	AI_BULK_ACCEPTED	AI_BULK_ACCEPTED	AI_BULK_ACCEPTED	AI_BULK_ACCEPTED	APPROVED_FINAL		AI_REVIEW_BASE	f8855121af336a7c13cd799cafede5f9b9420f28	AVAILABILITY_NOVELTY_V1_20260907
PEARL_BARLEY	Graupen	APPLICABLE	2	EASY	EASY	Graupen: gewöhnlicher lokaler Bezugsweg über den Bereich »Reis-, Mehl-, Nudel- oder Trockenwarenregal«.	Graupen: gewöhnlicher lokaler Bezugsweg über den Bereich »Graupen«.	AI_BULK_ACCEPTED	AI_BULK_ACCEPTED	AI_BULK_ACCEPTED	AI_BULK_ACCEPTED	AI_BULK_ACCEPTED	AI_BULK_ACCEPTED	APPROVED_FINAL		AI_REVIEW_BASE	f8855121af336a7c13cd799cafede5f9b9420f28	AVAILABILITY_NOVELTY_V1_20260907
PEAS	Erbsen	APPLICABLE	1	EASY	EASY	Erbsen: gewöhnlicher lokaler Bezugsweg über den Bereich »Hülsenfrucht-, Konserven- oder Trockenwarenregal«.	Erbsen: gewöhnlicher lokaler Bezugsweg über den Bereich »Erbsen«.	AI_BULK_ACCEPTED	AI_BULK_ACCEPTED	AI_BULK_ACCEPTED	AI_BULK_ACCEPTED	AI_BULK_ACCEPTED	AI_BULK_ACCEPTED	APPROVED_FINAL		AI_REVIEW_BASE	f8855121af336a7c13cd799cafede5f9b9420f28	AVAILABILITY_NOVELTY_V1_20260907
PEA_EGGPLANT	Erbsenaubergine	APPLICABLE	3	DIFFICULT	DIFFICULT	Erbsenaubergine: Exakte frische Solanum-torvum-Ware über wenige Frischeimporteure; Bestand und Zustellung sind fragil.	Erbsenaubergine: Exakte frische Solanum-torvum-Ware über wenige Frischeimporteure; Bestand und Zustellung sind fragil.	AI_BULK_ACCEPTED	HUMAN_EXPLICIT	HUMAN_EXPLICIT	AI_BULK_ACCEPTED	AI_BULK_ACCEPTED	MIXED	APPROVED_FINAL		AI_REVIEW_BASE|AVAILABILITY_V2_ANCHOR_HUMAN	f8855121af336a7c13cd799cafede5f9b9420f28	AVAILABILITY_NOVELTY_V1_20260907
PECAN	Pekannüsse	APPLICABLE	2	EASY	EASY	Pekannüsse: gewöhnlicher lokaler Bezugsweg über den Bereich »Nuss-, Saaten- oder Nussmusregal«.	Pekannüsse: Rostocker Bezugsweg über das Nuss-, Saaten-, Back- oder Brotaufstrichregal eines gewöhnlichen großen Rostocker Supermarkts.	AI_BULK_ACCEPTED	AI_BULK_ACCEPTED	AI_BULK_ACCEPTED	AI_BULK_ACCEPTED	AI_BULK_ACCEPTED	AI_BULK_ACCEPTED	APPROVED_FINAL		AI_REVIEW_BASE	f8855121af336a7c13cd799cafede5f9b9420f28	AVAILABILITY_NOVELTY_V1_20260907
PECORINO	Pecorino	APPLICABLE	2	PLANNED	PLANNED	Pecorino: Viani bietet Pecorino Romano DOP als festen italienischen Hartkäse aus Schafmilch sofort verfügbar an.	Pecorino: Viani bietet Pecorino Romano DOP als festen italienischen Hartkäse aus Schafmilch sofort verfügbar an.	AI_BULK_ACCEPTED	AI_BULK_ACCEPTED	AI_BULK_ACCEPTED	AI_BULK_ACCEPTED	AI_BULK_ACCEPTED	AI_BULK_ACCEPTED	APPROVED_FINAL		AI_REVIEW_BASE	f8855121af336a7c13cd799cafede5f9b9420f28	AVAILABILITY_NOVELTY_V1_20260907
PENNE	Penne	APPLICABLE	1	EASY	EASY	Penne: gewöhnlicher lokaler Bezugsweg über den Bereich »Reis-, Mehl-, Nudel- oder Trockenwarenregal«.	Penne: gewöhnlicher lokaler Bezugsweg über den Bereich »Penne«.	AI_BULK_ACCEPTED	AI_BULK_ACCEPTED	AI_BULK_ACCEPTED	AI_BULK_ACCEPTED	AI_BULK_ACCEPTED	AI_BULK_ACCEPTED	APPROVED_FINAL		AI_REVIEW_BASE	f8855121af336a7c13cd799cafede5f9b9420f28	AVAILABILITY_NOVELTY_V1_20260907
PEPPER	Pfeffer	APPLICABLE	1	EASY	EASY	Pfeffer: gewöhnlicher lokaler Bezugsweg über den Bereich »Gewürz- und Trockenwürzregal«.	Pfeffer: gewöhnlicher lokaler Bezugsweg über den Bereich »Pfeffer«.	AI_BULK_ACCEPTED	AI_BULK_ACCEPTED	AI_BULK_ACCEPTED	AI_BULK_ACCEPTED	AI_BULK_ACCEPTED	AI_BULK_ACCEPTED	APPROVED_FINAL		AI_REVIEW_BASE	f8855121af336a7c13cd799cafede5f9b9420f28	AVAILABILITY_NOVELTY_V1_20260907
PERILLA_LEAVES	Perillablätter	APPLICABLE	3	DIFFICULT	DIFFICULT	Perillablätter: Nur der schmale Händlerweg über Asia Moin – fresh vegetables with Perilla/Shiso bunch ist positiv belegt; Kühlversand begrenzt Form, Bestand oder Logistik.	Perillablätter: Das konkrete Frischeangebot von Asia Moin eröffnet einen engen Versandweg für grüne oder violette Blätter; Kühlzustellung und wechselnder Frischbestand begrenzen ihn.	AI_BULK_ACCEPTED	AI_BULK_ACCEPTED	AI_BULK_ACCEPTED	AI_BULK_ACCEPTED	AI_BULK_ACCEPTED	AI_BULK_ACCEPTED	APPROVED_FINAL		AI_REVIEW_BASE	f8855121af336a7c13cd799cafede5f9b9420f28	AVAILABILITY_NOVELTY_V1_20260907
PERSIMMON	Kaki	APPLICABLE	2	EASY	EASY	Kaki: gewöhnlicher lokaler Bezugsweg über den Bereich »Obst- und Gemüseabteilung«.	Kaki: gewöhnlicher lokaler Bezugsweg über den Bereich »Kaki«.	AI_BULK_ACCEPTED	AI_BULK_ACCEPTED	AI_BULK_ACCEPTED	AI_BULK_ACCEPTED	AI_BULK_ACCEPTED	AI_BULK_ACCEPTED	APPROVED_FINAL		AI_REVIEW_BASE	f8855121af336a7c13cd799cafede5f9b9420f28	AVAILABILITY_NOVELTY_V1_20260907
PESTO	Pesto	APPLICABLE	1	EASY	EASY	Pesto: gewöhnlicher lokaler Bezugsweg über den Bereich »Saucen-, Würzpasten- und Feinkostregal«.	Pesto: gewöhnlicher lokaler Bezugsweg über den Bereich »Pesto«.	AI_BULK_ACCEPTED	AI_BULK_ACCEPTED	AI_BULK_ACCEPTED	AI_BULK_ACCEPTED	AI_BULK_ACCEPTED	AI_BULK_ACCEPTED	APPROVED_FINAL		AI_REVIEW_BASE	f8855121af336a7c13cd799cafede5f9b9420f28	AVAILABILITY_NOVELTY_V1_20260907
PICKLED_CHILI	eingelegte Chili	APPLICABLE	2	EASY	EASY	eingelegte Chili: gewöhnlicher lokaler Bezugsweg über den Bereich »Konserven-, Glas- oder internationales Feinkostregal«.	eingelegte Chili: gewöhnlicher lokaler Bezugsweg über den Bereich »eingelegte Chili«.	AI_BULK_ACCEPTED	AI_BULK_ACCEPTED	AI_BULK_ACCEPTED	AI_BULK_ACCEPTED	AI_BULK_ACCEPTED	AI_BULK_ACCEPTED	APPROVED_FINAL		AI_REVIEW_BASE	f8855121af336a7c13cd799cafede5f9b9420f28	AVAILABILITY_NOVELTY_V1_20260907
PICKLED_CUCUMBER	Gewürzgurke	APPLICABLE	1	EASY	EASY	Gewürzgurke: gewöhnlicher lokaler Bezugsweg über den Bereich »Konserven-, Glas- oder internationales Feinkostregal«.	Gewürzgurke: gewöhnlicher lokaler Bezugsweg über den Bereich »Gewürzgurke«.	AI_BULK_ACCEPTED	AI_BULK_ACCEPTED	AI_BULK_ACCEPTED	AI_BULK_ACCEPTED	AI_BULK_ACCEPTED	AI_BULK_ACCEPTED	APPROVED_FINAL		AI_REVIEW_BASE	f8855121af336a7c13cd799cafede5f9b9420f28	AVAILABILITY_NOVELTY_V1_20260907
PICKLED_GINGER	eingelegter Ingwer	APPLICABLE	3	PLANNED	PLANNED	eingelegter Ingwer: Georgia kann die Ware über „Konserven-, Glas- oder internationales Feinkostregal über einen reservierten Marktartikel“ beziehen.	eingelegter Ingwer: Rostocker Bezugsweg über gut sortierte Vollsortimenter und etablierte deutsche Händler für konservierte Gemüsewaren.	HUMAN_EXPLICIT	HUMAN_EXPLICIT	HUMAN_EXPLICIT	HUMAN_EXPLICIT	HUMAN_EXPLICIT	HUMAN_EXPLICIT	APPROVED_FINAL		AI_REVIEW_BASE|HUMAN_CHARGE_2	f8855121af336a7c13cd799cafede5f9b9420f28	AVAILABILITY_NOVELTY_V1_20260907
PICKLED_HERRING	eingelegter Hering	APPLICABLE	2	EASY	EASY	eingelegter Hering: gewöhnlicher lokaler Bezugsweg über den Bereich »Fischkonserven- oder internationales Trockenwarenregal«.	eingelegter Hering: gewöhnlicher lokaler Bezugsweg über den Bereich »eingelegter Hering«.	AI_BULK_ACCEPTED	AI_BULK_ACCEPTED	AI_BULK_ACCEPTED	AI_BULK_ACCEPTED	AI_BULK_ACCEPTED	AI_BULK_ACCEPTED	APPROVED_FINAL		AI_REVIEW_BASE	f8855121af336a7c13cd799cafede5f9b9420f28	AVAILABILITY_NOVELTY_V1_20260907
PICKLED_MUSHROOMS	eingelegte Pilze	APPLICABLE	2	PLANNED	PLANNED	eingelegte Pilze ist über eine konkrete Vorbestellung oder Bestandsabfrage für konservierte Pflanzenware im allgemeinen deutschen Handel planbar, lokal aber kein verlässlicher Standardartikel.	eingelegte Pilze: Rostocker Bezugsweg über gut sortierte Vollsortimenter und etablierte deutsche Händler für konservierte Pilze.	AI_BULK_ACCEPTED	AI_BULK_ACCEPTED	AI_BULK_ACCEPTED	AI_BULK_ACCEPTED	AI_BULK_ACCEPTED	AI_BULK_ACCEPTED	APPROVED_FINAL		AI_REVIEW_BASE	f8855121af336a7c13cd799cafede5f9b9420f28	AVAILABILITY_NOVELTY_V1_20260907
PICKLED_SAUSAGE	eingelegte Wurst	APPLICABLE	4	DIFFICULT	DIFFICULT	eingelegte Wurst: Konkrete mittel-/osteuropäische Fertigprodukte nur über enge nationale Spezialsortimente; keine breite allgemeine Verfügbarkeit.	eingelegte Wurst: Konkrete mittel-/osteuropäische Fertigprodukte nur über enge nationale Spezialsortimente; keine breite allgemeine Verfügbarkeit.	HUMAN_EXPLICIT	HUMAN_EXPLICIT	HUMAN_EXPLICIT	AI_BULK_ACCEPTED	AI_BULK_ACCEPTED	HUMAN_EXPLICIT	APPROVED_FINAL		AI_REVIEW_BASE|NOVELTY_REFERENCE_ANCHOR_HUMAN|AVAILABILITY_V2_ANCHOR_HUMAN	f8855121af336a7c13cd799cafede5f9b9420f28	AVAILABILITY_NOVELTY_V1_20260907
PIKEPERCH	Zander	APPLICABLE	1	PLANNED	PLANNED	Zander: Deutsche See weist handfiletierte Zanderportionen mit Haut als verfügbaren Tiefkühlartikel mit Warenkorb aus.	Zander: Deutsche See weist handfiletierte Zanderportionen mit Haut als verfügbaren Tiefkühlartikel mit Warenkorb aus.	AI_BULK_ACCEPTED	AI_BULK_ACCEPTED	AI_BULK_ACCEPTED	AI_BULK_ACCEPTED	AI_BULK_ACCEPTED	AI_BULK_ACCEPTED	APPROVED_FINAL		AI_REVIEW_BASE	f8855121af336a7c13cd799cafede5f9b9420f28	AVAILABILITY_NOVELTY_V1_20260907
PILSNER_LAGER	Pilsner	APPLICABLE	4	EASY	EASY	Pilsner: gewöhnlicher lokaler Bezugsweg über die regulären lokalen Sortimente REWE – Krombacher Pils 0,5 l sowie EDEKA – Ratskrone Pilsener. Die Produktbelege führen in das gewöhnliche lokale Bier- und Getränkeregal in Bornheim.	Pilsner: im Bier- und Getränkeregal gewöhnlicher großer Rostocker Supermärkte ist helles, untergäriges Lagerbier nach Pilsner Art ohne Vorbestellung verfügbar; keine bestimmte Marke ist verlangt.	AI_BULK_ACCEPTED	AI_BULK_ACCEPTED	AI_BULK_ACCEPTED	AI_BULK_ACCEPTED	AI_BULK_ACCEPTED	AI_BULK_ACCEPTED	APPROVED_FINAL		AI_REVIEW_BASE	f8855121af336a7c13cd799cafede5f9b9420f28	AVAILABILITY_NOVELTY_V1_20260907
PIMENT_D_ESPELETTE	Piment d’Espelette	APPLICABLE	3	PLANNED	PLANNED	Piment d’Espelette: Boomers bietet das AOP-Gewürz aus Espelette luftgetrocknet und fein gemahlen lagernd mit DHL-Lieferung in 1–3 Werktagen an; damit besteht für Bornheim ein vorbereiteter Gewürzversand statt lokaler Bestandszusage.	Piment d’Espelette: Boomers bietet das AOP-Gewürz aus Espelette luftgetrocknet und fein gemahlen lagernd an; DHL-Zustellung in 1–3 Werktagen eröffnet Rostock eine konkrete Vorbestellroute.	HUMAN_EXPLICIT	HUMAN_EXPLICIT	HUMAN_EXPLICIT	HUMAN_EXPLICIT	HUMAN_EXPLICIT	HUMAN_EXPLICIT	APPROVED_FINAL		AI_REVIEW_BASE|HUMAN_CHARGE_2	f8855121af336a7c13cd799cafede5f9b9420f28	AVAILABILITY_NOVELTY_V1_20260907
PINEAPPLE	Ananas	APPLICABLE	1	EASY	EASY	Ananas: gewöhnlicher lokaler Bezugsweg über den Bereich »Obst- und Gemüseabteilung«.	Ananas: gewöhnlicher lokaler Bezugsweg über den Bereich »Ananas«.	AI_BULK_ACCEPTED	AI_BULK_ACCEPTED	AI_BULK_ACCEPTED	AI_BULK_ACCEPTED	AI_BULK_ACCEPTED	AI_BULK_ACCEPTED	APPROVED_FINAL		AI_REVIEW_BASE	f8855121af336a7c13cd799cafede5f9b9420f28	AVAILABILITY_NOVELTY_V1_20260907
PINE_NUT	Pinienkerne	APPLICABLE	1	EASY	EASY	Pinienkerne: gewöhnlicher lokaler Bezugsweg über den Bereich »Nuss-, Saaten- oder Nussmusregal«.	Pinienkerne: gewöhnlicher lokaler Bezugsweg über den Bereich »Pinienkerne«.	AI_BULK_ACCEPTED	AI_BULK_ACCEPTED	AI_BULK_ACCEPTED	AI_BULK_ACCEPTED	AI_BULK_ACCEPTED	AI_BULK_ACCEPTED	APPROVED_FINAL		AI_REVIEW_BASE	f8855121af336a7c13cd799cafede5f9b9420f28	AVAILABILITY_NOVELTY_V1_20260907
PINNEKJOTT	Pinnekjøtt	APPLICABLE	3	DIFFICULT	DIFFICULT	Pinnekjøtt: Saisonaler norwegischer Fleischimport über wenige Spezialhändler; genaue Produktform und Lieferfenster sind fragil.	Pinnekjøtt: Saisonaler norwegischer Fleischimport über wenige Spezialhändler; genaue Produktform und Lieferfenster sind fragil.	AI_BULK_ACCEPTED	HUMAN_EXPLICIT	HUMAN_EXPLICIT	AI_BULK_ACCEPTED	AI_BULK_ACCEPTED	MIXED	APPROVED_FINAL		AI_REVIEW_BASE|AVAILABILITY_V2_ANCHOR_HUMAN	f8855121af336a7c13cd799cafede5f9b9420f28	AVAILABILITY_NOVELTY_V1_20260907
PINTO_BEANS	Pintobohnen	APPLICABLE	2	PLANNED	PLANNED	Pintobohnen ist über eine geplante Fahrt zu einem großen Markt mit dem Sortiment »Hülsenfrucht-, Konserven- oder Trockenwarenregal« im allgemeinen deutschen Handel planbar, lokal aber kein verlässlicher Standardartikel.	Pintobohnen: Beim Einkauf von „Pintobohnen“ nutzt Tobias gut sortierte Vollsortimenter und etablierte deutsche Bio- oder Trockenwarenhändler.	AI_BULK_ACCEPTED	AI_BULK_ACCEPTED	AI_BULK_ACCEPTED	AI_BULK_ACCEPTED	AI_BULK_ACCEPTED	AI_BULK_ACCEPTED	APPROVED_FINAL		AI_REVIEW_BASE	f8855121af336a7c13cd799cafede5f9b9420f28	AVAILABILITY_NOVELTY_V1_20260907
PIQUILLO_PEPPER	Piquillo-Paprika	APPLICABLE	3	SPECIALTY	SPECIALTY	Piquillo-Paprika ist im einschlägigen Spezialmarkt breit etabliert; dokumentierte reguläre Wege sind die voneinander unabhängigen Händler FrischeParadies – fruit and vegetable direct shop sowie BOS FOOD – Pimiento Piquillo El Carrascal 225 g.	Piquillo-Paprika: Rostocker Bezugsweg über BOS FOOD – Pimiento Piquillo El Carrascal 225 g und FrischeParadies – fruit and vegetable direct shop; dokumentiert sind eine vor dem Einkauf erneut zu prüfende Verfügbarkeit und Frischeversand sowie Standardversand.	HUMAN_EXPLICIT	HUMAN_EXPLICIT	HUMAN_EXPLICIT	HUMAN_EXPLICIT	HUMAN_EXPLICIT	HUMAN_EXPLICIT	APPROVED_FINAL		AI_REVIEW_BASE|HUMAN_CHARGE_2	f8855121af336a7c13cd799cafede5f9b9420f28	AVAILABILITY_NOVELTY_V1_20260907
PISTACHIO	Pistazien	APPLICABLE	1	EASY	EASY	Pistazien: gewöhnlicher lokaler Bezugsweg über den Bereich »Nuss-, Saaten- oder Nussmusregal«.	Pistazien: gewöhnlicher lokaler Bezugsweg über den Bereich »Pistazien«.	AI_BULK_ACCEPTED	AI_BULK_ACCEPTED	AI_BULK_ACCEPTED	AI_BULK_ACCEPTED	AI_BULK_ACCEPTED	AI_BULK_ACCEPTED	APPROVED_FINAL		AI_REVIEW_BASE	f8855121af336a7c13cd799cafede5f9b9420f28	AVAILABILITY_NOVELTY_V1_20260907
PITA	Pita	APPLICABLE	1	EASY	EASY	Pita: Abgepackte Pitataschen werden im Brot- und Backwarenbereich gewöhnlicher Bornheimer Vollsortimenter bei Fladenbroten geführt.	Pita: gewöhnlicher lokaler Bezugsweg über den Bereich »Pita«.	AI_BULK_ACCEPTED	AI_BULK_ACCEPTED	AI_BULK_ACCEPTED	AI_BULK_ACCEPTED	AI_BULK_ACCEPTED	AI_BULK_ACCEPTED	APPROVED_FINAL		AI_REVIEW_BASE	f8855121af336a7c13cd799cafede5f9b9420f28	AVAILABILITY_NOVELTY_V1_20260907
PLAICE	Scholle	APPLICABLE	1	PLANNED	PLANNED	Scholle: Deutsche See bietet eine ganze ausgenommene Scholle ohne Kopf mit Haut und Gräten als aktuell verfügbaren Artikel an.	Scholle: Deutsche See bietet eine ganze ausgenommene Scholle ohne Kopf mit Haut und Gräten als aktuell verfügbaren Artikel an.	AI_BULK_ACCEPTED	AI_BULK_ACCEPTED	AI_BULK_ACCEPTED	AI_BULK_ACCEPTED	AI_BULK_ACCEPTED	AI_BULK_ACCEPTED	APPROVED_FINAL		AI_REVIEW_BASE	f8855121af336a7c13cd799cafede5f9b9420f28	AVAILABILITY_NOVELTY_V1_20260907
PLANTAIN	Kochbanane	APPLICABLE	2	SPECIALTY	SPECIALTY	Kochbanane ist im einschlägigen Spezialmarkt breit etabliert; dokumentierte reguläre Wege sind die voneinander unabhängigen Händler FrischeParadies – fruit and vegetable direct shop sowie Spice Mart – fresh green plantain.	Kochbanane: Rostocker Bezugsweg über FrischeParadies – fruit and vegetable direct shop und Spice Mart – fresh green plantain; dokumentiert sind eine vor dem Einkauf erneut zu prüfende Verfügbarkeit und Frischeversand.	AI_BULK_ACCEPTED	AI_BULK_ACCEPTED	AI_BULK_ACCEPTED	AI_BULK_ACCEPTED	AI_BULK_ACCEPTED	AI_BULK_ACCEPTED	APPROVED_FINAL		AI_REVIEW_BASE	f8855121af336a7c13cd799cafede5f9b9420f28	AVAILABILITY_NOVELTY_V1_20260907
PLANT_DRINKS	pflanzlicher Drink	NOT_APPLICABLE_STRUCTURE	NOT_APPLICABLE	NOT_APPLICABLE	NOT_APPLICABLE			HUMAN_EXPLICIT	HUMAN_EXPLICIT	HUMAN_EXPLICIT	NOT_APPLICABLE	NOT_APPLICABLE	HUMAN_EXPLICIT	APPROVED_FINAL		AI_REVIEW_BASE|STRUCTURE_DECISION_HUMAN	f8855121af336a7c13cd799cafede5f9b9420f28	AVAILABILITY_NOVELTY_V1_20260907
PLANT_PROTEIN_PRODUCTS	pflanzliches Proteinprodukt	APPLICABLE	2	EASY	EASY	pflanzliches Proteinprodukt: gewöhnlicher lokaler Bezugsweg über den Bereich »Kühlregal für Tofu und pflanzliche Proteinprodukte«.	pflanzliches Proteinprodukt: Rostocker Bezugsweg über die Kühl- oder Bioabteilung eines gewöhnlichen großen Rostocker Supermarkts.	AI_BULK_ACCEPTED	AI_BULK_ACCEPTED	AI_BULK_ACCEPTED	AI_BULK_ACCEPTED	AI_BULK_ACCEPTED	AI_BULK_ACCEPTED	APPROVED_FINAL		AI_REVIEW_BASE	f8855121af336a7c13cd799cafede5f9b9420f28	AVAILABILITY_NOVELTY_V1_20260907
PLA_RA	Pla Ra	APPLICABLE	3	SPECIALTY	SPECIALTY	Pla Ra ist im einschlägigen Spezialmarkt breit etabliert; dokumentierte reguläre Wege sind die voneinander unabhängigen Händler Asia Foodstore – Nongporn Pla Ra fermented fish sauce sowie MyThaiFood – Mea E-Pim fermented Pla-ra sauce.	Pla Ra: Rostocker Bezugsweg über Asia Foodstore – Nongporn Pla Ra fermented fish sauce und MyThaiFood – Mea E-Pim fermented Pla-ra sauce; dokumentiert ist verfügbarer Bestand in einem laufenden Fachsortiment und Standardversand.	AI_BULK_ACCEPTED	AI_BULK_ACCEPTED	AI_BULK_ACCEPTED	AI_BULK_ACCEPTED	AI_BULK_ACCEPTED	AI_BULK_ACCEPTED	APPROVED_FINAL		AI_REVIEW_BASE	f8855121af336a7c13cd799cafede5f9b9420f28	AVAILABILITY_NOVELTY_V1_20260907
PLUM	Pflaume	APPLICABLE	2	EASY	EASY	Pflaume: gewöhnlicher lokaler Bezugsweg über den Bereich »Obst- und Gemüseabteilung«.	Pflaume: gewöhnlicher lokaler Bezugsweg über den Bereich »Pflaume«.	AI_BULK_ACCEPTED	AI_BULK_ACCEPTED	AI_BULK_ACCEPTED	AI_BULK_ACCEPTED	AI_BULK_ACCEPTED	AI_BULK_ACCEPTED	APPROVED_FINAL		AI_REVIEW_BASE	f8855121af336a7c13cd799cafede5f9b9420f28	AVAILABILITY_NOVELTY_V1_20260907
PLUM_BUTTER	Pflaumenmus	APPLICABLE	2	EASY	EASY	Pflaumenmus: gewöhnlicher lokaler Bezugsweg über den Bereich »Konserven-, Glas- oder internationales Feinkostregal«.	Pflaumenmus: gewöhnlicher lokaler Bezugsweg über den Bereich »Pflaumenmus«.	AI_BULK_ACCEPTED	AI_BULK_ACCEPTED	AI_BULK_ACCEPTED	AI_BULK_ACCEPTED	AI_BULK_ACCEPTED	AI_BULK_ACCEPTED	APPROVED_FINAL		AI_REVIEW_BASE	f8855121af336a7c13cd799cafede5f9b9420f28	AVAILABILITY_NOVELTY_V1_20260907
POBLANO	Poblano	APPLICABLE	3	DIFFICULT	DIFFICULT	Frische Poblano-Schoten sind nur über einen derzeit ausverkauften mexikanischen Nischenweg belegt; getrocknete Ancho-Chilis sind kein Ersatz.	Frische Poblano-Schoten sind nur über einen derzeit ausverkauften mexikanischen Nischenweg belegt; getrocknete Ancho-Chilis sind kein Ersatz.	HUMAN_EXPLICIT	HUMAN_EXPLICIT	HUMAN_EXPLICIT	HUMAN_EXPLICIT	HUMAN_EXPLICIT	HUMAN_EXPLICIT	APPROVED_FINAL		AI_REVIEW_BASE|HUMAN_CHARGE_2	f8855121af336a7c13cd799cafede5f9b9420f28	AVAILABILITY_NOVELTY_V1_20260907
POD_VEGETABLES	Hülsen- und Schotengemüse	APPLICABLE	1	EASY	EASY	Hülsen- und Schotengemüse: gewöhnlicher lokaler Bezugsweg über den Bereich »Obst- und Gemüseabteilung«.	Hülsen- und Schotengemüse: gewöhnlicher lokaler Bezugsweg über den Bereich »Hülsen- und Schotengemüse«.	AI_BULK_ACCEPTED	AI_BULK_ACCEPTED	AI_BULK_ACCEPTED	AI_BULK_ACCEPTED	AI_BULK_ACCEPTED	AI_BULK_ACCEPTED	APPROVED_FINAL		AI_REVIEW_BASE	f8855121af336a7c13cd799cafede5f9b9420f28	AVAILABILITY_NOVELTY_V1_20260907
POINTED_CABBAGE	Spitzkohl	APPLICABLE	1	EASY	EASY	Spitzkohl: gewöhnlicher lokaler Bezugsweg über den Bereich »Obst- und Gemüseabteilung«.	Spitzkohl: Rostocker Bezugsweg über die Gemüseabteilung eines gewöhnlichen großen Rostocker Supermarkts.	AI_BULK_ACCEPTED	AI_BULK_ACCEPTED	AI_BULK_ACCEPTED	AI_BULK_ACCEPTED	AI_BULK_ACCEPTED	AI_BULK_ACCEPTED	APPROVED_FINAL		AI_REVIEW_BASE	f8855121af336a7c13cd799cafede5f9b9420f28	AVAILABILITY_NOVELTY_V1_20260907
POLENTA	Polenta	APPLICABLE	1	EASY	EASY	Polenta: gewöhnlicher lokaler Bezugsweg über die regulären lokalen Sortimente REWE – Bio Polenta 500 g sowie dmBio – Maisgrieß Polenta 500 g.	Polenta: das Getreide-, Maisgrieß- und Trockenwarenregal gewöhnlicher großer Rostocker Supermärkte führt Maisgrieß regulär; vorgegarte Polenta kann ergänzend im Conveniencebereich liegen, Körnung und Vorbehandlung bleiben offen.	AI_BULK_ACCEPTED	AI_BULK_ACCEPTED	AI_BULK_ACCEPTED	AI_BULK_ACCEPTED	AI_BULK_ACCEPTED	AI_BULK_ACCEPTED	APPROVED_FINAL		AI_REVIEW_BASE	f8855121af336a7c13cd799cafede5f9b9420f28	AVAILABILITY_NOVELTY_V1_20260907
POLLOCK	Köhler (Seelachs)	APPLICABLE	1	PLANNED	PLANNED	Köhler (Seelachs) ist über eine gezielte Bestellung oder Sortimentsprüfung bei Deutsche See – Pollachius virens Seelachs fillets im allgemeinen deutschen Handel planbar, lokal aber kein verlässlicher Standardartikel.	Köhler (Seelachs): Rostocker Bezugsweg über Deutsche See – Pollachius virens Seelachs fillets; dokumentiert sind ein dokumentiertes laufendes Angebot und Tiefkühlversand.	AI_BULK_ACCEPTED	AI_BULK_ACCEPTED	AI_BULK_ACCEPTED	AI_BULK_ACCEPTED	AI_BULK_ACCEPTED	AI_BULK_ACCEPTED	APPROVED_FINAL		AI_REVIEW_BASE	f8855121af336a7c13cd799cafede5f9b9420f28	AVAILABILITY_NOVELTY_V1_20260907
POMEGRANATE	Granatapfel	APPLICABLE	2	EASY	EASY	Granatapfel: gewöhnlicher lokaler Bezugsweg über den Bereich »Obst- und Gemüseabteilung«.	Granatapfel: gewöhnlicher lokaler Bezugsweg über den Bereich »Granatapfel«.	AI_BULK_ACCEPTED	AI_BULK_ACCEPTED	AI_BULK_ACCEPTED	AI_BULK_ACCEPTED	AI_BULK_ACCEPTED	AI_BULK_ACCEPTED	APPROVED_FINAL		AI_REVIEW_BASE	f8855121af336a7c13cd799cafede5f9b9420f28	AVAILABILITY_NOVELTY_V1_20260907
POMEGRANATE_MOLASSES	Granatapfelmelasse	APPLICABLE	3	PLANNED	SPECIALTY	Granatapfelmelasse: Für Georgia über breiteren nahöstlichen Fachmarkt planbar; für Tobias typisches Produkt des breiten Spezialmarkts.	Granatapfelmelasse: Für Georgia über breiteren nahöstlichen Fachmarkt planbar; für Tobias typisches Produkt des breiten Spezialmarkts.	HUMAN_EXPLICIT	HUMAN_EXPLICIT	HUMAN_EXPLICIT	AI_BULK_ACCEPTED	AI_BULK_ACCEPTED	HUMAN_EXPLICIT	APPROVED_FINAL		AI_REVIEW_BASE|NOVELTY_REFERENCE_ANCHOR_HUMAN|AVAILABILITY_V2_ANCHOR_HUMAN	f8855121af336a7c13cd799cafede5f9b9420f28	AVAILABILITY_NOVELTY_V1_20260907
POMELO	Pomelo	APPLICABLE	2	PLANNED	PLANNED	Pomelo ist über eine gezielte Filial- oder Bestellprüfung für Obst im allgemeinen deutschen Handel planbar, lokal aber kein verlässlicher Standardartikel.	Pomelo: Für „Pomelo“ wird das Angebot über gut sortierte Vollsortimenter und etablierte deutsche Frucht- oder Frischehändler kontrolliert.	AI_BULK_ACCEPTED	AI_BULK_ACCEPTED	AI_BULK_ACCEPTED	AI_BULK_ACCEPTED	AI_BULK_ACCEPTED	AI_BULK_ACCEPTED	APPROVED_FINAL		AI_REVIEW_BASE	f8855121af336a7c13cd799cafede5f9b9420f28	AVAILABILITY_NOVELTY_V1_20260907
POME_FRUIT	Kernobst	APPLICABLE	1	EASY	EASY	Kernobst: gewöhnlicher lokaler Bezugsweg über den Bereich »Obst- und Gemüseabteilung«.	Kernobst: gewöhnlicher lokaler Bezugsweg über den Bereich »Kernobst«.	AI_BULK_ACCEPTED	AI_BULK_ACCEPTED	AI_BULK_ACCEPTED	AI_BULK_ACCEPTED	AI_BULK_ACCEPTED	AI_BULK_ACCEPTED	APPROVED_FINAL		AI_REVIEW_BASE	f8855121af336a7c13cd799cafede5f9b9420f28	AVAILABILITY_NOVELTY_V1_20260907
PONZU	Ponzu	APPLICABLE	2	SPECIALTY	SPECIALTY	Ponzu ist im einschlägigen Spezialmarkt breit etabliert; dokumentierte reguläre Wege sind die voneinander unabhängigen Händler Asiafoodland – Asian food direct shop sowie Deutsche See – Ponzu with Yuzu and Sudachi.	Ponzu: Rostocker Bezugsweg über Asiafoodland – Asian food direct shop und Deutsche See – Ponzu with Yuzu and Sudachi; dokumentiert ist verfügbarer Bestand in einem laufenden Fachsortiment und Standardversand.	AI_BULK_ACCEPTED	AI_BULK_ACCEPTED	AI_BULK_ACCEPTED	AI_BULK_ACCEPTED	AI_BULK_ACCEPTED	AI_BULK_ACCEPTED	APPROVED_FINAL		AI_REVIEW_BASE	f8855121af336a7c13cd799cafede5f9b9420f28	AVAILABILITY_NOVELTY_V1_20260907
POPPY_SEEDS	Mohn	APPLICABLE	1	EASY	EASY	Mohn: gewöhnlicher lokaler Bezugsweg über den Bereich »Nuss-, Saaten- oder Nussmusregal«.	Mohnsamen sind ganz, gemahlen oder als ungesüßte Mohnmasse regulär in den Backregalen großer Rostocker Supermärkte erhältlich.	AI_BULK_ACCEPTED	AI_BULK_ACCEPTED	AI_BULK_ACCEPTED	AI_BULK_ACCEPTED	AI_BULK_ACCEPTED	AI_BULK_ACCEPTED	APPROVED_FINAL		AI_REVIEW_BASE	f8855121af336a7c13cd799cafede5f9b9420f28	AVAILABILITY_NOVELTY_V1_20260907
PORCINI	Steinpilze	APPLICABLE	2	PLANNED	PLANNED	Steinpilze ist über eine geplante Fahrt zu einem großen Markt mit dem Sortiment »Obst- und Gemüseabteilung« im allgemeinen deutschen Handel planbar, lokal aber kein verlässlicher Standardartikel.	Steinpilze: Rostocker Bezugsweg über gut sortierte Vollsortimenter und etablierte deutsche Pilz- oder Frischehändler.	AI_BULK_ACCEPTED	AI_BULK_ACCEPTED	AI_BULK_ACCEPTED	AI_BULK_ACCEPTED	AI_BULK_ACCEPTED	AI_BULK_ACCEPTED	APPROVED_FINAL		AI_REVIEW_BASE	f8855121af336a7c13cd799cafede5f9b9420f28	AVAILABILITY_NOVELTY_V1_20260907
PORK	Schweinefleisch	APPLICABLE	1	EASY	EASY	Schweinefleisch: gewöhnlicher lokaler Bezugsweg über den Bereich »Fleischkühlung oder Bedientheke«.	Schweinefleisch: gewöhnlicher lokaler Bezugsweg über den Bereich »Schweinefleisch«.	AI_BULK_ACCEPTED	AI_BULK_ACCEPTED	AI_BULK_ACCEPTED	AI_BULK_ACCEPTED	AI_BULK_ACCEPTED	AI_BULK_ACCEPTED	APPROVED_FINAL		AI_REVIEW_BASE	f8855121af336a7c13cd799cafede5f9b9420f28	AVAILABILITY_NOVELTY_V1_20260907
PORK_BELLY	Schweinebauch	APPLICABLE	1	EASY	EASY	Schweinebauch: gewöhnlicher lokaler Bezugsweg über den Bereich »Fleischkühlung oder Bedientheke«.	Schweinebauch: gewöhnlicher lokaler Bezugsweg über den Bereich »Schweinebauch«.	AI_BULK_ACCEPTED	AI_BULK_ACCEPTED	AI_BULK_ACCEPTED	AI_BULK_ACCEPTED	AI_BULK_ACCEPTED	AI_BULK_ACCEPTED	APPROVED_FINAL		AI_REVIEW_BASE	f8855121af336a7c13cd799cafede5f9b9420f28	AVAILABILITY_NOVELTY_V1_20260907
PORK_CHEEK	Schweinebäckchen	APPLICABLE	2	PLANNED	PLANNED	Schweinebäckchen ist über ein vorab zu prüfendes Sortiment im Bereich »Fleischkühlung oder Bedientheke« eines großen Bornheimer Markts im allgemeinen deutschen Handel planbar, lokal aber kein verlässlicher Standardartikel.	Schweinebäckchen: Tobias sucht „Schweinebäckchen“ in Rostock über Vorbestellung an einer gut sortierten Fleischtheke oder etablierter deutscher Metzgereiversand gesucht.	AI_BULK_ACCEPTED	AI_BULK_ACCEPTED	AI_BULK_ACCEPTED	AI_BULK_ACCEPTED	AI_BULK_ACCEPTED	AI_BULK_ACCEPTED	APPROVED_FINAL		AI_REVIEW_BASE	f8855121af336a7c13cd799cafede5f9b9420f28	AVAILABILITY_NOVELTY_V1_20260907
PORK_CHOP	Schweinekotelett	APPLICABLE	1	EASY	EASY	Schweinekotelett: gewöhnlicher lokaler Bezugsweg über den Bereich »Fleischkühlung oder Bedientheke«.	Schweinekotelett: Rostocker Bezugsweg über die Fleischkühlung oder Bedientheke eines gewöhnlichen großen Rostocker Supermarkts.	AI_BULK_ACCEPTED	AI_BULK_ACCEPTED	AI_BULK_ACCEPTED	AI_BULK_ACCEPTED	AI_BULK_ACCEPTED	AI_BULK_ACCEPTED	APPROVED_FINAL		AI_REVIEW_BASE	f8855121af336a7c13cd799cafede5f9b9420f28	AVAILABILITY_NOVELTY_V1_20260907
PORK_CUTLET	Schweineschnitzel	APPLICABLE	1	EASY	EASY	Schweineschnitzel: gewöhnlicher lokaler Bezugsweg über den Bereich »Fleischkühlung oder Bedientheke«.	Schweineschnitzel: Rostocker Bezugsweg über die Fleischkühlung oder Bedientheke eines gewöhnlichen großen Rostocker Supermarkts.	AI_BULK_ACCEPTED	AI_BULK_ACCEPTED	AI_BULK_ACCEPTED	AI_BULK_ACCEPTED	AI_BULK_ACCEPTED	AI_BULK_ACCEPTED	APPROVED_FINAL		AI_REVIEW_BASE	f8855121af336a7c13cd799cafede5f9b9420f28	AVAILABILITY_NOVELTY_V1_20260907
PORK_KNUCKLE	Schweinshaxe	APPLICABLE	2	EASY	EASY	Schweinshaxe: gewöhnlicher lokaler Bezugsweg über den Bereich »Fleischkühlung oder Bedientheke«.	Schweinshaxe: gewöhnlicher lokaler Bezugsweg über den Bereich »Schweinshaxe«.	AI_BULK_ACCEPTED	AI_BULK_ACCEPTED	AI_BULK_ACCEPTED	AI_BULK_ACCEPTED	AI_BULK_ACCEPTED	AI_BULK_ACCEPTED	APPROVED_FINAL		AI_REVIEW_BASE	f8855121af336a7c13cd799cafede5f9b9420f28	AVAILABILITY_NOVELTY_V1_20260907
PORK_LIVER	Schweineleber	APPLICABLE	2	PLANNED	PLANNED	Schweineleber: Im Rheinland führt der passende Einkaufsweg über „Fleischkühlung oder Bedientheke mit bestätigter Abholoption“.	Schweineleber: Die Rostocker Warenprüfung für „Schweineleber“ erfolgt über Vorbestellung an einer gut sortierten Fleischtheke oder etablierter deutscher Metzgereiversand.	AI_BULK_ACCEPTED	AI_BULK_ACCEPTED	AI_BULK_ACCEPTED	AI_BULK_ACCEPTED	AI_BULK_ACCEPTED	AI_BULK_ACCEPTED	APPROVED_FINAL		AI_REVIEW_BASE	f8855121af336a7c13cd799cafede5f9b9420f28	AVAILABILITY_NOVELTY_V1_20260907
PORK_LOIN	Schweinerücken	APPLICABLE	1	EASY	EASY	Schweinerücken: gewöhnlicher lokaler Bezugsweg über den Bereich »Fleischkühlung oder Bedientheke«.	Schweinerücken: gewöhnlicher lokaler Bezugsweg über den Bereich »Schweinerücken«.	AI_BULK_ACCEPTED	AI_BULK_ACCEPTED	AI_BULK_ACCEPTED	AI_BULK_ACCEPTED	AI_BULK_ACCEPTED	AI_BULK_ACCEPTED	APPROVED_FINAL		AI_REVIEW_BASE	f8855121af336a7c13cd799cafede5f9b9420f28	AVAILABILITY_NOVELTY_V1_20260907
PORK_MINCE	Schweinehack	APPLICABLE	1	EASY	EASY	Schweinehack: gewöhnlicher lokaler Bezugsweg über den Bereich »Fleischkühlung oder Bedientheke«.	Schweinehack: gewöhnlicher lokaler Bezugsweg über den Bereich »Schweinehack«.	AI_BULK_ACCEPTED	AI_BULK_ACCEPTED	AI_BULK_ACCEPTED	AI_BULK_ACCEPTED	AI_BULK_ACCEPTED	AI_BULK_ACCEPTED	APPROVED_FINAL		AI_REVIEW_BASE	f8855121af336a7c13cd799cafede5f9b9420f28	AVAILABILITY_NOVELTY_V1_20260907
PORK_NECK	Schweinenacken	APPLICABLE	1	EASY	EASY	Schweinenacken: gewöhnlicher lokaler Bezugsweg über den Bereich »Fleischkühlung oder Bedientheke«.	Schweinenacken: gewöhnlicher lokaler Bezugsweg über den Bereich »Schweinenacken«.	AI_BULK_ACCEPTED	AI_BULK_ACCEPTED	AI_BULK_ACCEPTED	AI_BULK_ACCEPTED	AI_BULK_ACCEPTED	AI_BULK_ACCEPTED	APPROVED_FINAL		AI_REVIEW_BASE	f8855121af336a7c13cd799cafede5f9b9420f28	AVAILABILITY_NOVELTY_V1_20260907
PORK_RIBS	Schweinerippchen	APPLICABLE	1	EASY	EASY	Schweinerippchen: gewöhnlicher lokaler Bezugsweg über den Bereich »Fleischkühlung oder Bedientheke«.	Schweinerippchen: gewöhnlicher lokaler Bezugsweg über den Bereich »Schweinerippchen«.	AI_BULK_ACCEPTED	AI_BULK_ACCEPTED	AI_BULK_ACCEPTED	AI_BULK_ACCEPTED	AI_BULK_ACCEPTED	AI_BULK_ACCEPTED	APPROVED_FINAL		AI_REVIEW_BASE	f8855121af336a7c13cd799cafede5f9b9420f28	AVAILABILITY_NOVELTY_V1_20260907
PORK_SHOULDER	Schweineschulter	APPLICABLE	1	EASY	EASY	Schweineschulter: gewöhnlicher lokaler Bezugsweg über den Bereich »Fleischkühlung oder Bedientheke«.	Schweineschulter: gewöhnlicher lokaler Bezugsweg über den Bereich »Schweineschulter«.	AI_BULK_ACCEPTED	AI_BULK_ACCEPTED	AI_BULK_ACCEPTED	AI_BULK_ACCEPTED	AI_BULK_ACCEPTED	AI_BULK_ACCEPTED	APPROVED_FINAL		AI_REVIEW_BASE	f8855121af336a7c13cd799cafede5f9b9420f28	AVAILABILITY_NOVELTY_V1_20260907
PORK_STOCK	Schweinefond	APPLICABLE	1	PLANNED	PLANNED	Schweinefond ist über eine konkrete Vorbestellung oder Bestandsabfrage für Brühe oder Fond im allgemeinen deutschen Handel planbar, lokal aber kein verlässlicher Standardartikel.	Schweinefond: Beim Einkauf von „Schweinefond“ nutzt Tobias gut sortierte Vollsortimenter und etablierte deutsche Fonds- oder Feinkosthändler.	AI_BULK_ACCEPTED	AI_BULK_ACCEPTED	AI_BULK_ACCEPTED	AI_BULK_ACCEPTED	AI_BULK_ACCEPTED	AI_BULK_ACCEPTED	APPROVED_FINAL		AI_REVIEW_BASE	f8855121af336a7c13cd799cafede5f9b9420f28	AVAILABILITY_NOVELTY_V1_20260907
PORK_TENDERLOIN	Schweinefilet	APPLICABLE	1	EASY	EASY	Schweinefilet: gewöhnlicher lokaler Bezugsweg über den Bereich »Fleischkühlung oder Bedientheke«.	Schweinefilet: Rostocker Bezugsweg über die Fleischkühlung oder Bedientheke eines gewöhnlichen großen Rostocker Supermarkts.	AI_BULK_ACCEPTED	AI_BULK_ACCEPTED	AI_BULK_ACCEPTED	AI_BULK_ACCEPTED	AI_BULK_ACCEPTED	AI_BULK_ACCEPTED	APPROVED_FINAL		AI_REVIEW_BASE	f8855121af336a7c13cd799cafede5f9b9420f28	AVAILABILITY_NOVELTY_V1_20260907
PORK_TONGUE	Schweinezunge	APPLICABLE	3	PLANNED	PLANNED	Schweinezunge ist über eine konkrete Vorbestellung oder Bestandsabfrage für Fleisch im allgemeinen deutschen Handel planbar, lokal aber kein verlässlicher Standardartikel.	Schweinezunge: Rostocker Bezugsweg über Vorbestellung an einer gut sortierten Fleischtheke oder etablierter deutscher Metzgereiversand.	AI_BULK_ACCEPTED	AI_BULK_ACCEPTED	AI_BULK_ACCEPTED	AI_BULK_ACCEPTED	AI_BULK_ACCEPTED	AI_BULK_ACCEPTED	APPROVED_FINAL		AI_REVIEW_BASE	f8855121af336a7c13cd799cafede5f9b9420f28	AVAILABILITY_NOVELTY_V1_20260907
PORT_WINE	Portwein	APPLICABLE	3	PLANNED	PLANNED	Portwein: Weinquelles eigene Portwein-Kategorie zeigt ein breites markenübergreifendes Sortiment mit zahlreichen lagernden portugiesischen Likörweinen; Versand nach Bornheim dauert üblicherweise 1–3 Werktage und muss eingeplant werden.	Portwein: Rostocker Bezugsweg über große Getränkefachmärkte und etablierte deutsche Spirituosen- oder Weinversender.	AI_BULK_ACCEPTED	AI_BULK_ACCEPTED	AI_BULK_ACCEPTED	AI_BULK_ACCEPTED	AI_BULK_ACCEPTED	AI_BULK_ACCEPTED	APPROVED_FINAL		AI_REVIEW_BASE	f8855121af336a7c13cd799cafede5f9b9420f28	AVAILABILITY_NOVELTY_V1_20260907
POTATO	Kartoffel	APPLICABLE	1	EASY	EASY	Kartoffel: Gewöhnlicher lokaler Supermarkt- und Discounterstandard mit alltäglichen Ausweichquellen.	Kartoffel: Gewöhnlicher lokaler Supermarkt- und Discounterstandard mit alltäglichen Ausweichquellen.	HUMAN_EXPLICIT	HUMAN_EXPLICIT	HUMAN_EXPLICIT	AI_BULK_ACCEPTED	AI_BULK_ACCEPTED	HUMAN_EXPLICIT	APPROVED_FINAL		AI_REVIEW_BASE|NOVELTY_REFERENCE_ANCHOR_HUMAN|AVAILABILITY_V2_ANCHOR_HUMAN	f8855121af336a7c13cd799cafede5f9b9420f28	AVAILABILITY_NOVELTY_V1_20260907
POTATO_DUMPLING	Kartoffelknödel	APPLICABLE	1	EASY	EASY	Kartoffelknödel: gewöhnlicher lokaler Bezugsweg über den Bereich »Kühl-, Trockenwaren- oder Fertigbeilagenregal«.	Kartoffelknödel: gewöhnlicher lokaler Bezugsweg über den Bereich »Kartoffelknödel«.	AI_BULK_ACCEPTED	AI_BULK_ACCEPTED	AI_BULK_ACCEPTED	AI_BULK_ACCEPTED	AI_BULK_ACCEPTED	AI_BULK_ACCEPTED	APPROVED_FINAL		AI_REVIEW_BASE	f8855121af336a7c13cd799cafede5f9b9420f28	AVAILABILITY_NOVELTY_V1_20260907
POTATO_STARCH	Kartoffelstärke	APPLICABLE	1	EASY	EASY	Kartoffelstärke: gewöhnlicher lokaler Bezugsweg über den Bereich »Reis-, Mehl-, Nudel- oder Trockenwarenregal«.	Kartoffelstärke: gewöhnlicher lokaler Bezugsweg über den Bereich »Kartoffelstärke«.	AI_BULK_ACCEPTED	AI_BULK_ACCEPTED	AI_BULK_ACCEPTED	AI_BULK_ACCEPTED	AI_BULK_ACCEPTED	AI_BULK_ACCEPTED	APPROVED_FINAL		AI_REVIEW_BASE	f8855121af336a7c13cd799cafede5f9b9420f28	AVAILABILITY_NOVELTY_V1_20260907
POULTRY	Geflügel	APPLICABLE	1	EASY	EASY	Geflügel: gewöhnlicher lokaler Bezugsweg über den Bereich »Fleischkühlung oder Bedientheke«.	Geflügel: Rostocker Bezugsweg über die Fleischkühlung oder Bedientheke eines gewöhnlichen großen Rostocker Supermarkts.	AI_BULK_ACCEPTED	AI_BULK_ACCEPTED	AI_BULK_ACCEPTED	AI_BULK_ACCEPTED	AI_BULK_ACCEPTED	AI_BULK_ACCEPTED	APPROVED_FINAL		AI_REVIEW_BASE	f8855121af336a7c13cd799cafede5f9b9420f28	AVAILABILITY_NOVELTY_V1_20260907
PRESERVED_FISH	konservierter Fisch	APPLICABLE	2	EASY	EASY	konservierter Fisch: gewöhnlicher lokaler Bezugsweg über den Bereich »Fischkonserven- oder internationales Trockenwarenregal«.	konservierter Fisch: gewöhnlicher lokaler Bezugsweg über den Bereich »konservierter Fisch«.	AI_BULK_ACCEPTED	AI_BULK_ACCEPTED	AI_BULK_ACCEPTED	AI_BULK_ACCEPTED	AI_BULK_ACCEPTED	AI_BULK_ACCEPTED	APPROVED_FINAL		AI_REVIEW_BASE	f8855121af336a7c13cd799cafede5f9b9420f28	AVAILABILITY_NOVELTY_V1_20260907
PRESERVED_LEMON	Salzzitrone	APPLICABLE	3	SPECIALTY	SPECIALTY	Ganze Salzzitronen im Glas sind bei unabhängig breit sortierten Feinkosthändlern über verschiedene Marken und gewöhnlichen Paketversand etabliert.	Ganze Salzzitronen im Glas sind bei unabhängig breit sortierten Feinkosthändlern über verschiedene Marken und gewöhnlichen Paketversand etabliert.	HUMAN_EXPLICIT	HUMAN_EXPLICIT	HUMAN_EXPLICIT	HUMAN_EXPLICIT	HUMAN_EXPLICIT	HUMAN_EXPLICIT	APPROVED_FINAL		AI_REVIEW_BASE|HUMAN_CHARGE_2	f8855121af336a7c13cd799cafede5f9b9420f28	AVAILABILITY_NOVELTY_V1_20260907
PRESERVED_PRODUCE	konservierte pflanzliche Zutat	APPLICABLE	2	EASY	EASY	konservierte pflanzliche Zutat: gewöhnlicher lokaler Bezugsweg über den Bereich »Konserven-, Glas- oder internationales Feinkostregal«.	konservierte pflanzliche Zutat: gewöhnlicher lokaler Bezugsweg über den Bereich »konservierte pflanzliche Zutat«.	AI_BULK_ACCEPTED	AI_BULK_ACCEPTED	AI_BULK_ACCEPTED	AI_BULK_ACCEPTED	AI_BULK_ACCEPTED	AI_BULK_ACCEPTED	APPROVED_FINAL		AI_REVIEW_BASE	f8855121af336a7c13cd799cafede5f9b9420f28	AVAILABILITY_NOVELTY_V1_20260907
PRETZEL	Laugenbrezel	APPLICABLE	2	EASY	EASY	Laugenbrezel: Gebackene einzelne Brezeln kommen in Bornheim aus Backstation oder Bäckereitheke eines gewöhnlichen Vollsortimenters.	Laugenbrezel: Rostocker Bezugsweg über das Back-, Süßwaren- oder Brotregal eines gewöhnlichen großen Rostocker Supermarkts.	AI_BULK_ACCEPTED	AI_BULK_ACCEPTED	AI_BULK_ACCEPTED	AI_BULK_ACCEPTED	AI_BULK_ACCEPTED	AI_BULK_ACCEPTED	APPROVED_FINAL		AI_REVIEW_BASE	f8855121af336a7c13cd799cafede5f9b9420f28	AVAILABILITY_NOVELTY_V1_20260907
PROSCIUTTO	Prosciutto	APPLICABLE	1	EASY	EASY	Prosciutto: gewöhnlicher lokaler Bezugsweg über den Bereich »Wurstkühlung oder Bedientheke«.	Prosciutto: gewöhnlicher lokaler Bezugsweg über den Bereich »Prosciutto«.	AI_BULK_ACCEPTED	AI_BULK_ACCEPTED	AI_BULK_ACCEPTED	AI_BULK_ACCEPTED	AI_BULK_ACCEPTED	AI_BULK_ACCEPTED	APPROVED_FINAL		AI_REVIEW_BASE	f8855121af336a7c13cd799cafede5f9b9420f28	AVAILABILITY_NOVELTY_V1_20260907
PRUNE	Trockenpflaumen	APPLICABLE	2	EASY	EASY	Trockenpflaumen: gewöhnlicher lokaler Bezugsweg über den Bereich »Trockenfrucht- und Backzutatenregal«.	Trockenpflaumen: gewöhnlicher lokaler Bezugsweg über den Bereich »Trockenpflaumen«.	AI_BULK_ACCEPTED	AI_BULK_ACCEPTED	AI_BULK_ACCEPTED	AI_BULK_ACCEPTED	AI_BULK_ACCEPTED	AI_BULK_ACCEPTED	APPROVED_FINAL		AI_REVIEW_BASE	f8855121af336a7c13cd799cafede5f9b9420f28	AVAILABILITY_NOVELTY_V1_20260907
PUL_BIBER	Pul Biber	APPLICABLE	2	PLANNED	SPECIALTY	Pul Biber: Georgias erreichbares türkisches Fachsortiment kann einen robusten geplanten Weg tragen; Tobias bleibt auf breiten Spezialhandel angewiesen.	Pul Biber: Georgias erreichbares türkisches Fachsortiment kann einen robusten geplanten Weg tragen; Tobias bleibt auf breiten Spezialhandel angewiesen.	AI_BULK_ACCEPTED	HUMAN_EXPLICIT	HUMAN_EXPLICIT	AI_BULK_ACCEPTED	AI_BULK_ACCEPTED	MIXED	APPROVED_FINAL		AI_REVIEW_BASE|AVAILABILITY_V2_ANCHOR_HUMAN	f8855121af336a7c13cd799cafede5f9b9420f28	AVAILABILITY_NOVELTY_V1_20260907
PUMPERNICKEL	Pumpernickel	APPLICABLE	2	EASY	EASY	Pumpernickel: Haltbares Pumpernickel steht als abgepacktes Vollkornbrot im Brotregal gewöhnlicher Bornheimer Vollsortimenter.	Pumpernickel: Rostocker Bezugsweg über das Back-, Süßwaren- oder Brotregal eines gewöhnlichen großen Rostocker Supermarkts.	AI_BULK_ACCEPTED	AI_BULK_ACCEPTED	AI_BULK_ACCEPTED	AI_BULK_ACCEPTED	AI_BULK_ACCEPTED	AI_BULK_ACCEPTED	APPROVED_FINAL		AI_REVIEW_BASE	f8855121af336a7c13cd799cafede5f9b9420f28	AVAILABILITY_NOVELTY_V1_20260907
PUMPKIN	Kürbis	APPLICABLE	1	EASY	EASY	Kürbis: gewöhnlicher lokaler Bezugsweg über den Bereich »Obst- und Gemüseabteilung«.	Kürbis: gewöhnlicher lokaler Bezugsweg über den Bereich »Kürbis«.	AI_BULK_ACCEPTED	AI_BULK_ACCEPTED	AI_BULK_ACCEPTED	AI_BULK_ACCEPTED	AI_BULK_ACCEPTED	AI_BULK_ACCEPTED	APPROVED_FINAL		AI_REVIEW_BASE	f8855121af336a7c13cd799cafede5f9b9420f28	AVAILABILITY_NOVELTY_V1_20260907
PUMPKIN_SEEDS	Kürbiskerne	APPLICABLE	1	EASY	EASY	Kürbiskerne: gewöhnlicher lokaler Bezugsweg über den Bereich »Nuss-, Saaten- oder Nussmusregal«.	Kürbiskerne: gewöhnlicher lokaler Bezugsweg über den Bereich »Kürbiskerne«.	AI_BULK_ACCEPTED	AI_BULK_ACCEPTED	AI_BULK_ACCEPTED	AI_BULK_ACCEPTED	AI_BULK_ACCEPTED	AI_BULK_ACCEPTED	APPROVED_FINAL		AI_REVIEW_BASE	f8855121af336a7c13cd799cafede5f9b9420f28	AVAILABILITY_NOVELTY_V1_20260907
PURSLANE	Portulak	APPLICABLE	3	DIFFICULT	DIFFICULT	Portulak: Die exakte Sommerportulak-Seite von Biobote ist ausverkauft; eine zweite Gemüsekistenroute ist regional, saisonal und als Portulak/Postelein formunscharf. Für Georgia in Bornheim fehlt ein breiter positiver Frischeweg.	Portulak: Für Tobias in Rostock ist die konkrete Sommerportulak-Seite ohne Bestand; daneben bleibt nur ein regionales, saisonales Portulak/Postelein-Angebot ohne belastbaren Rostock-Weg. Frischeform und Liefergebiet verengen die Route.	HUMAN_EXPLICIT	AI_BULK_ACCEPTED	AI_BULK_ACCEPTED	AI_BULK_ACCEPTED	AI_BULK_ACCEPTED	MIXED	APPROVED_FINAL		AI_REVIEW_BASE|HUMAN_CHARGE_1	f8855121af336a7c13cd799cafede5f9b9420f28	AVAILABILITY_NOVELTY_V1_20260907
QUAIL	Wachtel	APPLICABLE	3	SPECIALTY	SPECIALTY	Wachtelfleisch ist über mehrere spezialisierte Geflügel-/Fleischversender und Direktvermarkter beziehungsweise Wachtelzüchter erhältlich, gehört aber nicht zum breiten allgemeinen Fleischhandel.	Wachtelfleisch ist über mehrere spezialisierte Geflügel-/Fleischversender und Direktvermarkter beziehungsweise Wachtelzüchter erhältlich, gehört aber nicht zum breiten allgemeinen Fleischhandel.	HUMAN_EXPLICIT	HUMAN_EXPLICIT	HUMAN_EXPLICIT	HUMAN_EXPLICIT	HUMAN_EXPLICIT	HUMAN_EXPLICIT	APPROVED_FINAL		AI_REVIEW_BASE|HUMAN_CHARGE_2	f8855121af336a7c13cd799cafede5f9b9420f28	AVAILABILITY_NOVELTY_V1_20260907
QUAIL_EGG	Wachtelei	APPLICABLE	3	PLANNED	PLANNED	Wachtelei: REWE führt Feine Welt Wachteleier aus Auslaufhaltung als gekühlte Zwölferpackung mit Durchgarhinweis; die konkrete allgemeine Kettenroute lässt sich für Georgia im Raum Bornheim vorab auf Bestand prüfen.	Wachtelei: REWE listet Feine Welt Wachteleier aus Auslaufhaltung als gekühlte Zwölferpackung mit Durchgarhinweis; Tobias kann die konkrete Rostocker Filialverfügbarkeit vorab abfragen.	HUMAN_EXPLICIT	HUMAN_EXPLICIT	HUMAN_EXPLICIT	HUMAN_EXPLICIT	HUMAN_EXPLICIT	HUMAN_EXPLICIT	APPROVED_FINAL		AI_REVIEW_BASE|HUMAN_CHARGE_2	f8855121af336a7c13cd799cafede5f9b9420f28	AVAILABILITY_NOVELTY_V1_20260907
QUARK	Quark	APPLICABLE	1	EASY	EASY	Quark: gewöhnlicher lokaler Bezugsweg über den Bereich »Molkereikühlregal«.	Quark: gewöhnlicher lokaler Bezugsweg über den Bereich »Quark«.	AI_BULK_ACCEPTED	AI_BULK_ACCEPTED	AI_BULK_ACCEPTED	AI_BULK_ACCEPTED	AI_BULK_ACCEPTED	AI_BULK_ACCEPTED	APPROVED_FINAL		AI_REVIEW_BASE	f8855121af336a7c13cd799cafede5f9b9420f28	AVAILABILITY_NOVELTY_V1_20260907
QUINCE	Quitte	APPLICABLE	2	PLANNED	PLANNED	Quitte ist über eine konkrete Vorbestellung oder Bestandsabfrage für Obst im allgemeinen deutschen Handel planbar, lokal aber kein verlässlicher Standardartikel.	Quitte: Bauer Lümmel weist frische Birnenquitten auf Lager aus und nennt bundesweiten GO-Overnight-Frischeversand während der Herbstsaison. der Artikel kann je nach Rostocker Markt fehlen.	AI_BULK_ACCEPTED	AI_BULK_ACCEPTED	AI_BULK_ACCEPTED	AI_BULK_ACCEPTED	AI_BULK_ACCEPTED	AI_BULK_ACCEPTED	APPROVED_FINAL		AI_REVIEW_BASE	f8855121af336a7c13cd799cafede5f9b9420f28	AVAILABILITY_NOVELTY_V1_20260907
QUINOA	Quinoa	APPLICABLE	1	EASY	EASY	Quinoa: gewöhnlicher lokaler Bezugsweg über den Bereich »Reis-, Mehl-, Nudel- oder Trockenwarenregal«.	Quinoa: Rostocker Bezugsweg über das Getreide-, Mehl-, Reis- oder Teigwarenregal eines gewöhnlichen großen Rostocker Supermarkts.	AI_BULK_ACCEPTED	AI_BULK_ACCEPTED	AI_BULK_ACCEPTED	AI_BULK_ACCEPTED	AI_BULK_ACCEPTED	AI_BULK_ACCEPTED	APPROVED_FINAL		AI_REVIEW_BASE	f8855121af336a7c13cd799cafede5f9b9420f28	AVAILABILITY_NOVELTY_V1_20260907
RABBIT	Kaninchen	APPLICABLE	2	PLANNED	PLANNED	Kaninchen ist über eine gezielte Bestellung oder Sortimentsprüfung bei MeinMetzger – ganzes Kaninchen im allgemeinen deutschen Handel planbar, lokal aber kein verlässlicher Standardartikel.	Kaninchen: Rostocker Bezugsweg über MeinMetzger – ganzes Kaninchen; dokumentiert sind beim Abruf verfügbaren Bestand und Kühlversand.	AI_BULK_ACCEPTED	AI_BULK_ACCEPTED	AI_BULK_ACCEPTED	AI_BULK_ACCEPTED	AI_BULK_ACCEPTED	AI_BULK_ACCEPTED	APPROVED_FINAL		AI_REVIEW_BASE	f8855121af336a7c13cd799cafede5f9b9420f28	AVAILABILITY_NOVELTY_V1_20260907
RADICCHIO	Radicchio	APPLICABLE	2	EASY	EASY	Radicchio: gewöhnlicher lokaler Bezugsweg über den Bereich »Obst- und Gemüseabteilung«.	Radicchio: gewöhnlicher lokaler Bezugsweg über den Bereich »Radicchio«.	AI_BULK_ACCEPTED	AI_BULK_ACCEPTED	AI_BULK_ACCEPTED	AI_BULK_ACCEPTED	AI_BULK_ACCEPTED	AI_BULK_ACCEPTED	APPROVED_FINAL		AI_REVIEW_BASE	f8855121af336a7c13cd799cafede5f9b9420f28	AVAILABILITY_NOVELTY_V1_20260907
RADISH	Rettich	APPLICABLE	1	EASY	EASY	Rettich: gewöhnlicher lokaler Bezugsweg über den Bereich »Obst- und Gemüseabteilung«.	Rettich: gewöhnlicher lokaler Bezugsweg über den Bereich »Rettich«.	AI_BULK_ACCEPTED	AI_BULK_ACCEPTED	AI_BULK_ACCEPTED	AI_BULK_ACCEPTED	AI_BULK_ACCEPTED	AI_BULK_ACCEPTED	APPROVED_FINAL		AI_REVIEW_BASE	f8855121af336a7c13cd799cafede5f9b9420f28	AVAILABILITY_NOVELTY_V1_20260907
RAISIN	Rosinen	APPLICABLE	1	EASY	EASY	Rosinen: gewöhnlicher lokaler Bezugsweg über den Bereich »Trockenfrucht- und Backzutatenregal«.	Rosinen: gewöhnlicher lokaler Bezugsweg über den Bereich »Rosinen«.	AI_BULK_ACCEPTED	AI_BULK_ACCEPTED	AI_BULK_ACCEPTED	AI_BULK_ACCEPTED	AI_BULK_ACCEPTED	AI_BULK_ACCEPTED	APPROVED_FINAL		AI_REVIEW_BASE	f8855121af336a7c13cd799cafede5f9b9420f28	AVAILABILITY_NOVELTY_V1_20260907
RAKFISK	Rakfisk	APPLICABLE	4	UNAVAILABLE	UNAVAILABLE	Rakfisk: Kein realistischer wiederholbarer deutscher/EU-Weg innerhalb des normalen Vorlaufs; gekühlte Herkunftslandware reicht nicht.	Rakfisk: Kein realistischer wiederholbarer deutscher/EU-Weg innerhalb des normalen Vorlaufs; gekühlte Herkunftslandware reicht nicht.	AI_BULK_ACCEPTED	HUMAN_EXPLICIT	HUMAN_EXPLICIT	AI_BULK_ACCEPTED	AI_BULK_ACCEPTED	MIXED	APPROVED_FINAL		AI_REVIEW_BASE|AVAILABILITY_V2_ANCHOR_HUMAN	f8855121af336a7c13cd799cafede5f9b9420f28	AVAILABILITY_NOVELTY_V1_20260907
RAMEN_NOODLES	Ramennudeln	APPLICABLE	2	EASY	EASY	Ramennudeln: gewöhnlicher lokaler Bezugsweg über den Bereich »Reis-, Mehl-, Nudel- oder Trockenwarenregal«.	Ramennudeln: Rostocker Bezugsweg über das Getreide-, Mehl-, Reis- oder Teigwarenregal eines gewöhnlichen großen Rostocker Supermarkts.	AI_BULK_ACCEPTED	AI_BULK_ACCEPTED	AI_BULK_ACCEPTED	AI_BULK_ACCEPTED	AI_BULK_ACCEPTED	AI_BULK_ACCEPTED	APPROVED_FINAL		AI_REVIEW_BASE	f8855121af336a7c13cd799cafede5f9b9420f28	AVAILABILITY_NOVELTY_V1_20260907
RASPBERRY	Himbeere	APPLICABLE	2	EASY	EASY	Himbeere: gewöhnlicher lokaler Bezugsweg über den Bereich »Obst- und Gemüseabteilung«.	Himbeere: gewöhnlicher lokaler Bezugsweg über den Bereich »Himbeere«.	AI_BULK_ACCEPTED	AI_BULK_ACCEPTED	AI_BULK_ACCEPTED	AI_BULK_ACCEPTED	AI_BULK_ACCEPTED	AI_BULK_ACCEPTED	APPROVED_FINAL		AI_REVIEW_BASE	f8855121af336a7c13cd799cafede5f9b9420f28	AVAILABILITY_NOVELTY_V1_20260907
RAS_EL_HANOUT	Ras el-Hanout	APPLICABLE	2	SPECIALTY	SPECIALTY	Ras el-Hanout ist im einschlägigen Spezialmarkt breit etabliert; dokumentierte reguläre Wege sind die voneinander unabhängigen Händler Mitte Meer – Mediterranean direct shop sowie Miori – Ras el Hanout blend.	Ras el-Hanout: Rostocker Bezugsweg über Miori – Ras el Hanout blend und Mitte Meer – Mediterranean direct shop; dokumentiert ist verfügbarer Bestand in einem laufenden Fachsortiment und Standardversand.	AI_BULK_ACCEPTED	AI_BULK_ACCEPTED	AI_BULK_ACCEPTED	AI_BULK_ACCEPTED	AI_BULK_ACCEPTED	AI_BULK_ACCEPTED	APPROVED_FINAL		AI_REVIEW_BASE	f8855121af336a7c13cd799cafede5f9b9420f28	AVAILABILITY_NOVELTY_V1_20260907
RAZOR_CLAMS	Schwertmuscheln	APPLICABLE	3	DIFFICULT	DIFFICULT	Schwertmuscheln sind nur über einen derzeit ausverkauften TK-Nischenweg belegt; Bestand und Tiefkühllogistik verhindern einen robusten Bezug.	Schwertmuscheln sind nur über einen derzeit ausverkauften TK-Nischenweg belegt; Bestand und Tiefkühllogistik verhindern einen robusten Bezug.	HUMAN_EXPLICIT	AI_BULK_ACCEPTED	AI_BULK_ACCEPTED	AI_BULK_ACCEPTED	AI_BULK_ACCEPTED	MIXED	APPROVED_FINAL		AI_REVIEW_BASE|HUMAN_CHARGE_1	f8855121af336a7c13cd799cafede5f9b9420f28	AVAILABILITY_NOVELTY_V1_20260907
READY_CURRY_PASTE	fertige Currypaste	APPLICABLE	2	EASY	EASY	Fertige Currypaste ist als offene Familie mit regulär im gewöhnlichen Supermarkt erhältlichen zulässigen Konkretisierungen wie roter und grüner Thai-Currypaste spontan erfüllbar; eine besondere Fahrt oder Onlinebestellung ist nicht nötig.	Fertige Currypaste ist als offene Familie mit regulär im gewöhnlichen Supermarkt erhältlichen zulässigen Konkretisierungen wie roter und grüner Thai-Currypaste spontan erfüllbar; eine besondere Fahrt oder Onlinebestellung ist nicht nötig.	HUMAN_EXPLICIT	HUMAN_EXPLICIT	HUMAN_EXPLICIT	HUMAN_EXPLICIT	HUMAN_EXPLICIT	HUMAN_EXPLICIT	APPROVED_FINAL		AI_REVIEW_BASE|APPLICABILITY_CONFIRMED_HUMAN|HUMAN_CHARGE_6	f8855121af336a7c13cd799cafede5f9b9420f28	AVAILABILITY_NOVELTY_V1_20260907
READY_SAUCES_AND_PASTES	fertige Sauce oder Würzpaste	NOT_APPLICABLE_STRUCTURE	NOT_APPLICABLE	NOT_APPLICABLE	NOT_APPLICABLE			HUMAN_EXPLICIT	HUMAN_EXPLICIT	HUMAN_EXPLICIT	NOT_APPLICABLE	NOT_APPLICABLE	HUMAN_EXPLICIT	APPROVED_FINAL		AI_REVIEW_BASE|STRUCTURE_DECISION_HUMAN|AVAILABILITY_V2_ANCHOR_HUMAN	f8855121af336a7c13cd799cafede5f9b9420f28	AVAILABILITY_NOVELTY_V1_20260907
REDFISH	Rotbarsch	APPLICABLE	1	PLANNED	PLANNED	Rotbarsch: Die Produktseite führt hautlose, portionierte und vakuumierte Rotbarschfilets als verfügbaren Tiefkühlartikel.	Rotbarsch: Die Produktseite führt hautlose, portionierte und vakuumierte Rotbarschfilets als verfügbaren Tiefkühlartikel.	AI_BULK_ACCEPTED	AI_BULK_ACCEPTED	AI_BULK_ACCEPTED	AI_BULK_ACCEPTED	AI_BULK_ACCEPTED	AI_BULK_ACCEPTED	APPROVED_FINAL		AI_REVIEW_BASE	f8855121af336a7c13cd799cafede5f9b9420f28	AVAILABILITY_NOVELTY_V1_20260907
RED_BELL_PEPPER	rote Paprika	APPLICABLE	1	EASY	EASY	rote Paprika: gewöhnlicher lokaler Bezugsweg über den Bereich »Obst- und Gemüseabteilung«.	rote Paprika: gewöhnlicher lokaler Bezugsweg über den Bereich »rote Paprika«.	AI_BULK_ACCEPTED	AI_BULK_ACCEPTED	AI_BULK_ACCEPTED	AI_BULK_ACCEPTED	AI_BULK_ACCEPTED	AI_BULK_ACCEPTED	APPROVED_FINAL		AI_REVIEW_BASE	f8855121af336a7c13cd799cafede5f9b9420f28	AVAILABILITY_NOVELTY_V1_20260907
RED_CABBAGE	Rotkohl	APPLICABLE	1	EASY	EASY	Rotkohl: gewöhnlicher lokaler Bezugsweg über den Bereich »Obst- und Gemüseabteilung«.	Rotkohl: gewöhnlicher lokaler Bezugsweg über den Bereich »Rotkohl«.	AI_BULK_ACCEPTED	AI_BULK_ACCEPTED	AI_BULK_ACCEPTED	AI_BULK_ACCEPTED	AI_BULK_ACCEPTED	AI_BULK_ACCEPTED	APPROVED_FINAL		AI_REVIEW_BASE	f8855121af336a7c13cd799cafede5f9b9420f28	AVAILABILITY_NOVELTY_V1_20260907
RED_CURRANT	rote Johannisbeere	APPLICABLE	2	PLANNED	PLANNED	rote Johannisbeere: Die Beschaffung erfolgt formgenau über „Obst- und Gemüseabteilung über eine vorab geprüfte Händlerroute“.	rote Johannisbeere: Der konkrete Bezug von „rote Johannisbeere“ läuft über gut sortierte Vollsortimenter und etablierte deutsche Frucht- oder Frischehändler.	AI_BULK_ACCEPTED	AI_BULK_ACCEPTED	AI_BULK_ACCEPTED	AI_BULK_ACCEPTED	AI_BULK_ACCEPTED	AI_BULK_ACCEPTED	APPROVED_FINAL		AI_REVIEW_BASE	f8855121af336a7c13cd799cafede5f9b9420f28	AVAILABILITY_NOVELTY_V1_20260907
RED_LENTILS	rote Linsen	APPLICABLE	1	EASY	EASY	rote Linsen: gewöhnlicher lokaler Bezugsweg über den Bereich »Hülsenfrucht-, Konserven- oder Trockenwarenregal«.	rote Linsen: gewöhnlicher lokaler Bezugsweg über den Bereich »rote Linsen«.	AI_BULK_ACCEPTED	AI_BULK_ACCEPTED	AI_BULK_ACCEPTED	AI_BULK_ACCEPTED	AI_BULK_ACCEPTED	AI_BULK_ACCEPTED	APPROVED_FINAL		AI_REVIEW_BASE	f8855121af336a7c13cd799cafede5f9b9420f28	AVAILABILITY_NOVELTY_V1_20260907
RED_ONION	rote Zwiebel	APPLICABLE	1	EASY	EASY	rote Zwiebel: gewöhnlicher lokaler Bezugsweg über den Bereich »Obst- und Gemüseabteilung«.	rote Zwiebel: Rostocker Bezugsweg über die Gemüseabteilung eines gewöhnlichen großen Rostocker Supermarkts.	AI_BULK_ACCEPTED	AI_BULK_ACCEPTED	AI_BULK_ACCEPTED	AI_BULK_ACCEPTED	AI_BULK_ACCEPTED	AI_BULK_ACCEPTED	APPROVED_FINAL		AI_REVIEW_BASE	f8855121af336a7c13cd799cafede5f9b9420f28	AVAILABILITY_NOVELTY_V1_20260907
RED_WINE	Rotwein	APPLICABLE	2	EASY	EASY	Rotwein: gewöhnlicher lokaler Bezugsweg über den Bereich »Getränke-, Wein- oder Spirituosenregal«.	Rotwein: gewöhnlicher lokaler Bezugsweg über den Bereich »Rotwein«.	AI_BULK_ACCEPTED	AI_BULK_ACCEPTED	AI_BULK_ACCEPTED	AI_BULK_ACCEPTED	AI_BULK_ACCEPTED	AI_BULK_ACCEPTED	APPROVED_FINAL		AI_REVIEW_BASE	f8855121af336a7c13cd799cafede5f9b9420f28	AVAILABILITY_NOVELTY_V1_20260907
RED_WINE_VINEGAR	Rotweinessig	APPLICABLE	1	EASY	EASY	Rotweinessig: gewöhnlicher lokaler Bezugsweg über den Bereich »Essig- und Ölregal«.	Rotweinessig: gewöhnlicher lokaler Bezugsweg über den Bereich »Rotweinessig«.	AI_BULK_ACCEPTED	AI_BULK_ACCEPTED	AI_BULK_ACCEPTED	AI_BULK_ACCEPTED	AI_BULK_ACCEPTED	AI_BULK_ACCEPTED	APPROVED_FINAL		AI_REVIEW_BASE	f8855121af336a7c13cd799cafede5f9b9420f28	AVAILABILITY_NOVELTY_V1_20260907
REINDEER	Rentierfleisch	APPLICABLE	3	DIFFICULT	DIFFICULT	Rentierfleisch: Nur der schmale Händlerweg über Swedish Wild – reindeer meat range ist positiv belegt; Tiefkühlversand begrenzt Form, Bestand oder Logistik.	Rentierfleisch: Rostocker Bezugsweg über Swedish Wild – reindeer meat range; dokumentiert sind eine vor dem Einkauf erneut zu prüfende Verfügbarkeit und Tiefkühlversand.	AI_BULK_ACCEPTED	AI_BULK_ACCEPTED	AI_BULK_ACCEPTED	AI_BULK_ACCEPTED	AI_BULK_ACCEPTED	AI_BULK_ACCEPTED	APPROVED_FINAL		AI_REVIEW_BASE	f8855121af336a7c13cd799cafede5f9b9420f28	AVAILABILITY_NOVELTY_V1_20260907
REMOULADE	Remoulade	APPLICABLE	1	EASY	EASY	Remoulade: gewöhnlicher lokaler Bezugsweg über den Bereich »Saucen-, Würzpasten- und Feinkostregal«.	Remoulade: Rostocker Bezugsweg über das Saucen-, Essig- oder Feinkostregal eines gewöhnlichen großen Rostocker Supermarkts.	AI_BULK_ACCEPTED	AI_BULK_ACCEPTED	AI_BULK_ACCEPTED	AI_BULK_ACCEPTED	AI_BULK_ACCEPTED	AI_BULK_ACCEPTED	APPROVED_FINAL		AI_REVIEW_BASE	f8855121af336a7c13cd799cafede5f9b9420f28	AVAILABILITY_NOVELTY_V1_20260907
RENDANG_PASTE	Rendang-Paste	APPLICABLE	3	SPECIALTY	SPECIALTY	Rendang-Paste ist im einschlägigen Spezialmarkt breit etabliert; dokumentierte reguläre Wege sind die voneinander unabhängigen Händler Asiashoponline – Munik Rendang paste 39 g sowie My-Asia-Shop – Asian Home Gourmet Rendang paste.	Rendang-Paste: Rostocker Bezugsweg über Asiashoponline – Munik Rendang paste 39 g und My-Asia-Shop – Asian Home Gourmet Rendang paste; dokumentiert ist verfügbarer Bestand in einem laufenden Fachsortiment und Standardversand.	AI_BULK_ACCEPTED	AI_BULK_ACCEPTED	AI_BULK_ACCEPTED	AI_BULK_ACCEPTED	AI_BULK_ACCEPTED	AI_BULK_ACCEPTED	APPROVED_FINAL		AI_REVIEW_BASE	f8855121af336a7c13cd799cafede5f9b9420f28	AVAILABILITY_NOVELTY_V1_20260907
RHUBARB	Rhabarber	APPLICABLE	2	PLANNED	PLANNED	Rhabarber ist über ein vorab zu prüfendes Sortiment im Bereich »Obst- und Gemüseabteilung« eines großen Bornheimer Markts im allgemeinen deutschen Handel planbar, lokal aber kein verlässlicher Standardartikel.	Rhabarber: Die Beschaffung von „Rhabarber“ erfolgt in Rostock über gut sortierte Vollsortimenter und etablierte deutsche Gemüse- oder Frischehändler.	AI_BULK_ACCEPTED	AI_BULK_ACCEPTED	AI_BULK_ACCEPTED	AI_BULK_ACCEPTED	AI_BULK_ACCEPTED	AI_BULK_ACCEPTED	APPROVED_FINAL		AI_REVIEW_BASE	f8855121af336a7c13cd799cafede5f9b9420f28	AVAILABILITY_NOVELTY_V1_20260907
RICE	Reis	APPLICABLE	1	EASY	EASY	Reis: Der offene Begriff lässt sich in jedem gewöhnlichen Supermarkt zuverlässig erfüllen.	Reis: Der offene Begriff lässt sich in jedem gewöhnlichen Supermarkt zuverlässig erfüllen.	AI_BULK_ACCEPTED	HUMAN_EXPLICIT	HUMAN_EXPLICIT	AI_BULK_ACCEPTED	AI_BULK_ACCEPTED	MIXED	APPROVED_FINAL		AI_REVIEW_BASE|AVAILABILITY_V2_ANCHOR_HUMAN	f8855121af336a7c13cd799cafede5f9b9420f28	AVAILABILITY_NOVELTY_V1_20260907
RICE_CAKES	koreanische Reiskuchen	APPLICABLE	3	SPECIALTY	SPECIALTY	koreanische Reiskuchen ist im einschlägigen Spezialmarkt breit etabliert; dokumentierte reguläre Wege sind die voneinander unabhängigen Händler Asiafoodland – Korean Garae-tteok 400 g sowie Reishunger – Tteok Korean rice cakes.	koreanische Reiskuchen: Rostocker Bezugsweg über Asiafoodland – Korean Garae-tteok 400 g und Reishunger – Tteok Korean rice cakes; dokumentiert ist verfügbarer Bestand in einem laufenden Fachsortiment und Standardversand.	HUMAN_EXPLICIT	HUMAN_EXPLICIT	HUMAN_EXPLICIT	HUMAN_EXPLICIT	HUMAN_EXPLICIT	HUMAN_EXPLICIT	APPROVED_FINAL		AI_REVIEW_BASE|HUMAN_CHARGE_2	f8855121af336a7c13cd799cafede5f9b9420f28	AVAILABILITY_NOVELTY_V1_20260907
RICE_FLOUR	Reismehl	APPLICABLE	2	PLANNED	PLANNED	Reismehl ist über eine konkrete Vorbestellung oder Bestandsabfrage für Getreide- oder Stärkeware im allgemeinen deutschen Handel planbar, lokal aber kein verlässlicher Standardartikel.	Reismehl: Für „Reismehl“ wird das Angebot über gut sortierte Vollsortimenter und etablierte deutsche Bio- oder Trockenwarenhändler kontrolliert.	AI_BULK_ACCEPTED	AI_BULK_ACCEPTED	AI_BULK_ACCEPTED	AI_BULK_ACCEPTED	AI_BULK_ACCEPTED	AI_BULK_ACCEPTED	APPROVED_FINAL		AI_REVIEW_BASE	f8855121af336a7c13cd799cafede5f9b9420f28	AVAILABILITY_NOVELTY_V1_20260907
RICE_NOODLES	Reisnudeln	APPLICABLE	1	EASY	EASY	Reisnudeln: gewöhnlicher lokaler Bezugsweg über den Bereich »Reis-, Mehl-, Nudel- oder Trockenwarenregal«.	Reisnudeln: gewöhnlicher lokaler Bezugsweg über den Bereich »Reisnudeln«.	AI_BULK_ACCEPTED	AI_BULK_ACCEPTED	AI_BULK_ACCEPTED	AI_BULK_ACCEPTED	AI_BULK_ACCEPTED	AI_BULK_ACCEPTED	APPROVED_FINAL		AI_REVIEW_BASE	f8855121af336a7c13cd799cafede5f9b9420f28	AVAILABILITY_NOVELTY_V1_20260907
RICE_PADDY_HERB	Reisfeldkraut	APPLICABLE	3	DIFFICULT	DIFFICULT	Reisfeldkraut: Nur der schmale Händlerweg über Viet Long Foods – fresh herb importer catalog ist positiv belegt; Importbeschränkung begrenzt Form, Bestand oder Logistik.	Reisfeldkraut: Rostocker Bezugsweg über Viet Long Foods – fresh herb importer catalog; dokumentiert sind eine vor dem Einkauf erneut zu prüfende Verfügbarkeit und Importbeschränkungen.	AI_BULK_ACCEPTED	AI_BULK_ACCEPTED	AI_BULK_ACCEPTED	AI_BULK_ACCEPTED	AI_BULK_ACCEPTED	AI_BULK_ACCEPTED	APPROVED_FINAL		AI_REVIEW_BASE	f8855121af336a7c13cd799cafede5f9b9420f28	AVAILABILITY_NOVELTY_V1_20260907
RICE_PAPER	Reispapier	APPLICABLE	2	PLANNED	PLANNED	Reispapier ist über eine konkrete Vorbestellung oder Bestandsabfrage für Teigblatt oder Teigware im allgemeinen deutschen Handel planbar, lokal aber kein verlässlicher Standardartikel.	Reispapier: Der konkrete Bezug von „Reispapier“ läuft über gut sortierte Vollsortimenter und etablierte deutsche Bio- oder Trockenwarenhändler.	AI_BULK_ACCEPTED	AI_BULK_ACCEPTED	AI_BULK_ACCEPTED	AI_BULK_ACCEPTED	AI_BULK_ACCEPTED	AI_BULK_ACCEPTED	APPROVED_FINAL		AI_REVIEW_BASE	f8855121af336a7c13cd799cafede5f9b9420f28	AVAILABILITY_NOVELTY_V1_20260907
RICE_PRODUCTS	Reisprodukt	APPLICABLE	2	EASY	EASY	Reisprodukt: gewöhnlicher lokaler Bezugsweg über den Bereich »Reis-, Mehl-, Nudel- oder Trockenwarenregal«.	Reisprodukt: gewöhnlicher lokaler Bezugsweg über den Bereich »Reisprodukt«.	AI_BULK_ACCEPTED	AI_BULK_ACCEPTED	AI_BULK_ACCEPTED	AI_BULK_ACCEPTED	AI_BULK_ACCEPTED	AI_BULK_ACCEPTED	APPROVED_FINAL		AI_REVIEW_BASE	f8855121af336a7c13cd799cafede5f9b9420f28	AVAILABILITY_NOVELTY_V1_20260907
RICE_VINEGAR	Reisessig	APPLICABLE	1	PLANNED	PLANNED	Reisessig ist über eine konkrete Vorbestellung oder Bestandsabfrage für Speiseessig im allgemeinen deutschen Handel planbar, lokal aber kein verlässlicher Standardartikel.	Reisessig: Rostocker Bezugsweg über gut sortierte Vollsortimenter und etablierte deutsche Feinkost- oder Würzsaucenhändler.	AI_BULK_ACCEPTED	AI_BULK_ACCEPTED	AI_BULK_ACCEPTED	AI_BULK_ACCEPTED	AI_BULK_ACCEPTED	AI_BULK_ACCEPTED	APPROVED_FINAL		AI_REVIEW_BASE	f8855121af336a7c13cd799cafede5f9b9420f28	AVAILABILITY_NOVELTY_V1_20260907
RICOTTA	Ricotta	APPLICABLE	1	EASY	EASY	Ricotta: gewöhnlicher lokaler Bezugsweg über den Bereich »Käsekühlung oder Käsetheke«.	Ricotta: gewöhnlicher lokaler Bezugsweg über den Bereich »Ricotta«.	AI_BULK_ACCEPTED	AI_BULK_ACCEPTED	AI_BULK_ACCEPTED	AI_BULK_ACCEPTED	AI_BULK_ACCEPTED	AI_BULK_ACCEPTED	APPROVED_FINAL		AI_REVIEW_BASE	f8855121af336a7c13cd799cafede5f9b9420f28	AVAILABILITY_NOVELTY_V1_20260907
RILLETTES	Rillettes	APPLICABLE	3	PLANNED	PLANNED	Rillettes: REWE listet Bahier Gänserillettes im Glas aus 83 Prozent zart gekochtem Gänsefleisch, Gänsefett und Schweinefleisch; Georgia prüft dieses allgemeine Kettenprodukt standortbezogen.	Bahier Gänserillettes ist im REWE-Katalog gelistet; der konkrete Rostocker Filialbestand bleibt vor dem Einkauf zu prüfen.	HUMAN_EXPLICIT	HUMAN_EXPLICIT	HUMAN_EXPLICIT	HUMAN_EXPLICIT	HUMAN_EXPLICIT	HUMAN_EXPLICIT	APPROVED_FINAL		AI_REVIEW_BASE|HUMAN_CHARGE_3	f8855121af336a7c13cd799cafede5f9b9420f28	AVAILABILITY_NOVELTY_V1_20260907
RISOTTO_RICE	Risottoreis	APPLICABLE	1	EASY	EASY	Risottoreis: gewöhnlicher lokaler Bezugsweg über den Bereich »Reis-, Mehl-, Nudel- oder Trockenwarenregal«.	Risottoreis: gewöhnlicher lokaler Bezugsweg über den Bereich »Risottoreis«.	AI_BULK_ACCEPTED	AI_BULK_ACCEPTED	AI_BULK_ACCEPTED	AI_BULK_ACCEPTED	AI_BULK_ACCEPTED	AI_BULK_ACCEPTED	APPROVED_FINAL		AI_REVIEW_BASE	f8855121af336a7c13cd799cafede5f9b9420f28	AVAILABILITY_NOVELTY_V1_20260907
ROASTED_RED_PEPPER	geröstete Paprika	APPLICABLE	1	EASY	EASY	geröstete Paprika: gewöhnlicher lokaler Bezugsweg über den Bereich »Konserven-, Glas- oder internationales Feinkostregal«.	geröstete Paprika: Rostocker Bezugsweg über das Konserven-, Sauergemüse- oder Feinkostregal eines gewöhnlichen großen Rostocker Supermarkts.	AI_BULK_ACCEPTED	AI_BULK_ACCEPTED	AI_BULK_ACCEPTED	AI_BULK_ACCEPTED	AI_BULK_ACCEPTED	AI_BULK_ACCEPTED	APPROVED_FINAL		AI_REVIEW_BASE	f8855121af336a7c13cd799cafede5f9b9420f28	AVAILABILITY_NOVELTY_V1_20260907
ROD_POLSE	Rød pølse	APPLICABLE	3	DIFFICULT	DIFFICULT	Rød pølse: Nur der schmale Händlerweg über Dänemark Shop – Danish sausage assortment ist positiv belegt; Kühlversand begrenzt Form, Bestand oder Logistik.	Rød pølse: Rostocker Bezugsweg über Dänemark Shop – Danish sausage assortment; dokumentiert sind eine vor dem Einkauf erneut zu prüfende Verfügbarkeit und Kühlversand.	AI_BULK_ACCEPTED	AI_BULK_ACCEPTED	AI_BULK_ACCEPTED	AI_BULK_ACCEPTED	AI_BULK_ACCEPTED	AI_BULK_ACCEPTED	APPROVED_FINAL		AI_REVIEW_BASE	f8855121af336a7c13cd799cafede5f9b9420f28	AVAILABILITY_NOVELTY_V1_20260907
ROMAINE_LETTUCE	Römersalat	APPLICABLE	1	EASY	EASY	Römersalat: gewöhnlicher lokaler Bezugsweg über den Bereich »Obst- und Gemüseabteilung«.	Römersalat: Rostocker Bezugsweg über die Gemüseabteilung eines gewöhnlichen großen Rostocker Supermarkts.	AI_BULK_ACCEPTED	AI_BULK_ACCEPTED	AI_BULK_ACCEPTED	AI_BULK_ACCEPTED	AI_BULK_ACCEPTED	AI_BULK_ACCEPTED	APPROVED_FINAL		AI_REVIEW_BASE	f8855121af336a7c13cd799cafede5f9b9420f28	AVAILABILITY_NOVELTY_V1_20260907
ROMANESCO	Romanesco	APPLICABLE	1	PLANNED	PLANNED	Romanesco: GLOBUS bezeichnet den exakten frischen Romanesco-Kopf ausdrücklich als Artikel im regulären Markthallensortiment.	Romanesco: GLOBUS bezeichnet den exakten frischen Romanesco-Kopf ausdrücklich als Artikel im regulären Markthallensortiment.	AI_BULK_ACCEPTED	AI_BULK_ACCEPTED	AI_BULK_ACCEPTED	AI_BULK_ACCEPTED	AI_BULK_ACCEPTED	AI_BULK_ACCEPTED	APPROVED_FINAL		AI_REVIEW_BASE	f8855121af336a7c13cd799cafede5f9b9420f28	AVAILABILITY_NOVELTY_V1_20260907
ROMESCO	Romesco-Sauce	APPLICABLE	3	SPECIALTY	SPECIALTY	Romesco-Sauce ist im einschlägigen Spezialmarkt breit etabliert; dokumentierte reguläre Wege sind die voneinander unabhängigen Händler Mitte Meer – Mediterranean direct shop sowie La Tradición – Priorat Romesco sauce.	Romesco-Sauce: Rostocker Bezugsweg über La Tradición – Priorat Romesco sauce und Mitte Meer – Mediterranean direct shop; dokumentiert ist verfügbarer Bestand in einem laufenden Fachsortiment und Standardversand.	HUMAN_EXPLICIT	HUMAN_EXPLICIT	HUMAN_EXPLICIT	HUMAN_EXPLICIT	HUMAN_EXPLICIT	HUMAN_EXPLICIT	APPROVED_FINAL		AI_REVIEW_BASE|HUMAN_CHARGE_2	f8855121af336a7c13cd799cafede5f9b9420f28	AVAILABILITY_NOVELTY_V1_20260907
ROOKWORST	Rookworst	APPLICABLE	3	DIFFICULT	DIFFICULT	Rookworst: Nur der schmale Händlerweg über Hollandshop24 – Dutch rookworst range ist positiv belegt; Importbeschränkung begrenzt Form, Bestand oder Logistik.	Rookworst: Rostocker Bezugsweg über Hollandshop24 – Dutch rookworst range; dokumentiert sind ein dokumentiertes laufendes Angebot und Importbeschränkungen.	HUMAN_EXPLICIT	AI_BULK_ACCEPTED	AI_BULK_ACCEPTED	AI_BULK_ACCEPTED	AI_BULK_ACCEPTED	MIXED	APPROVED_FINAL		AI_REVIEW_BASE|HUMAN_CHARGE_1	f8855121af336a7c13cd799cafede5f9b9420f28	AVAILABILITY_NOVELTY_V1_20260907
ROOT_VEGETABLES	Wurzel- und Knollengemüse	APPLICABLE	1	EASY	EASY	Wurzel- und Knollengemüse: gewöhnlicher lokaler Bezugsweg über den Bereich »Obst- und Gemüseabteilung«.	Wurzel- und Knollengemüse: gewöhnlicher lokaler Bezugsweg über den Bereich »Wurzel- und Knollengemüse«.	AI_BULK_ACCEPTED	AI_BULK_ACCEPTED	AI_BULK_ACCEPTED	AI_BULK_ACCEPTED	AI_BULK_ACCEPTED	AI_BULK_ACCEPTED	APPROVED_FINAL		AI_REVIEW_BASE	f8855121af336a7c13cd799cafede5f9b9420f28	AVAILABILITY_NOVELTY_V1_20260907
ROQUEFORT	Roquefort	APPLICABLE	3	PLANNED	PLANNED	Roquefort: Formatta führt Roquefort AOP Papillon aus Schafrohmilch als aktuell lieferbaren, formgenauen Blauschimmelkäse.	Roquefort: Formatta führt Roquefort AOP Papillon aus Schafrohmilch als aktuell lieferbaren, formgenauen Blauschimmelkäse.	HUMAN_EXPLICIT	HUMAN_EXPLICIT	HUMAN_EXPLICIT	HUMAN_EXPLICIT	HUMAN_EXPLICIT	HUMAN_EXPLICIT	APPROVED_FINAL		AI_REVIEW_BASE|HUMAN_CHARGE_5	f8855121af336a7c13cd799cafede5f9b9420f28	AVAILABILITY_NOVELTY_V1_20260907
ROSEMARY	Rosmarin	APPLICABLE	1	EASY	EASY	Rosmarin: gewöhnlicher lokaler Bezugsweg über den Bereich »frische Kräuterabteilung«.	Rosmarin: Rostocker Bezugsweg über die Kräuterkühlung der Obst- und Gemüseabteilung eines gewöhnlichen großen Rostocker Supermarkts.	AI_BULK_ACCEPTED	AI_BULK_ACCEPTED	AI_BULK_ACCEPTED	AI_BULK_ACCEPTED	AI_BULK_ACCEPTED	AI_BULK_ACCEPTED	APPROVED_FINAL		AI_REVIEW_BASE	f8855121af336a7c13cd799cafede5f9b9420f28	AVAILABILITY_NOVELTY_V1_20260907
RUM	Rum	APPLICABLE	3	EASY	EASY	Rum: gewöhnlicher lokaler Bezugsweg über den Bereich »Getränke-, Wein- oder Spirituosenregal«.	Rum: gewöhnlicher lokaler Bezugsweg über den Bereich »Rum«.	AI_BULK_ACCEPTED	AI_BULK_ACCEPTED	AI_BULK_ACCEPTED	AI_BULK_ACCEPTED	AI_BULK_ACCEPTED	AI_BULK_ACCEPTED	APPROVED_FINAL		AI_REVIEW_BASE	f8855121af336a7c13cd799cafede5f9b9420f28	AVAILABILITY_NOVELTY_V1_20260907
RUTABAGA	Steckrübe	APPLICABLE	1	EASY	EASY	Steckrübe: gewöhnlicher lokaler Bezugsweg über den Bereich »Obst- und Gemüseabteilung«.	Steckrübe: gewöhnlicher lokaler Bezugsweg über den Bereich »Steckrübe«.	AI_BULK_ACCEPTED	AI_BULK_ACCEPTED	AI_BULK_ACCEPTED	AI_BULK_ACCEPTED	AI_BULK_ACCEPTED	AI_BULK_ACCEPTED	APPROVED_FINAL		AI_REVIEW_BASE	f8855121af336a7c13cd799cafede5f9b9420f28	AVAILABILITY_NOVELTY_V1_20260907
RYE_BREAD	Roggenbrot	APPLICABLE	1	EASY	EASY	Roggenbrot wird in Bornheim als frischer Laib an Bäckereitheke oder Backstation sowie geschnitten im Brotregal angeboten.	Roggenbrot: gewöhnlicher lokaler Bezugsweg über den Bereich »Roggenbrot«.	AI_BULK_ACCEPTED	AI_BULK_ACCEPTED	AI_BULK_ACCEPTED	AI_BULK_ACCEPTED	AI_BULK_ACCEPTED	AI_BULK_ACCEPTED	APPROVED_FINAL		AI_REVIEW_BASE	f8855121af336a7c13cd799cafede5f9b9420f28	AVAILABILITY_NOVELTY_V1_20260907
RYE_FLOUR	Roggenmehl	APPLICABLE	1	EASY	EASY	Roggenmehl: gewöhnlicher lokaler Bezugsweg über den Bereich »Reis-, Mehl-, Nudel- oder Trockenwarenregal«.	Roggenmehl: gewöhnlicher lokaler Bezugsweg über den Bereich »Roggenmehl«.	AI_BULK_ACCEPTED	AI_BULK_ACCEPTED	AI_BULK_ACCEPTED	AI_BULK_ACCEPTED	AI_BULK_ACCEPTED	AI_BULK_ACCEPTED	APPROVED_FINAL		AI_REVIEW_BASE	f8855121af336a7c13cd799cafede5f9b9420f28	AVAILABILITY_NOVELTY_V1_20260907
SAFFRON	Safran	APPLICABLE	3	EASY	EASY	Safran: Safran ist normalerweise im gewöhnlichen Gewürzsortiment von Supermärkten erhältlich; der Preis verschlechtert die Beschaffbarkeit nicht.	Safran: Safran ist normalerweise im gewöhnlichen Gewürzsortiment von Supermärkten erhältlich; der Preis verschlechtert die Beschaffbarkeit nicht.	HUMAN_EXPLICIT	HUMAN_EXPLICIT	HUMAN_EXPLICIT	AI_BULK_ACCEPTED	AI_BULK_ACCEPTED	HUMAN_EXPLICIT	APPROVED_FINAL		AI_REVIEW_BASE|NOVELTY_REFERENCE_ANCHOR_HUMAN|AVAILABILITY_V2_ANCHOR_HUMAN	f8855121af336a7c13cd799cafede5f9b9420f28	AVAILABILITY_NOVELTY_V1_20260907
SAGE	Salbei	APPLICABLE	1	EASY	EASY	Salbei: gewöhnlicher lokaler Bezugsweg über den Bereich »frische Kräuterabteilung«.	Salbei: Rostocker Bezugsweg über die Kräuterkühlung der Obst- und Gemüseabteilung eines gewöhnlichen großen Rostocker Supermarkts.	AI_BULK_ACCEPTED	AI_BULK_ACCEPTED	AI_BULK_ACCEPTED	AI_BULK_ACCEPTED	AI_BULK_ACCEPTED	AI_BULK_ACCEPTED	APPROVED_FINAL		AI_REVIEW_BASE	f8855121af336a7c13cd799cafede5f9b9420f28	AVAILABILITY_NOVELTY_V1_20260907
SAI_UA	Sai Ua	APPLICABLE	3	DIFFICULT	DIFFICULT	Sai Ua: Nur der schmale Händlerweg über Yak Thai – Sai Ua 2 x 250 g ist positiv belegt; Kühlversand begrenzt Form, Bestand oder Logistik.	Sai Ua: Rostocker Bezugsweg über Yak Thai – Sai Ua 2 x 250 g; dokumentiert sind beim Abruf verfügbaren Bestand und Kühlversand.	AI_BULK_ACCEPTED	AI_BULK_ACCEPTED	AI_BULK_ACCEPTED	AI_BULK_ACCEPTED	AI_BULK_ACCEPTED	AI_BULK_ACCEPTED	APPROVED_FINAL		AI_REVIEW_BASE	f8855121af336a7c13cd799cafede5f9b9420f28	AVAILABILITY_NOVELTY_V1_20260907
SAKE	Sake	APPLICABLE	2	PLANNED	PLANNED	Sake: Der etablierte Weinhandel bietet Akashi Junmai als traditionell aus fermentiertem Reis gebrauten Trink-Sake sofort verfügbar an.	Sake: Der etablierte Weinhandel bietet Akashi Junmai als traditionell aus fermentiertem Reis gebrauten Trink-Sake sofort verfügbar an.	AI_BULK_ACCEPTED	AI_BULK_ACCEPTED	AI_BULK_ACCEPTED	AI_BULK_ACCEPTED	AI_BULK_ACCEPTED	AI_BULK_ACCEPTED	APPROVED_FINAL		AI_REVIEW_BASE	f8855121af336a7c13cd799cafede5f9b9420f28	AVAILABILITY_NOVELTY_V1_20260907
SALAD_GREENS	Blattsalat	APPLICABLE	1	EASY	EASY	Blattsalat: gewöhnlicher lokaler Bezugsweg über den Bereich »Obst- und Gemüseabteilung«.	Blattsalat: gewöhnlicher lokaler Bezugsweg über den Bereich »Blattsalat«.	AI_BULK_ACCEPTED	AI_BULK_ACCEPTED	AI_BULK_ACCEPTED	AI_BULK_ACCEPTED	AI_BULK_ACCEPTED	AI_BULK_ACCEPTED	APPROVED_FINAL		AI_REVIEW_BASE	f8855121af336a7c13cd799cafede5f9b9420f28	AVAILABILITY_NOVELTY_V1_20260907
SALAMI	Salami	APPLICABLE	1	EASY	EASY	Salami: gewöhnlicher lokaler Bezugsweg über den Bereich »Wurstkühlung oder Bedientheke«.	Salami: gewöhnlicher lokaler Bezugsweg über den Bereich »Salami«.	AI_BULK_ACCEPTED	AI_BULK_ACCEPTED	AI_BULK_ACCEPTED	AI_BULK_ACCEPTED	AI_BULK_ACCEPTED	AI_BULK_ACCEPTED	APPROVED_FINAL		AI_REVIEW_BASE	f8855121af336a7c13cd799cafede5f9b9420f28	AVAILABILITY_NOVELTY_V1_20260907
SALMON	Lachs	APPLICABLE	1	EASY	EASY	Lachs: gewöhnlicher lokaler Bezugsweg über den Bereich »Fischkühlung, Fischtheke oder Tiefkühlabteilung«.	Lachs: gewöhnlicher lokaler Bezugsweg über den Bereich »Lachs«.	AI_BULK_ACCEPTED	AI_BULK_ACCEPTED	AI_BULK_ACCEPTED	AI_BULK_ACCEPTED	AI_BULK_ACCEPTED	AI_BULK_ACCEPTED	APPROVED_FINAL		AI_REVIEW_BASE	f8855121af336a7c13cd799cafede5f9b9420f28	AVAILABILITY_NOVELTY_V1_20260907
SALMON_ROE	Lachsrogen	APPLICABLE	3	PLANNED	PLANNED	Lachsrogen: Der verfügbare Keta-Wildlachs-Kaviar enthält große bernsteinfarbene Lachsrogeneier und wird gekühlt bei minus drei bis plus drei Grad Celsius geführt.	Lachsrogen: Der verfügbare Keta-Wildlachs-Kaviar enthält große bernsteinfarbene Lachsrogeneier und wird gekühlt bei minus drei bis plus drei Grad Celsius geführt.	HUMAN_EXPLICIT	HUMAN_EXPLICIT	HUMAN_EXPLICIT	HUMAN_EXPLICIT	HUMAN_EXPLICIT	HUMAN_EXPLICIT	APPROVED_FINAL		AI_REVIEW_BASE|HUMAN_CHARGE_2	f8855121af336a7c13cd799cafede5f9b9420f28	AVAILABILITY_NOVELTY_V1_20260907
SALSA	Salsa	APPLICABLE	1	EASY	EASY	Salsa: gewöhnlicher lokaler Bezugsweg über den Bereich »Saucen-, Würzpasten- und Feinkostregal«.	Salsa: Rostocker Bezugsweg über das Saucen-, Essig- oder Feinkostregal eines gewöhnlichen großen Rostocker Supermarkts.	AI_BULK_ACCEPTED	AI_BULK_ACCEPTED	AI_BULK_ACCEPTED	AI_BULK_ACCEPTED	AI_BULK_ACCEPTED	AI_BULK_ACCEPTED	APPROVED_FINAL		AI_REVIEW_BASE	f8855121af336a7c13cd799cafede5f9b9420f28	AVAILABILITY_NOVELTY_V1_20260907
SALTED_DUCK_EGG	gesalzenes Entenei	APPLICABLE	3	SPECIALTY	SPECIALTY	gesalzenes Entenei ist im einschlägigen Spezialmarkt breit etabliert; dokumentierte reguläre Wege sind die voneinander unabhängigen Händler Reissack – Goosun salted duck eggs 432 g sowie Warindo – cooked salted duck eggs 360 g.	gesalzenes Entenei: Rostocker Bezugsweg über Reissack – Goosun salted duck eggs 432 g und Warindo – cooked salted duck eggs 360 g; dokumentiert sind eine vor dem Einkauf erneut zu prüfende Verfügbarkeit und Standardversand.	AI_BULK_ACCEPTED	AI_BULK_ACCEPTED	AI_BULK_ACCEPTED	AI_BULK_ACCEPTED	AI_BULK_ACCEPTED	AI_BULK_ACCEPTED	APPROVED_FINAL		AI_REVIEW_BASE	f8855121af336a7c13cd799cafede5f9b9420f28	AVAILABILITY_NOVELTY_V1_20260907
SALTY_LIQUORICE	Salzlakritz	APPLICABLE	5	EASY	EASY	Salzlakritz: gewöhnlicher lokaler Bezugsweg über den Bereich »Backzutaten-, Süßwaren- oder Kakaoregal«.	Salzlakritz: gewöhnlicher lokaler Bezugsweg über den Bereich »Salzlakritz«.	AI_BULK_ACCEPTED	AI_BULK_ACCEPTED	AI_BULK_ACCEPTED	AI_BULK_ACCEPTED	AI_BULK_ACCEPTED	AI_BULK_ACCEPTED	APPROVED_FINAL		AI_REVIEW_BASE	f8855121af336a7c13cd799cafede5f9b9420f28	AVAILABILITY_NOVELTY_V1_20260907
SAMBAL	Sambal	APPLICABLE	2	EASY	EASY	Sambal: gewöhnlicher lokaler Bezugsweg über den Bereich »Saucen-, Würzpasten- und Feinkostregal«.	Sambal: gewöhnlicher lokaler Bezugsweg über den Bereich »Sambal«.	AI_BULK_ACCEPTED	AI_BULK_ACCEPTED	AI_BULK_ACCEPTED	AI_BULK_ACCEPTED	AI_BULK_ACCEPTED	AI_BULK_ACCEPTED	APPROVED_FINAL		AI_REVIEW_BASE	f8855121af336a7c13cd799cafede5f9b9420f28	AVAILABILITY_NOVELTY_V1_20260907
SAMBAL_BRANDAL	Sambal Brandal	APPLICABLE	3	SPECIALTY	SPECIALTY	Sambal Brandal ist im einschlägigen Spezialmarkt breit etabliert; dokumentierte reguläre Wege sind die voneinander unabhängigen Händler Asian Brand – Koningsvogel Sambal Brandal sowie Hollandshop24 – Conimex Sambal Brandal.	Sambal Brandal: Rostocker Bezugsweg über Asian Brand – Koningsvogel Sambal Brandal und Hollandshop24 – Conimex Sambal Brandal; dokumentiert sind beim Abruf verfügbaren Bestand und Standardversand.	HUMAN_EXPLICIT	HUMAN_EXPLICIT	HUMAN_EXPLICIT	HUMAN_EXPLICIT	HUMAN_EXPLICIT	HUMAN_EXPLICIT	APPROVED_FINAL		AI_REVIEW_BASE|HUMAN_CHARGE_3	f8855121af336a7c13cd799cafede5f9b9420f28	AVAILABILITY_NOVELTY_V1_20260907
SAMBAL_OELEK	Sambal Oelek	APPLICABLE	1	EASY	EASY	Sambal Oelek: gewöhnlicher lokaler Bezugsweg über den Bereich »Saucen-, Würzpasten- und Feinkostregal«.	Sambal Oelek: das Saucen-, Würzpasten- oder internationale Regal großer Rostocker Supermärkte führt die schlichte grobe Chilipaste aus Chili, Salz und Säure regulär.	AI_BULK_ACCEPTED	AI_BULK_ACCEPTED	AI_BULK_ACCEPTED	AI_BULK_ACCEPTED	AI_BULK_ACCEPTED	AI_BULK_ACCEPTED	APPROVED_FINAL		AI_REVIEW_BASE	f8855121af336a7c13cd799cafede5f9b9420f28	AVAILABILITY_NOVELTY_V1_20260907
SARDINES	Sardinen	APPLICABLE	2	PLANNED	PLANNED	Sardinen ist über eine gezielte Bestellung oder Sortimentsprüfung bei Globus – Escal whole raw frozen sardines im allgemeinen deutschen Handel planbar, lokal aber kein verlässlicher Standardartikel.	Sardinen: Rostocker Bezugsweg über Globus – Escal whole raw frozen sardines; dokumentiert sind ein dokumentiertes laufendes Angebot und Tiefkühlversand.	AI_BULK_ACCEPTED	AI_BULK_ACCEPTED	AI_BULK_ACCEPTED	AI_BULK_ACCEPTED	AI_BULK_ACCEPTED	AI_BULK_ACCEPTED	APPROVED_FINAL		AI_REVIEW_BASE	f8855121af336a7c13cd799cafede5f9b9420f28	AVAILABILITY_NOVELTY_V1_20260907
SAUCES_AND_PASTES	Sauce, Würzmittel oder Paste	APPLICABLE	2	EASY	EASY	Sauce, Würzmittel oder Paste: gewöhnlicher lokaler Bezugsweg über den Bereich »Saucen-, Würzpasten- und Feinkostregal«.	Sauce, Würzmittel oder Paste: gewöhnlicher lokaler Bezugsweg über den Bereich »Sauce, Würzmittel oder Paste«.	AI_BULK_ACCEPTED	AI_BULK_ACCEPTED	AI_BULK_ACCEPTED	AI_BULK_ACCEPTED	AI_BULK_ACCEPTED	AI_BULK_ACCEPTED	APPROVED_FINAL		AI_REVIEW_BASE	f8855121af336a7c13cd799cafede5f9b9420f28	AVAILABILITY_NOVELTY_V1_20260907
SAUERKRAUT	Sauerkraut	APPLICABLE	2	EASY	EASY	Sauerkraut: Konserve, Beutel oder Kühlware sind im allgemeinen lokalen Handel regelmäßig vorhanden.	Sauerkraut: Konserve, Beutel oder Kühlware sind im allgemeinen lokalen Handel regelmäßig vorhanden.	HUMAN_EXPLICIT	HUMAN_EXPLICIT	HUMAN_EXPLICIT	AI_BULK_ACCEPTED	AI_BULK_ACCEPTED	HUMAN_EXPLICIT	APPROVED_FINAL		AI_REVIEW_BASE|NOVELTY_REFERENCE_ANCHOR_HUMAN|AVAILABILITY_V2_ANCHOR_HUMAN	f8855121af336a7c13cd799cafede5f9b9420f28	AVAILABILITY_NOVELTY_V1_20260907
SAUSAGE	Wurst	APPLICABLE	1	EASY	EASY	Wurst: gewöhnlicher lokaler Bezugsweg über den Bereich »Wurstkühlung oder Bedientheke«.	Wurst: gewöhnlicher lokaler Bezugsweg über den Bereich »Wurst«.	AI_BULK_ACCEPTED	AI_BULK_ACCEPTED	AI_BULK_ACCEPTED	AI_BULK_ACCEPTED	AI_BULK_ACCEPTED	AI_BULK_ACCEPTED	APPROVED_FINAL		AI_REVIEW_BASE	f8855121af336a7c13cd799cafede5f9b9420f28	AVAILABILITY_NOVELTY_V1_20260907
SAVOY_CABBAGE	Wirsing	APPLICABLE	1	EASY	EASY	Wirsing: gewöhnlicher lokaler Bezugsweg über den Bereich »Obst- und Gemüseabteilung«.	Wirsing: gewöhnlicher lokaler Bezugsweg über den Bereich »Wirsing«.	AI_BULK_ACCEPTED	AI_BULK_ACCEPTED	AI_BULK_ACCEPTED	AI_BULK_ACCEPTED	AI_BULK_ACCEPTED	AI_BULK_ACCEPTED	APPROVED_FINAL		AI_REVIEW_BASE	f8855121af336a7c13cd799cafede5f9b9420f28	AVAILABILITY_NOVELTY_V1_20260907
SCALLOPS	Jakobsmuscheln	APPLICABLE	2	PLANNED	PLANNED	Jakobsmuscheln: Deutsche See führt verfügbares Jakobsmuschelfleisch der Art Pecten maximus roh, ohne Rogen, glasiert und einzeln tiefgefroren.	Jakobsmuscheln: Deutsche See führt verfügbares Jakobsmuschelfleisch der Art Pecten maximus roh, ohne Rogen, glasiert und einzeln tiefgefroren.	HUMAN_EXPLICIT	HUMAN_EXPLICIT	HUMAN_EXPLICIT	HUMAN_EXPLICIT	HUMAN_EXPLICIT	HUMAN_EXPLICIT	APPROVED_FINAL		AI_REVIEW_BASE|HUMAN_CHARGE_4	f8855121af336a7c13cd799cafede5f9b9420f28	AVAILABILITY_NOVELTY_V1_20260907
SEAFOOD	Fisch und Meeresfrüchte	APPLICABLE	1	EASY	EASY	Fisch und Meeresfrüchte: gewöhnlicher lokaler Bezugsweg über den Bereich »Fischkühlung, Fischtheke oder Tiefkühlabteilung«.	Fisch und Meeresfrüchte: gewöhnlicher lokaler Bezugsweg über den Bereich »Fisch und Meeresfrüchte«.	AI_BULK_ACCEPTED	AI_BULK_ACCEPTED	AI_BULK_ACCEPTED	AI_BULK_ACCEPTED	AI_BULK_ACCEPTED	AI_BULK_ACCEPTED	APPROVED_FINAL		AI_REVIEW_BASE	f8855121af336a7c13cd799cafede5f9b9420f28	AVAILABILITY_NOVELTY_V1_20260907
SEAWEED	Algen	APPLICABLE	2	PLANNED	PLANNED	Algen ist über eine reguläre Onlinebestellung im allgemeinen Handel mit formgenauer Artikelsuche im allgemeinen deutschen Handel planbar, lokal aber kein verlässlicher Standardartikel.	Algen: Rostocker Bezugsweg über gut sortierte Vollsortimenter und etablierte deutsche Händler für haltbare Algenprodukte.	AI_BULK_ACCEPTED	AI_BULK_ACCEPTED	AI_BULK_ACCEPTED	AI_BULK_ACCEPTED	AI_BULK_ACCEPTED	AI_BULK_ACCEPTED	APPROVED_FINAL		AI_REVIEW_BASE	f8855121af336a7c13cd799cafede5f9b9420f28	AVAILABILITY_NOVELTY_V1_20260907
SEA_BASS	Wolfsbarsch	APPLICABLE	1	PLANNED	PLANNED	Wolfsbarsch: Der aktuell verfügbare Wolfsbarsch kommt frisch als ganzer ausgenommener Fisch mit Haut und wird gekühlt zum gewählten Termin zugestellt.	Wolfsbarsch: Der aktuell verfügbare Wolfsbarsch kommt frisch als ganzer ausgenommener Fisch mit Haut und wird gekühlt zum gewählten Termin zugestellt.	HUMAN_EXPLICIT	HUMAN_EXPLICIT	HUMAN_EXPLICIT	HUMAN_EXPLICIT	HUMAN_EXPLICIT	HUMAN_EXPLICIT	APPROVED_FINAL		AI_REVIEW_BASE|HUMAN_CHARGE_4	f8855121af336a7c13cd799cafede5f9b9420f28	AVAILABILITY_NOVELTY_V1_20260907
SEA_BREAM	Dorade	APPLICABLE	1	PLANNED	PLANNED	Dorade: Die verfügbare Dorade Royal liegt als handfiletierte geschuppte Portion mit Haut praktisch grätenfrei und tiefgekühlt vor.	Dorade: Die verfügbare Dorade Royal liegt als handfiletierte geschuppte Portion mit Haut praktisch grätenfrei und tiefgekühlt vor.	HUMAN_EXPLICIT	HUMAN_EXPLICIT	HUMAN_EXPLICIT	HUMAN_EXPLICIT	HUMAN_EXPLICIT	HUMAN_EXPLICIT	APPROVED_FINAL		AI_REVIEW_BASE|HUMAN_CHARGE_4	f8855121af336a7c13cd799cafede5f9b9420f28	AVAILABILITY_NOVELTY_V1_20260907
SEA_SNAILS	Meeresschnecken	APPLICABLE	3	DIFFICULT	DIFFICULT	Meeresschnecken: Einige koreanische Dosenprodukte belegen Beschaffbarkeit aber der Markt bleibt eng und produktformspezifisch.	Meeresschnecken: Einige koreanische Dosenprodukte belegen Beschaffbarkeit aber der Markt bleibt eng und produktformspezifisch.	HUMAN_EXPLICIT	HUMAN_EXPLICIT	HUMAN_EXPLICIT	AI_BULK_ACCEPTED	AI_BULK_ACCEPTED	HUMAN_EXPLICIT	APPROVED_FINAL		AI_REVIEW_BASE|NOVELTY_REFERENCE_ANCHOR_HUMAN|AVAILABILITY_V2_ANCHOR_HUMAN	f8855121af336a7c13cd799cafede5f9b9420f28	AVAILABILITY_NOVELTY_V1_20260907
SEEDS	Kerne und Samen	APPLICABLE	1	EASY	EASY	Kerne und Samen: gewöhnlicher lokaler Bezugsweg über den Bereich »Nuss-, Saaten- oder Nussmusregal«.	Kerne und Samen: gewöhnlicher lokaler Bezugsweg über den Bereich »Kerne und Samen«.	AI_BULK_ACCEPTED	AI_BULK_ACCEPTED	AI_BULK_ACCEPTED	AI_BULK_ACCEPTED	AI_BULK_ACCEPTED	AI_BULK_ACCEPTED	APPROVED_FINAL		AI_REVIEW_BASE	f8855121af336a7c13cd799cafede5f9b9420f28	AVAILABILITY_NOVELTY_V1_20260907
SEITAN	Seitan	APPLICABLE	2	PLANNED	PLANNED	Seitan ist über eine konkrete Vorbestellung oder Bestandsabfrage für pflanzliches Proteinprodukt im allgemeinen deutschen Handel planbar, lokal aber kein verlässlicher Standardartikel.	Seitan: Rostocker Bezugsweg über gut sortierte Vollsortimenter und etablierte deutsche Bio- oder Pflanzensortimente.	AI_BULK_ACCEPTED	AI_BULK_ACCEPTED	AI_BULK_ACCEPTED	AI_BULK_ACCEPTED	AI_BULK_ACCEPTED	AI_BULK_ACCEPTED	APPROVED_FINAL		AI_REVIEW_BASE	f8855121af336a7c13cd799cafede5f9b9420f28	AVAILABILITY_NOVELTY_V1_20260907
SEMOLINA	Hartweizengrieß	APPLICABLE	1	EASY	EASY	Hartweizengrieß: gewöhnlicher lokaler Bezugsweg über den Bereich »Reis-, Mehl-, Nudel- oder Trockenwarenregal«.	Hartweizengrieß: gewöhnlicher lokaler Bezugsweg über den Bereich »Hartweizengrieß«.	AI_BULK_ACCEPTED	AI_BULK_ACCEPTED	AI_BULK_ACCEPTED	AI_BULK_ACCEPTED	AI_BULK_ACCEPTED	AI_BULK_ACCEPTED	APPROVED_FINAL		AI_REVIEW_BASE	f8855121af336a7c13cd799cafede5f9b9420f28	AVAILABILITY_NOVELTY_V1_20260907
SERRANO_CHILI	Serrano-Chili	APPLICABLE	2	DIFFICULT	DIFFICULT	Serrano-Chili: Nur der schmale Händlerweg über México Mágico – fresh Serrano listing ist positiv belegt; Frischeversand begrenzt Form, Bestand oder Logistik.	Serrano-Chili: Rostocker Bezugsweg über México Mágico – fresh Serrano listing; dokumentiert sind beim Abruf verfügbaren Bestand und Frischeversand.	AI_BULK_ACCEPTED	AI_BULK_ACCEPTED	AI_BULK_ACCEPTED	AI_BULK_ACCEPTED	AI_BULK_ACCEPTED	AI_BULK_ACCEPTED	APPROVED_FINAL		AI_REVIEW_BASE	f8855121af336a7c13cd799cafede5f9b9420f28	AVAILABILITY_NOVELTY_V1_20260907
SERRANO_HAM	Serrano-Schinken	APPLICABLE	2	EASY	EASY	Serrano-Schinken: gewöhnlicher lokaler Bezugsweg über den Bereich »Wurstkühlung oder Bedientheke«.	Serrano-Schinken: gewöhnlicher lokaler Bezugsweg über den Bereich »Serrano-Schinken«.	AI_BULK_ACCEPTED	AI_BULK_ACCEPTED	AI_BULK_ACCEPTED	AI_BULK_ACCEPTED	AI_BULK_ACCEPTED	AI_BULK_ACCEPTED	APPROVED_FINAL		AI_REVIEW_BASE	f8855121af336a7c13cd799cafede5f9b9420f28	AVAILABILITY_NOVELTY_V1_20260907
SESAME_OIL	Sesamöl	APPLICABLE	2	PLANNED	PLANNED	Sesamöl ist über eine konkrete Vorbestellung oder Bestandsabfrage für Speiseöl oder Kochfett im allgemeinen deutschen Handel planbar, lokal aber kein verlässlicher Standardartikel.	Sesamöl: Rostocker Bezugsweg über gut sortierte Vollsortimenter und etablierte deutsche Öl- oder Feinkosthändler.	AI_BULK_ACCEPTED	AI_BULK_ACCEPTED	AI_BULK_ACCEPTED	AI_BULK_ACCEPTED	AI_BULK_ACCEPTED	AI_BULK_ACCEPTED	APPROVED_FINAL		AI_REVIEW_BASE	f8855121af336a7c13cd799cafede5f9b9420f28	AVAILABILITY_NOVELTY_V1_20260907
SESAME_SEEDS	Sesam	APPLICABLE	1	EASY	EASY	Sesam: gewöhnlicher lokaler Bezugsweg über den Bereich »Nuss-, Saaten- oder Nussmusregal«.	Sesam: gewöhnlicher lokaler Bezugsweg über den Bereich »Sesam«.	AI_BULK_ACCEPTED	AI_BULK_ACCEPTED	AI_BULK_ACCEPTED	AI_BULK_ACCEPTED	AI_BULK_ACCEPTED	AI_BULK_ACCEPTED	APPROVED_FINAL		AI_REVIEW_BASE	f8855121af336a7c13cd799cafede5f9b9420f28	AVAILABILITY_NOVELTY_V1_20260907
SHALLOT	Schalotte	APPLICABLE	1	EASY	EASY	Schalotte: gewöhnlicher lokaler Bezugsweg über den Bereich »Obst- und Gemüseabteilung«.	Schalotte: gewöhnlicher lokaler Bezugsweg über den Bereich »Schalotte«.	AI_BULK_ACCEPTED	AI_BULK_ACCEPTED	AI_BULK_ACCEPTED	AI_BULK_ACCEPTED	AI_BULK_ACCEPTED	AI_BULK_ACCEPTED	APPROVED_FINAL		AI_REVIEW_BASE	f8855121af336a7c13cd799cafede5f9b9420f28	AVAILABILITY_NOVELTY_V1_20260907
SHAOXING_WINE	Shaoxing-Reiswein	APPLICABLE	2	SPECIALTY	SPECIALTY	Shaoxing-Reiswein ist im einschlägigen Spezialmarkt breit etabliert; dokumentierte reguläre Wege sind die voneinander unabhängigen Händler My-Asia-Shop – Shaoxing cooking rice wine 750 ml sowie Asia Street Food – Shaoxing rice wine 750 ml.	Shaoxing-Reiswein: Rostocker Bezugsweg über Asia Street Food – Shaoxing rice wine 750 ml und My-Asia-Shop – Shaoxing cooking rice wine 750 ml; dokumentiert sind ein dokumentiertes laufendes Angebot und Standardversand.	AI_BULK_ACCEPTED	AI_BULK_ACCEPTED	AI_BULK_ACCEPTED	AI_BULK_ACCEPTED	AI_BULK_ACCEPTED	AI_BULK_ACCEPTED	APPROVED_FINAL		AI_REVIEW_BASE	f8855121af336a7c13cd799cafede5f9b9420f28	AVAILABILITY_NOVELTY_V1_20260907
SHELLFISH	Schalen- und Krustentiere	APPLICABLE	1	EASY	EASY	Schalen- und Krustentiere: gewöhnlicher lokaler Bezugsweg über die regulären lokalen Sortimente REWE ja! – Eismeergarnelen 100 g sowie EDEKA – Eismeer-Garnelen 225 g.	Schalen- und Krustentiere: gewöhnlicher lokaler Bezugsweg über den Bereich »Schalen- und Krustentiere«.	AI_BULK_ACCEPTED	AI_BULK_ACCEPTED	AI_BULK_ACCEPTED	AI_BULK_ACCEPTED	AI_BULK_ACCEPTED	AI_BULK_ACCEPTED	APPROVED_FINAL		AI_REVIEW_BASE	f8855121af336a7c13cd799cafede5f9b9420f28	AVAILABILITY_NOVELTY_V1_20260907
SHERRY	Sherry	APPLICABLE	3	PLANNED	PLANNED	Sherry ist über eine gezielte Bestellung oder Sortimentsprüfung bei REWE – Lustau Medium Dry Sherry 0.75 l im allgemeinen deutschen Handel planbar, lokal aber kein verlässlicher Standardartikel.	Sherry: Beim Einkauf von „Sherry“ nutzt Tobias große Getränkefachmärkte und etablierte deutsche Spirituosen- oder Weinversender.	AI_BULK_ACCEPTED	AI_BULK_ACCEPTED	AI_BULK_ACCEPTED	AI_BULK_ACCEPTED	AI_BULK_ACCEPTED	AI_BULK_ACCEPTED	APPROVED_FINAL		AI_REVIEW_BASE	f8855121af336a7c13cd799cafede5f9b9420f28	AVAILABILITY_NOVELTY_V1_20260907
SHERRY_VINEGAR	Sherryessig	APPLICABLE	2	PLANNED	PLANNED	Sherryessig: Breiter allgemeiner Feinkost- und deutscher Onlinehandel ohne Abhängigkeit von einem engen spanischen Importmarkt.	Sherryessig: Breiter allgemeiner Feinkost- und deutscher Onlinehandel ohne Abhängigkeit von einem engen spanischen Importmarkt.	AI_BULK_ACCEPTED	HUMAN_EXPLICIT	HUMAN_EXPLICIT	AI_BULK_ACCEPTED	AI_BULK_ACCEPTED	MIXED	APPROVED_FINAL		AI_REVIEW_BASE|AVAILABILITY_V2_ANCHOR_HUMAN	f8855121af336a7c13cd799cafede5f9b9420f28	AVAILABILITY_NOVELTY_V1_20260907
SHIITAKE	Shiitake	APPLICABLE	1	PLANNED	PLANNED	Shiitake ist über eine konkrete Vorbestellung oder Bestandsabfrage für Gemüse oder Pilz im allgemeinen deutschen Handel planbar, lokal aber kein verlässlicher Standardartikel.	Shiitake: Die Beschaffung von „Shiitake“ erfolgt in Rostock über gut sortierte Vollsortimenter und etablierte deutsche Pilz- oder Frischehändler.	AI_BULK_ACCEPTED	AI_BULK_ACCEPTED	AI_BULK_ACCEPTED	AI_BULK_ACCEPTED	AI_BULK_ACCEPTED	AI_BULK_ACCEPTED	APPROVED_FINAL		AI_REVIEW_BASE	f8855121af336a7c13cd799cafede5f9b9420f28	AVAILABILITY_NOVELTY_V1_20260907
SHIMEJI	Shimeji	APPLICABLE	3	SPECIALTY	SPECIALTY	Frische Shimeji sind über breite Asia-Frischsortimente und spezialisierte Frischeversender erhältlich; ein belastbarer allgemeiner Supermarktweg für die exakte Pilzform ist nicht belegt.	Frische Shimeji sind über breite Asia-Frischsortimente und spezialisierte Frischeversender erhältlich; ein belastbarer allgemeiner Supermarktweg für die exakte Pilzform ist nicht belegt.	HUMAN_EXPLICIT	HUMAN_EXPLICIT	HUMAN_EXPLICIT	HUMAN_EXPLICIT	HUMAN_EXPLICIT	HUMAN_EXPLICIT	APPROVED_FINAL		AI_REVIEW_BASE|HUMAN_CHARGE_5	f8855121af336a7c13cd799cafede5f9b9420f28	AVAILABILITY_NOVELTY_V1_20260907
SHIRATAKI	Shirataki-Nudeln	APPLICABLE	2	PLANNED	PLANNED	Shirataki-Nudeln ist über eine konkrete Vorbestellung oder Bestandsabfrage für Getreide- oder Stärkeware im allgemeinen deutschen Handel planbar, lokal aber kein verlässlicher Standardartikel.	Shirataki-Nudeln: Tobias sucht „Shirataki-Nudeln“ in Rostock über gut sortierte Vollsortimenter und etablierte deutsche Bio- oder Trockenwarenhändler gesucht.	HUMAN_EXPLICIT	HUMAN_EXPLICIT	HUMAN_EXPLICIT	HUMAN_EXPLICIT	HUMAN_EXPLICIT	HUMAN_EXPLICIT	APPROVED_FINAL		AI_REVIEW_BASE|HUMAN_CHARGE_5	f8855121af336a7c13cd799cafede5f9b9420f28	AVAILABILITY_NOVELTY_V1_20260907
SHRIMP	Garnelen	APPLICABLE	1	EASY	EASY	Garnelen: gewöhnlicher lokaler Bezugsweg über den Bereich »Fischkühlung, Fischtheke oder Tiefkühlabteilung«.	Garnelen: gewöhnlicher lokaler Bezugsweg über den Bereich »Garnelen«.	AI_BULK_ACCEPTED	AI_BULK_ACCEPTED	AI_BULK_ACCEPTED	AI_BULK_ACCEPTED	AI_BULK_ACCEPTED	AI_BULK_ACCEPTED	APPROVED_FINAL		AI_REVIEW_BASE	f8855121af336a7c13cd799cafede5f9b9420f28	AVAILABILITY_NOVELTY_V1_20260907
SHRIMP_PASTE	Garnelenpaste	APPLICABLE	3	SPECIALTY	SPECIALTY	Garnelenpaste ist im einschlägigen Spezialmarkt breit etabliert; dokumentierte reguläre Wege sind die voneinander unabhängigen Händler Village Foods – Por Kwan shrimp paste 200 g sowie Asiashoponline – Mae Pranom shrimp paste 350 g.	Garnelenpaste: Rostocker Bezugsweg über Asiashoponline – Mae Pranom shrimp paste 350 g und Village Foods – Por Kwan shrimp paste 200 g; dokumentiert sind ein dokumentiertes laufendes Angebot und Standardversand.	AI_BULK_ACCEPTED	AI_BULK_ACCEPTED	AI_BULK_ACCEPTED	AI_BULK_ACCEPTED	AI_BULK_ACCEPTED	AI_BULK_ACCEPTED	APPROVED_FINAL		AI_REVIEW_BASE	f8855121af336a7c13cd799cafede5f9b9420f28	AVAILABILITY_NOVELTY_V1_20260907
SICHUAN_PEPPER	Szechuanpfeffer	APPLICABLE	2	SPECIALTY	SPECIALTY	Szechuanpfeffer ist im einschlägigen Spezialmarkt breit etabliert; dokumentierte reguläre Wege sind die voneinander unabhängigen Händler Asiafoodland – whole wild Sichuan pepper 50 g sowie Gewürze der Welt – Sichuan pepper range.	Szechuanpfeffer: Rostocker Bezugsweg über Asiafoodland – whole wild Sichuan pepper 50 g und Gewürze der Welt – Sichuan pepper range; dokumentiert sind ein dokumentiertes laufendes Angebot und Standardversand.	AI_BULK_ACCEPTED	AI_BULK_ACCEPTED	AI_BULK_ACCEPTED	AI_BULK_ACCEPTED	AI_BULK_ACCEPTED	AI_BULK_ACCEPTED	APPROVED_FINAL		AI_REVIEW_BASE	f8855121af336a7c13cd799cafede5f9b9420f28	AVAILABILITY_NOVELTY_V1_20260907
SILKEN_TOFU	Seidentofu	APPLICABLE	2	PLANNED	PLANNED	Seidentofu ist über ein vorab zu prüfendes Sortiment im Bereich »Kühlregal für Tofu und pflanzliche Proteinprodukte« eines großen Bornheimer Markts im allgemeinen deutschen Handel planbar, lokal aber kein verlässlicher Standardartikel.	Seidentofu: Die Rostocker Warenprüfung für „Seidentofu“ erfolgt über gut sortierte Vollsortimenter und etablierte deutsche Bio- oder Trockenwarenhändler.	HUMAN_EXPLICIT	HUMAN_EXPLICIT	HUMAN_EXPLICIT	HUMAN_EXPLICIT	HUMAN_EXPLICIT	HUMAN_EXPLICIT	APPROVED_FINAL		AI_REVIEW_BASE|HUMAN_CHARGE_5	f8855121af336a7c13cd799cafede5f9b9420f28	AVAILABILITY_NOVELTY_V1_20260907
SLIVOVICE	Sliwowitz	APPLICABLE	4	PLANNED	PLANNED	Sliwowitz: Weinquelles formgenaue Kategorie „Obstbrand aus Pflaumen“ enthält mehrere lagernde Flaschen; deutschlandweiter Versand in üblicherweise 1–3 Werktagen eröffnet Georgia einen planbaren Spirituosenweg nach Bornheim.	Sliwowitz: Weinquelles formgenaue Kategorie „Obstbrand aus Pflaumen“ zeigt mehrere lagernde Flaschen; der deutschlandweite Versand in üblicherweise 1–3 Werktagen ist für Rostock ein belastbarer geplanter Spirituosenweg.	AI_BULK_ACCEPTED	AI_BULK_ACCEPTED	AI_BULK_ACCEPTED	AI_BULK_ACCEPTED	AI_BULK_ACCEPTED	AI_BULK_ACCEPTED	APPROVED_FINAL		AI_REVIEW_BASE	f8855121af336a7c13cd799cafede5f9b9420f28	AVAILABILITY_NOVELTY_V1_20260907
SMOKED_PAPRIKA	geräuchertes Paprikapulver	APPLICABLE	1	EASY	EASY	geräuchertes Paprikapulver: gewöhnlicher lokaler Bezugsweg über den Bereich »Gewürz- und Trockenwürzregal«.	geräuchertes Paprikapulver: gewöhnlicher lokaler Bezugsweg über den Bereich »geräuchertes Paprikapulver«.	AI_BULK_ACCEPTED	AI_BULK_ACCEPTED	AI_BULK_ACCEPTED	AI_BULK_ACCEPTED	AI_BULK_ACCEPTED	AI_BULK_ACCEPTED	APPROVED_FINAL		AI_REVIEW_BASE	f8855121af336a7c13cd799cafede5f9b9420f28	AVAILABILITY_NOVELTY_V1_20260907
SMOKED_SALMON	Räucherlachs	APPLICABLE	1	EASY	EASY	Räucherlachs: gewöhnlicher lokaler Bezugsweg über den Bereich »Fischkonserven- oder internationales Trockenwarenregal«.	Räucherlachs: gewöhnlicher lokaler Bezugsweg über den Bereich »Räucherlachs«.	AI_BULK_ACCEPTED	AI_BULK_ACCEPTED	AI_BULK_ACCEPTED	AI_BULK_ACCEPTED	AI_BULK_ACCEPTED	AI_BULK_ACCEPTED	APPROVED_FINAL		AI_REVIEW_BASE	f8855121af336a7c13cd799cafede5f9b9420f28	AVAILABILITY_NOVELTY_V1_20260907
SMOKED_TOFU	Räuchertofu	APPLICABLE	2	EASY	EASY	Räuchertofu: gewöhnlicher lokaler Bezugsweg über den Bereich »Kühlregal für Tofu und pflanzliche Proteinprodukte«.	Räuchertofu: Rostocker Bezugsweg über das Hülsenfrucht-, Konserven- oder Trockensortiment eines gewöhnlichen großen Rostocker Supermarkts.	AI_BULK_ACCEPTED	AI_BULK_ACCEPTED	AI_BULK_ACCEPTED	AI_BULK_ACCEPTED	AI_BULK_ACCEPTED	AI_BULK_ACCEPTED	APPROVED_FINAL		AI_REVIEW_BASE	f8855121af336a7c13cd799cafede5f9b9420f28	AVAILABILITY_NOVELTY_V1_20260907
SMOKED_TROUT	Räucherforelle	APPLICABLE	2	PLANNED	PLANNED	Räucherforelle: In gut sortierten Märkten und Fischfachhandel verlässlich planbar aber nicht in jeder alltäglichen Ausweichquelle.	Räucherforelle: In gut sortierten Märkten und Fischfachhandel verlässlich planbar aber nicht in jeder alltäglichen Ausweichquelle.	AI_BULK_ACCEPTED	HUMAN_EXPLICIT	HUMAN_EXPLICIT	AI_BULK_ACCEPTED	AI_BULK_ACCEPTED	MIXED	APPROVED_FINAL		AI_REVIEW_BASE|AVAILABILITY_V2_ANCHOR_HUMAN	f8855121af336a7c13cd799cafede5f9b9420f28	AVAILABILITY_NOVELTY_V1_20260907
SOBA	Soba	APPLICABLE	2	PLANNED	PLANNED	Soba: ist „Reis-, Mehl-, Nudel- oder Trockenwarenregal nach vorheriger Händlerprüfung“ der einschlägige Weg.	Soba: Rostocker Bezugsweg über gut sortierte Vollsortimenter und etablierte deutsche Bio- oder Trockenwarenhändler.	AI_BULK_ACCEPTED	AI_BULK_ACCEPTED	AI_BULK_ACCEPTED	AI_BULK_ACCEPTED	AI_BULK_ACCEPTED	AI_BULK_ACCEPTED	APPROVED_FINAL		AI_REVIEW_BASE	f8855121af336a7c13cd799cafede5f9b9420f28	AVAILABILITY_NOVELTY_V1_20260907
SOBRASADA	Sobrasada	APPLICABLE	3	SPECIALTY	SPECIALTY	Sobrasada ist im einschlägigen Spezialmarkt breit etabliert; dokumentierte reguläre Wege sind die voneinander unabhängigen Händler Mitte Meer – Mediterranean direct shop sowie Directos – spicy sobrassade.	Sobrasada: Rostocker Bezugsweg über Directos – spicy sobrassade und Mitte Meer – Mediterranean direct shop; dokumentiert sind ein dokumentiertes laufendes Angebot und Kühlversand sowie Standardversand.	AI_BULK_ACCEPTED	AI_BULK_ACCEPTED	AI_BULK_ACCEPTED	AI_BULK_ACCEPTED	AI_BULK_ACCEPTED	AI_BULK_ACCEPTED	APPROVED_FINAL		AI_REVIEW_BASE	f8855121af336a7c13cd799cafede5f9b9420f28	AVAILABILITY_NOVELTY_V1_20260907
SOLE	Seezunge	APPLICABLE	1	SPECIALTY	SPECIALTY	Seezunge ist über Fischfachhandel und spezialisierte Seafood-Wege erhältlich; die exakte Art ist kein breit abgesicherter allgemeiner Fischthekenstandard.	Seezunge ist über Fischfachhandel und spezialisierte Seafood-Wege erhältlich; die exakte Art ist kein breit abgesicherter allgemeiner Fischthekenstandard.	HUMAN_EXPLICIT	HUMAN_EXPLICIT	HUMAN_EXPLICIT	HUMAN_EXPLICIT	HUMAN_EXPLICIT	HUMAN_EXPLICIT	APPROVED_FINAL		AI_REVIEW_BASE|HUMAN_CHARGE_4	f8855121af336a7c13cd799cafede5f9b9420f28	AVAILABILITY_NOVELTY_V1_20260907
SOURDOUGH_BREAD	Sauerteigbrot	APPLICABLE	1	EASY	EASY	Sauerteigbrot liegt im Bornheimer Brot- und Backwarenbereich als frischer Laib oder abgepacktes Schnittbrot.	Sauerteigbrot: gewöhnlicher lokaler Bezugsweg über den Bereich »Sauerteigbrot«.	AI_BULK_ACCEPTED	AI_BULK_ACCEPTED	AI_BULK_ACCEPTED	AI_BULK_ACCEPTED	AI_BULK_ACCEPTED	AI_BULK_ACCEPTED	APPROVED_FINAL		AI_REVIEW_BASE	f8855121af336a7c13cd799cafede5f9b9420f28	AVAILABILITY_NOVELTY_V1_20260907
SOUR_CHERRY	Sauerkirsche	APPLICABLE	2	PLANNED	PLANNED	Sauerkirsche: GLOBUS listet ungesüßte Alnatura-Sauerkirschen aus Sauerkirschen, Wasser und Sauerkirschsaft im regulären Konservensortiment.	Sauerkirsche: GLOBUS listet ungesüßte Alnatura-Sauerkirschen aus Sauerkirschen, Wasser und Sauerkirschsaft im regulären Konservensortiment.	AI_BULK_ACCEPTED	AI_BULK_ACCEPTED	AI_BULK_ACCEPTED	AI_BULK_ACCEPTED	AI_BULK_ACCEPTED	AI_BULK_ACCEPTED	APPROVED_FINAL		AI_REVIEW_BASE	f8855121af336a7c13cd799cafede5f9b9420f28	AVAILABILITY_NOVELTY_V1_20260907
SOUR_CREAM	saure Sahne	APPLICABLE	1	EASY	EASY	saure Sahne: gewöhnlicher lokaler Bezugsweg über den Bereich »Molkereikühlregal«.	saure Sahne: gewöhnlicher lokaler Bezugsweg über den Bereich »saure Sahne«.	AI_BULK_ACCEPTED	AI_BULK_ACCEPTED	AI_BULK_ACCEPTED	AI_BULK_ACCEPTED	AI_BULK_ACCEPTED	AI_BULK_ACCEPTED	APPROVED_FINAL		AI_REVIEW_BASE	f8855121af336a7c13cd799cafede5f9b9420f28	AVAILABILITY_NOVELTY_V1_20260907
SOUR_RYE_STARTER	Żur-Saueransatz	APPLICABLE	3	SPECIALTY	SPECIALTY	Żur-Saueransatz ist im einschlägigen Spezialmarkt breit etabliert; dokumentierte reguläre Wege sind die voneinander unabhängigen Händler Polskashop24 – Polish cooking aids with Zakwas sowie Krakowiacy i Górale – Zakwas na żur 900 ml.	Żur-Saueransatz: Rostocker Bezugsweg über Krakowiacy i Górale – Zakwas na żur 900 ml und Polskashop24 – Polish cooking aids with Zakwas; dokumentiert sind ein dokumentiertes laufendes Angebot und Standardversand.	HUMAN_EXPLICIT	HUMAN_EXPLICIT	HUMAN_EXPLICIT	HUMAN_EXPLICIT	HUMAN_EXPLICIT	HUMAN_EXPLICIT	APPROVED_FINAL		AI_REVIEW_BASE|HUMAN_CHARGE_3	f8855121af336a7c13cd799cafede5f9b9420f28	AVAILABILITY_NOVELTY_V1_20260907
SOYBEANS	Sojabohnen	APPLICABLE	2	PLANNED	PLANNED	Sojabohnen ist über eine konkrete Vorbestellung oder Bestandsabfrage für pflanzliches Proteinprodukt im allgemeinen deutschen Handel planbar, lokal aber kein verlässlicher Standardartikel.	Sojabohnen: Rostocker Bezugsweg über gut sortierte Vollsortimenter und etablierte deutsche Bio- oder Trockenwarenhändler.	AI_BULK_ACCEPTED	AI_BULK_ACCEPTED	AI_BULK_ACCEPTED	AI_BULK_ACCEPTED	AI_BULK_ACCEPTED	AI_BULK_ACCEPTED	APPROVED_FINAL		AI_REVIEW_BASE	f8855121af336a7c13cd799cafede5f9b9420f28	AVAILABILITY_NOVELTY_V1_20260907
SOY_DRINK	Sojadrink	APPLICABLE	2	EASY	EASY	Sojadrink: gewöhnlicher lokaler Bezugsweg über den Bereich »Regal für haltbare oder gekühlte Pflanzendrinks«.	Sojadrink: gewöhnlicher lokaler Bezugsweg über den Bereich »Sojadrink«.	AI_BULK_ACCEPTED	AI_BULK_ACCEPTED	AI_BULK_ACCEPTED	AI_BULK_ACCEPTED	AI_BULK_ACCEPTED	AI_BULK_ACCEPTED	APPROVED_FINAL		AI_REVIEW_BASE	f8855121af336a7c13cd799cafede5f9b9420f28	AVAILABILITY_NOVELTY_V1_20260907
SOY_PRODUCTS	Sojazutat	APPLICABLE	2	EASY	EASY	Sojazutat: gewöhnlicher lokaler Bezugsweg über den Bereich »Kühlregal für Tofu und pflanzliche Proteinprodukte«.	Sojazutat: Rostocker Bezugsweg über das Hülsenfrucht-, Konserven- oder Trockensortiment eines gewöhnlichen großen Rostocker Supermarkts.	AI_BULK_ACCEPTED	AI_BULK_ACCEPTED	AI_BULK_ACCEPTED	AI_BULK_ACCEPTED	AI_BULK_ACCEPTED	AI_BULK_ACCEPTED	APPROVED_FINAL		AI_REVIEW_BASE	f8855121af336a7c13cd799cafede5f9b9420f28	AVAILABILITY_NOVELTY_V1_20260907
SOY_SAUCE	Sojasauce	APPLICABLE	1	EASY	EASY	Sojasauce: gewöhnlicher lokaler Bezugsweg über den Bereich »Saucen-, Würzpasten- und Feinkostregal«.	Sojasauce: gewöhnlicher lokaler Bezugsweg über den Bereich »Sojasauce«.	AI_BULK_ACCEPTED	AI_BULK_ACCEPTED	AI_BULK_ACCEPTED	AI_BULK_ACCEPTED	AI_BULK_ACCEPTED	AI_BULK_ACCEPTED	APPROVED_FINAL		AI_REVIEW_BASE	f8855121af336a7c13cd799cafede5f9b9420f28	AVAILABILITY_NOVELTY_V1_20260907
SPAETZLE	Spätzle	APPLICABLE	1	EASY	EASY	Spätzle: gewöhnlicher lokaler Bezugsweg über den Bereich »Reis-, Mehl-, Nudel- oder Trockenwarenregal«.	Spätzle: gewöhnlicher lokaler Bezugsweg über den Bereich »Spätzle«.	AI_BULK_ACCEPTED	AI_BULK_ACCEPTED	AI_BULK_ACCEPTED	AI_BULK_ACCEPTED	AI_BULK_ACCEPTED	AI_BULK_ACCEPTED	APPROVED_FINAL		AI_REVIEW_BASE	f8855121af336a7c13cd799cafede5f9b9420f28	AVAILABILITY_NOVELTY_V1_20260907
SPAGHETTI	Spaghetti	APPLICABLE	1	EASY	EASY	Spaghetti: gewöhnlicher lokaler Bezugsweg über den Bereich »Reis-, Mehl-, Nudel- oder Trockenwarenregal«.	Spaghetti: Rostocker Bezugsweg über das Getreide-, Mehl-, Reis- oder Teigwarenregal eines gewöhnlichen großen Rostocker Supermarkts.	AI_BULK_ACCEPTED	AI_BULK_ACCEPTED	AI_BULK_ACCEPTED	AI_BULK_ACCEPTED	AI_BULK_ACCEPTED	AI_BULK_ACCEPTED	APPROVED_FINAL		AI_REVIEW_BASE	f8855121af336a7c13cd799cafede5f9b9420f28	AVAILABILITY_NOVELTY_V1_20260907
SPAGHETTI_SQUASH	Spaghettikürbis	APPLICABLE	2	PLANNED	PLANNED	Spaghettikürbis ist über eine gezielte Filial- oder Bestellprüfung für Gemüse oder Pilz im allgemeinen deutschen Handel planbar, lokal aber kein verlässlicher Standardartikel.	Spaghettikürbis: Für „Spaghettikürbis“ wird das Angebot über gut sortierte Vollsortimenter und etablierte deutsche Gemüse- oder Frischehändler kontrolliert.	AI_BULK_ACCEPTED	AI_BULK_ACCEPTED	AI_BULK_ACCEPTED	AI_BULK_ACCEPTED	AI_BULK_ACCEPTED	AI_BULK_ACCEPTED	APPROVED_FINAL		AI_REVIEW_BASE	f8855121af336a7c13cd799cafede5f9b9420f28	AVAILABILITY_NOVELTY_V1_20260907
SPECULAAS_SPICE	Spekulatiusgewürz	APPLICABLE	2	PLANNED	PLANNED	Spekulatiusgewürz: Der passende Warenweg führt vom Standort Bornheim über „Gewürz- und Trockenwürzregal per bestandsgeprüfter Abholung“.	Spekulatiusgewürz: Die Rostocker Warenprüfung für „Spekulatiusgewürz“ erfolgt über gut sortierte Vollsortimenter und etablierte deutsche Gewürzhändler.	AI_BULK_ACCEPTED	AI_BULK_ACCEPTED	AI_BULK_ACCEPTED	AI_BULK_ACCEPTED	AI_BULK_ACCEPTED	AI_BULK_ACCEPTED	APPROVED_FINAL		AI_REVIEW_BASE	f8855121af336a7c13cd799cafede5f9b9420f28	AVAILABILITY_NOVELTY_V1_20260907
SPECULOOS	Spekulatius	APPLICABLE	4	EASY	EASY	Spekulatius: gewöhnlicher lokaler Bezugsweg über den Bereich »Backzutaten-, Süßwaren- oder Kakaoregal«.	Spekulatius: gewöhnlicher lokaler Bezugsweg über den Bereich »Spekulatius«.	AI_BULK_ACCEPTED	AI_BULK_ACCEPTED	AI_BULK_ACCEPTED	AI_BULK_ACCEPTED	AI_BULK_ACCEPTED	AI_BULK_ACCEPTED	APPROVED_FINAL		AI_REVIEW_BASE	f8855121af336a7c13cd799cafede5f9b9420f28	AVAILABILITY_NOVELTY_V1_20260907
SPELT	Dinkel	APPLICABLE	2	PLANNED	PLANNED	Dinkel: Georgia prüft und bezieht die Form über „Reis-, Mehl-, Nudel- oder Trockenwarenregal über einen gut sortierten Markt mit Bestellservice“.	Dinkel: Die Beschaffung von „Dinkel“ erfolgt in Rostock über gut sortierte Vollsortimenter und etablierte deutsche Bio- oder Trockenwarenhändler.	AI_BULK_ACCEPTED	AI_BULK_ACCEPTED	AI_BULK_ACCEPTED	AI_BULK_ACCEPTED	AI_BULK_ACCEPTED	AI_BULK_ACCEPTED	APPROVED_FINAL		AI_REVIEW_BASE	f8855121af336a7c13cd799cafede5f9b9420f28	AVAILABILITY_NOVELTY_V1_20260907
SPICES	Gewürz oder trockenes Würzmittel	NOT_APPLICABLE_STRUCTURE	NOT_APPLICABLE	NOT_APPLICABLE	NOT_APPLICABLE			HUMAN_EXPLICIT	HUMAN_EXPLICIT	HUMAN_EXPLICIT	NOT_APPLICABLE	NOT_APPLICABLE	HUMAN_EXPLICIT	APPROVED_FINAL		AI_REVIEW_BASE|STRUCTURE_DECISION_HUMAN	f8855121af336a7c13cd799cafede5f9b9420f28	AVAILABILITY_NOVELTY_V1_20260907
SPICE_BLENDS	Gewürzmischung	APPLICABLE	2	EASY	EASY	Gewürzmischung: gewöhnlicher lokaler Bezugsweg über den Bereich »Gewürz- und Trockenwürzregal«.	Gewürzmischung: gewöhnlicher lokaler Bezugsweg über den Bereich »Gewürzmischung«.	AI_BULK_ACCEPTED	AI_BULK_ACCEPTED	AI_BULK_ACCEPTED	AI_BULK_ACCEPTED	AI_BULK_ACCEPTED	AI_BULK_ACCEPTED	APPROVED_FINAL		AI_REVIEW_BASE	f8855121af336a7c13cd799cafede5f9b9420f28	AVAILABILITY_NOVELTY_V1_20260907
SPINACH	Spinat	APPLICABLE	1	EASY	EASY	Spinat: gewöhnlicher lokaler Bezugsweg über den Bereich »Obst- und Gemüseabteilung«.	Spinat: gewöhnlicher lokaler Bezugsweg über den Bereich »Spinat«.	AI_BULK_ACCEPTED	AI_BULK_ACCEPTED	AI_BULK_ACCEPTED	AI_BULK_ACCEPTED	AI_BULK_ACCEPTED	AI_BULK_ACCEPTED	APPROVED_FINAL		AI_REVIEW_BASE	f8855121af336a7c13cd799cafede5f9b9420f28	AVAILABILITY_NOVELTY_V1_20260907
SPLIT_PEAS	Spalterbsen	APPLICABLE	2	EASY	EASY	Spalterbsen: gewöhnlicher lokaler Bezugsweg über den Bereich »Hülsenfrucht-, Konserven- oder Trockenwarenregal«.	Spalterbsen: gewöhnlicher lokaler Bezugsweg über den Bereich »Spalterbsen«.	AI_BULK_ACCEPTED	AI_BULK_ACCEPTED	AI_BULK_ACCEPTED	AI_BULK_ACCEPTED	AI_BULK_ACCEPTED	AI_BULK_ACCEPTED	APPROVED_FINAL		AI_REVIEW_BASE	f8855121af336a7c13cd799cafede5f9b9420f28	AVAILABILITY_NOVELTY_V1_20260907
SPRING_ONION	Frühlingszwiebel	APPLICABLE	1	EASY	EASY	Frühlingszwiebel: gewöhnlicher lokaler Bezugsweg über den Bereich »Obst- und Gemüseabteilung«.	Frühlingszwiebel: gewöhnlicher lokaler Bezugsweg über den Bereich »Frühlingszwiebel«.	AI_BULK_ACCEPTED	AI_BULK_ACCEPTED	AI_BULK_ACCEPTED	AI_BULK_ACCEPTED	AI_BULK_ACCEPTED	AI_BULK_ACCEPTED	APPROVED_FINAL		AI_REVIEW_BASE	f8855121af336a7c13cd799cafede5f9b9420f28	AVAILABILITY_NOVELTY_V1_20260907
SPROUTS	Sprossen	APPLICABLE	2	PLANNED	PLANNED	Sprossen ist über eine konkrete Vorbestellung oder Bestandsabfrage für Gemüse oder Pilz im allgemeinen deutschen Handel planbar, lokal aber kein verlässlicher Standardartikel.	Sprossen: Der konkrete Bezug von „Sprossen“ läuft über gut sortierte Vollsortimenter und etablierte deutsche Gemüse- oder Frischehändler.	AI_BULK_ACCEPTED	AI_BULK_ACCEPTED	AI_BULK_ACCEPTED	AI_BULK_ACCEPTED	AI_BULK_ACCEPTED	AI_BULK_ACCEPTED	APPROVED_FINAL		AI_REVIEW_BASE	f8855121af336a7c13cd799cafede5f9b9420f28	AVAILABILITY_NOVELTY_V1_20260907
SQUID	Tintenfisch	APPLICABLE	2	PLANNED	PLANNED	Tintenfisch ist über einen vorbereiteten Einkauf im gut sortierten Bereich »Fischkühlung, Fischtheke oder Tiefkühlabteilung« im allgemeinen deutschen Handel planbar, lokal aber kein verlässlicher Standardartikel.	Tintenfisch: Die Beschaffung von „Tintenfisch“ erfolgt in Rostock über Vorbestellung an einer gut sortierten Supermarkt-Fischtheke oder etablierter bundesweiter Seafood-Versand.	AI_BULK_ACCEPTED	AI_BULK_ACCEPTED	AI_BULK_ACCEPTED	AI_BULK_ACCEPTED	AI_BULK_ACCEPTED	AI_BULK_ACCEPTED	APPROVED_FINAL		AI_REVIEW_BASE	f8855121af336a7c13cd799cafede5f9b9420f28	AVAILABILITY_NOVELTY_V1_20260907
SRIRACHA	Sriracha	APPLICABLE	2	PLANNED	PLANNED	Sriracha ist über eine gezielte Filial- oder Bestellprüfung für Sauce oder Würzpaste im allgemeinen deutschen Handel planbar, lokal aber kein verlässlicher Standardartikel.	Sriracha: Die Beschaffung von „Sriracha“ erfolgt in Rostock über gut sortierte Vollsortimenter und etablierte deutsche Feinkost- oder Würzsaucenhändler.	AI_BULK_ACCEPTED	AI_BULK_ACCEPTED	AI_BULK_ACCEPTED	AI_BULK_ACCEPTED	AI_BULK_ACCEPTED	AI_BULK_ACCEPTED	APPROVED_FINAL		AI_REVIEW_BASE	f8855121af336a7c13cd799cafede5f9b9420f28	AVAILABILITY_NOVELTY_V1_20260907
STARCHES	stärkehaltige Zutat oder Sättigungsbeilage	APPLICABLE	1	EASY	EASY	stärkehaltige Zutat oder Sättigungsbeilage: gewöhnlicher lokaler Bezugsweg über den Bereich »Reis-, Mehl-, Nudel- oder Trockenwarenregal«.	stärkehaltige Zutat oder Sättigungsbeilage: gewöhnlicher lokaler Bezugsweg über den Bereich »stärkehaltige Zutat oder Sättigungsbeilage«.	AI_BULK_ACCEPTED	AI_BULK_ACCEPTED	AI_BULK_ACCEPTED	AI_BULK_ACCEPTED	AI_BULK_ACCEPTED	AI_BULK_ACCEPTED	APPROVED_FINAL		AI_REVIEW_BASE	f8855121af336a7c13cd799cafede5f9b9420f28	AVAILABILITY_NOVELTY_V1_20260907
STARCH_BINDERS	Stärke oder Bindemittel	APPLICABLE	1	EASY	EASY	Stärke oder Bindemittel: gewöhnlicher lokaler Bezugsweg über den Bereich »Reis-, Mehl-, Nudel- oder Trockenwarenregal«.	Stärke oder Bindemittel: Rostocker Bezugsweg über das Getreide-, Mehl-, Reis- oder Teigwarenregal eines gewöhnlichen großen Rostocker Supermarkts.	AI_BULK_ACCEPTED	AI_BULK_ACCEPTED	AI_BULK_ACCEPTED	AI_BULK_ACCEPTED	AI_BULK_ACCEPTED	AI_BULK_ACCEPTED	APPROVED_FINAL		AI_REVIEW_BASE	f8855121af336a7c13cd799cafede5f9b9420f28	AVAILABILITY_NOVELTY_V1_20260907
STARFRUIT	Sternfrucht oder Karambole	APPLICABLE	3	PLANNED	PLANNED	Sternfrucht oder Karambole ist über eine reguläre Onlinebestellung im allgemeinen Handel mit formgenauer Artikelsuche im allgemeinen deutschen Handel planbar, lokal aber kein verlässlicher Standardartikel.	Sternfrucht oder Karambole: Tobias sucht „Sternfrucht oder Karambole“ in Rostock über gut sortierte Vollsortimenter und etablierte deutsche Frucht- oder Frischehändler gesucht.	AI_BULK_ACCEPTED	AI_BULK_ACCEPTED	AI_BULK_ACCEPTED	AI_BULK_ACCEPTED	AI_BULK_ACCEPTED	AI_BULK_ACCEPTED	APPROVED_FINAL		AI_REVIEW_BASE	f8855121af336a7c13cd799cafede5f9b9420f28	AVAILABILITY_NOVELTY_V1_20260907
STAR_ANISE	Sternanis	APPLICABLE	2	PLANNED	PLANNED	Sternanis ist über eine konkrete Vorbestellung oder Bestandsabfrage für Gewürz im allgemeinen deutschen Handel planbar, lokal aber kein verlässlicher Standardartikel.	Sternanis: Rostocker Bezugsweg über gut sortierte Vollsortimenter und etablierte deutsche Gewürzhändler.	AI_BULK_ACCEPTED	AI_BULK_ACCEPTED	AI_BULK_ACCEPTED	AI_BULK_ACCEPTED	AI_BULK_ACCEPTED	AI_BULK_ACCEPTED	APPROVED_FINAL		AI_REVIEW_BASE	f8855121af336a7c13cd799cafede5f9b9420f28	AVAILABILITY_NOVELTY_V1_20260907
STEM_VEGETABLES	Stängelgemüse	APPLICABLE	1	EASY	EASY	Stängelgemüse: gewöhnlicher lokaler Bezugsweg über den Bereich »Obst- und Gemüseabteilung«.	Stängelgemüse: Rostocker Bezugsweg über die Gemüseabteilung eines gewöhnlichen großen Rostocker Supermarkts.	AI_BULK_ACCEPTED	AI_BULK_ACCEPTED	AI_BULK_ACCEPTED	AI_BULK_ACCEPTED	AI_BULK_ACCEPTED	AI_BULK_ACCEPTED	APPROVED_FINAL		AI_REVIEW_BASE	f8855121af336a7c13cd799cafede5f9b9420f28	AVAILABILITY_NOVELTY_V1_20260907
STICKY_RICE	Klebreis	APPLICABLE	2	SPECIALTY	SPECIALTY	Klebreis ist im einschlägigen Spezialmarkt breit etabliert; dokumentierte reguläre Wege sind die voneinander unabhängigen Händler Asiafoodland – sticky rice range sowie Asia4Friends – sticky rice range.	Klebreis: Rostocker Bezugsweg über Asia4Friends – sticky rice range und Asiafoodland – sticky rice range; dokumentiert sind ein dokumentiertes laufendes Angebot und Standardversand.	AI_BULK_ACCEPTED	AI_BULK_ACCEPTED	AI_BULK_ACCEPTED	AI_BULK_ACCEPTED	AI_BULK_ACCEPTED	AI_BULK_ACCEPTED	APPROVED_FINAL		AI_REVIEW_BASE	f8855121af336a7c13cd799cafede5f9b9420f28	AVAILABILITY_NOVELTY_V1_20260907
STINKY_TOFU	Stinky Tofu	APPLICABLE	4	DIFFICULT	DIFFICULT	Stinky Tofu: Nur der schmale Händlerweg über Bick Shop – Wangzhihe stinky tofu 330 g ist positiv belegt; Importbeschränkung begrenzt Form, Bestand oder Logistik.	Stinky Tofu: Rostocker Bezugsweg über Bick Shop – Wangzhihe stinky tofu 330 g; dokumentiert sind eine vor dem Einkauf erneut zu prüfende Verfügbarkeit und Importbeschränkungen.	HUMAN_EXPLICIT	HUMAN_EXPLICIT	HUMAN_EXPLICIT	HUMAN_EXPLICIT	HUMAN_EXPLICIT	HUMAN_EXPLICIT	APPROVED_FINAL		AI_REVIEW_BASE|HUMAN_CHARGE_6	f8855121af336a7c13cd799cafede5f9b9420f28	AVAILABILITY_NOVELTY_V1_20260907
STOCKFISH	Stockfisch	APPLICABLE	3	DIFFICULT	DIFFICULT	Stockfisch: Wenige norwegisch/afrikanisch/adria-spezialisierte Wege und hohe Verwechslungsgefahr mit gesalzenem Klippfisch/Bacalhau.	Stockfisch: Wenige norwegisch/afrikanisch/adria-spezialisierte Wege und hohe Verwechslungsgefahr mit gesalzenem Klippfisch/Bacalhau.	HUMAN_EXPLICIT	HUMAN_EXPLICIT	HUMAN_EXPLICIT	AI_BULK_ACCEPTED	AI_BULK_ACCEPTED	HUMAN_EXPLICIT	APPROVED_FINAL		AI_REVIEW_BASE|NOVELTY_REFERENCE_ANCHOR_HUMAN|AVAILABILITY_V2_ANCHOR_HUMAN	f8855121af336a7c13cd799cafede5f9b9420f28	AVAILABILITY_NOVELTY_V1_20260907
STOCKS	Brühe oder Fond	APPLICABLE	1	EASY	EASY	Brühe oder Fond: gewöhnlicher lokaler Bezugsweg über den Bereich »Brühen-, Fond- und Suppenregal«.	Brühe oder Fond: Rostocker Bezugsweg über das Brühen-, Fonds- oder Suppenregal eines gewöhnlichen großen Rostocker Supermarkts.	AI_BULK_ACCEPTED	AI_BULK_ACCEPTED	AI_BULK_ACCEPTED	AI_BULK_ACCEPTED	AI_BULK_ACCEPTED	AI_BULK_ACCEPTED	APPROVED_FINAL		AI_REVIEW_BASE	f8855121af336a7c13cd799cafede5f9b9420f28	AVAILABILITY_NOVELTY_V1_20260907
STONE_FRUIT	Steinobst	APPLICABLE	1	EASY	EASY	Steinobst: gewöhnlicher lokaler Bezugsweg über den Bereich »Obst- und Gemüseabteilung«.	Steinobst: gewöhnlicher lokaler Bezugsweg über den Bereich »Steinobst«.	AI_BULK_ACCEPTED	AI_BULK_ACCEPTED	AI_BULK_ACCEPTED	AI_BULK_ACCEPTED	AI_BULK_ACCEPTED	AI_BULK_ACCEPTED	APPROVED_FINAL		AI_REVIEW_BASE	f8855121af336a7c13cd799cafede5f9b9420f28	AVAILABILITY_NOVELTY_V1_20260907
STRAWBERRY	Erdbeere	APPLICABLE	1	EASY	EASY	Erdbeere: gewöhnlicher lokaler Bezugsweg über den Bereich »Obst- und Gemüseabteilung«.	Erdbeere: Rostocker Bezugsweg über den Obst- oder Tiefkühlobstbereich eines gewöhnlichen großen Rostocker Supermarkts.	AI_BULK_ACCEPTED	AI_BULK_ACCEPTED	AI_BULK_ACCEPTED	AI_BULK_ACCEPTED	AI_BULK_ACCEPTED	AI_BULK_ACCEPTED	APPROVED_FINAL		AI_REVIEW_BASE	f8855121af336a7c13cd799cafede5f9b9420f28	AVAILABILITY_NOVELTY_V1_20260907
STROOPWAFEL	Stroopwafel	APPLICABLE	4	PLANNED	PLANNED	Stroopwafel ist über eine gezielte Filial- oder Bestellprüfung für Back- oder Brotwaren im allgemeinen deutschen Handel planbar, lokal aber kein verlässlicher Standardartikel.	Stroopwafel: Beim Einkauf von „Stroopwafel“ nutzt Tobias gut sortierte Vollsortimenter und etablierte deutsche Back- oder Süßwarenhändler.	AI_BULK_ACCEPTED	AI_BULK_ACCEPTED	AI_BULK_ACCEPTED	AI_BULK_ACCEPTED	AI_BULK_ACCEPTED	AI_BULK_ACCEPTED	APPROVED_FINAL		AI_REVIEW_BASE	f8855121af336a7c13cd799cafede5f9b9420f28	AVAILABILITY_NOVELTY_V1_20260907
SUGARCANE_VINEGAR	Zuckerrohressig	APPLICABLE	3	SPECIALTY	SPECIALTY	Zuckerrohressig ist im einschlägigen Spezialmarkt breit etabliert; dokumentierte reguläre Wege sind die voneinander unabhängigen Händler Village Foods – Silver Swan cane vinegar sowie Pilipino Business – Datu Puti cane vinegar 750 ml.	Zuckerrohressig: Rostocker Bezugsweg über Pilipino Business – Datu Puti cane vinegar 750 ml und Village Foods – Silver Swan cane vinegar; dokumentiert sind eine vor dem Einkauf erneut zu prüfende Verfügbarkeit und Standardversand.	AI_BULK_ACCEPTED	AI_BULK_ACCEPTED	AI_BULK_ACCEPTED	AI_BULK_ACCEPTED	AI_BULK_ACCEPTED	AI_BULK_ACCEPTED	APPROVED_FINAL		AI_REVIEW_BASE	f8855121af336a7c13cd799cafede5f9b9420f28	AVAILABILITY_NOVELTY_V1_20260907
SUGAR_SNAP_PEAS	Zuckerschoten	APPLICABLE	1	EASY	EASY	Zuckerschoten: gewöhnlicher lokaler Bezugsweg über den Bereich »Obst- und Gemüseabteilung«.	Zuckerschoten: Rostocker Bezugsweg über die Gemüseabteilung eines gewöhnlichen großen Rostocker Supermarkts.	AI_BULK_ACCEPTED	AI_BULK_ACCEPTED	AI_BULK_ACCEPTED	AI_BULK_ACCEPTED	AI_BULK_ACCEPTED	AI_BULK_ACCEPTED	APPROVED_FINAL		AI_REVIEW_BASE	f8855121af336a7c13cd799cafede5f9b9420f28	AVAILABILITY_NOVELTY_V1_20260907
SUMAC	Sumach	APPLICABLE	2	PLANNED	SPECIALTY	Sumach: Konkreter regionaler Fachmarktweg für Georgia; Tobias benötigt einschlägigen Spezialhandel. Persönliche Erfahrung macht die Quelle nicht zu EASY.	Sumach: Konkreter regionaler Fachmarktweg für Georgia; Tobias benötigt einschlägigen Spezialhandel. Persönliche Erfahrung macht die Quelle nicht zu EASY.	HUMAN_EXPLICIT	HUMAN_EXPLICIT	HUMAN_EXPLICIT	AI_BULK_ACCEPTED	AI_BULK_ACCEPTED	HUMAN_EXPLICIT	APPROVED_FINAL		AI_REVIEW_BASE|NOVELTY_REFERENCE_ANCHOR_HUMAN|AVAILABILITY_V2_ANCHOR_HUMAN	f8855121af336a7c13cd799cafede5f9b9420f28	AVAILABILITY_NOVELTY_V1_20260907
SUNFLOWER_SEEDS	Sonnenblumenkerne	APPLICABLE	1	EASY	EASY	Sonnenblumenkerne: gewöhnlicher lokaler Bezugsweg über den Bereich »Nuss-, Saaten- oder Nussmusregal«.	Sonnenblumenkerne: gewöhnlicher lokaler Bezugsweg über den Bereich »Sonnenblumenkerne«.	AI_BULK_ACCEPTED	AI_BULK_ACCEPTED	AI_BULK_ACCEPTED	AI_BULK_ACCEPTED	AI_BULK_ACCEPTED	AI_BULK_ACCEPTED	APPROVED_FINAL		AI_REVIEW_BASE	f8855121af336a7c13cd799cafede5f9b9420f28	AVAILABILITY_NOVELTY_V1_20260907
SUN_DRIED_TOMATO	getrocknete Tomaten	APPLICABLE	1	EASY	EASY	getrocknete Tomaten: gewöhnlicher lokaler Bezugsweg über den Bereich »Konserven-, Glas- oder internationales Feinkostregal«.	getrocknete Tomaten: gewöhnlicher lokaler Bezugsweg über den Bereich »getrocknete Tomaten«.	AI_BULK_ACCEPTED	AI_BULK_ACCEPTED	AI_BULK_ACCEPTED	AI_BULK_ACCEPTED	AI_BULK_ACCEPTED	AI_BULK_ACCEPTED	APPROVED_FINAL		AI_REVIEW_BASE	f8855121af336a7c13cd799cafede5f9b9420f28	AVAILABILITY_NOVELTY_V1_20260907
SURIMI	Surimi	APPLICABLE	2	EASY	EASY	Surimi: gewöhnlicher lokaler Bezugsweg über den Bereich »Fischkühlung, Fischtheke oder Tiefkühlabteilung«.	Surimi: Rostocker Bezugsweg über die Fischkühlung, Tiefkühltruhe oder Fischtheke eines gewöhnlichen großen Rostocker Supermarkts.	HUMAN_EXPLICIT	HUMAN_EXPLICIT	HUMAN_EXPLICIT	HUMAN_EXPLICIT	HUMAN_EXPLICIT	HUMAN_EXPLICIT	APPROVED_FINAL		AI_REVIEW_BASE|HUMAN_CHARGE_3	f8855121af336a7c13cd799cafede5f9b9420f28	AVAILABILITY_NOVELTY_V1_20260907
SUSHI_RICE	Sushireis	APPLICABLE	2	PLANNED	PLANNED	Sushireis: In gut sortierten allgemeinen Märkten und im breiten Onlinehandel robust erhältlich jedoch nicht zwingend lokaler Standard.	Sushireis: In gut sortierten allgemeinen Märkten und im breiten Onlinehandel robust erhältlich jedoch nicht zwingend lokaler Standard.	AI_BULK_ACCEPTED	HUMAN_EXPLICIT	HUMAN_EXPLICIT	AI_BULK_ACCEPTED	AI_BULK_ACCEPTED	MIXED	APPROVED_FINAL		AI_REVIEW_BASE|AVAILABILITY_V2_ANCHOR_HUMAN	f8855121af336a7c13cd799cafede5f9b9420f28	AVAILABILITY_NOVELTY_V1_20260907
SWEETENERS	Süßungsmittel	APPLICABLE	1	EASY	EASY	Die offene Süßungsmittelfamilie wird durch gewöhnliche Zucker-, Sirup- und Honigsortimente im lokalen Supermarkt abgedeckt.	Die offene Süßungsmittelfamilie wird durch gewöhnliche Zucker-, Sirup- und Honigsortimente im lokalen Supermarkt abgedeckt.	AI_BULK_ACCEPTED	AI_BULK_ACCEPTED	AI_BULK_ACCEPTED	AI_BULK_ACCEPTED	AI_BULK_ACCEPTED	AI_BULK_ACCEPTED	APPROVED_FINAL		AI_REVIEW_BASE	f8855121af336a7c13cd799cafede5f9b9420f28	AVAILABILITY_NOVELTY_V1_20260907
SWEET_PAPRIKA_POWDER	Paprikapulver edelsüß	APPLICABLE	1	EASY	EASY	Paprikapulver edelsüß: gewöhnlicher lokaler Bezugsweg über den Bereich »Gewürz- und Trockenwürzregal«.	Paprikapulver edelsüß: Rostocker Bezugsweg über das Gewürz- oder Backregal eines gewöhnlichen großen Rostocker Supermarkts.	AI_BULK_ACCEPTED	AI_BULK_ACCEPTED	AI_BULK_ACCEPTED	AI_BULK_ACCEPTED	AI_BULK_ACCEPTED	AI_BULK_ACCEPTED	APPROVED_FINAL		AI_REVIEW_BASE	f8855121af336a7c13cd799cafede5f9b9420f28	AVAILABILITY_NOVELTY_V1_20260907
SWEET_POTATO	Süßkartoffel	APPLICABLE	1	EASY	EASY	Süßkartoffel: gewöhnlicher lokaler Bezugsweg über den Bereich »Obst- und Gemüseabteilung«.	Süßkartoffel: gewöhnlicher lokaler Bezugsweg über den Bereich »Süßkartoffel«.	AI_BULK_ACCEPTED	AI_BULK_ACCEPTED	AI_BULK_ACCEPTED	AI_BULK_ACCEPTED	AI_BULK_ACCEPTED	AI_BULK_ACCEPTED	APPROVED_FINAL		AI_REVIEW_BASE	f8855121af336a7c13cd799cafede5f9b9420f28	AVAILABILITY_NOVELTY_V1_20260907
SWORDFISH	Schwertfisch	APPLICABLE	2	SPECIALTY	SPECIALTY	Schwertfisch ist über mehrere unabhängige Seafood-Fachhändler und spezialisierte Versandwege robust erhältlich, aber nicht über einen breiten allgemeinen Fischhandelsweg.	Schwertfisch ist über mehrere unabhängige Seafood-Fachhändler und spezialisierte Versandwege robust erhältlich, aber nicht über einen breiten allgemeinen Fischhandelsweg.	HUMAN_EXPLICIT	HUMAN_EXPLICIT	HUMAN_EXPLICIT	HUMAN_EXPLICIT	HUMAN_EXPLICIT	HUMAN_EXPLICIT	APPROVED_FINAL		AI_REVIEW_BASE|HUMAN_CHARGE_4	f8855121af336a7c13cd799cafede5f9b9420f28	AVAILABILITY_NOVELTY_V1_20260907
SYRUP	Sirup	APPLICABLE	2	EASY	EASY	Sirup: gewöhnlicher lokaler Bezugsweg über den Bereich »Backzutaten-, Süßwaren- oder Kakaoregal«.	Sirup: gewöhnlicher lokaler Bezugsweg über den Bereich »Sirup«.	AI_BULK_ACCEPTED	AI_BULK_ACCEPTED	AI_BULK_ACCEPTED	AI_BULK_ACCEPTED	AI_BULK_ACCEPTED	AI_BULK_ACCEPTED	APPROVED_FINAL		AI_REVIEW_BASE	f8855121af336a7c13cd799cafede5f9b9420f28	AVAILABILITY_NOVELTY_V1_20260907
TABLEA	Tablea oder Tableya	APPLICABLE	3	DIFFICULT	DIFFICULT	Tablea oder Tableya: Nur der schmale Händlerweg über Filipino Asian Store – Tablea Batirol 200 g ist positiv belegt; Importbeschränkung begrenzt Form, Bestand oder Logistik.	Tablea oder Tableya: Rostocker Bezugsweg über Filipino Asian Store – Tablea Batirol 200 g; dokumentiert sind eine vor dem Einkauf erneut zu prüfende Verfügbarkeit und Importbeschränkungen.	AI_BULK_ACCEPTED	AI_BULK_ACCEPTED	AI_BULK_ACCEPTED	AI_BULK_ACCEPTED	AI_BULK_ACCEPTED	AI_BULK_ACCEPTED	APPROVED_FINAL		AI_REVIEW_BASE	f8855121af336a7c13cd799cafede5f9b9420f28	AVAILABILITY_NOVELTY_V1_20260907
TAHINI	Tahini	APPLICABLE	1	EASY	EASY	Tahini: gewöhnlicher lokaler Bezugsweg über den Bereich »Aufstrich-, Nussmus- oder Feinkostregal«.	Tahini: Rostocker Bezugsweg über das Nuss-, Saaten-, Back- oder Brotaufstrichregal eines gewöhnlichen großen Rostocker Supermarkts.	AI_BULK_ACCEPTED	AI_BULK_ACCEPTED	AI_BULK_ACCEPTED	AI_BULK_ACCEPTED	AI_BULK_ACCEPTED	AI_BULK_ACCEPTED	APPROVED_FINAL		AI_REVIEW_BASE	f8855121af336a7c13cd799cafede5f9b9420f28	AVAILABILITY_NOVELTY_V1_20260907
TAI_PLA	Tai Pla	APPLICABLE	4	DIFFICULT	DIFFICULT	Tai Pla: Sehr enge südthailändische Würze; wenige oder uneindeutige Importwege andere Fischwürzen zählen nicht.	Tai Pla: Sehr enge südthailändische Würze; wenige oder uneindeutige Importwege andere Fischwürzen zählen nicht.	HUMAN_EXPLICIT	HUMAN_EXPLICIT	HUMAN_EXPLICIT	AI_BULK_ACCEPTED	AI_BULK_ACCEPTED	HUMAN_EXPLICIT	APPROVED_FINAL		AI_REVIEW_BASE|NOVELTY_REFERENCE_ANCHOR_HUMAN|AVAILABILITY_V2_ANCHOR_HUMAN	f8855121af336a7c13cd799cafede5f9b9420f28	AVAILABILITY_NOVELTY_V1_20260907
TAMARI	Tamari	APPLICABLE	2	PLANNED	PLANNED	Tamari ist über eine geplante Fahrt zu einem großen Markt mit dem Sortiment »Saucen-, Würzpasten- und Feinkostregal« im allgemeinen deutschen Handel planbar, lokal aber kein verlässlicher Standardartikel.	Tamari: Beim Einkauf von „Tamari“ nutzt Tobias gut sortierte Vollsortimenter und etablierte deutsche Feinkost- oder Würzsaucenhändler.	AI_BULK_ACCEPTED	AI_BULK_ACCEPTED	AI_BULK_ACCEPTED	AI_BULK_ACCEPTED	AI_BULK_ACCEPTED	AI_BULK_ACCEPTED	APPROVED_FINAL		AI_REVIEW_BASE	f8855121af336a7c13cd799cafede5f9b9420f28	AVAILABILITY_NOVELTY_V1_20260907
TAMARIND	Tamarinde	APPLICABLE	2	SPECIALTY	SPECIALTY	Tamarinde ist im einschlägigen Spezialmarkt breit etabliert; dokumentierte reguläre Wege sind die voneinander unabhängigen Händler Asiatischer Lebensmittelladen – tamarind pastes sowie Village Foods – TRS tamarind paste.	Tamarinde: Rostocker Bezugsweg über Asiatischer Lebensmittelladen – tamarind pastes und Village Foods – TRS tamarind paste; dokumentiert sind ein dokumentiertes laufendes Angebot und Standardversand.	AI_BULK_ACCEPTED	AI_BULK_ACCEPTED	AI_BULK_ACCEPTED	AI_BULK_ACCEPTED	AI_BULK_ACCEPTED	AI_BULK_ACCEPTED	APPROVED_FINAL		AI_REVIEW_BASE	f8855121af336a7c13cd799cafede5f9b9420f28	AVAILABILITY_NOVELTY_V1_20260907
TAPENADE	Tapenade	APPLICABLE	2	PLANNED	PLANNED	Tapenade ist über eine konkrete Vorbestellung oder Bestandsabfrage für Sauce oder Würzpaste im allgemeinen deutschen Handel planbar, lokal aber kein verlässlicher Standardartikel.	Tapenade: Für „Tapenade“ wird das Angebot über gut sortierte Vollsortimenter und etablierte deutsche Feinkost- oder Würzsaucenhändler kontrolliert.	AI_BULK_ACCEPTED	AI_BULK_ACCEPTED	AI_BULK_ACCEPTED	AI_BULK_ACCEPTED	AI_BULK_ACCEPTED	AI_BULK_ACCEPTED	APPROVED_FINAL		AI_REVIEW_BASE	f8855121af336a7c13cd799cafede5f9b9420f28	AVAILABILITY_NOVELTY_V1_20260907
TAPIOCA_STARCH	Tapiokastärke	APPLICABLE	1	SPECIALTY	SPECIALTY	Tapiokastärke ist im einschlägigen Spezialmarkt breit etabliert; dokumentierte reguläre Wege sind die voneinander unabhängigen Händler Asiafoodland – Asian food direct shop sowie Asiashoponline – Cock Brand tapioca starch 400 g.	Tapiokastärke: Rostocker Bezugsweg über Asiafoodland – Asian food direct shop und Asiashoponline – Cock Brand tapioca starch 400 g; dokumentiert ist verfügbarer Bestand in einem laufenden Fachsortiment und Standardversand.	AI_BULK_ACCEPTED	AI_BULK_ACCEPTED	AI_BULK_ACCEPTED	AI_BULK_ACCEPTED	AI_BULK_ACCEPTED	AI_BULK_ACCEPTED	APPROVED_FINAL		AI_REVIEW_BASE	f8855121af336a7c13cd799cafede5f9b9420f28	AVAILABILITY_NOVELTY_V1_20260907
TARO	Taro	APPLICABLE	3	SPECIALTY	SPECIALTY	Taro ist im einschlägigen Spezialmarkt breit etabliert; dokumentierte reguläre Wege sind die voneinander unabhängigen Händler Afrofoodexpress – fresh taro/eddo 1 kg sowie Spice Mart – fresh arvi/taro 1 kg.	Taro: Rostocker Bezugsweg über Afrofoodexpress – fresh taro/eddo 1 kg und Spice Mart – fresh arvi/taro 1 kg; dokumentiert ist verfügbarer Bestand in einem laufenden Fachsortiment und Frischeversand.	HUMAN_EXPLICIT	HUMAN_EXPLICIT	HUMAN_EXPLICIT	HUMAN_EXPLICIT	HUMAN_EXPLICIT	HUMAN_EXPLICIT	APPROVED_FINAL		AI_REVIEW_BASE|HUMAN_CHARGE_3	f8855121af336a7c13cd799cafede5f9b9420f28	AVAILABILITY_NOVELTY_V1_20260907
TARRAGON	Estragon	APPLICABLE	1	EASY	EASY	Estragon: gewöhnlicher lokaler Bezugsweg über den Bereich »frische Kräuterabteilung«.	Estragon: gewöhnlicher lokaler Bezugsweg über den Bereich »Estragon«.	AI_BULK_ACCEPTED	AI_BULK_ACCEPTED	AI_BULK_ACCEPTED	AI_BULK_ACCEPTED	AI_BULK_ACCEPTED	AI_BULK_ACCEPTED	APPROVED_FINAL		AI_REVIEW_BASE	f8855121af336a7c13cd799cafede5f9b9420f28	AVAILABILITY_NOVELTY_V1_20260907
TEA	Tee	APPLICABLE	4	EASY	EASY	Tee: gewöhnlicher lokaler Bezugsweg über den Bereich »Tee- und Aufgussregal«.	Tee: Rostocker Bezugsweg über das Kaffee- oder Teeregal eines gewöhnlichen großen Rostocker Supermarkts.	AI_BULK_ACCEPTED	AI_BULK_ACCEPTED	AI_BULK_ACCEPTED	AI_BULK_ACCEPTED	AI_BULK_ACCEPTED	AI_BULK_ACCEPTED	APPROVED_FINAL		AI_REVIEW_BASE	f8855121af336a7c13cd799cafede5f9b9420f28	AVAILABILITY_NOVELTY_V1_20260907
TEMPEH	Tempeh	APPLICABLE	2	PLANNED	PLANNED	Tempeh ist über eine konkrete Vorbestellung oder Bestandsabfrage für pflanzliches Proteinprodukt im allgemeinen deutschen Handel planbar, lokal aber kein verlässlicher Standardartikel.	Tempeh: Für „Tempeh“ wird das Angebot über gut sortierte Vollsortimenter und etablierte deutsche Bio- oder Trockenwarenhändler kontrolliert.	AI_BULK_ACCEPTED	AI_BULK_ACCEPTED	AI_BULK_ACCEPTED	AI_BULK_ACCEPTED	AI_BULK_ACCEPTED	AI_BULK_ACCEPTED	APPROVED_FINAL		AI_REVIEW_BASE	f8855121af336a7c13cd799cafede5f9b9420f28	AVAILABILITY_NOVELTY_V1_20260907
TERIYAKI_SAUCE	Teriyakisauce	APPLICABLE	1	EASY	EASY	Teriyakisauce: gewöhnlicher lokaler Bezugsweg über den Bereich »Saucen-, Würzpasten- und Feinkostregal«.	Teriyakisauce: gewöhnlicher lokaler Bezugsweg über den Bereich »Teriyakisauce«.	AI_BULK_ACCEPTED	AI_BULK_ACCEPTED	AI_BULK_ACCEPTED	AI_BULK_ACCEPTED	AI_BULK_ACCEPTED	AI_BULK_ACCEPTED	APPROVED_FINAL		AI_REVIEW_BASE	f8855121af336a7c13cd799cafede5f9b9420f28	AVAILABILITY_NOVELTY_V1_20260907
THAI_BASIL	Thai-Basilikum	APPLICABLE	2	SPECIALTY	DIFFICULT	Thai-Basilikum: Georgia kann große Asia-Frischmärkte in Köln/Düsseldorf gezielt nutzen; für Tobias machen wenige Frischewege und Transport die Beschaffung nischig und fragil.	Thai-Basilikum: Georgia kann große Asia-Frischmärkte in Köln/Düsseldorf gezielt nutzen; für Tobias machen wenige Frischewege und Transport die Beschaffung nischig und fragil.	AI_BULK_ACCEPTED	HUMAN_EXPLICIT	HUMAN_EXPLICIT	AI_BULK_ACCEPTED	AI_BULK_ACCEPTED	MIXED	APPROVED_FINAL		AI_REVIEW_BASE|AVAILABILITY_V2_ANCHOR_HUMAN	f8855121af336a7c13cd799cafede5f9b9420f28	AVAILABILITY_NOVELTY_V1_20260907
THAI_EGGPLANT	Thai-Aubergine	APPLICABLE	3	SPECIALTY	DIFFICULT	Thai-Aubergine: In großen Asia-Frischmärkten regelmäßig plausibel; für Tobias ist die frische exakte Form über enge und schwankende Wege zu beziehen.	Thai-Aubergine: In großen Asia-Frischmärkten regelmäßig plausibel; für Tobias ist die frische exakte Form über enge und schwankende Wege zu beziehen.	HUMAN_EXPLICIT	HUMAN_EXPLICIT	HUMAN_EXPLICIT	AI_BULK_ACCEPTED	AI_BULK_ACCEPTED	HUMAN_EXPLICIT	APPROVED_FINAL		AI_REVIEW_BASE|NOVELTY_REFERENCE_ANCHOR_HUMAN|AVAILABILITY_V2_ANCHOR_HUMAN	f8855121af336a7c13cd799cafede5f9b9420f28	AVAILABILITY_NOVELTY_V1_20260907
THAI_GREEN_CURRY_PASTE	grüne Thai-Currypaste	APPLICABLE	2	EASY	EASY	Grüne Thai-Currypaste ist in gewöhnlichen großen Supermärkten regulär im Asia- oder internationalen Kochzutatenregal erhältlich; für Georgia ist dafür keine besondere Fahrt, Vorabrecherche oder Onlinebestellung nötig.	Grüne Thai-Currypaste ist in gewöhnlichen großen Supermärkten regulär im Asia- oder internationalen Kochzutatenregal erhältlich; für Tobias ist dafür keine besondere Fahrt, Vorabrecherche oder Onlinebestellung nötig.	HUMAN_EXPLICIT	HUMAN_EXPLICIT	HUMAN_EXPLICIT	HUMAN_EXPLICIT	HUMAN_EXPLICIT	HUMAN_EXPLICIT	APPROVED_FINAL		AI_REVIEW_BASE|HUMAN_CHARGE_5	f8855121af336a7c13cd799cafede5f9b9420f28	AVAILABILITY_NOVELTY_V1_20260907
THAI_RED_CURRY_PASTE	rote Thai-Currypaste	APPLICABLE	2	EASY	EASY	Rote Thai-Currypaste ist in gewöhnlichen großen Supermärkten regulär im Asia- oder internationalen Kochzutatenregal erhältlich; für Georgia ist dafür keine besondere Fahrt, Vorabrecherche oder Onlinebestellung nötig.	Rote Thai-Currypaste ist in gewöhnlichen großen Supermärkten regulär im Asia- oder internationalen Kochzutatenregal erhältlich; für Tobias ist dafür keine besondere Fahrt, Vorabrecherche oder Onlinebestellung nötig.	HUMAN_EXPLICIT	HUMAN_EXPLICIT	HUMAN_EXPLICIT	HUMAN_EXPLICIT	HUMAN_EXPLICIT	HUMAN_EXPLICIT	APPROVED_FINAL		AI_REVIEW_BASE|HUMAN_CHARGE_5	f8855121af336a7c13cd799cafede5f9b9420f28	AVAILABILITY_NOVELTY_V1_20260907
THAI_YELLOW_CURRY_PASTE	gelbe Thai-Currypaste	APPLICABLE	3	SPECIALTY	SPECIALTY	gelbe Thai-Currypaste ist im einschlägigen Spezialmarkt breit etabliert; dokumentierte reguläre Wege sind die voneinander unabhängigen Händler Asiafoodland – Asian food direct shop sowie Asia Street Food – Thai curry paste range.	gelbe Thai-Currypaste: Rostocker Bezugsweg über Asia Street Food – Thai curry paste range und Asiafoodland – Asian food direct shop; dokumentiert sind ein dokumentiertes laufendes Angebot und Standardversand.	AI_BULK_ACCEPTED	AI_BULK_ACCEPTED	AI_BULK_ACCEPTED	AI_BULK_ACCEPTED	AI_BULK_ACCEPTED	AI_BULK_ACCEPTED	APPROVED_FINAL		AI_REVIEW_BASE	f8855121af336a7c13cd799cafede5f9b9420f28	AVAILABILITY_NOVELTY_V1_20260907
THYME	Thymian	APPLICABLE	1	EASY	EASY	Thymian: gewöhnlicher lokaler Bezugsweg über den Bereich »frische Kräuterabteilung«.	Thymian: gewöhnlicher lokaler Bezugsweg über den Bereich »Thymian«.	AI_BULK_ACCEPTED	AI_BULK_ACCEPTED	AI_BULK_ACCEPTED	AI_BULK_ACCEPTED	AI_BULK_ACCEPTED	AI_BULK_ACCEPTED	APPROVED_FINAL		AI_REVIEW_BASE	f8855121af336a7c13cd799cafede5f9b9420f28	AVAILABILITY_NOVELTY_V1_20260907
TOFU	Tofu	APPLICABLE	1	EASY	EASY	Tofu: gewöhnlicher lokaler Bezugsweg über den Bereich »Kühlregal für Tofu und pflanzliche Proteinprodukte«.	Tofu: Rostocker Bezugsweg über das Tofu- und Pflanzensortiment der Kühl- oder Bioabteilung eines gewöhnlichen großen Rostocker Supermarkts.	AI_BULK_ACCEPTED	AI_BULK_ACCEPTED	AI_BULK_ACCEPTED	AI_BULK_ACCEPTED	AI_BULK_ACCEPTED	AI_BULK_ACCEPTED	APPROVED_FINAL		AI_REVIEW_BASE	f8855121af336a7c13cd799cafede5f9b9420f28	AVAILABILITY_NOVELTY_V1_20260907
TOMATILLO	Tomatillo	APPLICABLE	3	DIFFICULT	DIFFICULT	Frische Tomatillos sind nur über einen derzeit ausverkauften mexikanischen Nischenweg belegt; grüne Tomaten zählen nicht als Ersatz.	Frische Tomatillos sind nur über einen derzeit ausverkauften mexikanischen Nischenweg belegt; grüne Tomaten zählen nicht als Ersatz.	HUMAN_EXPLICIT	HUMAN_EXPLICIT	HUMAN_EXPLICIT	HUMAN_EXPLICIT	HUMAN_EXPLICIT	HUMAN_EXPLICIT	APPROVED_FINAL		AI_REVIEW_BASE|HUMAN_CHARGE_3	f8855121af336a7c13cd799cafede5f9b9420f28	AVAILABILITY_NOVELTY_V1_20260907
TOMATO	Tomate	APPLICABLE	1	EASY	EASY	Tomate: gewöhnlicher lokaler Bezugsweg über den Bereich »Obst- und Gemüseabteilung«.	Tomate: gewöhnlicher lokaler Bezugsweg über den Bereich »Tomate«.	AI_BULK_ACCEPTED	AI_BULK_ACCEPTED	AI_BULK_ACCEPTED	AI_BULK_ACCEPTED	AI_BULK_ACCEPTED	AI_BULK_ACCEPTED	APPROVED_FINAL		AI_REVIEW_BASE	f8855121af336a7c13cd799cafede5f9b9420f28	AVAILABILITY_NOVELTY_V1_20260907
TOMATO_PASSATA	passierte Tomaten	APPLICABLE	1	EASY	EASY	passierte Tomaten: gewöhnlicher lokaler Bezugsweg über den Bereich »Saucen-, Würzpasten- und Feinkostregal«.	passierte Tomaten: gewöhnlicher lokaler Bezugsweg über den Bereich »passierte Tomaten«.	AI_BULK_ACCEPTED	AI_BULK_ACCEPTED	AI_BULK_ACCEPTED	AI_BULK_ACCEPTED	AI_BULK_ACCEPTED	AI_BULK_ACCEPTED	APPROVED_FINAL		AI_REVIEW_BASE	f8855121af336a7c13cd799cafede5f9b9420f28	AVAILABILITY_NOVELTY_V1_20260907
TOMATO_PASTE	Tomatenmark	APPLICABLE	1	EASY	EASY	Tomatenmark: gewöhnlicher lokaler Bezugsweg über den Bereich »Saucen-, Würzpasten- und Feinkostregal«.	Tomatenmark: Rostocker Bezugsweg über das Saucen-, Essig- oder Feinkostregal eines gewöhnlichen großen Rostocker Supermarkts.	AI_BULK_ACCEPTED	AI_BULK_ACCEPTED	AI_BULK_ACCEPTED	AI_BULK_ACCEPTED	AI_BULK_ACCEPTED	AI_BULK_ACCEPTED	APPROVED_FINAL		AI_REVIEW_BASE	f8855121af336a7c13cd799cafede5f9b9420f28	AVAILABILITY_NOVELTY_V1_20260907
TOMATO_PRODUCTS	Tomatenprodukt	APPLICABLE	1	EASY	EASY	Tomatenprodukt: gewöhnlicher lokaler Bezugsweg über den Bereich »Konserven-, Passata-, Mark- oder Saucenregal«.	Tomatenprodukte: Konserven-, Passata-, Tomatenmark- und Saucenregale gewöhnlicher großer Rostocker Supermärkte decken die offene Familie verarbeiteter Tomatenformen ab.	AI_BULK_ACCEPTED	AI_BULK_ACCEPTED	AI_BULK_ACCEPTED	AI_BULK_ACCEPTED	AI_BULK_ACCEPTED	AI_BULK_ACCEPTED	APPROVED_FINAL		AI_REVIEW_BASE	f8855121af336a7c13cd799cafede5f9b9420f28	AVAILABILITY_NOVELTY_V1_20260907
TOMATO_SAUCE	einfache Tomatensauce	APPLICABLE	1	EASY	EASY	einfache Tomatensauce: gewöhnlicher lokaler Bezugsweg über den Bereich »Saucen-, Würzpasten- und Feinkostregal«.	einfache Tomatensauce: Rostocker Bezugsweg über das Saucen-, Essig- oder Feinkostregal eines gewöhnlichen großen Rostocker Supermarkts.	AI_BULK_ACCEPTED	AI_BULK_ACCEPTED	AI_BULK_ACCEPTED	AI_BULK_ACCEPTED	AI_BULK_ACCEPTED	AI_BULK_ACCEPTED	APPROVED_FINAL		AI_REVIEW_BASE	f8855121af336a7c13cd799cafede5f9b9420f28	AVAILABILITY_NOVELTY_V1_20260907
TORTILLA	Tortilla	APPLICABLE	1	EASY	EASY	Tortilla: gewöhnlicher lokaler Bezugsweg über den Bereich »Reis-, Mehl-, Nudel- oder Trockenwarenregal«.	Tortilla: gewöhnlicher lokaler Bezugsweg über den Bereich »Tortilla«.	AI_BULK_ACCEPTED	AI_BULK_ACCEPTED	AI_BULK_ACCEPTED	AI_BULK_ACCEPTED	AI_BULK_ACCEPTED	AI_BULK_ACCEPTED	APPROVED_FINAL		AI_REVIEW_BASE	f8855121af336a7c13cd799cafede5f9b9420f28	AVAILABILITY_NOVELTY_V1_20260907
TRIPE	Kutteln	APPLICABLE	3	PLANNED	PLANNED	Kutteln ist über eine gezielte Bestellung oder Sortimentsprüfung bei MeinMetzger – beef tripe im allgemeinen deutschen Handel planbar, lokal aber kein verlässlicher Standardartikel.	Kutteln: Rostocker Bezugsweg über Vorbestellung an einer gut sortierten Fleischtheke oder etablierter deutscher Metzgereiversand.	AI_BULK_ACCEPTED	AI_BULK_ACCEPTED	AI_BULK_ACCEPTED	AI_BULK_ACCEPTED	AI_BULK_ACCEPTED	AI_BULK_ACCEPTED	APPROVED_FINAL		AI_REVIEW_BASE	f8855121af336a7c13cd799cafede5f9b9420f28	AVAILABILITY_NOVELTY_V1_20260907
TROPICAL_FRUIT	Tropenfrucht	APPLICABLE	2	EASY	EASY	Tropenfrucht: gewöhnlicher lokaler Bezugsweg über den Bereich »Obst- und Gemüseabteilung«.	Tropenfrucht: Rostocker Bezugsweg über die Obstabteilung eines gewöhnlichen großen Rostocker Supermarkts.	AI_BULK_ACCEPTED	AI_BULK_ACCEPTED	AI_BULK_ACCEPTED	AI_BULK_ACCEPTED	AI_BULK_ACCEPTED	AI_BULK_ACCEPTED	APPROVED_FINAL		AI_REVIEW_BASE	f8855121af336a7c13cd799cafede5f9b9420f28	AVAILABILITY_NOVELTY_V1_20260907
TROUT	Forelle	APPLICABLE	1	PLANNED	PLANNED	Forelle: Deutsche See führt eine ganze frische Regenbogenforelle, ausgenommen und ausdrücklich nicht geräuchert, als verfügbaren Artikel.	Forelle: Deutsche See führt eine ganze frische Regenbogenforelle, ausgenommen und ausdrücklich nicht geräuchert, als verfügbaren Artikel.	HUMAN_EXPLICIT	HUMAN_EXPLICIT	HUMAN_EXPLICIT	HUMAN_EXPLICIT	HUMAN_EXPLICIT	HUMAN_EXPLICIT	APPROVED_FINAL		AI_REVIEW_BASE|HUMAN_CHARGE_4	f8855121af336a7c13cd799cafede5f9b9420f28	AVAILABILITY_NOVELTY_V1_20260907
TROUT_ROE	Forellenrogen	APPLICABLE	3	PLANNED	PLANNED	Forellenrogen: Deutsche See führt Forellenrogen aktuell verfügbar als leuchtend orangefarbenes, vier bis fünf Millimeter großes, pasteurisiertes und gesalzenes Korn.	Forellenrogen: Deutsche See führt Forellenrogen aktuell verfügbar als leuchtend orangefarbenes, vier bis fünf Millimeter großes, pasteurisiertes und gesalzenes Korn.	HUMAN_EXPLICIT	HUMAN_EXPLICIT	HUMAN_EXPLICIT	HUMAN_EXPLICIT	HUMAN_EXPLICIT	HUMAN_EXPLICIT	APPROVED_FINAL		AI_REVIEW_BASE|HUMAN_CHARGE_3	f8855121af336a7c13cd799cafede5f9b9420f28	AVAILABILITY_NOVELTY_V1_20260907
TRUFFLE	Trüffel	APPLICABLE	3	PLANNED	PLANNED	Trüffel: EDEKA24 führt haltbares Carpaccio mit 70 Prozent sichtbaren Sommertrüffelscheiben als bestellbaren Artikel.	Trüffel: EDEKA24 führt haltbares Carpaccio mit 70 Prozent sichtbaren Sommertrüffelscheiben als bestellbaren Artikel.	AI_BULK_ACCEPTED	AI_BULK_ACCEPTED	AI_BULK_ACCEPTED	AI_BULK_ACCEPTED	AI_BULK_ACCEPTED	AI_BULK_ACCEPTED	APPROVED_FINAL		AI_REVIEW_BASE	f8855121af336a7c13cd799cafede5f9b9420f28	AVAILABILITY_NOVELTY_V1_20260907
TUNA	Thunfisch	APPLICABLE	1	PLANNED	PLANNED	Thunfisch: Das verfügbare Produkt ist ein naturbelassenes Yellowfin-Thunfisch-Steak ohne Haut, portioniert, glasiert und tiefgefroren; es belegt Kochware außerhalb der Dose.	Thunfisch: Beim Einkauf von „Thunfisch“ nutzt Tobias Vorbestellung an einer gut sortierten Supermarkt-Fischtheke oder etablierter bundesweiter Seafood-Versand.	HUMAN_EXPLICIT	HUMAN_EXPLICIT	HUMAN_EXPLICIT	HUMAN_EXPLICIT	HUMAN_EXPLICIT	HUMAN_EXPLICIT	APPROVED_FINAL		AI_REVIEW_BASE|HUMAN_CHARGE_4	f8855121af336a7c13cd799cafede5f9b9420f28	AVAILABILITY_NOVELTY_V1_20260907
TURKEY	Pute	APPLICABLE	1	EASY	EASY	Pute: gewöhnlicher lokaler Bezugsweg über den Bereich »Fleischkühlung oder Bedientheke«.	Pute: gewöhnlicher lokaler Bezugsweg über den Bereich »Pute«.	AI_BULK_ACCEPTED	AI_BULK_ACCEPTED	AI_BULK_ACCEPTED	AI_BULK_ACCEPTED	AI_BULK_ACCEPTED	AI_BULK_ACCEPTED	APPROVED_FINAL		AI_REVIEW_BASE	f8855121af336a7c13cd799cafede5f9b9420f28	AVAILABILITY_NOVELTY_V1_20260907
TURKEY_BREAST	Putenbrust	APPLICABLE	1	EASY	EASY	Putenbrust: gewöhnlicher lokaler Bezugsweg über den Bereich »Fleischkühlung oder Bedientheke«.	Putenbrust: gewöhnlicher lokaler Bezugsweg über den Bereich »Putenbrust«.	AI_BULK_ACCEPTED	AI_BULK_ACCEPTED	AI_BULK_ACCEPTED	AI_BULK_ACCEPTED	AI_BULK_ACCEPTED	AI_BULK_ACCEPTED	APPROVED_FINAL		AI_REVIEW_BASE	f8855121af336a7c13cd799cafede5f9b9420f28	AVAILABILITY_NOVELTY_V1_20260907
TURKEY_MINCE	Putenhack	APPLICABLE	2	SPECIALTY	SPECIALTY	Reines Putenhack ist über Geflügel- und Metzgereifachhandel sowie spezialisierte Versender erhältlich; ein robuster allgemeiner Supermarktweg für die exakte Form ist nicht belegt.	Reines Putenhack ist über Geflügel- und Metzgereifachhandel sowie spezialisierte Versender erhältlich; ein robuster allgemeiner Supermarktweg für die exakte Form ist nicht belegt.	HUMAN_EXPLICIT	HUMAN_EXPLICIT	HUMAN_EXPLICIT	HUMAN_EXPLICIT	HUMAN_EXPLICIT	HUMAN_EXPLICIT	APPROVED_FINAL		AI_REVIEW_BASE|HUMAN_CHARGE_4	f8855121af336a7c13cd799cafede5f9b9420f28	AVAILABILITY_NOVELTY_V1_20260907
TURMERIC	Kurkuma	APPLICABLE	1	EASY	EASY	Kurkuma: gewöhnlicher lokaler Bezugsweg über den Bereich »Gewürz- und Trockenwürzregal«.	Kurkuma: Rostocker Bezugsweg über das Gewürz- oder Backregal eines gewöhnlichen großen Rostocker Supermarkts.	AI_BULK_ACCEPTED	AI_BULK_ACCEPTED	AI_BULK_ACCEPTED	AI_BULK_ACCEPTED	AI_BULK_ACCEPTED	AI_BULK_ACCEPTED	APPROVED_FINAL		AI_REVIEW_BASE	f8855121af336a7c13cd799cafede5f9b9420f28	AVAILABILITY_NOVELTY_V1_20260907
TURNIP	Speiserübe	APPLICABLE	1	PLANNED	PLANNED	Speiserübe: REWE nennt Markt und Supermarkt als allgemeinen Weg für Mairüben vor allem im Mai und Juni; EDEKA bestätigt den Einkauf im Sommerhalbjahr bis in den Herbst.	Speiserübe: REWE nennt Markt und Supermarkt als allgemeinen Weg für Mairüben vor allem im Mai und Juni; EDEKA bestätigt den Einkauf vom Sommerhalbjahr bis in den Herbst. Tobias muss die saisonale Verfügbarkeit in Rostock vorab prüfen.	AI_BULK_ACCEPTED	AI_BULK_ACCEPTED	AI_BULK_ACCEPTED	AI_BULK_ACCEPTED	AI_BULK_ACCEPTED	AI_BULK_ACCEPTED	APPROVED_FINAL		AI_REVIEW_BASE	f8855121af336a7c13cd799cafede5f9b9420f28	AVAILABILITY_NOVELTY_V1_20260907
TURRON	Turrón	APPLICABLE	4	SPECIALTY	SPECIALTY	Turrón ist über spanischen beziehungsweise mediterranen Spezialhandel und entsprechende Versandhändler zuverlässig erhältlich, aber nicht als breiter allgemeiner deutscher Handelsstandard.	Turrón ist über spanischen beziehungsweise mediterranen Spezialhandel und entsprechende Versandhändler zuverlässig erhältlich, aber nicht als breiter allgemeiner deutscher Handelsstandard.	HUMAN_EXPLICIT	HUMAN_EXPLICIT	HUMAN_EXPLICIT	HUMAN_EXPLICIT	HUMAN_EXPLICIT	HUMAN_EXPLICIT	APPROVED_FINAL		AI_REVIEW_BASE|HUMAN_CHARGE_5	f8855121af336a7c13cd799cafede5f9b9420f28	AVAILABILITY_NOVELTY_V1_20260907
TVP	Sojagranulat	APPLICABLE	2	PLANNED	PLANNED	Sojagranulat ist über eine geplante Fahrt zu einem großen Markt mit dem Sortiment »Kühlregal für Tofu und pflanzliche Proteinprodukte« im allgemeinen deutschen Handel planbar, lokal aber kein verlässlicher Standardartikel.	Sojagranulat: Der konkrete Bezug von „Sojagranulat“ läuft über gut sortierte Vollsortimenter und etablierte deutsche Bio- oder Trockenwarenhändler.	AI_BULK_ACCEPTED	AI_BULK_ACCEPTED	AI_BULK_ACCEPTED	AI_BULK_ACCEPTED	AI_BULK_ACCEPTED	AI_BULK_ACCEPTED	APPROVED_FINAL		AI_REVIEW_BASE	f8855121af336a7c13cd799cafede5f9b9420f28	AVAILABILITY_NOVELTY_V1_20260907
TWAROG	Twaróg	APPLICABLE	3	SPECIALTY	SPECIALTY	Twaróg: Für Georgia trägt der breite osteuropäische Spezialmarkt im Rheinland den Bezug; die gekühlte polnische Bruchkäseform bleibt an diesen Fachhandel gebunden und ist kein allgemeiner Handelsstandard.	Twaróg: Für Tobias ist kein konkret regelmäßig bestückter osteuropäischer Fachmarktweg bekannt; die regional höhere Wahrscheinlichkeit allein begründet kein PLANNED.	HUMAN_EXPLICIT	HUMAN_EXPLICIT	HUMAN_EXPLICIT	HUMAN_EXPLICIT	HUMAN_EXPLICIT	HUMAN_EXPLICIT	APPROVED_FINAL		AI_REVIEW_BASE|AVAILABILITY_V2_ANCHOR_HUMAN|HUMAN_CHARGE_3	f8855121af336a7c13cd799cafede5f9b9420f28	AVAILABILITY_NOVELTY_V1_20260907
UBE	Ube	APPLICABLE	3	DIFFICULT	DIFFICULT	Frische oder tiefgekühlte Ube sowie ungesüßtes reines Püree bleiben auf wenige philippinische Importwege mit fragilen Beständen und Kühlbedingungen beschränkt.	Frische oder tiefgekühlte Ube sowie ungesüßtes reines Püree bleiben auf wenige philippinische Importwege mit fragilen Beständen und Kühlbedingungen beschränkt.	HUMAN_EXPLICIT	HUMAN_EXPLICIT	HUMAN_EXPLICIT	AI_BULK_ACCEPTED	AI_BULK_ACCEPTED	HUMAN_EXPLICIT	APPROVED_FINAL		AI_REVIEW_BASE|NOVELTY_REFERENCE_ANCHOR_HUMAN|AVAILABILITY_V2_ANCHOR_HUMAN	f8855121af336a7c13cd799cafede5f9b9420f28	AVAILABILITY_NOVELTY_V1_20260907
UDON	Udon	APPLICABLE	2	PLANNED	PLANNED	Udon: Der regionale Ausgangspunkt bleibt Bornheim; der Bezug läuft über „Reis-, Mehl-, Nudel- oder Trockenwarenregal über eine deutsche Versandroute mit geprüftem Artikel“.	Udon: Tobias sucht „Udon“ in Rostock über gut sortierte Vollsortimenter und etablierte deutsche Bio- oder Trockenwarenhändler gesucht.	AI_BULK_ACCEPTED	AI_BULK_ACCEPTED	AI_BULK_ACCEPTED	AI_BULK_ACCEPTED	AI_BULK_ACCEPTED	AI_BULK_ACCEPTED	APPROVED_FINAL		AI_REVIEW_BASE	f8855121af336a7c13cd799cafede5f9b9420f28	AVAILABILITY_NOVELTY_V1_20260907
VANILLA	Vanille	APPLICABLE	1	EASY	EASY	Vanille: gewöhnlicher lokaler Bezugsweg über den Bereich »Gewürz- und Trockenwürzregal«.	Vanille: gewöhnlicher lokaler Bezugsweg über den Bereich »Vanille«.	AI_BULK_ACCEPTED	AI_BULK_ACCEPTED	AI_BULK_ACCEPTED	AI_BULK_ACCEPTED	AI_BULK_ACCEPTED	AI_BULK_ACCEPTED	APPROVED_FINAL		AI_REVIEW_BASE	f8855121af336a7c13cd799cafede5f9b9420f28	AVAILABILITY_NOVELTY_V1_20260907
VEAL	Kalbfleisch	APPLICABLE	1	PLANNED	PLANNED	Kalbfleisch ist über eine gezielte Bestellung oder Sortimentsprüfung bei MeinMetzger – Kalbfleisch im allgemeinen deutschen Handel planbar, lokal aber kein verlässlicher Standardartikel.	Kalbfleisch: Beim Einkauf von „Kalbfleisch“ nutzt Tobias Vorbestellung an einer gut sortierten Fleischtheke oder etablierter deutscher Metzgereiversand.	AI_BULK_ACCEPTED	AI_BULK_ACCEPTED	AI_BULK_ACCEPTED	AI_BULK_ACCEPTED	AI_BULK_ACCEPTED	AI_BULK_ACCEPTED	APPROVED_FINAL		AI_REVIEW_BASE	f8855121af336a7c13cd799cafede5f9b9420f28	AVAILABILITY_NOVELTY_V1_20260907
VEAL_CHEEK	Kalbsbäckchen	APPLICABLE	2	SPECIALTY	SPECIALTY	Kalbsbäckchen sind ein spezieller Kalbszuschnitt, der über Metzgereifachhandel und spezialisierte Fleischversender erhältlich ist; ein breiter allgemeiner Handelsweg ist nicht robust belegt.	Kalbsbäckchen sind ein spezieller Kalbszuschnitt, der über Metzgereifachhandel und spezialisierte Fleischversender erhältlich ist; ein breiter allgemeiner Handelsweg ist nicht robust belegt.	HUMAN_EXPLICIT	HUMAN_EXPLICIT	HUMAN_EXPLICIT	HUMAN_EXPLICIT	HUMAN_EXPLICIT	HUMAN_EXPLICIT	APPROVED_FINAL		AI_REVIEW_BASE|HUMAN_CHARGE_4	f8855121af336a7c13cd799cafede5f9b9420f28	AVAILABILITY_NOVELTY_V1_20260907
VEAL_CHOP	Kalbskotelett	APPLICABLE	2	PLANNED	PLANNED	Kalbskotelett ist über eine gezielte Bestellung oder Sortimentsprüfung bei MeinMetzger – Kalbskotelett Dry Aged im allgemeinen deutschen Handel planbar, lokal aber kein verlässlicher Standardartikel.	Kalbskotelett: Für „Kalbskotelett“ wird das Angebot über Vorbestellung an einer gut sortierten Fleischtheke oder etablierter deutscher Metzgereiversand kontrolliert.	AI_BULK_ACCEPTED	AI_BULK_ACCEPTED	AI_BULK_ACCEPTED	AI_BULK_ACCEPTED	AI_BULK_ACCEPTED	AI_BULK_ACCEPTED	APPROVED_FINAL		AI_REVIEW_BASE	f8855121af336a7c13cd799cafede5f9b9420f28	AVAILABILITY_NOVELTY_V1_20260907
VEAL_CUTLET	Kalbsschnitzel	APPLICABLE	1	PLANNED	PLANNED	Kalbsschnitzel ist über eine gezielte Bestellung oder Sortimentsprüfung bei MeinMetzger – Kalbsschnitzel vom Gourmetkalb im allgemeinen deutschen Handel planbar, lokal aber kein verlässlicher Standardartikel.	Kalbsschnitzel: Der konkrete Bezug von „Kalbsschnitzel“ läuft über Vorbestellung an einer gut sortierten Fleischtheke oder etablierter deutscher Metzgereiversand.	AI_BULK_ACCEPTED	AI_BULK_ACCEPTED	AI_BULK_ACCEPTED	AI_BULK_ACCEPTED	AI_BULK_ACCEPTED	AI_BULK_ACCEPTED	APPROVED_FINAL		AI_REVIEW_BASE	f8855121af336a7c13cd799cafede5f9b9420f28	AVAILABILITY_NOVELTY_V1_20260907
VEAL_GOULASH	Kalbsgulasch	APPLICABLE	1	PLANNED	PLANNED	Kalbsgulasch ist über eine gezielte Bestellung oder Sortimentsprüfung bei MeinMetzger – Kalbsgulasch vom Gourmetkalb im allgemeinen deutschen Handel planbar, lokal aber kein verlässlicher Standardartikel.	Kalbsgulasch: Tobias sucht „Kalbsgulasch“ in Rostock über Vorbestellung an einer gut sortierten Fleischtheke oder etablierter deutscher Metzgereiversand gesucht.	AI_BULK_ACCEPTED	AI_BULK_ACCEPTED	AI_BULK_ACCEPTED	AI_BULK_ACCEPTED	AI_BULK_ACCEPTED	AI_BULK_ACCEPTED	APPROVED_FINAL		AI_REVIEW_BASE	f8855121af336a7c13cd799cafede5f9b9420f28	AVAILABILITY_NOVELTY_V1_20260907
VEAL_LIVER	Kalbsleber	APPLICABLE	3	SPECIALTY	SPECIALTY	Kalbsleber ist als exakte Innerei über Metzgereifachhandel und spezialisierte Fleischversender erhältlich; ein breiter allgemeiner Fleischthekenweg ist nicht robust belegt.	Kalbsleber ist als exakte Innerei über Metzgereifachhandel und spezialisierte Fleischversender erhältlich; ein breiter allgemeiner Fleischthekenweg ist nicht robust belegt.	HUMAN_EXPLICIT	HUMAN_EXPLICIT	HUMAN_EXPLICIT	HUMAN_EXPLICIT	HUMAN_EXPLICIT	HUMAN_EXPLICIT	APPROVED_FINAL		AI_REVIEW_BASE|HUMAN_CHARGE_4	f8855121af336a7c13cd799cafede5f9b9420f28	AVAILABILITY_NOVELTY_V1_20260907
VEAL_MINCE	Kalbshackfleisch	APPLICABLE	1	PLANNED	PLANNED	Kalbshackfleisch ist über eine gezielte Bestellung oder Sortimentsprüfung bei MeinMetzger – reines Kalbshackfleisch im allgemeinen deutschen Handel planbar, lokal aber kein verlässlicher Standardartikel.	Kalbshackfleisch: Die Rostocker Warenprüfung für „Kalbshackfleisch“ erfolgt über Vorbestellung an einer gut sortierten Fleischtheke oder etablierter deutscher Metzgereiversand.	AI_BULK_ACCEPTED	AI_BULK_ACCEPTED	AI_BULK_ACCEPTED	AI_BULK_ACCEPTED	AI_BULK_ACCEPTED	AI_BULK_ACCEPTED	APPROVED_FINAL		AI_REVIEW_BASE	f8855121af336a7c13cd799cafede5f9b9420f28	AVAILABILITY_NOVELTY_V1_20260907
VEAL_ROAST	Kalbsbraten	APPLICABLE	1	PLANNED	PLANNED	Kalbsbraten ist über eine gezielte Bestellung oder Sortimentsprüfung bei MeinMetzger – Kalbsbraten mager von der Schulter im allgemeinen deutschen Handel planbar, lokal aber kein verlässlicher Standardartikel.	Kalbsbraten: Rostocker Bezugsweg über Vorbestellung an einer gut sortierten Fleischtheke oder etablierter deutscher Metzgereiversand.	AI_BULK_ACCEPTED	AI_BULK_ACCEPTED	AI_BULK_ACCEPTED	AI_BULK_ACCEPTED	AI_BULK_ACCEPTED	AI_BULK_ACCEPTED	APPROVED_FINAL		AI_REVIEW_BASE	f8855121af336a7c13cd799cafede5f9b9420f28	AVAILABILITY_NOVELTY_V1_20260907
VEAL_SHANK	Kalbshaxe	APPLICABLE	3	SPECIALTY	SPECIALTY	Kalbshaxe beziehungsweise Ossobuco ist ein spezieller Kalbszuschnitt, der über Metzgereifachhandel und spezialisierte Fleischversender erhältlich ist; ein breiter allgemeiner Handelsweg ist nicht robust belegt.	Kalbshaxe beziehungsweise Ossobuco ist ein spezieller Kalbszuschnitt, der über Metzgereifachhandel und spezialisierte Fleischversender erhältlich ist; ein breiter allgemeiner Handelsweg ist nicht robust belegt.	HUMAN_EXPLICIT	HUMAN_EXPLICIT	HUMAN_EXPLICIT	HUMAN_EXPLICIT	HUMAN_EXPLICIT	HUMAN_EXPLICIT	APPROVED_FINAL		AI_REVIEW_BASE|HUMAN_CHARGE_4	f8855121af336a7c13cd799cafede5f9b9420f28	AVAILABILITY_NOVELTY_V1_20260907
VEAL_STEAK	Kalbssteak	APPLICABLE	1	PLANNED	PLANNED	Kalbssteak ist über eine gezielte Bestellung oder Sortimentsprüfung bei MeinMetzger – Kalbshüftsteaks extra zart im allgemeinen deutschen Handel planbar, lokal aber kein verlässlicher Standardartikel.	Kalbssteak: Rostocker Bezugsweg über Vorbestellung an einer gut sortierten Fleischtheke oder etablierter deutscher Metzgereiversand.	AI_BULK_ACCEPTED	AI_BULK_ACCEPTED	AI_BULK_ACCEPTED	AI_BULK_ACCEPTED	AI_BULK_ACCEPTED	AI_BULK_ACCEPTED	APPROVED_FINAL		AI_REVIEW_BASE	f8855121af336a7c13cd799cafede5f9b9420f28	AVAILABILITY_NOVELTY_V1_20260907
VEAL_STRIPS	Kalbsgeschnetzeltes	APPLICABLE	1	PLANNED	PLANNED	Kalbsgeschnetzeltes ist über eine gezielte Bestellung oder Sortimentsprüfung bei MeinMetzger – Kalbsgeschnetzeltes extra zart im allgemeinen deutschen Handel planbar, lokal aber kein verlässlicher Standardartikel.	Kalbsgeschnetzeltes: Die Beschaffung von „Kalbsgeschnetzeltes“ erfolgt in Rostock über Vorbestellung an einer gut sortierten Fleischtheke oder etablierter deutscher Metzgereiversand.	AI_BULK_ACCEPTED	AI_BULK_ACCEPTED	AI_BULK_ACCEPTED	AI_BULK_ACCEPTED	AI_BULK_ACCEPTED	AI_BULK_ACCEPTED	APPROVED_FINAL		AI_REVIEW_BASE	f8855121af336a7c13cd799cafede5f9b9420f28	AVAILABILITY_NOVELTY_V1_20260907
VEAL_SWEETBREAD	Kalbsbries	APPLICABLE	3	DIFFICULT	DIFFICULT	Kalbsbries: Nur der schmale Händlerweg über MeinMetzger – veal cuts direct shop ist positiv belegt; Kühlversand begrenzt Form, Bestand oder Logistik.	Kalbsbries: Rostocker Bezugsweg über MeinMetzger – veal cuts direct shop; dokumentiert sind ein dokumentiertes laufendes Angebot und Kühlversand.	AI_BULK_ACCEPTED	AI_BULK_ACCEPTED	AI_BULK_ACCEPTED	AI_BULK_ACCEPTED	AI_BULK_ACCEPTED	AI_BULK_ACCEPTED	APPROVED_FINAL		AI_REVIEW_BASE	f8855121af336a7c13cd799cafede5f9b9420f28	AVAILABILITY_NOVELTY_V1_20260907
VEGETABLES	Gemüse	APPLICABLE	1	EASY	EASY	Gemüse: gewöhnlicher lokaler Bezugsweg über den Bereich »Obst- und Gemüseabteilung«.	Gemüse: Rostocker Bezugsweg über die Gemüseabteilung eines gewöhnlichen großen Rostocker Supermarkts.	AI_BULK_ACCEPTED	AI_BULK_ACCEPTED	AI_BULK_ACCEPTED	AI_BULK_ACCEPTED	AI_BULK_ACCEPTED	AI_BULK_ACCEPTED	APPROVED_FINAL		AI_REVIEW_BASE	f8855121af336a7c13cd799cafede5f9b9420f28	AVAILABILITY_NOVELTY_V1_20260907
VEGETABLE_STOCK	Gemüsebrühe	APPLICABLE	1	EASY	EASY	Gemüsebrühe: gewöhnlicher lokaler Bezugsweg über den Bereich »Brühen-, Fond- und Suppenregal«.	Gemüsebrühe: gewöhnlicher lokaler Bezugsweg über den Bereich »Gemüsebrühe«.	AI_BULK_ACCEPTED	AI_BULK_ACCEPTED	AI_BULK_ACCEPTED	AI_BULK_ACCEPTED	AI_BULK_ACCEPTED	AI_BULK_ACCEPTED	APPROVED_FINAL		AI_REVIEW_BASE	f8855121af336a7c13cd799cafede5f9b9420f28	AVAILABILITY_NOVELTY_V1_20260907
VENISON	Hirschfleisch	APPLICABLE	2	PLANNED	PLANNED	Hirschfleisch ist über eine gezielte Bestellung oder Sortimentsprüfung bei MeinMetzger – Hirschbraten aus der Keule im allgemeinen deutschen Handel planbar, lokal aber kein verlässlicher Standardartikel.	Hirschfleisch: Rostocker Bezugsweg über MeinMetzger – Hirschbraten aus der Keule; dokumentiert sind beim Abruf verfügbaren Bestand und Kühlversand.	AI_BULK_ACCEPTED	AI_BULK_ACCEPTED	AI_BULK_ACCEPTED	AI_BULK_ACCEPTED	AI_BULK_ACCEPTED	AI_BULK_ACCEPTED	APPROVED_FINAL		AI_REVIEW_BASE	f8855121af336a7c13cd799cafede5f9b9420f28	AVAILABILITY_NOVELTY_V1_20260907
VIETNAMESE_CORIANDER	vietnamesischer Koriander	APPLICABLE	3	DIFFICULT	DIFFICULT	vietnamesischer Koriander: Nur der schmale Händlerweg über Asia Moin – fresh Rau Răm 100 g ist positiv belegt; Kühlversand begrenzt Form, Bestand oder Logistik.	vietnamesischer Koriander: Rostocker Bezugsweg über Asia Moin – fresh Rau Răm 100 g; dokumentiert sind beim Abruf verfügbaren Bestand und Kühlversand.	HUMAN_EXPLICIT	HUMAN_EXPLICIT	HUMAN_EXPLICIT	HUMAN_EXPLICIT	HUMAN_EXPLICIT	HUMAN_EXPLICIT	APPROVED_FINAL		AI_REVIEW_BASE|HUMAN_CHARGE_3	f8855121af336a7c13cd799cafede5f9b9420f28	AVAILABILITY_NOVELTY_V1_20260907
VIETNAMESE_SOYBEAN_PASTE	Tương oder vietnamesische Sojabohnenpaste	APPLICABLE	3	DIFFICULT	DIFFICULT	Tương oder vietnamesische Sojabohnenpaste: Nur der schmale Händlerweg über NAGOFA – Tương nếp bần 500 ml ist positiv belegt; Importbeschränkung begrenzt Form, Bestand oder Logistik.	Tương oder vietnamesische Sojabohnenpaste: Rostocker Bezugsweg über NAGOFA – Tương nếp bần 500 ml; dokumentiert sind eine vor dem Einkauf erneut zu prüfende Verfügbarkeit und Importbeschränkungen.	AI_BULK_ACCEPTED	AI_BULK_ACCEPTED	AI_BULK_ACCEPTED	AI_BULK_ACCEPTED	AI_BULK_ACCEPTED	AI_BULK_ACCEPTED	APPROVED_FINAL		AI_REVIEW_BASE	f8855121af336a7c13cd799cafede5f9b9420f28	AVAILABILITY_NOVELTY_V1_20260907
VINEGAR	Essig	APPLICABLE	1	EASY	EASY	Essig: gewöhnlicher lokaler Bezugsweg über den Bereich »Essig- und Ölregal«.	Essig: Rostocker Bezugsweg über das Saucen-, Essig- oder Feinkostregal eines gewöhnlichen großen Rostocker Supermarkts.	AI_BULK_ACCEPTED	AI_BULK_ACCEPTED	AI_BULK_ACCEPTED	AI_BULK_ACCEPTED	AI_BULK_ACCEPTED	AI_BULK_ACCEPTED	APPROVED_FINAL		AI_REVIEW_BASE	f8855121af336a7c13cd799cafede5f9b9420f28	AVAILABILITY_NOVELTY_V1_20260907
WAFFLES	Waffel	APPLICABLE	3	EASY	EASY	Waffel: gewöhnlicher lokaler Bezugsweg über den Bereich »Brot-, Backwaren- oder Backzutatenbereich«.	Waffel: Rostocker Bezugsweg über das Back-, Süßwaren- oder Brotregal eines gewöhnlichen großen Rostocker Supermarkts.	AI_BULK_ACCEPTED	AI_BULK_ACCEPTED	AI_BULK_ACCEPTED	AI_BULK_ACCEPTED	AI_BULK_ACCEPTED	AI_BULK_ACCEPTED	APPROVED_FINAL		AI_REVIEW_BASE	f8855121af336a7c13cd799cafede5f9b9420f28	AVAILABILITY_NOVELTY_V1_20260907
WAKAME	Wakame	APPLICABLE	2	PLANNED	PLANNED	Wakame: Asiafoodland zeigt getrocknete Wakame-Meeresalgen im 20-g-Beutel aktuell mit Warenkorb und Lagerbestand. Die haltbare Trockenware wird per DHL nach Bornheim geliefert und ist klar von Kombu und Nori benannt.	Wakame: Die konkrete Asiafoodland-Seite belegt 20 g getrocknete Wakame mit aktuellem Bestand. Tobias kann die von Kombu und Nori abgegrenzte Trockenalge per DHL nach Rostock bestellen.	AI_BULK_ACCEPTED	AI_BULK_ACCEPTED	AI_BULK_ACCEPTED	AI_BULK_ACCEPTED	AI_BULK_ACCEPTED	AI_BULK_ACCEPTED	APPROVED_FINAL		AI_REVIEW_BASE	f8855121af336a7c13cd799cafede5f9b9420f28	AVAILABILITY_NOVELTY_V1_20260907
WALNUT	Walnüsse	APPLICABLE	1	EASY	EASY	Walnüsse: gewöhnlicher lokaler Bezugsweg über den Bereich »Nuss-, Saaten- oder Nussmusregal«.	Walnüsse: Rostocker Bezugsweg über das Nuss-, Saaten-, Back- oder Brotaufstrichregal eines gewöhnlichen großen Rostocker Supermarkts.	AI_BULK_ACCEPTED	AI_BULK_ACCEPTED	AI_BULK_ACCEPTED	AI_BULK_ACCEPTED	AI_BULK_ACCEPTED	AI_BULK_ACCEPTED	APPROVED_FINAL		AI_REVIEW_BASE	f8855121af336a7c13cd799cafede5f9b9420f28	AVAILABILITY_NOVELTY_V1_20260907
WATERCRESS	Brunnenkresse	APPLICABLE	1	PLANNED	PLANNED	Brunnenkresse: Über gut sortierten Frischehandel und planbare deutsche Frischewege erhältlich aber kein spontaner Standardartikel.	Brunnenkresse: Über gut sortierten Frischehandel und planbare deutsche Frischewege erhältlich aber kein spontaner Standardartikel.	AI_BULK_ACCEPTED	HUMAN_EXPLICIT	HUMAN_EXPLICIT	AI_BULK_ACCEPTED	AI_BULK_ACCEPTED	MIXED	APPROVED_FINAL		AI_REVIEW_BASE|AVAILABILITY_V2_ANCHOR_HUMAN	f8855121af336a7c13cd799cafede5f9b9420f28	AVAILABILITY_NOVELTY_V1_20260907
WATERMELON	Wassermelone	APPLICABLE	3	EASY	EASY	Wassermelone: gewöhnlicher lokaler Bezugsweg über den Bereich »Obst- und Gemüseabteilung«.	Wassermelone: Rostocker Bezugsweg über die Obstabteilung eines gewöhnlichen großen Rostocker Supermarkts.	AI_BULK_ACCEPTED	AI_BULK_ACCEPTED	AI_BULK_ACCEPTED	AI_BULK_ACCEPTED	AI_BULK_ACCEPTED	AI_BULK_ACCEPTED	APPROVED_FINAL		AI_REVIEW_BASE	f8855121af336a7c13cd799cafede5f9b9420f28	AVAILABILITY_NOVELTY_V1_20260907
WATER_CHESTNUT	Wasserkastanien	APPLICABLE	2	PLANNED	PLANNED	Wasserkastanien ist über eine reguläre Onlinebestellung im allgemeinen Handel mit formgenauer Artikelsuche im allgemeinen deutschen Handel planbar, lokal aber kein verlässlicher Standardartikel.	Wasserkastanien: Tobias sucht „Wasserkastanien“ in Rostock über gut sortierte Vollsortimenter und etablierte deutsche Gemüse- oder Frischehändler gesucht.	AI_BULK_ACCEPTED	AI_BULK_ACCEPTED	AI_BULK_ACCEPTED	AI_BULK_ACCEPTED	AI_BULK_ACCEPTED	AI_BULK_ACCEPTED	APPROVED_FINAL		AI_REVIEW_BASE	f8855121af336a7c13cd799cafede5f9b9420f28	AVAILABILITY_NOVELTY_V1_20260907
WATER_SPINACH	Wasserspinat oder Kangkong	APPLICABLE	3	DIFFICULT	DIFFICULT	Wasserspinat oder Kangkong: Nur der schmale Händlerweg über Asia Moin – fresh vegetables including Rau Muong ist positiv belegt; Kühlversand begrenzt Form, Bestand oder Logistik.	Wasserspinat oder Kangkong: Rostocker Bezugsweg über Asia Moin – fresh vegetables including Rau Muong; dokumentiert sind beim Abruf verfügbaren Bestand und Kühlversand.	HUMAN_EXPLICIT	HUMAN_EXPLICIT	HUMAN_EXPLICIT	HUMAN_EXPLICIT	HUMAN_EXPLICIT	HUMAN_EXPLICIT	APPROVED_FINAL		AI_REVIEW_BASE|HUMAN_CHARGE_3	f8855121af336a7c13cd799cafede5f9b9420f28	AVAILABILITY_NOVELTY_V1_20260907
WHEAT_FLOUR	Weizenmehl	APPLICABLE	1	EASY	EASY	Weizenmehl: gewöhnlicher lokaler Bezugsweg über den Bereich »Reis-, Mehl-, Nudel- oder Trockenwarenregal«.	Weizenmehl: gewöhnlicher lokaler Bezugsweg über den Bereich »Weizenmehl«.	AI_BULK_ACCEPTED	AI_BULK_ACCEPTED	AI_BULK_ACCEPTED	AI_BULK_ACCEPTED	AI_BULK_ACCEPTED	AI_BULK_ACCEPTED	APPROVED_FINAL		AI_REVIEW_BASE	f8855121af336a7c13cd799cafede5f9b9420f28	AVAILABILITY_NOVELTY_V1_20260907
WHEAT_NOODLES	Weizennudeln	APPLICABLE	1	EASY	EASY	Weizennudeln: gewöhnlicher lokaler Bezugsweg über den Bereich »Reis-, Mehl-, Nudel- oder Trockenwarenregal«.	Weizennudeln: gewöhnlicher lokaler Bezugsweg über den Bereich »Weizennudeln«.	AI_BULK_ACCEPTED	AI_BULK_ACCEPTED	AI_BULK_ACCEPTED	AI_BULK_ACCEPTED	AI_BULK_ACCEPTED	AI_BULK_ACCEPTED	APPROVED_FINAL		AI_REVIEW_BASE	f8855121af336a7c13cd799cafede5f9b9420f28	AVAILABILITY_NOVELTY_V1_20260907
WHEAT_PASTA	Weizenpasta	APPLICABLE	1	EASY	EASY	Weizenpasta: gewöhnlicher lokaler Bezugsweg über den Bereich »Reis-, Mehl-, Nudel- oder Trockenwarenregal«.	Weizenpasta: das Teigwarenregal und gegebenenfalls das Kühlregal gewöhnlicher großer Rostocker Supermärkte decken getrocknete wie frische italienisch geprägte Weizenpasta ab; Form und Ei-Anteil bleiben offen.	AI_BULK_ACCEPTED	AI_BULK_ACCEPTED	AI_BULK_ACCEPTED	AI_BULK_ACCEPTED	AI_BULK_ACCEPTED	AI_BULK_ACCEPTED	APPROVED_FINAL		AI_REVIEW_BASE	f8855121af336a7c13cd799cafede5f9b9420f28	AVAILABILITY_NOVELTY_V1_20260907
WHITE_ASPARAGUS	weißer Spargel	APPLICABLE	1	EASY	EASY	weißer Spargel: gewöhnlicher lokaler Bezugsweg über den Bereich »Obst- und Gemüseabteilung«.	weißer Spargel: gewöhnlicher lokaler Bezugsweg über den Bereich »weißer Spargel«.	AI_BULK_ACCEPTED	AI_BULK_ACCEPTED	AI_BULK_ACCEPTED	AI_BULK_ACCEPTED	AI_BULK_ACCEPTED	AI_BULK_ACCEPTED	APPROVED_FINAL		AI_REVIEW_BASE	f8855121af336a7c13cd799cafede5f9b9420f28	AVAILABILITY_NOVELTY_V1_20260907
WHITE_BEANS	weiße Bohnen	APPLICABLE	2	EASY	EASY	weiße Bohnen: gewöhnlicher lokaler Bezugsweg über den Bereich »Hülsenfrucht-, Konserven- oder Trockenwarenregal«.	weiße Bohnen: gewöhnlicher lokaler Bezugsweg über den Bereich »weiße Bohnen«.	AI_BULK_ACCEPTED	AI_BULK_ACCEPTED	AI_BULK_ACCEPTED	AI_BULK_ACCEPTED	AI_BULK_ACCEPTED	AI_BULK_ACCEPTED	APPROVED_FINAL		AI_REVIEW_BASE	f8855121af336a7c13cd799cafede5f9b9420f28	AVAILABILITY_NOVELTY_V1_20260907
WHITE_CABBAGE	Weißkohl	APPLICABLE	1	EASY	EASY	Weißkohl: gewöhnlicher lokaler Bezugsweg über den Bereich »Obst- und Gemüseabteilung«.	Weißkohl: gewöhnlicher lokaler Bezugsweg über den Bereich »Weißkohl«.	AI_BULK_ACCEPTED	AI_BULK_ACCEPTED	AI_BULK_ACCEPTED	AI_BULK_ACCEPTED	AI_BULK_ACCEPTED	AI_BULK_ACCEPTED	APPROVED_FINAL		AI_REVIEW_BASE	f8855121af336a7c13cd799cafede5f9b9420f28	AVAILABILITY_NOVELTY_V1_20260907
WHITE_CHAMPIGNON	weiße Champignons	APPLICABLE	1	EASY	EASY	weiße Champignons: gewöhnlicher lokaler Bezugsweg über den Bereich »Obst- und Gemüseabteilung«.	weiße Champignons: gewöhnlicher lokaler Bezugsweg über den Bereich »weiße Champignons«.	AI_BULK_ACCEPTED	AI_BULK_ACCEPTED	AI_BULK_ACCEPTED	AI_BULK_ACCEPTED	AI_BULK_ACCEPTED	AI_BULK_ACCEPTED	APPROVED_FINAL		AI_REVIEW_BASE	f8855121af336a7c13cd799cafede5f9b9420f28	AVAILABILITY_NOVELTY_V1_20260907
WHITE_CHOCOLATE	weiße Schokolade	APPLICABLE	2	EASY	EASY	weiße Schokolade: gewöhnlicher lokaler Bezugsweg über den Bereich »Backzutaten-, Süßwaren- oder Kakaoregal«.	weiße Schokolade: Rostocker Bezugsweg über das Back-, Süßwaren- oder Brotregal eines gewöhnlichen großen Rostocker Supermarkts.	AI_BULK_ACCEPTED	AI_BULK_ACCEPTED	AI_BULK_ACCEPTED	AI_BULK_ACCEPTED	AI_BULK_ACCEPTED	AI_BULK_ACCEPTED	APPROVED_FINAL		AI_REVIEW_BASE	f8855121af336a7c13cd799cafede5f9b9420f28	AVAILABILITY_NOVELTY_V1_20260907
WHITE_FISH	weißfleischiger Fisch	APPLICABLE	1	EASY	EASY	weißfleischiger Fisch: gewöhnlicher lokaler Bezugsweg über den Bereich »Fischkühlung, Fischtheke oder Tiefkühlabteilung«.	weißfleischiger Fisch: Rostocker Bezugsweg über die Fischkühlung, Tiefkühltruhe oder Fischtheke eines gewöhnlichen großen Rostocker Supermarkts.	AI_BULK_ACCEPTED	AI_BULK_ACCEPTED	AI_BULK_ACCEPTED	AI_BULK_ACCEPTED	AI_BULK_ACCEPTED	AI_BULK_ACCEPTED	APPROVED_FINAL		AI_REVIEW_BASE	f8855121af336a7c13cd799cafede5f9b9420f28	AVAILABILITY_NOVELTY_V1_20260907
WHITE_PEPPER	weißer Pfeffer	APPLICABLE	1	EASY	EASY	weißer Pfeffer: gewöhnlicher lokaler Bezugsweg über den Bereich »Gewürz- und Trockenwürzregal«.	Weißer Pfeffer: das Gewürzregal gewöhnlicher großer Rostocker Supermärkte führt die von der Fruchthülle befreiten Pfefferkörner ganz oder gemahlen.	AI_BULK_ACCEPTED	AI_BULK_ACCEPTED	AI_BULK_ACCEPTED	AI_BULK_ACCEPTED	AI_BULK_ACCEPTED	AI_BULK_ACCEPTED	APPROVED_FINAL		AI_REVIEW_BASE	f8855121af336a7c13cd799cafede5f9b9420f28	AVAILABILITY_NOVELTY_V1_20260907
WHITE_SAUSAGE	Weißwurst	APPLICABLE	2	PLANNED	PLANNED	Weißwurst ist über eine gezielte Bestellung oder Sortimentsprüfung bei MeinMetzger – Münchner Weißwürstchen mit Petersilie im allgemeinen deutschen Handel planbar, lokal aber kein verlässlicher Standardartikel.	Weißwurst: Beim Einkauf von „Weißwurst“ nutzt Tobias Vorbestellung an einer gut sortierten Fleischtheke oder etablierter deutscher Metzgereiversand.	AI_BULK_ACCEPTED	AI_BULK_ACCEPTED	AI_BULK_ACCEPTED	AI_BULK_ACCEPTED	AI_BULK_ACCEPTED	AI_BULK_ACCEPTED	APPROVED_FINAL		AI_REVIEW_BASE	f8855121af336a7c13cd799cafede5f9b9420f28	AVAILABILITY_NOVELTY_V1_20260907
WHITE_SUGAR	Zucker	APPLICABLE	1	EASY	EASY	Zucker: gewöhnlicher lokaler Bezugsweg über den Bereich »Backzutaten-, Süßwaren- oder Kakaoregal«.	Zucker: gewöhnlicher lokaler Bezugsweg über den Bereich »Zucker«.	AI_BULK_ACCEPTED	AI_BULK_ACCEPTED	AI_BULK_ACCEPTED	AI_BULK_ACCEPTED	AI_BULK_ACCEPTED	AI_BULK_ACCEPTED	APPROVED_FINAL		AI_REVIEW_BASE	f8855121af336a7c13cd799cafede5f9b9420f28	AVAILABILITY_NOVELTY_V1_20260907
WHITE_TEA	weißer Tee	APPLICABLE	4	PLANNED	PLANNED	weißer Tee ist über eine geplante Fahrt zu einem großen Markt mit dem Sortiment »Tee- und Aufgussregal« im allgemeinen deutschen Handel planbar, lokal aber kein verlässlicher Standardartikel.	weißer Tee: Pit&Pit bietet Bio-Mao-Feng aus einer jungen Knospe und zwei jungen Blättern lagernd mit 2–3 Werktagen Lieferzeit an; für Rostock ist dies ein konkreter Versandweg statt garantierter Supermarktware.	AI_BULK_ACCEPTED	AI_BULK_ACCEPTED	AI_BULK_ACCEPTED	AI_BULK_ACCEPTED	AI_BULK_ACCEPTED	AI_BULK_ACCEPTED	APPROVED_FINAL		AI_REVIEW_BASE	f8855121af336a7c13cd799cafede5f9b9420f28	AVAILABILITY_NOVELTY_V1_20260907
WHITE_VINEGAR	Branntweinessig	APPLICABLE	1	EASY	EASY	Branntweinessig: gewöhnlicher lokaler Bezugsweg über den Bereich »Essig- und Ölregal«.	Branntweinessig: gewöhnlicher lokaler Bezugsweg über den Bereich »Branntweinessig«.	AI_BULK_ACCEPTED	AI_BULK_ACCEPTED	AI_BULK_ACCEPTED	AI_BULK_ACCEPTED	AI_BULK_ACCEPTED	AI_BULK_ACCEPTED	APPROVED_FINAL		AI_REVIEW_BASE	f8855121af336a7c13cd799cafede5f9b9420f28	AVAILABILITY_NOVELTY_V1_20260907
WHITE_WINE	Weißwein	APPLICABLE	2	EASY	EASY	Weißwein: gewöhnlicher lokaler Bezugsweg über den Bereich »Getränke-, Wein- oder Spirituosenregal«.	Weißwein: gewöhnlicher lokaler Bezugsweg über den Bereich »Weißwein«.	AI_BULK_ACCEPTED	AI_BULK_ACCEPTED	AI_BULK_ACCEPTED	AI_BULK_ACCEPTED	AI_BULK_ACCEPTED	AI_BULK_ACCEPTED	APPROVED_FINAL		AI_REVIEW_BASE	f8855121af336a7c13cd799cafede5f9b9420f28	AVAILABILITY_NOVELTY_V1_20260907
WHITE_WINE_VINEGAR	Weißweinessig	APPLICABLE	1	EASY	EASY	Weißweinessig: gewöhnlicher lokaler Bezugsweg über den Bereich »Essig- und Ölregal«.	Weißweinessig: gewöhnlicher lokaler Bezugsweg über den Bereich »Weißweinessig«.	AI_BULK_ACCEPTED	AI_BULK_ACCEPTED	AI_BULK_ACCEPTED	AI_BULK_ACCEPTED	AI_BULK_ACCEPTED	AI_BULK_ACCEPTED	APPROVED_FINAL		AI_REVIEW_BASE	f8855121af336a7c13cd799cafede5f9b9420f28	AVAILABILITY_NOVELTY_V1_20260907
WHOLEGRAIN_MUSTARD	körniger Senf	APPLICABLE	1	EASY	EASY	körniger Senf: gewöhnlicher lokaler Bezugsweg über den Bereich »Saucen-, Würzpasten- und Feinkostregal«.	körniger Senf: gewöhnlicher lokaler Bezugsweg über den Bereich »körniger Senf«.	AI_BULK_ACCEPTED	AI_BULK_ACCEPTED	AI_BULK_ACCEPTED	AI_BULK_ACCEPTED	AI_BULK_ACCEPTED	AI_BULK_ACCEPTED	APPROVED_FINAL		AI_REVIEW_BASE	f8855121af336a7c13cd799cafede5f9b9420f28	AVAILABILITY_NOVELTY_V1_20260907
WILD_BOAR	Wildschwein	APPLICABLE	2	PLANNED	PLANNED	Wildschwein ist über eine gezielte Bestellung oder Sortimentsprüfung bei MeinMetzger – Wildschweinbraten aus der Keule im allgemeinen deutschen Handel planbar, lokal aber kein verlässlicher Standardartikel.	Wildschwein: Rostocker Bezugsweg über MeinMetzger – Wildschweinbraten aus der Keule; dokumentiert sind beim Abruf verfügbaren Bestand und Kühlversand.	AI_BULK_ACCEPTED	AI_BULK_ACCEPTED	AI_BULK_ACCEPTED	AI_BULK_ACCEPTED	AI_BULK_ACCEPTED	AI_BULK_ACCEPTED	APPROVED_FINAL		AI_REVIEW_BASE	f8855121af336a7c13cd799cafede5f9b9420f28	AVAILABILITY_NOVELTY_V1_20260907
WILD_RICE	Wildreis	APPLICABLE	2	PLANNED	PLANNED	Wildreis ist über eine gezielte Filial- oder Bestellprüfung für Getreide- oder Stärkeware im allgemeinen deutschen Handel planbar, lokal aber kein verlässlicher Standardartikel.	Wildreis: Die Rostocker Warenprüfung für „Wildreis“ erfolgt über gut sortierte Vollsortimenter und etablierte deutsche Bio- oder Trockenwarenhändler.	AI_BULK_ACCEPTED	AI_BULK_ACCEPTED	AI_BULK_ACCEPTED	AI_BULK_ACCEPTED	AI_BULK_ACCEPTED	AI_BULK_ACCEPTED	APPROVED_FINAL		AI_REVIEW_BASE	f8855121af336a7c13cd799cafede5f9b9420f28	AVAILABILITY_NOVELTY_V1_20260907
WONTON_WRAPPERS	Wonton-Teigblätter	APPLICABLE	2	SPECIALTY	SPECIALTY	Wonton-Teigblätter ist im einschlägigen Spezialmarkt breit etabliert; dokumentierte reguläre Wege sind die voneinander unabhängigen Händler Asian Brand – frozen wonton wrappers 500 g sowie Asiatischer Lebensmittelladen – wonton pastry 200 g.	Wonton-Teigblätter: Rostocker Bezugsweg über Asian Brand – frozen wonton wrappers 500 g und Asiatischer Lebensmittelladen – wonton pastry 200 g; dokumentiert ist verfügbarer Bestand in einem laufenden Fachsortiment und Tiefkühlversand.	AI_BULK_ACCEPTED	AI_BULK_ACCEPTED	AI_BULK_ACCEPTED	AI_BULK_ACCEPTED	AI_BULK_ACCEPTED	AI_BULK_ACCEPTED	APPROVED_FINAL		AI_REVIEW_BASE	f8855121af336a7c13cd799cafede5f9b9420f28	AVAILABILITY_NOVELTY_V1_20260907
WOOD_EAR	Mu-Err-Pilze	APPLICABLE	2	PLANNED	PLANNED	Mu-Err-Pilze: Asiafoodland führt Thai-Dancer-Mu-Err als 100 g getrocknete schwarze Pilze aktuell lagernd. Die einzuweichende Judasohrenform ist produktgenau und wird ungekühlt per DHL nach Bornheim verschickt.	Getrocknete Thai-Dancer-Mu-Err sind bei Asiafoodland aktuell lagernd und werden ungekühlt per DHL nach Rostock versandt.	AI_BULK_ACCEPTED	AI_BULK_ACCEPTED	AI_BULK_ACCEPTED	AI_BULK_ACCEPTED	AI_BULK_ACCEPTED	AI_BULK_ACCEPTED	APPROVED_FINAL		AI_REVIEW_BASE	f8855121af336a7c13cd799cafede5f9b9420f28	AVAILABILITY_NOVELTY_V1_20260907
WORCESTERSHIRE_SAUCE	Worcestersauce	APPLICABLE	1	EASY	EASY	Worcestersauce: gewöhnlicher lokaler Bezugsweg über den Bereich »Saucen-, Würzpasten- und Feinkostregal«.	Worcestersauce: gewöhnlicher lokaler Bezugsweg über den Bereich »Worcestersauce«.	AI_BULK_ACCEPTED	AI_BULK_ACCEPTED	AI_BULK_ACCEPTED	AI_BULK_ACCEPTED	AI_BULK_ACCEPTED	AI_BULK_ACCEPTED	APPROVED_FINAL		AI_REVIEW_BASE	f8855121af336a7c13cd799cafede5f9b9420f28	AVAILABILITY_NOVELTY_V1_20260907
XO_SAUCE	XO-Sauce	APPLICABLE	3	SPECIALTY	SPECIALTY	XO-Sauce ist im einschlägigen Spezialmarkt breit etabliert; dokumentierte reguläre Wege sind die voneinander unabhängigen Händler Amazing Oriental – XO sauce range sowie Chefino – Lee XO sauce.	XO-Sauce: Rostocker Bezugsweg über Amazing Oriental – XO sauce range und Chefino – Lee XO sauce; dokumentiert sind eine vor dem Einkauf erneut zu prüfende Verfügbarkeit und Standardversand.	AI_BULK_ACCEPTED	AI_BULK_ACCEPTED	AI_BULK_ACCEPTED	AI_BULK_ACCEPTED	AI_BULK_ACCEPTED	AI_BULK_ACCEPTED	APPROVED_FINAL		AI_REVIEW_BASE	f8855121af336a7c13cd799cafede5f9b9420f28	AVAILABILITY_NOVELTY_V1_20260907
YAM	Yamswurzel	APPLICABLE	3	SPECIALTY	SPECIALTY	Yamswurzel ist im einschlägigen Spezialmarkt breit etabliert; dokumentierte reguläre Wege sind die voneinander unabhängigen Händler Afrofoodexpress – fresh yam range sowie Afro World Dortmund – fresh yam route.	Frische Yamswurzel ist bei zwei unabhängigen Afro-Lebensmittelhändlern gelistet; Frischeversand und spezialisierter Marktweg bleiben einzuplanen.	HUMAN_EXPLICIT	HUMAN_EXPLICIT	HUMAN_EXPLICIT	HUMAN_EXPLICIT	HUMAN_EXPLICIT	HUMAN_EXPLICIT	APPROVED_FINAL		AI_REVIEW_BASE|HUMAN_CHARGE_3	f8855121af336a7c13cd799cafede5f9b9420f28	AVAILABILITY_NOVELTY_V1_20260907
YEAST_EXTRACT	Hefeextrakt	APPLICABLE	2	SPECIALTY	SPECIALTY	Hefeextrakt: Exakte Produkte wie Marmite sind im internationalen Spezialhandel stabil erhältlich aber nicht als breiter allgemeiner deutscher Standard abgesichert.	Hefeextrakt: Exakte Produkte wie Marmite sind im internationalen Spezialhandel stabil erhältlich aber nicht als breiter allgemeiner deutscher Standard abgesichert.	HUMAN_EXPLICIT	HUMAN_EXPLICIT	HUMAN_EXPLICIT	HUMAN_EXPLICIT	HUMAN_EXPLICIT	HUMAN_EXPLICIT	APPROVED_FINAL		AI_REVIEW_BASE|AVAILABILITY_V2_ANCHOR_HUMAN|HUMAN_CHARGE_3	f8855121af336a7c13cd799cafede5f9b9420f28	AVAILABILITY_NOVELTY_V1_20260907
YELLOW_BELL_PEPPER	gelbe Paprika	APPLICABLE	1	EASY	EASY	gelbe Paprika: gewöhnlicher lokaler Bezugsweg über den Bereich »Obst- und Gemüseabteilung«.	gelbe Paprika: gewöhnlicher lokaler Bezugsweg über den Bereich »gelbe Paprika«.	AI_BULK_ACCEPTED	AI_BULK_ACCEPTED	AI_BULK_ACCEPTED	AI_BULK_ACCEPTED	AI_BULK_ACCEPTED	AI_BULK_ACCEPTED	APPROVED_FINAL		AI_REVIEW_BASE	f8855121af336a7c13cd799cafede5f9b9420f28	AVAILABILITY_NOVELTY_V1_20260907
YELLOW_LENTILS	gelbe Linsen	APPLICABLE	1	PLANNED	PLANNED	gelbe Linsen: Als konkrete Route ist für Georgia „Hülsenfrucht-, Konserven- oder Trockenwarenregal über eine vorab geprüfte Händlerroute“ vorgesehen.	gelbe Linsen: Rostocker Bezugsweg über gut sortierte Vollsortimenter und etablierte deutsche Bio- oder Trockenwarenhändler.	AI_BULK_ACCEPTED	AI_BULK_ACCEPTED	AI_BULK_ACCEPTED	AI_BULK_ACCEPTED	AI_BULK_ACCEPTED	AI_BULK_ACCEPTED	APPROVED_FINAL		AI_REVIEW_BASE	f8855121af336a7c13cd799cafede5f9b9420f28	AVAILABILITY_NOVELTY_V1_20260907
YELLOW_SPLIT_PEAS	gelbe Schälerbsen	APPLICABLE	2	EASY	EASY	gelbe Schälerbsen: gewöhnlicher lokaler Bezugsweg über den Bereich »Hülsenfrucht-, Konserven- oder Trockenwarenregal«.	gelbe Schälerbsen: gewöhnlicher lokaler Bezugsweg über den Bereich »gelbe Schälerbsen«.	AI_BULK_ACCEPTED	AI_BULK_ACCEPTED	AI_BULK_ACCEPTED	AI_BULK_ACCEPTED	AI_BULK_ACCEPTED	AI_BULK_ACCEPTED	APPROVED_FINAL		AI_REVIEW_BASE	f8855121af336a7c13cd799cafede5f9b9420f28	AVAILABILITY_NOVELTY_V1_20260907
YOGURT	Joghurt	APPLICABLE	1	EASY	EASY	Joghurt: Breiter Supermarkt- und Discounterstandard.	Joghurt: Breiter Supermarkt- und Discounterstandard.	HUMAN_EXPLICIT	HUMAN_EXPLICIT	HUMAN_EXPLICIT	AI_BULK_ACCEPTED	AI_BULK_ACCEPTED	HUMAN_EXPLICIT	APPROVED_FINAL		AI_REVIEW_BASE|NOVELTY_REFERENCE_ANCHOR_HUMAN|AVAILABILITY_V2_ANCHOR_HUMAN	f8855121af336a7c13cd799cafede5f9b9420f28	AVAILABILITY_NOVELTY_V1_20260907
YUZU	Yuzu	APPLICABLE	3	SPECIALTY	SPECIALTY	Yuzu ist im einschlägigen Spezialmarkt breit etabliert; dokumentierte reguläre Wege sind die voneinander unabhängigen Händler Feinkost Käfer – 100% Yuzu direct juice 100 ml sowie BOS FOOD – Takada 100% Yuzu juice 1 l.	Yuzu: Rostocker Bezugsweg über BOS FOOD – Takada 100% Yuzu juice 1 l und Feinkost Käfer – 100% Yuzu direct juice 100 ml; dokumentiert ist verfügbarer Bestand in einem laufenden Fachsortiment und Standardversand.	AI_BULK_ACCEPTED	AI_BULK_ACCEPTED	AI_BULK_ACCEPTED	AI_BULK_ACCEPTED	AI_BULK_ACCEPTED	AI_BULK_ACCEPTED	APPROVED_FINAL		AI_REVIEW_BASE	f8855121af336a7c13cd799cafede5f9b9420f28	AVAILABILITY_NOVELTY_V1_20260907
ZAATAR	Za’atar	APPLICABLE	2	PLANNED	SPECIALTY	Za’atar: Georgias regionaler Fachmarktweg ist planbar; Tobias benötigt den breit etablierten arabischen Spezialmarkt.	Za’atar: Georgias regionaler Fachmarktweg ist planbar; Tobias benötigt den breit etablierten arabischen Spezialmarkt.	AI_BULK_ACCEPTED	HUMAN_EXPLICIT	HUMAN_EXPLICIT	AI_BULK_ACCEPTED	AI_BULK_ACCEPTED	MIXED	APPROVED_FINAL		AI_REVIEW_BASE|AVAILABILITY_V2_ANCHOR_HUMAN	f8855121af336a7c13cd799cafede5f9b9420f28	AVAILABILITY_NOVELTY_V1_20260907
ZUCCHINI	Zucchini	APPLICABLE	1	EASY	EASY	Zucchini: gewöhnlicher lokaler Bezugsweg über den Bereich »Obst- und Gemüseabteilung«.	Zucchini: gewöhnlicher lokaler Bezugsweg über den Bereich »Zucchini«.	AI_BULK_ACCEPTED	AI_BULK_ACCEPTED	AI_BULK_ACCEPTED	AI_BULK_ACCEPTED	AI_BULK_ACCEPTED	AI_BULK_ACCEPTED	APPROVED_FINAL		AI_REVIEW_BASE	f8855121af336a7c13cd799cafede5f9b9420f28	AVAILABILITY_NOVELTY_V1_20260907
