concept_code,person,observed_route_category,required_route_focus,audit_reason,audit_status
ADZUKI_BEANS,Georgia,SEPARATE_OPEN_FORM_CONTROL,"Alle zugelassenen Produktformen beibehalten und den Einkaufsweg daran ausrichten: Kleine rote Bohnen mit mild-nussigem, leicht süßlichem Geschmack; getrocknet oder vorgegart verwendbar.",ADZUKI_BEANS wurde im getrennten Georgia-Lauf als Gegenkontrolle auf dieselbe unzulässige Einzelform-Verengung geprüft.,ROUTE_VERIFIED
ADZUKI_BEANS,Tobias,HEURISTIC_SINGLE_FORM_FROM_OPEN_PRODUCT_FORM,"Alle zugelassenen Produktformen beibehalten und den Einkaufsweg daran ausrichten: Kleine rote Bohnen mit mild-nussigem, leicht süßlichem Geschmack; getrocknet oder vorgegart verwendbar.","ADZUKI_BEANS wurde im Tobias-Lauf trotz offener oder alternativer Produktform heuristisch auf eine einzelne frische, getrocknete, gemahlene oder konservierte Form verengt.",ROUTE_VERIFIED
AJVAR,Georgia,Obst-/Gemuesebereich,Saucen-/Wuerzpasten- oder Feinkostregal fuer Ajvar,AJVAR wurde im Ausgangs-Notizlauf einer nicht zur kuratierten Produktform passenden Warengruppe zugeordnet; die finale Notiz muss den genannten konkreten Einkaufsweg verwenden.,ROUTE_VERIFIED
AJVAR,Tobias,SEPARATE_PERSON_ROUTE_REVIEW,Saucen-/Wuerzpasten- oder Feinkostregal fuer Ajvar,"AJVAR wurde im getrennten Tobias-Durchgang gegen Produktform, Warengruppe und realistischen Rostocker bzw. deutschen Einkaufsweg gegengeprüft; die finale Notiz muss den genannten konkreten Einkaufsweg einhalten.",ROUTE_VERIFIED
ALLSPICE,Georgia,Getraenke-/Weinregal,Gewuerzregal fuer getrocknete Pimentbeeren,ALLSPICE wurde im Ausgangs-Notizlauf einer nicht zur kuratierten Produktform passenden Warengruppe zugeordnet; die finale Notiz muss den genannten konkreten Einkaufsweg verwenden.,ROUTE_VERIFIED
ALLSPICE,Tobias,SEPARATE_PERSON_ROUTE_REVIEW,Gewuerzregal fuer getrocknete Pimentbeeren,"ALLSPICE wurde im getrennten Tobias-Durchgang gegen Produktform, Warengruppe und realistischen Rostocker bzw. deutschen Einkaufsweg gegengeprüft; die finale Notiz muss den genannten konkreten Einkaufsweg einhalten.",ROUTE_VERIFIED
ALMOND,Georgia,SYSTEMATIC_OPEN_FORM_AND_PARENT_ROUTE_REVIEW,"Nuss-/Backregal; alle zugelassenen ganzen, gehackten, gemahlenen oder blanchierten Formen offenhalten","ALMOND wurde in der finalen Gegenprüfung auf Roh-Elternroute, unzulässige Einzelform und die korrekte verarbeitete beziehungsweise offene Produktform geprüft.",ROUTE_VERIFIED
ALMOND,Tobias,SYSTEMATIC_OPEN_FORM_AND_PARENT_ROUTE_REVIEW,"Nuss-/Backregal; alle zugelassenen ganzen, gehackten, gemahlenen oder blanchierten Formen offenhalten","ALMOND wurde in der finalen Gegenprüfung auf Roh-Elternroute, unzulässige Einzelform und die korrekte verarbeitete beziehungsweise offene Produktform geprüft.",ROUTE_VERIFIED
ALMOND_BUTTER,Georgia,Molkerei-/Kaesebereich,Brotaufstrich-/Nussmusregal fuer Mandelmus,ALMOND_BUTTER wurde im Ausgangs-Notizlauf einer nicht zur kuratierten Produktform passenden Warengruppe zugeordnet; die finale Notiz muss den genannten konkreten Einkaufsweg verwenden.,ROUTE_VERIFIED
ALMOND_BUTTER,Tobias,SEPARATE_PERSON_ROUTE_REVIEW,Brotaufstrich-/Nussmusregal fuer Mandelmus,"ALMOND_BUTTER wurde im getrennten Tobias-Durchgang gegen Produktform, Warengruppe und realistischen Rostocker bzw. deutschen Einkaufsweg gegengeprüft; die finale Notiz muss den genannten konkreten Einkaufsweg einhalten.",ROUTE_VERIFIED
ALMOND_DRINK,Georgia,Nuss-/Trockenwarenregal,Pflanzendrink-/Getraenkeregal fuer Mandeldrink,ALMOND_DRINK wurde im Ausgangs-Notizlauf einer nicht zur kuratierten Produktform passenden Warengruppe zugeordnet; die finale Notiz muss den genannten konkreten Einkaufsweg verwenden.,ROUTE_VERIFIED
ALMOND_DRINK,Tobias,SEPARATE_PERSON_ROUTE_REVIEW,Pflanzendrink-/Getraenkeregal fuer Mandeldrink,"ALMOND_DRINK wurde im getrennten Tobias-Durchgang gegen Produktform, Warengruppe und realistischen Rostocker bzw. deutschen Einkaufsweg gegengeprüft; die finale Notiz muss den genannten konkreten Einkaufsweg einhalten.",ROUTE_VERIFIED
ANCHOVIES,Georgia,Fischtheke/-kuehlung,Fischkonserven-/Feinkostregal fuer gesalzene bzw. in Oel oder Lake konservierte Form,ANCHOVIES wurde im Ausgangs-Notizlauf einer nicht zur kuratierten Produktform passenden Warengruppe zugeordnet; die finale Notiz muss den genannten konkreten Einkaufsweg verwenden.,ROUTE_VERIFIED
ANCHOVIES,Tobias,SEPARATE_PERSON_ROUTE_REVIEW,Fischkonserven-/Feinkostregal fuer gesalzene bzw. in Oel oder Lake konservierte Form,"ANCHOVIES wurde im getrennten Tobias-Durchgang gegen Produktform, Warengruppe und realistischen Rostocker bzw. deutschen Einkaufsweg gegengeprüft; die finale Notiz muss den genannten konkreten Einkaufsweg einhalten.",ROUTE_VERIFIED
APPLE,Georgia,SEPARATE_OPEN_FORM_CONTROL,"Alle zugelassenen Produktformen beibehalten und den Einkaufsweg daran ausrichten: Apfel als frische Frucht; Sorte und Verhältnis von Süße, Säure und Festigkeit bleiben offen.",APPLE wurde im getrennten Georgia-Lauf als Gegenkontrolle auf dieselbe unzulässige Einzelform-Verengung geprüft.,ROUTE_VERIFIED
APPLE,Tobias,HEURISTIC_SINGLE_FORM_FROM_OPEN_PRODUCT_FORM,"Alle zugelassenen Produktformen beibehalten und den Einkaufsweg daran ausrichten: Apfel als frische Frucht; Sorte und Verhältnis von Süße, Säure und Festigkeit bleiben offen.","APPLE wurde im Tobias-Lauf trotz offener oder alternativer Produktform heuristisch auf eine einzelne frische, getrocknete, gemahlene oder konservierte Form verengt.",ROUTE_VERIFIED
APPLE_CIDER_VINEGAR,Georgia,Getraenke-/Weinregal,Essig-/Oel- oder Wuerzregal fuer Apfelessig,APPLE_CIDER_VINEGAR wurde im Ausgangs-Notizlauf einer nicht zur kuratierten Produktform passenden Warengruppe zugeordnet; die finale Notiz muss den genannten konkreten Einkaufsweg verwenden.,ROUTE_VERIFIED
APPLE_CIDER_VINEGAR,Tobias,SEPARATE_PERSON_ROUTE_REVIEW,Essig-/Oel- oder Wuerzregal fuer Apfelessig,"APPLE_CIDER_VINEGAR wurde im getrennten Tobias-Durchgang gegen Produktform, Warengruppe und realistischen Rostocker bzw. deutschen Einkaufsweg gegengeprüft; die finale Notiz muss den genannten konkreten Einkaufsweg einhalten.",ROUTE_VERIFIED
BAGUETTE,Georgia,Trockensortiment/Reis-Mehl-Nudeln,Backstation oder Baeckereitheke fuer ein fertiges Baguette,Die zuerst genannte Warengruppe passte nicht zur kuratierten verzehrfertigen Brotform; die finale Notiz fuehrt den konkreten Brotweg.,ROUTE_VERIFIED
BAMBOO_SHOOTS,Georgia,SEPARATE_OPEN_FORM_CONTROL,Alle zugelassenen Produktformen beibehalten und den Einkaufsweg daran ausrichten: Junge essbare Bambussprossen mit mildem Geschmack und knackigem Biss; in Deutschland meist vorgegart in Dose oder Glas erhältlich.,BAMBOO_SHOOTS wurde im getrennten Georgia-Lauf als Gegenkontrolle auf dieselbe unzulässige Einzelform-Verengung geprüft.,ROUTE_VERIFIED
BAMBOO_SHOOTS,Tobias,HEURISTIC_SINGLE_FORM_FROM_OPEN_PRODUCT_FORM,Alle zugelassenen Produktformen beibehalten und den Einkaufsweg daran ausrichten: Junge essbare Bambussprossen mit mildem Geschmack und knackigem Biss; in Deutschland meist vorgegart in Dose oder Glas erhältlich.,"BAMBOO_SHOOTS wurde im Tobias-Lauf trotz offener oder alternativer Produktform heuristisch auf eine einzelne frische, getrocknete, gemahlene oder konservierte Form verengt.",ROUTE_VERIFIED
BANANA_BLOSSOM,Georgia,SEPARATE_OPEN_FORM_CONTROL,"Alle zugelassenen Produktformen beibehalten und den Einkaufsweg daran ausrichten: Essbare Bananenblüte mit faserigem Biss und mild herb-adstringierendem Geschmack; frisch oder schlicht konserviert für Salate, Suppen und Gemüsegerichte. Nicht Bananenfrucht oder bloß dekorative Blüte.",BANANA_BLOSSOM wurde im getrennten Georgia-Lauf als Gegenkontrolle auf dieselbe unzulässige Einzelform-Verengung geprüft.,ROUTE_VERIFIED
BANANA_BLOSSOM,Tobias,HEURISTIC_SINGLE_FORM_FROM_OPEN_PRODUCT_FORM,"Alle zugelassenen Produktformen beibehalten und den Einkaufsweg daran ausrichten: Essbare Bananenblüte mit faserigem Biss und mild herb-adstringierendem Geschmack; frisch oder schlicht konserviert für Salate, Suppen und Gemüsegerichte. Nicht Bananenfrucht oder bloß dekorative Blüte.","BANANA_BLOSSOM wurde im Tobias-Lauf trotz offener oder alternativer Produktform heuristisch auf eine einzelne frische, getrocknete, gemahlene oder konservierte Form verengt.",ROUTE_VERIFIED
BAY_LEAF,Georgia,Getraenke-/Weinregal,Gewuerzregal fuer getrocknete Lorbeerblaetter,BAY_LEAF wurde im Ausgangs-Notizlauf einer nicht zur kuratierten Produktform passenden Warengruppe zugeordnet; die finale Notiz muss den genannten konkreten Einkaufsweg verwenden.,ROUTE_VERIFIED
BAY_LEAF,Tobias,SEPARATE_PERSON_ROUTE_REVIEW,Gewuerzregal fuer getrocknete Lorbeerblaetter,"BAY_LEAF wurde im getrennten Tobias-Durchgang gegen Produktform, Warengruppe und realistischen Rostocker bzw. deutschen Einkaufsweg gegengeprüft; die finale Notiz muss den genannten konkreten Einkaufsweg einhalten.",ROUTE_VERIFIED
BEANS,Georgia,SYSTEMATIC_OPEN_FORM_AND_PARENT_ROUTE_REVIEW,"Huelsenfrucht-, Konserven- oder Trockenwarenregal fuer trockene oder vorgegarte Bohnenkerne; keine frische Form","BEANS wurde in der finalen Gegenprüfung auf Roh-Elternroute, unzulässige Einzelform und die korrekte verarbeitete beziehungsweise offene Produktform geprüft.",ROUTE_VERIFIED
BEANS,Tobias,SYSTEMATIC_OPEN_FORM_AND_PARENT_ROUTE_REVIEW,"Huelsenfrucht-, Konserven- oder Trockenwarenregal fuer trockene oder vorgegarte Bohnenkerne; keine frische Form","BEANS wurde in der finalen Gegenprüfung auf Roh-Elternroute, unzulässige Einzelform und die korrekte verarbeitete beziehungsweise offene Produktform geprüft.",ROUTE_VERIFIED
BEEF_STOCK,Georgia,Fleischtheke/Metzgereisortiment,Bruehen-/Suppenregal fuer Rinderfond oder Rinderbruehe,BEEF_STOCK wurde im Ausgangs-Notizlauf einer nicht zur kuratierten Produktform passenden Warengruppe zugeordnet; die finale Notiz muss den genannten konkreten Einkaufsweg verwenden.,ROUTE_VERIFIED
BEEF_STOCK,Tobias,SEPARATE_PERSON_ROUTE_REVIEW,Bruehen-/Suppenregal fuer Rinderfond oder Rinderbruehe,"BEEF_STOCK wurde im getrennten Tobias-Durchgang gegen Produktform, Warengruppe und realistischen Rostocker bzw. deutschen Einkaufsweg gegengeprüft; die finale Notiz muss den genannten konkreten Einkaufsweg einhalten.",ROUTE_VERIFIED
BEER,Georgia,SYSTEMATIC_OPEN_FORM_AND_PARENT_ROUTE_REVIEW,Bier-/Getraenkeregal fuer vergorenes Getreidegetraenk; nicht pauschal Spirituosen- oder Weinregal,"BEER wurde in der finalen Gegenprüfung auf Roh-Elternroute, unzulässige Einzelform und die korrekte verarbeitete beziehungsweise offene Produktform geprüft.",ROUTE_VERIFIED
BEER,Tobias,SYSTEMATIC_OPEN_FORM_AND_PARENT_ROUTE_REVIEW,Bier-/Getraenkeregal fuer vergorenes Getreidegetraenk; nicht pauschal Spirituosen- oder Weinregal,"BEER wurde in der finalen Gegenprüfung auf Roh-Elternroute, unzulässige Einzelform und die korrekte verarbeitete beziehungsweise offene Produktform geprüft.",ROUTE_VERIFIED
BEETROOT,Georgia,SEPARATE_OPEN_FORM_CONTROL,"Alle zugelassenen Produktformen beibehalten und den Einkaufsweg daran ausrichten: Rote Bete mit erdig-süßlichem Geschmack; frisch, vorgegart oder schlicht konserviert verwendbar.",BEETROOT wurde im getrennten Georgia-Lauf als Gegenkontrolle auf dieselbe unzulässige Einzelform-Verengung geprüft.,ROUTE_VERIFIED
BEETROOT,Tobias,HEURISTIC_SINGLE_FORM_FROM_OPEN_PRODUCT_FORM,"Alle zugelassenen Produktformen beibehalten und den Einkaufsweg daran ausrichten: Rote Bete mit erdig-süßlichem Geschmack; frisch, vorgegart oder schlicht konserviert verwendbar.","BEETROOT wurde im Tobias-Lauf trotz offener oder alternativer Produktform heuristisch auf eine einzelne frische, getrocknete, gemahlene oder konservierte Form verengt.",ROUTE_VERIFIED
BERRIES,Georgia,Getraenke-/Weinregal,Obst-/Gemuesebereich oder Tiefkuehlung fuer Beeren,BERRIES wurde im Ausgangs-Notizlauf einer nicht zur kuratierten Produktform passenden Warengruppe zugeordnet; die finale Notiz muss den genannten konkreten Einkaufsweg verwenden.,ROUTE_VERIFIED
BERRIES,Tobias,SEPARATE_PERSON_ROUTE_REVIEW,Obst-/Gemuesebereich oder Tiefkuehlung fuer Beeren,"BERRIES wurde im getrennten Tobias-Durchgang gegen Produktform, Warengruppe und realistischen Rostocker bzw. deutschen Einkaufsweg gegengeprüft; die finale Notiz muss den genannten konkreten Einkaufsweg einhalten.",ROUTE_VERIFIED
BIRDS_EYE_CHILI,Georgia,SEPARATE_OPEN_FORM_CONTROL,"Alle zugelassenen Produktformen beibehalten und den Einkaufsweg daran ausrichten: Kleine, sehr scharfe frische Chili der Bird’s-Eye-Familie; nicht getrocknete Flocken oder Pulver.",BIRDS_EYE_CHILI wurde im getrennten Georgia-Lauf als Gegenkontrolle auf dieselbe unzulässige Einzelform-Verengung geprüft.,ROUTE_VERIFIED
BIRDS_EYE_CHILI,Tobias,HEURISTIC_SINGLE_FORM_FROM_OPEN_PRODUCT_FORM,"Alle zugelassenen Produktformen beibehalten und den Einkaufsweg daran ausrichten: Kleine, sehr scharfe frische Chili der Bird’s-Eye-Familie; nicht getrocknete Flocken oder Pulver.","BIRDS_EYE_CHILI wurde im Tobias-Lauf trotz offener oder alternativer Produktform heuristisch auf eine einzelne frische, getrocknete, gemahlene oder konservierte Form verengt.",ROUTE_VERIFIED
BLACK_BEANS,Georgia,SEPARATE_OPEN_FORM_CONTROL,Alle zugelassenen Produktformen beibehalten und den Einkaufsweg daran ausrichten: Schwarze Bohnen mit cremigem Inneren und mild-erdigem Geschmack; getrocknet oder vorgegart verwendbar.,BLACK_BEANS wurde im getrennten Georgia-Lauf als Gegenkontrolle auf dieselbe unzulässige Einzelform-Verengung geprüft.,ROUTE_VERIFIED
BLACK_BEANS,Tobias,HEURISTIC_SINGLE_FORM_FROM_OPEN_PRODUCT_FORM,Alle zugelassenen Produktformen beibehalten und den Einkaufsweg daran ausrichten: Schwarze Bohnen mit cremigem Inneren und mild-erdigem Geschmack; getrocknet oder vorgegart verwendbar.,"BLACK_BEANS wurde im Tobias-Lauf trotz offener oder alternativer Produktform heuristisch auf eine einzelne frische, getrocknete, gemahlene oder konservierte Form verengt.",ROUTE_VERIFIED
BLACK_CURRANT,Georgia,Getraenke-/Weinregal,Obst-/Gemuesebereich oder Tiefkuehlung fuer schwarze Johannisbeeren,BLACK_CURRANT wurde im Ausgangs-Notizlauf einer nicht zur kuratierten Produktform passenden Warengruppe zugeordnet; die finale Notiz muss den genannten konkreten Einkaufsweg verwenden.,ROUTE_VERIFIED
BLACK_CURRANT,Tobias,SEPARATE_PERSON_ROUTE_REVIEW,Obst-/Gemuesebereich oder Tiefkuehlung fuer schwarze Johannisbeeren,"BLACK_CURRANT wurde im getrennten Tobias-Durchgang gegen Produktform, Warengruppe und realistischen Rostocker bzw. deutschen Einkaufsweg gegengeprüft; die finale Notiz muss den genannten konkreten Einkaufsweg einhalten.",ROUTE_VERIFIED
BLACK_PEPPER,Georgia,SYSTEMATIC_OPEN_FORM_AND_PARENT_ROUTE_REVIEW,"Gewuerzregal fuer getrockneten schwarzen Pfeffer, ganz oder gemahlen; keine Frischeabteilung","BLACK_PEPPER wurde in der finalen Gegenprüfung auf Roh-Elternroute, unzulässige Einzelform und die korrekte verarbeitete beziehungsweise offene Produktform geprüft.",ROUTE_VERIFIED
BLACK_PEPPER,Tobias,SYSTEMATIC_OPEN_FORM_AND_PARENT_ROUTE_REVIEW,"Gewuerzregal fuer getrockneten schwarzen Pfeffer, ganz oder gemahlen; keine Frischeabteilung","BLACK_PEPPER wurde in der finalen Gegenprüfung auf Roh-Elternroute, unzulässige Einzelform und die korrekte verarbeitete beziehungsweise offene Produktform geprüft.",ROUTE_VERIFIED
BLACK_TEA,Georgia,Obst-/Gemuesebereich,Tee-/Heissgetraenkeregal fuer schwarzen Tee,BLACK_TEA wurde im Ausgangs-Notizlauf einer nicht zur kuratierten Produktform passenden Warengruppe zugeordnet; die finale Notiz muss den genannten konkreten Einkaufsweg verwenden.,ROUTE_VERIFIED
BLACK_TEA,Tobias,SEPARATE_PERSON_ROUTE_REVIEW,Tee-/Heissgetraenkeregal fuer schwarzen Tee,"BLACK_TEA wurde im getrennten Tobias-Durchgang gegen Produktform, Warengruppe und realistischen Rostocker bzw. deutschen Einkaufsweg gegengeprüft; die finale Notiz muss den genannten konkreten Einkaufsweg einhalten.",ROUTE_VERIFIED
BLACKBERRY,Georgia,Getraenke-/Weinregal,Obst-/Gemuesebereich oder Tiefkuehlung fuer Brombeeren,BLACKBERRY wurde im Ausgangs-Notizlauf einer nicht zur kuratierten Produktform passenden Warengruppe zugeordnet; die finale Notiz muss den genannten konkreten Einkaufsweg verwenden.,ROUTE_VERIFIED
BLACKBERRY,Tobias,SEPARATE_PERSON_ROUTE_REVIEW,Obst-/Gemuesebereich oder Tiefkuehlung fuer Brombeeren,"BLACKBERRY wurde im getrennten Tobias-Durchgang gegen Produktform, Warengruppe und realistischen Rostocker bzw. deutschen Einkaufsweg gegengeprüft; die finale Notiz muss den genannten konkreten Einkaufsweg einhalten.",ROUTE_VERIFIED
BLOOD_ORANGE,Georgia,Getraenke-/Weinregal,Obst-/Gemuesebereich fuer Blutorangen,BLOOD_ORANGE wurde im Ausgangs-Notizlauf einer nicht zur kuratierten Produktform passenden Warengruppe zugeordnet; die finale Notiz muss den genannten konkreten Einkaufsweg verwenden.,ROUTE_VERIFIED
BLOOD_ORANGE,Tobias,SEPARATE_PERSON_ROUTE_REVIEW,Obst-/Gemuesebereich fuer Blutorangen,"BLOOD_ORANGE wurde im getrennten Tobias-Durchgang gegen Produktform, Warengruppe und realistischen Rostocker bzw. deutschen Einkaufsweg gegengeprüft; die finale Notiz muss den genannten konkreten Einkaufsweg einhalten.",ROUTE_VERIFIED
BLUEBERRY,Georgia,Getraenke-/Weinregal,Obst-/Gemuesebereich oder Tiefkuehlung fuer Heidelbeeren,BLUEBERRY wurde im Ausgangs-Notizlauf einer nicht zur kuratierten Produktform passenden Warengruppe zugeordnet; die finale Notiz muss den genannten konkreten Einkaufsweg verwenden.,ROUTE_VERIFIED
BLUEBERRY,Tobias,SEPARATE_PERSON_ROUTE_REVIEW,Obst-/Gemuesebereich oder Tiefkuehlung fuer Heidelbeeren,"BLUEBERRY wurde im getrennten Tobias-Durchgang gegen Produktform, Warengruppe und realistischen Rostocker bzw. deutschen Einkaufsweg gegengeprüft; die finale Notiz muss den genannten konkreten Einkaufsweg einhalten.",ROUTE_VERIFIED
BREAD,Georgia,Trockensortiment/Reis-Mehl-Nudeln,"Brotregal, Backstation oder Baeckereitheke fuer fertiges Brot",Die zuerst genannte Warengruppe verwechselte das fertige Brot mit seinen Grundzutaten; die finale Notiz fuehrt den Brotweg.,ROUTE_VERIFIED
BROAD_BEANS,Georgia,SEPARATE_OPEN_FORM_CONTROL,"Alle zugelassenen Produktformen beibehalten und den Einkaufsweg daran ausrichten: Dicke Bohnen beziehungsweise Ackerbohnen; frisch, tiefgekühlt oder getrocknet verwendbar und nicht mit grünen Bohnen gleichzusetzen.",BROAD_BEANS wurde im getrennten Georgia-Lauf als Gegenkontrolle auf dieselbe unzulässige Einzelform-Verengung geprüft.,ROUTE_VERIFIED
BROAD_BEANS,Tobias,HEURISTIC_SINGLE_FORM_FROM_OPEN_PRODUCT_FORM,"Alle zugelassenen Produktformen beibehalten und den Einkaufsweg daran ausrichten: Dicke Bohnen beziehungsweise Ackerbohnen; frisch, tiefgekühlt oder getrocknet verwendbar und nicht mit grünen Bohnen gleichzusetzen.","BROAD_BEANS wurde im Tobias-Lauf trotz offener oder alternativer Produktform heuristisch auf eine einzelne frische, getrocknete, gemahlene oder konservierte Form verengt.",ROUTE_VERIFIED
BROWN_CHAMPIGNON,Georgia,Fleischtheke/Metzgereisortiment,Obst-/Gemuesebereich bzw. Pilzsortiment fuer braune Champignons,BROWN_CHAMPIGNON wurde im Ausgangs-Notizlauf einer nicht zur kuratierten Produktform passenden Warengruppe zugeordnet; die finale Notiz muss den genannten konkreten Einkaufsweg verwenden.,ROUTE_VERIFIED
BROWN_CHAMPIGNON,Tobias,SEPARATE_PERSON_ROUTE_REVIEW,Obst-/Gemuesebereich bzw. Pilzsortiment fuer braune Champignons,"BROWN_CHAMPIGNON wurde im getrennten Tobias-Durchgang gegen Produktform, Warengruppe und realistischen Rostocker bzw. deutschen Einkaufsweg gegengeprüft; die finale Notiz muss den genannten konkreten Einkaufsweg einhalten.",ROUTE_VERIFIED
BUTTER_BEANS,Georgia,Molkerei-/Kaesebereich,Konserven-/Huelsenfruechteregal fuer Limabohnen,BUTTER_BEANS wurde im Ausgangs-Notizlauf einer nicht zur kuratierten Produktform passenden Warengruppe zugeordnet; die finale Notiz muss den genannten konkreten Einkaufsweg verwenden.,ROUTE_VERIFIED
BUTTER_BEANS,Tobias,SEPARATE_PERSON_ROUTE_REVIEW,Konserven-/Huelsenfruechteregal fuer Limabohnen,"BUTTER_BEANS wurde im getrennten Tobias-Durchgang gegen Produktform, Warengruppe und realistischen Rostocker bzw. deutschen Einkaufsweg gegengeprüft; die finale Notiz muss den genannten konkreten Einkaufsweg einhalten.",ROUTE_VERIFIED
BUTTERNUT_SQUASH,Georgia,Molkerei-/Kaesebereich,Obst-/Gemuesebereich fuer Butternutkuerbis,BUTTERNUT_SQUASH wurde im Ausgangs-Notizlauf einer nicht zur kuratierten Produktform passenden Warengruppe zugeordnet; die finale Notiz muss den genannten konkreten Einkaufsweg verwenden.,ROUTE_VERIFIED
BUTTERNUT_SQUASH,Tobias,SEPARATE_PERSON_ROUTE_REVIEW,Obst-/Gemuesebereich fuer Butternutkuerbis,"BUTTERNUT_SQUASH wurde im getrennten Tobias-Durchgang gegen Produktform, Warengruppe und realistischen Rostocker bzw. deutschen Einkaufsweg gegengeprüft; die finale Notiz muss den genannten konkreten Einkaufsweg einhalten.",ROUTE_VERIFIED
CALAMANSI,Georgia,SEPARATE_OPEN_FORM_CONTROL,"Alle zugelassenen Produktformen beibehalten und den Einkaufsweg daran ausrichten: Kleine südostasiatische Zitrusfrucht mit aromatischem, deutlich saurem Saft; frisch oder als ungesüßter Saft verwendbar.",CALAMANSI wurde im getrennten Georgia-Lauf als Gegenkontrolle auf dieselbe unzulässige Einzelform-Verengung geprüft.,ROUTE_VERIFIED
CALAMANSI,Tobias,HEURISTIC_SINGLE_FORM_FROM_OPEN_PRODUCT_FORM,"Alle zugelassenen Produktformen beibehalten und den Einkaufsweg daran ausrichten: Kleine südostasiatische Zitrusfrucht mit aromatischem, deutlich saurem Saft; frisch oder als ungesüßter Saft verwendbar.","CALAMANSI wurde im Tobias-Lauf trotz offener oder alternativer Produktform heuristisch auf eine einzelne frische, getrocknete, gemahlene oder konservierte Form verengt.",ROUTE_VERIFIED
CANNED_CHAMPIGNONS,Georgia,Fleischtheke/Metzgereisortiment,Konservenregal fuer Champignons in Dose oder Glas,CANNED_CHAMPIGNONS wurde im Ausgangs-Notizlauf einer nicht zur kuratierten Produktform passenden Warengruppe zugeordnet; die finale Notiz muss den genannten konkreten Einkaufsweg verwenden.,ROUTE_VERIFIED
CANNED_CHAMPIGNONS,Tobias,SEPARATE_PERSON_ROUTE_REVIEW,Konservenregal fuer Champignons in Dose oder Glas,"CANNED_CHAMPIGNONS wurde im getrennten Tobias-Durchgang gegen Produktform, Warengruppe und realistischen Rostocker bzw. deutschen Einkaufsweg gegengeprüft; die finale Notiz muss den genannten konkreten Einkaufsweg einhalten.",ROUTE_VERIFIED
CANNED_SARDINES,Georgia,Fischtheke/-kuehlung,Fischkonservenregal fuer gegarte Sardinen in Dose,CANNED_SARDINES wurde im Ausgangs-Notizlauf einer nicht zur kuratierten Produktform passenden Warengruppe zugeordnet; die finale Notiz muss den genannten konkreten Einkaufsweg verwenden.,ROUTE_VERIFIED
CANNED_SARDINES,Tobias,SEPARATE_PERSON_ROUTE_REVIEW,Fischkonservenregal fuer gegarte Sardinen in Dose,"CANNED_SARDINES wurde im getrennten Tobias-Durchgang gegen Produktform, Warengruppe und realistischen Rostocker bzw. deutschen Einkaufsweg gegengeprüft; die finale Notiz muss den genannten konkreten Einkaufsweg einhalten.",ROUTE_VERIFIED
CANNED_TOMATOES,Georgia,Obst-/Gemuesebereich,Konservenregal fuer Dosentomaten,CANNED_TOMATOES wurde im Ausgangs-Notizlauf einer nicht zur kuratierten Produktform passenden Warengruppe zugeordnet; die finale Notiz muss den genannten konkreten Einkaufsweg verwenden.,ROUTE_VERIFIED
CANNED_TOMATOES,Tobias,SEPARATE_PERSON_ROUTE_REVIEW,Konservenregal fuer Dosentomaten,"CANNED_TOMATOES wurde im getrennten Tobias-Durchgang gegen Produktform, Warengruppe und realistischen Rostocker bzw. deutschen Einkaufsweg gegengeprüft; die finale Notiz muss den genannten konkreten Einkaufsweg einhalten.",ROUTE_VERIFIED
CANNED_TUNA,Georgia,Fischtheke/-kuehlung,Fischkonservenregal fuer gegarten Thunfisch in Dose,CANNED_TUNA wurde im Ausgangs-Notizlauf einer nicht zur kuratierten Produktform passenden Warengruppe zugeordnet; die finale Notiz muss den genannten konkreten Einkaufsweg verwenden.,ROUTE_VERIFIED
CANNED_TUNA,Tobias,SEPARATE_PERSON_ROUTE_REVIEW,Fischkonservenregal fuer gegarten Thunfisch in Dose,"CANNED_TUNA wurde im getrennten Tobias-Durchgang gegen Produktform, Warengruppe und realistischen Rostocker bzw. deutschen Einkaufsweg gegengeprüft; die finale Notiz muss den genannten konkreten Einkaufsweg einhalten.",ROUTE_VERIFIED
CARDAMOM,Georgia,Obst-/Gemuesebereich,Gewuerzregal fuer Kardamom,CARDAMOM wurde im Ausgangs-Notizlauf einer nicht zur kuratierten Produktform passenden Warengruppe zugeordnet; die finale Notiz muss den genannten konkreten Einkaufsweg verwenden.,ROUTE_VERIFIED
CARDAMOM,Tobias,SEPARATE_PERSON_ROUTE_REVIEW,Gewuerzregal fuer Kardamom,"CARDAMOM wurde im getrennten Tobias-Durchgang gegen Produktform, Warengruppe und realistischen Rostocker bzw. deutschen Einkaufsweg gegengeprüft; die finale Notiz muss den genannten konkreten Einkaufsweg einhalten.",ROUTE_VERIFIED
CASHEW_BUTTER,Georgia,Molkerei-/Kaesebereich,Brotaufstrich-/Nussmusregal fuer Cashewmus,CASHEW_BUTTER wurde im Ausgangs-Notizlauf einer nicht zur kuratierten Produktform passenden Warengruppe zugeordnet; die finale Notiz muss den genannten konkreten Einkaufsweg verwenden.,ROUTE_VERIFIED
CASHEW_BUTTER,Tobias,SEPARATE_PERSON_ROUTE_REVIEW,Brotaufstrich-/Nussmusregal fuer Cashewmus,"CASHEW_BUTTER wurde im getrennten Tobias-Durchgang gegen Produktform, Warengruppe und realistischen Rostocker bzw. deutschen Einkaufsweg gegengeprüft; die finale Notiz muss den genannten konkreten Einkaufsweg einhalten.",ROUTE_VERIFIED
CAYENNE_PEPPER,Georgia,Obst-/Gemuesebereich,Gewuerzregal fuer Cayennepfeffer,CAYENNE_PEPPER wurde im Ausgangs-Notizlauf einer nicht zur kuratierten Produktform passenden Warengruppe zugeordnet; die finale Notiz muss den genannten konkreten Einkaufsweg verwenden.,ROUTE_VERIFIED
CAYENNE_PEPPER,Tobias,SEPARATE_PERSON_ROUTE_REVIEW,Gewuerzregal fuer Cayennepfeffer,"CAYENNE_PEPPER wurde im getrennten Tobias-Durchgang gegen Produktform, Warengruppe und realistischen Rostocker bzw. deutschen Einkaufsweg gegengeprüft; die finale Notiz muss den genannten konkreten Einkaufsweg einhalten.",ROUTE_VERIFIED
CHAMPIGNON,Georgia,Fleischtheke/Metzgereisortiment,Obst-/Gemuesebereich bzw. Pilzsortiment fuer frische Champignons,CHAMPIGNON wurde im Ausgangs-Notizlauf einer nicht zur kuratierten Produktform passenden Warengruppe zugeordnet; die finale Notiz muss den genannten konkreten Einkaufsweg verwenden.,ROUTE_VERIFIED
CHAMPIGNON,Tobias,SEPARATE_PERSON_ROUTE_REVIEW,Obst-/Gemuesebereich bzw. Pilzsortiment fuer frische Champignons,"CHAMPIGNON wurde im getrennten Tobias-Durchgang gegen Produktform, Warengruppe und realistischen Rostocker bzw. deutschen Einkaufsweg gegengeprüft; die finale Notiz muss den genannten konkreten Einkaufsweg einhalten.",ROUTE_VERIFIED
CHAMPIGNONS,Georgia,Fleischtheke/Metzgereisortiment,Obst-/Gemuesebereich bzw. Pilzsortiment fuer frische Champignons,CHAMPIGNONS wurde im Ausgangs-Notizlauf einer nicht zur kuratierten Produktform passenden Warengruppe zugeordnet; die finale Notiz muss den genannten konkreten Einkaufsweg verwenden.,ROUTE_VERIFIED
CHAMPIGNONS,Tobias,SEPARATE_PERSON_ROUTE_REVIEW,Obst-/Gemuesebereich bzw. Pilzsortiment fuer frische Champignons,"CHAMPIGNONS wurde im getrennten Tobias-Durchgang gegen Produktform, Warengruppe und realistischen Rostocker bzw. deutschen Einkaufsweg gegengeprüft; die finale Notiz muss den genannten konkreten Einkaufsweg einhalten.",ROUTE_VERIFIED
CHICKEN_STOCK,Georgia,Fleischtheke/Metzgereisortiment,Bruehen-/Suppenregal fuer Huehnerfond oder Huehnerbruehe,CHICKEN_STOCK wurde im Ausgangs-Notizlauf einer nicht zur kuratierten Produktform passenden Warengruppe zugeordnet; die finale Notiz muss den genannten konkreten Einkaufsweg verwenden.,ROUTE_VERIFIED
CHICKEN_STOCK,Tobias,SEPARATE_PERSON_ROUTE_REVIEW,Bruehen-/Suppenregal fuer Huehnerfond oder Huehnerbruehe,"CHICKEN_STOCK wurde im getrennten Tobias-Durchgang gegen Produktform, Warengruppe und realistischen Rostocker bzw. deutschen Einkaufsweg gegengeprüft; die finale Notiz muss den genannten konkreten Einkaufsweg einhalten.",ROUTE_VERIFIED
CHICKPEAS,Georgia,SEPARATE_OPEN_FORM_CONTROL,Alle zugelassenen Produktformen beibehalten und den Einkaufsweg daran ausrichten: Kichererbsen mit nussigem Geschmack und mehlig-cremiger Textur; getrocknet oder vorgegart verwendbar.,CHICKPEAS wurde im getrennten Georgia-Lauf als Gegenkontrolle auf dieselbe unzulässige Einzelform-Verengung geprüft.,ROUTE_VERIFIED
CHICKPEAS,Tobias,HEURISTIC_SINGLE_FORM_FROM_OPEN_PRODUCT_FORM,Alle zugelassenen Produktformen beibehalten und den Einkaufsweg daran ausrichten: Kichererbsen mit nussigem Geschmack und mehlig-cremiger Textur; getrocknet oder vorgegart verwendbar.,"CHICKPEAS wurde im Tobias-Lauf trotz offener oder alternativer Produktform heuristisch auf eine einzelne frische, getrocknete, gemahlene oder konservierte Form verengt.",ROUTE_VERIFIED
CHILI_CONDIMENTS,Georgia,Obst-/Gemuesebereich,Wuerzsaucen-/Gewuerzregal passend zur konkreten Chili-Zubereitung,CHILI_CONDIMENTS wurde im Ausgangs-Notizlauf einer nicht zur kuratierten Produktform passenden Warengruppe zugeordnet; die finale Notiz muss den genannten konkreten Einkaufsweg verwenden.,ROUTE_VERIFIED
CHILI_CONDIMENTS,Tobias,SEPARATE_PERSON_ROUTE_REVIEW,Wuerzsaucen-/Gewuerzregal passend zur konkreten Chili-Zubereitung,"CHILI_CONDIMENTS wurde im getrennten Tobias-Durchgang gegen Produktform, Warengruppe und realistischen Rostocker bzw. deutschen Einkaufsweg gegengeprüft; die finale Notiz muss den genannten konkreten Einkaufsweg einhalten.",ROUTE_VERIFIED
CHILI_CRISP,Georgia,Obst-/Gemuesebereich,Asia-/Wuerzsaucenregal fuer Chili-Crisp,CHILI_CRISP wurde im Ausgangs-Notizlauf einer nicht zur kuratierten Produktform passenden Warengruppe zugeordnet; die finale Notiz muss den genannten konkreten Einkaufsweg verwenden.,ROUTE_VERIFIED
CHILI_CRISP,Tobias,SEPARATE_PERSON_ROUTE_REVIEW,Asia-/Wuerzsaucenregal fuer Chili-Crisp,"CHILI_CRISP wurde im getrennten Tobias-Durchgang gegen Produktform, Warengruppe und realistischen Rostocker bzw. deutschen Einkaufsweg gegengeprüft; die finale Notiz muss den genannten konkreten Einkaufsweg einhalten.",ROUTE_VERIFIED
CHILI_FLAKES,Georgia,Obst-/Gemuesebereich,Gewuerzregal fuer getrocknete Chiliflocken,CHILI_FLAKES wurde im Ausgangs-Notizlauf einer nicht zur kuratierten Produktform passenden Warengruppe zugeordnet; die finale Notiz muss den genannten konkreten Einkaufsweg verwenden.,ROUTE_VERIFIED
CHILI_FLAKES,Tobias,SEPARATE_PERSON_ROUTE_REVIEW,Gewuerzregal fuer getrocknete Chiliflocken,"CHILI_FLAKES wurde im getrennten Tobias-Durchgang gegen Produktform, Warengruppe und realistischen Rostocker bzw. deutschen Einkaufsweg gegengeprüft; die finale Notiz muss den genannten konkreten Einkaufsweg einhalten.",ROUTE_VERIFIED
CHILI_OIL,Georgia,Obst-/Gemuesebereich,Oel-/Wuerzsaucenregal fuer Chilioel,CHILI_OIL wurde im Ausgangs-Notizlauf einer nicht zur kuratierten Produktform passenden Warengruppe zugeordnet; die finale Notiz muss den genannten konkreten Einkaufsweg verwenden.,ROUTE_VERIFIED
CHILI_OIL,Tobias,SEPARATE_PERSON_ROUTE_REVIEW,Oel-/Wuerzsaucenregal fuer Chilioel,"CHILI_OIL wurde im getrennten Tobias-Durchgang gegen Produktform, Warengruppe und realistischen Rostocker bzw. deutschen Einkaufsweg gegengeprüft; die finale Notiz muss den genannten konkreten Einkaufsweg einhalten.",ROUTE_VERIFIED
CHILI_POWDER,Georgia,Obst-/Gemuesebereich,Gewuerzregal fuer Chilipulver,CHILI_POWDER wurde im Ausgangs-Notizlauf einer nicht zur kuratierten Produktform passenden Warengruppe zugeordnet; die finale Notiz muss den genannten konkreten Einkaufsweg verwenden.,ROUTE_VERIFIED
CHILI_POWDER,Tobias,SEPARATE_PERSON_ROUTE_REVIEW,Gewuerzregal fuer Chilipulver,"CHILI_POWDER wurde im getrennten Tobias-Durchgang gegen Produktform, Warengruppe und realistischen Rostocker bzw. deutschen Einkaufsweg gegengeprüft; die finale Notiz muss den genannten konkreten Einkaufsweg einhalten.",ROUTE_VERIFIED
CHIPOTLE,Georgia,Obst-/Gemuesebereich,Internationales Gewuerz-/Konservenregal passend zur konkreten geraeucherten Chili-Form,CHIPOTLE wurde im Ausgangs-Notizlauf einer nicht zur kuratierten Produktform passenden Warengruppe zugeordnet; die finale Notiz muss den genannten konkreten Einkaufsweg verwenden.,ROUTE_VERIFIED
CHIPOTLE,Tobias,SEPARATE_PERSON_ROUTE_REVIEW,Internationales Gewuerz-/Konservenregal passend zur konkreten geraeucherten Chili-Form,"CHIPOTLE wurde im getrennten Tobias-Durchgang gegen Produktform, Warengruppe und realistischen Rostocker bzw. deutschen Einkaufsweg gegengeprüft; die finale Notiz muss den genannten konkreten Einkaufsweg einhalten.",ROUTE_VERIFIED
CLOVES,Georgia,SEPARATE_OPEN_FORM_CONTROL,Alle zugelassenen Produktformen beibehalten und den Einkaufsweg daran ausrichten: Getrocknete Blütenknospen mit sehr intensivem warm-süßlichem Aroma; ganz oder gemahlen sparsam verwenden.,CLOVES wurde im getrennten Georgia-Lauf als Gegenkontrolle auf dieselbe unzulässige Einzelform-Verengung geprüft.,ROUTE_VERIFIED
CLOVES,Tobias,HEURISTIC_SINGLE_FORM_FROM_OPEN_PRODUCT_FORM,Alle zugelassenen Produktformen beibehalten und den Einkaufsweg daran ausrichten: Getrocknete Blütenknospen mit sehr intensivem warm-süßlichem Aroma; ganz oder gemahlen sparsam verwenden.,"CLOVES wurde im Tobias-Lauf trotz offener oder alternativer Produktform heuristisch auf eine einzelne frische, getrocknete, gemahlene oder konservierte Form verengt.",ROUTE_VERIFIED
COCONUT_CREAM,Georgia,Molkerei-/Kaesebereich,Internationales/Konservenregal fuer Kokoscreme,COCONUT_CREAM wurde im Ausgangs-Notizlauf einer nicht zur kuratierten Produktform passenden Warengruppe zugeordnet; die finale Notiz muss den genannten konkreten Einkaufsweg verwenden.,ROUTE_VERIFIED
COCONUT_CREAM,Tobias,SEPARATE_PERSON_ROUTE_REVIEW,Internationales/Konservenregal fuer Kokoscreme,"COCONUT_CREAM wurde im getrennten Tobias-Durchgang gegen Produktform, Warengruppe und realistischen Rostocker bzw. deutschen Einkaufsweg gegengeprüft; die finale Notiz muss den genannten konkreten Einkaufsweg einhalten.",ROUTE_VERIFIED
COCONUT_FLAKES,Georgia,SEPARATE_OPEN_FORM_CONTROL,"Alle zugelassenen Produktformen beibehalten und den Einkaufsweg daran ausrichten: Getrocknete Kokosraspeln oder -chips, bevorzugt ungesüßt; nicht frisches Kokosfleisch.",COCONUT_FLAKES wurde im getrennten Georgia-Lauf als Gegenkontrolle auf dieselbe unzulässige Einzelform-Verengung geprüft.,ROUTE_VERIFIED
COCONUT_FLAKES,Tobias,HEURISTIC_SINGLE_FORM_FROM_OPEN_PRODUCT_FORM,"Alle zugelassenen Produktformen beibehalten und den Einkaufsweg daran ausrichten: Getrocknete Kokosraspeln oder -chips, bevorzugt ungesüßt; nicht frisches Kokosfleisch.","COCONUT_FLAKES wurde im Tobias-Lauf trotz offener oder alternativer Produktform heuristisch auf eine einzelne frische, getrocknete, gemahlene oder konservierte Form verengt.",ROUTE_VERIFIED
COCONUT_MILK,Georgia,Molkerei-/Kaesebereich,Internationales/Konservenregal fuer Kokosmilch,COCONUT_MILK wurde im Ausgangs-Notizlauf einer nicht zur kuratierten Produktform passenden Warengruppe zugeordnet; die finale Notiz muss den genannten konkreten Einkaufsweg verwenden.,ROUTE_VERIFIED
COCONUT_MILK,Tobias,SEPARATE_PERSON_ROUTE_REVIEW,Internationales/Konservenregal fuer Kokosmilch,"COCONUT_MILK wurde im getrennten Tobias-Durchgang gegen Produktform, Warengruppe und realistischen Rostocker bzw. deutschen Einkaufsweg gegengeprüft; die finale Notiz muss den genannten konkreten Einkaufsweg einhalten.",ROUTE_VERIFIED
COCONUT_WATER,Georgia,Nuss-/Trockenwarenregal,Getraenkeregal fuer Kokoswasser,COCONUT_WATER wurde im Ausgangs-Notizlauf einer nicht zur kuratierten Produktform passenden Warengruppe zugeordnet; die finale Notiz muss den genannten konkreten Einkaufsweg verwenden.,ROUTE_VERIFIED
COCONUT_WATER,Tobias,SEPARATE_PERSON_ROUTE_REVIEW,Getraenkeregal fuer Kokoswasser,"COCONUT_WATER wurde im getrennten Tobias-Durchgang gegen Produktform, Warengruppe und realistischen Rostocker bzw. deutschen Einkaufsweg gegengeprüft; die finale Notiz muss den genannten konkreten Einkaufsweg einhalten.",ROUTE_VERIFIED
CORN,Georgia,SEPARATE_OPEN_FORM_CONTROL,"Alle zugelassenen Produktformen beibehalten und den Einkaufsweg daran ausrichten: Mais als Körnerprodukt, frisch, tiefgekühlt oder schlicht konserviert; Mehl, Stärke und Polenta sind getrennte Formen.",CORN wurde im getrennten Georgia-Lauf als Gegenkontrolle auf dieselbe unzulässige Einzelform-Verengung geprüft.,ROUTE_VERIFIED
CORN,Tobias,HEURISTIC_SINGLE_FORM_FROM_OPEN_PRODUCT_FORM,"Alle zugelassenen Produktformen beibehalten und den Einkaufsweg daran ausrichten: Mais als Körnerprodukt, frisch, tiefgekühlt oder schlicht konserviert; Mehl, Stärke und Polenta sind getrennte Formen.","CORN wurde im Tobias-Lauf trotz offener oder alternativer Produktform heuristisch auf eine einzelne frische, getrocknete, gemahlene oder konservierte Form verengt.",ROUTE_VERIFIED
CRANBERRY,Georgia,SEPARATE_OPEN_FORM_CONTROL,"Alle zugelassenen Produktformen beibehalten und den Einkaufsweg daran ausrichten: Herb-saure Cranberry; frisch, ungesüßt tiefgekühlt oder getrocknet verwendbar, wobei Trockenware oft gesüßt ist.",CRANBERRY wurde im getrennten Georgia-Lauf als Gegenkontrolle auf dieselbe unzulässige Einzelform-Verengung geprüft.,ROUTE_VERIFIED
CRANBERRY,Tobias,HEURISTIC_SINGLE_FORM_FROM_OPEN_PRODUCT_FORM,"Alle zugelassenen Produktformen beibehalten und den Einkaufsweg daran ausrichten: Herb-saure Cranberry; frisch, ungesüßt tiefgekühlt oder getrocknet verwendbar, wobei Trockenware oft gesüßt ist.","CRANBERRY wurde im Tobias-Lauf trotz offener oder alternativer Produktform heuristisch auf eine einzelne frische, getrocknete, gemahlene oder konservierte Form verengt.",ROUTE_VERIFIED
CREAM_CHEESE,Georgia,SEPARATE_OPEN_FORM_CONTROL,Alle zugelassenen Produktformen beibehalten und den Einkaufsweg daran ausrichten: Ungereifter streichfähiger Frischkäse mit mild-säuerlichem Geschmack; natur oder neutral gewürzt verwendbar.,CREAM_CHEESE wurde im getrennten Georgia-Lauf als Gegenkontrolle auf dieselbe unzulässige Einzelform-Verengung geprüft.,ROUTE_VERIFIED
CREAM_CHEESE,Tobias,HEURISTIC_SINGLE_FORM_FROM_OPEN_PRODUCT_FORM,Alle zugelassenen Produktformen beibehalten und den Einkaufsweg daran ausrichten: Ungereifter streichfähiger Frischkäse mit mild-säuerlichem Geschmack; natur oder neutral gewürzt verwendbar.,"CREAM_CHEESE wurde im Tobias-Lauf trotz offener oder alternativer Produktform heuristisch auf eine einzelne frische, getrocknete, gemahlene oder konservierte Form verengt.",ROUTE_VERIFIED
CURED_MEAT,Georgia,SEPARATE_OPEN_FORM_CONTROL,"Alle zugelassenen Produktformen beibehalten und den Einkaufsweg daran ausrichten: Offene Familie gepökelter, getrockneter oder vergleichbar gereifter Fleischprodukte; Tierart und Produktform bleiben offen.",CURED_MEAT wurde im getrennten Georgia-Lauf als Gegenkontrolle auf dieselbe unzulässige Einzelform-Verengung geprüft.,ROUTE_VERIFIED
CURED_MEAT,Tobias,HEURISTIC_SINGLE_FORM_FROM_OPEN_PRODUCT_FORM,"Alle zugelassenen Produktformen beibehalten und den Einkaufsweg daran ausrichten: Offene Familie gepökelter, getrockneter oder vergleichbar gereifter Fleischprodukte; Tierart und Produktform bleiben offen.","CURED_MEAT wurde im Tobias-Lauf trotz offener oder alternativer Produktform heuristisch auf eine einzelne frische, getrocknete, gemahlene oder konservierte Form verengt.",ROUTE_VERIFIED
DAIKON,Georgia,SEPARATE_OPEN_FORM_CONTROL,"Alle zugelassenen Produktformen beibehalten und den Einkaufsweg daran ausrichten: Großer milder weißer Rettich ostasiatischer Sorten; roh, gegart oder eingelegt verwendbar.",DAIKON wurde im getrennten Georgia-Lauf als Gegenkontrolle auf dieselbe unzulässige Einzelform-Verengung geprüft.,ROUTE_VERIFIED
DAIKON,Tobias,HEURISTIC_SINGLE_FORM_FROM_OPEN_PRODUCT_FORM,"Alle zugelassenen Produktformen beibehalten und den Einkaufsweg daran ausrichten: Großer milder weißer Rettich ostasiatischer Sorten; roh, gegart oder eingelegt verwendbar.","DAIKON wurde im Tobias-Lauf trotz offener oder alternativer Produktform heuristisch auf eine einzelne frische, getrocknete, gemahlene oder konservierte Form verengt.",ROUTE_VERIFIED
DASHI,Georgia,SEPARATE_OPEN_FORM_CONTROL,"Alle zugelassenen Produktformen beibehalten und den Einkaufsweg daran ausrichten: Japanischer klarer Würzfond, typischerweise auf Kombu und/oder Bonitoflocken; Instant- und frisch angesetzte Varianten sind umfasst.",DASHI wurde im getrennten Georgia-Lauf als Gegenkontrolle auf dieselbe unzulässige Einzelform-Verengung geprüft.,ROUTE_VERIFIED
DASHI,Tobias,HEURISTIC_SINGLE_FORM_FROM_OPEN_PRODUCT_FORM,"Alle zugelassenen Produktformen beibehalten und den Einkaufsweg daran ausrichten: Japanischer klarer Würzfond, typischerweise auf Kombu und/oder Bonitoflocken; Instant- und frisch angesetzte Varianten sind umfasst.","DASHI wurde im Tobias-Lauf trotz offener oder alternativer Produktform heuristisch auf eine einzelne frische, getrocknete, gemahlene oder konservierte Form verengt.",ROUTE_VERIFIED
DATE,Georgia,SEPARATE_OPEN_FORM_CONTROL,"Alle zugelassenen Produktformen beibehalten und den Einkaufsweg daran ausrichten: Dattel mit dichtem, karamellig-süßem Fruchtfleisch; frisch oder getrocknet verwendbar.",DATE wurde im getrennten Georgia-Lauf als Gegenkontrolle auf dieselbe unzulässige Einzelform-Verengung geprüft.,ROUTE_VERIFIED
DATE,Tobias,HEURISTIC_SINGLE_FORM_FROM_OPEN_PRODUCT_FORM,"Alle zugelassenen Produktformen beibehalten und den Einkaufsweg daran ausrichten: Dattel mit dichtem, karamellig-süßem Fruchtfleisch; frisch oder getrocknet verwendbar.","DATE wurde im Tobias-Lauf trotz offener oder alternativer Produktform heuristisch auf eine einzelne frische, getrocknete, gemahlene oder konservierte Form verengt.",ROUTE_VERIFIED
DRIED_CHILI,Georgia,Obst-/Gemuesebereich,Gewuerz-/Trockenwarenregal fuer getrocknete Chilis,DRIED_CHILI wurde im Ausgangs-Notizlauf einer nicht zur kuratierten Produktform passenden Warengruppe zugeordnet; die finale Notiz muss den genannten konkreten Einkaufsweg verwenden.,ROUTE_VERIFIED
DRIED_CHILI,Tobias,SEPARATE_PERSON_ROUTE_REVIEW,Gewuerz-/Trockenwarenregal fuer getrocknete Chilis,"DRIED_CHILI wurde im getrennten Tobias-Durchgang gegen Produktform, Warengruppe und realistischen Rostocker bzw. deutschen Einkaufsweg gegengeprüft; die finale Notiz muss den genannten konkreten Einkaufsweg einhalten.",ROUTE_VERIFIED
DRIED_WILD_MUSHROOMS,Georgia,Obst-/Gemuesebereich,Trockenwaren-/Feinkostregal fuer getrocknete Wildpilze,DRIED_WILD_MUSHROOMS wurde im Ausgangs-Notizlauf einer nicht zur kuratierten Produktform passenden Warengruppe zugeordnet; die finale Notiz muss den genannten konkreten Einkaufsweg verwenden.,ROUTE_VERIFIED
DRIED_WILD_MUSHROOMS,Tobias,SEPARATE_PERSON_ROUTE_REVIEW,Trockenwaren-/Feinkostregal fuer getrocknete Wildpilze,"DRIED_WILD_MUSHROOMS wurde im getrennten Tobias-Durchgang gegen Produktform, Warengruppe und realistischen Rostocker bzw. deutschen Einkaufsweg gegengeprüft; die finale Notiz muss den genannten konkreten Einkaufsweg einhalten.",ROUTE_VERIFIED
EEL,Georgia,SEPARATE_OPEN_FORM_CONTROL,"Alle zugelassenen Produktformen beibehalten und den Einkaufsweg daran ausrichten: Aal als fettreicher Fisch mit festem Fleisch; frisch, geräuchert oder anderweitig verarbeitet nur bei entsprechender Produktwahl.",EEL wurde im getrennten Georgia-Lauf als Gegenkontrolle auf dieselbe unzulässige Einzelform-Verengung geprüft.,ROUTE_VERIFIED
EEL,Tobias,HEURISTIC_SINGLE_FORM_FROM_OPEN_PRODUCT_FORM,"Alle zugelassenen Produktformen beibehalten und den Einkaufsweg daran ausrichten: Aal als fettreicher Fisch mit festem Fleisch; frisch, geräuchert oder anderweitig verarbeitet nur bei entsprechender Produktwahl.","EEL wurde im Tobias-Lauf trotz offener oder alternativer Produktform heuristisch auf eine einzelne frische, getrocknete, gemahlene oder konservierte Form verengt.",ROUTE_VERIFIED
ELDERBERRY,Georgia,Getraenke-/Weinregal,"Obst-/Gemuesebereich, Tiefkuehlung oder haltbare Beerenform; nicht Getraenk",ELDERBERRY wurde im Ausgangs-Notizlauf einer nicht zur kuratierten Produktform passenden Warengruppe zugeordnet; die finale Notiz muss den genannten konkreten Einkaufsweg verwenden.,ROUTE_VERIFIED
ELDERBERRY,Tobias,SEPARATE_PERSON_ROUTE_REVIEW,"Obst-/Gemuesebereich, Tiefkuehlung oder haltbare Beerenform; nicht Getraenk","ELDERBERRY wurde im getrennten Tobias-Durchgang gegen Produktform, Warengruppe und realistischen Rostocker bzw. deutschen Einkaufsweg gegengeprüft; die finale Notiz muss den genannten konkreten Einkaufsweg einhalten.",ROUTE_VERIFIED
FIG,Georgia,SEPARATE_OPEN_FORM_CONTROL,"Alle zugelassenen Produktformen beibehalten und den Einkaufsweg daran ausrichten: Feige mit weichem, samenreichem und honigartig süßem Fruchtfleisch; frisch oder ungesüßt getrocknet verwendbar.",FIG wurde im getrennten Georgia-Lauf als Gegenkontrolle auf dieselbe unzulässige Einzelform-Verengung geprüft.,ROUTE_VERIFIED
FIG,Tobias,HEURISTIC_SINGLE_FORM_FROM_OPEN_PRODUCT_FORM,"Alle zugelassenen Produktformen beibehalten und den Einkaufsweg daran ausrichten: Feige mit weichem, samenreichem und honigartig süßem Fruchtfleisch; frisch oder ungesüßt getrocknet verwendbar.","FIG wurde im Tobias-Lauf trotz offener oder alternativer Produktform heuristisch auf eine einzelne frische, getrocknete, gemahlene oder konservierte Form verengt.",ROUTE_VERIFIED
FINGERROOT,Georgia,SEPARATE_OPEN_FORM_CONTROL,"Alle zugelassenen Produktformen beibehalten und den Einkaufsweg daran ausrichten: Fingerartige Rhizome von Boesenbergia rotunda mit erdig-zitrischem, leicht pfeffrig-kampferartigem Aroma; frisch, tiefgekühlt oder in Lake verwendbar. Nicht Ingwer oder Galgant.",FINGERROOT wurde im getrennten Georgia-Lauf als Gegenkontrolle auf dieselbe unzulässige Einzelform-Verengung geprüft.,ROUTE_VERIFIED
FINGERROOT,Tobias,HEURISTIC_SINGLE_FORM_FROM_OPEN_PRODUCT_FORM,"Alle zugelassenen Produktformen beibehalten und den Einkaufsweg daran ausrichten: Fingerartige Rhizome von Boesenbergia rotunda mit erdig-zitrischem, leicht pfeffrig-kampferartigem Aroma; frisch, tiefgekühlt oder in Lake verwendbar. Nicht Ingwer oder Galgant.","FINGERROOT wurde im Tobias-Lauf trotz offener oder alternativer Produktform heuristisch auf eine einzelne frische, getrocknete, gemahlene oder konservierte Form verengt.",ROUTE_VERIFIED
FISH,Georgia,SEPARATE_OPEN_FORM_CONTROL,"Alle zugelassenen Produktformen beibehalten und den Einkaufsweg daran ausrichten: Offene Vorgabe für Speisefisch; Art, Fettgehalt, Zuschnitt und Frisch- oder Konservenform bleiben echte Auswahlentscheidungen.",FISH wurde im getrennten Georgia-Lauf als Gegenkontrolle auf dieselbe unzulässige Einzelform-Verengung geprüft.,ROUTE_VERIFIED
FISH,Tobias,HEURISTIC_SINGLE_FORM_FROM_OPEN_PRODUCT_FORM,"Alle zugelassenen Produktformen beibehalten und den Einkaufsweg daran ausrichten: Offene Vorgabe für Speisefisch; Art, Fettgehalt, Zuschnitt und Frisch- oder Konservenform bleiben echte Auswahlentscheidungen.","FISH wurde im Tobias-Lauf trotz offener oder alternativer Produktform heuristisch auf eine einzelne frische, getrocknete, gemahlene oder konservierte Form verengt.",ROUTE_VERIFIED
FISH_MINT,Georgia,SEPARATE_OPEN_FORM_CONTROL,"Alle zugelassenen Produktformen beibehalten und den Einkaufsweg daran ausrichten: Frische Fischminzenblätter mit intensiv kräuterigem, zitrisch-fischigem Aroma; vor allem roh in Kräutertellern, Salaten und zu Fleisch- oder Suppengerichten. Trotz des Namens keine Minzart.",FISH_MINT wurde im getrennten Georgia-Lauf als Gegenkontrolle auf dieselbe unzulässige Einzelform-Verengung geprüft.,ROUTE_VERIFIED
FISH_MINT,Tobias,HEURISTIC_SINGLE_FORM_FROM_OPEN_PRODUCT_FORM,"Alle zugelassenen Produktformen beibehalten und den Einkaufsweg daran ausrichten: Frische Fischminzenblätter mit intensiv kräuterigem, zitrisch-fischigem Aroma; vor allem roh in Kräutertellern, Salaten und zu Fleisch- oder Suppengerichten. Trotz des Namens keine Minzart.","FISH_MINT wurde im Tobias-Lauf trotz offener oder alternativer Produktform heuristisch auf eine einzelne frische, getrocknete, gemahlene oder konservierte Form verengt.",ROUTE_VERIFIED
FISH_SAUCE,Georgia,Fischtheke/-kuehlung,Asia-/Wuerzsaucenregal fuer abgefuellte Fischsauce,FISH_SAUCE wurde im Ausgangs-Notizlauf einer nicht zur kuratierten Produktform passenden Warengruppe zugeordnet; die finale Notiz muss den genannten konkreten Einkaufsweg verwenden.,ROUTE_VERIFIED
FISH_SAUCE,Tobias,SEPARATE_PERSON_ROUTE_REVIEW,Asia-/Wuerzsaucenregal fuer abgefuellte Fischsauce,"FISH_SAUCE wurde im getrennten Tobias-Durchgang gegen Produktform, Warengruppe und realistischen Rostocker bzw. deutschen Einkaufsweg gegengeprüft; die finale Notiz muss den genannten konkreten Einkaufsweg einhalten.",ROUTE_VERIFIED
FISH_STOCK,Georgia,Fischtheke/-kuehlung,Bruehen-/Suppenregal fuer Fischfond oder Fischbruehe,FISH_STOCK wurde im Ausgangs-Notizlauf einer nicht zur kuratierten Produktform passenden Warengruppe zugeordnet; die finale Notiz muss den genannten konkreten Einkaufsweg verwenden.,ROUTE_VERIFIED
FISH_STOCK,Tobias,SEPARATE_PERSON_ROUTE_REVIEW,Bruehen-/Suppenregal fuer Fischfond oder Fischbruehe,"FISH_STOCK wurde im getrennten Tobias-Durchgang gegen Produktform, Warengruppe und realistischen Rostocker bzw. deutschen Einkaufsweg gegengeprüft; die finale Notiz muss den genannten konkreten Einkaufsweg einhalten.",ROUTE_VERIFIED
FLATBREAD,Georgia,Trockensortiment/Reis-Mehl-Nudeln,"Brotregal, Backstation oder einschlaegige Baeckereitheke fuer fertiges Fladenbrot",Die zuerst genannte Warengruppe passte nicht zur kuratierten verzehrfertigen Brotform; die finale Notiz fuehrt den konkreten Brotweg.,ROUTE_VERIFIED
FRESH_DAIRY_PRODUCTS,Georgia,SEPARATE_OPEN_FORM_CONTROL,"Alle zugelassenen Produktformen beibehalten und den Einkaufsweg daran ausrichten: Offene Vorgabe für frische, nicht gereifte Milchprodukte wie Milch, Sahne oder Frischkäse.",FRESH_DAIRY_PRODUCTS wurde im getrennten Georgia-Lauf als Gegenkontrolle auf dieselbe unzulässige Einzelform-Verengung geprüft.,ROUTE_VERIFIED
FRESH_DAIRY_PRODUCTS,Tobias,HEURISTIC_SINGLE_FORM_FROM_OPEN_PRODUCT_FORM,"Alle zugelassenen Produktformen beibehalten und den Einkaufsweg daran ausrichten: Offene Vorgabe für frische, nicht gereifte Milchprodukte wie Milch, Sahne oder Frischkäse.","FRESH_DAIRY_PRODUCTS wurde im Tobias-Lauf trotz offener oder alternativer Produktform heuristisch auf eine einzelne frische, getrocknete, gemahlene oder konservierte Form verengt.",ROUTE_VERIFIED
FRIED_ONIONS,Georgia,Obst-/Gemuesebereich,Trockenwaren-/Toppingregal fuer Roestzwiebeln,FRIED_ONIONS wurde im Ausgangs-Notizlauf einer nicht zur kuratierten Produktform passenden Warengruppe zugeordnet; die finale Notiz muss den genannten konkreten Einkaufsweg verwenden.,ROUTE_VERIFIED
FRIED_ONIONS,Tobias,SEPARATE_PERSON_ROUTE_REVIEW,Trockenwaren-/Toppingregal fuer Roestzwiebeln,"FRIED_ONIONS wurde im getrennten Tobias-Durchgang gegen Produktform, Warengruppe und realistischen Rostocker bzw. deutschen Einkaufsweg gegengeprüft; die finale Notiz muss den genannten konkreten Einkaufsweg einhalten.",ROUTE_VERIFIED
FRUIT_DUMPLING,Georgia,Molkerei-/Kaesebereich,Kuehl-/Tiefkuehl- oder Teigwarenbereich fuer Fruchtknoedel,FRUIT_DUMPLING wurde im Ausgangs-Notizlauf einer nicht zur kuratierten Produktform passenden Warengruppe zugeordnet; die finale Notiz muss den genannten konkreten Einkaufsweg verwenden.,ROUTE_VERIFIED
FRUIT_DUMPLING,Tobias,SEPARATE_PERSON_ROUTE_REVIEW,Kuehl-/Tiefkuehl- oder Teigwarenbereich fuer Fruchtknoedel,"FRUIT_DUMPLING wurde im getrennten Tobias-Durchgang gegen Produktform, Warengruppe und realistischen Rostocker bzw. deutschen Einkaufsweg gegengeprüft; die finale Notiz muss den genannten konkreten Einkaufsweg einhalten.",ROUTE_VERIFIED
GINGER,Georgia,Gewuerzregal,Obst-/Gemuesebereich fuer frische Ingwerwurzel,GINGER wurde im Ausgangs-Notizlauf einer nicht zur kuratierten Produktform passenden Warengruppe zugeordnet; die finale Notiz muss den genannten konkreten Einkaufsweg verwenden.,ROUTE_VERIFIED
GINGER,Tobias,SEPARATE_PERSON_ROUTE_REVIEW,Obst-/Gemuesebereich fuer frische Ingwerwurzel,"GINGER wurde im getrennten Tobias-Durchgang gegen Produktform, Warengruppe und realistischen Rostocker bzw. deutschen Einkaufsweg gegengeprüft; die finale Notiz muss den genannten konkreten Einkaufsweg einhalten.",ROUTE_VERIFIED
GOAT_CHEESE,Georgia,Fleischtheke/Metzgereisortiment,Molkerei-/Kaesebereich fuer Ziegenkaese,GOAT_CHEESE wurde im Ausgangs-Notizlauf einer nicht zur kuratierten Produktform passenden Warengruppe zugeordnet; die finale Notiz muss den genannten konkreten Einkaufsweg verwenden.,ROUTE_VERIFIED
GOAT_CHEESE,Tobias,SEPARATE_PERSON_ROUTE_REVIEW,Molkerei-/Kaesebereich fuer Ziegenkaese,"GOAT_CHEESE wurde im getrennten Tobias-Durchgang gegen Produktform, Warengruppe und realistischen Rostocker bzw. deutschen Einkaufsweg gegengeprüft; die finale Notiz muss den genannten konkreten Einkaufsweg einhalten.",ROUTE_VERIFIED
GOOSEBERRY,Georgia,Getraenke-/Weinregal,Obst-/Gemuesebereich oder Tiefkuehlung fuer Stachelbeeren,GOOSEBERRY wurde im Ausgangs-Notizlauf einer nicht zur kuratierten Produktform passenden Warengruppe zugeordnet; die finale Notiz muss den genannten konkreten Einkaufsweg verwenden.,ROUTE_VERIFIED
GOOSEBERRY,Tobias,SEPARATE_PERSON_ROUTE_REVIEW,Obst-/Gemuesebereich oder Tiefkuehlung fuer Stachelbeeren,"GOOSEBERRY wurde im getrennten Tobias-Durchgang gegen Produktform, Warengruppe und realistischen Rostocker bzw. deutschen Einkaufsweg gegengeprüft; die finale Notiz muss den genannten konkreten Einkaufsweg einhalten.",ROUTE_VERIFIED
GREEN_PEPPER,Georgia,SYSTEMATIC_PRODUCT_FORM_ROUTE_REVIEW,"Gewuerz-, Feinkost-/Lake- oder passende Frischeabteilung; frische, gefriergetrocknete oder eingelegte Pfefferkoerner offenhalten","GREEN_PEPPER wurde in der finalen Gegenprüfung gegen generische Regalpfade, Roh-Elternrouten und unzulässig verengte offene Formen geprüft.",ROUTE_VERIFIED
GREEN_PEPPER,Tobias,SYSTEMATIC_PRODUCT_FORM_ROUTE_REVIEW,"Gewuerz-, Feinkost-/Lake- oder passende Frischeabteilung; frische, gefriergetrocknete oder eingelegte Pfefferkoerner offenhalten","GREEN_PEPPER wurde in der finalen Gegenprüfung gegen generische Regalpfade, Roh-Elternrouten und unzulässig verengte offene Formen geprüft.",ROUTE_VERIFIED
HABANERO,Georgia,SEPARATE_OPEN_FORM_CONTROL,Alle zugelassenen Produktformen beibehalten und den Einkaufsweg daran ausrichten: Sehr scharfe frische Chili mit ausgeprägt fruchtigem Aroma; Farbe und konkrete Habanero-Sorte bleiben offen.,HABANERO wurde im getrennten Georgia-Lauf als Gegenkontrolle auf dieselbe unzulässige Einzelform-Verengung geprüft.,ROUTE_VERIFIED
HABANERO,Tobias,HEURISTIC_SINGLE_FORM_FROM_OPEN_PRODUCT_FORM,Alle zugelassenen Produktformen beibehalten und den Einkaufsweg daran ausrichten: Sehr scharfe frische Chili mit ausgeprägt fruchtigem Aroma; Farbe und konkrete Habanero-Sorte bleiben offen.,"HABANERO wurde im Tobias-Lauf trotz offener oder alternativer Produktform heuristisch auf eine einzelne frische, getrocknete, gemahlene oder konservierte Form verengt.",ROUTE_VERIFIED
HERB_BUTTER,Georgia,SEPARATE_OPEN_FORM_CONTROL,Alle zugelassenen Produktformen beibehalten und den Einkaufsweg daran ausrichten: Butterzubereitung mit frischen oder getrockneten Kräutern; Kräutermischung und weitere milde Würzung bleiben offen.,HERB_BUTTER wurde im getrennten Georgia-Lauf als Gegenkontrolle auf dieselbe unzulässige Einzelform-Verengung geprüft.,ROUTE_VERIFIED
HERB_BUTTER,Tobias,HEURISTIC_SINGLE_FORM_FROM_OPEN_PRODUCT_FORM,Alle zugelassenen Produktformen beibehalten und den Einkaufsweg daran ausrichten: Butterzubereitung mit frischen oder getrockneten Kräutern; Kräutermischung und weitere milde Würzung bleiben offen.,"HERB_BUTTER wurde im Tobias-Lauf trotz offener oder alternativer Produktform heuristisch auf eine einzelne frische, getrocknete, gemahlene oder konservierte Form verengt.",ROUTE_VERIFIED
HERBES_DE_PROVENCE,Georgia,Obst-/Gemuesebereich,Gewuerzregal fuer getrocknete Kraeutermischung,HERBES_DE_PROVENCE wurde im Ausgangs-Notizlauf einer nicht zur kuratierten Produktform passenden Warengruppe zugeordnet; die finale Notiz muss den genannten konkreten Einkaufsweg verwenden.,ROUTE_VERIFIED
HERBES_DE_PROVENCE,Tobias,SEPARATE_PERSON_ROUTE_REVIEW,Gewuerzregal fuer getrocknete Kraeutermischung,"HERBES_DE_PROVENCE wurde im getrennten Tobias-Durchgang gegen Produktform, Warengruppe und realistischen Rostocker bzw. deutschen Einkaufsweg gegengeprüft; die finale Notiz muss den genannten konkreten Einkaufsweg einhalten.",ROUTE_VERIFIED
HORSERADISH,Georgia,SEPARATE_OPEN_FORM_CONTROL,"Alle zugelassenen Produktformen beibehalten und den Einkaufsweg daran ausrichten: Scharfe Meerrettichwurzel, frisch gerieben oder als möglichst schlichte Zubereitung; Schärfe verfliegt bei Hitze.",HORSERADISH wurde im getrennten Georgia-Lauf als Gegenkontrolle auf dieselbe unzulässige Einzelform-Verengung geprüft.,ROUTE_VERIFIED
HORSERADISH,Tobias,HEURISTIC_SINGLE_FORM_FROM_OPEN_PRODUCT_FORM,"Alle zugelassenen Produktformen beibehalten und den Einkaufsweg daran ausrichten: Scharfe Meerrettichwurzel, frisch gerieben oder als möglichst schlichte Zubereitung; Schärfe verfliegt bei Hitze.","HORSERADISH wurde im Tobias-Lauf trotz offener oder alternativer Produktform heuristisch auf eine einzelne frische, getrocknete, gemahlene oder konservierte Form verengt.",ROUTE_VERIFIED
JERK_SEASONING,Georgia,Obst-/Gemuesebereich,Gewuerz-/Wuerzpastenregal fuer Jerk-Gewuerz,JERK_SEASONING wurde im Ausgangs-Notizlauf einer nicht zur kuratierten Produktform passenden Warengruppe zugeordnet; die finale Notiz muss den genannten konkreten Einkaufsweg verwenden.,ROUTE_VERIFIED
JERK_SEASONING,Tobias,SEPARATE_PERSON_ROUTE_REVIEW,Gewuerz-/Wuerzpastenregal fuer Jerk-Gewuerz,"JERK_SEASONING wurde im getrennten Tobias-Durchgang gegen Produktform, Warengruppe und realistischen Rostocker bzw. deutschen Einkaufsweg gegengeprüft; die finale Notiz muss den genannten konkreten Einkaufsweg einhalten.",ROUTE_VERIFIED
JUNIPER_BERRIES,Georgia,Getraenke-/Weinregal,Gewuerzregal fuer getrocknete Wacholderbeeren,JUNIPER_BERRIES wurde im Ausgangs-Notizlauf einer nicht zur kuratierten Produktform passenden Warengruppe zugeordnet; die finale Notiz muss den genannten konkreten Einkaufsweg verwenden.,ROUTE_VERIFIED
JUNIPER_BERRIES,Tobias,SEPARATE_PERSON_ROUTE_REVIEW,Gewuerzregal fuer getrocknete Wacholderbeeren,"JUNIPER_BERRIES wurde im getrennten Tobias-Durchgang gegen Produktform, Warengruppe und realistischen Rostocker bzw. deutschen Einkaufsweg gegengeprüft; die finale Notiz muss den genannten konkreten Einkaufsweg einhalten.",ROUTE_VERIFIED
KAFFIR_LIME_LEAVES,Georgia,SEPARATE_OPEN_FORM_CONTROL,"Alle zugelassenen Produktformen beibehalten und den Einkaufsweg daran ausrichten: Aromatische Blätter der Makrut-Limette mit intensiv zitrischem Duft; frisch, tiefgekühlt oder getrocknet verwendbar.",KAFFIR_LIME_LEAVES wurde im getrennten Georgia-Lauf als Gegenkontrolle auf dieselbe unzulässige Einzelform-Verengung geprüft.,ROUTE_VERIFIED
KAFFIR_LIME_LEAVES,Tobias,HEURISTIC_SINGLE_FORM_FROM_OPEN_PRODUCT_FORM,"Alle zugelassenen Produktformen beibehalten und den Einkaufsweg daran ausrichten: Aromatische Blätter der Makrut-Limette mit intensiv zitrischem Duft; frisch, tiefgekühlt oder getrocknet verwendbar.","KAFFIR_LIME_LEAVES wurde im Tobias-Lauf trotz offener oder alternativer Produktform heuristisch auf eine einzelne frische, getrocknete, gemahlene oder konservierte Form verengt.",ROUTE_VERIFIED
KING_OYSTER_MUSHROOM,Georgia,Fischtheke/-kuehlung,Obst-/Gemuesebereich bzw. Pilzsortiment fuer frische Kraeuterseitlinge,KING_OYSTER_MUSHROOM wurde im Ausgangs-Notizlauf einer nicht zur kuratierten Produktform passenden Warengruppe zugeordnet; die finale Notiz muss den genannten konkreten Einkaufsweg verwenden.,ROUTE_VERIFIED
KING_OYSTER_MUSHROOM,Tobias,SEPARATE_PERSON_ROUTE_REVIEW,Obst-/Gemuesebereich bzw. Pilzsortiment fuer frische Kraeuterseitlinge,"KING_OYSTER_MUSHROOM wurde im getrennten Tobias-Durchgang gegen Produktform, Warengruppe und realistischen Rostocker bzw. deutschen Einkaufsweg gegengeprüft; die finale Notiz muss den genannten konkreten Einkaufsweg einhalten.",ROUTE_VERIFIED
LAMBS_LETTUCE,Georgia,Fleischtheke/Metzgereisortiment,Obst-/Gemuesebereich fuer frischen Feldsalat,LAMBS_LETTUCE wurde im Ausgangs-Notizlauf einer nicht zur kuratierten Produktform passenden Warengruppe zugeordnet; die finale Notiz muss den genannten konkreten Einkaufsweg verwenden.,ROUTE_VERIFIED
LAMBS_LETTUCE,Tobias,SEPARATE_PERSON_ROUTE_REVIEW,Obst-/Gemuesebereich fuer frischen Feldsalat,"LAMBS_LETTUCE wurde im getrennten Tobias-Durchgang gegen Produktform, Warengruppe und realistischen Rostocker bzw. deutschen Einkaufsweg gegengeprüft; die finale Notiz muss den genannten konkreten Einkaufsweg einhalten.",ROUTE_VERIFIED
LASAGNE_SHEETS,Georgia,SEPARATE_OPEN_FORM_CONTROL,"Alle zugelassenen Produktformen beibehalten und den Einkaufsweg daran ausrichten: Breite flache Weizenpastablätter für geschichtete Gerichte; frisch, getrocknet oder vorgekocht verwendbar.",LASAGNE_SHEETS wurde im getrennten Georgia-Lauf als Gegenkontrolle auf dieselbe unzulässige Einzelform-Verengung geprüft.,ROUTE_VERIFIED
LASAGNE_SHEETS,Tobias,HEURISTIC_SINGLE_FORM_FROM_OPEN_PRODUCT_FORM,"Alle zugelassenen Produktformen beibehalten und den Einkaufsweg daran ausrichten: Breite flache Weizenpastablätter für geschichtete Gerichte; frisch, getrocknet oder vorgekocht verwendbar.","LASAGNE_SHEETS wurde im Tobias-Lauf trotz offener oder alternativer Produktform heuristisch auf eine einzelne frische, getrocknete, gemahlene oder konservierte Form verengt.",ROUTE_VERIFIED
LINGONBERRY,Georgia,Getraenke-/Weinregal,Obst-/Gemuesebereich oder Tiefkuehlung fuer Preiselbeeren,LINGONBERRY wurde im Ausgangs-Notizlauf einer nicht zur kuratierten Produktform passenden Warengruppe zugeordnet; die finale Notiz muss den genannten konkreten Einkaufsweg verwenden.,ROUTE_VERIFIED
LINGONBERRY,Tobias,SEPARATE_PERSON_ROUTE_REVIEW,Obst-/Gemuesebereich oder Tiefkuehlung fuer Preiselbeeren,"LINGONBERRY wurde im getrennten Tobias-Durchgang gegen Produktform, Warengruppe und realistischen Rostocker bzw. deutschen Einkaufsweg gegengeprüft; die finale Notiz muss den genannten konkreten Einkaufsweg einhalten.",ROUTE_VERIFIED
LINGONBERRY_PRESERVES,Georgia,Getraenke-/Weinregal,Konfitueren-/Konservenregal fuer Preiselbeerzubereitung,LINGONBERRY_PRESERVES wurde im Ausgangs-Notizlauf einer nicht zur kuratierten Produktform passenden Warengruppe zugeordnet; die finale Notiz muss den genannten konkreten Einkaufsweg verwenden.,ROUTE_VERIFIED
LINGONBERRY_PRESERVES,Tobias,SEPARATE_PERSON_ROUTE_REVIEW,Konfitueren-/Konservenregal fuer Preiselbeerzubereitung,"LINGONBERRY_PRESERVES wurde im getrennten Tobias-Durchgang gegen Produktform, Warengruppe und realistischen Rostocker bzw. deutschen Einkaufsweg gegengeprüft; die finale Notiz muss den genannten konkreten Einkaufsweg einhalten.",ROUTE_VERIFIED
LOTUS_ROOT,Georgia,SEPARATE_OPEN_FORM_CONTROL,"Alle zugelassenen Produktformen beibehalten und den Einkaufsweg daran ausrichten: Rhizom der Lotuspflanze mit charakteristischen Hohlkammern und knackiger Textur; frisch, tiefgekühlt oder schlicht konserviert.",LOTUS_ROOT wurde im getrennten Georgia-Lauf als Gegenkontrolle auf dieselbe unzulässige Einzelform-Verengung geprüft.,ROUTE_VERIFIED
LOTUS_ROOT,Tobias,HEURISTIC_SINGLE_FORM_FROM_OPEN_PRODUCT_FORM,"Alle zugelassenen Produktformen beibehalten und den Einkaufsweg daran ausrichten: Rhizom der Lotuspflanze mit charakteristischen Hohlkammern und knackiger Textur; frisch, tiefgekühlt oder schlicht konserviert.","LOTUS_ROOT wurde im Tobias-Lauf trotz offener oder alternativer Produktform heuristisch auf eine einzelne frische, getrocknete, gemahlene oder konservierte Form verengt.",ROUTE_VERIFIED
LOTUS_SEEDS,Georgia,SEPARATE_OPEN_FORM_CONTROL,"Alle zugelassenen Produktformen beibehalten und den Einkaufsweg daran ausrichten: Essbare reife Lotussamen mit mild-nussigem, leicht süßlichem Geschmack; frisch, getrocknet oder vorgegart für Suppen, Reisgerichte, Füllungen und Süßspeisen. Nicht Lotuswurzel oder der bittere Keim als eigenes Produkt.",LOTUS_SEEDS wurde im getrennten Georgia-Lauf als Gegenkontrolle auf dieselbe unzulässige Einzelform-Verengung geprüft.,ROUTE_VERIFIED
LOTUS_SEEDS,Tobias,HEURISTIC_SINGLE_FORM_FROM_OPEN_PRODUCT_FORM,"Alle zugelassenen Produktformen beibehalten und den Einkaufsweg daran ausrichten: Essbare reife Lotussamen mit mild-nussigem, leicht süßlichem Geschmack; frisch, getrocknet oder vorgegart für Suppen, Reisgerichte, Füllungen und Süßspeisen. Nicht Lotuswurzel oder der bittere Keim als eigenes Produkt.","LOTUS_SEEDS wurde im Tobias-Lauf trotz offener oder alternativer Produktform heuristisch auf eine einzelne frische, getrocknete, gemahlene oder konservierte Form verengt.",ROUTE_VERIFIED
LYCHEE,Georgia,SEPARATE_OPEN_FORM_CONTROL,"Alle zugelassenen Produktformen beibehalten und den Einkaufsweg daran ausrichten: Litschi mit saftigem, floral-süßem Fruchtfleisch; frisch oder schlicht konserviert, ohne Schale und Kern.",LYCHEE wurde im getrennten Georgia-Lauf als Gegenkontrolle auf dieselbe unzulässige Einzelform-Verengung geprüft.,ROUTE_VERIFIED
LYCHEE,Tobias,HEURISTIC_SINGLE_FORM_FROM_OPEN_PRODUCT_FORM,"Alle zugelassenen Produktformen beibehalten und den Einkaufsweg daran ausrichten: Litschi mit saftigem, floral-süßem Fruchtfleisch; frisch oder schlicht konserviert, ohne Schale und Kern.","LYCHEE wurde im Tobias-Lauf trotz offener oder alternativer Produktform heuristisch auf eine einzelne frische, getrocknete, gemahlene oder konservierte Form verengt.",ROUTE_VERIFIED
MACAPUNO,Georgia,SEPARATE_OPEN_FORM_CONTROL,"Alle zugelassenen Produktformen beibehalten und den Einkaufsweg daran ausrichten: Weiches bis gelatinöses Endosperm einer besonderen Kokosnussausprägung; frisch, tiefgekühlt oder konserviert verwendbar. Nicht gewöhnliches Kokosfleisch, Kokoscreme oder bloß mit Kokos aromatisierte Süßware.",MACAPUNO wurde im getrennten Georgia-Lauf als Gegenkontrolle auf dieselbe unzulässige Einzelform-Verengung geprüft.,ROUTE_VERIFIED
MACAPUNO,Tobias,HEURISTIC_SINGLE_FORM_FROM_OPEN_PRODUCT_FORM,"Alle zugelassenen Produktformen beibehalten und den Einkaufsweg daran ausrichten: Weiches bis gelatinöses Endosperm einer besonderen Kokosnussausprägung; frisch, tiefgekühlt oder konserviert verwendbar. Nicht gewöhnliches Kokosfleisch, Kokoscreme oder bloß mit Kokos aromatisierte Süßware.","MACAPUNO wurde im Tobias-Lauf trotz offener oder alternativer Produktform heuristisch auf eine einzelne frische, getrocknete, gemahlene oder konservierte Form verengt.",ROUTE_VERIFIED
MARJORAM,Georgia,SEPARATE_OPEN_FORM_CONTROL,"Alle zugelassenen Produktformen beibehalten und den Einkaufsweg daran ausrichten: Majoranblätter mit warmem, leicht süßlichem und herbem Aroma; frisch oder getrocknet verwendbar.",MARJORAM wurde im getrennten Georgia-Lauf als Gegenkontrolle auf dieselbe unzulässige Einzelform-Verengung geprüft.,ROUTE_VERIFIED
MARJORAM,Tobias,HEURISTIC_SINGLE_FORM_FROM_OPEN_PRODUCT_FORM,"Alle zugelassenen Produktformen beibehalten und den Einkaufsweg daran ausrichten: Majoranblätter mit warmem, leicht süßlichem und herbem Aroma; frisch oder getrocknet verwendbar.","MARJORAM wurde im Tobias-Lauf trotz offener oder alternativer Produktform heuristisch auf eine einzelne frische, getrocknete, gemahlene oder konservierte Form verengt.",ROUTE_VERIFIED
MATCHA,Georgia,Obst-/Gemuesebereich,Tee-/Heissgetraenkeregal fuer Matcha,MATCHA wurde im Ausgangs-Notizlauf einer nicht zur kuratierten Produktform passenden Warengruppe zugeordnet; die finale Notiz muss den genannten konkreten Einkaufsweg verwenden.,ROUTE_VERIFIED
MATCHA,Tobias,SEPARATE_PERSON_ROUTE_REVIEW,Tee-/Heissgetraenkeregal fuer Matcha,"MATCHA wurde im getrennten Tobias-Durchgang gegen Produktform, Warengruppe und realistischen Rostocker bzw. deutschen Einkaufsweg gegengeprüft; die finale Notiz muss den genannten konkreten Einkaufsweg einhalten.",ROUTE_VERIFIED
MILK_CHOCOLATE,Georgia,Molkerei-/Kaesebereich,Suesswaren-/Backregal fuer Milchschokolade,MILK_CHOCOLATE wurde im Ausgangs-Notizlauf einer nicht zur kuratierten Produktform passenden Warengruppe zugeordnet; die finale Notiz muss den genannten konkreten Einkaufsweg verwenden.,ROUTE_VERIFIED
MILK_CHOCOLATE,Tobias,SEPARATE_PERSON_ROUTE_REVIEW,Suesswaren-/Backregal fuer Milchschokolade,"MILK_CHOCOLATE wurde im getrennten Tobias-Durchgang gegen Produktform, Warengruppe und realistischen Rostocker bzw. deutschen Einkaufsweg gegengeprüft; die finale Notiz muss den genannten konkreten Einkaufsweg einhalten.",ROUTE_VERIFIED
MOLASSES,Georgia,Obst-/Gemuesebereich,Back-/Sirupregal fuer Melasse,MOLASSES wurde im Ausgangs-Notizlauf einer nicht zur kuratierten Produktform passenden Warengruppe zugeordnet; die finale Notiz muss den genannten konkreten Einkaufsweg verwenden.,ROUTE_VERIFIED
MOLASSES,Tobias,SEPARATE_PERSON_ROUTE_REVIEW,Back-/Sirupregal fuer Melasse,"MOLASSES wurde im getrennten Tobias-Durchgang gegen Produktform, Warengruppe und realistischen Rostocker bzw. deutschen Einkaufsweg gegengeprüft; die finale Notiz muss den genannten konkreten Einkaufsweg einhalten.",ROUTE_VERIFIED
MORINGA_LEAVES,Georgia,SEPARATE_OPEN_FORM_CONTROL,"Alle zugelassenen Produktformen beibehalten und den Einkaufsweg daran ausrichten: Blätter von Moringa oleifera, auf den Philippinen Malunggay; frisch, tiefgekühlt oder als kulinarisch verwendete getrocknete Blattform. Nicht Samen, Öl oder Nahrungsergänzungskapseln.",MORINGA_LEAVES wurde im getrennten Georgia-Lauf als Gegenkontrolle auf dieselbe unzulässige Einzelform-Verengung geprüft.,ROUTE_VERIFIED
MORINGA_LEAVES,Tobias,HEURISTIC_SINGLE_FORM_FROM_OPEN_PRODUCT_FORM,"Alle zugelassenen Produktformen beibehalten und den Einkaufsweg daran ausrichten: Blätter von Moringa oleifera, auf den Philippinen Malunggay; frisch, tiefgekühlt oder als kulinarisch verwendete getrocknete Blattform. Nicht Samen, Öl oder Nahrungsergänzungskapseln.","MORINGA_LEAVES wurde im Tobias-Lauf trotz offener oder alternativer Produktform heuristisch auf eine einzelne frische, getrocknete, gemahlene oder konservierte Form verengt.",ROUTE_VERIFIED
MULBERRY,Georgia,Getraenke-/Weinregal,"Obst-/Gemuesebereich, Trockenfruechte oder Tiefkuehlung je zulaessiger Form",MULBERRY wurde im Ausgangs-Notizlauf einer nicht zur kuratierten Produktform passenden Warengruppe zugeordnet; die finale Notiz muss den genannten konkreten Einkaufsweg verwenden.,ROUTE_VERIFIED
MULBERRY,Tobias,SEPARATE_PERSON_ROUTE_REVIEW,"Obst-/Gemuesebereich, Trockenfruechte oder Tiefkuehlung je zulaessiger Form","MULBERRY wurde im getrennten Tobias-Durchgang gegen Produktform, Warengruppe und realistischen Rostocker bzw. deutschen Einkaufsweg gegengeprüft; die finale Notiz muss den genannten konkreten Einkaufsweg einhalten.",ROUTE_VERIFIED
MUSHROOM_STOCK,Georgia,Obst-/Gemuesebereich,Bruehen-/Suppenregal fuer Pilzfond oder Pilzbruehe,MUSHROOM_STOCK wurde im Ausgangs-Notizlauf einer nicht zur kuratierten Produktform passenden Warengruppe zugeordnet; die finale Notiz muss den genannten konkreten Einkaufsweg verwenden.,ROUTE_VERIFIED
MUSHROOM_STOCK,Tobias,SEPARATE_PERSON_ROUTE_REVIEW,Bruehen-/Suppenregal fuer Pilzfond oder Pilzbruehe,"MUSHROOM_STOCK wurde im getrennten Tobias-Durchgang gegen Produktform, Warengruppe und realistischen Rostocker bzw. deutschen Einkaufsweg gegengeprüft; die finale Notiz muss den genannten konkreten Einkaufsweg einhalten.",ROUTE_VERIFIED
MUSHROOMS,Georgia,SEPARATE_OPEN_FORM_CONTROL,"Alle zugelassenen Produktformen beibehalten und den Einkaufsweg daran ausrichten: Offene Vorgabe für essbare Pilze; Art, Kultur- oder Waldpilz und frisch oder getrocknet bleiben wählbar.",MUSHROOMS wurde im getrennten Georgia-Lauf als Gegenkontrolle auf dieselbe unzulässige Einzelform-Verengung geprüft.,ROUTE_VERIFIED
MUSHROOMS,Tobias,HEURISTIC_SINGLE_FORM_FROM_OPEN_PRODUCT_FORM,"Alle zugelassenen Produktformen beibehalten und den Einkaufsweg daran ausrichten: Offene Vorgabe für essbare Pilze; Art, Kultur- oder Waldpilz und frisch oder getrocknet bleiben wählbar.","MUSHROOMS wurde im Tobias-Lauf trotz offener oder alternativer Produktform heuristisch auf eine einzelne frische, getrocknete, gemahlene oder konservierte Form verengt.",ROUTE_VERIFIED
NORI,Georgia,Obst-/Gemuesebereich,Asia-/Trockenwarenregal fuer Nori-Blaetter,NORI wurde im Ausgangs-Notizlauf einer nicht zur kuratierten Produktform passenden Warengruppe zugeordnet; die finale Notiz muss den genannten konkreten Einkaufsweg verwenden.,ROUTE_VERIFIED
NORI,Tobias,SEPARATE_PERSON_ROUTE_REVIEW,Asia-/Trockenwarenregal fuer Nori-Blaetter,"NORI wurde im getrennten Tobias-Durchgang gegen Produktform, Warengruppe und realistischen Rostocker bzw. deutschen Einkaufsweg gegengeprüft; die finale Notiz muss den genannten konkreten Einkaufsweg einhalten.",ROUTE_VERIFIED
NUT_AND_SEED_PASTES,Georgia,Gewuerzregal,Brotaufstrich-/Nussmusregal fuer Nuss- und Saatenpasten,NUT_AND_SEED_PASTES wurde im Ausgangs-Notizlauf einer nicht zur kuratierten Produktform passenden Warengruppe zugeordnet; die finale Notiz muss den genannten konkreten Einkaufsweg verwenden.,ROUTE_VERIFIED
NUT_AND_SEED_PASTES,Tobias,SEPARATE_PERSON_ROUTE_REVIEW,Brotaufstrich-/Nussmusregal fuer Nuss- und Saatenpasten,"NUT_AND_SEED_PASTES wurde im getrennten Tobias-Durchgang gegen Produktform, Warengruppe und realistischen Rostocker bzw. deutschen Einkaufsweg gegengeprüft; die finale Notiz muss den genannten konkreten Einkaufsweg einhalten.",ROUTE_VERIFIED
NUTMEG,Georgia,SEPARATE_OPEN_FORM_CONTROL,"Alle zugelassenen Produktformen beibehalten und den Einkaufsweg daran ausrichten: Muskatnuss als intensiv warm-würziger Samenkern, frisch gerieben oder gemahlen; sparsam dosieren.",NUTMEG wurde im getrennten Georgia-Lauf als Gegenkontrolle auf dieselbe unzulässige Einzelform-Verengung geprüft.,ROUTE_VERIFIED
NUTMEG,Tobias,HEURISTIC_SINGLE_FORM_FROM_OPEN_PRODUCT_FORM,"Alle zugelassenen Produktformen beibehalten und den Einkaufsweg daran ausrichten: Muskatnuss als intensiv warm-würziger Samenkern, frisch gerieben oder gemahlen; sparsam dosieren.","NUTMEG wurde im Tobias-Lauf trotz offener oder alternativer Produktform heuristisch auf eine einzelne frische, getrocknete, gemahlene oder konservierte Form verengt.",ROUTE_VERIFIED
OREGANO,Georgia,SEPARATE_OPEN_FORM_CONTROL,"Alle zugelassenen Produktformen beibehalten und den Einkaufsweg daran ausrichten: Oregano mit kräftig-herbem, warmem Kräuteraroma; frisch oder getrocknet verwendbar.",OREGANO wurde im getrennten Georgia-Lauf als Gegenkontrolle auf dieselbe unzulässige Einzelform-Verengung geprüft.,ROUTE_VERIFIED
OREGANO,Tobias,HEURISTIC_SINGLE_FORM_FROM_OPEN_PRODUCT_FORM,"Alle zugelassenen Produktformen beibehalten und den Einkaufsweg daran ausrichten: Oregano mit kräftig-herbem, warmem Kräuteraroma; frisch oder getrocknet verwendbar.","OREGANO wurde im Tobias-Lauf trotz offener oder alternativer Produktform heuristisch auf eine einzelne frische, getrocknete, gemahlene oder konservierte Form verengt.",ROUTE_VERIFIED
OYSTER_MUSHROOM,Georgia,Fischtheke/-kuehlung,Obst-/Gemuesebereich bzw. Pilzsortiment fuer frische Austernpilze,OYSTER_MUSHROOM wurde im Ausgangs-Notizlauf einer nicht zur kuratierten Produktform passenden Warengruppe zugeordnet; die finale Notiz muss den genannten konkreten Einkaufsweg verwenden.,ROUTE_VERIFIED
OYSTER_MUSHROOM,Tobias,SEPARATE_PERSON_ROUTE_REVIEW,Obst-/Gemuesebereich bzw. Pilzsortiment fuer frische Austernpilze,"OYSTER_MUSHROOM wurde im getrennten Tobias-Durchgang gegen Produktform, Warengruppe und realistischen Rostocker bzw. deutschen Einkaufsweg gegengeprüft; die finale Notiz muss den genannten konkreten Einkaufsweg einhalten.",ROUTE_VERIFIED
OYSTER_SAUCE,Georgia,Fischtheke/-kuehlung,Asia-/Wuerzsaucenregal fuer abgefuellte Austernsauce,OYSTER_SAUCE wurde im Ausgangs-Notizlauf einer nicht zur kuratierten Produktform passenden Warengruppe zugeordnet; die finale Notiz muss den genannten konkreten Einkaufsweg verwenden.,ROUTE_VERIFIED
OYSTER_SAUCE,Tobias,SEPARATE_PERSON_ROUTE_REVIEW,Asia-/Wuerzsaucenregal fuer abgefuellte Austernsauce,"OYSTER_SAUCE wurde im getrennten Tobias-Durchgang gegen Produktform, Warengruppe und realistischen Rostocker bzw. deutschen Einkaufsweg gegengeprüft; die finale Notiz muss den genannten konkreten Einkaufsweg einhalten.",ROUTE_VERIFIED
PANEER,Georgia,SEPARATE_OPEN_FORM_CONTROL,"Alle zugelassenen Produktformen beibehalten und den Einkaufsweg daran ausrichten: Ungereifter indischer Frischkäse mit fester, nicht schmelzender Textur; typischerweise aus Kuh- oder Büffelmilch.",PANEER wurde im getrennten Georgia-Lauf als Gegenkontrolle auf dieselbe unzulässige Einzelform-Verengung geprüft.,ROUTE_VERIFIED
PANEER,Tobias,HEURISTIC_SINGLE_FORM_FROM_OPEN_PRODUCT_FORM,"Alle zugelassenen Produktformen beibehalten und den Einkaufsweg daran ausrichten: Ungereifter indischer Frischkäse mit fester, nicht schmelzender Textur; typischerweise aus Kuh- oder Büffelmilch.","PANEER wurde im Tobias-Lauf trotz offener oder alternativer Produktform heuristisch auf eine einzelne frische, getrocknete, gemahlene oder konservierte Form verengt.",ROUTE_VERIFIED
PEANUT_BUTTER,Georgia,Molkerei-/Kaesebereich,Brotaufstrichregal fuer Erdnussbutter,PEANUT_BUTTER wurde im Ausgangs-Notizlauf einer nicht zur kuratierten Produktform passenden Warengruppe zugeordnet; die finale Notiz muss den genannten konkreten Einkaufsweg verwenden.,ROUTE_VERIFIED
PEANUT_BUTTER,Tobias,SEPARATE_PERSON_ROUTE_REVIEW,Brotaufstrichregal fuer Erdnussbutter,"PEANUT_BUTTER wurde im getrennten Tobias-Durchgang gegen Produktform, Warengruppe und realistischen Rostocker bzw. deutschen Einkaufsweg gegengeprüft; die finale Notiz muss den genannten konkreten Einkaufsweg einhalten.",ROUTE_VERIFIED
PEANUT_SATAY_SAUCE,Georgia,Molkerei-/Kaesebereich,Asia-/Wuerzsaucenregal fuer Sataysauce,PEANUT_SATAY_SAUCE wurde im Ausgangs-Notizlauf einer nicht zur kuratierten Produktform passenden Warengruppe zugeordnet; die finale Notiz muss den genannten konkreten Einkaufsweg verwenden.,ROUTE_VERIFIED
PEANUT_SATAY_SAUCE,Tobias,SEPARATE_PERSON_ROUTE_REVIEW,Asia-/Wuerzsaucenregal fuer Sataysauce,"PEANUT_SATAY_SAUCE wurde im getrennten Tobias-Durchgang gegen Produktform, Warengruppe und realistischen Rostocker bzw. deutschen Einkaufsweg gegengeprüft; die finale Notiz muss den genannten konkreten Einkaufsweg einhalten.",ROUTE_VERIFIED
PEAS,Georgia,SEPARATE_OPEN_FORM_CONTROL,"Alle zugelassenen Produktformen beibehalten und den Einkaufsweg daran ausrichten: Offene Vorgabe für Erbsenkerne; frisch, getrocknet oder gespalten sind mögliche Wege, essbare Hülsen nicht automatisch.",PEAS wurde im getrennten Georgia-Lauf als Gegenkontrolle auf dieselbe unzulässige Einzelform-Verengung geprüft.,ROUTE_VERIFIED
PEAS,Tobias,HEURISTIC_SINGLE_FORM_FROM_OPEN_PRODUCT_FORM,"Alle zugelassenen Produktformen beibehalten und den Einkaufsweg daran ausrichten: Offene Vorgabe für Erbsenkerne; frisch, getrocknet oder gespalten sind mögliche Wege, essbare Hülsen nicht automatisch.","PEAS wurde im Tobias-Lauf trotz offener oder alternativer Produktform heuristisch auf eine einzelne frische, getrocknete, gemahlene oder konservierte Form verengt.",ROUTE_VERIFIED
PICKLED_CHILI,Georgia,Obst-/Gemuesebereich,Konserven-/Feinkostregal fuer eingelegte Chili,PICKLED_CHILI wurde im Ausgangs-Notizlauf einer nicht zur kuratierten Produktform passenden Warengruppe zugeordnet; die finale Notiz muss den genannten konkreten Einkaufsweg verwenden.,ROUTE_VERIFIED
PICKLED_CHILI,Tobias,SEPARATE_PERSON_ROUTE_REVIEW,Konserven-/Feinkostregal fuer eingelegte Chili,"PICKLED_CHILI wurde im getrennten Tobias-Durchgang gegen Produktform, Warengruppe und realistischen Rostocker bzw. deutschen Einkaufsweg gegengeprüft; die finale Notiz muss den genannten konkreten Einkaufsweg einhalten.",ROUTE_VERIFIED
PICKLED_CUCUMBER,Georgia,Obst-/Gemuesebereich,Konserven-/Feinkostregal fuer eingelegte Gurken,PICKLED_CUCUMBER wurde im Ausgangs-Notizlauf einer nicht zur kuratierten Produktform passenden Warengruppe zugeordnet; die finale Notiz muss den genannten konkreten Einkaufsweg verwenden.,ROUTE_VERIFIED
PICKLED_CUCUMBER,Tobias,SEPARATE_PERSON_ROUTE_REVIEW,Konserven-/Feinkostregal fuer eingelegte Gurken,"PICKLED_CUCUMBER wurde im getrennten Tobias-Durchgang gegen Produktform, Warengruppe und realistischen Rostocker bzw. deutschen Einkaufsweg gegengeprüft; die finale Notiz muss den genannten konkreten Einkaufsweg einhalten.",ROUTE_VERIFIED
PICKLED_GINGER,Georgia,Obst-/Gemuesebereich,Asia-/Feinkostregal fuer eingelegten Ingwer,PICKLED_GINGER wurde im Ausgangs-Notizlauf einer nicht zur kuratierten Produktform passenden Warengruppe zugeordnet; die finale Notiz muss den genannten konkreten Einkaufsweg verwenden.,ROUTE_VERIFIED
PICKLED_GINGER,Tobias,SEPARATE_PERSON_ROUTE_REVIEW,Asia-/Feinkostregal fuer eingelegten Ingwer,"PICKLED_GINGER wurde im getrennten Tobias-Durchgang gegen Produktform, Warengruppe und realistischen Rostocker bzw. deutschen Einkaufsweg gegengeprüft; die finale Notiz muss den genannten konkreten Einkaufsweg einhalten.",ROUTE_VERIFIED
PICKLED_MUSHROOMS,Georgia,Obst-/Gemuesebereich,Konserven-/Feinkostregal fuer eingelegte Pilze,PICKLED_MUSHROOMS wurde im Ausgangs-Notizlauf einer nicht zur kuratierten Produktform passenden Warengruppe zugeordnet; die finale Notiz muss den genannten konkreten Einkaufsweg verwenden.,ROUTE_VERIFIED
PICKLED_MUSHROOMS,Tobias,SEPARATE_PERSON_ROUTE_REVIEW,Konserven-/Feinkostregal fuer eingelegte Pilze,"PICKLED_MUSHROOMS wurde im getrennten Tobias-Durchgang gegen Produktform, Warengruppe und realistischen Rostocker bzw. deutschen Einkaufsweg gegengeprüft; die finale Notiz muss den genannten konkreten Einkaufsweg einhalten.",ROUTE_VERIFIED
PILSNER_LAGER,Georgia,SYSTEMATIC_PRODUCT_FORM_ROUTE_REVIEW,Bier-/Getraenkeregal fuer helles untergaeriges Pilsner; keine generische Regal- oder Frischeabteilung,"PILSNER_LAGER wurde in der finalen Gegenprüfung gegen generische Regalpfade, Roh-Elternrouten und unzulässig verengte offene Formen geprüft.",ROUTE_VERIFIED
PILSNER_LAGER,Tobias,SYSTEMATIC_PRODUCT_FORM_ROUTE_REVIEW,Bier-/Getraenkeregal fuer helles untergaeriges Pilsner; keine generische Regal- oder Frischeabteilung,"PILSNER_LAGER wurde in der finalen Gegenprüfung gegen generische Regalpfade, Roh-Elternrouten und unzulässig verengte offene Formen geprüft.",ROUTE_VERIFIED
PINEAPPLE,Georgia,SEPARATE_OPEN_FORM_CONTROL,"Alle zugelassenen Produktformen beibehalten und den Einkaufsweg daran ausrichten: Ananas mit saftigem süß-säuerlichem Fruchtfleisch; frisch, tiefgekühlt oder schlicht konserviert verwendbar.",PINEAPPLE wurde im getrennten Georgia-Lauf als Gegenkontrolle auf dieselbe unzulässige Einzelform-Verengung geprüft.,ROUTE_VERIFIED
PINEAPPLE,Tobias,HEURISTIC_SINGLE_FORM_FROM_OPEN_PRODUCT_FORM,"Alle zugelassenen Produktformen beibehalten und den Einkaufsweg daran ausrichten: Ananas mit saftigem süß-säuerlichem Fruchtfleisch; frisch, tiefgekühlt oder schlicht konserviert verwendbar.","PINEAPPLE wurde im Tobias-Lauf trotz offener oder alternativer Produktform heuristisch auf eine einzelne frische, getrocknete, gemahlene oder konservierte Form verengt.",ROUTE_VERIFIED
PINTO_BEANS,Georgia,SEPARATE_OPEN_FORM_CONTROL,Alle zugelassenen Produktformen beibehalten und den Einkaufsweg daran ausrichten: Gesprenkelte Pintobohnen mit erdig-cremigem Geschmack; getrocknet oder vorgegart verwendbar.,PINTO_BEANS wurde im getrennten Georgia-Lauf als Gegenkontrolle auf dieselbe unzulässige Einzelform-Verengung geprüft.,ROUTE_VERIFIED
PINTO_BEANS,Tobias,HEURISTIC_SINGLE_FORM_FROM_OPEN_PRODUCT_FORM,Alle zugelassenen Produktformen beibehalten und den Einkaufsweg daran ausrichten: Gesprenkelte Pintobohnen mit erdig-cremigem Geschmack; getrocknet oder vorgegart verwendbar.,"PINTO_BEANS wurde im Tobias-Lauf trotz offener oder alternativer Produktform heuristisch auf eine einzelne frische, getrocknete, gemahlene oder konservierte Form verengt.",ROUTE_VERIFIED
PITA,Georgia,Trockensortiment/Reis-Mehl-Nudeln,Brotregal oder Backstation fuer fertige Pita,Die zuerst genannte Warengruppe passte nicht zur kuratierten verzehrfertigen Brotform; die finale Notiz fuehrt den konkreten Brotweg.,ROUTE_VERIFIED
PLUM_BUTTER,Georgia,Molkerei-/Kaesebereich,Konfitueren-/Brotaufstrichregal fuer Pflaumenmus,PLUM_BUTTER wurde im Ausgangs-Notizlauf einer nicht zur kuratierten Produktform passenden Warengruppe zugeordnet; die finale Notiz muss den genannten konkreten Einkaufsweg verwenden.,ROUTE_VERIFIED
PLUM_BUTTER,Tobias,SEPARATE_PERSON_ROUTE_REVIEW,Konfitueren-/Brotaufstrichregal fuer Pflaumenmus,"PLUM_BUTTER wurde im getrennten Tobias-Durchgang gegen Produktform, Warengruppe und realistischen Rostocker bzw. deutschen Einkaufsweg gegengeprüft; die finale Notiz muss den genannten konkreten Einkaufsweg einhalten.",ROUTE_VERIFIED
POD_VEGETABLES,Georgia,SEPARATE_OPEN_FORM_CONTROL,"Alle zugelassenen Produktformen beibehalten und den Einkaufsweg daran ausrichten: Offene Vorgabe für Gemüse aus jungen Hülsen, Schoten oder darin enthaltenen frischen Samen.",POD_VEGETABLES wurde im getrennten Georgia-Lauf als Gegenkontrolle auf dieselbe unzulässige Einzelform-Verengung geprüft.,ROUTE_VERIFIED
POD_VEGETABLES,Tobias,HEURISTIC_SINGLE_FORM_FROM_OPEN_PRODUCT_FORM,"Alle zugelassenen Produktformen beibehalten und den Einkaufsweg daran ausrichten: Offene Vorgabe für Gemüse aus jungen Hülsen, Schoten oder darin enthaltenen frischen Samen.","POD_VEGETABLES wurde im Tobias-Lauf trotz offener oder alternativer Produktform heuristisch auf eine einzelne frische, getrocknete, gemahlene oder konservierte Form verengt.",ROUTE_VERIFIED
POLENTA,Georgia,SYSTEMATIC_PRODUCT_FORM_ROUTE_REVIEW,Getreide-/Maisgriess-/Trockenwarenregal fuer Maisgriess oder vorbereitete Polenta; keine Rohmais-/Gemueseroute,"POLENTA wurde in der finalen Gegenprüfung gegen generische Regalpfade, Roh-Elternrouten und unzulässig verengte offene Formen geprüft.",ROUTE_VERIFIED
POLENTA,Tobias,SYSTEMATIC_PRODUCT_FORM_ROUTE_REVIEW,Getreide-/Maisgriess-/Trockenwarenregal fuer Maisgriess oder vorbereitete Polenta; keine Rohmais-/Gemueseroute,"POLENTA wurde in der finalen Gegenprüfung gegen generische Regalpfade, Roh-Elternrouten und unzulässig verengte offene Formen geprüft.",ROUTE_VERIFIED
PORCINI,Georgia,SEPARATE_OPEN_FORM_CONTROL,Alle zugelassenen Produktformen beibehalten und den Einkaufsweg daran ausrichten: Steinpilze mit festem Fleisch und intensiv nussig-umamireichem Waldpilzaroma; frisch oder getrocknet verwendbar.,PORCINI wurde im getrennten Georgia-Lauf als Gegenkontrolle auf dieselbe unzulässige Einzelform-Verengung geprüft.,ROUTE_VERIFIED
PORCINI,Tobias,HEURISTIC_SINGLE_FORM_FROM_OPEN_PRODUCT_FORM,Alle zugelassenen Produktformen beibehalten und den Einkaufsweg daran ausrichten: Steinpilze mit festem Fleisch und intensiv nussig-umamireichem Waldpilzaroma; frisch oder getrocknet verwendbar.,"PORCINI wurde im Tobias-Lauf trotz offener oder alternativer Produktform heuristisch auf eine einzelne frische, getrocknete, gemahlene oder konservierte Form verengt.",ROUTE_VERIFIED
PORK_STOCK,Georgia,Fleischtheke/Metzgereisortiment,Bruehen-/Suppenregal fuer Schweinefond oder Schweinebruehe,PORK_STOCK wurde im Ausgangs-Notizlauf einer nicht zur kuratierten Produktform passenden Warengruppe zugeordnet; die finale Notiz muss den genannten konkreten Einkaufsweg verwenden.,ROUTE_VERIFIED
PORK_STOCK,Tobias,SEPARATE_PERSON_ROUTE_REVIEW,Bruehen-/Suppenregal fuer Schweinefond oder Schweinebruehe,"PORK_STOCK wurde im getrennten Tobias-Durchgang gegen Produktform, Warengruppe und realistischen Rostocker bzw. deutschen Einkaufsweg gegengeprüft; die finale Notiz muss den genannten konkreten Einkaufsweg einhalten.",ROUTE_VERIFIED
POTATO_DUMPLING,Georgia,Obst-/Gemuesebereich,Kuehl-/Trocken-/Teigwarenbereich fuer Kartoffelknoedel,POTATO_DUMPLING wurde im Ausgangs-Notizlauf einer nicht zur kuratierten Produktform passenden Warengruppe zugeordnet; die finale Notiz muss den genannten konkreten Einkaufsweg verwenden.,ROUTE_VERIFIED
POTATO_DUMPLING,Tobias,SEPARATE_PERSON_ROUTE_REVIEW,Kuehl-/Trocken-/Teigwarenbereich fuer Kartoffelknoedel,"POTATO_DUMPLING wurde im getrennten Tobias-Durchgang gegen Produktform, Warengruppe und realistischen Rostocker bzw. deutschen Einkaufsweg gegengeprüft; die finale Notiz muss den genannten konkreten Einkaufsweg einhalten.",ROUTE_VERIFIED
PRESERVED_FISH,Georgia,Fischtheke/-kuehlung,"Je nach konkreter haltbarer Form Fischkonserven-, Kuehl- oder Feinkostregal; nicht pauschal Frischfisch",PRESERVED_FISH wurde im Ausgangs-Notizlauf einer nicht zur kuratierten Produktform passenden Warengruppe zugeordnet; die finale Notiz muss den genannten konkreten Einkaufsweg verwenden.,ROUTE_VERIFIED
PRESERVED_FISH,Tobias,SEPARATE_PERSON_ROUTE_REVIEW,"Je nach konkreter haltbarer Form Fischkonserven-, Kuehl- oder Feinkostregal; nicht pauschal Frischfisch","PRESERVED_FISH wurde im getrennten Tobias-Durchgang gegen Produktform, Warengruppe und realistischen Rostocker bzw. deutschen Einkaufsweg gegengeprüft; die finale Notiz muss den genannten konkreten Einkaufsweg einhalten.",ROUTE_VERIFIED
PRETZEL,Georgia,Trockensortiment/Reis-Mehl-Nudeln,Backstation oder Baeckereitheke fuer eine fertige Brezel,Die zuerst genannte Warengruppe passte nicht zur kuratierten verzehrfertigen Backwarenform; die finale Notiz fuehrt den konkreten Backwarenweg.,ROUTE_VERIFIED
PUMPERNICKEL,Georgia,Trockensortiment/Reis-Mehl-Nudeln,Brotregal oder Baeckereitheke fuer abgepackten oder frisch angebotenen Pumpernickel,Die zuerst genannte Warengruppe passte nicht zur kuratierten Brotform; die finale Notiz fuehrt den konkreten Brotweg.,ROUTE_VERIFIED
PURSLANE,Georgia,SEPARATE_OPEN_FORM_CONTROL,"Alle zugelassenen Produktformen beibehalten und den Einkaufsweg daran ausrichten: Portulak mit fleischigen Blättern, frischer Säure und leicht salzigem Geschmack; roh oder kurz gegart verwendbar.",PURSLANE wurde im getrennten Georgia-Lauf als Gegenkontrolle auf dieselbe unzulässige Einzelform-Verengung geprüft.,ROUTE_VERIFIED
PURSLANE,Tobias,HEURISTIC_SINGLE_FORM_FROM_OPEN_PRODUCT_FORM,"Alle zugelassenen Produktformen beibehalten und den Einkaufsweg daran ausrichten: Portulak mit fleischigen Blättern, frischer Säure und leicht salzigem Geschmack; roh oder kurz gegart verwendbar.","PURSLANE wurde im Tobias-Lauf trotz offener oder alternativer Produktform heuristisch auf eine einzelne frische, getrocknete, gemahlene oder konservierte Form verengt.",ROUTE_VERIFIED
RAMEN_NOODLES,Georgia,SEPARATE_OPEN_FORM_CONTROL,"Alle zugelassenen Produktformen beibehalten und den Einkaufsweg daran ausrichten: Japanische Weizennudeln für Ramen, typischerweise alkalisch und elastisch; frisch, getrocknet oder vorgegart verwendbar.",RAMEN_NOODLES wurde im getrennten Georgia-Lauf als Gegenkontrolle auf dieselbe unzulässige Einzelform-Verengung geprüft.,ROUTE_VERIFIED
RAMEN_NOODLES,Tobias,HEURISTIC_SINGLE_FORM_FROM_OPEN_PRODUCT_FORM,"Alle zugelassenen Produktformen beibehalten und den Einkaufsweg daran ausrichten: Japanische Weizennudeln für Ramen, typischerweise alkalisch und elastisch; frisch, getrocknet oder vorgegart verwendbar.","RAMEN_NOODLES wurde im Tobias-Lauf trotz offener oder alternativer Produktform heuristisch auf eine einzelne frische, getrocknete, gemahlene oder konservierte Form verengt.",ROUTE_VERIFIED
RASPBERRY,Georgia,Getraenke-/Weinregal,Obst-/Gemuesebereich oder Tiefkuehlung fuer Himbeeren,RASPBERRY wurde im Ausgangs-Notizlauf einer nicht zur kuratierten Produktform passenden Warengruppe zugeordnet; die finale Notiz muss den genannten konkreten Einkaufsweg verwenden.,ROUTE_VERIFIED
RASPBERRY,Tobias,SEPARATE_PERSON_ROUTE_REVIEW,Obst-/Gemuesebereich oder Tiefkuehlung fuer Himbeeren,"RASPBERRY wurde im getrennten Tobias-Durchgang gegen Produktform, Warengruppe und realistischen Rostocker bzw. deutschen Einkaufsweg gegengeprüft; die finale Notiz muss den genannten konkreten Einkaufsweg einhalten.",ROUTE_VERIFIED
RED_CURRANT,Georgia,Getraenke-/Weinregal,Obst-/Gemuesebereich oder Tiefkuehlung fuer rote Johannisbeeren,RED_CURRANT wurde im Ausgangs-Notizlauf einer nicht zur kuratierten Produktform passenden Warengruppe zugeordnet; die finale Notiz muss den genannten konkreten Einkaufsweg verwenden.,ROUTE_VERIFIED
RED_CURRANT,Tobias,SEPARATE_PERSON_ROUTE_REVIEW,Obst-/Gemuesebereich oder Tiefkuehlung fuer rote Johannisbeeren,"RED_CURRANT wurde im getrennten Tobias-Durchgang gegen Produktform, Warengruppe und realistischen Rostocker bzw. deutschen Einkaufsweg gegengeprüft; die finale Notiz muss den genannten konkreten Einkaufsweg einhalten.",ROUTE_VERIFIED
RED_WINE_VINEGAR,Georgia,Getraenke-/Weinregal,Essig-/Oel- oder Wuerzregal fuer Rotweinessig,RED_WINE_VINEGAR wurde im Ausgangs-Notizlauf einer nicht zur kuratierten Produktform passenden Warengruppe zugeordnet; die finale Notiz muss den genannten konkreten Einkaufsweg verwenden.,ROUTE_VERIFIED
RED_WINE_VINEGAR,Tobias,SEPARATE_PERSON_ROUTE_REVIEW,Essig-/Oel- oder Wuerzregal fuer Rotweinessig,"RED_WINE_VINEGAR wurde im getrennten Tobias-Durchgang gegen Produktform, Warengruppe und realistischen Rostocker bzw. deutschen Einkaufsweg gegengeprüft; die finale Notiz muss den genannten konkreten Einkaufsweg einhalten.",ROUTE_VERIFIED
RICE_NOODLES,Georgia,SEPARATE_OPEN_FORM_CONTROL,"Alle zugelassenen Produktformen beibehalten und den Einkaufsweg daran ausrichten: Nudeln überwiegend auf Reisbasis; Breite, Form und Frisch- oder Trockenware bleiben offen.",RICE_NOODLES wurde im getrennten Georgia-Lauf als Gegenkontrolle auf dieselbe unzulässige Einzelform-Verengung geprüft.,ROUTE_VERIFIED
RICE_NOODLES,Tobias,HEURISTIC_SINGLE_FORM_FROM_OPEN_PRODUCT_FORM,"Alle zugelassenen Produktformen beibehalten und den Einkaufsweg daran ausrichten: Nudeln überwiegend auf Reisbasis; Breite, Form und Frisch- oder Trockenware bleiben offen.","RICE_NOODLES wurde im Tobias-Lauf trotz offener oder alternativer Produktform heuristisch auf eine einzelne frische, getrocknete, gemahlene oder konservierte Form verengt.",ROUTE_VERIFIED
RICOTTA,Georgia,SEPARATE_OPEN_FORM_CONTROL,"Alle zugelassenen Produktformen beibehalten und den Einkaufsweg daran ausrichten: Milder italienischer Molkenfrischkäse mit körnig-cremiger Textur; Kuh-, Schaf- oder andere Milchbasis möglich.",RICOTTA wurde im getrennten Georgia-Lauf als Gegenkontrolle auf dieselbe unzulässige Einzelform-Verengung geprüft.,ROUTE_VERIFIED
RICOTTA,Tobias,HEURISTIC_SINGLE_FORM_FROM_OPEN_PRODUCT_FORM,"Alle zugelassenen Produktformen beibehalten und den Einkaufsweg daran ausrichten: Milder italienischer Molkenfrischkäse mit körnig-cremiger Textur; Kuh-, Schaf- oder andere Milchbasis möglich.","RICOTTA wurde im Tobias-Lauf trotz offener oder alternativer Produktform heuristisch auf eine einzelne frische, getrocknete, gemahlene oder konservierte Form verengt.",ROUTE_VERIFIED
ROASTED_RED_PEPPER,Georgia,Obst-/Gemuesebereich,Konserven-/Feinkostregal fuer geroestete Paprika,ROASTED_RED_PEPPER wurde im Ausgangs-Notizlauf einer nicht zur kuratierten Produktform passenden Warengruppe zugeordnet; die finale Notiz muss den genannten konkreten Einkaufsweg verwenden.,ROUTE_VERIFIED
ROASTED_RED_PEPPER,Tobias,SEPARATE_PERSON_ROUTE_REVIEW,Konserven-/Feinkostregal fuer geroestete Paprika,"ROASTED_RED_PEPPER wurde im getrennten Tobias-Durchgang gegen Produktform, Warengruppe und realistischen Rostocker bzw. deutschen Einkaufsweg gegengeprüft; die finale Notiz muss den genannten konkreten Einkaufsweg einhalten.",ROUTE_VERIFIED
ROSEMARY,Georgia,SEPARATE_OPEN_FORM_CONTROL,"Alle zugelassenen Produktformen beibehalten und den Einkaufsweg daran ausrichten: Rosmarinnadeln mit harzigem, kampferartigem Aroma; frisch oder getrocknet sparsam verwendbar.",ROSEMARY wurde im getrennten Georgia-Lauf als Gegenkontrolle auf dieselbe unzulässige Einzelform-Verengung geprüft.,ROUTE_VERIFIED
ROSEMARY,Tobias,HEURISTIC_SINGLE_FORM_FROM_OPEN_PRODUCT_FORM,"Alle zugelassenen Produktformen beibehalten und den Einkaufsweg daran ausrichten: Rosmarinnadeln mit harzigem, kampferartigem Aroma; frisch oder getrocknet sparsam verwendbar.","ROSEMARY wurde im Tobias-Lauf trotz offener oder alternativer Produktform heuristisch auf eine einzelne frische, getrocknete, gemahlene oder konservierte Form verengt.",ROUTE_VERIFIED
RYE_BREAD,Georgia,Trockensortiment/Reis-Mehl-Nudeln,Brotregal oder Baeckereitheke fuer fertiges Roggenbrot,Die zuerst genannte Warengruppe passte nicht zur kuratierten verzehrfertigen Brotform; die finale Notiz fuehrt den konkreten Brotweg.,ROUTE_VERIFIED
SAGE,Georgia,SEPARATE_OPEN_FORM_CONTROL,"Alle zugelassenen Produktformen beibehalten und den Einkaufsweg daran ausrichten: Salbeiblätter mit kräftig herbem, kampferartigem Aroma; frisch oder getrocknet und meist sparsam verwendet.",SAGE wurde im getrennten Georgia-Lauf als Gegenkontrolle auf dieselbe unzulässige Einzelform-Verengung geprüft.,ROUTE_VERIFIED
SAGE,Tobias,HEURISTIC_SINGLE_FORM_FROM_OPEN_PRODUCT_FORM,"Alle zugelassenen Produktformen beibehalten und den Einkaufsweg daran ausrichten: Salbeiblätter mit kräftig herbem, kampferartigem Aroma; frisch oder getrocknet und meist sparsam verwendet.","SAGE wurde im Tobias-Lauf trotz offener oder alternativer Produktform heuristisch auf eine einzelne frische, getrocknete, gemahlene oder konservierte Form verengt.",ROUTE_VERIFIED
SALSA,Georgia,Obst-/Gemuesebereich,Saucen-/Internationalregal fuer Salsa,SALSA wurde im Ausgangs-Notizlauf einer nicht zur kuratierten Produktform passenden Warengruppe zugeordnet; die finale Notiz muss den genannten konkreten Einkaufsweg verwenden.,ROUTE_VERIFIED
SALSA,Tobias,SEPARATE_PERSON_ROUTE_REVIEW,Saucen-/Internationalregal fuer Salsa,"SALSA wurde im getrennten Tobias-Durchgang gegen Produktform, Warengruppe und realistischen Rostocker bzw. deutschen Einkaufsweg gegengeprüft; die finale Notiz muss den genannten konkreten Einkaufsweg einhalten.",ROUTE_VERIFIED
SALTY_LIQUORICE,Georgia,Gewuerzregal,Suesswarenregal fuer Salzlakritz,SALTY_LIQUORICE wurde im Ausgangs-Notizlauf einer nicht zur kuratierten Produktform passenden Warengruppe zugeordnet; die finale Notiz muss den genannten konkreten Einkaufsweg verwenden.,ROUTE_VERIFIED
SALTY_LIQUORICE,Tobias,SEPARATE_PERSON_ROUTE_REVIEW,Suesswarenregal fuer Salzlakritz,"SALTY_LIQUORICE wurde im getrennten Tobias-Durchgang gegen Produktform, Warengruppe und realistischen Rostocker bzw. deutschen Einkaufsweg gegengeprüft; die finale Notiz muss den genannten konkreten Einkaufsweg einhalten.",ROUTE_VERIFIED
SAMBAL,Georgia,Obst-/Gemuesebereich,Asia-/Wuerzpastenregal fuer Sambal,SAMBAL wurde im Ausgangs-Notizlauf einer nicht zur kuratierten Produktform passenden Warengruppe zugeordnet; die finale Notiz muss den genannten konkreten Einkaufsweg verwenden.,ROUTE_VERIFIED
SAMBAL,Tobias,SEPARATE_PERSON_ROUTE_REVIEW,Asia-/Wuerzpastenregal fuer Sambal,"SAMBAL wurde im getrennten Tobias-Durchgang gegen Produktform, Warengruppe und realistischen Rostocker bzw. deutschen Einkaufsweg gegengeprüft; die finale Notiz muss den genannten konkreten Einkaufsweg einhalten.",ROUTE_VERIFIED
SAMBAL_OELEK,Georgia,Obst-/Gemuesebereich,Asia-/Wuerzpastenregal fuer Sambal Oelek,SAMBAL_OELEK wurde im Ausgangs-Notizlauf einer nicht zur kuratierten Produktform passenden Warengruppe zugeordnet; die finale Notiz muss den genannten konkreten Einkaufsweg verwenden.,ROUTE_VERIFIED
SAMBAL_OELEK,Tobias,SEPARATE_PERSON_ROUTE_REVIEW,Asia-/Wuerzpastenregal fuer Sambal Oelek,"SAMBAL_OELEK wurde im getrennten Tobias-Durchgang gegen Produktform, Warengruppe und realistischen Rostocker bzw. deutschen Einkaufsweg gegengeprüft; die finale Notiz muss den genannten konkreten Einkaufsweg einhalten.",ROUTE_VERIFIED
SEAWEED,Georgia,Obst-/Gemuesebereich,Internationales/Trockenwarenregal passend zur getrockneten Algenform,SEAWEED wurde im Ausgangs-Notizlauf einer nicht zur kuratierten Produktform passenden Warengruppe zugeordnet; die finale Notiz muss den genannten konkreten Einkaufsweg verwenden.,ROUTE_VERIFIED
SEAWEED,Tobias,SEPARATE_PERSON_ROUTE_REVIEW,Internationales/Trockenwarenregal passend zur getrockneten Algenform,"SEAWEED wurde im getrennten Tobias-Durchgang gegen Produktform, Warengruppe und realistischen Rostocker bzw. deutschen Einkaufsweg gegengeprüft; die finale Notiz muss den genannten konkreten Einkaufsweg einhalten.",ROUTE_VERIFIED
SHIITAKE,Georgia,SEPARATE_OPEN_FORM_CONTROL,"Alle zugelassenen Produktformen beibehalten und den Einkaufsweg daran ausrichten: Shiitake mit fleischigem Biss und kräftigem Umami; frisch oder getrocknet, wobei Trockenware intensiver schmeckt.",SHIITAKE wurde im getrennten Georgia-Lauf als Gegenkontrolle auf dieselbe unzulässige Einzelform-Verengung geprüft.,ROUTE_VERIFIED
SHIITAKE,Tobias,HEURISTIC_SINGLE_FORM_FROM_OPEN_PRODUCT_FORM,"Alle zugelassenen Produktformen beibehalten und den Einkaufsweg daran ausrichten: Shiitake mit fleischigem Biss und kräftigem Umami; frisch oder getrocknet, wobei Trockenware intensiver schmeckt.","SHIITAKE wurde im Tobias-Lauf trotz offener oder alternativer Produktform heuristisch auf eine einzelne frische, getrocknete, gemahlene oder konservierte Form verengt.",ROUTE_VERIFIED
SOUR_CREAM,Georgia,SEPARATE_OPEN_FORM_CONTROL,Alle zugelassenen Produktformen beibehalten und den Einkaufsweg daran ausrichten: Gesäuerter Rahm mit frischer Säure und mittlerem Fettgehalt; nicht Crème fraîche oder Quark.,SOUR_CREAM wurde im getrennten Georgia-Lauf als Gegenkontrolle auf dieselbe unzulässige Einzelform-Verengung geprüft.,ROUTE_VERIFIED
SOUR_CREAM,Tobias,HEURISTIC_SINGLE_FORM_FROM_OPEN_PRODUCT_FORM,Alle zugelassenen Produktformen beibehalten und den Einkaufsweg daran ausrichten: Gesäuerter Rahm mit frischer Säure und mittlerem Fettgehalt; nicht Crème fraîche oder Quark.,"SOUR_CREAM wurde im Tobias-Lauf trotz offener oder alternativer Produktform heuristisch auf eine einzelne frische, getrocknete, gemahlene oder konservierte Form verengt.",ROUTE_VERIFIED
SOURDOUGH_BREAD,Georgia,Trockensortiment/Reis-Mehl-Nudeln,Brotregal oder Baeckereitheke fuer fertiges Sauerteigbrot,Die zuerst genannte Warengruppe passte nicht zur kuratierten verzehrfertigen Brotform; die finale Notiz fuehrt den konkreten Brotweg.,ROUTE_VERIFIED
SPAETZLE,Georgia,SEPARATE_OPEN_FORM_CONTROL,"Alle zugelassenen Produktformen beibehalten und den Einkaufsweg daran ausrichten: Weiche unregelmäßige Eiernudeln aus zähflüssigem Teig; frisch, getrocknet oder vorgegart verwendbar.",SPAETZLE wurde im getrennten Georgia-Lauf als Gegenkontrolle auf dieselbe unzulässige Einzelform-Verengung geprüft.,ROUTE_VERIFIED
SPAETZLE,Tobias,HEURISTIC_SINGLE_FORM_FROM_OPEN_PRODUCT_FORM,"Alle zugelassenen Produktformen beibehalten und den Einkaufsweg daran ausrichten: Weiche unregelmäßige Eiernudeln aus zähflüssigem Teig; frisch, getrocknet oder vorgegart verwendbar.","SPAETZLE wurde im Tobias-Lauf trotz offener oder alternativer Produktform heuristisch auf eine einzelne frische, getrocknete, gemahlene oder konservierte Form verengt.",ROUTE_VERIFIED
SPLIT_PEAS,Georgia,SEPARATE_OPEN_FORM_CONTROL,"Alle zugelassenen Produktformen beibehalten und den Einkaufsweg daran ausrichten: Getrocknete geschälte und halbierte Erbsen für Suppen, Pürees oder Eintöpfe; Farbe bleibt offen.",SPLIT_PEAS wurde im getrennten Georgia-Lauf als Gegenkontrolle auf dieselbe unzulässige Einzelform-Verengung geprüft.,ROUTE_VERIFIED
SPLIT_PEAS,Tobias,HEURISTIC_SINGLE_FORM_FROM_OPEN_PRODUCT_FORM,"Alle zugelassenen Produktformen beibehalten und den Einkaufsweg daran ausrichten: Getrocknete geschälte und halbierte Erbsen für Suppen, Pürees oder Eintöpfe; Farbe bleibt offen.","SPLIT_PEAS wurde im Tobias-Lauf trotz offener oder alternativer Produktform heuristisch auf eine einzelne frische, getrocknete, gemahlene oder konservierte Form verengt.",ROUTE_VERIFIED
SRIRACHA,Georgia,Obst-/Gemuesebereich,Asia-/Wuerzsaucenregal fuer Sriracha,SRIRACHA wurde im Ausgangs-Notizlauf einer nicht zur kuratierten Produktform passenden Warengruppe zugeordnet; die finale Notiz muss den genannten konkreten Einkaufsweg verwenden.,ROUTE_VERIFIED
SRIRACHA,Tobias,SEPARATE_PERSON_ROUTE_REVIEW,Asia-/Wuerzsaucenregal fuer Sriracha,"SRIRACHA wurde im getrennten Tobias-Durchgang gegen Produktform, Warengruppe und realistischen Rostocker bzw. deutschen Einkaufsweg gegengeprüft; die finale Notiz muss den genannten konkreten Einkaufsweg einhalten.",ROUTE_VERIFIED
STRAWBERRY,Georgia,Getraenke-/Weinregal,Obst-/Gemuesebereich oder Tiefkuehlung fuer Erdbeeren,STRAWBERRY wurde im Ausgangs-Notizlauf einer nicht zur kuratierten Produktform passenden Warengruppe zugeordnet; die finale Notiz muss den genannten konkreten Einkaufsweg verwenden.,ROUTE_VERIFIED
STRAWBERRY,Tobias,SEPARATE_PERSON_ROUTE_REVIEW,Obst-/Gemuesebereich oder Tiefkuehlung fuer Erdbeeren,"STRAWBERRY wurde im getrennten Tobias-Durchgang gegen Produktform, Warengruppe und realistischen Rostocker bzw. deutschen Einkaufsweg gegengeprüft; die finale Notiz muss den genannten konkreten Einkaufsweg einhalten.",ROUTE_VERIFIED
SUN_DRIED_TOMATO,Georgia,Obst-/Gemuesebereich,Konserven-/Feinkostregal fuer getrocknete Tomaten,SUN_DRIED_TOMATO wurde im Ausgangs-Notizlauf einer nicht zur kuratierten Produktform passenden Warengruppe zugeordnet; die finale Notiz muss den genannten konkreten Einkaufsweg verwenden.,ROUTE_VERIFIED
SUN_DRIED_TOMATO,Tobias,SEPARATE_PERSON_ROUTE_REVIEW,Konserven-/Feinkostregal fuer getrocknete Tomaten,"SUN_DRIED_TOMATO wurde im getrennten Tobias-Durchgang gegen Produktform, Warengruppe und realistischen Rostocker bzw. deutschen Einkaufsweg gegengeprüft; die finale Notiz muss den genannten konkreten Einkaufsweg einhalten.",ROUTE_VERIFIED
SWEETENERS,Georgia,SYSTEMATIC_PRODUCT_FORM_ROUTE_REVIEW,"Zucker-, Back-, Honig- und Sirupregal; offene Familie aus Zucker, Sirup, Honig und weiteren Suessungsmitteln erhalten","SWEETENERS wurde in der finalen Gegenprüfung gegen generische Regalpfade, Roh-Elternrouten und unzulässig verengte offene Formen geprüft.",ROUTE_VERIFIED
SWEETENERS,Tobias,SYSTEMATIC_PRODUCT_FORM_ROUTE_REVIEW,"Zucker-, Back-, Honig- und Sirupregal; offene Familie aus Zucker, Sirup, Honig und weiteren Suessungsmitteln erhalten","SWEETENERS wurde in der finalen Gegenprüfung gegen generische Regalpfade, Roh-Elternrouten und unzulässig verengte offene Formen geprüft.",ROUTE_VERIFIED
TARRAGON,Georgia,SEPARATE_OPEN_FORM_CONTROL,"Alle zugelassenen Produktformen beibehalten und den Einkaufsweg daran ausrichten: Estragonblätter mit anisartigem, leicht bitterem Aroma; frisch oder getrocknet verwendbar.",TARRAGON wurde im getrennten Georgia-Lauf als Gegenkontrolle auf dieselbe unzulässige Einzelform-Verengung geprüft.,ROUTE_VERIFIED
TARRAGON,Tobias,HEURISTIC_SINGLE_FORM_FROM_OPEN_PRODUCT_FORM,"Alle zugelassenen Produktformen beibehalten und den Einkaufsweg daran ausrichten: Estragonblätter mit anisartigem, leicht bitterem Aroma; frisch oder getrocknet verwendbar.","TARRAGON wurde im Tobias-Lauf trotz offener oder alternativer Produktform heuristisch auf eine einzelne frische, getrocknete, gemahlene oder konservierte Form verengt.",ROUTE_VERIFIED
THAI_GREEN_CURRY_PASTE,Georgia,Obst-/Gemuesebereich,Asia-/Wuerzpastenregal fuer gruene Currypaste,THAI_GREEN_CURRY_PASTE wurde im Ausgangs-Notizlauf einer nicht zur kuratierten Produktform passenden Warengruppe zugeordnet; die finale Notiz muss den genannten konkreten Einkaufsweg verwenden.,ROUTE_VERIFIED
THAI_GREEN_CURRY_PASTE,Tobias,SEPARATE_PERSON_ROUTE_REVIEW,Asia-/Wuerzpastenregal fuer gruene Currypaste,"THAI_GREEN_CURRY_PASTE wurde im getrennten Tobias-Durchgang gegen Produktform, Warengruppe und realistischen Rostocker bzw. deutschen Einkaufsweg gegengeprüft; die finale Notiz muss den genannten konkreten Einkaufsweg einhalten.",ROUTE_VERIFIED
THAI_RED_CURRY_PASTE,Georgia,Obst-/Gemuesebereich,Asia-/Wuerzpastenregal fuer rote Currypaste,THAI_RED_CURRY_PASTE wurde im Ausgangs-Notizlauf einer nicht zur kuratierten Produktform passenden Warengruppe zugeordnet; die finale Notiz muss den genannten konkreten Einkaufsweg verwenden.,ROUTE_VERIFIED
THAI_RED_CURRY_PASTE,Tobias,SEPARATE_PERSON_ROUTE_REVIEW,Asia-/Wuerzpastenregal fuer rote Currypaste,"THAI_RED_CURRY_PASTE wurde im getrennten Tobias-Durchgang gegen Produktform, Warengruppe und realistischen Rostocker bzw. deutschen Einkaufsweg gegengeprüft; die finale Notiz muss den genannten konkreten Einkaufsweg einhalten.",ROUTE_VERIFIED
THYME,Georgia,SEPARATE_OPEN_FORM_CONTROL,Alle zugelassenen Produktformen beibehalten und den Einkaufsweg daran ausrichten: Thymianblätter mit kräftig herb-würzigem Aroma; frisch oder getrocknet verwendbar.,THYME wurde im getrennten Georgia-Lauf als Gegenkontrolle auf dieselbe unzulässige Einzelform-Verengung geprüft.,ROUTE_VERIFIED
THYME,Tobias,HEURISTIC_SINGLE_FORM_FROM_OPEN_PRODUCT_FORM,Alle zugelassenen Produktformen beibehalten und den Einkaufsweg daran ausrichten: Thymianblätter mit kräftig herb-würzigem Aroma; frisch oder getrocknet verwendbar.,"THYME wurde im Tobias-Lauf trotz offener oder alternativer Produktform heuristisch auf eine einzelne frische, getrocknete, gemahlene oder konservierte Form verengt.",ROUTE_VERIFIED
TOFU,Georgia,Molkerei-/Kaesebereich,Vegetarische Kuehlware oder Asia-Sortiment fuer Tofu,TOFU wurde im Ausgangs-Notizlauf einer nicht zur kuratierten Produktform passenden Warengruppe zugeordnet; die finale Notiz muss den genannten konkreten Einkaufsweg verwenden.,ROUTE_VERIFIED
TOFU,Tobias,SEPARATE_PERSON_ROUTE_REVIEW,Vegetarische Kuehlware oder Asia-Sortiment fuer Tofu,"TOFU wurde im getrennten Tobias-Durchgang gegen Produktform, Warengruppe und realistischen Rostocker bzw. deutschen Einkaufsweg gegengeprüft; die finale Notiz muss den genannten konkreten Einkaufsweg einhalten.",ROUTE_VERIFIED
TOMATO,Georgia,SEPARATE_OPEN_FORM_CONTROL,"Alle zugelassenen Produktformen beibehalten und den Einkaufsweg daran ausrichten: Frische Tomate als saftig-säuerliches Fruchtgemüse; Sorte, Farbe und Größe bleiben offen.",TOMATO wurde im getrennten Georgia-Lauf als Gegenkontrolle auf dieselbe unzulässige Einzelform-Verengung geprüft.,ROUTE_VERIFIED
TOMATO,Tobias,HEURISTIC_SINGLE_FORM_FROM_OPEN_PRODUCT_FORM,"Alle zugelassenen Produktformen beibehalten und den Einkaufsweg daran ausrichten: Frische Tomate als saftig-säuerliches Fruchtgemüse; Sorte, Farbe und Größe bleiben offen.","TOMATO wurde im Tobias-Lauf trotz offener oder alternativer Produktform heuristisch auf eine einzelne frische, getrocknete, gemahlene oder konservierte Form verengt.",ROUTE_VERIFIED
TOMATO_PASSATA,Georgia,Obst-/Gemuesebereich,Konserven-/Saucenregal fuer passierte Tomaten,TOMATO_PASSATA wurde im Ausgangs-Notizlauf einer nicht zur kuratierten Produktform passenden Warengruppe zugeordnet; die finale Notiz muss den genannten konkreten Einkaufsweg verwenden.,ROUTE_VERIFIED
TOMATO_PASSATA,Tobias,SEPARATE_PERSON_ROUTE_REVIEW,Konserven-/Saucenregal fuer passierte Tomaten,"TOMATO_PASSATA wurde im getrennten Tobias-Durchgang gegen Produktform, Warengruppe und realistischen Rostocker bzw. deutschen Einkaufsweg gegengeprüft; die finale Notiz muss den genannten konkreten Einkaufsweg einhalten.",ROUTE_VERIFIED
TOMATO_PRODUCTS,Georgia,SYSTEMATIC_OPEN_FORM_AND_PARENT_ROUTE_REVIEW,"Tomatenkonserven-, Passata-, Mark- oder Saucenregal fuer verarbeitete Tomatenprodukte; keine Rohwarenroute","TOMATO_PRODUCTS wurde in der finalen Gegenprüfung auf Roh-Elternroute, unzulässige Einzelform und die korrekte verarbeitete beziehungsweise offene Produktform geprüft.",ROUTE_VERIFIED
TOMATO_PRODUCTS,Tobias,SYSTEMATIC_OPEN_FORM_AND_PARENT_ROUTE_REVIEW,"Tomatenkonserven-, Passata-, Mark- oder Saucenregal fuer verarbeitete Tomatenprodukte; keine Rohwarenroute","TOMATO_PRODUCTS wurde in der finalen Gegenprüfung auf Roh-Elternroute, unzulässige Einzelform und die korrekte verarbeitete beziehungsweise offene Produktform geprüft.",ROUTE_VERIFIED
TWAROG,Georgia,SEPARATE_OPEN_FORM_CONTROL,"Alle zugelassenen Produktformen beibehalten und den Einkaufsweg daran ausrichten: Polnischer frischer Sauermilch- oder Bruchkäse mit krümeligem bis cremigem Gefüge; Quark ist als Ersatz ähnlich, aber nicht identisch. Nicht mit körnigem Hüttenkäse gleichsetzen.",TWAROG wurde im getrennten Georgia-Lauf als Gegenkontrolle auf dieselbe unzulässige Einzelform-Verengung geprüft.,ROUTE_VERIFIED
TWAROG,Tobias,HEURISTIC_SINGLE_FORM_FROM_OPEN_PRODUCT_FORM,"Alle zugelassenen Produktformen beibehalten und den Einkaufsweg daran ausrichten: Polnischer frischer Sauermilch- oder Bruchkäse mit krümeligem bis cremigem Gefüge; Quark ist als Ersatz ähnlich, aber nicht identisch. Nicht mit körnigem Hüttenkäse gleichsetzen.","TWAROG wurde im Tobias-Lauf trotz offener oder alternativer Produktform heuristisch auf eine einzelne frische, getrocknete, gemahlene oder konservierte Form verengt.",ROUTE_VERIFIED
UBE,Georgia,SEPARATE_OPEN_FORM_CONTROL,"Alle zugelassenen Produktformen beibehalten und den Einkaufsweg daran ausrichten: Violette Yamswurzel mit mild-süßlichem, nussigem Aroma; frisch, tiefgekühlt oder als ungesüßtes Püree, nicht violette Süßkartoffel.",UBE wurde im getrennten Georgia-Lauf als Gegenkontrolle auf dieselbe unzulässige Einzelform-Verengung geprüft.,ROUTE_VERIFIED
UBE,Tobias,HEURISTIC_SINGLE_FORM_FROM_OPEN_PRODUCT_FORM,"Alle zugelassenen Produktformen beibehalten und den Einkaufsweg daran ausrichten: Violette Yamswurzel mit mild-süßlichem, nussigem Aroma; frisch, tiefgekühlt oder als ungesüßtes Püree, nicht violette Süßkartoffel.","UBE wurde im Tobias-Lauf trotz offener oder alternativer Produktform heuristisch auf eine einzelne frische, getrocknete, gemahlene oder konservierte Form verengt.",ROUTE_VERIFIED
UDON,Georgia,SEPARATE_OPEN_FORM_CONTROL,"Alle zugelassenen Produktformen beibehalten und den Einkaufsweg daran ausrichten: Dicke japanische Weizennudeln mit weichem, elastischem Biss; frisch, gefroren oder getrocknet verwendbar.",UDON wurde im getrennten Georgia-Lauf als Gegenkontrolle auf dieselbe unzulässige Einzelform-Verengung geprüft.,ROUTE_VERIFIED
UDON,Tobias,HEURISTIC_SINGLE_FORM_FROM_OPEN_PRODUCT_FORM,"Alle zugelassenen Produktformen beibehalten und den Einkaufsweg daran ausrichten: Dicke japanische Weizennudeln mit weichem, elastischem Biss; frisch, gefroren oder getrocknet verwendbar.","UDON wurde im Tobias-Lauf trotz offener oder alternativer Produktform heuristisch auf eine einzelne frische, getrocknete, gemahlene oder konservierte Form verengt.",ROUTE_VERIFIED
VEGETABLE_STOCK,Georgia,Obst-/Gemuesebereich,Bruehen-/Suppenregal fuer Gemuesefond oder Gemuesebruehe,VEGETABLE_STOCK wurde im Ausgangs-Notizlauf einer nicht zur kuratierten Produktform passenden Warengruppe zugeordnet; die finale Notiz muss den genannten konkreten Einkaufsweg verwenden.,ROUTE_VERIFIED
VEGETABLE_STOCK,Tobias,SEPARATE_PERSON_ROUTE_REVIEW,Bruehen-/Suppenregal fuer Gemuesefond oder Gemuesebruehe,"VEGETABLE_STOCK wurde im getrennten Tobias-Durchgang gegen Produktform, Warengruppe und realistischen Rostocker bzw. deutschen Einkaufsweg gegengeprüft; die finale Notiz muss den genannten konkreten Einkaufsweg einhalten.",ROUTE_VERIFIED
WAKAME,Georgia,Obst-/Gemuesebereich,Asia-/Trockenwarenregal fuer getrockneten Wakame,WAKAME wurde im Ausgangs-Notizlauf einer nicht zur kuratierten Produktform passenden Warengruppe zugeordnet; die finale Notiz muss den genannten konkreten Einkaufsweg verwenden.,ROUTE_VERIFIED
WAKAME,Tobias,SEPARATE_PERSON_ROUTE_REVIEW,Asia-/Trockenwarenregal fuer getrockneten Wakame,"WAKAME wurde im getrennten Tobias-Durchgang gegen Produktform, Warengruppe und realistischen Rostocker bzw. deutschen Einkaufsweg gegengeprüft; die finale Notiz muss den genannten konkreten Einkaufsweg einhalten.",ROUTE_VERIFIED
WATER_CHESTNUT,Georgia,SEPARATE_OPEN_FORM_CONTROL,"Alle zugelassenen Produktformen beibehalten und den Einkaufsweg daran ausrichten: Knackige unterirdische Sprossknollen der Wasserkastanie, frisch oder in Dose; botanisch keine Nuss.",WATER_CHESTNUT wurde im getrennten Georgia-Lauf als Gegenkontrolle auf dieselbe unzulässige Einzelform-Verengung geprüft.,ROUTE_VERIFIED
WATER_CHESTNUT,Tobias,HEURISTIC_SINGLE_FORM_FROM_OPEN_PRODUCT_FORM,"Alle zugelassenen Produktformen beibehalten und den Einkaufsweg daran ausrichten: Knackige unterirdische Sprossknollen der Wasserkastanie, frisch oder in Dose; botanisch keine Nuss.","WATER_CHESTNUT wurde im Tobias-Lauf trotz offener oder alternativer Produktform heuristisch auf eine einzelne frische, getrocknete, gemahlene oder konservierte Form verengt.",ROUTE_VERIFIED
WHEAT_PASTA,Georgia,SYSTEMATIC_OPEN_FORM_AND_PARENT_ROUTE_REVIEW,Nudel-/Teigwarenregal und je nach Auspraegung Kuehlung; frische oder getrocknete Form offenhalten,"WHEAT_PASTA wurde in der finalen Gegenprüfung auf Roh-Elternroute, unzulässige Einzelform und die korrekte verarbeitete beziehungsweise offene Produktform geprüft.",ROUTE_VERIFIED
WHEAT_PASTA,Tobias,SYSTEMATIC_OPEN_FORM_AND_PARENT_ROUTE_REVIEW,Nudel-/Teigwarenregal und je nach Auspraegung Kuehlung; frische oder getrocknete Form offenhalten,"WHEAT_PASTA wurde in der finalen Gegenprüfung auf Roh-Elternroute, unzulässige Einzelform und die korrekte verarbeitete beziehungsweise offene Produktform geprüft.",ROUTE_VERIFIED
WHITE_CHAMPIGNON,Georgia,Fleischtheke/Metzgereisortiment,Obst-/Gemuesebereich bzw. Pilzsortiment fuer weisse Champignons,WHITE_CHAMPIGNON wurde im Ausgangs-Notizlauf einer nicht zur kuratierten Produktform passenden Warengruppe zugeordnet; die finale Notiz muss den genannten konkreten Einkaufsweg verwenden.,ROUTE_VERIFIED
WHITE_CHAMPIGNON,Tobias,SEPARATE_PERSON_ROUTE_REVIEW,Obst-/Gemuesebereich bzw. Pilzsortiment fuer weisse Champignons,"WHITE_CHAMPIGNON wurde im getrennten Tobias-Durchgang gegen Produktform, Warengruppe und realistischen Rostocker bzw. deutschen Einkaufsweg gegengeprüft; die finale Notiz muss den genannten konkreten Einkaufsweg einhalten.",ROUTE_VERIFIED
WHITE_CHOCOLATE,Georgia,Molkerei-/Kaesebereich,Suesswaren-/Backregal fuer weisse Schokolade,WHITE_CHOCOLATE wurde im Ausgangs-Notizlauf einer nicht zur kuratierten Produktform passenden Warengruppe zugeordnet; die finale Notiz muss den genannten konkreten Einkaufsweg verwenden.,ROUTE_VERIFIED
WHITE_CHOCOLATE,Tobias,SEPARATE_PERSON_ROUTE_REVIEW,Suesswaren-/Backregal fuer weisse Schokolade,"WHITE_CHOCOLATE wurde im getrennten Tobias-Durchgang gegen Produktform, Warengruppe und realistischen Rostocker bzw. deutschen Einkaufsweg gegengeprüft; die finale Notiz muss den genannten konkreten Einkaufsweg einhalten.",ROUTE_VERIFIED
WHITE_PEPPER,Georgia,SYSTEMATIC_OPEN_FORM_AND_PARENT_ROUTE_REVIEW,"Gewuerzregal fuer getrockneten weissen Pfeffer, ganz oder gemahlen; keine Frischeabteilung","WHITE_PEPPER wurde in der finalen Gegenprüfung auf Roh-Elternroute, unzulässige Einzelform und die korrekte verarbeitete beziehungsweise offene Produktform geprüft.",ROUTE_VERIFIED
WHITE_PEPPER,Tobias,SYSTEMATIC_OPEN_FORM_AND_PARENT_ROUTE_REVIEW,"Gewuerzregal fuer getrockneten weissen Pfeffer, ganz oder gemahlen; keine Frischeabteilung","WHITE_PEPPER wurde in der finalen Gegenprüfung auf Roh-Elternroute, unzulässige Einzelform und die korrekte verarbeitete beziehungsweise offene Produktform geprüft.",ROUTE_VERIFIED
WHITE_WINE_VINEGAR,Georgia,Getraenke-/Weinregal,Essig-/Oel- oder Wuerzregal fuer Weissweinessig,WHITE_WINE_VINEGAR wurde im Ausgangs-Notizlauf einer nicht zur kuratierten Produktform passenden Warengruppe zugeordnet; die finale Notiz muss den genannten konkreten Einkaufsweg verwenden.,ROUTE_VERIFIED
WHITE_WINE_VINEGAR,Tobias,SEPARATE_PERSON_ROUTE_REVIEW,Essig-/Oel- oder Wuerzregal fuer Weissweinessig,"WHITE_WINE_VINEGAR wurde im getrennten Tobias-Durchgang gegen Produktform, Warengruppe und realistischen Rostocker bzw. deutschen Einkaufsweg gegengeprüft; die finale Notiz muss den genannten konkreten Einkaufsweg einhalten.",ROUTE_VERIFIED
WOOD_EAR,Georgia,Obst-/Gemuesebereich,Asia-/Trockenwarenregal fuer getrocknete Judasohren,WOOD_EAR wurde im Ausgangs-Notizlauf einer nicht zur kuratierten Produktform passenden Warengruppe zugeordnet; die finale Notiz muss den genannten konkreten Einkaufsweg verwenden.,ROUTE_VERIFIED
WOOD_EAR,Tobias,SEPARATE_PERSON_ROUTE_REVIEW,Asia-/Trockenwarenregal fuer getrocknete Judasohren,"WOOD_EAR wurde im getrennten Tobias-Durchgang gegen Produktform, Warengruppe und realistischen Rostocker bzw. deutschen Einkaufsweg gegengeprüft; die finale Notiz muss den genannten konkreten Einkaufsweg einhalten.",ROUTE_VERIFIED
YUZU,Georgia,SEPARATE_OPEN_FORM_CONTROL,"Alle zugelassenen Produktformen beibehalten und den Einkaufsweg daran ausrichten: Ostasiatische Zitrusfrucht mit intensiv floral-herbem Aroma; meist Saft und Schale, frisch oder ungesüßt konserviert.",YUZU wurde im getrennten Georgia-Lauf als Gegenkontrolle auf dieselbe unzulässige Einzelform-Verengung geprüft.,ROUTE_VERIFIED
YUZU,Tobias,HEURISTIC_SINGLE_FORM_FROM_OPEN_PRODUCT_FORM,"Alle zugelassenen Produktformen beibehalten und den Einkaufsweg daran ausrichten: Ostasiatische Zitrusfrucht mit intensiv floral-herbem Aroma; meist Saft und Schale, frisch oder ungesüßt konserviert.","YUZU wurde im Tobias-Lauf trotz offener oder alternativer Produktform heuristisch auf eine einzelne frische, getrocknete, gemahlene oder konservierte Form verengt.",ROUTE_VERIFIED
