"concept_code","display_name","review_applicability","product_form_basis","market_class","market_basis","proposed_availability","availability_note","evidence_requirement","evidence_search_terms","review_flags"
"ADZUKI_BEANS","Adzukibohnen","APPLICABLE","Kleine rote Bohnen mit mild-nussigem, leicht süßlichem Geschmack; getrocknet oder vorgegart verwendbar.","GENERAL_BROAD","Katalogpfad Bohnen → Hülsenfrüchte. Warengruppe Hülsenfrucht, formrelevanter Prüfhinweis aus der vollständigen Definition: »getrocknet oder vorgegart verwendbar«. Allgemein planbarer, aber nicht lokal garantierter Weg über einen vorbereiteten Einkauf im gut sortierten Bereich »Hülsenfrucht-, Konserven- oder Trockenwarenregal«.","PLANNED","Adzukibohnen sind in gut sortierten Vollsortimentern und im breiten deutschen Trockenwarenhandel planbar, lokal aber kein verlässlicher Standardartikel.","OPTIONAL","Adzukibohnen | Form: getrocknet oder vorgegart verwendbar | Bornheim gezielter Einkauf Deutschland Hülsenfrucht-, Konserven- oder Trockenwarenregal",""
"AGAVE_SYRUP","Agavendicksaft","APPLICABLE","Konzentrierter Sirup aus Agaven; süßt neutraler als Honig und bleibt auch kalt gut löslich.","GENERAL_LOCAL","Katalogpfad Sirup → Süßungsmittel. Warengruppe Süßungs- oder Kakaoware, formrelevanter Prüfhinweis aus der vollständigen Definition: »süßt neutraler als Honig und bleibt auch kalt gut löslich«. Regelweg in Bornheim über den lokalen Supermarktbereich »Backzutaten-, Süßwaren- oder Kakaoregal« in Bornheim.","EASY","Agavendicksaft: gewöhnlicher lokaler Bezugsweg über den Bereich »Backzutaten-, Süßwaren- oder Kakaoregal«.","OPTIONAL","Agavendicksaft | Form: süßt neutraler als Honig und bleibt auch kalt gut löslich | Bornheim Backzutaten-, Süßwaren- oder Kakaoregal gewöhnlicher Handel",""
"AIOLI","Aioli","APPLICABLE","Knoblauch-Öl-Emulsion nach Aioli-/Allioli-Art; traditionell ohne Ei möglich, moderne Varianten können Ei enthalten. Knoblauch und Öl sind definierend; nicht beliebige Mayonnaise mit Knoblaucharoma.","GENERAL_LOCAL","Katalogpfad fertige Sauce oder Würzpaste → Sauce, Würzmittel oder Paste. Warengruppe Sauce oder Würzpaste, formrelevanter Prüfhinweis aus der vollständigen Definition: »nicht beliebige Mayonnaise mit Knoblaucharoma«. Regelweg in Bornheim über das örtliche Sortiment »Saucen-, Würzpasten- und Feinkostregal« beim Wocheneinkauf in Bornheim.","EASY","Aioli: gewöhnlicher lokaler Bezugsweg über den Bereich »Saucen-, Würzpasten- und Feinkostregal«.","OPTIONAL","Aioli | Form: nicht beliebige Mayonnaise mit Knoblaucharoma | Bornheim Saucen-, Würzpasten- und Feinkostregal gewöhnlicher Handel",""
"AJVAR","Ajvar","APPLICABLE","Balkanische Paprikazubereitung aus gerösteter Paprika, häufig mit Aubergine; als fertige Würzpaste oder Beilage gemeint.","GENERAL_LOCAL","Katalogpfad Paprika → konservierte pflanzliche Zutat → fertige Sauce oder Würzpaste → Fruchtgemüse. Warengruppe Sauce oder Würzpaste, formrelevanter Prüfhinweis aus der vollständigen Definition: »als fertige Würzpaste oder Beilage gemeint«. Regelweg in Bornheim über den regulären Bornheimer Regalweg »Saucen-, Würzpasten- und Feinkostregal«.","EASY","Ajvar: gewöhnlicher lokaler Bezugsweg über den Bereich »Saucen-, Würzpasten- und Feinkostregal«.","OPTIONAL","Ajvar | Form: als fertige Würzpaste oder Beilage gemeint | Bornheim Saucen-, Würzpasten- und Feinkostregal gewöhnlicher Handel","RATING_RECONCILED_V2"
"AJWAIN","Ajwain","APPLICABLE","Kräftig thymianartig schmeckende Samenfrucht, die meist sparsam und häufig angeröstet als Gewürz verwendet wird.","SPECIALTY_BROAD","Katalogpfad Gewürz oder trockenes Würzmittel. Warengruppe Gewürz, formrelevanter Prüfhinweis aus der vollständigen Definition: »sparsam und häufig angeröstet als Gewürz verwendet wird«. Breiter einschlägiger Spezialmarkt über die voneinander unabhängigen Händler Sairas – TRS Ajwain Seeds sowie AsianBrand – Ajwain/Ajowan.","SPECIALTY","Ajwain ist als ganze Samen im indisch geprägten Gewürzhandel breit etabliert, im allgemeinen Handel aber kein Standardartikel.","REQUIRED","Ajwain | Form: sparsam und häufig angeröstet als Gewürz verwendet wird | Deutschland unabhängige Spezialhändler Gewürz | geprüfte Quellen: Sairas – TRS Ajwain Seeds ; AsianBrand – Ajwain/Ajowan","EVIDENCE_REQUIRED"
"ALFALFA_SPROUTS","Alfalfasprossen","APPLICABLE","Zarte Luzernensprossen mit mild-grünem Geschmack; vor allem roh oder nur sehr kurz erhitzt verwendbar.","GENERAL_BROAD","Katalogpfad Sprossen → Gemüse. Warengruppe Gemüse oder Pilz, formrelevanter Prüfhinweis aus der vollständigen Definition: »vor allem roh oder nur sehr kurz erhitzt verwendbar«. Für Georgia führt der formgenaue Weg vom Bornheimer Standort über „Obst- und Gemüseabteilung mit vorab zu prüfendem Filialbestand“.","PLANNED","Frische Alfalfasprossen sind über gut sortierte Gemüseabteilungen planbar; der konkrete Filialbestand muss vor dem Einkauf geprüft werden.","OPTIONAL","Alfalfasprossen | Form: vor allem roh oder nur sehr kurz erhitzt verwendbar | Bornheim gezielter Einkauf Deutschland Obst- und Gemüseabteilung",""
"ALIGUE","Aligue","APPLICABLE","Philippinische Würzpaste aus ausgelassenem Krabbenfett mit intensiv meeresfruchtig-röstigem Aroma; meist sparsam zum Aromatisieren verwendet.","NICHE_IMPORT","Katalogpfad fertige Sauce oder Würzpaste → Sauce, Würzmittel oder Paste. Warengruppe Sauce oder Würzpaste, formrelevanter Prüfhinweis aus der vollständigen Definition: »meist sparsam zum Aromatisieren verwendet«. Der v2-Anker hält den Engpass fest: Sehr enger philippinischer Nischenimport kein robuster deutscher Spezialmarkt.","DIFFICULT","Aligue bleibt auf wenige philippinische Importwege beschränkt; Sortiment und Bestand sind nicht robust wiederholbar.","REQUIRED","Aligue | Form: meist sparsam zum Aromatisieren verwendet | Deutschland EU Exakttreffer Bestand Logistik Sauce oder Würzpaste | freigegebener v2-Anker","REFERENCE_ANCHOR|EVIDENCE_REQUIRED|FORM_OR_ROUTE_FRAGILE"
"ALLIUM_VEGETABLES","Lauch- und Zwiebelgemüse","APPLICABLE","Offene Vorgabe für Zwiebel-, Lauch- und verwandte Gemüsearten mit schwefelig-aromatischer Würzwirkung.","GENERAL_LOCAL","Katalogpfad Gemüse. Warengruppe Gemüse oder Pilz, formrelevanter Prüfhinweis aus der vollständigen Definition: »Zwiebel-, Lauch- und verwandte Gemüsearten mit schwefelig-aromatischer Würzwirkung«. Regelweg in Bornheim über ortsübliche Vollsortimenter rund um Bornheim, konkret im Bereich »Obst- und Gemüseabteilung«.","EASY","Lauch- und Zwiebelgemüse: gewöhnlicher lokaler Bezugsweg über den Bereich »Obst- und Gemüseabteilung«.","OPTIONAL","Lauch- und Zwiebelgemüse | Form: Zwiebel-, Lauch- und verwandte Gemüsearten mit schwefelig-aromatischer Würzwirkung | Bornheim Obst- und Gemüseabteilung gewöhnlicher Handel",""
"ALLSPICE","Piment","APPLICABLE","Getrocknete Pimentbeeren mit Aromen, die an Nelke, Zimt und Muskat erinnern; nicht mit einer Gewürzmischung verwechseln.","GENERAL_LOCAL","Katalogpfad Gewürz oder trockenes Würzmittel. Warengruppe Gewürz, formrelevanter Prüfhinweis aus der vollständigen Definition: »nicht mit einer Gewürzmischung verwechseln«. Regelweg in Bornheim über ortsübliche Vollsortimenter rund um Bornheim, konkret im Bereich »Gewürz- und Trockenwürzregal«.","EASY","Piment: gewöhnlicher lokaler Bezugsweg über den Bereich »Gewürz- und Trockenwürzregal«.","OPTIONAL","Piment | Form: nicht mit einer Gewürzmischung verwechseln | Bornheim Gewürz- und Trockenwürzregal gewöhnlicher Handel",""
"ALMOND","Mandeln","APPLICABLE","Mandeln mit mild-nussigem Geschmack; ganz, gehackt, gemahlen oder blanchiert einsetzbar.","GENERAL_LOCAL","Katalogpfad Nüsse. Warengruppe Nuss, Saat oder Mus, formrelevanter Prüfhinweis aus der vollständigen Definition: »ganz, gehackt, gemahlen oder blanchiert einsetzbar«. Regelweg in Bornheim über das örtliche Sortiment »Nuss-, Saaten- oder Nussmusregal« beim Wocheneinkauf in Bornheim.","EASY","Mandeln: gewöhnlicher lokaler Bezugsweg über den Bereich »Nuss-, Saaten- oder Nussmusregal«.","OPTIONAL","Mandeln | Form: ganz, gehackt, gemahlen oder blanchiert einsetzbar | Bornheim Nuss-, Saaten- oder Nussmusregal gewöhnlicher Handel",""
"ALMOND_BUTTER","Mandelmus","APPLICABLE","Fein vermahlene Mandelpaste, ungesüßt oder leicht gesüßt; nicht Marzipan oder bloßes Mandelaroma.","GENERAL_BROAD","Katalogpfad Mandeln → Nuss- oder Samenpaste → Nüsse → Sauce, Würzmittel oder Paste. Warengruppe Nuss- oder Saatenpaste, formrelevanter Prüfhinweis aus der vollständigen Definition: »nicht Marzipan oder bloßes Mandelaroma«. Allgemein planbarer, aber nicht lokal garantierter Weg über einen vorbereiteten Einkauf im gut sortierten Bereich »Aufstrich-, Nussmus- oder Feinkostregal«.","PLANNED","Mandelmus ist über einen vorbereiteten Einkauf im gut sortierten Bereich »Aufstrich-, Nussmus- oder Feinkostregal« im allgemeinen deutschen Handel planbar, lokal aber kein verlässlicher Standardartikel.","OPTIONAL","Mandelmus | Form: nicht Marzipan oder bloßes Mandelaroma | Bornheim gezielter Einkauf Deutschland Aufstrich-, Nussmus- oder Feinkostregal",""
"ALMOND_DRINK","Mandeldrink","APPLICABLE","Flüssiger Pflanzendrink auf Mandelbasis; gesüßte und ungesüßte Varianten sind umfasst.","GENERAL_LOCAL","Katalogpfad pflanzlicher Drink. Warengruppe Pflanzendrink, formrelevanter Prüfhinweis aus der vollständigen Definition: »gesüßte und ungesüßte Varianten sind umfasst«. Regelweg in Bornheim über nahe Supermarktfilialen in Bornheim mit dem Bereich »Regal für haltbare oder gekühlte Pflanzendrinks«.","EASY","Mandeldrink: gewöhnlicher lokaler Bezugsweg über den Bereich »Regal für haltbare oder gekühlte Pflanzendrinks«.","OPTIONAL","Mandeldrink | Form: gesüßte und ungesüßte Varianten sind umfasst | Bornheim Regal für haltbare oder gekühlte Pflanzendrinks gewöhnlicher Handel",""
"AMARANTH","Amaranth","APPLICABLE","Kleine glutenfreie Pseudogetreidekörner mit leicht nussigem Geschmack; ganz gekocht oder gepufft verwendbar.","GENERAL_BROAD","Katalogpfad Getreide oder Pseudogetreide → stärkehaltige Zutat oder Sättigungsbeilage. Warengruppe Getreide- oder Stärkeware, formrelevanter Prüfhinweis aus der vollständigen Definition: »ganz gekocht oder gepufft verwendbar«. Allgemein planbarer, aber nicht lokal garantierter Weg über eine gezielte Filial- oder Bestellprüfung für Getreide- oder Stärkeware im allgemeinen deutschen Handel.","PLANNED","Amaranth ist über eine gezielte Filial- oder Bestellprüfung für Getreide- oder Stärkeware im allgemeinen deutschen Handel planbar, lokal aber kein verlässlicher Standardartikel.","OPTIONAL","Amaranth | Form: ganz gekocht oder gepufft verwendbar | Bornheim gezielter Einkauf Deutschland Reis-, Mehl-, Nudel- oder Trockenwarenregal",""
"ANCHO_CHILI","Ancho-Chili","APPLICABLE","Getrocknete reife Poblano-Chili mit milder Schärfe und fruchtig-rosinigem Aroma; nicht die frische grüne Poblano.","SPECIALTY_BROAD","Katalogpfad getrocknete Chili → Gewürz oder trockenes Würzmittel. Warengruppe Gewürz, formrelevanter Prüfhinweis aus der vollständigen Definition: »nicht die frische grüne Poblano«. Breiter einschlägiger Spezialmarkt über die voneinander unabhängigen Händler MTG Gewürze – Ancho Chili sowie Hola Mexico – mexikanischer Fachhandel.","SPECIALTY","Ancho-Chili ist im einschlägigen Spezialmarkt breit etabliert; dokumentierte reguläre Wege sind die voneinander unabhängigen Händler MTG Gewürze – Ancho Chili sowie Hola Mexico – mexikanischer Fachhandel.","REQUIRED","Ancho-Chili | Form: nicht die frische grüne Poblano | Deutschland unabhängige Spezialhändler Gewürz | geprüfte Quellen: MTG Gewürze – Ancho Chili ; Hola Mexico – mexikanischer Fachhandel","EVIDENCE_REQUIRED"
"ANCHOVIES","Sardellen","APPLICABLE","Kleine fettreiche Fische, als Kochzutat meist gesalzen und in Öl oder Lake konserviert; lösen sich beim Garen oft würzend auf.","GENERAL_LOCAL","Katalogpfad fettreicher Fisch → Fisch → Fisch und Meeresfrüchte. Warengruppe konservierter Fisch, formrelevanter Prüfhinweis aus der vollständigen Definition: »lösen sich beim Garen oft würzend auf«. Regelweg in Bornheim über den Bereich »Fischkonserven- oder internationales Trockenwarenregal« eines gewöhnlichen Bornheimer Vollsortimenters.","EASY","Sardellen: gewöhnlicher lokaler Bezugsweg über den Bereich »Fischkonserven- oder internationales Trockenwarenregal«.","OPTIONAL","Sardellen | Form: lösen sich beim Garen oft würzend auf | Bornheim Fischkonserven- oder internationales Trockenwarenregal gewöhnlicher Handel","RATING_RECONCILED_V2"
"ANNATTO","Annatto","APPLICABLE","Samen des Achiote-Strauchs, die Speisen orange-rot färben und mild erdig-pfeffrig würzen; ganz oder gemahlen verwendbar.","SPECIALTY_BROAD","Katalogpfad Gewürz oder trockenes Würzmittel. Warengruppe Gewürz, formrelevanter Prüfhinweis aus der vollständigen Definition: »ganz oder gemahlen verwendbar«. Breiter einschlägiger Spezialmarkt über die voneinander unabhängigen Händler My Asia Shop – Annatto Samen sowie Asia4Friends – Gewürze.","SPECIALTY","Annatto ist im einschlägigen Spezialmarkt breit etabliert; dokumentierte reguläre Wege sind die voneinander unabhängigen Händler My Asia Shop – Annatto Samen sowie Asia4Friends – Gewürze.","REQUIRED","Annatto | Form: ganz oder gemahlen verwendbar | Deutschland unabhängige Spezialhändler Gewürz | geprüfte Quellen: My Asia Shop – Annatto Samen ; Asia4Friends – Gewürze","EVIDENCE_REQUIRED"
"APPLE","Apfel","APPLICABLE","Apfel als frische Frucht; Sorte und Verhältnis von Süße, Säure und Festigkeit bleiben offen.","GENERAL_LOCAL","Katalogpfad Kernobst → Obst. Warengruppe Obst, formrelevanter Prüfhinweis aus der vollständigen Definition: »Sorte und Verhältnis von Süße, Säure und Festigkeit bleiben offen«. Regelweg in Bornheim über den lokalen Supermarktbereich »Obst- und Gemüseabteilung« in Bornheim.","EASY","Apfel: gewöhnlicher lokaler Bezugsweg über den Bereich »Obst- und Gemüseabteilung«.","OPTIONAL","Apfel | Form: Sorte und Verhältnis von Süße, Säure und Festigkeit bleiben offen | Bornheim Obst- und Gemüseabteilung gewöhnlicher Handel",""
"APPLE_CIDER_VINEGAR","Apfelessig","APPLICABLE","Aus Apfelwein vergorener Essig mit fruchtiger Säure; nicht Apfelsaft oder Cider.","GENERAL_LOCAL","Katalogpfad Essig. Warengruppe Speiseessig, formrelevanter Prüfhinweis aus der vollständigen Definition: »nicht Apfelsaft oder Cider«. Regelweg in Bornheim über den regulären Bornheimer Regalweg »Essig- und Ölregal«.","EASY","Apfelessig: gewöhnlicher lokaler Bezugsweg über den Bereich »Essig- und Ölregal«.","OPTIONAL","Apfelessig | Form: nicht Apfelsaft oder Cider | Bornheim Essig- und Ölregal gewöhnlicher Handel",""
"APRICOT","Aprikose","APPLICABLE","Aprikose als frische oder ungesüßt tiefgekühlte Steinfrucht mit süß-säuerlichem, aromatischem Fruchtfleisch.","GENERAL_LOCAL","Katalogpfad Steinobst → Obst. Warengruppe Obst, formrelevanter Prüfhinweis aus der vollständigen Definition: »oder ungesüßt tiefgekühlte Steinfrucht mit süß-säuerlichem, aromatischem Fruchtfleisch«. Regelweg in Bornheim über den regulären Bornheimer Regalweg »Obst- und Gemüseabteilung«.","EASY","Aprikose: gewöhnlicher lokaler Bezugsweg über den Bereich »Obst- und Gemüseabteilung«.","OPTIONAL","Aprikose | Form: oder ungesüßt tiefgekühlte Steinfrucht mit süß-säuerlichem, aromatischem Fruchtfleisch | Bornheim Obst- und Gemüseabteilung gewöhnlicher Handel",""
"AQUAVIT","Aquavit","APPLICABLE","Mit Kümmel, Dill oder anderen Gewürzen aromatisierte skandinavische Spirituose, die sich auch zum Würzen beim Kochen eignet; nicht auf eine Marke oder ein nationales Rezept beschränkt.","GENERAL_BROAD","Kräuter-Kornspirituose im allgemeinen Deutschlandversand; Conalco führt O.P. Anderson Dill Bio mit Dill und Kümmel lagernd und kurzfristig lieferbar, während ein regulärer Bornheimer Spirituosenbestand nicht vorausgesetzt wird.","PLANNED","Aquavit: Kräuter-Kornspirituose im allgemeinen Deutschlandversand; Conalco führt O.P. Anderson Dill Bio mit Dill und Kümmel lagernd und kurzfristig lieferbar, während ein regulärer Bornheimer Spirituosenbestand nicht vorausgesetzt wird.","REQUIRED","O.P. Anderson Aquavit Dill Kümmel Bio Conalco Lager Deutschlandversand","EVIDENCE_REQUIRED|BORDERLINE_PLANNED"
"ARTICHOKE","Artischocke","APPLICABLE","Essbare Blütenknospe mit fleischigem Boden und herb-nussigem Geschmack; frisch oder schlicht konserviert verwendbar.","GENERAL_BROAD","Rapunzel Onlineshop – Artischockenherzen in Lake 200 g belegt formgenau: Rapunzels eigener Shop führt halbierte oder geviertelte Artischockenherzen in Wasser, Apfelessig und Salz als sofort verfügbare 200-g-Glasware. Für Georgia in Bornheim gilt: Deutschlandweiter Standardversand nach Bornheim und Rostock; 1–3 Werktage; Logistik STANDARD_SHIPPING. Belegt ist die schlicht konservierte Form, nicht die saisonale frische Knospe; nach Öffnung muss das Glas gekühlt werden.","PLANNED","Artischocke: Rapunzels eigener Shop führt halbierte oder geviertelte Artischockenherzen in Wasser, Apfelessig und Salz als sofort verfügbare 200-g-Glasware.","OPTIONAL","Artischockenherzen Lake 200 g Rapunzel sofort verfügbar Deutschland | Georgia in Bornheim | IN_STOCK STANDARD_SHIPPING",""
"ARUGULA","Rucola","APPLICABLE","Pfeffrig-scharfer Blattsalat, auch Rauke genannt; roh oder kurz zusammenfallend einsetzbar.","GENERAL_LOCAL","Katalogpfad Blattsalat → Blattgemüse → Gemüse. Warengruppe Gemüse oder Pilz, formrelevanter Prüfhinweis aus der vollständigen Definition: »roh oder kurz zusammenfallend einsetzbar«. Regelweg in Bornheim über ortsübliche Vollsortimenter rund um Bornheim, konkret im Bereich »Obst- und Gemüseabteilung«.","EASY","Rucola: gewöhnlicher lokaler Bezugsweg über den Bereich »Obst- und Gemüseabteilung«.","OPTIONAL","Rucola | Form: roh oder kurz zusammenfallend einsetzbar | Bornheim Obst- und Gemüseabteilung gewöhnlicher Handel",""
"ASPARAGUS","Spargel","APPLICABLE","Spargel als offene Farb- und Sortenwahl; grüner und weißer Spargel sind bekannte Ausprägungen mit unterschiedlicher Zubereitung.","GENERAL_LOCAL","Katalogpfad Stängelgemüse → Gemüse. Warengruppe Gemüse oder Pilz, formrelevanter Prüfhinweis aus der vollständigen Definition: »grüner und weißer Spargel sind bekannte Ausprägungen mit unterschiedlicher Zubereitung«. Regelweg in Bornheim über den regulären Bornheimer Regalweg »Obst- und Gemüseabteilung«.","EASY","Spargel: gewöhnlicher lokaler Bezugsweg über den Bereich »Obst- und Gemüseabteilung«.","OPTIONAL","Spargel | Form: grüner und weißer Spargel sind bekannte Ausprägungen mit unterschiedlicher Zubereitung | Bornheim Obst- und Gemüseabteilung gewöhnlicher Handel",""
"AVOCADO","Avocado","APPLICABLE","Cremige, fettreiche Frucht mit mild-nussigem Geschmack; gemeint ist das Fruchtfleisch, nicht Avocadoöl.","GENERAL_LOCAL","Katalogpfad Tropenfrucht → Obst. Warengruppe Obst, formrelevanter Prüfhinweis aus der vollständigen Definition: »gemeint ist das Fruchtfleisch, nicht Avocadoöl«. Regelweg in Bornheim über ortsübliche Vollsortimenter rund um Bornheim, konkret im Bereich »Obst- und Gemüseabteilung«.","EASY","Avocado: gewöhnlicher lokaler Bezugsweg über den Bereich »Obst- und Gemüseabteilung«.","OPTIONAL","Avocado | Form: gemeint ist das Fruchtfleisch, nicht Avocadoöl | Bornheim Obst- und Gemüseabteilung gewöhnlicher Handel",""
"BACON","Bacon","APPLICABLE","Gepökelter, meist geräucherter Schweinebauch nach Bacon-Art; Scheibendicke und Räucherung können variieren.","GENERAL_LOCAL","Katalogpfad gepökeltes oder luftgetrocknetes Fleisch → Schweinefleisch → Fleisch. Warengruppe Wurst oder Pökelfleisch, formrelevanter Prüfhinweis aus der vollständigen Definition: »Scheibendicke und Räucherung können variieren«. Regelweg in Bornheim über den Bereich »Wurstkühlung oder Bedientheke« eines gewöhnlichen Bornheimer Vollsortimenters.","EASY","Bacon: gewöhnlicher lokaler Bezugsweg über den Bereich »Wurstkühlung oder Bedientheke«.","OPTIONAL","Bacon | Form: Scheibendicke und Räucherung können variieren | Bornheim Wurstkühlung oder Bedientheke gewöhnlicher Handel",""
"BAGOONG","Bagoong","APPLICABLE","Offene philippinische Familie salzig-fermentierter Fisch- oder Garnelenwürzen; die konkrete tierische Basis bleibt wählbar.","NICHE_IMPORT","Katalogpfad fermentierte Würzzutat → fertige Sauce oder Würzpaste → Sauce, Würzmittel oder Paste. Warengruppe Sauce oder Würzpaste, formrelevanter Prüfhinweis aus der vollständigen Definition: »die konkrete tierische Basis bleibt wählbar«. Der v2-Anker hält den Engpass fest: Trotz mehrerer Listings bleibt der Markt überwiegend auf philippinische beziehungsweise eng importierende Händler beschränkt kein breiter allgemeiner Asia-Spezialmarkt.","DIFFICULT","Bagoong bleibt auf wenige philippinische Importhändler beschränkt; mehrere Listings bilden noch keinen breiten allgemeinen Asia-Spezialmarkt.","REQUIRED","Bagoong | Form: die konkrete tierische Basis bleibt wählbar | Deutschland EU Exakttreffer Bestand Logistik Sauce oder Würzpaste | freigegebener v2-Anker","REFERENCE_ANCHOR|EVIDENCE_REQUIRED|FORM_OR_ROUTE_FRAGILE"
"BAGOONG_ALAMANG","Bagoong alamang","APPLICABLE","Philippinische salzig-fermentierte Würzpaste aus kleinen Garnelen oder Krill; kräftig umamireich und nicht mit fischbasiertem Bagoong gleichzusetzen.","NICHE_IMPORT","Katalogpfad Bagoong → Garnelenpaste → fermentierte Würzzutat → fertige Sauce oder Würzpaste. Warengruppe Sauce oder Würzpaste, formrelevanter Prüfhinweis aus der vollständigen Definition: »kräftig umamireich und nicht mit fischbasiertem Bagoong gleichzusetzen«. Der v2-Anker hält den Engpass fest: Mehrere Angebote stammen aus engem philippinischem Importmarkt Varianten und Bestände sind nicht mit breiter Spezialmarktpräsenz gleichzusetzen.","DIFFICULT","Bagoong alamang bleibt auf wenige philippinische Importhändler mit wechselnden Varianten und Beständen beschränkt.","REQUIRED","Bagoong alamang | Form: kräftig umamireich und nicht mit fischbasiertem Bagoong gleichzusetzen | Deutschland EU Exakttreffer Bestand Logistik Sauce oder Würzpaste | freigegebener v2-Anker","REFERENCE_ANCHOR|EVIDENCE_REQUIRED|FORM_OR_ROUTE_FRAGILE"
"BAGOONG_ISDA","Bagoong isda","APPLICABLE","Philippinische salzig-fermentierte Würzzutat auf Fischbasis; Fischart und flüssige oder pastöse Konsistenz können regional variieren.","NICHE_IMPORT","Katalogpfad Bagoong → fermentierte Würzzutat → fertige Sauce oder Würzpaste → Sauce, Würzmittel oder Paste. Warengruppe Sauce oder Würzpaste, formrelevanter Prüfhinweis aus der vollständigen Definition: »Fischart und flüssige oder pastöse Konsistenz können regional variieren«. Der v2-Anker hält den Engpass fest: Fischbasiertes Bagoong ist enger als die bereits nischige Garnelenform wenige nationale Importwege und hohe Formverwechslungsgefahr.","DIFFICULT","Fischbasiertes Bagoong ist nur über wenige philippinische Importwege belegt; regionale Varianten erhöhen die Formverwechslungsgefahr.","REQUIRED","Bagoong isda | Form: Fischart und flüssige oder pastöse Konsistenz können regional variieren | Deutschland EU Exakttreffer Bestand Logistik Sauce oder Würzpaste | freigegebener v2-Anker","REFERENCE_ANCHOR|EVIDENCE_REQUIRED|FORM_OR_ROUTE_FRAGILE"
"BAGUETTE","Baguette","APPLICABLE","Langes französisches Weizenbrot mit kräftiger Kruste und luftiger Krume; nicht beliebiges Weißbrot.","GENERAL_LOCAL","Frisches oder aufgebackenes Baguette liegt im Brot- und Backwarenbereich gewöhnlicher Bornheimer Vollsortimenter, an Backstation oder Bäckereitheke.","EASY","Baguette: Frisches oder aufgebackenes Baguette liegt im Brot- und Backwarenbereich gewöhnlicher Bornheimer Vollsortimenter, an Backstation oder Bäckereitheke.","OPTIONAL","Bornheim Vollsortimenter Baguette Backstation Bäckereitheke Brotregal",""
"BAKED_GOODS","Backware","NOT_APPLICABLE_STRUCTURE","","","","","","","",""
"BALSAMIC_VINEGAR","Balsamico","APPLICABLE","Dunkler, süß-säuerlicher Essig nach Balsamico-Art auf Traubenbasis; Reifegrad und Dichte können variieren.","GENERAL_LOCAL","Katalogpfad Essig. Warengruppe Speiseessig, formrelevanter Prüfhinweis aus der vollständigen Definition: »Reifegrad und Dichte können variieren«. Regelweg in Bornheim über den Bereich »Essig- und Ölregal« eines gewöhnlichen Bornheimer Vollsortimenters.","EASY","Balsamico: gewöhnlicher lokaler Bezugsweg über den Bereich »Essig- und Ölregal«.","OPTIONAL","Balsamico | Form: Reifegrad und Dichte können variieren | Bornheim Essig- und Ölregal gewöhnlicher Handel",""
"BAMBOO_SHOOTS","Bambussprossen","APPLICABLE","Junge essbare Bambussprossen mit mildem Geschmack und knackigem Biss; in Deutschland meist vorgegart in Dose oder Glas erhältlich.","GENERAL_BROAD","Katalogpfad Stängelgemüse → Gemüse. Warengruppe konservierte Pflanzenware, formrelevanter Prüfhinweis aus der vollständigen Definition: »in Deutschland meist vorgegart in Dose oder Glas erhältlich«. Allgemein planbarer, aber nicht lokal garantierter Weg über eine gezielte Filial- oder Bestellprüfung für konservierte Pflanzenware im allgemeinen deutschen Handel.","PLANNED","Bambussprossen ist über eine gezielte Filial- oder Bestellprüfung für konservierte Pflanzenware im allgemeinen deutschen Handel planbar, lokal aber kein verlässlicher Standardartikel.","OPTIONAL","Bambussprossen | Form: in Deutschland meist vorgegart in Dose oder Glas erhältlich | Bornheim gezielter Einkauf Deutschland Konserven-, Glas- oder internationales Feinkostregal",""
"BANANA","Banane","APPLICABLE","Reife Dessertbanane mit weichem, süßem Fruchtfleisch; nicht stärkehaltige Kochbanane.","GENERAL_LOCAL","Katalogpfad Tropenfrucht → Obst. Warengruppe Obst, formrelevanter Prüfhinweis aus der vollständigen Definition: »nicht stärkehaltige Kochbanane«. Regelweg in Bornheim über nahe Supermarktfilialen in Bornheim mit dem Bereich »Obst- und Gemüseabteilung«.","EASY","Banane: gewöhnlicher lokaler Bezugsweg über den Bereich »Obst- und Gemüseabteilung«.","OPTIONAL","Banane | Form: nicht stärkehaltige Kochbanane | Bornheim Obst- und Gemüseabteilung gewöhnlicher Handel",""
"BANANA_BLOSSOM","Bananenblüte","APPLICABLE","Essbare Bananenblüte mit faserigem Biss und mild herb-adstringierendem Geschmack; frisch oder schlicht konserviert für Salate, Suppen und Gemüsegerichte. Nicht Bananenfrucht oder bloß dekorative Blüte.","SPECIALTY_BROAD","Katalogpfad Blütengemüse → Gemüse. Warengruppe Gemüse oder Pilz, formrelevanter Prüfhinweis aus der vollständigen Definition: »Nicht Bananenfrucht oder bloß dekorative Blüte«. Breiter einschlägiger Spezialmarkt über den freigegebenen v2-Anker mit dem Kerngrund »Konservierte Ware ist bei vielen breit aufgestellten Asia-Händlern regulär erhältlich«.","SPECIALTY","Bananenblüte: Konservierte Ware ist bei vielen breit aufgestellten Asia-Händlern regulär erhältlich.","REQUIRED","Bananenblüte | Form: Nicht Bananenfrucht oder bloß dekorative Blüte | Deutschland unabhängige Spezialhändler Gemüse oder Pilz | freigegebener v2-Anker","REFERENCE_ANCHOR|EVIDENCE_REQUIRED"
"BANANA_KETCHUP","Bananenketchup","APPLICABLE","Filipinische süß-säuerliche Würzsauce auf Bananenbasis, typischerweise tomatenketchupähnlich gewürzt und gefärbt.","SPECIALTY_BROAD","Katalogpfad fertige Sauce oder Würzpaste → Sauce, Würzmittel oder Paste. Warengruppe Sauce oder Würzpaste, formrelevanter Prüfhinweis aus der vollständigen Definition: »süß-säuerliche Würzsauce auf Bananenbasis, typischerweise tomatenketchupähnlich gewürzt und gefärbt«. Breiter einschlägiger Spezialmarkt über die voneinander unabhängigen Händler PinoyFood – UFC Banana Sauce Sweet & Spicy sowie Asia Foodstore – UFC Banana Sauce.","SPECIALTY","Bananenketchup ist im einschlägigen Spezialmarkt breit etabliert; dokumentierte reguläre Wege sind die voneinander unabhängigen Händler PinoyFood – UFC Banana Sauce Sweet & Spicy sowie Asia Foodstore – UFC Banana Sauce.","REQUIRED","Bananenketchup | Form: süß-säuerliche Würzsauce auf Bananenbasis, typischerweise tomatenketchupähnlich gewürzt und gefärbt | Deutschland unabhängige Spezialhändler Sauce oder Würzpaste | geprüfte Quellen: PinoyFood – UFC Banana Sauce Sweet & Spicy ; Asia Foodstore – UFC Banana Sauce","EVIDENCE_REQUIRED|FORM_OR_ROUTE_FRAGILE|RATING_RECONCILED_V2"
"BANANA_LEAVES","Bananenblätter","APPLICABLE","Große Bananenblätter als aromatisierende Hülle oder Unterlage zum Dämpfen, Kochen und Grillen; frisch oder tiefgekühlt verwendbar. Sie werden nicht als Blattgemüse gegessen und sind keine Konkretisierung der Bananenfrucht.","SPECIALTY_BROAD","Katalogpfad Kräuter und Würzblätter. Warengruppe frisches Würzkraut, formrelevanter Prüfhinweis aus der vollständigen Definition: »Sie werden nicht als Blattgemüse gegessen und sind keine Konkretisierung der Bananenfrucht«. Breiter einschlägiger Spezialmarkt über den freigegebenen v2-Anker mit dem Kerngrund »Frisch oder TK bei mehreren breit aufgestellten Asia-Händlern üblich lokale Zufallsfunde ändern die Marktklasse nicht«.","SPECIALTY","Bananenblätter: Frisch oder TK bei mehreren breit aufgestellten Asia-Händlern üblich; lokale Zufallsfunde ändern die Marktklasse nicht.","REQUIRED","Bananenblätter | Form: Sie werden nicht als Blattgemüse gegessen und sind keine Konkretisierung der Bananenfrucht | Deutschland unabhängige Spezialhändler frisches Würzkraut | freigegebener v2-Anker","REFERENCE_ANCHOR|EVIDENCE_REQUIRED"
"BARBECUE_SAUCE","Barbecuesauce","APPLICABLE","Fertige kräftig gewürzte Sauce nach Barbecue-Art; Süße, Rauchigkeit, Säure und Schärfe können deutlich variieren.","GENERAL_LOCAL","Katalogpfad fertige Sauce oder Würzpaste → Sauce, Würzmittel oder Paste. Warengruppe Sauce oder Würzpaste, formrelevanter Prüfhinweis aus der vollständigen Definition: »Süße, Rauchigkeit, Säure und Schärfe können deutlich variieren«. Regelweg in Bornheim über den Bereich »Saucen-, Würzpasten- und Feinkostregal« eines gewöhnlichen Bornheimer Vollsortimenters.","EASY","Barbecuesauce: gewöhnlicher lokaler Bezugsweg über den Bereich »Saucen-, Würzpasten- und Feinkostregal«.","OPTIONAL","Barbecuesauce | Form: Süße, Rauchigkeit, Säure und Schärfe können deutlich variieren | Bornheim Saucen-, Würzpasten- und Feinkostregal gewöhnlicher Handel",""
"BARLEY","Gerste","APPLICABLE","Gerstenkorn als Kochzutat, etwa geschält oder als Rollgerste; Graupen sind eine stärker verarbeitete Form.","GENERAL_BROAD","Katalogpfad Getreide oder Pseudogetreide → stärkehaltige Zutat oder Sättigungsbeilage. Warengruppe Getreide- oder Stärkeware, formrelevanter Prüfhinweis aus der vollständigen Definition: »Graupen sind eine stärker verarbeitete Form«. Allgemein planbarer, aber nicht lokal garantierter Weg über eine geplante Fahrt zu einem großen Markt mit dem Sortiment »Reis-, Mehl-, Nudel- oder Trockenwarenregal«.","PLANNED","Gerste ist über eine geplante Fahrt zu einem großen Markt mit dem Sortiment »Reis-, Mehl-, Nudel- oder Trockenwarenregal« im allgemeinen deutschen Handel planbar, lokal aber kein verlässlicher Standardartikel.","OPTIONAL","Gerste | Form: Graupen sind eine stärker verarbeitete Form | Bornheim gezielter Einkauf Deutschland Reis-, Mehl-, Nudel- oder Trockenwarenregal",""
"BASIL","Basilikum","APPLICABLE","Frisches Basilikum mit süßlich-pfeffrigem Aroma; Thai-Basilikum bleibt als eigenständige Ausprägung getrennt.","GENERAL_LOCAL","Katalogpfad Kräuter und Würzblätter. Warengruppe frisches Würzkraut, formrelevanter Prüfhinweis aus der vollständigen Definition: »Thai-Basilikum bleibt als eigenständige Ausprägung getrennt«. Regelweg in Bornheim über das örtliche Sortiment »frische Kräuterabteilung« beim Wocheneinkauf in Bornheim.","EASY","Basilikum: gewöhnlicher lokaler Bezugsweg über den Bereich »frische Kräuterabteilung«.","OPTIONAL","Basilikum | Form: Thai-Basilikum bleibt als eigenständige Ausprägung getrennt | Bornheim frische Kräuterabteilung gewöhnlicher Handel",""
"BASMATI_RICE","Basmatireis","APPLICABLE","Langkornreis mit charakteristisch duftigem Aroma und lockerem Korn; weiß oder als Vollkornvariante verwendbar.","GENERAL_LOCAL","Katalogpfad Reis → Getreide oder Pseudogetreide → stärkehaltige Zutat oder Sättigungsbeilage. Warengruppe Getreide- oder Stärkeware, formrelevanter Prüfhinweis aus der vollständigen Definition: »weiß oder als Vollkornvariante verwendbar«. Regelweg in Bornheim über das örtliche Sortiment »Reis-, Mehl-, Nudel- oder Trockenwarenregal« beim Wocheneinkauf in Bornheim.","EASY","Basmatireis: gewöhnlicher lokaler Bezugsweg über den Bereich »Reis-, Mehl-, Nudel- oder Trockenwarenregal«.","OPTIONAL","Basmatireis | Form: weiß oder als Vollkornvariante verwendbar | Bornheim Reis-, Mehl-, Nudel- oder Trockenwarenregal gewöhnlicher Handel",""
"BAY_LEAF","Lorbeerblatt","APPLICABLE","Getrocknetes oder frisches Lorbeerblatt mit herb-würzigem Aroma für Brühen, Saucen und Schmorgerichte; vor dem Servieren üblicherweise entfernen.","GENERAL_LOCAL","Katalogpfad Kräuter und Würzblätter. Warengruppe getrocknetes oder frisches Würzblatt, formrelevanter Prüfhinweis aus der vollständigen Definition: »vor dem Servieren üblicherweise entfernen«. Regelweg in Bornheim über das örtliche Sortiment »Gewürzregal, ergänzend frische Kräuterabteilung« beim Wocheneinkauf in Bornheim.","EASY","Lorbeerblatt: gewöhnlicher lokaler Bezugsweg über den Bereich »Gewürzregal, ergänzend frische Kräuterabteilung«.","OPTIONAL","Lorbeerblatt | Form: vor dem Servieren üblicherweise entfernen | Bornheim Gewürzregal, ergänzend frische Kräuterabteilung gewöhnlicher Handel",""
"BEAN_SPROUTS","Mungbohnensprossen","APPLICABLE","Knackige Sprossen der Mungbohne, im Handel oft als Sojasprossen bezeichnet; nicht mit Keimlingen der Sojabohne gleichsetzen.","GENERAL_BROAD","Katalogpfad Sprossen → Gemüse. Warengruppe Gemüse oder Pilz, formrelevanter Prüfhinweis aus der vollständigen Definition: »nicht mit Keimlingen der Sojabohne gleichsetzen«. Allgemein planbarer, aber nicht lokal garantierter Weg über eine gezielte Filial- oder Bestellprüfung für Gemüse oder Pilz im allgemeinen deutschen Handel.","PLANNED","Mungbohnensprossen ist über eine gezielte Filial- oder Bestellprüfung für Gemüse oder Pilz im allgemeinen deutschen Handel planbar, lokal aber kein verlässlicher Standardartikel.","OPTIONAL","Mungbohnensprossen | Form: nicht mit Keimlingen der Sojabohne gleichsetzen | Bornheim gezielter Einkauf Deutschland Obst- und Gemüseabteilung",""
"BEANS","Bohnen","APPLICABLE","Offene Vorgabe für trockene oder vorgegarte Bohnenkerne; frische grüne Bohnen und andere Schotengemüse sind nicht gemeint.","GENERAL_LOCAL","Katalogpfad Hülsenfrüchte. Warengruppe Hülsenfrucht, formrelevanter Prüfhinweis aus der vollständigen Definition: »frische grüne Bohnen und andere Schotengemüse sind nicht gemeint«. Regelweg in Bornheim über ortsübliche Vollsortimenter rund um Bornheim, konkret im Bereich »Hülsenfrucht-, Konserven- oder Trockenwarenregal«.","EASY","Bohnen: gewöhnlicher lokaler Bezugsweg über den Bereich »Hülsenfrucht-, Konserven- oder Trockenwarenregal«.","OPTIONAL","Bohnen | Form: frische grüne Bohnen und andere Schotengemüse sind nicht gemeint | Bornheim Hülsenfrucht-, Konserven- oder Trockenwarenregal gewöhnlicher Handel",""
"BEEF","Rindfleisch","APPLICABLE","Offene Vorgabe für Rindfleisch; Zuschnitt, Fettanteil und geeignete Garmethode werden bewusst nicht festgelegt.","GENERAL_LOCAL","Katalogpfad Fleisch. Warengruppe Fleisch, formrelevanter Prüfhinweis aus der vollständigen Definition: »Zuschnitt, Fettanteil und geeignete Garmethode werden bewusst nicht festgelegt«. Regelweg in Bornheim über ortsübliche Vollsortimenter rund um Bornheim, konkret im Bereich »Fleischkühlung oder Bedientheke«.","EASY","Rindfleisch: gewöhnlicher lokaler Bezugsweg über den Bereich »Fleischkühlung oder Bedientheke«.","OPTIONAL","Rindfleisch | Form: Zuschnitt, Fettanteil und geeignete Garmethode werden bewusst nicht festgelegt | Bornheim Fleischkühlung oder Bedientheke gewöhnlicher Handel",""
"BEEF_BRISKET","Rinderbrust","APPLICABLE","Bindegewebsreiche Rinderbrust, besonders für langsames Schmoren, Kochen oder Barbecue geeignet.","GENERAL_BROAD","Katalogpfad Rindfleisch → Fleisch. Warengruppe Fleisch, formrelevanter Prüfhinweis aus der vollständigen Definition: »Rinderbrust, besonders für langsames Schmoren, Kochen oder Barbecue geeignet«. Der konkrete Bezug erfolgt für das Bornheim-Profil über „Fleischkühlung oder Bedientheke nach vorheriger Händlerprüfung“.","PLANNED","Rinderbrust: Der konkrete Bezug erfolgt für das Bornheim-Profil über „Fleischkühlung oder Bedientheke nach vorheriger Händlerprüfung“.","OPTIONAL","Rinderbrust | Form: Rinderbrust, besonders für langsames Schmoren, Kochen oder Barbecue geeignet | Bornheim gezielter Einkauf Deutschland Fleischkühlung oder Bedientheke",""
"BEEF_CHEEK","Rinderbäckchen","APPLICABLE","Stark beanspruchtes, kollagenreiches Muskelfleisch aus der Rinderbacke; wird durch langes Schmoren zart.","GENERAL_BROAD","Katalogpfad Rindfleisch → Fleisch. Warengruppe Fleisch, formrelevanter Prüfhinweis aus der vollständigen Definition: »wird durch langes Schmoren zart«. Allgemein planbarer, aber nicht lokal garantierter Weg über eine gezielte Bestellung oder Sortimentsprüfung bei MeinMetzger – Irische Ochsenbäckchen / Rinderbäckchen.","PLANNED","Rinderbäckchen ist über eine gezielte Bestellung oder Sortimentsprüfung bei MeinMetzger – Irische Ochsenbäckchen / Rinderbäckchen im allgemeinen deutschen Handel planbar, lokal aber kein verlässlicher Standardartikel.","REQUIRED","Rinderbäckchen | Form: wird durch langes Schmoren zart | Bornheim gezielter Einkauf Deutschland Fleischkühlung oder Bedientheke | geprüfte Quellen: MeinMetzger – Irische Ochsenbäckchen / Rinderbäckchen","EVIDENCE_REQUIRED|BORDERLINE_PLANNED"
"BEEF_GOULASH","Rindergulasch","APPLICABLE","Würfel oder grobe Stücke vom Rind für Schmorgerichte; gemeint ist der rohe Zuschnitt, nicht das fertige Gulasch.","GENERAL_LOCAL","Katalogpfad Rindfleisch → Fleisch. Warengruppe Fleisch, formrelevanter Prüfhinweis aus der vollständigen Definition: »gemeint ist der rohe Zuschnitt, nicht das fertige Gulasch«. Regelweg in Bornheim über nahe Supermarktfilialen in Bornheim mit dem Bereich »Fleischkühlung oder Bedientheke«.","EASY","Rindergulasch: gewöhnlicher lokaler Bezugsweg über den Bereich »Fleischkühlung oder Bedientheke«.","OPTIONAL","Rindergulasch | Form: gemeint ist der rohe Zuschnitt, nicht das fertige Gulasch | Bornheim Fleischkühlung oder Bedientheke gewöhnlicher Handel",""
"BEEF_HEART","Rinderherz","APPLICABLE","Mageres, festes Muskelfleisch vom Rinderherz mit kräftigem Eigengeschmack; nicht mit Lebertextur gleichsetzen.","GENERAL_BROAD","Katalogpfad Rindfleisch → Innereien → Fleisch. Warengruppe Fleisch, formrelevanter Prüfhinweis aus der vollständigen Definition: »nicht mit Lebertextur gleichsetzen«. Allgemein planbarer, aber nicht lokal garantierter Weg über eine gezielte Bestellung oder Sortimentsprüfung bei MeinMetzger – Rinderherz, kaum Kranzfett.","PLANNED","Rinderherz ist über eine gezielte Bestellung oder Sortimentsprüfung bei MeinMetzger – Rinderherz, kaum Kranzfett im allgemeinen deutschen Handel planbar, lokal aber kein verlässlicher Standardartikel.","REQUIRED","Rinderherz | Form: nicht mit Lebertextur gleichsetzen | Bornheim gezielter Einkauf Deutschland Fleischkühlung oder Bedientheke | geprüfte Quellen: MeinMetzger – Rinderherz, kaum Kranzfett","EVIDENCE_REQUIRED|BORDERLINE_PLANNED"
"BEEF_LIVER","Rinderleber","APPLICABLE","Rinderleber mit kräftigem, mineralischem Geschmack und weicher Textur; kurze Garung verhindert unnötige Trockenheit.","GENERAL_BROAD","Katalogpfad Rindfleisch → Innereien → Fleisch. Warengruppe Fleisch, formrelevanter Prüfhinweis aus der vollständigen Definition: »kurze Garung verhindert unnötige Trockenheit«. Allgemein planbarer, aber nicht lokal garantierter Weg über eine gezielte Bestellung oder Sortimentsprüfung bei MeinMetzger – Rinderleber in Scheiben.","PLANNED","Rinderleber ist über eine gezielte Bestellung oder Sortimentsprüfung bei MeinMetzger – Rinderleber in Scheiben im allgemeinen deutschen Handel planbar, lokal aber kein verlässlicher Standardartikel.","REQUIRED","Rinderleber | Form: kurze Garung verhindert unnötige Trockenheit | Bornheim gezielter Einkauf Deutschland Fleischkühlung oder Bedientheke | geprüfte Quellen: MeinMetzger – Rinderleber in Scheiben","EVIDENCE_REQUIRED|BORDERLINE_PLANNED"
"BEEF_MINCE","Rinderhack","APPLICABLE","Zerkleinertes Rindfleisch mit variablem Fettanteil; nicht gemischtes Hackfleisch.","GENERAL_LOCAL","Katalogpfad Rindfleisch → Hackfleisch → Fleisch. Warengruppe Fleisch, formrelevanter Prüfhinweis aus der vollständigen Definition: »nicht gemischtes Hackfleisch«. Regelweg in Bornheim über den lokalen Supermarktbereich »Fleischkühlung oder Bedientheke« in Bornheim.","EASY","Rinderhack: gewöhnlicher lokaler Bezugsweg über den Bereich »Fleischkühlung oder Bedientheke«.","OPTIONAL","Rinderhack | Form: nicht gemischtes Hackfleisch | Bornheim Fleischkühlung oder Bedientheke gewöhnlicher Handel",""
"BEEF_ROAST","Rinderbraten","APPLICABLE","Größeres Rindfleischstück zum Braten oder Schmoren; der konkrete Teilzuschnitt bleibt offen.","GENERAL_LOCAL","Katalogpfad Rindfleisch → Fleisch. Warengruppe Fleisch, formrelevanter Prüfhinweis aus der vollständigen Definition: »der konkrete Teilzuschnitt bleibt offen«. Regelweg in Bornheim über nahe Supermarktfilialen in Bornheim mit dem Bereich »Fleischkühlung oder Bedientheke«.","EASY","Rinderbraten: gewöhnlicher lokaler Bezugsweg über den Bereich »Fleischkühlung oder Bedientheke«.","OPTIONAL","Rinderbraten | Form: der konkrete Teilzuschnitt bleibt offen | Bornheim Fleischkühlung oder Bedientheke gewöhnlicher Handel",""
"BEEF_ROULADE","Rinderroulade","APPLICABLE","Dünne große Rindfleischscheibe zum Füllen und Schmoren; gemeint ist der Zuschnitt, nicht eine festgelegte Füllung.","GENERAL_LOCAL","Katalogpfad Rindfleisch → Fleisch. Warengruppe Fleisch, formrelevanter Prüfhinweis aus der vollständigen Definition: »gemeint ist der Zuschnitt, nicht eine festgelegte Füllung«. Regelweg in Bornheim über den regulären Bornheimer Regalweg »Fleischkühlung oder Bedientheke«.","EASY","Rinderroulade: gewöhnlicher lokaler Bezugsweg über den Bereich »Fleischkühlung oder Bedientheke«.","OPTIONAL","Rinderroulade | Form: gemeint ist der Zuschnitt, nicht eine festgelegte Füllung | Bornheim Fleischkühlung oder Bedientheke gewöhnlicher Handel",""
"BEEF_RUMP","Rinderhüfte","APPLICABLE","Rinderhüfte als relativ magerer, kurzbrat- oder bratentauglicher Zuschnitt; nicht das stärker marmorierte Roastbeef.","GENERAL_BROAD","Katalogpfad Rindfleisch → Fleisch. Warengruppe Fleisch, formrelevanter Prüfhinweis aus der vollständigen Definition: »nicht das stärker marmorierte Roastbeef«. Allgemein planbarer, aber nicht lokal garantierter Weg über einen vorbereiteten Einkauf im gut sortierten Bereich »Fleischkühlung oder Bedientheke«.","PLANNED","Rinderhüfte ist über einen vorbereiteten Einkauf im gut sortierten Bereich »Fleischkühlung oder Bedientheke« im allgemeinen deutschen Handel planbar, lokal aber kein verlässlicher Standardartikel.","OPTIONAL","Rinderhüfte | Form: nicht das stärker marmorierte Roastbeef | Bornheim gezielter Einkauf Deutschland Fleischkühlung oder Bedientheke",""
"BEEF_SHIN","Rinderbeinscheibe","APPLICABLE","Quergeschnittene Rinderhaxe mit Knochen und viel Kollagen; besonders für langsames Schmoren oder Brühen geeignet.","GENERAL_BROAD","Katalogpfad Rindfleisch → Fleisch. Warengruppe Fleisch, formrelevanter Prüfhinweis aus der vollständigen Definition: »besonders für langsames Schmoren oder Brühen geeignet«. Allgemein planbarer, aber nicht lokal garantierter Weg über eine gezielte Bestellung oder Sortimentsprüfung bei MeinMetzger – Beinscheibe vom Rind.","PLANNED","Rinderbeinscheibe ist über eine gezielte Bestellung oder Sortimentsprüfung bei MeinMetzger – Beinscheibe vom Rind im allgemeinen deutschen Handel planbar, lokal aber kein verlässlicher Standardartikel.","REQUIRED","Rinderbeinscheibe | Form: besonders für langsames Schmoren oder Brühen geeignet | Bornheim gezielter Einkauf Deutschland Fleischkühlung oder Bedientheke | geprüfte Quellen: MeinMetzger – Beinscheibe vom Rind","EVIDENCE_REQUIRED|BORDERLINE_PLANNED"
"BEEF_SHORT_RIBS","Rinderrippen","APPLICABLE","Fleischige kurze Rinderrippen mit Fett und Bindegewebe; für langsames Garen oder Barbecue geeignet.","GENERAL_BROAD","Katalogpfad Rindfleisch → Fleisch. Die REWE-Produktseite führt gekühlte Short Ribs aus der Servicetheke; Georgia prüft den konkreten Bornheimer Standortbestand für die fleischigen Rinderrippen vor dem geplanten Einkauf.","PLANNED","Rinderrippen: Die REWE-Produktseite führt gekühlte Short Ribs aus der Servicetheke; Georgia prüft den konkreten Bornheimer Standortbestand für die fleischigen Rinderrippen vor dem geplanten Einkauf.","REQUIRED","REWE Short Ribs | Rinderrippen gekühlt Servicetheke | Bornheim Standort Bestand","EVIDENCE_REQUIRED|BORDERLINE_PLANNED"
"BEEF_STEAK","Rindersteak","APPLICABLE","Zum Kurzbraten geeignete Rindfleischscheibe; der konkrete Steakzuschnitt und Reifegrad bleiben offen.","GENERAL_LOCAL","Katalogpfad Rindfleisch → Fleisch. Warengruppe Fleisch, formrelevanter Prüfhinweis aus der vollständigen Definition: »der konkrete Steakzuschnitt und Reifegrad bleiben offen«. Regelweg in Bornheim über den Bereich »Fleischkühlung oder Bedientheke« eines gewöhnlichen Bornheimer Vollsortimenters.","EASY","Rindersteak: gewöhnlicher lokaler Bezugsweg über den Bereich »Fleischkühlung oder Bedientheke«.","OPTIONAL","Rindersteak | Form: der konkrete Steakzuschnitt und Reifegrad bleiben offen | Bornheim Fleischkühlung oder Bedientheke gewöhnlicher Handel",""
"BEEF_STOCK","Rinderfond","APPLICABLE","Kräftiger Fond auf Basis von Rindfleisch und/oder Rinderknochen; selbst gekocht oder als hochwertiges Fertigprodukt verwendbar.","GENERAL_BROAD","Katalogpfad Brühe oder Fond. Warengruppe Brühe oder Fond, formrelevanter Prüfhinweis aus der vollständigen Definition: »selbst gekocht oder als hochwertiges Fertigprodukt verwendbar«. Allgemein planbarer, aber nicht lokal garantierter Weg über eine gezielte Filial- oder Bestellprüfung für Brühe oder Fond im allgemeinen deutschen Handel.","PLANNED","Rinderfond ist über eine gezielte Filial- oder Bestellprüfung für Brühe oder Fond im allgemeinen deutschen Handel planbar, lokal aber kein verlässlicher Standardartikel.","OPTIONAL","Rinderfond | Form: selbst gekocht oder als hochwertiges Fertigprodukt verwendbar | Bornheim gezielter Einkauf Deutschland Brühen-, Fond- und Suppenregal",""
"BEEF_TENDERLOIN","Rinderfilet","APPLICABLE","Sehr zartes und mageres Rinderfilet für kurze Garung; nicht mit Schweinefilet oder Roastbeef gleichsetzen.","GENERAL_BROAD","Katalogpfad Rindfleisch → Fleisch. Warengruppe Fleisch, formrelevanter Prüfhinweis aus der vollständigen Definition: »nicht mit Schweinefilet oder Roastbeef gleichsetzen«. Allgemein planbarer, aber nicht lokal garantierter Weg über eine gezielte Filial- oder Bestellprüfung für Fleisch im allgemeinen deutschen Handel.","PLANNED","Rinderfilet ist über eine gezielte Filial- oder Bestellprüfung für Fleisch im allgemeinen deutschen Handel planbar, lokal aber kein verlässlicher Standardartikel.","OPTIONAL","Rinderfilet | Form: nicht mit Schweinefilet oder Roastbeef gleichsetzen | Bornheim gezielter Einkauf Deutschland Fleischkühlung oder Bedientheke",""
"BEEF_TONGUE","Rinderzunge","APPLICABLE","Rinderzunge als festes, nach langem Garen zartes Muskelfleisch; üblicherweise vor dem Servieren gehäutet.","GENERAL_BROAD","Katalogpfad Rindfleisch → Innereien → Fleisch. Warengruppe Fleisch, formrelevanter Prüfhinweis aus der vollständigen Definition: »üblicherweise vor dem Servieren gehäutet«. Allgemein planbarer, aber nicht lokal garantierter Weg über eine gezielte Bestellung oder Sortimentsprüfung bei MeinMetzger – Rinderzunge.","PLANNED","Rinderzunge ist über eine gezielte Bestellung oder Sortimentsprüfung bei MeinMetzger – Rinderzunge im allgemeinen deutschen Handel planbar, lokal aber kein verlässlicher Standardartikel.","REQUIRED","Rinderzunge | Form: üblicherweise vor dem Servieren gehäutet | Bornheim gezielter Einkauf Deutschland Fleischkühlung oder Bedientheke | geprüfte Quellen: MeinMetzger – Rinderzunge","EVIDENCE_REQUIRED|BORDERLINE_PLANNED"
"BEER","Bier","APPLICABLE","Vergorenes Getreidegetränk als Kochzutat; Bierstil, Malzigkeit und Hopfenbittere bleiben bewusst wählbar.","GENERAL_LOCAL","Katalogpfad Kochalkohol. Warengruppe Bier, formrelevanter Prüfhinweis aus der vollständigen Definition: »Bierstil, Malzigkeit und Hopfenbittere bleiben bewusst wählbar«. Regelweg in Bornheim über das örtliche Sortiment »Bier- und Getränkeregal« beim Wocheneinkauf in Bornheim.","EASY","Bier gehört zum breiten allgemeinen Supermarkt- und Discounterstandard; die Stilwahl ändert die spontane Beschaffbarkeit nicht.","OPTIONAL","Bier | Form: Bierstil, Malzigkeit und Hopfenbittere bleiben bewusst wählbar | Bornheim Bier- und Getränkeregal gewöhnlicher Handel","REFERENCE_ANCHOR"
"BEETROOT","Rote Bete","APPLICABLE","Rote Bete mit erdig-süßlichem Geschmack; frisch, vorgegart oder schlicht konserviert verwendbar.","GENERAL_LOCAL","Katalogpfad Wurzel- und Knollengemüse → Gemüse. Warengruppe Gemüse oder Pilz, formrelevanter Prüfhinweis aus der vollständigen Definition: »frisch, vorgegart oder schlicht konserviert verwendbar«. Regelweg in Bornheim über das örtliche Sortiment »Obst- und Gemüseabteilung« beim Wocheneinkauf in Bornheim.","EASY","Rote Bete: gewöhnlicher lokaler Bezugsweg über den Bereich »Obst- und Gemüseabteilung«.","OPTIONAL","Rote Bete | Form: frisch, vorgegart oder schlicht konserviert verwendbar | Bornheim Obst- und Gemüseabteilung gewöhnlicher Handel",""
"BELACAN","Belacan","APPLICABLE","Malaysische feste fermentierte Garnelenpaste mit sehr intensivem Aroma; meist geröstet und sparsam dosiert verwendet.","NICHE_IMPORT","Der feste Belacanblock ist nur über zwei schmale Versandangebote belegt: Asia Foodstore zeigt niedrigen Bestand, Yoaxia keine verlässliche Bestandslage; beide hängen am selben Jeeny's-Importumfeld. Für Georgia in Bornheim entsteht daraus kein breiter Spezialmarkt.","DIFFICULT","Belacan: Asia Foodstore zeigt niedrigen Bestand, Yoaxia keine verlässliche Bestandslage; beide hängen am selben Jeeny's-Importumfeld. Für Georgia in Bornheim entsteht daraus kein breiter Spezialmarkt.","REQUIRED","Georgia Bornheim Belacan fester fermentierter Garnelenpastenblock Jeeny's Asia Foodstore Yoaxia Bestand Importkanal","EVIDENCE_REQUIRED|NARROW_IMPORT_ROUTE|RATING_RECONCILED_V2"
"BELL_PEPPER","Paprika","APPLICABLE","Milde Gemüsepaprika ohne Festlegung auf eine Farbe; rote, gelbe und grüne Paprika sind bekannte Ausprägungen.","GENERAL_LOCAL","Katalogpfad Fruchtgemüse → Gemüse. Warengruppe Gemüse oder Pilz, formrelevanter Prüfhinweis aus der vollständigen Definition: »rote, gelbe und grüne Paprika sind bekannte Ausprägungen«. Regelweg in Bornheim über die gewöhnliche Bornheimer Auslage »Obst- und Gemüseabteilung«.","EASY","Paprika: gewöhnlicher lokaler Bezugsweg über den Bereich »Obst- und Gemüseabteilung«.","OPTIONAL","Paprika | Form: rote, gelbe und grüne Paprika sind bekannte Ausprägungen | Bornheim Obst- und Gemüseabteilung gewöhnlicher Handel",""
"BELUGA_LENTILS","Belugalinsen","APPLICABLE","Kleine schwarze Linsen, die beim Garen vergleichsweise formstabil bleiben; nicht Beluga-Kaviar.","GENERAL_BROAD","Katalogpfad Linsen → Hülsenfrüchte. Warengruppe Hülsenfrucht, formrelevanter Prüfhinweis aus der vollständigen Definition: »nicht Beluga-Kaviar«. Allgemein planbarer, aber nicht lokal garantierter Weg über einen vorbereiteten Einkauf im gut sortierten Bereich »Hülsenfrucht-, Konserven- oder Trockenwarenregal«.","PLANNED","Belugalinsen ist über einen vorbereiteten Einkauf im gut sortierten Bereich »Hülsenfrucht-, Konserven- oder Trockenwarenregal« im allgemeinen deutschen Handel planbar, lokal aber kein verlässlicher Standardartikel.","OPTIONAL","Belugalinsen | Form: nicht Beluga-Kaviar | Bornheim gezielter Einkauf Deutschland Hülsenfrucht-, Konserven- oder Trockenwarenregal",""
"BERBERE","Berbere","APPLICABLE","Äthiopisch-eritreische Gewürzmischung mit Chili und warmen Gewürzen; Zusammensetzung und Schärfe variieren.","GENERAL_BROAD","Bremer Gewürzhandel und Pfeffersack & Soehne führen Berbere unabhängig voneinander als trockene gemahlene Gewürzmischung mit gewöhnlichem Deutschlandversand. Für Georgia ist das ein planbarer allgemeiner Gewürzhandelsweg ohne Import- oder Frischehürde.","PLANNED","Berbere: Bremer Gewürzhandel und Pfeffersack & Soehne führen Berbere unabhängig voneinander als trockene gemahlene Gewürzmischung mit gewöhnlichem Deutschlandversand.","REQUIRED","Georgia Bornheim Berbere gemahlene äthiopisch-eritreische Gewürzmischung Bremer Gewürzhandel Pfeffersack Nachfüllbeutel","GENERAL_GERMAN_SPICE_TRADE|RATING_RECONCILED_V2"
"BERRIES","Beeren","APPLICABLE","Offene Vorgabe für kulinarisch als Beeren verwendete kleine Früchte; Sorte und frisch oder tiefgekühlt bleiben offen.","GENERAL_LOCAL","Katalogpfad Obst. Warengruppe Obst, formrelevanter Prüfhinweis aus der vollständigen Definition: »Sorte und frisch oder tiefgekühlt bleiben offen«. Regelweg in Bornheim über den lokalen Supermarktbereich »Obst- und Gemüseabteilung« in Bornheim.","EASY","Beeren: gewöhnlicher lokaler Bezugsweg über den Bereich »Obst- und Gemüseabteilung«.","OPTIONAL","Beeren | Form: Sorte und frisch oder tiefgekühlt bleiben offen | Bornheim Obst- und Gemüseabteilung gewöhnlicher Handel",""
"BIRDS_EYE_CHILI","Bird’s-Eye-Chili","APPLICABLE","Kleine, sehr scharfe frische Chili der Bird’s-Eye-Familie; nicht getrocknete Flocken oder Pulver.","SPECIALTY_BROAD","Katalogpfad frische Chili → Fruchtgemüse → Gemüse. Warengruppe Gemüse oder Pilz, formrelevanter Prüfhinweis aus der vollständigen Definition: »nicht getrocknete Flocken oder Pulver«. Breiter einschlägiger Spezialmarkt über den freigegebenen v2-Anker mit dem Kerngrund »Frische exakte Schoten sind typischer Spezialmarktartikel ortsferne Asia-Läden sind keine EASY-Alltagsroute ein breiter Asia-Marktweg ist aber grundsätzlich plausibel«. Für Georgias Bornheim-Profil trägt ein breiter Asia-Spezialmarkt im Rheinland; ein entfernter Einzelladen wäre nicht ausreichend.","SPECIALTY","Bird’s-Eye-Chili: Frische exakte Schoten sind typischer Spezialmarktartikel; Rostocker Asia-Läden sind keine EASY-Alltagsroute ein breiter Asia-Marktweg ist aber grundsätzlich plausibel.","REQUIRED","Bird’s-Eye-Chili | Form: nicht getrocknete Flocken oder Pulver | Deutschland unabhängige Spezialhändler Gemüse oder Pilz | freigegebener v2-Anker","REFERENCE_ANCHOR|EVIDENCE_REQUIRED"
"BITTER_MELON","Bittermelone","APPLICABLE","Herb-bitteres Fruchtgemüse mit warziger Oberfläche; auch Bittergurke oder Ampalaya genannt.","SPECIALTY_BROAD","Katalogpfad Fruchtgemüse → Gemüse. Warengruppe Gemüse oder Pilz, formrelevanter Prüfhinweis aus der vollständigen Definition: »auch Bittergurke oder Ampalaya genannt«. Breiter einschlägiger Spezialmarkt über die voneinander unabhängigen Händler Asia Moin – Bitter Melone sowie Asia4Friends – Gemüse.","SPECIALTY","Bittermelone ist im einschlägigen Spezialmarkt breit etabliert; dokumentierte reguläre Wege sind die voneinander unabhängigen Händler Asia Moin – Bitter Melone sowie Asia4Friends – Gemüse.","REQUIRED","Bittermelone | Form: auch Bittergurke oder Ampalaya genannt | Deutschland unabhängige Spezialhändler Gemüse oder Pilz | geprüfte Quellen: Asia Moin – Bitter Melone ; Asia4Friends – Gemüse","EVIDENCE_REQUIRED"
"BIVALVES","Muscheln","APPLICABLE","Offene Vorgabe für zweischalige Weichtiere wie Mies-, Venus- oder Jakobsmuscheln; nicht Krebstiere.","GENERAL_BROAD","Katalogpfad Weichtiere → Schalen- und Krustentiere → wirbellose Tiere → Fisch und Meeresfrüchte. Warengruppe Fisch oder Meeresfrucht, formrelevanter Prüfhinweis aus der vollständigen Definition: »nicht Krebstiere«. Allgemein planbarer, aber nicht lokal garantierter Weg über eine gezielte Bestellung oder Sortimentsprüfung bei Deutsche See – Miesmuscheln.","PLANNED","Muscheln ist über eine gezielte Bestellung oder Sortimentsprüfung bei Deutsche See – Miesmuscheln im allgemeinen deutschen Handel planbar, lokal aber kein verlässlicher Standardartikel.","REQUIRED","Muscheln | Form: nicht Krebstiere | Bornheim gezielter Einkauf Deutschland Fischkühlung, Fischtheke oder Tiefkühlabteilung | geprüfte Quellen: Deutsche See – Miesmuscheln","RATING_RECONCILED_V2"
"BLACK_BEANS","schwarze Bohnen","APPLICABLE","Schwarze Bohnen mit cremigem Inneren und mild-erdigem Geschmack; getrocknet oder vorgegart verwendbar.","GENERAL_BROAD","Katalogpfad Bohnen → Hülsenfrüchte. Warengruppe Hülsenfrucht, formrelevanter Prüfhinweis aus der vollständigen Definition: »getrocknet oder vorgegart verwendbar«. Als überprüfbarer Marktweg dient Georgia „Hülsenfrucht-, Konserven- oder Trockenwarenregal nach formgenauer Sortimentsprüfung“.","PLANNED","schwarze Bohnen: Als überprüfbarer Marktweg dient Georgia „Hülsenfrucht-, Konserven- oder Trockenwarenregal nach formgenauer Sortimentsprüfung“.","OPTIONAL","schwarze Bohnen | Form: getrocknet oder vorgegart verwendbar | Bornheim gezielter Einkauf Deutschland Hülsenfrucht-, Konserven- oder Trockenwarenregal",""
"BLACK_CARDAMOM","schwarzer Kardamom oder Thảo quả","APPLICABLE","Große dunkle Kardamomkapseln mit kräftig harzig-kampferartigem und häufig rauchigem Aroma; meist ganz in Brühen und Schmorgerichten mitgekocht. Nicht mit dem milderen grünen Kardamom gleichsetzen.","SPECIALTY_BROAD","Katalogpfad Kardamom → Gewürz oder trockenes Würzmittel. Warengruppe Gewürz, formrelevanter Prüfhinweis aus der vollständigen Definition: »Nicht mit dem milderen grünen Kardamom gleichsetzen«. Breiter einschlägiger Spezialmarkt über die voneinander unabhängigen Händler Asia4Friends – Gewürze sowie AsianBrand – Gewürzsortiment.","SPECIALTY","schwarzer Kardamom oder Thảo quả ist im einschlägigen Spezialmarkt breit etabliert; dokumentierte reguläre Wege sind die voneinander unabhängigen Händler Asia4Friends – Gewürze sowie AsianBrand – Gewürzsortiment.","REQUIRED","schwarzer Kardamom oder Thảo quả | Form: Nicht mit dem milderen grünen Kardamom gleichsetzen | Deutschland unabhängige Spezialhändler Gewürz | geprüfte Quellen: Asia4Friends – Gewürze ; AsianBrand – Gewürzsortiment","EVIDENCE_REQUIRED"
"BLACK_CURRANT","schwarze Johannisbeere","APPLICABLE","Schwarze Johannisbeere mit intensiver Säure und herb-aromatischem Geschmack; frisch oder ungesüßt tiefgekühlt gemeint.","GENERAL_BROAD","Frostix – schwarze Johannisbeeren tiefgefroren 300 g belegt formgenau: Frostix bietet schwarze Johannisbeeren als ungesüßte 300-g-Monofrucht mit Warenkorb und garantierter Tiefkühllieferung an. Für Georgia in Bornheim gilt: Deutschlandweiter Expressversand in Kühlbox nach Bornheim und Rostock; Logistik FROZEN_SHIPPING. Die Kühlbox und Lagerung bei minus 18 Grad müssen gesichert sein; Saft, Konfitüre und Beerenmischungen tragen den Nachweis nicht.","PLANNED","schwarze Johannisbeere: Frostix bietet schwarze Johannisbeeren als ungesüßte 300-g-Monofrucht mit Warenkorb und garantierter Tiefkühllieferung an.","OPTIONAL","schwarze Johannisbeere tiefgefroren 300 g Monofrucht Frostix Deutschland | Georgia in Bornheim | IN_STOCK FROZEN_SHIPPING",""
"BLACK_EYED_PEAS","Augenbohnen","APPLICABLE","Helle Augenbohnen mit dunklem Keimfleck und mild-nussigem Geschmack; botanisch eine Form der Kuhbohne.","GENERAL_BROAD","Katalogpfad Bohnen → Hülsenfrüchte. Warengruppe Hülsenfrucht, formrelevanter Prüfhinweis aus der vollständigen Definition: »botanisch eine Form der Kuhbohne«. Allgemein planbarer, aber nicht lokal garantierter Weg über eine konkrete Vorbestellung oder Bestandsabfrage für Hülsenfrucht.","PLANNED","Augenbohnen ist über eine konkrete Vorbestellung oder Bestandsabfrage für Hülsenfrucht im allgemeinen deutschen Handel planbar, lokal aber kein verlässlicher Standardartikel.","OPTIONAL","Augenbohnen | Form: botanisch eine Form der Kuhbohne | Bornheim gezielter Einkauf Deutschland Hülsenfrucht-, Konserven- oder Trockenwarenregal",""
"BLACK_GARLIC","schwarzer Knoblauch","APPLICABLE","Fermentativ gereifter Knoblauch mit süßlich-würzigem, deutlich umamireichem Profil.","GENERAL_BROAD","Katalogpfad Knoblauch → Lauch- und Zwiebelgemüse → Gemüse. Warengruppe Gemüse oder Pilz, formrelevanter Prüfhinweis aus der vollständigen Definition: »gereifter Knoblauch mit süßlich-würzigem, deutlich umamireichem Profil«. Allgemein planbarer, aber nicht lokal garantierter Weg über eine geplante Fahrt zu einem großen Markt mit dem Sortiment »Obst- und Gemüseabteilung«.","PLANNED","schwarzer Knoblauch ist über eine geplante Fahrt zu einem großen Markt mit dem Sortiment »Obst- und Gemüseabteilung« im allgemeinen deutschen Handel planbar, lokal aber kein verlässlicher Standardartikel.","OPTIONAL","schwarzer Knoblauch | Form: gereifter Knoblauch mit süßlich-würzigem, deutlich umamireichem Profil | Bornheim gezielter Einkauf Deutschland Obst- und Gemüseabteilung",""
"BLACK_PEPPER","schwarzer Pfeffer","APPLICABLE","Reif geerntete und getrocknete Pfefferfrüchte mit kräftiger Schärfe und warmem Aroma; ganz oder gemahlen verwendbar.","GENERAL_LOCAL","Katalogpfad Pfeffer → Gewürz oder trockenes Würzmittel. Warengruppe Gewürz, formrelevanter Prüfhinweis aus der vollständigen Definition: »ganz oder gemahlen verwendbar«. Regelweg in Bornheim über die gewöhnliche Bornheimer Auslage »Gewürz- und Trockenwürzregal«.","EASY","schwarzer Pfeffer: gewöhnlicher lokaler Bezugsweg über den Bereich »Gewürz- und Trockenwürzregal«.","OPTIONAL","schwarzer Pfeffer | Form: ganz oder gemahlen verwendbar | Bornheim Gewürz- und Trockenwürzregal gewöhnlicher Handel",""
"BLACK_TEA","schwarzer Tee","APPLICABLE","Vollständig oxidierter Tee mit kräftigem, oft malzigem oder herbem Profil; Sorte und Blattgrad bleiben offen.","GENERAL_LOCAL","Katalogpfad Tee. Warengruppe Tee, formrelevanter Prüfhinweis aus der vollständigen Definition: »Sorte und Blattgrad bleiben offen«. Regelweg in Bornheim über den lokalen Supermarktbereich »Tee- und Aufgussregal« in Bornheim.","EASY","schwarzer Tee: gewöhnlicher lokaler Bezugsweg über den Bereich »Tee- und Aufgussregal«.","OPTIONAL","schwarzer Tee | Form: Sorte und Blattgrad bleiben offen | Bornheim Tee- und Aufgussregal gewöhnlicher Handel",""
"BLACK_VINEGAR","chinesischer schwarzer Essig","APPLICABLE","Dunkler chinesischer Getreideessig mit malziger, röstiger Säure; nicht Balsamico oder bloß gefärbter Tafelessig.","SPECIALTY_BROAD","Katalogpfad Essig. Warengruppe Speiseessig, formrelevanter Prüfhinweis aus der vollständigen Definition: »nicht Balsamico oder bloß gefärbter Tafelessig«. Breiter einschlägiger Spezialmarkt über den freigegebenen v2-Anker mit dem Kerngrund »Breit im chinesisch-asiatischen Spezialmarkt etabliert mehrere Marken und unabhängige Händler sind üblich«.","SPECIALTY","chinesischer schwarzer Essig: Breit im chinesisch-asiatischen Spezialmarkt etabliert; mehrere Marken und unabhängige Händler sind üblich.","REQUIRED","chinesischer schwarzer Essig | Form: nicht Balsamico oder bloß gefärbter Tafelessig | Deutschland unabhängige Spezialhändler Speiseessig | freigegebener v2-Anker","REFERENCE_ANCHOR|EVIDENCE_REQUIRED"
"BLACKBERRY","Brombeere","APPLICABLE","Brombeere als frische oder ungesüßt tiefgekühlte Beere mit süß-säuerlichem, dunklem Fruchtaroma.","GENERAL_LOCAL","Katalogpfad Beeren → Obst. Warengruppe Obst, formrelevanter Prüfhinweis aus der vollständigen Definition: »oder ungesüßt tiefgekühlte Beere mit süß-säuerlichem, dunklem Fruchtaroma«. Regelweg in Bornheim über nahe Supermarktfilialen in Bornheim mit dem Bereich »Obst- und Gemüseabteilung«.","EASY","Brombeere: gewöhnlicher lokaler Bezugsweg über den Bereich »Obst- und Gemüseabteilung«.","OPTIONAL","Brombeere | Form: oder ungesüßt tiefgekühlte Beere mit süß-säuerlichem, dunklem Fruchtaroma | Bornheim Obst- und Gemüseabteilung gewöhnlicher Handel",""
"BLOOD_ORANGE","Blutorange","APPLICABLE","Orange mit rot pigmentiertem Fruchtfleisch und häufig beerig-herber Note; nicht Grapefruit.","GENERAL_BROAD","Katalogpfad Orange → Zitrusfrucht → Obst. Warengruppe Obst, formrelevanter Prüfhinweis aus der vollständigen Definition: »nicht Grapefruit«. Allgemein planbarer, aber nicht lokal garantierter Weg über eine vorab zu prüfendes Sortiment im Bereich »Obst- und Gemüseabteilung« eines großen Bornheimer Markts.","PLANNED","Blutorange ist über ein vorab zu prüfendes Sortiment im Bereich »Obst- und Gemüseabteilung« eines großen Bornheimer Markts im allgemeinen deutschen Handel planbar, lokal aber kein verlässlicher Standardartikel.","OPTIONAL","Blutorange | Form: nicht Grapefruit | Bornheim gezielter Einkauf Deutschland Obst- und Gemüseabteilung",""
"BLOOD_SAUSAGE","Blutwurst","APPLICABLE","Wurstfamilie mit Blut als prägendem Bestandteil; Gewürzung, Getreideanteil und Konsistenz können regional variieren.","GENERAL_LOCAL","Blutwurst: Die konkrete REWE-Seite für abgepackte Hausmacher-Blutwurst ergänzt die bereits belegten gewöhnlichen Wurstwege; Blut bleibt prägender Bestandteil. Profilbezug Georgia: Bornheim beziehungsweise der planbare allgemeine deutsche Bezug; Köln oder Düsseldorf werden nicht als lokaler EASY-Weg gewertet.","EASY","Blutwurst: Die konkrete REWE-Seite für abgepackte Hausmacher-Blutwurst ergänzt die bereits belegten gewöhnlichen Wurstwege; Blut bleibt prägender Bestandteil.","REQUIRED","Blutwurst Hausmacher Blut als Bestandteil REWE Wurstkühlung; Georgia Bornheim konkrete Produktseite Bestand Logistik 2026-09-04","EVIDENCE_REQUIRED|BORDERLINE_PLANNED|RATING_RECONCILED_V2"
"BLUE_CHEESE","Blauschimmelkäse","APPLICABLE","Offene Käsefamilie mit Blauschimmelkulturen und ausgeprägt würzigem Aroma; Milchart und Reifegrad bleiben offen.","GENERAL_LOCAL","Katalogpfad Käse → gesäuertes Milchprodukt → Milchprodukte. Warengruppe Käse, formrelevanter Prüfhinweis aus der vollständigen Definition: »Milchart und Reifegrad bleiben offen«. Regelweg in Bornheim über den regulären Bornheimer Regalweg »Käsekühlung oder Käsetheke«.","EASY","Blauschimmelkäse: gewöhnlicher lokaler Bezugsweg über den Bereich »Käsekühlung oder Käsetheke«.","OPTIONAL","Blauschimmelkäse | Form: Milchart und Reifegrad bleiben offen | Bornheim Käsekühlung oder Käsetheke gewöhnlicher Handel",""
"BLUEBERRY","Heidelbeere","APPLICABLE","Heidelbeere als frische oder ungesüßt tiefgekühlte Beere; Kultur- und Waldheidelbeeren sind umfasst.","GENERAL_LOCAL","Katalogpfad Beeren → Obst. Warengruppe Obst, formrelevanter Prüfhinweis aus der vollständigen Definition: »Kultur- und Waldheidelbeeren sind umfasst«. Regelweg in Bornheim über den regulären Bornheimer Regalweg »Obst- und Gemüseabteilung«.","EASY","Heidelbeere: gewöhnlicher lokaler Bezugsweg über den Bereich »Obst- und Gemüseabteilung«.","OPTIONAL","Heidelbeere | Form: Kultur- und Waldheidelbeeren sind umfasst | Bornheim Obst- und Gemüseabteilung gewöhnlicher Handel",""
"BOMBA_RICE","Bomba-Reis","APPLICABLE","Spanische Rundkorn-Reissorte Bomba mit hoher Flüssigkeits- und Geschmacksaufnahme; nicht Synonym für beliebigen Paella-Reis und nicht synonym mit der Herkunftsbezeichnung Calasparra.","SPECIALTY_BROAD","Katalogpfad Reis → Getreide oder Pseudogetreide → stärkehaltige Zutat oder Sättigungsbeilage. Warengruppe Getreide- oder Stärkeware, formrelevanter Prüfhinweis aus der vollständigen Definition: »nicht Synonym für beliebigen Paella-Reis und nicht synonym mit der Herkunftsbezeichnung Calasparra«. Breiter einschlägiger Spezialmarkt über den freigegebenen v2-Anker mit dem Kerngrund »Reguläres Produkt vieler spanischer und mediterraner Spezialhändler aber nicht breit genug für allgemeinen PLANNED-Handel«.","SPECIALTY","Bomba-Reis: Reguläres Produkt vieler spanischer und mediterraner Spezialhändler aber nicht breit genug für allgemeinen PLANNED-Handel.","REQUIRED","Bomba-Reis | Form: nicht Synonym für beliebigen Paella-Reis und nicht synonym mit der Herkunftsbezeichnung Calasparra | Deutschland unabhängige Spezialhändler Getreide- oder Stärkeware | freigegebener v2-Anker","REFERENCE_ANCHOR|EVIDENCE_REQUIRED"
"BONE_MARROW","Knochenmark","APPLICABLE","Fettreiches Mark aus großen Rinderknochen; zum Rösten, Auslassen oder Aromatisieren von Saucen und Brühen.","GENERAL_BROAD","Katalogpfad Rindfleisch → Innereien → Fleisch. MeinMetzger bietet auf der konkreten Produktseite gesägte Rinder-Markknochen mit Preis und Warenkorb an; der Premium-Frischeversand macht die Form für Georgia nach Bornheim planbar.","PLANNED","Knochenmark: MeinMetzger bietet auf der konkreten Produktseite gesägte Rinder-Markknochen mit Preis und Warenkorb an; der Premium-Frischeversand macht die Form für Georgia nach Bornheim planbar.","OPTIONAL","MeinMetzger Markknochen | gesägte Rinder-Markknochen Knochenmark | Premium-Frischeversand Bornheim",""
"BONITO_FLAKES","Bonitoflocken","APPLICABLE","Dünn gehobelte Flocken aus getrocknetem und meist geräuchertem Bonito nach Katsuobushi-Art; stark umamireich.","SPECIALTY_BROAD","Katalogpfad getrockneter Fisch → konservierter Fisch → Fisch → Fisch und Meeresfrüchte. Warengruppe konservierter Fisch, formrelevanter Prüfhinweis aus der vollständigen Definition: »stark umamireich«. Breiter einschlägiger Spezialmarkt über den freigegebenen v2-Anker mit dem Kerngrund »Reguläres Produkt vieler japanisch-asiatischer Spezialhändler jedoch kein allgemeiner deutscher Handelsstandard«.","SPECIALTY","Bonitoflocken: Reguläres Produkt vieler japanisch-asiatischer Spezialhändler jedoch kein allgemeiner deutscher Handelsstandard.","REQUIRED","Bonitoflocken | Form: stark umamireich | Deutschland unabhängige Spezialhändler konservierter Fisch | freigegebener v2-Anker","REFERENCE_ANCHOR|EVIDENCE_REQUIRED"
"BRANDY","Brandy oder Weinbrand","APPLICABLE","Offene Weinbrandfamilie; geschützte beziehungsweise kulinarisch eigenständige Ausprägungen wie Cognac können separat konkretisiert werden.","GENERAL_LOCAL","Katalogpfad Kochalkohol. Warengruppe Kochalkohol, formrelevanter Prüfhinweis aus der vollständigen Definition: »geschützte beziehungsweise kulinarisch eigenständige Ausprägungen wie Cognac können separat konkretisiert werden«. Regelweg in Bornheim über den regulären Bornheimer Regalweg »Getränke-, Wein- oder Spirituosenregal«.","EASY","Brandy oder Weinbrand: gewöhnlicher lokaler Bezugsweg über den Bereich »Getränke-, Wein- oder Spirituosenregal«.","OPTIONAL","Brandy oder Weinbrand | Form: geschützte beziehungsweise kulinarisch eigenständige Ausprägungen wie Cognac können separat konkretisiert werden | Bornheim Getränke-, Wein- oder Spirituosenregal gewöhnlicher Handel","RATING_RECONCILED_V2"
"BRATWURST","Bratwurst","APPLICABLE","Zum Braten oder Grillen bestimmte Wurst; Fleischmischung, Körnung und regionale Würzung bleiben offen.","GENERAL_LOCAL","Katalogpfad Schweinefleisch → Wurst → Fleisch. Warengruppe Wurst oder Pökelfleisch, formrelevanter Prüfhinweis aus der vollständigen Definition: »Fleischmischung, Körnung und regionale Würzung bleiben offen«. Regelweg in Bornheim über den regulären Bornheimer Regalweg »Wurstkühlung oder Bedientheke«.","EASY","Bratwurst: gewöhnlicher lokaler Bezugsweg über den Bereich »Wurstkühlung oder Bedientheke«.","OPTIONAL","Bratwurst | Form: Fleischmischung, Körnung und regionale Würzung bleiben offen | Bornheim Wurstkühlung oder Bedientheke gewöhnlicher Handel",""
"BRAZIL_NUT","Paranüsse","APPLICABLE","Große, fettreiche Paranusskerne mit cremigem Biss; ganz, gehackt oder gemahlen verwendbar.","GENERAL_LOCAL","Katalogpfad Nüsse. Warengruppe Nuss, Saat oder Mus, formrelevanter Prüfhinweis aus der vollständigen Definition: »ganz, gehackt oder gemahlen verwendbar«. Regelweg in Bornheim über den lokalen Supermarktbereich »Nuss-, Saaten- oder Nussmusregal« in Bornheim.","EASY","Paranüsse: gewöhnlicher lokaler Bezugsweg über den Bereich »Nuss-, Saaten- oder Nussmusregal«.","OPTIONAL","Paranüsse | Form: ganz, gehackt oder gemahlen verwendbar | Bornheim Nuss-, Saaten- oder Nussmusregal gewöhnlicher Handel","RATING_RECONCILED_V2"
"BREAD","Brot oder Fladenbrot","APPLICABLE","Offene Vorgabe für gebackenes Brot oder Fladenbrot; Getreide, Triebmittel, Form und Krustenanteil bleiben wählbar.","GENERAL_LOCAL","Die offene Brotfamilie wird in Bornheim über Bäckereitheke, Backstation und das Regal für abgepackte Backwaren abgedeckt.","EASY","Brot oder Fladenbrot: Die offene Brotfamilie wird in Bornheim über Bäckereitheke, Backstation und das Regal für abgepackte Backwaren abgedeckt.","OPTIONAL","Bornheim Brot Backwaren Bäckereitheke Backstation abgepacktes Brot",""
"BREAD_DUMPLING","Semmelknödel","APPLICABLE","Gekochter oder gedämpfter böhmisch-mitteleuropäischer Brot-/Semmelknödel als fertige Beilage; nicht Dumpling-Teig, Teighülle oder gefüllter Dumpling.","GENERAL_BROAD","Katalogpfad stärkehaltige Zutat oder Sättigungsbeilage. Warengruppe Getreide- oder Stärkeware, formrelevanter Prüfhinweis aus der vollständigen Definition: »nicht Dumpling-Teig, Teighülle oder gefüllter Dumpling«. Die Warenform ist vom Rheinland aus über „Reis-, Mehl-, Nudel- oder Trockenwarenregal über einen reservierten Marktartikel“ erreichbar.","PLANNED","Semmelknödel: Die Warenform ist vom Rheinland aus über „Reis-, Mehl-, Nudel- oder Trockenwarenregal über einen reservierten Marktartikel“ erreichbar.","OPTIONAL","Semmelknödel | Form: nicht Dumpling-Teig, Teighülle oder gefüllter Dumpling | Bornheim gezielter Einkauf Deutschland Reis-, Mehl-, Nudel- oder Trockenwarenregal",""
"BREADCRUMBS","Semmelbrösel","APPLICABLE","Trockene gemahlene Brot- oder Brötchenkrume zum Panieren, Binden oder Bestreuen; Panko ist eine eigene Ausprägung.","GENERAL_LOCAL","Katalogpfad stärkehaltige Zutat oder Sättigungsbeilage. Warengruppe Getreide- oder Stärkeware, formrelevanter Prüfhinweis aus der vollständigen Definition: »Panko ist eine eigene Ausprägung«. Regelweg in Bornheim über nahe Supermarktfilialen in Bornheim mit dem Bereich »Reis-, Mehl-, Nudel- oder Trockenwarenregal«.","EASY","Semmelbrösel: gewöhnlicher lokaler Bezugsweg über den Bereich »Reis-, Mehl-, Nudel- oder Trockenwarenregal«.","OPTIONAL","Semmelbrösel | Form: Panko ist eine eigene Ausprägung | Bornheim Reis-, Mehl-, Nudel- oder Trockenwarenregal gewöhnlicher Handel",""
"BRIE","Brie","APPLICABLE","Weichkäse der Brie-Familie mit charakteristischer Weißschimmelrinde; umfasst handelsüblichen Brie-Stil und bekannte französische Ausprägungen, ohne auf Brie de Meaux oder Brie de Melun beschränkt zu sein. Nicht Camembert.","GENERAL_LOCAL","Katalogpfad Käse → gesäuertes Milchprodukt → Milchprodukte. Warengruppe Käse, formrelevanter Prüfhinweis aus der vollständigen Definition: »Nicht Camembert«. Regelweg in Bornheim über den regulären Bornheimer Regalweg »Käsekühlung oder Käsetheke«.","EASY","Brie: gewöhnlicher lokaler Bezugsweg über den Bereich »Käsekühlung oder Käsetheke«.","OPTIONAL","Brie | Form: Nicht Camembert | Bornheim Käsekühlung oder Käsetheke gewöhnlicher Handel",""
"BROAD_BEANS","Dicke Bohnen","APPLICABLE","Dicke Bohnen beziehungsweise Ackerbohnen; frisch, tiefgekühlt oder getrocknet verwendbar und nicht mit grünen Bohnen gleichzusetzen.","GENERAL_BROAD","Katalogpfad Bohnen → Hülsen- und Schotengemüse → Hülsenfrüchte → Gemüse. Warengruppe Gemüse oder Pilz, formrelevanter Prüfhinweis aus der vollständigen Definition: »frisch, tiefgekühlt oder getrocknet verwendbar und nicht mit grünen Bohnen gleichzusetzen«. Allgemein planbarer, aber nicht lokal garantierter Weg über eine vorab zu prüfendes Sortiment im Bereich »Obst- und Gemüseabteilung« eines großen Bornheimer Markts.","PLANNED","Dicke Bohnen ist über ein vorab zu prüfendes Sortiment im Bereich »Obst- und Gemüseabteilung« eines großen Bornheimer Markts im allgemeinen deutschen Handel planbar, lokal aber kein verlässlicher Standardartikel.","OPTIONAL","Dicke Bohnen | Form: frisch, tiefgekühlt oder getrocknet verwendbar und nicht mit grünen Bohnen gleichzusetzen | Bornheim gezielter Einkauf Deutschland Obst- und Gemüseabteilung",""
"BROCCOLI","Brokkoli","APPLICABLE","Grünes Kohlgemüse mit essbaren Blütenknospen und Stielen; nicht mit Romanesco oder Blumenkohl gleichsetzen.","GENERAL_LOCAL","Katalogpfad Kohlgemüse → Blütengemüse → Gemüse. Warengruppe Gemüse oder Pilz, formrelevanter Prüfhinweis aus der vollständigen Definition: »nicht mit Romanesco oder Blumenkohl gleichsetzen«. Regelweg in Bornheim über den Bereich »Obst- und Gemüseabteilung« eines gewöhnlichen Bornheimer Vollsortimenters.","EASY","Brokkoli: gewöhnlicher lokaler Bezugsweg über den Bereich »Obst- und Gemüseabteilung«.","OPTIONAL","Brokkoli | Form: nicht mit Romanesco oder Blumenkohl gleichsetzen | Bornheim Obst- und Gemüseabteilung gewöhnlicher Handel",""
"BROKEN_RICE","Bruchreis","APPLICABLE","Reiskörner, die bei Ernte oder Verarbeitung gebrochen wurden und dadurch kleiner sowie schneller garend sind. Gemeint ist das Kornprodukt, nicht ein fertig belegtes Cơm-tấm-Gericht.","SPECIALTY_BROAD","Katalogpfad Reis → Getreide oder Pseudogetreide → stärkehaltige Zutat oder Sättigungsbeilage. Warengruppe Getreide- oder Stärkeware, formrelevanter Prüfhinweis aus der vollständigen Definition: »Gemeint ist das Kornprodukt, nicht ein fertig belegtes Cơm-tấm-Gericht«. Breiter einschlägiger Spezialmarkt über die voneinander unabhängigen Händler King Kao – Bruchreis 20 kg sowie Asia Foodstore – Royal Thai Duft-Bruchreis.","SPECIALTY","Bruchreis ist im einschlägigen Spezialmarkt breit etabliert; dokumentierte reguläre Wege sind die voneinander unabhängigen Händler King Kao – Bruchreis 20 kg sowie Asia Foodstore – Royal Thai Duft-Bruchreis.","REQUIRED","Bruchreis | Form: Gemeint ist das Kornprodukt, nicht ein fertig belegtes Cơm-tấm-Gericht | Deutschland unabhängige Spezialhändler Getreide- oder Stärkeware | geprüfte Quellen: King Kao – Bruchreis 20 kg ; Asia Foodstore – Royal Thai Duft-Bruchreis","EVIDENCE_REQUIRED"
"BROWN_CHAMPIGNON","braune Champignons","APPLICABLE","Frische braune Zuchtchampignons mit etwas kräftigerem Aroma als weiße Champignons.","GENERAL_LOCAL","Katalogpfad frische Champignons → Champignons → Pilze → Gemüse. Warengruppe Gemüse oder Pilz, formrelevanter Prüfhinweis aus der vollständigen Definition: »braune Zuchtchampignons mit etwas kräftigerem Aroma als weiße Champignons«. Regelweg in Bornheim über den Bereich »Obst- und Gemüseabteilung« eines gewöhnlichen Bornheimer Vollsortimenters.","EASY","braune Champignons: gewöhnlicher lokaler Bezugsweg über den Bereich »Obst- und Gemüseabteilung«.","OPTIONAL","braune Champignons | Form: braune Zuchtchampignons mit etwas kräftigerem Aroma als weiße Champignons | Bornheim Obst- und Gemüseabteilung gewöhnlicher Handel",""
"BROWN_RICE","Vollkornreis","APPLICABLE","Reis mit erhaltenen Randschichten und dadurch nussigerem Geschmack sowie festerem Biss; Sorte bleibt offen.","GENERAL_LOCAL","Katalogpfad Reis → Getreide oder Pseudogetreide → stärkehaltige Zutat oder Sättigungsbeilage. Warengruppe Getreide- oder Stärkeware, formrelevanter Prüfhinweis aus der vollständigen Definition: »Sorte bleibt offen«. Regelweg in Bornheim über nahe Supermarktfilialen in Bornheim mit dem Bereich »Reis-, Mehl-, Nudel- oder Trockenwarenregal«.","EASY","Vollkornreis: gewöhnlicher lokaler Bezugsweg über den Bereich »Reis-, Mehl-, Nudel- oder Trockenwarenregal«.","OPTIONAL","Vollkornreis | Form: Sorte bleibt offen | Bornheim Reis-, Mehl-, Nudel- oder Trockenwarenregal gewöhnlicher Handel",""
"BROWN_SUGAR","brauner Zucker","APPLICABLE","Brauner Zucker mit Melasseanteil beziehungsweise karamelligem Aroma; feucht oder trocken verwendbar.","GENERAL_LOCAL","Katalogpfad Süßungsmittel. Warengruppe Süßungs- oder Kakaoware, formrelevanter Prüfhinweis aus der vollständigen Definition: »feucht oder trocken verwendbar«. Regelweg in Bornheim über nahe Supermarktfilialen in Bornheim mit dem Bereich »Backzutaten-, Süßwaren- oder Kakaoregal«.","EASY","brauner Zucker: gewöhnlicher lokaler Bezugsweg über den Bereich »Backzutaten-, Süßwaren- oder Kakaoregal«.","OPTIONAL","brauner Zucker | Form: feucht oder trocken verwendbar | Bornheim Backzutaten-, Süßwaren- oder Kakaoregal gewöhnlicher Handel",""
"BRUNOST","Brunost","APPLICABLE","Norwegisches braunes Molkeprodukt mit charakteristisch süßlich-karamelligem Geschmack, der durch starkes Einkochen von Molke und Milchbestandteilen entsteht. Kuh- und Ziegenmilchanteile können je nach Variante variieren. Nicht mit gewöhnlichem Ziegenkäse oder Karamellaufstrich gleichsetzen.","NICHE_IMPORT","Katalogpfad Käse → gesäuertes Milchprodukt → Milchprodukte. Warengruppe Käse, formrelevanter Prüfhinweis aus der vollständigen Definition: »Nicht mit gewöhnlichem Ziegenkäse oder Karamellaufstrich gleichsetzen«. Nur der schmale Händlerweg über Gouda Käse Shop – Gjetost/Brunost ist positiv belegt; Kühlversand begrenzt Form, Bestand oder Logistik.","DIFFICULT","Brunost: Nur der schmale Händlerweg über Gouda Käse Shop – Gjetost/Brunost ist positiv belegt; Kühlversand begrenzt Form, Bestand oder Logistik.","REQUIRED","Brunost | Form: Nicht mit gewöhnlichem Ziegenkäse oder Karamellaufstrich gleichsetzen | Deutschland EU Exakttreffer Bestand Logistik Käse | geprüfte Quellen: Gouda Käse Shop – Gjetost/Brunost","EVIDENCE_REQUIRED|FORM_OR_ROUTE_FRAGILE"
"BRUSSELS_SPROUTS","Rosenkohl","APPLICABLE","Kleine feste Blattachselknospen des Kohls mit herb-nussigem Geschmack; frisch oder tiefgekühlt verwendbar.","GENERAL_LOCAL","Katalogpfad Kohlgemüse → Gemüse. Warengruppe Gemüse oder Pilz, formrelevanter Prüfhinweis aus der vollständigen Definition: »frisch oder tiefgekühlt verwendbar«. Regelweg in Bornheim über die gewöhnliche Bornheimer Auslage »Obst- und Gemüseabteilung«.","EASY","Rosenkohl: gewöhnlicher lokaler Bezugsweg über den Bereich »Obst- und Gemüseabteilung«.","OPTIONAL","Rosenkohl | Form: frisch oder tiefgekühlt verwendbar | Bornheim Obst- und Gemüseabteilung gewöhnlicher Handel",""
"BRUSSELS_WAFFLE","Brüsseler Waffel","APPLICABLE","Große rechteckige belgische Waffel nach Brüsseler Art, außen knusprig und innen luftig. Gemeint ist die Waffel selbst, ohne vorausgesetzte Beläge. Nicht mit der kompakteren Lütticher Zuckerwaffel gleichsetzen.","GENERAL_BROAD","Katalogpfad Süßware → Waffel → Backware. Warengruppe Back- oder Brotwaren, formrelevanter Prüfhinweis aus der vollständigen Definition: »Nicht mit der kompakteren Lütticher Zuckerwaffel gleichsetzen«. Allgemein planbarer, aber nicht lokal garantierter Weg über eine konkrete Vorbestellung oder Bestandsabfrage für Back- oder Brotwaren.","PLANNED","Brüsseler Waffel ist über eine konkrete Vorbestellung oder Bestandsabfrage für Back- oder Brotwaren im allgemeinen deutschen Handel planbar, lokal aber kein verlässlicher Standardartikel.","OPTIONAL","Brüsseler Waffel | Form: Nicht mit der kompakteren Lütticher Zuckerwaffel gleichsetzen | Bornheim gezielter Einkauf Deutschland Brot-, Backwaren- oder Backzutatenbereich",""
"BUCKWHEAT","Buchweizen","APPLICABLE","Glutenfreies Pseudogetreide mit kräftig-nussigem Geschmack; gemeint sind ganze Körner oder Grütze, nicht Mehl.","GENERAL_BROAD","Katalogpfad Getreide oder Pseudogetreide → stärkehaltige Zutat oder Sättigungsbeilage. Warengruppe Getreide- oder Stärkeware, formrelevanter Prüfhinweis aus der vollständigen Definition: »gemeint sind ganze Körner oder Grütze, nicht Mehl«. Allgemein planbarer, aber nicht lokal garantierter Weg über eine vorab zu prüfendes Sortiment im Bereich »Reis-, Mehl-, Nudel- oder Trockenwarenregal« eines großen Bornheimer Markts.","PLANNED","Buchweizen: Breit im allgemeinen Bio-, Drogerie- und Onlinehandel verfügbar, lokal jedoch nicht überall Standard.","OPTIONAL","Buchweizen | Form: gemeint sind ganze Körner oder Grütze, nicht Mehl | Bornheim gezielter Einkauf Deutschland Reis-, Mehl-, Nudel- oder Trockenwarenregal","REFERENCE_ANCHOR"
"BUCKWHEAT_FLOUR","Buchweizenmehl","APPLICABLE","Mehl aus Buchweizen; nicht Weizenmehl mit Buchweizenanteil und nicht ganzes Buchweizenkorn.","GENERAL_BROAD","Katalogpfad Buchweizen → Mehl → Getreide oder Pseudogetreide → stärkehaltige Zutat oder Sättigungsbeilage. Warengruppe Getreide- oder Stärkeware, formrelevanter Prüfhinweis aus der vollständigen Definition: »nicht Weizenmehl mit Buchweizenanteil und nicht ganzes Buchweizenkorn«. Allgemein planbarer, aber nicht lokal garantierter Weg über eine vorab zu prüfendes Sortiment im Bereich »Reis-, Mehl-, Nudel- oder Trockenwarenregal« eines großen Bornheimer Markts.","PLANNED","Buchweizenmehl ist über ein vorab zu prüfendes Sortiment im Bereich »Reis-, Mehl-, Nudel- oder Trockenwarenregal« eines großen Bornheimer Markts im allgemeinen deutschen Handel planbar, lokal aber kein verlässlicher Standardartikel.","OPTIONAL","Buchweizenmehl | Form: nicht Weizenmehl mit Buchweizenanteil und nicht ganzes Buchweizenkorn | Bornheim gezielter Einkauf Deutschland Reis-, Mehl-, Nudel- oder Trockenwarenregal",""
"BULGUR","Bulgur","APPLICABLE","Vorgegarter, getrockneter und gebrochener Hartweizen mit nussigem Biss; Körnung kann variieren.","GENERAL_BROAD","Katalogpfad Getreide oder Pseudogetreide → stärkehaltige Zutat oder Sättigungsbeilage. Warengruppe Getreide- oder Stärkeware, formrelevanter Prüfhinweis aus der vollständigen Definition: »Körnung kann variieren«. Allgemein planbarer, aber nicht lokal garantierter Weg über eine gezielte Sortimentsprüfung im nahen türkisch-arabischen Lebensmittelmarkt in Bornheim oder einen formtreuen Standardversand.","PLANNED","Bulgur: In gut sortierten allgemeinen Märkten und im breiten Onlinehandel zuverlässig erhältlich aber nicht mit der für EASY verlangten nahezu universellen lokalen Trefferquote.","OPTIONAL","Bulgur | Form: Körnung kann variieren | Bornheim gezielter Einkauf Deutschland Reis-, Mehl-, Nudel- oder Trockenwarenregal","REFERENCE_ANCHOR"
"BUTTER","Butter","APPLICABLE","Streich- und Kochfett aus Milchrahm; gesalzene, ungesalzene und mildgesäuerte Butter sind umfasst.","GENERAL_LOCAL","Katalogpfad Kochfett → Milchprodukte. Warengruppe Speiseöl oder Kochfett, formrelevanter Prüfhinweis aus der vollständigen Definition: »gesalzene, ungesalzene und mildgesäuerte Butter sind umfasst«. Regelweg in Bornheim über den lokalen Supermarktbereich »Öl- und Kochfettregal« in Bornheim.","EASY","Butter: gewöhnlicher lokaler Bezugsweg über den Bereich »Öl- und Kochfettregal«.","OPTIONAL","Butter | Form: gesalzene, ungesalzene und mildgesäuerte Butter sind umfasst | Bornheim Öl- und Kochfettregal gewöhnlicher Handel",""
"BUTTER_BEANS","Limabohnen","APPLICABLE","Große helle Limabohnen mit weicher, cremiger Textur; getrocknet oder vorgegart verwendbar.","GENERAL_BROAD","Katalogpfad Bohnen → Hülsenfrüchte. Warengruppe Hülsenfrucht, formrelevanter Prüfhinweis aus der vollständigen Definition: »getrocknet oder vorgegart verwendbar«. Allgemein planbarer, aber nicht lokal garantierter Weg über einen vorbereiteten Einkauf im gut sortierten Bereich »Hülsenfrucht-, Konserven- oder Trockenwarenregal«.","PLANNED","Limabohnen ist über einen vorbereiteten Einkauf im gut sortierten Bereich »Hülsenfrucht-, Konserven- oder Trockenwarenregal« im allgemeinen deutschen Handel planbar, lokal aber kein verlässlicher Standardartikel.","OPTIONAL","Limabohnen | Form: getrocknet oder vorgegart verwendbar | Bornheim gezielter Einkauf Deutschland Hülsenfrucht-, Konserven- oder Trockenwarenregal",""
"BUTTERMILK","Buttermilch","APPLICABLE","Fettarmes säuerliches Milchprodukt aus der Butterherstellung beziehungsweise entsprechender Kultivierung; nicht Kefir.","GENERAL_LOCAL","Katalogpfad gesäuertes Milchprodukt → Milchprodukte. Warengruppe Milchprodukt, formrelevanter Prüfhinweis aus der vollständigen Definition: »aus der Butterherstellung beziehungsweise entsprechender Kultivierung; nicht Kefir«. Regelweg in Bornheim über ortsübliche Vollsortimenter rund um Bornheim, konkret im Bereich »Molkereikühlregal«.","EASY","Buttermilch: gewöhnlicher lokaler Bezugsweg über den Bereich »Molkereikühlregal«.","OPTIONAL","Buttermilch | Form: aus der Butterherstellung beziehungsweise entsprechender Kultivierung; nicht Kefir | Bornheim Molkereikühlregal gewöhnlicher Handel",""
"BUTTERNUT_SQUASH","Butternut-Kürbis","APPLICABLE","Birnenförmiger Moschuskürbis mit dichtem, süßlich-nussigem Fruchtfleisch und kleiner Samenhöhle.","GENERAL_LOCAL","Katalogpfad Kürbis → Fruchtgemüse → Gemüse. Warengruppe Gemüse oder Pilz, formrelevanter Prüfhinweis aus der vollständigen Definition: »Moschuskürbis mit dichtem, süßlich-nussigem Fruchtfleisch und kleiner Samenhöhle«. Regelweg in Bornheim über die gewöhnliche Bornheimer Auslage »Obst- und Gemüseabteilung«.","EASY","Butternut-Kürbis: gewöhnlicher lokaler Bezugsweg über den Bereich »Obst- und Gemüseabteilung«.","OPTIONAL","Butternut-Kürbis | Form: Moschuskürbis mit dichtem, süßlich-nussigem Fruchtfleisch und kleiner Samenhöhle | Bornheim Obst- und Gemüseabteilung gewöhnlicher Handel",""
"CABBAGE_VEGETABLES","Kohlgemüse","APPLICABLE","Offene Vorgabe für Blatt-, Kopf-, Knospen- und Blütenformen der Kohlgemüsefamilie.","GENERAL_LOCAL","Katalogpfad Gemüse. Warengruppe Gemüse oder Pilz, formrelevanter Prüfhinweis aus der vollständigen Definition: »Vorgabe für Blatt-, Kopf-, Knospen- und Blütenformen der Kohlgemüsefamilie«. Regelweg in Bornheim über nahe Supermarktfilialen in Bornheim mit dem Bereich »Obst- und Gemüseabteilung«.","EASY","Kohlgemüse: gewöhnlicher lokaler Bezugsweg über den Bereich »Obst- und Gemüseabteilung«.","OPTIONAL","Kohlgemüse | Form: Vorgabe für Blatt-, Kopf-, Knospen- und Blütenformen der Kohlgemüsefamilie | Bornheim Obst- und Gemüseabteilung gewöhnlicher Handel",""
"CALAMANSI","Calamansi","APPLICABLE","Kleine südostasiatische Zitrusfrucht mit aromatischem, deutlich saurem Saft; frisch oder als ungesüßter Saft verwendbar.","NICHE_IMPORT","Katalogpfad Zitrusfrucht → Tropenfrucht → Obst. Warengruppe Obst, formrelevanter Prüfhinweis aus der vollständigen Definition: »frisch oder als ungesüßter Saft verwendbar«. Der v2-Anker hält den Engpass fest: Zulässig sind frische Frucht oder ungesüßter sortenreiner Saft verbreitete gesüßte Konzentrate zählen nicht passende Wege bleiben eng.","DIFFICULT","Calamansi: Zulässig sind frische Frucht oder ungesüßter sortenreiner Saft; verbreitete gesüßte Konzentrate zählen nicht passende Wege bleiben eng.","REQUIRED","Calamansi | Form: frisch oder als ungesüßter Saft verwendbar | Deutschland EU Exakttreffer Bestand Logistik Obst | freigegebener v2-Anker","REFERENCE_ANCHOR|EVIDENCE_REQUIRED|FORM_OR_ROUTE_FRAGILE"
"CALVADOS","Calvados","APPLICABLE","Französischer Apfel- beziehungsweise Apfel-Birnen-Brand nach Calvados-Art; nicht Cider, Apfellikör oder generischer Obstbrand.","GENERAL_BROAD","Geschützte Apfelbranntwein-Form aus der Normandie über allgemeinen Deutschlandversand; Conalco weist Papidoux Calvados Fine konkret lagernd mit kurzer Lieferzeit aus.","PLANNED","Calvados: Geschützte Apfelbranntwein-Form aus der Normandie über allgemeinen Deutschlandversand; Conalco weist Papidoux Calvados Fine konkret lagernd mit kurzer Lieferzeit aus.","REQUIRED","Papidoux Calvados Fine Normandie Apfelbrand Conalco lagernd Versand Deutschland","EVIDENCE_REQUIRED|BORDERLINE_PLANNED"
"CAMEMBERT","Camembert","APPLICABLE","Weicher Kuhmilchkäse mit Weißschimmelrinde und cremiger bis reifer, kräftiger Textur; nicht Brie.","GENERAL_LOCAL","Katalogpfad Käse → gesäuertes Milchprodukt → Milchprodukte. Warengruppe Käse, formrelevanter Prüfhinweis aus der vollständigen Definition: »und cremiger bis reifer, kräftiger Textur; nicht Brie«. Regelweg in Bornheim über nahe Supermarktfilialen in Bornheim mit dem Bereich »Käsekühlung oder Käsetheke«.","EASY","Camembert: gewöhnlicher lokaler Bezugsweg über den Bereich »Käsekühlung oder Käsetheke«.","OPTIONAL","Camembert | Form: und cremiger bis reifer, kräftiger Textur; nicht Brie | Bornheim Käsekühlung oder Käsetheke gewöhnlicher Handel",""
"CANNED_CHAMPIGNONS","Dosenchampignons","APPLICABLE","Gegarte Champignons aus Dose oder Glas in schlichter Lake; nicht eingelegte oder frische Champignons.","GENERAL_LOCAL","Katalogpfad Champignons → konservierte pflanzliche Zutat → Pilze → Gemüse. Warengruppe konservierte Pflanzenware, formrelevanter Prüfhinweis aus der vollständigen Definition: »nicht eingelegte oder frische Champignons«. Regelweg in Bornheim über die gewöhnliche Bornheimer Auslage »Konserven-, Glas- oder internationales Feinkostregal«.","EASY","Dosenchampignons: gewöhnlicher lokaler Bezugsweg über den Bereich »Konserven-, Glas- oder internationales Feinkostregal«.","OPTIONAL","Dosenchampignons | Form: nicht eingelegte oder frische Champignons | Bornheim Konserven-, Glas- oder internationales Feinkostregal gewöhnlicher Handel",""
"CANNED_SARDINES","Sardinen aus der Dose","APPLICABLE","Gegarte Sardinen als Konserve in Öl, Wasser oder einfacher Sauce; Flüssigkeit und Würzung können variieren.","GENERAL_LOCAL","Katalogpfad konservierter Fisch → Sardinen → Fisch → fettreicher Fisch. Warengruppe konservierter Fisch, formrelevanter Prüfhinweis aus der vollständigen Definition: »Flüssigkeit und Würzung können variieren«. Regelweg in Bornheim über ortsübliche Vollsortimenter rund um Bornheim, konkret im Bereich »Fischkonserven- oder internationales Trockenwarenregal«.","EASY","Sardinen aus der Dose: gewöhnlicher lokaler Bezugsweg über den Bereich »Fischkonserven- oder internationales Trockenwarenregal«.","OPTIONAL","Sardinen aus der Dose | Form: Flüssigkeit und Würzung können variieren | Bornheim Fischkonserven- oder internationales Trockenwarenregal gewöhnlicher Handel",""
"CANNED_TOMATOES","Dosentomaten","APPLICABLE","Geschälte oder stückige Tomaten als unkonzentrierte Konserve; nicht passierte Tomaten oder Tomatenmark.","GENERAL_LOCAL","Katalogpfad Tomate → Tomatenprodukt → Fruchtgemüse → Gemüse. Warengruppe konservierte Pflanzenware, formrelevanter Prüfhinweis aus der vollständigen Definition: »nicht passierte Tomaten oder Tomatenmark«. Regelweg in Bornheim über den lokalen Supermarktbereich »Konserven-, Glas- oder internationales Feinkostregal« in Bornheim.","EASY","Dosentomaten: gewöhnlicher lokaler Bezugsweg über den Bereich »Konserven-, Glas- oder internationales Feinkostregal«.","OPTIONAL","Dosentomaten | Form: nicht passierte Tomaten oder Tomatenmark | Bornheim Konserven-, Glas- oder internationales Feinkostregal gewöhnlicher Handel",""
"CANNED_TUNA","Thunfisch aus der Dose","APPLICABLE","Gegarter Thunfisch als Konserve in Öl oder eigenem Saft; nicht frisches Thunfischsteak.","GENERAL_LOCAL","Katalogpfad konservierter Fisch → Thunfisch → Fisch → Fisch und Meeresfrüchte. Warengruppe konservierter Fisch, formrelevanter Prüfhinweis aus der vollständigen Definition: »nicht frisches Thunfischsteak«. Regelweg in Bornheim über das örtliche Sortiment »Fischkonserven- oder internationales Trockenwarenregal« beim Wocheneinkauf in Bornheim.","EASY","Thunfisch aus der Dose: gewöhnlicher lokaler Bezugsweg über den Bereich »Fischkonserven- oder internationales Trockenwarenregal«.","OPTIONAL","Thunfisch aus der Dose | Form: nicht frisches Thunfischsteak | Bornheim Fischkonserven- oder internationales Trockenwarenregal gewöhnlicher Handel",""
"CANNELLINI_BEANS","Cannellini-Bohnen","APPLICABLE","Mittelgroße weiße Bohnen italienischer Art mit mildem Geschmack und cremiger Textur.","GENERAL_BROAD","Katalogpfad Bohnen → Hülsenfrüchte. Warengruppe Hülsenfrucht, formrelevanter Prüfhinweis aus der vollständigen Definition: »italienischer Art mit mildem Geschmack und cremiger Textur«. Georgias Beschaffung stützt sich hier auf „Hülsenfrucht-, Konserven- oder Trockenwarenregal über den Bestellservice eines größeren Markts“.","PLANNED","Cannellini-Bohnen: Georgias Beschaffung stützt sich hier auf „Hülsenfrucht-, Konserven- oder Trockenwarenregal über den Bestellservice eines größeren Markts“.","OPTIONAL","Cannellini-Bohnen | Form: italienischer Art mit mildem Geschmack und cremiger Textur | Bornheim gezielter Einkauf Deutschland Hülsenfrucht-, Konserven- oder Trockenwarenregal",""
"CANTALOUPE","Cantaloupe-Melone","APPLICABLE","Orangefleischige, aromatisch süße Melone mit typischer netzartiger oder gerippter Schale.","GENERAL_LOCAL","Katalogpfad Melone → Obst. Warengruppe Obst, formrelevanter Prüfhinweis aus der vollständigen Definition: »aromatisch süße Melone mit typischer netzartiger oder gerippter Schale«. Regelweg in Bornheim über den Bereich »Obst- und Gemüseabteilung« eines gewöhnlichen Bornheimer Vollsortimenters.","EASY","Cantaloupe-Melone: gewöhnlicher lokaler Bezugsweg über den Bereich »Obst- und Gemüseabteilung«.","OPTIONAL","Cantaloupe-Melone | Form: aromatisch süße Melone mit typischer netzartiger oder gerippter Schale | Bornheim Obst- und Gemüseabteilung gewöhnlicher Handel",""
"CAPERS","Kapern","APPLICABLE","Eingelegte Blütenknospen des Kapernstrauchs mit salzig-säuerlichem, pikantem Geschmack; nicht Kapernäpfel.","GENERAL_LOCAL","Katalogpfad konservierte pflanzliche Zutat. Warengruppe konservierte Pflanzenware, formrelevanter Prüfhinweis aus der vollständigen Definition: »nicht Kapernäpfel«. Regelweg in Bornheim über nahe Supermarktfilialen in Bornheim mit dem Bereich »Konserven-, Glas- oder internationales Feinkostregal«.","EASY","Kapern: gewöhnlicher lokaler Bezugsweg über den Bereich »Konserven-, Glas- oder internationales Feinkostregal«.","OPTIONAL","Kapern | Form: nicht Kapernäpfel | Bornheim Konserven-, Glas- oder internationales Feinkostregal gewöhnlicher Handel",""
"CARAWAY","Kümmel","APPLICABLE","Echter Kümmel mit warmem, anisartigem Aroma; nicht Kreuzkümmel.","GENERAL_LOCAL","Katalogpfad Gewürz oder trockenes Würzmittel. Warengruppe Gewürz, formrelevanter Prüfhinweis aus der vollständigen Definition: »nicht Kreuzkümmel«. Regelweg in Bornheim über nahe Supermarktfilialen in Bornheim mit dem Bereich »Gewürz- und Trockenwürzregal«.","EASY","Kümmel: gewöhnlicher lokaler Bezugsweg über den Bereich »Gewürz- und Trockenwürzregal«.","OPTIONAL","Kümmel | Form: nicht Kreuzkümmel | Bornheim Gewürz- und Trockenwürzregal gewöhnlicher Handel",""
"CARDAMOM","Kardamom","APPLICABLE","Aromatische Kardamomkapseln oder -samen; ohne weitere Konkretisierung ist grüner Kardamom gemeint. Schwarzer Kardamom besitzt ein deutlich herberes, häufig rauchiges Profil.","GENERAL_BROAD","Katalogpfad Gewürz oder trockenes Würzmittel. Warengruppe Gewürz, formrelevanter Prüfhinweis aus der vollständigen Definition: »Schwarzer Kardamom besitzt ein deutlich herberes, häufig rauchiges Profil«. Allgemein planbarer, aber nicht lokal garantierter Weg über einen vorbereiteten Einkauf im gut sortierten Bereich »Gewürz- und Trockenwürzregal«.","PLANNED","Kardamom ist über einen vorbereiteten Einkauf im gut sortierten Bereich »Gewürz- und Trockenwürzregal« im allgemeinen deutschen Handel planbar, lokal aber kein verlässlicher Standardartikel.","OPTIONAL","Kardamom | Form: Schwarzer Kardamom besitzt ein deutlich herberes, häufig rauchiges Profil | Bornheim gezielter Einkauf Deutschland Gewürz- und Trockenwürzregal",""
"CARP","Karpfen","APPLICABLE","Karpfen als frischer oder tiefgekühlter Süßwasserfisch; Zuschnitt und Zubereitungsform bleiben offen.","GENERAL_BROAD","Karpfenfilet ist bei einem deutschen TK-Händler aktuell bestellbar und bei einem unabhängigen Fischversender wiederkehrend gelistet; die heimische Saison und Kühlannahme verlangen Planung.","PLANNED","Karpfenfilet ist über einen deutschen TK-Händler bestellbar und bei einem unabhängigen Fischversender wiederkehrend gelistet; Saison und Kühlannahme erfordern Planung.","REQUIRED","Georgia Bornheim Karpfen frisch tiefgekühlt Fischkaufhaus nicht lieferbar Capibara Süddeutschland Tour Mindestbestellwert","EVIDENCE_REQUIRED|FORM_SENSITIVE|NARROW_ROUTE|RATING_RECONCILED_V2"
"CARROT","Karotte","APPLICABLE","Karotte als süßlich-erdiges Wurzelgemüse; Farbe und Größe bleiben offen.","GENERAL_LOCAL","Katalogpfad Wurzel- und Knollengemüse → Gemüse. Warengruppe Gemüse oder Pilz, formrelevanter Prüfhinweis aus der vollständigen Definition: »Farbe und Größe bleiben offen«. Regelweg in Bornheim über die gewöhnliche Bornheimer Auslage »Obst- und Gemüseabteilung«.","EASY","Karotte: gewöhnlicher lokaler Bezugsweg über den Bereich »Obst- und Gemüseabteilung«.","OPTIONAL","Karotte | Form: Farbe und Größe bleiben offen | Bornheim Obst- und Gemüseabteilung gewöhnlicher Handel",""
"CASHEW","Cashewkerne","APPLICABLE","Cremig-milde Cashewkerne; roh, geröstet oder ungesalzen verwendbar.","GENERAL_LOCAL","Katalogpfad Nüsse. Warengruppe Nuss, Saat oder Mus, formrelevanter Prüfhinweis aus der vollständigen Definition: »roh, geröstet oder ungesalzen verwendbar«. Regelweg in Bornheim über den Bereich »Nuss-, Saaten- oder Nussmusregal« eines gewöhnlichen Bornheimer Vollsortimenters.","EASY","Cashewkerne: gewöhnlicher lokaler Bezugsweg über den Bereich »Nuss-, Saaten- oder Nussmusregal«.","OPTIONAL","Cashewkerne | Form: roh, geröstet oder ungesalzen verwendbar | Bornheim Nuss-, Saaten- oder Nussmusregal gewöhnlicher Handel",""
"CASHEW_BUTTER","Cashewmus","APPLICABLE","Fein vermahlene Cashewpaste mit cremiger Textur; ungesüßte und leicht gesüßte Varianten sind umfasst.","GENERAL_BROAD","Katalogpfad Cashewkerne → Nuss- oder Samenpaste → Nüsse → Sauce, Würzmittel oder Paste. Warengruppe Nuss- oder Saatenpaste, formrelevanter Prüfhinweis aus der vollständigen Definition: »ungesüßte und leicht gesüßte Varianten sind umfasst«. Allgemein planbarer, aber nicht lokal garantierter Weg über eine gezielte Filial- oder Bestellprüfung für Nuss- oder Saatenpaste im allgemeinen deutschen Handel.","PLANNED","Cashewmus ist über eine gezielte Filial- oder Bestellprüfung für Nuss- oder Saatenpaste im allgemeinen deutschen Handel planbar, lokal aber kein verlässlicher Standardartikel.","OPTIONAL","Cashewmus | Form: ungesüßte und leicht gesüßte Varianten sind umfasst | Bornheim gezielter Einkauf Deutschland Aufstrich-, Nussmus- oder Feinkostregal",""
"CASSAVA","Maniok","APPLICABLE","Stärkereiche Maniokwurzel, die nur geschält und ausreichend gegart verwendet wird; nicht Tapiokastärke.","SPECIALTY_BROAD","Katalogpfad Wurzel- und Knollengemüse → stärkehaltige Zutat oder Sättigungsbeilage → Gemüse. Warengruppe Gemüse oder Pilz, formrelevanter Prüfhinweis aus der vollständigen Definition: »nicht Tapiokastärke«. Breiter einschlägiger Spezialmarkt über die voneinander unabhängigen Händler Asiatischer Lebensmittelladen – Maniok sowie Asia4Friends – Gemüse.","SPECIALTY","Maniok ist im einschlägigen Spezialmarkt breit etabliert; dokumentierte reguläre Wege sind die voneinander unabhängigen Händler Asiatischer Lebensmittelladen – Maniok sowie Asia4Friends – Gemüse.","REQUIRED","Maniok | Form: nicht Tapiokastärke | Deutschland unabhängige Spezialhändler Gemüse oder Pilz | geprüfte Quellen: Asiatischer Lebensmittelladen – Maniok ; Asia4Friends – Gemüse","EVIDENCE_REQUIRED"
"CATFISH","Wels","APPLICABLE","Wels als festfleischiger Süßwasserfisch; Art und Zuschnitt bleiben offen.","GENERAL_BROAD","Ahrenhorster – frisches Wallerfilet ohne Haut und Bauch belegt: Ahrenhorster bietet frisches Wallerfilet aus deutscher Aquakultur im Warenkorb an, verarbeitet es am Vortag und verschickt die vakuumierten Filets mit Kühlpacks per DPD Food Express. Der Bezug erfolgt über Deutschland; Wunschtermin per DPD Food Express, Verarbeitung am Vortag; maßgeblich ist CHILLED_SHIPPING. Belegt ist enthäutetes Filet in einer Vorratsbox ab zwei Kilogramm, nicht jeder offene Welszuschnitt; Liefertermine bleiben bestellabhängig.","PLANNED","Wels: Ahrenhorster bietet frisches Wallerfilet aus deutscher Aquakultur im Warenkorb an, verarbeitet es am Vortag und verschickt die vakuumierten Filets mit Kühlpacks per DPD Food Express.","OPTIONAL","Wallerfilet Silurus glanis frisch Ahrenhorster DPD Food Express Bornheim Rostock | Georgia Bornheim Rheinland | Ahrenhorster – frisches Wallerfilet ohne Haut und Bauch | IN_STOCK CHILLED_SHIPPING",""
"CAULIFLOWER","Blumenkohl","APPLICABLE","Kohlgemüse mit dichtem, hellem Blütenstand; Blätter und Strunk können kulinarisch mitverwendet werden.","GENERAL_LOCAL","Katalogpfad Kohlgemüse → Blütengemüse → Gemüse. Warengruppe Gemüse oder Pilz, formrelevanter Prüfhinweis aus der vollständigen Definition: »Blätter und Strunk können kulinarisch mitverwendet werden«. Regelweg in Bornheim über die gewöhnliche Bornheimer Auslage »Obst- und Gemüseabteilung«.","EASY","Blumenkohl: gewöhnlicher lokaler Bezugsweg über den Bereich »Obst- und Gemüseabteilung«.","OPTIONAL","Blumenkohl | Form: Blätter und Strunk können kulinarisch mitverwendet werden | Bornheim Obst- und Gemüseabteilung gewöhnlicher Handel",""
"CAVA","Cava","APPLICABLE","Schaumwein der geschützten Ursprungsbezeichnung Cava, überwiegend in Spanien nach traditioneller Flaschengärung erzeugt; Süßegrad und Reife können variieren. Nicht generischer Schaumwein, Champagner oder Prosecco.","GENERAL_BROAD","Spanischer Schaumwein mit Cava-Bezeichnung im allgemeinen Versand; vomFASS listet Cava Brut Reserva Stars aktuell verfügbar und mit deutscher Standardlieferung.","PLANNED","Cava: Spanischer Schaumwein mit Cava-Bezeichnung im allgemeinen Versand; vomFASS listet Cava Brut Reserva Stars aktuell verfügbar und mit deutscher Standardlieferung.","REQUIRED","Cava Brut Reserva Stars vomFASS verfügbar Deutschland Versand","EVIDENCE_REQUIRED|BORDERLINE_PLANNED"
"CAYENNE_PEPPER","Cayennepfeffer","APPLICABLE","Fein gemahlenes scharfes Chilipulver nach Cayenne-Art; trotz des Namens kein echter Pfeffer.","GENERAL_LOCAL","Katalogpfad Chilipulver → getrocknete Chili → Gewürz oder trockenes Würzmittel. Warengruppe Gewürz, formrelevanter Prüfhinweis aus der vollständigen Definition: »trotz des Namens kein echter Pfeffer«. Regelweg in Bornheim über das örtliche Sortiment »Gewürz- und Trockenwürzregal« beim Wocheneinkauf in Bornheim.","EASY","Cayennepfeffer: gewöhnlicher lokaler Bezugsweg über den Bereich »Gewürz- und Trockenwürzregal«.","OPTIONAL","Cayennepfeffer | Form: trotz des Namens kein echter Pfeffer | Bornheim Gewürz- und Trockenwürzregal gewöhnlicher Handel",""
"CELERIAC","Knollensellerie","APPLICABLE","Knollensellerie mit festem, intensiv sellerieartigem Fleisch; nicht Staudensellerie.","GENERAL_LOCAL","Katalogpfad Wurzel- und Knollengemüse → Gemüse. Warengruppe Gemüse oder Pilz, formrelevanter Prüfhinweis aus der vollständigen Definition: »nicht Staudensellerie«. Regelweg in Bornheim über die gewöhnliche Bornheimer Auslage »Obst- und Gemüseabteilung«.","EASY","Knollensellerie: gewöhnlicher lokaler Bezugsweg über den Bereich »Obst- und Gemüseabteilung«.","OPTIONAL","Knollensellerie | Form: nicht Staudensellerie | Bornheim Obst- und Gemüseabteilung gewöhnlicher Handel",""
"CELERY_STALK","Staudensellerie","APPLICABLE","Staudensellerie mit knackigen Blattstielen und frischem Selleriearoma; nicht Knollensellerie.","GENERAL_LOCAL","Katalogpfad Stängelgemüse → Gemüse. Warengruppe Gemüse oder Pilz, formrelevanter Prüfhinweis aus der vollständigen Definition: »nicht Knollensellerie«. Regelweg in Bornheim über den Bereich »Obst- und Gemüseabteilung« eines gewöhnlichen Bornheimer Vollsortimenters.","EASY","Staudensellerie: gewöhnlicher lokaler Bezugsweg über den Bereich »Obst- und Gemüseabteilung«.","OPTIONAL","Staudensellerie | Form: nicht Knollensellerie | Bornheim Obst- und Gemüseabteilung gewöhnlicher Handel",""
"CHAMPIGNON","frische Champignons","APPLICABLE","Frischer Zuchtchampignon ohne Festlegung auf die weiße oder braune Form; konservierte Champignons und andere Speisepilze sind nicht gemeint.","GENERAL_LOCAL","Katalogpfad Champignons → Pilze → Gemüse. Warengruppe Gemüse oder Pilz, formrelevanter Prüfhinweis aus der vollständigen Definition: »konservierte Champignons und andere Speisepilze sind nicht gemeint«. Regelweg in Bornheim über nahe Supermarktfilialen in Bornheim mit dem Bereich »Obst- und Gemüseabteilung«.","EASY","frische Champignons: gewöhnlicher lokaler Bezugsweg über den Bereich »Obst- und Gemüseabteilung«.","OPTIONAL","frische Champignons | Form: konservierte Champignons und andere Speisepilze sind nicht gemeint | Bornheim Obst- und Gemüseabteilung gewöhnlicher Handel",""
"CHAMPIGNONS","Champignons","APPLICABLE","Offene Champignonfamilie einschließlich frischer und konservierter Produktformen; nicht sämtliche Speisepilze.","GENERAL_LOCAL","Katalogpfad Pilze → Gemüse. Warengruppe Gemüse oder Pilz, formrelevanter Prüfhinweis aus der vollständigen Definition: »nicht sämtliche Speisepilze«. Regelweg in Bornheim über ortsübliche Vollsortimenter rund um Bornheim, konkret im Bereich »Obst- und Gemüseabteilung«.","EASY","Champignons: gewöhnlicher lokaler Bezugsweg über den Bereich »Obst- und Gemüseabteilung«.","OPTIONAL","Champignons | Form: nicht sämtliche Speisepilze | Bornheim Obst- und Gemüseabteilung gewöhnlicher Handel",""
"CHANTERELLE","Pfifferlinge","APPLICABLE","Pfifferlinge mit festem Biss und pfeffrig-fruchtigem Waldpilzaroma; frisch, tiefgekühlt oder getrocknet verwendbar.","GENERAL_BROAD","Violey – BioGourmet Pfifferlinge getrocknet 20 g belegt formgenau: Violey führt formgenaue getrocknete Pfifferlinge als haltbare 20-g-Packung mit positiv ausgewiesenem Bestand. Für Georgia in Bornheim gilt: Deutschlandweiter Standardversand nach Bornheim und Rostock; Logistik STANDARD_SHIPPING. Die stabile Route nutzt die zulässige Trockenform; frische Pfifferlinge bleiben saison- und marktbestandsabhängig.","PLANNED","Pfifferlinge: Violey führt formgenaue getrocknete Pfifferlinge als haltbare 20-g-Packung mit positiv ausgewiesenem Bestand.","REQUIRED","BioGourmet Pfifferlinge getrocknet 20 g Violey Bestand | Georgia in Bornheim | IN_STOCK STANDARD_SHIPPING","EVIDENCE_REQUIRED|BORDERLINE_PLANNED"
"CHARD","Mangold","APPLICABLE","Mangold mit fleischigen Stielen und großen Blättern; beide Teile sind essbar und benötigen oft unterschiedliche Garzeiten.","GENERAL_BROAD","Katalogpfad Blattgemüse → Gemüse. Warengruppe Gemüse oder Pilz, formrelevanter Prüfhinweis aus der vollständigen Definition: »beide Teile sind essbar und benötigen oft unterschiedliche Garzeiten«. Allgemein planbarer, aber nicht lokal garantierter Weg über eine konkrete Vorbestellung oder Bestandsabfrage für Gemüse oder Pilz.","PLANNED","Mangold ist über eine konkrete Vorbestellung oder Bestandsabfrage für Gemüse oder Pilz im allgemeinen deutschen Handel planbar, lokal aber kein verlässlicher Standardartikel.","OPTIONAL","Mangold | Form: beide Teile sind essbar und benötigen oft unterschiedliche Garzeiten | Bornheim gezielter Einkauf Deutschland Obst- und Gemüseabteilung",""
"CHEDDAR","Cheddar","APPLICABLE","Fester bis halbfester Kuhmilchkäse nach Cheddar-Art; Reifegrad reicht von mild-cremig bis kräftig-würzig.","GENERAL_LOCAL","Katalogpfad Käse → gesäuertes Milchprodukt → Milchprodukte. Warengruppe Käse, formrelevanter Prüfhinweis aus der vollständigen Definition: »Reifegrad reicht von mild-cremig bis kräftig-würzig«. Regelweg in Bornheim über den regulären Bornheimer Regalweg »Käsekühlung oder Käsetheke«.","EASY","Cheddar: gewöhnlicher lokaler Bezugsweg über den Bereich »Käsekühlung oder Käsetheke«.","OPTIONAL","Cheddar | Form: Reifegrad reicht von mild-cremig bis kräftig-würzig | Bornheim Käsekühlung oder Käsetheke gewöhnlicher Handel",""
"CHEESE","Käse","APPLICABLE","Offene Vorgabe für Käse; Milchart, Textur, Reife und Intensität bleiben als echte Auswahlentscheidung offen.","GENERAL_LOCAL","Katalogpfad gesäuertes Milchprodukt → Milchprodukte. Warengruppe Käse, formrelevanter Prüfhinweis aus der vollständigen Definition: »Milchart, Textur, Reife und Intensität bleiben als echte Auswahlentscheidung offen«. Regelweg in Bornheim über den Bereich »Käsekühlung oder Käsetheke« eines gewöhnlichen Bornheimer Vollsortimenters.","EASY","Käse: gewöhnlicher lokaler Bezugsweg über den Bereich »Käsekühlung oder Käsetheke«.","OPTIONAL","Käse | Form: Milchart, Textur, Reife und Intensität bleiben als echte Auswahlentscheidung offen | Bornheim Käsekühlung oder Käsetheke gewöhnlicher Handel",""
"CHERRY","Kirsche","APPLICABLE","Süßkirsche als frische oder ungesüßt tiefgekühlte Steinfrucht; Sauerkirsche bleibt getrennt.","GENERAL_LOCAL","Katalogpfad Steinobst → Obst. Warengruppe Obst, formrelevanter Prüfhinweis aus der vollständigen Definition: »Sauerkirsche bleibt getrennt«. Regelweg in Bornheim über den Bereich »Obst- und Gemüseabteilung« eines gewöhnlichen Bornheimer Vollsortimenters.","EASY","Kirsche: gewöhnlicher lokaler Bezugsweg über den Bereich »Obst- und Gemüseabteilung«.","OPTIONAL","Kirsche | Form: Sauerkirsche bleibt getrennt | Bornheim Obst- und Gemüseabteilung gewöhnlicher Handel",""
"CHERRY_TOMATO","Kirschtomaten","APPLICABLE","Kleine süße Tomaten mit hohem Schalenanteil; Farbe und konkrete Sorte bleiben offen.","GENERAL_LOCAL","Katalogpfad Tomate → Fruchtgemüse → Gemüse. Warengruppe Gemüse oder Pilz, formrelevanter Prüfhinweis aus der vollständigen Definition: »Farbe und konkrete Sorte bleiben offen«. Regelweg in Bornheim über die gewöhnliche Bornheimer Auslage »Obst- und Gemüseabteilung«.","EASY","Kirschtomaten: gewöhnlicher lokaler Bezugsweg über den Bereich »Obst- und Gemüseabteilung«.","OPTIONAL","Kirschtomaten | Form: Farbe und konkrete Sorte bleiben offen | Bornheim Obst- und Gemüseabteilung gewöhnlicher Handel",""
"CHERVIL","Kerbel","APPLICABLE","Frischer Kerbel als fein-aromatisches Küchenkraut. Nicht Kerbelwurzel und nicht getrocknete Kräutermischung.","GENERAL_BROAD","Frischer Kerbel ist als Bundware bei zwei unabhängigen Gemüseversendern und als essbare Topfpflanze im allgemeinen Handel belegt; Saison und lokaler Bestand verlangen Planung.","PLANNED","Frischer Kerbel ist als Bundware bei unabhängigen Gemüseversendern und als essbare Topfpflanze im allgemeinen Handel planbar, lokal aber saisonabhängig.","REQUIRED","Georgia Bornheim frischer Kerbel Bund Knuspr nicht verfügbar Enseleit Topfpflanze Pflanzenversand","EVIDENCE_REQUIRED|FORM_SENSITIVE|NARROW_ROUTE|RATING_RECONCILED_V2"
"CHESTNUT","Esskastanien","APPLICABLE","Stärkereiche Esskastanien mit süßlich-nussigem Geschmack; gegart, vakuumiert oder als ungesüßtes Püree verwendbar.","GENERAL_BROAD","Kleine Abtei – gekochte vakuumierte Maronen 200 g belegt formgenau: Kleine Abtei bietet gekochte, geschälte und vakuumierte Edelkastanien ohne Wasser- oder Salzzusatz sofort ab Lager an. Für Georgia in Bornheim gilt: Versand nach Deutschland und Österreich; 1–3 Werktage; Logistik STANDARD_SHIPPING. Der haltbare Weg belegt die gegarte Form, nicht frische Saisonmaronen oder gesüßte Kastaniencreme.","PLANNED","Esskastanien: Kleine Abtei bietet gekochte, geschälte und vakuumierte Edelkastanien ohne Wasser- oder Salzzusatz sofort ab Lager an.","OPTIONAL","Maronen Edelkastanien gekocht geschält vakuumiert 200 g sofort versandfertig | Georgia in Bornheim | IN_STOCK STANDARD_SHIPPING",""
"CHIA_SEEDS","Chiasamen","APPLICABLE","Kleine quellfähige Samen, die Flüssigkeit gelartig binden; hell oder dunkel verwendbar.","GENERAL_LOCAL","Katalogpfad Kerne und Samen. Warengruppe Nuss, Saat oder Mus, formrelevanter Prüfhinweis aus der vollständigen Definition: »hell oder dunkel verwendbar«. Regelweg in Bornheim über das örtliche Sortiment »Nuss-, Saaten- oder Nussmusregal« beim Wocheneinkauf in Bornheim.","EASY","Chiasamen: gewöhnlicher lokaler Bezugsweg über den Bereich »Nuss-, Saaten- oder Nussmusregal«.","OPTIONAL","Chiasamen | Form: hell oder dunkel verwendbar | Bornheim Nuss-, Saaten- oder Nussmusregal gewöhnlicher Handel","RATING_RECONCILED_V2"
"CHICKEN","Hähnchen","APPLICABLE","Hähnchenfleisch ohne Festlegung auf einen Zuschnitt; ganzes Tier und unterschiedliche Teilstücke sind umfasst.","GENERAL_LOCAL","Katalogpfad Geflügel → Fleisch. Warengruppe Fleisch, formrelevanter Prüfhinweis aus der vollständigen Definition: »ganzes Tier und unterschiedliche Teilstücke sind umfasst«. Regelweg in Bornheim über die gewöhnliche Bornheimer Auslage »Fleischkühlung oder Bedientheke«.","EASY","Hähnchen: Gängige Hähnchenformen gehören zum gewöhnlichen lokalen Supermarktsortiment.","OPTIONAL","Hähnchen | Form: ganzes Tier und unterschiedliche Teilstücke sind umfasst | Bornheim Fleischkühlung oder Bedientheke gewöhnlicher Handel","REFERENCE_ANCHOR"
"CHICKEN_BREAST","Hähnchenbrust","APPLICABLE","Mageres helles Brustfleisch vom Hähnchen; mit oder ohne Haut und Knochen verwendbar.","GENERAL_LOCAL","Katalogpfad Hähnchen → Geflügel → Fleisch. Warengruppe Fleisch, formrelevanter Prüfhinweis aus der vollständigen Definition: »mit oder ohne Haut und Knochen verwendbar«. Regelweg in Bornheim über den Bereich »Fleischkühlung oder Bedientheke« eines gewöhnlichen Bornheimer Vollsortimenters.","EASY","Hähnchenbrust: gewöhnlicher lokaler Bezugsweg über den Bereich »Fleischkühlung oder Bedientheke«.","OPTIONAL","Hähnchenbrust | Form: mit oder ohne Haut und Knochen verwendbar | Bornheim Fleischkühlung oder Bedientheke gewöhnlicher Handel",""
"CHICKEN_DRUMSTICKS","Hähnchenunterkeulen","APPLICABLE","Unterer Teil der Hähnchenkeule mit Knochen und dunklem Fleisch; nicht die vollständige Keule.","GENERAL_LOCAL","Katalogpfad Hähnchen → Geflügel → Fleisch. Warengruppe Fleisch, formrelevanter Prüfhinweis aus der vollständigen Definition: »nicht die vollständige Keule«. Regelweg in Bornheim über nahe Supermarktfilialen in Bornheim mit dem Bereich »Fleischkühlung oder Bedientheke«.","EASY","Hähnchenunterkeulen: gewöhnlicher lokaler Bezugsweg über den Bereich »Fleischkühlung oder Bedientheke«.","OPTIONAL","Hähnchenunterkeulen | Form: nicht die vollständige Keule | Bornheim Fleischkühlung oder Bedientheke gewöhnlicher Handel",""
"CHICKEN_FEET","Hühnerfüße","APPLICABLE","Küchenfertig gereinigte Hühnerfüße mit hohem Haut-, Sehnen- und Knorpelanteil; frisch oder tiefgekühlt verwendbar. Nicht bereits marinierte, eingelegte oder vollständig zubereitete Snackprodukte.","SPECIALTY_BROAD","Katalogpfad Hähnchen → Innereien → Geflügel → Fleisch. Warengruppe Fleisch, formrelevanter Prüfhinweis aus der vollständigen Definition: »Nicht bereits marinierte, eingelegte oder vollständig zubereitete Snackprodukte«. Breiter einschlägiger Spezialmarkt über die voneinander unabhängigen Händler AsianBrand – Hühnerfüße tiefgefroren sowie Asia Moin – Hühnerfüße.","SPECIALTY","Hühnerfüße ist im einschlägigen Spezialmarkt breit etabliert; dokumentierte reguläre Wege sind die voneinander unabhängigen Händler AsianBrand – Hühnerfüße tiefgefroren sowie Asia Moin – Hühnerfüße.","REQUIRED","Hühnerfüße | Form: Nicht bereits marinierte, eingelegte oder vollständig zubereitete Snackprodukte | Deutschland unabhängige Spezialhändler Fleisch | geprüfte Quellen: AsianBrand – Hühnerfüße tiefgefroren ; Asia Moin – Hühnerfüße","EVIDENCE_REQUIRED"
"CHICKEN_LIVER","Hähnchenleber","APPLICABLE","Kleine zarte Geflügelleber mit kräftigem, aber milderem Aroma als Rinderleber.","GENERAL_BROAD","Katalogpfad Hähnchen → Innereien → Geflügel → Fleisch. Warengruppe Fleisch, formrelevanter Prüfhinweis aus der vollständigen Definition: »zarte Geflügelleber mit kräftigem, aber milderem Aroma als Rinderleber«. Allgemein planbarer, aber nicht lokal garantierter Weg über einen vorbereiteten Einkauf im gut sortierten Bereich »Fleischkühlung oder Bedientheke«.","PLANNED","Hähnchenleber ist über einen vorbereiteten Einkauf im gut sortierten Bereich »Fleischkühlung oder Bedientheke« im allgemeinen deutschen Handel planbar, lokal aber kein verlässlicher Standardartikel.","OPTIONAL","Hähnchenleber | Form: zarte Geflügelleber mit kräftigem, aber milderem Aroma als Rinderleber | Bornheim gezielter Einkauf Deutschland Fleischkühlung oder Bedientheke",""
"CHICKEN_STOCK","Hühnerbrühe","APPLICABLE","Brühe oder Fond auf Hühnerbasis; selbst gekocht oder als schlichtes Fertigprodukt verwendbar.","GENERAL_LOCAL","Katalogpfad Brühe oder Fond. Warengruppe Brühe oder Fond, formrelevanter Prüfhinweis aus der vollständigen Definition: »selbst gekocht oder als schlichtes Fertigprodukt verwendbar«. Regelweg in Bornheim über den Bereich »Brühen-, Fond- und Suppenregal« eines gewöhnlichen Bornheimer Vollsortimenters.","EASY","Hühnerbrühe: gewöhnlicher lokaler Bezugsweg über den Bereich »Brühen-, Fond- und Suppenregal«.","OPTIONAL","Hühnerbrühe | Form: selbst gekocht oder als schlichtes Fertigprodukt verwendbar | Bornheim Brühen-, Fond- und Suppenregal gewöhnlicher Handel",""
"CHICKEN_THIGH","Hähnchenschenkel","APPLICABLE","Saftiges dunkles Fleisch vom Hähnchenschenkel; ausgelöst oder mit Knochen und Haut verwendbar.","GENERAL_LOCAL","Katalogpfad Hähnchen → Geflügel → Fleisch. Warengruppe Fleisch, formrelevanter Prüfhinweis aus der vollständigen Definition: »ausgelöst oder mit Knochen und Haut verwendbar«. Regelweg in Bornheim über das örtliche Sortiment »Fleischkühlung oder Bedientheke« beim Wocheneinkauf in Bornheim.","EASY","Hähnchenschenkel: gewöhnlicher lokaler Bezugsweg über den Bereich »Fleischkühlung oder Bedientheke«.","OPTIONAL","Hähnchenschenkel | Form: ausgelöst oder mit Knochen und Haut verwendbar | Bornheim Fleischkühlung oder Bedientheke gewöhnlicher Handel",""
"CHICKEN_WINGS","Hähnchenflügel","APPLICABLE","Hähnchenflügel mit Haut, Knochen und hohem Kollagenanteil; ganz oder in Gelenkstücke geteilt.","GENERAL_LOCAL","Katalogpfad Hähnchen → Geflügel → Fleisch. Warengruppe Fleisch, formrelevanter Prüfhinweis aus der vollständigen Definition: »ganz oder in Gelenkstücke geteilt«. Regelweg in Bornheim über den regulären Bornheimer Regalweg »Fleischkühlung oder Bedientheke«.","EASY","Hähnchenflügel: gewöhnlicher lokaler Bezugsweg über den Bereich »Fleischkühlung oder Bedientheke«.","OPTIONAL","Hähnchenflügel | Form: ganz oder in Gelenkstücke geteilt | Bornheim Fleischkühlung oder Bedientheke gewöhnlicher Handel",""
"CHICKPEA_FLOUR","Kichererbsenmehl","APPLICABLE","Fein gemahlene trockene Kichererbsen mit nussigem Geschmack und guter Bindewirkung; nicht Weizenmehl.","GENERAL_BROAD","Katalogpfad Kichererbsen → Mehl → Hülsenfrüchte → stärkehaltige Zutat oder Sättigungsbeilage. Warengruppe Hülsenfrucht, formrelevanter Prüfhinweis aus der vollständigen Definition: »nicht Weizenmehl«. Allgemein planbarer, aber nicht lokal garantierter Weg über eine konkrete Vorbestellung oder Bestandsabfrage für Hülsenfrucht.","PLANNED","Kichererbsenmehl ist über eine konkrete Vorbestellung oder Bestandsabfrage für Hülsenfrucht im allgemeinen deutschen Handel planbar, lokal aber kein verlässlicher Standardartikel.","OPTIONAL","Kichererbsenmehl | Form: nicht Weizenmehl | Bornheim gezielter Einkauf Deutschland Hülsenfrucht-, Konserven- oder Trockenwarenregal",""
"CHICKPEAS","Kichererbsen","APPLICABLE","Kichererbsen mit nussigem Geschmack und mehlig-cremiger Textur; getrocknet oder vorgegart verwendbar.","GENERAL_LOCAL","Katalogpfad Hülsenfrüchte. Warengruppe Hülsenfrucht, formrelevanter Prüfhinweis aus der vollständigen Definition: »getrocknet oder vorgegart verwendbar«. Regelweg in Bornheim über das örtliche Sortiment »Hülsenfrucht-, Konserven- oder Trockenwarenregal« beim Wocheneinkauf in Bornheim.","EASY","Kichererbsen: gewöhnlicher lokaler Bezugsweg über den Bereich »Hülsenfrucht-, Konserven- oder Trockenwarenregal«.","OPTIONAL","Kichererbsen | Form: getrocknet oder vorgegart verwendbar | Bornheim Hülsenfrucht-, Konserven- oder Trockenwarenregal gewöhnlicher Handel",""
"CHICORY","Chicorée","APPLICABLE","Chicorée als kompakter, blass getriebener Blattsalat mit charakteristischer Bitterkeit; roh und gegart verwendbar.","GENERAL_LOCAL","Katalogpfad Blattsalat → Blattgemüse → Gemüse. Warengruppe Gemüse oder Pilz, formrelevanter Prüfhinweis aus der vollständigen Definition: »roh und gegart verwendbar«. Regelweg in Bornheim über das örtliche Sortiment »Obst- und Gemüseabteilung« beim Wocheneinkauf in Bornheim.","EASY","Chicorée: gewöhnlicher lokaler Bezugsweg über den Bereich »Obst- und Gemüseabteilung«.","OPTIONAL","Chicorée | Form: roh und gegart verwendbar | Bornheim Obst- und Gemüseabteilung gewöhnlicher Handel",""
"CHILI","frische Chili","APPLICABLE","Frische Chili als Fruchtgemüse; trockene, pulverisierte und eingelegte Formen sind damit nicht gemeint.","GENERAL_LOCAL","Katalogpfad Fruchtgemüse → Gemüse. Warengruppe Gemüse oder Pilz, formrelevanter Prüfhinweis aus der vollständigen Definition: »trockene, pulverisierte und eingelegte Formen sind damit nicht gemeint«. Regelweg in Bornheim über ortsübliche Vollsortimenter rund um Bornheim, konkret im Bereich »Obst- und Gemüseabteilung«.","EASY","frische Chili: gewöhnlicher lokaler Bezugsweg über den Bereich »Obst- und Gemüseabteilung«.","OPTIONAL","frische Chili | Form: trockene, pulverisierte und eingelegte Formen sind damit nicht gemeint | Bornheim Obst- und Gemüseabteilung gewöhnlicher Handel",""
"CHILI_CONDIMENTS","Chilisauce oder -paste","APPLICABLE","Offene Vorgabe für verzehrfertige Chilisaucen oder -pasten; Stil, Fermentation und Schärfe bleiben wählbar.","GENERAL_LOCAL","Katalogpfad fertige Sauce oder Würzpaste → Sauce, Würzmittel oder Paste. Warengruppe Sauce oder Würzpaste, formrelevanter Prüfhinweis aus der vollständigen Definition: »Stil, Fermentation und Schärfe bleiben wählbar«. Regelweg in Bornheim über ortsübliche Vollsortimenter rund um Bornheim, konkret im Bereich »Saucen-, Würzpasten- und Feinkostregal«.","EASY","Chilisauce oder -paste: gewöhnlicher lokaler Bezugsweg über den Bereich »Saucen-, Würzpasten- und Feinkostregal«.","OPTIONAL","Chilisauce oder -paste | Form: Stil, Fermentation und Schärfe bleiben wählbar | Bornheim Saucen-, Würzpasten- und Feinkostregal gewöhnlicher Handel",""
"CHILI_CRISP","Chili-Crisp","APPLICABLE","Ölbasierte Chiliwürze mit knusprigen Chili-, Zwiebel- oder Gewürzbestandteilen; nicht bloß Chiliöl.","GENERAL_BROAD","Katalogpfad Chilisauce oder -paste → fertige Sauce oder Würzpaste → Sauce, Würzmittel oder Paste. Warengruppe Sauce oder Würzpaste, formrelevanter Prüfhinweis aus der vollständigen Definition: »nicht bloß Chiliöl«. Allgemein planbarer, aber nicht lokal garantierter Weg über eine vorab zu prüfendes Sortiment im Bereich »Saucen-, Würzpasten- und Feinkostregal« eines großen Bornheimer Markts.","PLANNED","Chili-Crisp ist über ein vorab zu prüfendes Sortiment im Bereich »Saucen-, Würzpasten- und Feinkostregal« eines großen Bornheimer Markts im allgemeinen deutschen Handel planbar, lokal aber kein verlässlicher Standardartikel.","OPTIONAL","Chili-Crisp | Form: nicht bloß Chiliöl | Bornheim gezielter Einkauf Deutschland Saucen-, Würzpasten- und Feinkostregal",""
"CHILI_FLAKES","Chiliflocken","APPLICABLE","Getrocknete Chiliflocken mit variabler Sorte, Schärfe und regionaler Würzung; nicht fein gemahlenes Chilipulver.","GENERAL_LOCAL","Katalogpfad getrocknete Chili → Gewürz oder trockenes Würzmittel. Warengruppe Gewürz, formrelevanter Prüfhinweis aus der vollständigen Definition: »nicht fein gemahlenes Chilipulver«. Regelweg in Bornheim über den Bereich »Gewürz- und Trockenwürzregal« eines gewöhnlichen Bornheimer Vollsortimenters.","EASY","Chiliflocken: gewöhnlicher lokaler Bezugsweg über den Bereich »Gewürz- und Trockenwürzregal«.","OPTIONAL","Chiliflocken | Form: nicht fein gemahlenes Chilipulver | Bornheim Gewürz- und Trockenwürzregal gewöhnlicher Handel",""
"CHILI_OIL","Chiliöl","APPLICABLE","Mit Chili aromatisiertes Speiseöl, klar oder mit Sediment; nicht automatisch knuspriges Chili-Crisp.","GENERAL_BROAD","Katalogpfad Chilisauce oder -paste → Speiseöl → fertige Sauce oder Würzpaste → Kochfett. Warengruppe Sauce oder Würzpaste, formrelevanter Prüfhinweis aus der vollständigen Definition: »nicht automatisch knuspriges Chili-Crisp«. Allgemein planbarer, aber nicht lokal garantierter Weg über eine konkrete Vorbestellung oder Bestandsabfrage für Sauce oder Würzpaste.","PLANNED","Chiliöl ist über eine konkrete Vorbestellung oder Bestandsabfrage für Sauce oder Würzpaste im allgemeinen deutschen Handel planbar, lokal aber kein verlässlicher Standardartikel.","OPTIONAL","Chiliöl | Form: nicht automatisch knuspriges Chili-Crisp | Bornheim gezielter Einkauf Deutschland Saucen-, Würzpasten- und Feinkostregal",""
"CHILI_POWDER","Chilipulver","APPLICABLE","Reines oder sortentypisches Chilipulver; keine zusammengesetzte Gewürzmischung.","GENERAL_LOCAL","Katalogpfad getrocknete Chili → Gewürz oder trockenes Würzmittel. Warengruppe Gewürz, formrelevanter Prüfhinweis aus der vollständigen Definition: »keine zusammengesetzte Gewürzmischung«. Regelweg in Bornheim über den lokalen Supermarktbereich »Gewürz- und Trockenwürzregal« in Bornheim.","EASY","Chilipulver: gewöhnlicher lokaler Bezugsweg über den Bereich »Gewürz- und Trockenwürzregal«.","OPTIONAL","Chilipulver | Form: keine zusammengesetzte Gewürzmischung | Bornheim Gewürz- und Trockenwürzregal gewöhnlicher Handel",""
"CHIPOTLE","Chipotle","APPLICABLE","Geräucherte und getrocknete reife Jalapeño mit mittlerer Schärfe; ganz, gemahlen oder in schlichter Adobo-Konserve verwendbar.","GENERAL_BROAD","Katalogpfad getrocknete Chili → Gewürz oder trockenes Würzmittel. Warengruppe Gewürz, formrelevanter Prüfhinweis aus der vollständigen Definition: »ganz, gemahlen oder in schlichter Adobo-Konserve verwendbar«. Allgemein planbarer, aber nicht lokal garantierter Weg über einen vorbereiteten Einkauf im gut sortierten Bereich »Gewürz- und Trockenwürzregal«.","PLANNED","Chipotle ist über einen vorbereiteten Einkauf im gut sortierten Bereich »Gewürz- und Trockenwürzregal« im allgemeinen deutschen Handel planbar, lokal aber kein verlässlicher Standardartikel.","OPTIONAL","Chipotle | Form: ganz, gemahlen oder in schlichter Adobo-Konserve verwendbar | Bornheim gezielter Einkauf Deutschland Gewürz- und Trockenwürzregal",""
"CHIVES","Schnittlauch","APPLICABLE","Feine hohle Schnittlauchröhrchen mit mildem Zwiebelaroma; nicht Knoblauch-Schnittlauch.","GENERAL_LOCAL","Katalogpfad Lauch- und Zwiebelgemüse → Kräuter und Würzblätter → Gemüse. Warengruppe frisches Würzkraut, formrelevanter Prüfhinweis aus der vollständigen Definition: »nicht Knoblauch-Schnittlauch«. Regelweg in Bornheim über nahe Supermarktfilialen in Bornheim mit dem Bereich »frische Kräuterabteilung«.","EASY","Schnittlauch: gewöhnlicher lokaler Bezugsweg über den Bereich »frische Kräuterabteilung«.","OPTIONAL","Schnittlauch | Form: nicht Knoblauch-Schnittlauch | Bornheim frische Kräuterabteilung gewöhnlicher Handel",""
"CHOCOLATE","Schokolade","APPLICABLE","Offene Schokoladenfamilie für dunkle, Milch- und weiße Schokolade; Kakaopulver ist nicht umfasst.","GENERAL_LOCAL","Katalogpfad Kakao oder Schokolade → Süßware. Warengruppe Süßungs- oder Kakaoware, formrelevanter Prüfhinweis aus der vollständigen Definition: »Kakaopulver ist nicht umfasst«. Regelweg in Bornheim über den regulären Bornheimer Regalweg »Backzutaten-, Süßwaren- oder Kakaoregal«.","EASY","Schokolade: gewöhnlicher lokaler Bezugsweg über den Bereich »Backzutaten-, Süßwaren- oder Kakaoregal«.","OPTIONAL","Schokolade | Form: Kakaopulver ist nicht umfasst | Bornheim Backzutaten-, Süßwaren- oder Kakaoregal gewöhnlicher Handel",""
"CHOCOLATE_HAGELSLAG","Schoko-Hagelslag","APPLICABLE","Niederländische Schokoladenstreusel insbesondere als Brotbelag; nicht beliebige Backdekoration und nicht Frucht-, Anis- oder andere Hagelslag-Varianten.","GENERAL_BROAD","Katalogpfad Schokolade → Kakao oder Schokolade → Süßware. Warengruppe Süßungs- oder Kakaoware, formrelevanter Prüfhinweis aus der vollständigen Definition: »nicht beliebige Backdekoration und nicht Frucht-, Anis- oder andere Hagelslag-Varianten«. Allgemein planbarer, aber nicht lokal garantierter Weg über eine vorab zu prüfendes Sortiment im Bereich »Backzutaten-, Süßwaren- oder Kakaoregal« eines großen Bornheimer Markts.","PLANNED","Schoko-Hagelslag ist über ein vorab zu prüfendes Sortiment im Bereich »Backzutaten-, Süßwaren- oder Kakaoregal« eines großen Bornheimer Markts im allgemeinen deutschen Handel planbar, lokal aber kein verlässlicher Standardartikel.","OPTIONAL","Schoko-Hagelslag | Form: nicht beliebige Backdekoration und nicht Frucht-, Anis- oder andere Hagelslag-Varianten | Bornheim gezielter Einkauf Deutschland Backzutaten-, Süßwaren- oder Kakaoregal",""
"CHORIZO","Chorizo","APPLICABLE","Kräftig gewürzte Wurst der Chorizo-Familie; frische mexikanische und gereifte iberische Formen sind mögliche Ausprägungen.","GENERAL_LOCAL","Chorizo: Die gereifte spanische Chorizo Picant im REWE-Wurstsortiment ergänzt die bereits belegten regulären Einkaufswege. Profilbezug Georgia: Bornheim beziehungsweise der planbare allgemeine deutsche Bezug; Köln oder Düsseldorf werden nicht als lokaler EASY-Weg gewertet.","EASY","Chorizo: Die gereifte spanische Chorizo Picant im REWE-Wurstsortiment ergänzt die bereits belegten regulären Einkaufswege.","REQUIRED","Chorizo Picant gereift spanisch REWE ElPozo Wurstsortiment; Georgia Bornheim konkrete Produktseite Bestand Logistik 2026-09-04","EVIDENCE_REQUIRED|BORDERLINE_PLANNED|RATING_RECONCILED_V2"
"CIDER","Cider","APPLICABLE","Vergorener Apfelwein, still oder perlend und trocken bis süß; nicht Apfelsaft oder Apfelessig.","GENERAL_BROAD","Katalogpfad Kochalkohol. Das konkrete REWE-Kettenlisting für Kelterei Heil Bio Apfel Cidre weist vergorenen Apfelwein mit 4,5 Prozent Alkohol aus; Georgia kann den Standortbestand im Raum Bornheim vor dem Getränkeeinkauf prüfen.","PLANNED","Cider: Das konkrete REWE-Kettenlisting für Kelterei Heil Bio Apfel Cidre weist vergorenen Apfelwein mit 4,5 Prozent Alkohol aus; Georgia kann den Standortbestand im Raum Bornheim vor dem Getränkeeinkauf prüfen.","REQUIRED","Kelterei Heil Bio Apfel Cidre trocken | REWE Apfelwein Cider | Bornheim Standort Bestand","EVIDENCE_REQUIRED|BORDERLINE_PLANNED"
"CILANTRO","Koriandergrün","APPLICABLE","Frisches Blattgrün des Korianders mit markant zitrisch-würzigem Aroma; nicht Koriandersaat.","GENERAL_LOCAL","Katalogpfad Kräuter und Würzblätter. Warengruppe frisches Würzkraut, formrelevanter Prüfhinweis aus der vollständigen Definition: »nicht Koriandersaat«. Regelweg in Bornheim über den regulären Bornheimer Regalweg »frische Kräuterabteilung«.","EASY","Koriandergrün: gewöhnlicher lokaler Bezugsweg über den Bereich »frische Kräuterabteilung«.","OPTIONAL","Koriandergrün | Form: nicht Koriandersaat | Bornheim frische Kräuterabteilung gewöhnlicher Handel","RATING_RECONCILED_V2"
"CINNAMON","Zimt","APPLICABLE","Getrocknete Zimtrinde als Stange oder gemahlen; Ceylon- und Cassia-Typen sind umfasst.","GENERAL_LOCAL","Katalogpfad Gewürz oder trockenes Würzmittel. Warengruppe Gewürz, formrelevanter Prüfhinweis aus der vollständigen Definition: »Ceylon- und Cassia-Typen sind umfasst«. Regelweg in Bornheim über ortsübliche Vollsortimenter rund um Bornheim, konkret im Bereich »Gewürz- und Trockenwürzregal«.","EASY","Zimt: gewöhnlicher lokaler Bezugsweg über den Bereich »Gewürz- und Trockenwürzregal«.","OPTIONAL","Zimt | Form: Ceylon- und Cassia-Typen sind umfasst | Bornheim Gewürz- und Trockenwürzregal gewöhnlicher Handel",""
"CITRUS_FRUIT","Zitrusfrucht","APPLICABLE","Offene Vorgabe für Zitrusfrüchte; Saft, Fruchtfleisch und unbehandelte Schale können je nach Wahl genutzt werden.","GENERAL_LOCAL","Katalogpfad Obst. Warengruppe Obst, formrelevanter Prüfhinweis aus der vollständigen Definition: »Saft, Fruchtfleisch und unbehandelte Schale können je nach Wahl genutzt werden«. Regelweg in Bornheim über ortsübliche Vollsortimenter rund um Bornheim, konkret im Bereich »Obst- und Gemüseabteilung«.","EASY","Zitrusfrucht: gewöhnlicher lokaler Bezugsweg über den Bereich »Obst- und Gemüseabteilung«.","OPTIONAL","Zitrusfrucht | Form: Saft, Fruchtfleisch und unbehandelte Schale können je nach Wahl genutzt werden | Bornheim Obst- und Gemüseabteilung gewöhnlicher Handel",""
"CLAMS","Venusmuscheln","APPLICABLE","Venusmuscheln beziehungsweise vergleichbare kleine essbare Muscheln; frisch, tiefgekühlt oder ausgelöst verwendbar.","GENERAL_BROAD","Deutsche See – frische Venusmuscheln belegt: Deutsche See führt frische, von Hand gesammelte Venusmuscheln mit 50 bis 60 Tieren je Korb aktuell verfügbar und liefert sie gekühlt zum Wunschtermin. Der Bezug erfolgt über Deutschland und Österreich; gekühlte GO!-Express-Lieferung zum Wunschtermin; maßgeblich ist CHILLED_SHIPPING. Der Nachweis gilt für lebende frische Venusmuscheln; Tagesbestand und kurze Haltbarkeit müssen unmittelbar vor dem Termin kontrolliert werden.","PLANNED","Venusmuscheln: Deutsche See führt frische, von Hand gesammelte Venusmuscheln mit 50 bis 60 Tieren je Korb aktuell verfügbar und liefert sie gekühlt zum Wunschtermin.","REQUIRED","Venusmuscheln frisch Deutsche See verfügbar gekühlte Wunschlieferung Bornheim Rostock | Georgia Bornheim Rheinland | Deutsche See – frische Venusmuscheln | IN_STOCK CHILLED_SHIPPING","EVIDENCE_REQUIRED|BORDERLINE_PLANNED"
"CLOUDBERRY","Moltebeere","APPLICABLE","Moltebeeren (Rubus chamaemorus), frisch oder ungesüßt tiefgekühlt. Nicht gesüßte Moltebeerkonfitüre, Likör oder lediglich Moltebeer-Aroma.","NICHE_IMPORT","Katalogpfad Beeren → Obst. Warengruppe Obst, formrelevanter Prüfhinweis aus der vollständigen Definition: »Nicht gesüßte Moltebeerkonfitüre, Likör oder lediglich Moltebeer-Aroma«. Nur der schmale Händlerweg über Schweden-Markt – Beeren tiefgekühlt ist positiv belegt; Tiefkühlversand begrenzt Form, Bestand oder Logistik.","DIFFICULT","Moltebeere: Nur der schmale Händlerweg über Schweden-Markt – Beeren tiefgekühlt ist positiv belegt; Tiefkühlversand begrenzt Form, Bestand oder Logistik.","REQUIRED","Moltebeere | Form: Nicht gesüßte Moltebeerkonfitüre, Likör oder lediglich Moltebeer-Aroma | Deutschland EU Exakttreffer Bestand Logistik Obst | geprüfte Quellen: Schweden-Markt – Beeren tiefgekühlt","EVIDENCE_REQUIRED|FORM_OR_ROUTE_FRAGILE"
"CLOUDBERRY_PRESERVES","Moltebeerkonfitüre/-kompott","APPLICABLE","Gesüßte Moltebeerzubereitung wie Konfitüre, Kompott oder vergleichbarer Fruchtaufstrich. Nicht bloßes Moltebeer-Aroma oder Moltebeerlikör.","NICHE_IMPORT","Katalogpfad Moltebeere → konservierte pflanzliche Zutat → Beeren → Obst. Warengruppe konservierte Pflanzenware, formrelevanter Prüfhinweis aus der vollständigen Definition: »Nicht bloßes Moltebeer-Aroma oder Moltebeerlikör«. Nur der schmale Händlerweg über Arctic Delice – Berry Products ist positiv belegt; Standardversand begrenzt Form, Bestand oder Logistik.","DIFFICULT","Moltebeerkonfitüre/-kompott: Nur der schmale Händlerweg über Arctic Delice – Berry Products ist positiv belegt; Standardversand begrenzt Form, Bestand oder Logistik.","REQUIRED","Moltebeerkonfitüre/-kompott | Form: Nicht bloßes Moltebeer-Aroma oder Moltebeerlikör | Deutschland EU Exakttreffer Bestand Logistik konservierte Pflanzenware | geprüfte Quellen: Arctic Delice – Berry Products","RATING_RECONCILED_V2"
"CLOVES","Gewürznelken","APPLICABLE","Getrocknete Blütenknospen mit sehr intensivem warm-süßlichem Aroma; ganz oder gemahlen sparsam verwenden.","GENERAL_LOCAL","Katalogpfad Gewürz oder trockenes Würzmittel. Warengruppe Gewürz, formrelevanter Prüfhinweis aus der vollständigen Definition: »ganz oder gemahlen sparsam verwenden«. Regelweg in Bornheim über den regulären Bornheimer Regalweg »Gewürz- und Trockenwürzregal«.","EASY","Gewürznelken: gewöhnlicher lokaler Bezugsweg über den Bereich »Gewürz- und Trockenwürzregal«.","OPTIONAL","Gewürznelken | Form: ganz oder gemahlen sparsam verwenden | Bornheim Gewürz- und Trockenwürzregal gewöhnlicher Handel",""
"COCKLES","Herzmuscheln","APPLICABLE","Essbare Herzmuscheln (Cockles), frisch, tiefgekühlt oder naturbelassen konserviert; nicht Venusmuscheln, Miesmuscheln oder Jakobsmuscheln.","NICHE_IMPORT","Katalogpfad Muscheln → Weichtiere → Schalen- und Krustentiere → wirbellose Tiere. Warengruppe Fisch oder Meeresfrucht, formrelevanter Prüfhinweis aus der vollständigen Definition: »nicht Venusmuscheln, Miesmuscheln oder Jakobsmuscheln«. Die Prüfungen bei Deutsche See – Fisch und Meeresfrüchte ergaben keinen aktuellen Exakttreffer; Kühlversand und die enge Produktform begrenzen den Markt.","DIFFICULT","Für echte Herzmuscheln ist aktuell kein positiver formgenauer Endkundenweg belegt; andere Muschelarten zählen nicht als Ersatz.","REQUIRED","Herzmuscheln | Form: nicht Venusmuscheln, Miesmuscheln oder Jakobsmuscheln | Deutschland EU Exakttreffer Bestand Logistik Fisch oder Meeresfrucht | geprüfte Quellen: Deutsche See – Fisch und Meeresfrüchte","EVIDENCE_REQUIRED|FORM_OR_ROUTE_FRAGILE"
"COCOA_POWDER","Kakaopulver","APPLICABLE","Entfettetes oder teilentfettetes Kakaopulver, ungesüßt und zum Backen oder Würzen geeignet; kein kakaohaltiges Getränkepulver.","GENERAL_LOCAL","Katalogpfad Kakao oder Schokolade. Warengruppe Süßungs- oder Kakaoware, formrelevanter Prüfhinweis aus der vollständigen Definition: »kein kakaohaltiges Getränkepulver«. Regelweg in Bornheim über ortsübliche Vollsortimenter rund um Bornheim, konkret im Bereich »Backzutaten-, Süßwaren- oder Kakaoregal«.","EASY","Kakaopulver: gewöhnlicher lokaler Bezugsweg über den Bereich »Backzutaten-, Süßwaren- oder Kakaoregal«.","OPTIONAL","Kakaopulver | Form: kein kakaohaltiges Getränkepulver | Bornheim Backzutaten-, Süßwaren- oder Kakaoregal gewöhnlicher Handel",""
"COCOA_PRODUCTS","Kakao oder Schokolade","APPLICABLE","Offene Familie für Kakaoerzeugnisse von Kakaopulver bis Schokoladenprodukten; konkrete Form und Süße bleiben offen.","GENERAL_LOCAL","Katalogpfad eigenständige Katalogwurzel. Warengruppe Süßungs- oder Kakaoware, formrelevanter Prüfhinweis aus der vollständigen Definition: »konkrete Form und Süße bleiben offen«. Regelweg in Bornheim über nahe Supermarktfilialen in Bornheim mit dem Bereich »Backzutaten-, Süßwaren- oder Kakaoregal«.","EASY","Kakao oder Schokolade: gewöhnlicher lokaler Bezugsweg über den Bereich »Backzutaten-, Süßwaren- oder Kakaoregal«.","OPTIONAL","Kakao oder Schokolade | Form: konkrete Form und Süße bleiben offen | Bornheim Backzutaten-, Süßwaren- oder Kakaoregal gewöhnlicher Handel",""
"COCONUT","Kokosnuss","APPLICABLE","Kokosnuss beziehungsweise frisches Kokosfleisch; Kokosmilch, -wasser und -öl sind getrennte Produktformen.","GENERAL_BROAD","Katalogpfad Kokoszutat → Tropenfrucht → Obst. Warengruppe Kokoszubereitung, formrelevanter Prüfhinweis aus der vollständigen Definition: »Kokosmilch, -wasser und -öl sind getrennte Produktformen«. Allgemein planbarer, aber nicht lokal garantierter Weg über eine konkrete Vorbestellung oder Bestandsabfrage für Kokoszubereitung.","PLANNED","Kokosnuss ist über eine konkrete Vorbestellung oder Bestandsabfrage für Kokoszubereitung im allgemeinen deutschen Handel planbar, lokal aber kein verlässlicher Standardartikel.","OPTIONAL","Kokosnuss | Form: Kokosmilch, -wasser und -öl sind getrennte Produktformen | Bornheim gezielter Einkauf Deutschland Asia-, Konserven- oder Kochzutatenregal",""
"COCONUT_CREAM","Kokoscreme","APPLICABLE","Dickflüssige, fettreiche Kokosextraktion mit höherem Fettanteil als Kokosmilch; nicht gesüßte Cream of Coconut.","GENERAL_BROAD","Katalogpfad Kokoszutat. Warengruppe Kokoszubereitung, formrelevanter Prüfhinweis aus der vollständigen Definition: »nicht gesüßte Cream of Coconut«. Allgemein planbarer, aber nicht lokal garantierter Weg über eine reguläre Onlinebestellung im allgemeinen Handel mit formgenauer Artikelsuche.","PLANNED","Kokoscreme ist über eine reguläre Onlinebestellung im allgemeinen Handel mit formgenauer Artikelsuche im allgemeinen deutschen Handel planbar, lokal aber kein verlässlicher Standardartikel.","OPTIONAL","Kokoscreme | Form: nicht gesüßte Cream of Coconut | Bornheim gezielter Einkauf Deutschland Asia-, Konserven- oder Kochzutatenregal",""
"COCONUT_FLAKES","Kokosraspeln","APPLICABLE","Getrocknete Kokosraspeln oder -chips, bevorzugt ungesüßt; nicht frisches Kokosfleisch.","GENERAL_LOCAL","Katalogpfad Kokoszutat. Warengruppe Kokoszubereitung, formrelevanter Prüfhinweis aus der vollständigen Definition: »nicht frisches Kokosfleisch«. Regelweg in Bornheim über den regulären Bornheimer Regalweg »Asia-, Konserven- oder Kochzutatenregal«.","EASY","Kokosraspeln: gewöhnlicher lokaler Bezugsweg über den Bereich »Asia-, Konserven- oder Kochzutatenregal«.","OPTIONAL","Kokosraspeln | Form: nicht frisches Kokosfleisch | Bornheim Asia-, Konserven- oder Kochzutatenregal gewöhnlicher Handel",""
"COCONUT_MILK","Kokosmilch","APPLICABLE","Weiße Emulsion aus zerkleinertem Kokosfleisch und Wasser; nicht Kokosdrink oder Kokoswasser.","GENERAL_LOCAL","Katalogpfad Kokoszutat. Warengruppe Kokoszubereitung, formrelevanter Prüfhinweis aus der vollständigen Definition: »nicht Kokosdrink oder Kokoswasser«. Regelweg in Bornheim über nahe Supermarktfilialen in Bornheim mit dem Bereich »Asia-, Konserven- oder Kochzutatenregal«.","EASY","Kokosmilch: gewöhnlicher lokaler Bezugsweg über den Bereich »Asia-, Konserven- oder Kochzutatenregal«.","OPTIONAL","Kokosmilch | Form: nicht Kokosdrink oder Kokoswasser | Bornheim Asia-, Konserven- oder Kochzutatenregal gewöhnlicher Handel",""
"COCONUT_OIL","Kokosöl","APPLICABLE","Bei Raumtemperatur häufig festes Kokosfett; raffiniert neutral oder nativ kokosaromatisch verwendbar.","GENERAL_LOCAL","Katalogpfad Kokoszutat → Speiseöl → Kochfett. Warengruppe Speiseöl oder Kochfett, formrelevanter Prüfhinweis aus der vollständigen Definition: »raffiniert neutral oder nativ kokosaromatisch verwendbar«. Regelweg in Bornheim über nahe Supermarktfilialen in Bornheim mit dem Bereich »Öl- und Kochfettregal«.","EASY","Kokosöl: gewöhnlicher lokaler Bezugsweg über den Bereich »Öl- und Kochfettregal«.","OPTIONAL","Kokosöl | Form: raffiniert neutral oder nativ kokosaromatisch verwendbar | Bornheim Öl- und Kochfettregal gewöhnlicher Handel",""
"COCONUT_PRODUCTS","Kokoszutat","APPLICABLE","Offene Familie für Kokosfrucht, Kokoswasser, daraus gewonnene Emulsionen, Fett und weitere verarbeitete Kokosprodukte.","GENERAL_LOCAL","Katalogpfad eigenständige Katalogwurzel. Warengruppe Kokoszutat, formrelevanter Prüfhinweis aus der vollständigen Definition: »daraus gewonnene Emulsionen, Fett und weitere verarbeitete Kokosprodukte«. Regelweg in Bornheim über die gewöhnliche Bornheimer Auslage »Asia-, Backzutaten- oder Konservenregal«.","EASY","Kokoszutat: gewöhnlicher lokaler Bezugsweg über den Bereich »Asia-, Backzutaten- oder Konservenregal«.","OPTIONAL","Kokoszutat | Form: daraus gewonnene Emulsionen, Fett und weitere verarbeitete Kokosprodukte | Bornheim Asia-, Backzutaten- oder Konservenregal gewöhnlicher Handel","RATING_RECONCILED_V2"
"COCONUT_VINEGAR","Kokosessig","APPLICABLE","Offene Kokosessigfamilie für natürlich fermentierten Essig auf Kokoswasser- und/oder Kokospalmensaftbasis. Nicht gewöhnlicher Branntweinessig mit Kokosaroma.","SPECIALTY_BROAD","Katalogpfad Kokoszutat → Essig. Warengruppe Speiseessig, formrelevanter Prüfhinweis aus der vollständigen Definition: »Nicht gewöhnlicher Branntweinessig mit Kokosaroma«. Breiter einschlägiger Spezialmarkt über die voneinander unabhängigen Händler Asia4Friends – Saucen sowie AsiaFoodland – Saucen und Pasten.","SPECIALTY","Kokosessig ist im einschlägigen Spezialmarkt breit etabliert; dokumentierte reguläre Wege sind die voneinander unabhängigen Händler Asia4Friends – Saucen sowie AsiaFoodland – Saucen und Pasten.","REQUIRED","Kokosessig | Form: Nicht gewöhnlicher Branntweinessig mit Kokosaroma | Deutschland unabhängige Spezialhändler Speiseessig | geprüfte Quellen: Asia4Friends – Saucen ; AsiaFoodland – Saucen und Pasten","EVIDENCE_REQUIRED"
"COCONUT_WATER","Kokoswasser","APPLICABLE","Klare Flüssigkeit aus dem Inneren junger Kokosnüsse; nicht Kokosmilch oder gesüßter Kokosdrink.","GENERAL_LOCAL","Katalogpfad Kokoszutat. Warengruppe Kokosgetränk, formrelevanter Prüfhinweis aus der vollständigen Definition: »nicht Kokosmilch oder gesüßter Kokosdrink«. Regelweg in Bornheim über nahe Supermarktfilialen in Bornheim mit dem Bereich »Saft-, Wasser- oder internationales Getränkeregal«.","EASY","Kokoswasser: gewöhnlicher lokaler Bezugsweg über den Bereich »Saft-, Wasser- oder internationales Getränkeregal«.","OPTIONAL","Kokoswasser | Form: nicht Kokosmilch oder gesüßter Kokosdrink | Bornheim Saft-, Wasser- oder internationales Getränkeregal gewöhnlicher Handel",""
"COD","Kabeljau","APPLICABLE","Kabeljau als mildes, blättriges Weißfischfleisch; frisch oder tiefgekühlt, nicht gesalzen und getrocknet.","GENERAL_LOCAL","Katalogpfad weißfleischiger Fisch → Fisch → Fisch und Meeresfrüchte. Warengruppe Fisch oder Meeresfrucht, formrelevanter Prüfhinweis aus der vollständigen Definition: »frisch oder tiefgekühlt, nicht gesalzen und getrocknet«. Regelweg in Bornheim über den regulären Bornheimer Regalweg »Fischkühlung, Fischtheke oder Tiefkühlabteilung«.","EASY","Kabeljau: gewöhnlicher lokaler Bezugsweg über den Bereich »Fischkühlung, Fischtheke oder Tiefkühlabteilung«.","OPTIONAL","Kabeljau | Form: frisch oder tiefgekühlt, nicht gesalzen und getrocknet | Bornheim Fischkühlung, Fischtheke oder Tiefkühlabteilung gewöhnlicher Handel",""
"COFFEE","Kaffee","APPLICABLE","Gebrühter Kaffee oder gemahlene beziehungsweise ganze geröstete Kaffeebohnen als bitter-röstige Kochzutat.","GENERAL_LOCAL","Katalogpfad eigenständige Katalogwurzel. Warengruppe Kaffee, formrelevanter Prüfhinweis aus der vollständigen Definition: »gemahlene beziehungsweise ganze geröstete Kaffeebohnen als bitter-röstige Kochzutat«. Regelweg in Bornheim über die gewöhnliche Bornheimer Auslage »Kaffeeregal«.","EASY","Kaffee: Breiter allgemeiner Supermarkt- und Discounterstandard.","OPTIONAL","Kaffee | Form: gemahlene beziehungsweise ganze geröstete Kaffeebohnen als bitter-röstige Kochzutat | Bornheim Kaffeeregal gewöhnlicher Handel","REFERENCE_ANCHOR"
"COGNAC","Cognac","APPLICABLE","Geschützter französischer Weinbrand aus Cognac mit charakteristisch gereiftem Aroma; nicht beliebiger Brandy oder Weinbrand.","GENERAL_BROAD","Geografisch echter Cognac über allgemeinen Spirituosenversand; Conalco führt Landy Cognac XO No. 1 lagernd und kurzfristig deutschlandweit lieferbar.","PLANNED","Cognac: Geografisch echter Cognac über allgemeinen Spirituosenversand; Conalco führt Landy Cognac XO No. 1 lagernd und kurzfristig deutschlandweit lieferbar.","REQUIRED","Landy Cognac XO No. 1 Conalco Bestand Lieferzeit Deutschland","EVIDENCE_REQUIRED|BORDERLINE_PLANNED"
"COM_ME","Mẻ oder Cơm mẻ","APPLICABLE","Milchsauer fermentierte vietnamesische Reiswürze mit breiig-cremiger Konsistenz und ausgeprägter, komplexer Säure. Als Säuerungs- und Würzmittel gemeint; nicht Reisessig, Reiswein oder fermentierter süßer Reis.","NO_REAL_ROUTE","Katalogpfad fermentierte Würzzutat → fertige Sauce oder Würzpaste → Reisprodukt → Sauce, Würzmittel oder Paste. Warengruppe Sauce oder Würzpaste, formrelevanter Prüfhinweis aus der vollständigen Definition: »nicht Reisessig, Reiswein oder fermentierter süßer Reis«. Der v2-Anker hält fest: Kein realistischer wiederholbarer deutscher oder sinnvoller EU-Endkundenweg für die exakte fermentierte Reiswürze.","UNAVAILABLE","Mẻ oder Cơm mẻ: Kein realistischer wiederholbarer deutscher oder sinnvoller EU-Endkundenweg für die exakte fermentierte Reiswürze.","REQUIRED","Mẻ oder Cơm mẻ | Form: nicht Reisessig, Reiswein oder fermentierter süßer Reis | Deutschland EU Negativsuche Sauce oder Würzpaste | freigegebener v2-Anker","REFERENCE_ANCHOR|EVIDENCE_REQUIRED|FORM_OR_ROUTE_FRAGILE"
"CONDENSED_MILK","gezuckerte Kondensmilch","APPLICABLE","Stark eingedickte und gezuckerte Kuhmilch mit sirupartiger Konsistenz; nicht ungesüßte Kondensmilch.","GENERAL_LOCAL","Katalogpfad Milchprodukte → Süßungsmittel. Warengruppe Milchprodukt, formrelevanter Prüfhinweis aus der vollständigen Definition: »nicht ungesüßte Kondensmilch«. Regelweg in Bornheim über nahe Supermarktfilialen in Bornheim mit dem Bereich »Molkereikühlregal«.","EASY","gezuckerte Kondensmilch: gewöhnlicher lokaler Bezugsweg über den Bereich »Molkereikühlregal«.","OPTIONAL","gezuckerte Kondensmilch | Form: nicht ungesüßte Kondensmilch | Bornheim Molkereikühlregal gewöhnlicher Handel",""
"CONFECTIONERY","Süßware","NOT_APPLICABLE_STRUCTURE","","","","","","","",""
"COOKED_HAM","Kochschinken","APPLICABLE","Gepökelter und gegarter Schinken mit saftiger Textur; nicht luftgetrockneter Rohschinken.","GENERAL_LOCAL","Katalogpfad Schinken → gepökeltes oder luftgetrocknetes Fleisch → Schweinefleisch → Fleisch. Warengruppe Wurst oder Pökelfleisch, formrelevanter Prüfhinweis aus der vollständigen Definition: »nicht luftgetrockneter Rohschinken«. Regelweg in Bornheim über den Bereich »Wurstkühlung oder Bedientheke« eines gewöhnlichen Bornheimer Vollsortimenters.","EASY","Kochschinken: gewöhnlicher lokaler Bezugsweg über den Bereich »Wurstkühlung oder Bedientheke«.","OPTIONAL","Kochschinken | Form: nicht luftgetrockneter Rohschinken | Bornheim Wurstkühlung oder Bedientheke gewöhnlicher Handel",""
"COOKING_ALCOHOL","Kochalkohol","APPLICABLE","Offene Vorgabe für alkoholische Getränke, deren Aroma beim Kochen genutzt wird; Bier, Wein und Spirituosen sind mögliche Wege.","GENERAL_LOCAL","Katalogpfad eigenständige Katalogwurzel. Warengruppe Kochalkohol, formrelevanter Prüfhinweis aus der vollständigen Definition: »Bier, Wein und Spirituosen sind mögliche Wege«. Regelweg in Bornheim über den regulären Bornheimer Regalweg »Getränke-, Wein- oder Spirituosenregal«.","EASY","Kochalkohol: gewöhnlicher lokaler Bezugsweg über den Bereich »Getränke-, Wein- oder Spirituosenregal«.","OPTIONAL","Kochalkohol | Form: Bier, Wein und Spirituosen sind mögliche Wege | Bornheim Getränke-, Wein- oder Spirituosenregal gewöhnlicher Handel",""
"COOKING_FATS","Kochfett","APPLICABLE","Offene Vorgabe für zum Braten, Garen oder Verfeinern geeignete Fette und Öle; tierische und pflanzliche Formen sind umfasst.","GENERAL_LOCAL","Katalogpfad eigenständige Katalogwurzel. Warengruppe Speiseöl oder Kochfett, formrelevanter Prüfhinweis aus der vollständigen Definition: »tierische und pflanzliche Formen sind umfasst«. Regelweg in Bornheim über ortsübliche Vollsortimenter rund um Bornheim, konkret im Bereich »Öl- und Kochfettregal«.","EASY","Kochfett: gewöhnlicher lokaler Bezugsweg über den Bereich »Öl- und Kochfettregal«.","OPTIONAL","Kochfett | Form: tierische und pflanzliche Formen sind umfasst | Bornheim Öl- und Kochfettregal gewöhnlicher Handel",""
"CORIANDER_ROOT","Korianderwurzel","APPLICABLE","Wurzelansatz des Korianders mit konzentriert erdig-pfeffrigem Aroma, besonders für Würzpasten und Marinaden. Gemeint sind frische oder tiefgekühlte Wurzeln, nicht Koriandergrün oder -saat.","NICHE_IMPORT","Katalogpfad Gewürz oder trockenes Würzmittel. Warengruppe Gewürz, formrelevanter Prüfhinweis aus der vollständigen Definition: »Gemeint sind frische oder tiefgekühlte Wurzeln, nicht Koriandergrün oder -saat«. Der v2-Anker hält den Engpass fest: Exakte frische Wurzel nur bei wenigen Frischeimporteuren Koriandergrün mit Wurzelrest ist kein sicherer Ersatz.","DIFFICULT","Korianderwurzel: Exakte frische Wurzel nur bei wenigen Frischeimporteuren; Koriandergrün mit Wurzelrest ist kein sicherer Ersatz.","REQUIRED","Korianderwurzel | Form: Gemeint sind frische oder tiefgekühlte Wurzeln, nicht Koriandergrün oder -saat | Deutschland EU Exakttreffer Bestand Logistik Gewürz | freigegebener v2-Anker","REFERENCE_ANCHOR|EVIDENCE_REQUIRED|FORM_OR_ROUTE_FRAGILE"
"CORIANDER_SEED","Koriandersaat","APPLICABLE","Getrocknete Korianderfrüchte mit warmem, zitrisch-nussigem Aroma; ganz oder gemahlen, nicht Koriandergrün.","GENERAL_LOCAL","Katalogpfad Gewürz oder trockenes Würzmittel. Warengruppe Gewürz, formrelevanter Prüfhinweis aus der vollständigen Definition: »ganz oder gemahlen, nicht Koriandergrün«. Regelweg in Bornheim über den lokalen Supermarktbereich »Gewürz- und Trockenwürzregal« in Bornheim.","EASY","Koriandersaat: Gewöhnliches Gewürzregal größerer wie auch vieler kleinerer Supermärkte.","OPTIONAL","Koriandersaat | Form: ganz oder gemahlen, nicht Koriandergrün | Bornheim Gewürz- und Trockenwürzregal gewöhnlicher Handel","REFERENCE_ANCHOR"
"CORN","Mais","APPLICABLE","Mais als Körnerprodukt, frisch, tiefgekühlt oder schlicht konserviert; Mehl, Stärke und Polenta sind getrennte Formen.","GENERAL_LOCAL","Katalogpfad Getreide oder Pseudogetreide → stärkehaltige Zutat oder Sättigungsbeilage. Warengruppe Getreide- oder Stärkeware, formrelevanter Prüfhinweis aus der vollständigen Definition: »Mehl, Stärke und Polenta sind getrennte Formen«. Regelweg in Bornheim über nahe Supermarktfilialen in Bornheim mit dem Bereich »Reis-, Mehl-, Nudel- oder Trockenwarenregal«.","EASY","Mais: gewöhnlicher lokaler Bezugsweg über den Bereich »Reis-, Mehl-, Nudel- oder Trockenwarenregal«.","OPTIONAL","Mais | Form: Mehl, Stärke und Polenta sind getrennte Formen | Bornheim Reis-, Mehl-, Nudel- oder Trockenwarenregal gewöhnlicher Handel",""
"CORNMEAL","Maismehl","APPLICABLE","Gemahlener Mais mit feiner bis grober Körnung; nicht reine Maisstärke und nicht zwingend vorgekochte Polenta.","GENERAL_BROAD","Katalogpfad Mais → Getreide oder Pseudogetreide → stärkehaltige Zutat oder Sättigungsbeilage. Warengruppe Getreide- oder Stärkeware, formrelevanter Prüfhinweis aus der vollständigen Definition: »nicht reine Maisstärke und nicht zwingend vorgekochte Polenta«. Allgemein planbarer, aber nicht lokal garantierter Weg über eine geplante Fahrt zu einem großen Markt mit dem Sortiment »Reis-, Mehl-, Nudel- oder Trockenwarenregal«.","PLANNED","Maismehl ist über eine geplante Fahrt zu einem großen Markt mit dem Sortiment »Reis-, Mehl-, Nudel- oder Trockenwarenregal« im allgemeinen deutschen Handel planbar, lokal aber kein verlässlicher Standardartikel.","OPTIONAL","Maismehl | Form: nicht reine Maisstärke und nicht zwingend vorgekochte Polenta | Bornheim gezielter Einkauf Deutschland Reis-, Mehl-, Nudel- oder Trockenwarenregal",""
"CORNSTARCH","Maisstärke","APPLICABLE","Feine geschmacksneutrale Stärke aus Mais zum Binden und für Teige; nicht Maismehl.","GENERAL_LOCAL","Katalogpfad Stärke oder Bindemittel → stärkehaltige Zutat oder Sättigungsbeilage. Warengruppe Getreide- oder Stärkeware, formrelevanter Prüfhinweis aus der vollständigen Definition: »Mais zum Binden und für Teige; nicht Maismehl«. Regelweg in Bornheim über die gewöhnliche Bornheimer Auslage »Reis-, Mehl-, Nudel- oder Trockenwarenregal«.","EASY","Maisstärke: gewöhnlicher lokaler Bezugsweg über den Bereich »Reis-, Mehl-, Nudel- oder Trockenwarenregal«.","OPTIONAL","Maisstärke | Form: Mais zum Binden und für Teige; nicht Maismehl | Bornheim Reis-, Mehl-, Nudel- oder Trockenwarenregal gewöhnlicher Handel",""
"COUSCOUS","Couscous","APPLICABLE","Kleine angefeuchtete und gerollte Hartweizengrießkörner; gemeint ist das trockene Grundprodukt, nicht das fertige Gericht.","GENERAL_LOCAL","Katalogpfad Getreide oder Pseudogetreide → stärkehaltige Zutat oder Sättigungsbeilage. Warengruppe Getreide- oder Stärkeware, formrelevanter Prüfhinweis aus der vollständigen Definition: »gemeint ist das trockene Grundprodukt, nicht das fertige Gericht«. Regelweg in Bornheim über ortsübliche Vollsortimenter rund um Bornheim, konkret im Bereich »Reis-, Mehl-, Nudel- oder Trockenwarenregal«.","EASY","Couscous: gewöhnlicher lokaler Bezugsweg über den Bereich »Reis-, Mehl-, Nudel- oder Trockenwarenregal«.","OPTIONAL","Couscous | Form: gemeint ist das trockene Grundprodukt, nicht das fertige Gericht | Bornheim Reis-, Mehl-, Nudel- oder Trockenwarenregal gewöhnlicher Handel",""
"CRAB","Krabben oder Krebsfleisch","APPLICABLE","Essbares Fleisch von Krabben oder Krebsen; ganzes Tier, Scheren- oder ausgelöstes Fleisch sind möglich.","GENERAL_BROAD","Deutsche See – Soft Shell Crabs belegt: Die verfügbare Produktseite dokumentiert ganze Soft-Shell-Krabben, roh nach der Häutung tiefgefroren und einzeln entnehmbar; damit ist eine zulässige ganze Krabbenform konkret bestellbar. Der Bezug erfolgt über Deutschland und Österreich; tiefgekühlte GO!-Express-Lieferung zum Wunschtermin; maßgeblich ist FROZEN_SHIPPING. Belegt ist eine ganze Mangrovenkrabbe mit weicher Schale, nicht jedes Krebsfleisch; große Packung und Tiefkühlzustellung erfordern Planung.","PLANNED","Krabben oder Krebsfleisch: Die verfügbare Produktseite dokumentiert ganze Soft-Shell-Krabben, roh nach der Häutung tiefgefroren und einzeln entnehmbar; damit ist eine zulässige ganze Krabbenform konkret bestellbar.","REQUIRED","Soft Shell Crabs ganze Krabbe tiefgekühlt Deutsche See verfügbar Trockeneis Bornheim Rostock | Georgia Bornheim Rheinland | Deutsche See – Soft Shell Crabs | IN_STOCK FROZEN_SHIPPING","EVIDENCE_REQUIRED|BORDERLINE_PLANNED"
"CRANBERRY","Cranberry","APPLICABLE","Herb-saure Cranberry; frisch, ungesüßt tiefgekühlt oder getrocknet verwendbar, wobei Trockenware oft gesüßt ist.","GENERAL_LOCAL","Katalogpfad Beeren → Obst. Warengruppe Obst, formrelevanter Prüfhinweis aus der vollständigen Definition: »frisch, ungesüßt tiefgekühlt oder getrocknet verwendbar, wobei Trockenware oft gesüßt ist«. Regelweg in Bornheim über die gewöhnliche Bornheimer Auslage »Obst- und Gemüseabteilung«.","EASY","Cranberry: gewöhnlicher lokaler Bezugsweg über den Bereich »Obst- und Gemüseabteilung«.","OPTIONAL","Cranberry | Form: frisch, ungesüßt tiefgekühlt oder getrocknet verwendbar, wobei Trockenware oft gesüßt ist | Bornheim Obst- und Gemüseabteilung gewöhnlicher Handel",""
"CRAYFISH","Flusskrebse","APPLICABLE","Kleine Süßwasserkrebse mit festem, süßlichem Fleisch; ganz oder als ausgelöstes Schwanzfleisch verwendbar.","GENERAL_BROAD","Deutsche See – Louisiana-Flusskrebse in Weißweinsud belegt: Deutsche See bietet ganze gekochte Louisiana-Flusskrebse in Weißweinsud aktuell verfügbar und tiefgekühlt an; die ganze zulässige Flusskrebsform bleibt erkennbar. Der Bezug erfolgt über Deutschland und Österreich; tiefgekühlte GO!-Express-Lieferung zum Wunschtermin; maßgeblich ist FROZEN_SHIPPING. Die positive Route betrifft die gegarte und gewürzte Form im Sud, nicht rohes Schwanzfleisch; Tiefkühltermin und Packung sind einzuplanen.","PLANNED","Flusskrebse: Deutsche See bietet ganze gekochte Louisiana-Flusskrebse in Weißweinsud aktuell verfügbar und tiefgekühlt an; die ganze zulässige Flusskrebsform bleibt erkennbar.","REQUIRED","Louisiana Flusskrebse ganz gekocht Weißweinsud tiefgekühlt Deutsche See verfügbar Bornheim Rostock | Georgia Bornheim Rheinland | Deutsche See – Louisiana-Flusskrebse in Weißweinsud | IN_STOCK FROZEN_SHIPPING","EVIDENCE_REQUIRED|BORDERLINE_PLANNED"
"CREAM","Sahne","APPLICABLE","Flüssiger Milchrahm zum Kochen oder Schlagen; Fettstufe bleibt offen, gesäuerte Produkte sind getrennt.","GENERAL_LOCAL","Katalogpfad frisches Milchprodukt → Milchprodukte. Warengruppe Milchprodukt, formrelevanter Prüfhinweis aus der vollständigen Definition: »Fettstufe bleibt offen, gesäuerte Produkte sind getrennt«. Regelweg in Bornheim über den Bereich »Molkereikühlregal« eines gewöhnlichen Bornheimer Vollsortimenters.","EASY","Sahne: gewöhnlicher lokaler Bezugsweg über den Bereich »Molkereikühlregal«.","OPTIONAL","Sahne | Form: Fettstufe bleibt offen, gesäuerte Produkte sind getrennt | Bornheim Molkereikühlregal gewöhnlicher Handel",""
"CREAM_CHEESE","Frischkäse","APPLICABLE","Ungereifter streichfähiger Frischkäse mit mild-säuerlichem Geschmack; natur oder neutral gewürzt verwendbar.","GENERAL_LOCAL","Katalogpfad Käse → frisches Milchprodukt → gesäuertes Milchprodukt → Milchprodukte. Warengruppe Käse, formrelevanter Prüfhinweis aus der vollständigen Definition: »natur oder neutral gewürzt verwendbar«. Regelweg in Bornheim über nahe Supermarktfilialen in Bornheim mit dem Bereich »Käsekühlung oder Käsetheke«.","EASY","Frischkäse: gewöhnlicher lokaler Bezugsweg über den Bereich »Käsekühlung oder Käsetheke«.","OPTIONAL","Frischkäse | Form: natur oder neutral gewürzt verwendbar | Bornheim Käsekühlung oder Käsetheke gewöhnlicher Handel",""
"CREME_FRAICHE","Crème fraîche","APPLICABLE","Fettreicher gesäuerter Rahm mit cremiger Konsistenz und guter Kochstabilität; nicht saure Sahne.","GENERAL_LOCAL","Katalogpfad gesäuertes Milchprodukt → Milchprodukte. Warengruppe Milchprodukt, formrelevanter Prüfhinweis aus der vollständigen Definition: »nicht saure Sahne«. Regelweg in Bornheim über das örtliche Sortiment »Molkereikühlregal« beim Wocheneinkauf in Bornheim.","EASY","Crème fraîche: gewöhnlicher lokaler Bezugsweg über den Bereich »Molkereikühlregal«.","OPTIONAL","Crème fraîche | Form: nicht saure Sahne | Bornheim Molkereikühlregal gewöhnlicher Handel",""
"CRISPBREAD","Knäckebrot","APPLICABLE","Trockenes, knuspriges Dauerbrot mit dünner oder luftiger Struktur; Getreidemischung bleibt offen.","GENERAL_LOCAL","Katalogpfad Brot oder Fladenbrot → Backware → stärkehaltige Zutat oder Sättigungsbeilage. Warengruppe Getreide- oder Stärkeware, formrelevanter Prüfhinweis aus der vollständigen Definition: »Getreidemischung bleibt offen«. Regelweg in Bornheim über die gewöhnliche Bornheimer Auslage »Reis-, Mehl-, Nudel- oder Trockenwarenregal«.","EASY","Knäckebrot: gewöhnlicher lokaler Bezugsweg über den Bereich »Reis-, Mehl-, Nudel- oder Trockenwarenregal«.","OPTIONAL","Knäckebrot | Form: Getreidemischung bleibt offen | Bornheim Reis-, Mehl-, Nudel- oder Trockenwarenregal gewöhnlicher Handel",""
"CROISSANT","Croissant","APPLICABLE","Ungefüllte klassische Croissant-Viennoiserie mit blättriger, fettreicher Teigstruktur; nicht Pain au chocolat, gefülltes Croissant oder beliebiges Hörnchen.","GENERAL_LOCAL","Katalogpfad Backware. Warengruppe Back- oder Brotwaren, formrelevanter Prüfhinweis aus der vollständigen Definition: »nicht Pain au chocolat, gefülltes Croissant oder beliebiges Hörnchen«. Regelweg in Bornheim über den regulären Bornheimer Regalweg »Brot-, Backwaren- oder Backzutatenbereich«.","EASY","Croissant: gewöhnlicher lokaler Bezugsweg über den Bereich »Brot-, Backwaren- oder Backzutatenbereich«.","OPTIONAL","Croissant | Form: nicht Pain au chocolat, gefülltes Croissant oder beliebiges Hörnchen | Bornheim Brot-, Backwaren- oder Backzutatenbereich gewöhnlicher Handel",""
"CRUSTACEANS","Krustentiere","APPLICABLE","Offene Vorgabe für Krebstiere wie Garnelen, Krabben, Hummer oder Flusskrebse; nicht Muscheln oder Tintenfische.","GENERAL_LOCAL","Katalogpfad wirbellose Tiere → Schalen- und Krustentiere → Fisch und Meeresfrüchte. Warengruppe Fisch oder Meeresfrucht, formrelevanter Prüfhinweis aus der vollständigen Definition: »nicht Muscheln oder Tintenfische«. Regelweg in Bornheim über die regulären lokalen Sortimente REWE ja! – Eismeergarnelen 100 g sowie EDEKA – Eismeer-Garnelen 225 g.","EASY","Krustentiere: gewöhnlicher lokaler Bezugsweg über die regulären lokalen Sortimente REWE ja! – Eismeergarnelen 100 g sowie EDEKA – Eismeer-Garnelen 225 g.","REQUIRED","Krustentiere | Form: nicht Muscheln oder Tintenfische | Bornheim Fischkühlung, Fischtheke oder Tiefkühlabteilung gewöhnlicher Handel | geprüfte Quellen: REWE ja! – Eismeergarnelen 100 g ; EDEKA – Eismeer-Garnelen 225 g","EVIDENCE_REQUIRED|BORDERLINE_PLANNED|RATING_RECONCILED_V2"
"CUCUMBER","Gurke","APPLICABLE","Frische Salatgurke mit hohem Wassergehalt und knackiger Textur; Einlege- und fermentierte Gurken sind getrennt.","GENERAL_LOCAL","Katalogpfad Fruchtgemüse → Gemüse. Warengruppe Gemüse oder Pilz, formrelevanter Prüfhinweis aus der vollständigen Definition: »Einlege- und fermentierte Gurken sind getrennt«. Regelweg in Bornheim über ortsübliche Vollsortimenter rund um Bornheim, konkret im Bereich »Obst- und Gemüseabteilung«.","EASY","Gurke: gewöhnlicher lokaler Bezugsweg über den Bereich »Obst- und Gemüseabteilung«.","OPTIONAL","Gurke | Form: Einlege- und fermentierte Gurken sind getrennt | Bornheim Obst- und Gemüseabteilung gewöhnlicher Handel",""
"CULANTRO","Culantro oder Sägeblattkoriander","APPLICABLE","Langblättriges Würzkraut mit gezähntem Rand und kräftigem korianderähnlichem Aroma; roh oder in Suppen und Eintöpfen verwendbar. Botanisch und kulinarisch nicht mit Koriandergrün gleichsetzen.","NICHE_IMPORT","Katalogpfad Kräuter und Würzblätter. Warengruppe frisches Würzkraut, formrelevanter Prüfhinweis aus der vollständigen Definition: »Botanisch und kulinarisch nicht mit Koriandergrün gleichsetzen«. Die Prüfungen bei AsianBrand – Frischgemüse sowie Asia Moin – Obst und Gemüse ergaben keinen aktuellen Exakttreffer; Frischeversand und die enge Produktform begrenzen den Markt.","DIFFICULT","Frische Culantro-Blätter sind in den geprüften Asia-Frischesortimenten nicht formgenau belegt; Koriandergrün und Saatgut sind kein Ersatz.","REQUIRED","Culantro oder Sägeblattkoriander | Form: Botanisch und kulinarisch nicht mit Koriandergrün gleichsetzen | Deutschland EU Exakttreffer Bestand Logistik frisches Würzkraut | geprüfte Quellen: AsianBrand – Frischgemüse ; Asia Moin – Obst und Gemüse","EVIDENCE_REQUIRED|RATING_RECONCILED_V2"
"CULTURED_DAIRY","gesäuertes Milchprodukt","APPLICABLE","Offene Vorgabe für durch Milchsäurekulturen gesäuerte Milchprodukte; Fettgehalt und Konsistenz bleiben wählbar.","GENERAL_LOCAL","Katalogpfad Milchprodukte. Warengruppe Milchprodukt, formrelevanter Prüfhinweis aus der vollständigen Definition: »Fettgehalt und Konsistenz bleiben wählbar«. Regelweg in Bornheim über den regulären Bornheimer Regalweg »Molkereikühlregal«.","EASY","gesäuertes Milchprodukt: gewöhnlicher lokaler Bezugsweg über den Bereich »Molkereikühlregal«.","OPTIONAL","gesäuertes Milchprodukt | Form: Fettgehalt und Konsistenz bleiben wählbar | Bornheim Molkereikühlregal gewöhnlicher Handel",""
"CUMIN","Kreuzkümmel","APPLICABLE","Kreuzkümmelsamen mit warm-erdigem, intensiv würzigem Aroma; nicht echter Kümmel.","GENERAL_LOCAL","Katalogpfad Gewürz oder trockenes Würzmittel. Warengruppe Gewürz, formrelevanter Prüfhinweis aus der vollständigen Definition: »nicht echter Kümmel«. Regelweg in Bornheim über den lokalen Supermarktbereich »Gewürz- und Trockenwürzregal« in Bornheim.","EASY","Kreuzkümmel: gewöhnlicher lokaler Bezugsweg über den Bereich »Gewürz- und Trockenwürzregal«.","OPTIONAL","Kreuzkümmel | Form: nicht echter Kümmel | Bornheim Gewürz- und Trockenwürzregal gewöhnlicher Handel",""
"CURED_MEAT","gepökeltes oder luftgetrocknetes Fleisch","APPLICABLE","Offene Familie gepökelter, getrockneter oder vergleichbar gereifter Fleischprodukte; Tierart und Produktform bleiben offen.","GENERAL_LOCAL","Katalogpfad Fleisch. Warengruppe Wurst oder Pökelfleisch, formrelevanter Prüfhinweis aus der vollständigen Definition: »Tierart und Produktform bleiben offen«. Regelweg in Bornheim über ortsübliche Vollsortimenter rund um Bornheim, konkret im Bereich »Wurstkühlung oder Bedientheke«.","EASY","gepökeltes oder luftgetrocknetes Fleisch: gewöhnlicher lokaler Bezugsweg über den Bereich »Wurstkühlung oder Bedientheke«.","OPTIONAL","gepökeltes oder luftgetrocknetes Fleisch | Form: Tierart und Produktform bleiben offen | Bornheim Wurstkühlung oder Bedientheke gewöhnlicher Handel","RATING_RECONCILED_V2"
"CURRY_LEAVES","Curryblätter","APPLICABLE","Aromatische Blätter des Currybaums mit zitrisch-röstigem Aroma; frisch oder tiefgekühlt bevorzugt, nicht Currypulver.","SPECIALTY_BROAD","Katalogpfad Kräuter und Würzblätter. Warengruppe frisches Würzkraut, formrelevanter Prüfhinweis aus der vollständigen Definition: »frisch oder tiefgekühlt bevorzugt, nicht Currypulver«. Breiter einschlägiger Spezialmarkt über den freigegebenen v2-Anker mit dem Kerngrund »Im großen indisch-asiatischen Spezialmarkt grundsätzlich etabliert«.","SPECIALTY","Curryblätter: Im großen indisch-asiatischen Spezialmarkt grundsätzlich etabliert; für Tobias bleibt die exakte frische/TK-Form wegen kleinerer lokaler Auswahl und Frischelogistik schwierig.","REQUIRED","Curryblätter | Form: frisch oder tiefgekühlt bevorzugt, nicht Currypulver | Deutschland unabhängige Spezialhändler frisches Würzkraut | freigegebener v2-Anker","REFERENCE_ANCHOR|EVIDENCE_REQUIRED|PERSON_DIFFERENCE"
"CURRY_POWDER","Currypulver","APPLICABLE","Zusammengesetzte Gewürzmischung nach Currypulver-Art; Zusammensetzung, Farbe und Schärfe können variieren.","GENERAL_LOCAL","Katalogpfad Gewürzmischung → Gewürz oder trockenes Würzmittel. Warengruppe Gewürz, formrelevanter Prüfhinweis aus der vollständigen Definition: »Zusammensetzung, Farbe und Schärfe können variieren«. Regelweg in Bornheim über ortsübliche Vollsortimenter rund um Bornheim, konkret im Bereich »Gewürz- und Trockenwürzregal«.","EASY","Currypulver: gewöhnlicher lokaler Bezugsweg über den Bereich »Gewürz- und Trockenwürzregal«.","OPTIONAL","Currypulver | Form: Zusammensetzung, Farbe und Schärfe können variieren | Bornheim Gewürz- und Trockenwürzregal gewöhnlicher Handel",""
"CUTTLEFISH","Sepia","APPLICABLE","Sepia beziehungsweise echter Tintenfisch mit festem Fleisch und essbarer Tinte; nicht Kalmar oder Oktopus.","GENERAL_BROAD","Send a Fish – Mini Sepia Tintenfisch M belegt: Send a Fish bietet ganze gereinigte rohe Mini-Sepia (Sepia pharaonis) im Warenkorb mit Lieferdatum an und verschickt sie bei minus 20 Grad Celsius mit Trockeneis. Der Bezug erfolgt über Deutschland, Österreich und Niederlande; GO!-Express über Nacht zum Wunschtermin; maßgeblich ist FROZEN_SHIPPING. Die Ware ist glasiert und leicht vorgesalzen; sie belegt echte Sepia, nicht Kalmar oder Oktopus, und verlangt durchgehende Tiefkühlung.","PLANNED","Sepia: Send a Fish bietet ganze gereinigte rohe Mini-Sepia (Sepia pharaonis) im Warenkorb mit Lieferdatum an und verschickt sie bei minus 20 Grad Celsius mit Trockeneis.","REQUIRED","Mini Sepia Sepia pharaonis ganz gereinigt roh tiefgekühlt Send a Fish Trockeneis | Georgia Bornheim Rheinland | Send a Fish – Mini Sepia Tintenfisch M | IN_STOCK FROZEN_SHIPPING","EVIDENCE_REQUIRED|BORDERLINE_PLANNED"
"DAIKON","Daikon","APPLICABLE","Großer milder weißer Rettich ostasiatischer Sorten; roh, gegart oder eingelegt verwendbar.","GENERAL_BROAD","Katalogpfad Rettich → Wurzel- und Knollengemüse → Gemüse. Warengruppe Gemüse oder Pilz, formrelevanter Prüfhinweis aus der vollständigen Definition: »roh, gegart oder eingelegt verwendbar«. Allgemein planbarer, aber nicht lokal garantierter Weg über eine gezielte Filial- oder Bestellprüfung für Gemüse oder Pilz im allgemeinen deutschen Handel.","PLANNED","Daikon ist über eine gezielte Filial- oder Bestellprüfung für Gemüse oder Pilz im allgemeinen deutschen Handel planbar, lokal aber kein verlässlicher Standardartikel.","OPTIONAL","Daikon | Form: roh, gegart oder eingelegt verwendbar | Bornheim gezielter Einkauf Deutschland Obst- und Gemüseabteilung",""
"DAING","Daing","APPLICABLE","Philippinische Familie getrockneter Fische in typischerweise aufgeschnittener beziehungsweise butterfly-artiger Form; Fischart und Salzgrad können variieren. Kein Synonym für eine bestimmte Fischart.","NICHE_IMPORT","Katalogpfad getrockneter Fisch → konservierter Fisch → Fisch → Fisch und Meeresfrüchte. Warengruppe konservierter Fisch, formrelevanter Prüfhinweis aus der vollständigen Definition: »Kein Synonym für eine bestimmte Fischart«. Nur der schmale Händlerweg über Filipino Asian Store – Tuyo dried salted herring ist positiv belegt; Standardversand begrenzt Form, Bestand oder Logistik.","DIFFICULT","Daing: Nur der schmale Händlerweg über Filipino Asian Store – Tuyo dried salted herring ist positiv belegt; Standardversand begrenzt Form, Bestand oder Logistik.","REQUIRED","Daing | Form: Kein Synonym für eine bestimmte Fischart | Deutschland EU Exakttreffer Bestand Logistik konservierter Fisch | geprüfte Quellen: Filipino Asian Store – Tuyo dried salted herring","EVIDENCE_REQUIRED|FORM_OR_ROUTE_FRAGILE"
"DAIRY_PRODUCTS","Milchprodukte","NOT_APPLICABLE_STRUCTURE","","","","","","","",""
"DANABLU","Danablu","APPLICABLE","Dänischer, mit Blauschimmel gereifter Kuhmilchkäse mit geschützter geografischer Angabe; kräftig, pikant und deutlich salzig.","GENERAL_BROAD","Castello Danablu ist im nationalen REWE-Katalog und bei einem unabhängigen deutschen Kühlversender gelistet; die exakte Käseform ist damit planbar, aber nicht lokaler Standard.","PLANNED","Exakter Castello Danablu ist im REWE-Katalog und bei einem unabhängigen deutschen Kühlversender gelistet; der lokale Bestand muss geplant werden.","REQUIRED","Georgia Bornheim Castello Danablu REWE variabel Skandinavien Shop fünf Stück Kühlversand","EVIDENCE_REQUIRED|FORM_SENSITIVE|NARROW_IMPORT_ROUTE|RATING_RECONCILED_V2"
"DANBO","Danbo","APPLICABLE","Dänischer halbfester Kuhmilchkäse mit geschützter geografischer Angabe; je nach Reifegrad mild bis kräftiger, typischerweise leicht säuerlich. Nicht als Gouda-Variante modellieren.","GENERAL_BROAD","HIT – Danbo mit Kümmel an der Käsetheke belegt formgenau: HIT listet echten dänischen Danbo mit Kümmel im regulären Hart- und Schnittkäsesortiment seiner allgemeinen Käsetheken. Für Georgia in Bornheim gilt: Allgemeines deutsches HIT-Markthallennetz; konkrete Theke in Bornheim oder Rostock vorab prüfen; Logistik STANDARD_LOCAL. Thekenbestand und konkrete Filiale bleiben variabel; Herstellerportfolio und parallele REWE-Listung stützen die Wiederholbarkeit.","PLANNED","Danbo: HIT listet echten dänischen Danbo mit Kümmel im regulären Hart- und Schnittkäsesortiment seiner allgemeinen Käsetheken.","REQUIRED","HIT Danbo Kümmel dänischer Schnittkäse Käsetheke Sortiment | Georgia in Bornheim | REGULAR_RANGE STANDARD_LOCAL","EVIDENCE_REQUIRED|BORDERLINE_PLANNED"
"DARK_CHOCOLATE","Zartbitterschokolade","APPLICABLE","Schokolade mit hohem Kakaoanteil und ohne prägende Milchkomponente; Kakaoanteil und Süße bleiben offen.","GENERAL_LOCAL","Katalogpfad Schokolade → Kakao oder Schokolade → Süßware. Warengruppe Süßungs- oder Kakaoware, formrelevanter Prüfhinweis aus der vollständigen Definition: »Kakaoanteil und Süße bleiben offen«. Regelweg in Bornheim über den lokalen Supermarktbereich »Backzutaten-, Süßwaren- oder Kakaoregal« in Bornheim.","EASY","Zartbitterschokolade: gewöhnlicher lokaler Bezugsweg über den Bereich »Backzutaten-, Süßwaren- oder Kakaoregal«.","OPTIONAL","Zartbitterschokolade | Form: Kakaoanteil und Süße bleiben offen | Bornheim Backzutaten-, Süßwaren- oder Kakaoregal gewöhnlicher Handel",""
"DARK_SOY_SAUCE","dunkle Sojasauce","APPLICABLE","Dunkle, häufig dickere und leicht süßliche Sojasauce vor allem für Farbe und Tiefe; nicht helle Sojasauce.","SPECIALTY_BROAD","Katalogpfad Sojasauce → fermentierte Würzzutat → fertige Sauce oder Würzpaste → Sauce, Würzmittel oder Paste. Warengruppe Sauce oder Würzpaste, formrelevanter Prüfhinweis aus der vollständigen Definition: »nicht helle Sojasauce«. Breiter einschlägiger Spezialmarkt über die voneinander unabhängigen Händler AsiaFoodland – dunkle Sojasauce sowie REWE – Asia-Saucen.","SPECIALTY","dunkle Sojasauce ist im einschlägigen Spezialmarkt breit etabliert; dokumentierte reguläre Wege sind die voneinander unabhängigen Händler AsiaFoodland – dunkle Sojasauce sowie REWE – Asia-Saucen.","REQUIRED","dunkle Sojasauce | Form: nicht helle Sojasauce | Deutschland unabhängige Spezialhändler Sauce oder Würzpaste | geprüfte Quellen: AsiaFoodland – dunkle Sojasauce ; REWE – Asia-Saucen","EVIDENCE_REQUIRED"
"DASHI","Dashi","APPLICABLE","Japanischer klarer Würzfond, typischerweise auf Kombu und/oder Bonitoflocken; Instant- und frisch angesetzte Varianten sind umfasst.","SPECIALTY_BROAD","Katalogpfad Brühe oder Fond. Warengruppe Brühe oder Fond, formrelevanter Prüfhinweis aus der vollständigen Definition: »Instant- und frisch angesetzte Varianten sind umfasst«. Breiter einschlägiger Spezialmarkt über die voneinander unabhängigen Händler Asia4Friends – Gewürze sowie AsiaFoodland – japanische Lebensmittel.","SPECIALTY","Dashi ist im einschlägigen Spezialmarkt breit etabliert; dokumentierte reguläre Wege sind die voneinander unabhängigen Händler Asia4Friends – Gewürze sowie AsiaFoodland – japanische Lebensmittel.","REQUIRED","Dashi | Form: Instant- und frisch angesetzte Varianten sind umfasst | Deutschland unabhängige Spezialhändler Brühe oder Fond | geprüfte Quellen: Asia4Friends – Gewürze ; AsiaFoodland – japanische Lebensmittel","EVIDENCE_REQUIRED"
"DATE","Dattel","APPLICABLE","Dattel mit dichtem, karamellig-süßem Fruchtfleisch; frisch oder getrocknet verwendbar.","GENERAL_LOCAL","Katalogpfad Obst. Warengruppe Obst, formrelevanter Prüfhinweis aus der vollständigen Definition: »frisch oder getrocknet verwendbar«. Regelweg in Bornheim über die gewöhnliche Bornheimer Auslage »Obst- und Gemüseabteilung«.","EASY","Dattel: gewöhnlicher lokaler Bezugsweg über den Bereich »Obst- und Gemüseabteilung«.","OPTIONAL","Dattel | Form: frisch oder getrocknet verwendbar | Bornheim Obst- und Gemüseabteilung gewöhnlicher Handel",""
"DATE_SYRUP","Dattelsirup","APPLICABLE","Dunkler konzentrierter Sirup aus Datteln mit fruchtig-karamelligem Geschmack; nicht Melasse.","GENERAL_BROAD","Katalogpfad Sirup → Süßungsmittel. Warengruppe Süßungs- oder Kakaoware, formrelevanter Prüfhinweis aus der vollständigen Definition: »konzentrierter Sirup aus Datteln mit fruchtig-karamelligem Geschmack; nicht Melasse«. Für Georgias Bornheim-Profil besteht ein planbarer Weg über nahe türkisch-arabische Lebensmittelmärkte; die regionale Nähe allein begründet keinen EASY-Wert.","PLANNED","Dattelsirup: Georgia hat einen konkreten breiteren türkisch-/arabischen Fachmarktweg; Tobias benötigt eher den einschlägigen Spezialhandel. Keine Seite erhält EASY allein aus Demografie.","REQUIRED","Dattelsirup | Form: konzentrierter Sirup aus Datteln mit fruchtig-karamelligem Geschmack; nicht Melasse | Bornheim gezielter Einkauf Deutschland Backzutaten-, Süßwaren- oder Kakaoregal | freigegebener v2-Anker","REFERENCE_ANCHOR|PERSON_DIFFERENCE"
"DIJON_MUSTARD","Dijon-Senf","APPLICABLE","Feiner bis glatter, deutlich scharfer Senf nach Dijon-Art; nicht körniger Senf und nicht zwingend AOP-Herkunft.","GENERAL_LOCAL","Katalogpfad Senf → fertige Sauce oder Würzpaste → Sauce, Würzmittel oder Paste. Warengruppe Sauce oder Würzpaste, formrelevanter Prüfhinweis aus der vollständigen Definition: »nicht körniger Senf und nicht zwingend AOP-Herkunft«. Regelweg in Bornheim über nahe Supermarktfilialen in Bornheim mit dem Bereich »Saucen-, Würzpasten- und Feinkostregal«.","EASY","Dijon-Senf: gewöhnlicher lokaler Bezugsweg über den Bereich »Saucen-, Würzpasten- und Feinkostregal«.","OPTIONAL","Dijon-Senf | Form: nicht körniger Senf und nicht zwingend AOP-Herkunft | Bornheim Saucen-, Würzpasten- und Feinkostregal gewöhnlicher Handel","RATING_RECONCILED_V2"
"DILL","Dill","APPLICABLE","Frische Dillspitzen mit anisartig-grünem Aroma; Stiele können mitverwendet werden, Dillsaat ist nicht gemeint.","GENERAL_LOCAL","Katalogpfad Kräuter und Würzblätter. Warengruppe frisches Würzkraut, formrelevanter Prüfhinweis aus der vollständigen Definition: »Stiele können mitverwendet werden, Dillsaat ist nicht gemeint«. Regelweg in Bornheim über das örtliche Sortiment »frische Kräuterabteilung« beim Wocheneinkauf in Bornheim.","EASY","Dill: gewöhnlicher lokaler Bezugsweg über den Bereich »frische Kräuterabteilung«.","OPTIONAL","Dill | Form: Stiele können mitverwendet werden, Dillsaat ist nicht gemeint | Bornheim frische Kräuterabteilung gewöhnlicher Handel","RATING_RECONCILED_V2"
"DOENJANG","Doenjang","APPLICABLE","Koreanische fermentierte Sojabohnenpaste mit kräftigem, salzig-erdigem Umami; nicht Miso oder Gochujang.","SPECIALTY_BROAD","Katalogpfad fermentierte Würzzutat → fertige Sauce oder Würzpaste → Sauce, Würzmittel oder Paste. Warengruppe Sauce oder Würzpaste, formrelevanter Prüfhinweis aus der vollständigen Definition: »nicht Miso oder Gochujang«. Breiter einschlägiger Spezialmarkt über die voneinander unabhängigen Händler Asia4Friends – Saucen sowie AsiaFoodland – Saucen und Pasten.","SPECIALTY","Doenjang ist im einschlägigen Spezialmarkt breit etabliert; dokumentierte reguläre Wege sind die voneinander unabhängigen Händler Asia4Friends – Saucen sowie AsiaFoodland – Saucen und Pasten.","REQUIRED","Doenjang | Form: nicht Miso oder Gochujang | Deutschland unabhängige Spezialhändler Sauce oder Würzpaste | geprüfte Quellen: Asia4Friends – Saucen ; AsiaFoodland – Saucen und Pasten","EVIDENCE_REQUIRED"
"DOUBANJIANG","Doubanjiang","APPLICABLE","Chinesische fermentierte Bohnen-Chili-Paste, häufig auf Saubohnenbasis; salzig, scharf und ausgeprägt umamireich.","SPECIALTY_BROAD","Katalogpfad Chilisauce oder -paste → fermentierte Würzzutat → fertige Sauce oder Würzpaste → Sauce, Würzmittel oder Paste. Warengruppe Sauce oder Würzpaste, formrelevanter Prüfhinweis aus der vollständigen Definition: »salzig, scharf und ausgeprägt umamireich«. Breiter einschlägiger Spezialmarkt über den freigegebenen v2-Anker mit dem Kerngrund »Breit in chinesisch-asiatischen Spezialsortimenten geführt mehrere Marken und unabhängige Händler«.","SPECIALTY","Doubanjiang: Breit in chinesisch-asiatischen Spezialsortimenten geführt; mehrere Marken und unabhängige Händler.","REQUIRED","Doubanjiang | Form: salzig, scharf und ausgeprägt umamireich | Deutschland unabhängige Spezialhändler Sauce oder Würzpaste | freigegebener v2-Anker","REFERENCE_ANCHOR|EVIDENCE_REQUIRED"
"DRAGON_FRUIT","Drachenfrucht","APPLICABLE","Mild-süße Pitahaya mit saftigem, samenreichem Fruchtfleisch; rote und weiße Sorten sind umfasst.","GENERAL_BROAD","Katalogpfad Tropenfrucht → Obst. Warengruppe Obst, formrelevanter Prüfhinweis aus der vollständigen Definition: »rote und weiße Sorten sind umfasst«. Allgemein planbarer, aber nicht lokal garantierter Weg über eine geplante Fahrt zu einem großen Markt mit dem Sortiment »Obst- und Gemüseabteilung«.","PLANNED","Drachenfrucht ist über eine geplante Fahrt zu einem großen Markt mit dem Sortiment »Obst- und Gemüseabteilung« im allgemeinen deutschen Handel planbar, lokal aber kein verlässlicher Standardartikel.","OPTIONAL","Drachenfrucht | Form: rote und weiße Sorten sind umfasst | Bornheim gezielter Einkauf Deutschland Obst- und Gemüseabteilung",""
"DRIED_APRICOT","getrocknete Aprikosen","APPLICABLE","Getrocknete Aprikosen mit konzentrierter Süße und zäher Textur; geschwefelte und ungeschwefelte Ware ist möglich.","GENERAL_LOCAL","Katalogpfad Aprikose → Trockenfrüchte → Steinobst → Obst. Warengruppe Trockenfrucht, formrelevanter Prüfhinweis aus der vollständigen Definition: »geschwefelte und ungeschwefelte Ware ist möglich«. Regelweg in Bornheim über den lokalen Supermarktbereich »Trockenfrucht- und Backzutatenregal« in Bornheim.","EASY","getrocknete Aprikosen: gewöhnlicher lokaler Bezugsweg über den Bereich »Trockenfrucht- und Backzutatenregal«.","OPTIONAL","getrocknete Aprikosen | Form: geschwefelte und ungeschwefelte Ware ist möglich | Bornheim Trockenfrucht- und Backzutatenregal gewöhnlicher Handel",""
"DRIED_CHILI","getrocknete Chili","APPLICABLE","Ganze oder grob zerteilte getrocknete Chili mit konzentriertem Aroma; Pulver und feine Flocken sind damit nicht gemeint.","GENERAL_BROAD","Katalogpfad Gewürz oder trockenes Würzmittel. Warengruppe Gewürz, formrelevanter Prüfhinweis aus der vollständigen Definition: »Pulver und feine Flocken sind damit nicht gemeint«. Allgemein planbarer, aber nicht lokal garantierter Weg über eine vorab zu prüfendes Sortiment im Bereich »Gewürz- und Trockenwürzregal« eines großen Bornheimer Markts.","PLANNED","getrocknete Chili ist über ein vorab zu prüfendes Sortiment im Bereich »Gewürz- und Trockenwürzregal« eines großen Bornheimer Markts im allgemeinen deutschen Handel planbar, lokal aber kein verlässlicher Standardartikel.","OPTIONAL","getrocknete Chili | Form: Pulver und feine Flocken sind damit nicht gemeint | Bornheim gezielter Einkauf Deutschland Gewürz- und Trockenwürzregal",""
"DRIED_FISH","getrockneter Fisch","APPLICABLE","Offene Familie von Fischprodukten, deren wesentliche Konservierung durch Trocknung erfolgt; Salz kann, muss aber nicht beteiligt sein. Nicht bloß geräucherter oder konservierter Fisch ohne maßgebliche Trocknung.","SPECIALTY_BROAD","Katalogpfad konservierter Fisch → Fisch → Fisch und Meeresfrüchte. Warengruppe konservierter Fisch, formrelevanter Prüfhinweis aus der vollständigen Definition: »Nicht bloß geräucherter oder konservierter Fisch ohne maßgebliche Trocknung«. Breiter einschlägiger Spezialmarkt über die voneinander unabhängigen Händler Filipino Asian Store – Tuyo dried salted herring sowie Asia4Friends – Fisch und Meeresfrüchte.","SPECIALTY","getrockneter Fisch ist im einschlägigen Spezialmarkt breit etabliert; dokumentierte reguläre Wege sind die voneinander unabhängigen Händler Filipino Asian Store – Tuyo dried salted herring sowie Asia4Friends – Fisch und Meeresfrüchte.","REQUIRED","getrockneter Fisch | Form: Nicht bloß geräucherter oder konservierter Fisch ohne maßgebliche Trocknung | Deutschland unabhängige Spezialhändler konservierter Fisch | geprüfte Quellen: Filipino Asian Store – Tuyo dried salted herring ; Asia4Friends – Fisch und Meeresfrüchte","EVIDENCE_REQUIRED"
"DRIED_FRUIT","Trockenfrüchte","APPLICABLE","Offene Vorgabe für durch Trocknung konzentriertes Obst; Sorte, Stückgröße und eventuelle Süßung bleiben wählbar.","GENERAL_LOCAL","Katalogpfad Obst. Warengruppe Trockenfrucht, formrelevanter Prüfhinweis aus der vollständigen Definition: »Sorte, Stückgröße und eventuelle Süßung bleiben wählbar«. Regelweg in Bornheim über ortsübliche Vollsortimenter rund um Bornheim, konkret im Bereich »Trockenfrucht- und Backzutatenregal«.","EASY","Trockenfrüchte: gewöhnlicher lokaler Bezugsweg über den Bereich »Trockenfrucht- und Backzutatenregal«.","OPTIONAL","Trockenfrüchte | Form: Sorte, Stückgröße und eventuelle Süßung bleiben wählbar | Bornheim Trockenfrucht- und Backzutatenregal gewöhnlicher Handel",""
"DRIED_SHRIMP","getrocknete Garnelen","APPLICABLE","Durch Trocknung haltbar gemachte Garnelen, ganz oder grob zerkleinert; sie liefern konzentriertes Umami für Brühen, Füllungen, Toppings und Würzpasten. Nicht Garnelenpulver oder fermentierte Garnelenpaste.","SPECIALTY_BROAD","Katalogpfad Garnelen → Krustentiere → wirbellose Tiere → Schalen- und Krustentiere. Warengruppe Fisch oder Meeresfrucht, formrelevanter Prüfhinweis aus der vollständigen Definition: »Nicht Garnelenpulver oder fermentierte Garnelenpaste«. Breiter einschlägiger Spezialmarkt über den freigegebenen v2-Anker mit dem Kerngrund »Regulärer Artikel vieler unabhängiger Asia-Händler haltbar und ohne enge nationale Importabhängigkeit«.","SPECIALTY","getrocknete Garnelen: Regulärer Artikel vieler unabhängiger Asia-Händler; haltbar und ohne enge nationale Importabhängigkeit.","REQUIRED","getrocknete Garnelen | Form: Nicht Garnelenpulver oder fermentierte Garnelenpaste | Deutschland unabhängige Spezialhändler Fisch oder Meeresfrucht | freigegebener v2-Anker","REFERENCE_ANCHOR|EVIDENCE_REQUIRED"
"DRIED_WILD_MUSHROOMS","getrocknete Waldpilze","APPLICABLE","Getrocknete aromatische Waldpilze, einzeln oder gemischt; nicht auf eine einzelne Pilzart festgelegt.","GENERAL_BROAD","Katalogpfad Pilze → Gemüse. Warengruppe getrockneter Speisepilz, formrelevanter Prüfhinweis aus der vollständigen Definition: »nicht auf eine einzelne Pilzart festgelegt«. Vom Bornheimer Profil aus trägt „internationales Trockenwaren- oder Asia-Regal über einen größeren Vollsortimenter mit geprüftem Sortiment“ den Bezug.","PLANNED","getrocknete Waldpilze: Vom Bornheimer Profil aus trägt „internationales Trockenwaren- oder Asia-Regal über einen größeren Vollsortimenter mit geprüftem Sortiment“ den Bezug.","OPTIONAL","getrocknete Waldpilze | Form: nicht auf eine einzelne Pilzart festgelegt | Bornheim gezielter Einkauf Deutschland internationales Trockenwaren- oder Asia-Regal",""
"DUCK","Ente","APPLICABLE","Entenfleisch ohne Festlegung auf Brust, Keule oder ganzes Tier; Haut und Fett können prägende Bestandteile sein.","GENERAL_BROAD","Die offene Entenfleischform wird durch rohe Entenbrust mit Haut und Fettschicht konkret abgedeckt. GOURMET VERSAND zeigt den vakuumierten Zuschnitt aktuell bestellbar und liefert ihn tiefgekühlt per Express nach Bornheim.","PLANNED","Ente: Die offene Entenfleischform wird durch rohe Entenbrust mit Haut und Fettschicht konkret abgedeckt. GOURMET VERSAND zeigt den vakuumierten Zuschnitt aktuell bestellbar und liefert ihn tiefgekühlt per Express nach Bornheim.","REQUIRED","Ente rohe Entenbrust Haut Fettschicht ca. 400 g GOURMET VERSAND tiefgekühlt Express Bornheim Deutschland","EVIDENCE_REQUIRED|BORDERLINE_PLANNED"
"DUCK_BREAST","Entenbrust","APPLICABLE","Entenbrust mit dunklem Fleisch und typischer Fettschicht unter der Haut; mit oder ohne Haut verwendbar.","GENERAL_BROAD","GOURMET VERSAND führt rohe vakuumierte Entenbrust mit Haut und der typischen Fettschicht aktuell als lieferbar. Nach Bornheim erfolgt ein planbarer Tiefkühl-Express; eine hautlose Variante ist für die offene Form nicht erforderlich.","PLANNED","Entenbrust: GOURMET VERSAND führt rohe vakuumierte Entenbrust mit Haut und der typischen Fettschicht aktuell als lieferbar. Nach Bornheim erfolgt ein planbarer Tiefkühl-Express; eine hautlose Variante ist für die offene Form nicht erforderlich.","REQUIRED","Entenbrust roh Haut Fettschicht 400 g GOURMET VERSAND Tiefkühl-Express Bornheim","EVIDENCE_REQUIRED|BORDERLINE_PLANNED"
"DUCK_CONFIT","Entenconfit","APPLICABLE","Gesalzene Ententeile, typischerweise Keule beziehungsweise vergleichbare Teilstücke, langsam in Entenfett gegart und traditionell darin konserviert. Nicht bloß Entenfleisch oder eine frisch gebratene Entenkeule.","GENERAL_BROAD","Vier bereits in Entenfett confierte Entenkeulen im 1,35-kg-Gebinde sind bei GOURMET VERSAND aktuell bestellbar. Die haltbare Dose kommt ungekühlt per Standardpaket und trennt sich klar von frischer Entenkeule.","PLANNED","Entenconfit: Vier bereits in Entenfett confierte Entenkeulen im 1,35-kg-Gebinde sind bei GOURMET VERSAND aktuell bestellbar. Die haltbare Dose kommt ungekühlt per Standardpaket und trennt sich klar von frischer Entenkeule.","REQUIRED","Entenconfit vier Keulen Entenfett Rougié 1,35 kg Dose GOURMET VERSAND ungekühlt Bornheim","EVIDENCE_REQUIRED|BORDERLINE_PLANNED"
"DUCK_EGG","Entenei","APPLICABLE","Größeres, fettreicheres Ei der Ente; frisch zu garen, nicht bereits gesalzen oder fermentiert.","NICHE_IMPORT","Die gezielte Suche nach frischen Enteneiern fand keinen belastbaren deutschlandweiten Versandweg; mögliche Hof- und Marktangebote bleiben regional, saisonal und vorab zu verifizieren.","DIFFICULT","Für frische Enteneier ergab die gezielte Endkundensuche keinen belastbaren Versandweg; mögliche Hof- oder Marktangebote bleiben regional und saisonal.","REQUIRED","Entenei | Form: frisch zu garen, nicht bereits gesalzen oder fermentiert | Deutschland EU Exakttreffer Bestand Logistik Ei | geprüfte Quellen: Gourmet Versand – Enten, Gänse und Foie gras","EVIDENCE_REQUIRED|FORM_OR_ROUTE_FRAGILE"
"DUCK_FAT","Entenfett","APPLICABLE","Ausgelassenes Entenfett mit charakteristischem Geflügelaroma zum Braten, Confieren oder Verfeinern.","GENERAL_BROAD","Ausgelassenes, leicht gesalzenes Entenschmalz wird bei GOURMET VERSAND im 320-g-Glas aktuell lagernd angeboten. Der ungekühlte Paketversand nach Bornheim passt zur Kochfettform und braucht keine Kühlzustellung.","PLANNED","Entenfett: Ausgelassenes, leicht gesalzenes Entenschmalz wird bei GOURMET VERSAND im 320-g-Glas aktuell lagernd angeboten. Der ungekühlte Paketversand nach Bornheim passt zur Kochfettform und braucht keine Kühlzustellung.","REQUIRED","Entenfett Entenschmalz Rougié 320 g Glas sofort lieferbar Standardversand Bornheim","EVIDENCE_REQUIRED|BORDERLINE_PLANNED"
"DUCK_LEG","Entenkeule","APPLICABLE","Entenkeule mit dunklem, bindegewebsreichem Fleisch; für Braten, Schmoren oder Confieren geeignet.","GENERAL_BROAD","Heine Delikatessen zeigt eine rohe, ungewürzte Barbarie-Entenkeule mit Haut und 300–400 g Stückgewicht als sofort verfügbar. Die tiefgekühlte Lieferung nach Bornheim erfordert einen festgelegten Versandtag.","PLANNED","Entenkeule: Heine Delikatessen zeigt eine rohe, ungewürzte Barbarie-Entenkeule mit Haut und 300–400 g Stückgewicht als sofort verfügbar. Die tiefgekühlte Lieferung nach Bornheim erfordert einen festgelegten Versandtag.","REQUIRED","Barbarie Entenkeule roh ungewürzt Haut 300 400 g Heine Delikatessen Tiefkühlversand Bornheim","EVIDENCE_REQUIRED|BORDERLINE_PLANNED"
"DULSE","Dulse","APPLICABLE","Essbare rote Meeresalge mit salzigem, leicht rauchig-umamireichem Geschmack; meist getrocknet erhältlich.","GENERAL_BROAD","Getrocknete Arche-Dulse ist beim tatsächlichen Plattformverkäufer Miraherba und unabhängig bei Piccantino mit Standardversand gelistet; die Ware ist damit allgemein planbar.","PLANNED","Getrocknete Dulse ist über unabhängige deutsche Naturkosthändler mit Standardversand planbar; die Plattformlistung wird dem tatsächlichen Verkäufer Miraherba zugerechnet.","REQUIRED","Arche Dulse Algen 30 g | Palmaria palmata getrocknet | Shop Apotheke Standardversand Bornheim","EVIDENCE_REQUIRED|BORDERLINE_PLANNED"
"DUMPLING_DOUGH","Dumpling-Teig","APPLICABLE","Ungeschnittener Teig zur Herstellung von Dumpling-Hüllen; Zusammensetzung und Dicke bleiben offen.","GENERAL_BROAD","BÜRGER führt ungeschnittenen gekühlten Nudel-/Maultaschenteig im Regelsortiment. Die Eignung zum Zuschneiden eigener Dumpling-Hüllen ist eine sichtbare menschliche Forminferenz, keine Gleichsetzung mit vorgeschnittenen Wrappern.","PLANNED","Ungeschnittener gekühlter Nudel- oder Maultaschenteig ist im allgemeinen Handel planbar; seine Nutzung für eigene Dumpling-Hüllen bleibt eine offene Forminferenz.","REQUIRED","Bürger Nudelteig Maultaschenteig 500 g ungeschnitten Teigband Regelsortiment | Georgia in Bornheim | REGULAR_RANGE CHILLED_SHIPPING","EVIDENCE_REQUIRED|FORM_OR_ROUTE_FRAGILE|RATING_RECONCILED_V2"
"DUMPLING_WRAPPERS","Teigblatt oder Dumpling-Hülle","APPLICABLE","Offene Vorgabe für dünne Teigblätter zum Füllen und Falten; Weizen-, Reis- und andere geeignete Hüllen sind möglich.","SPECIALTY_BROAD","Katalogpfad stärkehaltige Zutat oder Sättigungsbeilage. Warengruppe Teigblatt oder Teigware, formrelevanter Prüfhinweis aus der vollständigen Definition: »Weizen-, Reis- und andere geeignete Hüllen sind möglich«. Breiter einschlägiger Spezialmarkt über den freigegebenen v2-Anker mit dem Kerngrund »Breit in Asia-Kühl-/TK-Sortimenten etabliert aber nicht allgemeiner Handel und wegen Kühlform nicht PLANNED«.","SPECIALTY","Teigblatt oder Dumpling-Hülle: Breit in Asia-Kühl-/TK-Sortimenten etabliert aber nicht allgemeiner Handel und wegen Kühlform nicht PLANNED.","REQUIRED","Teigblatt oder Dumpling-Hülle | Form: Weizen-, Reis- und andere geeignete Hüllen sind möglich | Deutschland unabhängige Spezialhändler Teigblatt oder Teigware | freigegebener v2-Anker","REFERENCE_ANCHOR|EVIDENCE_REQUIRED"
"EDAM","Edamer","APPLICABLE","Halbfester Kuhmilchkäse nach Edamer Art; umfasst Edam/Edamer als Produkttyp und ist nicht auf die geschützte Herkunftsbezeichnung Edam Holland beschränkt.","GENERAL_LOCAL","Katalogpfad Käse → gesäuertes Milchprodukt → Milchprodukte. Warengruppe Käse, formrelevanter Prüfhinweis aus der vollständigen Definition: »umfasst Edam/Edamer als Produkttyp und ist nicht auf die geschützte Herkunftsbezeichnung Edam Holland beschränkt«. Regelweg in Bornheim über nahe Supermarktfilialen in Bornheim mit dem Bereich »Käsekühlung oder Käsetheke«.","EASY","Edamer: gewöhnlicher lokaler Bezugsweg über den Bereich »Käsekühlung oder Käsetheke«.","OPTIONAL","Edamer | Form: umfasst Edam/Edamer als Produkttyp und ist nicht auf die geschützte Herkunftsbezeichnung Edam Holland beschränkt | Bornheim Käsekühlung oder Käsetheke gewöhnlicher Handel","RATING_RECONCILED_V2"
"EDAMAME","Edamame","APPLICABLE","Unreif geerntete grüne Sojabohnen, meist in der Schote blanchiert oder ausgelöst; nicht reife trockene Sojabohnen.","GENERAL_BROAD","REWE Bio listet 500 g tiefgekühlte Edamame in der Schote als reguläre Produktseite. Für Georgia bleibt vor dem Einkauf die Bornheimer Marktauswahl nötig; diese Standortabhängigkeit trägt GENERAL_BROAD/PLANNED, nicht EASY.","PLANNED","Edamame: REWE Bio listet 500 g tiefgekühlte Edamame in der Schote als reguläre Produktseite. Für Georgia bleibt vor dem Einkauf die Bornheimer Marktauswahl nötig; diese Standortabhängigkeit trägt GENERAL_BROAD/PLANNED, nicht EASY.","OPTIONAL","REWE Bio Edamame 500 g tiefgekühlt Schote Filialbestand Bornheim unreife Sojabohnen",""
"EDIBLE_SNAILS","essbare Schnecken","APPLICABLE","Offene Familie essbarer Land-, Süßwasser- und Meeresschnecken als küchenfertige Zutat; Art und Lebensraum bleiben wählbar. Nicht Muscheln oder andere Weichtiergruppen.","GENERAL_BROAD","Eine zulässige essbare Landschneckenform ist im allgemeinen Feinkostversand belegt: Gourmet Versand führt große Helix-lucorum-Weinbergschnecken in der Dose lagernd und deutschlandweit.","PLANNED","essbare Schnecken: Gourmet Versand führt große Helix-lucorum-Weinbergschnecken in der Dose lagernd und deutschlandweit.","REQUIRED","Gourmet Versand Helix lucorum Weinbergschnecken Dose lagernd Deutschland essbare Schnecken","EVIDENCE_REQUIRED|BORDERLINE_PLANNED"
"EEL","Aal","APPLICABLE","Aal als fettreicher Fisch mit festem Fleisch; frisch, geräuchert oder anderweitig verarbeitet nur bei entsprechender Produktwahl.","GENERAL_BROAD","Katalogpfad fettreicher Fisch → Fisch → Fisch und Meeresfrüchte. Warengruppe Fisch oder Meeresfrucht, formrelevanter Prüfhinweis aus der vollständigen Definition: »frisch, geräuchert oder anderweitig verarbeitet nur bei entsprechender Produktwahl«. Fischfachhandel, Wochenmarkt oder etablierter Fischversand bieten robuste geplante Wege, ohne einen gewöhnlichen EASY-Supermarktbestand zu unterstellen.","PLANNED","Aal: Fischhändler, Wochenmarkt oder etablierter Fischversand sind gezielte grundsätzlich robuste Wege; kein EASY-Supermarktstandard.","REQUIRED","Aal | Form: frisch, geräuchert oder anderweitig verarbeitet nur bei entsprechender Produktwahl | Bornheim gezielter Einkauf Deutschland Fischkühlung, Fischtheke oder Tiefkühlabteilung | freigegebener v2-Anker","REFERENCE_ANCHOR|EVIDENCE_REQUIRED|BORDERLINE_PLANNED"
"EGG","Ei","APPLICABLE","Ein einzelnes Hühnerei als allgemein verfügbare Kochzutat; Eier anderer Tierarten sind damit nicht gemeint.","GENERAL_LOCAL","Katalogpfad Eier. Warengruppe Ei, formrelevanter Prüfhinweis aus der vollständigen Definition: »Eier anderer Tierarten sind damit nicht gemeint«. Regelweg in Bornheim über nahe Supermarktfilialen in Bornheim mit dem Bereich »Eierregal«.","EASY","Ei: gewöhnlicher lokaler Bezugsweg über den Bereich »Eierregal«.","OPTIONAL","Ei | Form: Eier anderer Tierarten sind damit nicht gemeint | Bornheim Eierregal gewöhnlicher Handel",""
"EGG_NOODLES","Eiernudeln","APPLICABLE","Nudeln mit Ei als prägendem Teigbestandteil; Form und Dicke bleiben offen.","GENERAL_LOCAL","Katalogpfad Nudeln → stärkehaltige Zutat oder Sättigungsbeilage. Warengruppe Getreide- oder Stärkeware, formrelevanter Prüfhinweis aus der vollständigen Definition: »Form und Dicke bleiben offen«. Regelweg in Bornheim über nahe Supermarktfilialen in Bornheim mit dem Bereich »Reis-, Mehl-, Nudel- oder Trockenwarenregal«.","EASY","Eiernudeln: gewöhnlicher lokaler Bezugsweg über den Bereich »Reis-, Mehl-, Nudel- oder Trockenwarenregal«.","OPTIONAL","Eiernudeln | Form: Form und Dicke bleiben offen | Bornheim Reis-, Mehl-, Nudel- oder Trockenwarenregal gewöhnlicher Handel",""
"EGGPLANT","Aubergine","APPLICABLE","Aubergine mit schwammigem, beim Garen cremig werdendem Fruchtfleisch; Sorte und Farbe bleiben offen.","GENERAL_LOCAL","Katalogpfad Fruchtgemüse → Gemüse. Warengruppe Gemüse oder Pilz, formrelevanter Prüfhinweis aus der vollständigen Definition: »Sorte und Farbe bleiben offen«. Regelweg in Bornheim über die gewöhnliche Bornheimer Auslage »Obst- und Gemüseabteilung«.","EASY","Aubergine: gewöhnlicher lokaler Bezugsweg über den Bereich »Obst- und Gemüseabteilung«.","OPTIONAL","Aubergine | Form: Sorte und Farbe bleiben offen | Bornheim Obst- und Gemüseabteilung gewöhnlicher Handel",""
"EGGS","Eier","APPLICABLE","Offene Vorgabe für Vogeleier; Art, Größe und Zubereitungsfunktion werden bewusst nicht festgelegt.","GENERAL_LOCAL","Katalogpfad eigenständige Katalogwurzel. Warengruppe Ei, formrelevanter Prüfhinweis aus der vollständigen Definition: »Art, Größe und Zubereitungsfunktion werden bewusst nicht festgelegt«. Regelweg in Bornheim über den regulären Bornheimer Regalweg »Eierregal«.","EASY","Eier: gewöhnlicher lokaler Bezugsweg über den Bereich »Eierregal«.","OPTIONAL","Eier | Form: Art, Größe und Zubereitungsfunktion werden bewusst nicht festgelegt | Bornheim Eierregal gewöhnlicher Handel",""
"EGUSI_SEEDS","Egusi-Samen","APPLICABLE","Ölreiche Samen bestimmter westafrikanischer Melonenarten, meist gemahlen zum Binden und Aromatisieren; nicht Kürbiskerne.","SPECIALTY_BROAD","Katalogpfad Kerne und Samen. Warengruppe Nuss, Saat oder Mus, formrelevanter Prüfhinweis aus der vollständigen Definition: »nicht Kürbiskerne«. Breiter einschlägiger Spezialmarkt über die voneinander unabhängigen Händler Africa Shop 24 – afrikanische Lebensmittel sowie Afrika-Laden – Lebensmittel.","SPECIALTY","Egusi-Samen ist im einschlägigen Spezialmarkt breit etabliert; dokumentierte reguläre Wege sind die voneinander unabhängigen Händler Africa Shop 24 – afrikanische Lebensmittel sowie Afrika-Laden – Lebensmittel.","REQUIRED","Egusi-Samen | Form: nicht Kürbiskerne | Deutschland unabhängige Spezialhändler Nuss, Saat oder Mus | geprüfte Quellen: Africa Shop 24 – afrikanische Lebensmittel ; Afrika-Laden – Lebensmittel","EVIDENCE_REQUIRED"
"ELDERBERRY","Holunderbeeren","APPLICABLE","Reife Holunderbeeren mit herb-säuerlichem Aroma; nur gegart verwenden, nicht rohe unreife Beeren.","GENERAL_BROAD","Holunderbeeren: GOURMET VERSAND weist ganze tiefgekühlte Holunderbeeren mit bundesweitem TK-Expressversand aktuell auf Lager aus. Profilbezug Georgia: Bornheim beziehungsweise der planbare allgemeine deutsche Bezug; Köln oder Düsseldorf werden nicht als lokaler EASY-Weg gewertet.","PLANNED","Holunderbeeren: GOURMET VERSAND weist ganze tiefgekühlte Holunderbeeren mit bundesweitem TK-Expressversand aktuell auf Lager aus.","OPTIONAL","Holunderbeeren ganz tiefgekühlt 1 kg GOURMET VERSAND Lager TK Express; Georgia Bornheim konkrete Produktseite Bestand Logistik 2026-09-04",""
"ENDIVE","Endivie","APPLICABLE","Endivienblätter mit knackiger Textur und deutlicher Bitterkeit; glatte und krause Formen sind umfasst.","GENERAL_LOCAL","Katalogpfad Blattsalat → Blattgemüse → Gemüse. Warengruppe Gemüse oder Pilz, formrelevanter Prüfhinweis aus der vollständigen Definition: »glatte und krause Formen sind umfasst«. Regelweg in Bornheim über den Bereich »Obst- und Gemüseabteilung« eines gewöhnlichen Bornheimer Vollsortimenters.","EASY","Endivie: gewöhnlicher lokaler Bezugsweg über den Bereich »Obst- und Gemüseabteilung«.","OPTIONAL","Endivie | Form: glatte und krause Formen sind umfasst | Bornheim Obst- und Gemüseabteilung gewöhnlicher Handel",""
"ENOKI","Enoki","APPLICABLE","Langstielige, kleinhütige Enoki-Pilze mit zartem Biss und mildem Geschmack; kultivierte helle Ware ist üblich.","SPECIALTY_BROAD","Katalogpfad Pilze → Gemüse. Warengruppe Gemüse oder Pilz, formrelevanter Prüfhinweis aus der vollständigen Definition: »kultivierte helle Ware ist üblich«. Breiter einschlägiger Spezialmarkt über die voneinander unabhängigen Händler Asia4Friends – Gemüse sowie Asia Moin – Gemüse.","SPECIALTY","Enoki ist im einschlägigen Spezialmarkt breit etabliert; dokumentierte reguläre Wege sind die voneinander unabhängigen Händler Asia4Friends – Gemüse sowie Asia Moin – Gemüse.","REQUIRED","Enoki | Form: kultivierte helle Ware ist üblich | Deutschland unabhängige Spezialhändler Gemüse oder Pilz | geprüfte Quellen: Asia4Friends – Gemüse ; Asia Moin – Gemüse","EVIDENCE_REQUIRED"
"ESCARGOT","Weinbergschnecken","APPLICABLE","Essbare Landschnecken nach Weinbergschnecken-/Escargot-Art, küchenfertig ausgelöst oder im Gehäuse; frisch, tiefgekühlt oder konserviert. Nicht Meer- oder Süßwasserschnecken.","GENERAL_BROAD","Französische Weinbergschnecken als gekochte Dosenware im allgemeinen Feinkostversand; Marie Monde weist Helix pomatia aktuell mit kleinem Bestand und kurzer Lieferzeit aus.","PLANNED","Weinbergschnecken: Französische Weinbergschnecken als gekochte Dosenware im allgemeinen Feinkostversand; Marie Monde weist Helix pomatia aktuell mit kleinem Bestand und kurzer Lieferzeit aus.","REQUIRED","Marie Monde Escargots Helix pomatia Weinbergschnecken gekocht Dose Bestand Versand","EVIDENCE_REQUIRED|BORDERLINE_PLANNED"
"EVAPORATED_MILK","Kondensmilch","APPLICABLE","Ungesüßte, durch Wasserentzug konzentrierte Milch; nicht gezuckerte Kondensmilch.","GENERAL_BROAD","Katalogpfad frisches Milchprodukt → Milchprodukte. Warengruppe Milchprodukt, formrelevanter Prüfhinweis aus der vollständigen Definition: »nicht gezuckerte Kondensmilch«. Allgemein planbarer, aber nicht lokal garantierter Weg über einen vorbereiteten Einkauf im gut sortierten Bereich »Molkereikühlregal«.","PLANNED","Kondensmilch ist über einen vorbereiteten Einkauf im gut sortierten Bereich »Molkereikühlregal« im allgemeinen deutschen Handel planbar, lokal aber kein verlässlicher Standardartikel.","OPTIONAL","Kondensmilch | Form: nicht gezuckerte Kondensmilch | Bornheim gezielter Einkauf Deutschland Molkereikühlregal","RATING_RECONCILED_V2"
"FARRO","Emmer oder Farro","APPLICABLE","Emmer beziehungsweise als Farro verkauftes geschältes Weizenkorn mit nussigem Geschmack und festem Biss.","GENERAL_BROAD","Katalogpfad Getreide oder Pseudogetreide → stärkehaltige Zutat oder Sättigungsbeilage. Violey führt Alce Nero Perl-Emmer unter der Originalbezeichnung Farro Perlato als lagernde Körnerware mit regulärem DHL-Versand nach Deutschland.","PLANNED","Emmer oder Farro: Violey führt Alce Nero Perl-Emmer unter der Originalbezeichnung Farro Perlato als lagernde Körnerware mit regulärem DHL-Versand nach Deutschland.","REQUIRED","Alce Nero Farro Perlato Perl-Emmer 400 g | Violey Lagerbestand | DHL Bornheim","EVIDENCE_REQUIRED|BORDERLINE_PLANNED"
"FENALAR","Fenalår","APPLICABLE","Gesalzene und luftgetrocknete Keule von Schaf oder Lamm nach norwegischer Fenalår-Art. Nicht beliebiges Trockenfleisch, Schinken oder bereits zubereitetes Gericht.","NICHE_IMPORT","Katalogpfad gepökeltes oder luftgetrocknetes Fleisch → Fleisch. Warengruppe Wurst oder Pökelfleisch, formrelevanter Prüfhinweis aus der vollständigen Definition: »Nicht beliebiges Trockenfleisch, Schinken oder bereits zubereitetes Gericht«. Die Prüfungen bei Norwegian Foodstore – Fenalår-Suche/Sortiment ergaben keinen aktuellen Exakttreffer; Importbeschränkung und die enge Produktform begrenzen den Markt.","DIFFICULT","Für echtes Fenalår ist im geprüften deutschen und EU-Endkundenhandel kein positiver Produktweg belegt; allgemeines Trockenfleisch zählt nicht.","REQUIRED","Fenalår | Form: Nicht beliebiges Trockenfleisch, Schinken oder bereits zubereitetes Gericht | Deutschland EU Exakttreffer Bestand Logistik Wurst oder Pökelfleisch | geprüfte Quellen: Norwegian Foodstore – Fenalår-Suche/Sortiment","EVIDENCE_REQUIRED|FORM_OR_ROUTE_FRAGILE"
"FENNEL","Fenchel","APPLICABLE","Fenchelknolle mit knackiger bis zarter Textur und mildem Anisaroma; Grün kann mitverwendet werden.","GENERAL_LOCAL","Katalogpfad Stängelgemüse → Gemüse. Warengruppe Gemüse oder Pilz, formrelevanter Prüfhinweis aus der vollständigen Definition: »Grün kann mitverwendet werden«. Regelweg in Bornheim über das örtliche Sortiment »Obst- und Gemüseabteilung« beim Wocheneinkauf in Bornheim.","EASY","Fenchel: gewöhnlicher lokaler Bezugsweg über den Bereich »Obst- und Gemüseabteilung«.","OPTIONAL","Fenchel | Form: Grün kann mitverwendet werden | Bornheim Obst- und Gemüseabteilung gewöhnlicher Handel",""
"FENNEL_SEED","Fenchelsaat","APPLICABLE","Getrocknete Fenchelfrüchte mit süßlich-anisartigem Aroma; ganz oder gemahlen, nicht Fenchelknolle.","GENERAL_LOCAL","Katalogpfad Gewürz oder trockenes Würzmittel. Warengruppe Gewürz, formrelevanter Prüfhinweis aus der vollständigen Definition: »ganz oder gemahlen, nicht Fenchelknolle«. Regelweg in Bornheim über den regulären Bornheimer Regalweg »Gewürz- und Trockenwürzregal«.","EASY","Fenchelsaat: gewöhnlicher lokaler Bezugsweg über den Bereich »Gewürz- und Trockenwürzregal«.","OPTIONAL","Fenchelsaat | Form: ganz oder gemahlen, nicht Fenchelknolle | Bornheim Gewürz- und Trockenwürzregal gewöhnlicher Handel","RATING_RECONCILED_V2"
"FENUGREEK","Bockshornklee","APPLICABLE","Bockshornkleesamen mit herb-würzigem, leicht bitterem Aroma; ganz oder gemahlen sparsam verwendbar.","SPECIALTY_BROAD","Katalogpfad Gewürz oder trockenes Würzmittel. Warengruppe Gewürz, formrelevanter Prüfhinweis aus der vollständigen Definition: »ganz oder gemahlen sparsam verwendbar«. Breiter einschlägiger Spezialmarkt über den freigegebenen v2-Anker mit dem Kerngrund »Breit im indisch-/arabisch geprägten Gewürz- und Spezialhandel etabliert aber kein robuster allgemeiner Handelsstandard«.","SPECIALTY","Bockshornklee: Breit im indisch-/arabisch geprägten Gewürz- und Spezialhandel etabliert aber kein robuster allgemeiner Handelsstandard.","REQUIRED","Bockshornklee | Form: ganz oder gemahlen sparsam verwendbar | Deutschland unabhängige Spezialhändler Gewürz | freigegebener v2-Anker","REFERENCE_ANCHOR|EVIDENCE_REQUIRED"
"FERMENTED_BLACK_BEANS","fermentierte schwarze Bohnen","APPLICABLE","Salzig fermentierte schwarze Sojabohnen nach Douchi-Art; als Würzzutat gemeint, nicht gewöhnliche schwarze Bohnen.","SPECIALTY_BROAD","Katalogpfad schwarze Bohnen → fermentierte Würzzutat → Bohnen → Sauce, Würzmittel oder Paste. Warengruppe Sauce oder Würzpaste, formrelevanter Prüfhinweis aus der vollständigen Definition: »als Würzzutat gemeint, nicht gewöhnliche schwarze Bohnen«. Breiter einschlägiger Spezialmarkt über den freigegebenen v2-Anker mit dem Kerngrund »Typischer Artikel des breiten chinesisch-asiatischen Spezialhandels aber kein allgemeiner deutscher Standard«.","SPECIALTY","fermentierte schwarze Bohnen: Typischer Artikel des breiten chinesisch-asiatischen Spezialhandels aber kein allgemeiner deutscher Standard.","REQUIRED","fermentierte schwarze Bohnen | Form: als Würzzutat gemeint, nicht gewöhnliche schwarze Bohnen | Deutschland unabhängige Spezialhändler Sauce oder Würzpaste | freigegebener v2-Anker","REFERENCE_ANCHOR|EVIDENCE_REQUIRED"
"FERMENTED_CUCUMBER","Salzgurke","APPLICABLE","Milchsauer in Salzlake fermentierte Gurke; bewusst von essigbasierter Gewürzgurke getrennt.","GENERAL_BROAD","Violey – Marschland milchsaure Gurken belegt formgenau: Violey führt Gurken, die ausdrücklich milchsauer in Wasser, Salz und Dill vergoren wurden, als lagernde Glasware. Für Georgia in Bornheim gilt: Deutschlandweiter Standardversand nach Bornheim und Rostock; Logistik STANDARD_SHIPPING. Der Nachweis gilt für Salzlakefermentation und nicht für gewöhnliche essiggesäuerte Gewürzgurken; Einzelbestand bleibt endlich.","PLANNED","Salzgurke: Violey führt Gurken, die ausdrücklich milchsauer in Wasser, Salz und Dill vergoren wurden, als lagernde Glasware.","REQUIRED","Marschland milchsaure Gurken ohne Essig Violey Bestand | Georgia in Bornheim | IN_STOCK STANDARD_SHIPPING","EVIDENCE_REQUIRED|BORDERLINE_PLANNED"
"FERMENTED_SEASONINGS","fermentierte Würzzutat","APPLICABLE","Offene Familie fermentierter Würzsaucen, Pasten und vergleichbarer Zutaten; Rohstoff und Konsistenz bleiben offen.","GENERAL_LOCAL","Katalogpfad Sauce, Würzmittel oder Paste. Warengruppe Sauce oder Würzpaste, formrelevanter Prüfhinweis aus der vollständigen Definition: »Rohstoff und Konsistenz bleiben offen«. Regelweg in Bornheim über den Bereich »Saucen-, Würzpasten- und Feinkostregal« eines gewöhnlichen Bornheimer Vollsortimenters.","EASY","fermentierte Würzzutat: gewöhnlicher lokaler Bezugsweg über den Bereich »Saucen-, Würzpasten- und Feinkostregal«.","OPTIONAL","fermentierte Würzzutat | Form: Rohstoff und Konsistenz bleiben offen | Bornheim Saucen-, Würzpasten- und Feinkostregal gewöhnlicher Handel","RATING_RECONCILED_V2"
"FERMENTED_TOFU","fermentierter Tofu","APPLICABLE","In Lake gereifte Tofuwürfel mit kräftigem, salzigem Aroma und cremiger Textur; als Würzmittel, nicht als fester Tofublock.","SPECIALTY_BROAD","Katalogpfad fermentierte Würzzutat → Tofu → Sauce, Würzmittel oder Paste → pflanzliches Proteinprodukt. Warengruppe Sauce oder Würzpaste, formrelevanter Prüfhinweis aus der vollständigen Definition: »als Würzmittel, nicht als fester Tofublock«. Breiter einschlägiger Spezialmarkt über die voneinander unabhängigen Händler Asia4Friends – Tofu sowie AsiaFoodland – Tofu.","SPECIALTY","fermentierter Tofu ist im einschlägigen Spezialmarkt breit etabliert; dokumentierte reguläre Wege sind die voneinander unabhängigen Händler Asia4Friends – Tofu sowie AsiaFoodland – Tofu.","REQUIRED","fermentierter Tofu | Form: als Würzmittel, nicht als fester Tofublock | Deutschland unabhängige Spezialhändler Sauce oder Würzpaste | geprüfte Quellen: Asia4Friends – Tofu ; AsiaFoodland – Tofu","EVIDENCE_REQUIRED"
"FETA","Feta","APPLICABLE","Salzlakenkäse nach Feta-Art aus Schafmilch mit möglichem Ziegenmilchanteil; krümelig, säuerlich und salzig.","GENERAL_LOCAL","Katalogpfad Käse → gesäuertes Milchprodukt → Milchprodukte. Warengruppe Käse, formrelevanter Prüfhinweis aus der vollständigen Definition: »krümelig, säuerlich und salzig«. Regelweg in Bornheim über den regulären Bornheimer Regalweg »Käsekühlung oder Käsetheke«.","EASY","Feta: gewöhnlicher lokaler Bezugsweg über den Bereich »Käsekühlung oder Käsetheke«.","OPTIONAL","Feta | Form: krümelig, säuerlich und salzig | Bornheim Käsekühlung oder Käsetheke gewöhnlicher Handel",""
"FIG","Feige","APPLICABLE","Feige mit weichem, samenreichem und honigartig süßem Fruchtfleisch; frisch oder ungesüßt getrocknet verwendbar.","GENERAL_LOCAL","Katalogpfad Obst. Warengruppe Obst, formrelevanter Prüfhinweis aus der vollständigen Definition: »frisch oder ungesüßt getrocknet verwendbar«. Regelweg in Bornheim über nahe Supermarktfilialen in Bornheim mit dem Bereich »Obst- und Gemüseabteilung«.","EASY","Feige: gewöhnlicher lokaler Bezugsweg über den Bereich »Obst- und Gemüseabteilung«.","OPTIONAL","Feige | Form: frisch oder ungesüßt getrocknet verwendbar | Bornheim Obst- und Gemüseabteilung gewöhnlicher Handel","RATING_RECONCILED_V2"
"FINGERROOT","Fingerwurz","APPLICABLE","Fingerartige Rhizome von Boesenbergia rotunda mit erdig-zitrischem, leicht pfeffrig-kampferartigem Aroma; frisch, tiefgekühlt oder in Lake verwendbar. Nicht Ingwer oder Galgant.","SPECIALTY_BROAD","Katalogpfad Gewürz oder trockenes Würzmittel. Warengruppe Gewürz, formrelevanter Prüfhinweis aus der vollständigen Definition: »Nicht Ingwer oder Galgant«. Breiter einschlägiger Spezialmarkt über die voneinander unabhängigen Händler Asia4Friends – frischer Krachai sowie Spicelands – frische Fingerwurz.","SPECIALTY","Fingerwurz ist im einschlägigen Spezialmarkt breit etabliert; dokumentierte reguläre Wege sind die voneinander unabhängigen Händler Asia4Friends – frischer Krachai sowie Spicelands – frische Fingerwurz.","REQUIRED","Fingerwurz | Form: Nicht Ingwer oder Galgant | Deutschland unabhängige Spezialhändler Gewürz | geprüfte Quellen: Asia4Friends – frischer Krachai ; Spicelands – frische Fingerwurz","EVIDENCE_REQUIRED|FORM_OR_ROUTE_FRAGILE|RATING_RECONCILED_V2"
"FIRM_TOFU","fester Tofu","APPLICABLE","Fester gepresster Tofu, der schneiden, braten und marinieren verträgt; nicht Seidentofu.","GENERAL_LOCAL","Katalogpfad Tofu → pflanzliches Proteinprodukt → Sojazutat → Hülsenfrüchte. Warengruppe pflanzliches Proteinprodukt, formrelevanter Prüfhinweis aus der vollständigen Definition: »nicht Seidentofu«. Regelweg in Bornheim über den lokalen Supermarktbereich »Kühlregal für Tofu und pflanzliche Proteinprodukte« in Bornheim.","EASY","fester Tofu: gewöhnlicher lokaler Bezugsweg über den Bereich »Kühlregal für Tofu und pflanzliche Proteinprodukte«.","OPTIONAL","fester Tofu | Form: nicht Seidentofu | Bornheim Kühlregal für Tofu und pflanzliche Proteinprodukte gewöhnlicher Handel","RATING_RECONCILED_V2"
"FISH","Fisch","APPLICABLE","Offene Vorgabe für Speisefisch; Art, Fettgehalt, Zuschnitt und Frisch- oder Konservenform bleiben echte Auswahlentscheidungen.","GENERAL_LOCAL","Katalogpfad Fisch und Meeresfrüchte. Warengruppe Fisch oder Meeresfrucht, formrelevanter Prüfhinweis aus der vollständigen Definition: »Art, Fettgehalt, Zuschnitt und Frisch- oder Konservenform bleiben echte Auswahlentscheidungen«. Regelweg in Bornheim über ortsübliche Vollsortimenter rund um Bornheim, konkret im Bereich »Fischkühlung, Fischtheke oder Tiefkühlabteilung«.","EASY","Fisch: Der offene Begriff kann durch gängigen frischen oder tiefgekühlten Speisefisch aus dem normalen Supermarkt erfüllt werden.","OPTIONAL","Fisch | Form: Art, Fettgehalt, Zuschnitt und Frisch- oder Konservenform bleiben echte Auswahlentscheidungen | Bornheim Fischkühlung, Fischtheke oder Tiefkühlabteilung gewöhnlicher Handel","REFERENCE_ANCHOR"
"FISH_MINT","Fischminze","APPLICABLE","Frische Fischminzenblätter mit intensiv kräuterigem, zitrisch-fischigem Aroma; vor allem roh in Kräutertellern, Salaten und zu Fleisch- oder Suppengerichten. Trotz des Namens keine Minzart.","NICHE_IMPORT","Katalogpfad Kräuter und Würzblätter. Warengruppe frisches Würzkraut, formrelevanter Prüfhinweis aus der vollständigen Definition: »Trotz des Namens keine Minzart«. Der v2-Anker hält den Engpass fest: Essbare lebende Pflanze beziehungsweise frische Blätter nur über wenige spezialisierte Pflanzen- oder Asia-Wege keine breite Spezialmarktware.","DIFFICULT","Fischminze: Essbare lebende Pflanze beziehungsweise frische Blätter nur über wenige spezialisierte Pflanzen- oder Asia-Wege; keine breite Spezialmarktware.","REQUIRED","Fischminze | Form: Trotz des Namens keine Minzart | Deutschland EU Exakttreffer Bestand Logistik frisches Würzkraut | freigegebener v2-Anker","REFERENCE_ANCHOR|EVIDENCE_REQUIRED|FORM_OR_ROUTE_FRAGILE"
"FISH_ROE","Fischrogen","APPLICABLE","Offene Vorgabe für essbare Fischeier; Fischart, Körnung, Salzgrad und Verarbeitung bleiben offen.","GENERAL_BROAD","Deutsche See – Kaviar- und Fischrogen-Kategorie belegt: Die aktuelle Kategorie bündelt mehrere essbare Fischrogenarten, darunter Forellen- und Keta-Lachsrogen, mit konkreten Produktseiten und gekühlter Wunschzustellung. Der Bezug erfolgt über Deutschland und Österreich; gekühlte GO!-Express-Lieferung zum Wunschtermin; maßgeblich ist CHILLED_SHIPPING. Art, Körnung, Salzgrad und Einzelbestand sind je Rezept und Liefertermin gesondert auszuwählen.","PLANNED","Fischrogen: Die aktuelle Kategorie bündelt mehrere essbare Fischrogenarten, darunter Forellen- und Keta-Lachsrogen, mit konkreten Produktseiten und gekühlter Wunschzustellung.","OPTIONAL","Fischrogen Kaviar Lachsrogen Forellenrogen Deutsche See Kategorie gekühlt verfügbar | Georgia Bornheim Rheinland | Deutsche See – Kaviar- und Fischrogen-Kategorie | REGULAR_RANGE CHILLED_SHIPPING",""
"FISH_SAUCE","Fischsauce","APPLICABLE","Salzige fermentierte Würzsauce aus Fisch und Salz mit intensivem Umami; nicht Fischfond.","GENERAL_BROAD","Katalogpfad fermentierte Würzzutat → fertige Sauce oder Würzpaste → Sauce, Würzmittel oder Paste. Warengruppe Sauce oder Würzpaste, formrelevanter Prüfhinweis aus der vollständigen Definition: »nicht Fischfond«. Allgemein planbarer, aber nicht lokal garantierter Weg über eine gezielte Filial- oder Bestellprüfung für Sauce oder Würzpaste im allgemeinen deutschen Handel.","PLANNED","Fischsauce ist über eine gezielte Filial- oder Bestellprüfung für Sauce oder Würzpaste im allgemeinen deutschen Handel planbar, lokal aber kein verlässlicher Standardartikel.","OPTIONAL","Fischsauce | Form: nicht Fischfond | Bornheim gezielter Einkauf Deutschland Saucen-, Würzpasten- und Feinkostregal",""
"FISH_STOCK","Fischfond","APPLICABLE","Brühe oder Fond auf Basis von Fischgräten und -abschnitten; nicht Dashi oder Fischsauce.","GENERAL_BROAD","Katalogpfad Brühe oder Fond. Warengruppe Brühe oder Fond, formrelevanter Prüfhinweis aus der vollständigen Definition: »nicht Dashi oder Fischsauce«. Allgemein planbarer, aber nicht lokal garantierter Weg über einen vorbereiteten Einkauf im gut sortierten Bereich »Brühen-, Fond- und Suppenregal«.","PLANNED","Fischfond ist über einen vorbereiteten Einkauf im gut sortierten Bereich »Brühen-, Fond- und Suppenregal« im allgemeinen deutschen Handel planbar, lokal aber kein verlässlicher Standardartikel.","OPTIONAL","Fischfond | Form: nicht Dashi oder Fischsauce | Bornheim gezielter Einkauf Deutschland Brühen-, Fond- und Suppenregal",""
"FIVE_SPICE","Fünf-Gewürze-Pulver","APPLICABLE","Chinesisch geprägte Gewürzmischung mit typischerweise Sternanis, Fenchel, Zimt, Nelke und Szechuanpfeffer; Mischungen variieren.","GENERAL_BROAD","Katalogpfad Gewürzmischung → Gewürz oder trockenes Würzmittel. Warengruppe Gewürz, formrelevanter Prüfhinweis aus der vollständigen Definition: »Mischungen variieren«. Allgemein planbarer, aber nicht lokal garantierter Weg über eine konkrete Vorbestellung oder Bestandsabfrage für Gewürz.","PLANNED","Fünf-Gewürze-Pulver ist über eine konkrete Vorbestellung oder Bestandsabfrage für Gewürz im allgemeinen deutschen Handel planbar, lokal aber kein verlässlicher Standardartikel.","OPTIONAL","Fünf-Gewürze-Pulver | Form: Mischungen variieren | Bornheim gezielter Einkauf Deutschland Gewürz- und Trockenwürzregal",""
"FLATBREAD","Fladenbrot","APPLICABLE","Offene Familie flacher Brote, weich oder knusprig und mit oder ohne Triebmittel; konkrete Küche und Getreide bleiben offen.","GENERAL_LOCAL","Weiches oder knuspriges Fladenbrot gehört in gewöhnlichen Bornheimer Vollsortimentern zum Brot- und Backwarenregal; abgepackte Varianten stehen bei internationalen Backwaren.","EASY","Fladenbrot: Weiches oder knuspriges Fladenbrot gehört in gewöhnlichen Bornheimer Vollsortimentern zum Brot- und Backwarenregal; abgepackte Varianten stehen bei internationalen Backwaren.","OPTIONAL","Bornheim Fladenbrot weich knusprig Backwarenregal abgepackt Vollsortimenter","RATING_RECONCILED_V2"
"FLATBROD","Flatbrød","APPLICABLE","Sehr dünnes, trockenes und knuspriges norwegisches Fladenbrot nach Flatbrød-Art. Traditionelle Getreidebasis kann variieren. Nicht generisches Knäckebrot oder beliebiges weiches Fladenbrot.","NICHE_IMPORT","Katalogpfad Fladenbrot → Brot oder Fladenbrot → Backware → stärkehaltige Zutat oder Sättigungsbeilage. Warengruppe Getreide- oder Stärkeware, formrelevanter Prüfhinweis aus der vollständigen Definition: »Nicht generisches Knäckebrot oder beliebiges weiches Fladenbrot«. Der v2-Anker hält den Engpass fest: Enges norwegisches Importsortiment einzelne Listings und schwankender Bestand genügen nicht für breite Spezialmarktpräsenz.","DIFFICULT","Flatbrød: Enges norwegisches Importsortiment; einzelne Listings und schwankender Bestand genügen nicht für breite Spezialmarktpräsenz.","REQUIRED","Flatbrød | Form: Nicht generisches Knäckebrot oder beliebiges weiches Fladenbrot | Deutschland EU Exakttreffer Bestand Logistik Getreide- oder Stärkeware | freigegebener v2-Anker","REFERENCE_ANCHOR|EVIDENCE_REQUIRED|FORM_OR_ROUTE_FRAGILE"
"FLAXSEED","Leinsamen","APPLICABLE","Leinsamen mit nussigem Geschmack und hoher Quell- beziehungsweise Bindefähigkeit; ganz oder geschrotet verwendbar.","GENERAL_LOCAL","Katalogpfad Kerne und Samen. Warengruppe Nuss, Saat oder Mus, formrelevanter Prüfhinweis aus der vollständigen Definition: »ganz oder geschrotet verwendbar«. Regelweg in Bornheim über den regulären Bornheimer Regalweg »Nuss-, Saaten- oder Nussmusregal«.","EASY","Leinsamen: gewöhnlicher lokaler Bezugsweg über den Bereich »Nuss-, Saaten- oder Nussmusregal«.","OPTIONAL","Leinsamen | Form: ganz oder geschrotet verwendbar | Bornheim Nuss-, Saaten- oder Nussmusregal gewöhnlicher Handel",""
"FLEUR_DE_SEL","Fleur de sel","APPLICABLE","Feine, an der Oberfläche von Salzgärten abgeschöpfte Meersalzkristalle nach Fleur-de-sel-Art; nicht gewöhnliches Tafelsalz und nicht beliebiges grobes Meersalz. Keine Herkunft aus Guérande wird vorausgesetzt.","GENERAL_BROAD","Handgeschöpfte Salzblüten über allgemeinen Gewürzversand; Ankerkraut führt Fleur de Sel als lagernde Oberflächenkristalle mit Deutschlandlieferung.","PLANNED","Fleur de sel: Handgeschöpfte Salzblüten über allgemeinen Gewürzversand; Ankerkraut führt Fleur de Sel als lagernde Oberflächenkristalle mit Deutschlandlieferung.","REQUIRED","Ankerkraut Fleur de Sel handgeschöpft Oberflächenkristalle lagernd Deutschland","EVIDENCE_REQUIRED|BORDERLINE_PLANNED"
"FLOUR","Mehl","APPLICABLE","Offene Vorgabe für fein gemahlenes Getreide, Pseudogetreide oder Hülsenfrüchte; Rohstoff und Backeigenschaften bleiben wählbar.","GENERAL_LOCAL","Katalogpfad stärkehaltige Zutat oder Sättigungsbeilage. Warengruppe Getreide- oder Stärkeware, formrelevanter Prüfhinweis aus der vollständigen Definition: »Rohstoff und Backeigenschaften bleiben wählbar«. Regelweg in Bornheim über nahe Supermarktfilialen in Bornheim mit dem Bereich »Reis-, Mehl-, Nudel- oder Trockenwarenregal«.","EASY","Mehl: gewöhnlicher lokaler Bezugsweg über den Bereich »Reis-, Mehl-, Nudel- oder Trockenwarenregal«.","OPTIONAL","Mehl | Form: Rohstoff und Backeigenschaften bleiben wählbar | Bornheim Reis-, Mehl-, Nudel- oder Trockenwarenregal gewöhnlicher Handel",""
"FLOWER_VEGETABLES","Blütengemüse","APPLICABLE","Offene Vorgabe für Gemüse, dessen Blütenstand oder Blütenknospe im Mittelpunkt steht, etwa Brokkoli oder Artischocke.","GENERAL_LOCAL","Katalogpfad Gemüse. Warengruppe Gemüse oder Pilz, formrelevanter Prüfhinweis aus der vollständigen Definition: »Blütenknospe im Mittelpunkt steht, etwa Brokkoli oder Artischocke«. Regelweg in Bornheim über die gewöhnliche Bornheimer Auslage »Obst- und Gemüseabteilung«.","EASY","Blütengemüse: gewöhnlicher lokaler Bezugsweg über den Bereich »Obst- und Gemüseabteilung«.","OPTIONAL","Blütengemüse | Form: Blütenknospe im Mittelpunkt steht, etwa Brokkoli oder Artischocke | Bornheim Obst- und Gemüseabteilung gewöhnlicher Handel",""
"FOIE_GRAS","Foie gras","APPLICABLE","Fettleberprodukt aus Ente oder Gans; umfasst rohe beziehungsweise zur weiteren Verarbeitung geeignete sowie klassische ganze oder Block-Produktformen. Nicht gewöhnliche Leber und nicht mit Leberpastete gleichsetzen.","GENERAL_BROAD","GOURMET VERSAND führt eine ganze Entenstopfleber als 100-prozentige Foie gras im 180-g-Glas aktuell lagernd. Der 0–7-°C-Artikel erreicht Bornheim per gekühltem Express und belegt genau eine klassische ganze Produktform.","PLANNED","Foie gras: GOURMET VERSAND führt eine ganze Entenstopfleber als 100-prozentige Foie gras im 180-g-Glas aktuell lagernd. Der 0–7-°C-Artikel erreicht Bornheim per gekühltem Express und belegt genau eine klassische ganze Produktform.","REQUIRED","Foie gras Entenstopfleber Entier 100 Prozent 180 g GOURMET VERSAND Kühl-Express Bornheim","EVIDENCE_REQUIRED|BORDERLINE_PLANNED"
"FRANKFURT_GREEN_SAUCE","Frankfurter Grüne Soße","APPLICABLE","Frankfurter Kräutersauce mit charakteristischer Sieben-Kräuter-Basis; weitere Bestandteile und genaue Rezeptur können variieren. Gemeint ist die zubereitete Sauce, nicht lediglich das Kräuterpäckchen.","NICHE_IMPORT","Katalogpfad fertige Sauce oder Würzpaste → Sauce, Würzmittel oder Paste. Warengruppe Sauce oder Würzpaste, formrelevanter Prüfhinweis aus der vollständigen Definition: »Gemeint ist die zubereitete Sauce, nicht lediglich das Kräuterpäckchen«. Nur der schmale Händlerweg über REWE – Wilhelm Brandenburg Grüne Soße ist positiv belegt; Kühlversand begrenzt Form, Bestand oder Logistik.","DIFFICULT","Frankfurter Grüne Soße: Nur der schmale Händlerweg über REWE – Wilhelm Brandenburg Grüne Soße ist positiv belegt; Kühlversand begrenzt Form, Bestand oder Logistik.","REQUIRED","Frankfurter Grüne Soße | Form: Gemeint ist die zubereitete Sauce, nicht lediglich das Kräuterpäckchen | Deutschland EU Exakttreffer Bestand Logistik Sauce oder Würzpaste | geprüfte Quellen: REWE – Wilhelm Brandenburg Grüne Soße","EVIDENCE_REQUIRED|BORDERLINE_PLANNED|RATING_RECONCILED_V2"
"FREEKEH","Freekeh","APPLICABLE","Grün geernteter, gerösteter und gebrochener Weizen mit rauchig-nussigem Geschmack und festem Biss.","GENERAL_BROAD","Katalogpfad Getreide oder Pseudogetreide → stärkehaltige Zutat oder Sättigungsbeilage. Warengruppe Getreide- oder Stärkeware, formrelevanter Prüfhinweis aus der vollständigen Definition: »gebrochener Weizen mit rauchig-nussigem Geschmack und festem Biss«. Allgemein planbarer, aber nicht lokal garantierter Weg über einen vorbereiteten Einkauf im gut sortierten Bereich »Reis-, Mehl-, Nudel- oder Trockenwarenregal«.","PLANNED","Freekeh ist über einen vorbereiteten Einkauf im gut sortierten Bereich »Reis-, Mehl-, Nudel- oder Trockenwarenregal« im allgemeinen deutschen Handel planbar, lokal aber kein verlässlicher Standardartikel.","OPTIONAL","Freekeh | Form: gebrochener Weizen mit rauchig-nussigem Geschmack und festem Biss | Bornheim gezielter Einkauf Deutschland Reis-, Mehl-, Nudel- oder Trockenwarenregal",""
"FRENCH_FRIES","Pommes frites","APPLICABLE","Pommes frites als eigenständige Kartoffel-Produktform: in Stäbchen geschnittene und frittierte beziehungsweise typischerweise vorfrittierte Kartoffeln. Umfasst auch handelsübliche tiefgekühlte Pommes; nicht beliebige Bratkartoffeln, Kartoffelspalten oder Chips.","GENERAL_LOCAL","Katalogpfad Kartoffel → Wurzel- und Knollengemüse → stärkehaltige Zutat oder Sättigungsbeilage → Gemüse. Warengruppe tiefgekühlte Kartoffelbeilage, formrelevanter Prüfhinweis aus der vollständigen Definition: »nicht beliebige Bratkartoffeln, Kartoffelspalten oder Chips«. Regelweg in Bornheim über den regulären Bornheimer Regalweg »Tiefkühlregal für Kartoffelprodukte«.","EASY","Pommes frites: gewöhnlicher lokaler Bezugsweg über den Bereich »Tiefkühlregal für Kartoffelprodukte«.","OPTIONAL","Pommes frites | Form: nicht beliebige Bratkartoffeln, Kartoffelspalten oder Chips | Bornheim Tiefkühlregal für Kartoffelprodukte gewöhnlicher Handel",""
"FRESH_DAIRY_PRODUCTS","frisches Milchprodukt","APPLICABLE","Offene Vorgabe für frische, nicht gereifte Milchprodukte wie Milch, Sahne oder Frischkäse.","GENERAL_LOCAL","Katalogpfad Milchprodukte. Warengruppe Milchprodukt, formrelevanter Prüfhinweis aus der vollständigen Definition: »nicht gereifte Milchprodukte wie Milch, Sahne oder Frischkäse«. Regelweg in Bornheim über nahe Supermarktfilialen in Bornheim mit dem Bereich »Molkereikühlregal«.","EASY","frisches Milchprodukt: gewöhnlicher lokaler Bezugsweg über den Bereich »Molkereikühlregal«.","OPTIONAL","frisches Milchprodukt | Form: nicht gereifte Milchprodukte wie Milch, Sahne oder Frischkäse | Bornheim Molkereikühlregal gewöhnlicher Handel",""
"FRESH_HERBS","Kräuter und Würzblätter","NOT_APPLICABLE_STRUCTURE","","","","","","","",""
"FRESH_TURMERIC","frischer Kurkuma","APPLICABLE","Frisches Kurkuma-Rhizom mit erdig-pfeffrigem Aroma und starker gelber Färbung; nicht getrocknetes Pulver.","SPECIALTY_BROAD","Frische Kurkumawurzel ist bei mehreren unabhängigen Asia-Frischehändlern regulär erhältlich; zusätzliche allgemeine Gemüse- und Bio-Listings bleiben filialabhängig und erzwingen keine leichtere Stufe.","SPECIALTY","Frische Kurkumawurzel ist über mehrere unabhängige Asia-Frischehändler regulär erhältlich; allgemeine Supermarktlistings bleiben filialabhängig.","REQUIRED","Georgia Bornheim frische Kurkuma Haldi Rhizom Jamoona Asia4Friends Bestand Kühlversand nicht Pulver","EVIDENCE_REQUIRED|FORM_SENSITIVE|RATING_RECONCILED_V2|SPECIALTY_MARKET_BREADTH"
"FRESHWATER_SNAILS","Süßwasserschnecken","APPLICABLE","Offene Vorgabe für essbare Süßwasserschnecken, ganz oder ausgelöst und küchenfertig gereinigt. Nicht Weinberg- oder Meeresschnecken und nicht bereits zubereitete Schneckensuppe.","NICHE_IMPORT","Katalogpfad essbare Schnecken → Schalen- und Krustentiere → Weichtiere → Fisch und Meeresfrüchte. Warengruppe Fisch oder Meeresfrucht, formrelevanter Prüfhinweis aus der vollständigen Definition: »Nicht Weinberg- oder Meeresschnecken und nicht bereits zubereitete Schneckensuppe«. Der v2-Anker hält den Engpass fest: Exaktes TK-Schneckenfleisch über wenige Spezialimporteure und Tiefkühlversand enger Markt.","DIFFICULT","Süßwasserschnecken: Exaktes TK-Schneckenfleisch über wenige Spezialimporteure und Tiefkühlversand; enger Markt.","REQUIRED","Süßwasserschnecken | Form: Nicht Weinberg- oder Meeresschnecken und nicht bereits zubereitete Schneckensuppe | Deutschland EU Exakttreffer Bestand Logistik Fisch oder Meeresfrucht | freigegebener v2-Anker","REFERENCE_ANCHOR|EVIDENCE_REQUIRED|FORM_OR_ROUTE_FRAGILE"
"FRIED_ONIONS","Röstzwiebeln","APPLICABLE","Knusprig frittierte Röstzwiebeln als fertige Zutat beziehungsweise Topping; nicht lediglich frisch angebratene Zwiebel.","GENERAL_LOCAL","Katalogpfad Zwiebel → Lauch- und Zwiebelgemüse → Gemüse. Warengruppe Röstzwiebel oder knuspriges Topping, formrelevanter Prüfhinweis aus der vollständigen Definition: »nicht lediglich frisch angebratene Zwiebel«. Regelweg in Bornheim über den Bereich »Topping-, Röstzwiebel- oder Feinkostregal« eines gewöhnlichen Bornheimer Vollsortimenters.","EASY","Röstzwiebeln: gewöhnlicher lokaler Bezugsweg über den Bereich »Topping-, Röstzwiebel- oder Feinkostregal«.","OPTIONAL","Röstzwiebeln | Form: nicht lediglich frisch angebratene Zwiebel | Bornheim Topping-, Röstzwiebel- oder Feinkostregal gewöhnlicher Handel",""
"FROG_LEGS","Froschschenkel","APPLICABLE","Essbare Froschschenkel mit zartem, mildem Fleisch; frisch oder tiefgekühlt als ganze Schenkelpaare beziehungsweise Teilstücke verwendbar.","NICHE_IMPORT","Katalogpfad Fleisch. Warengruppe Fleisch, formrelevanter Prüfhinweis aus der vollständigen Definition: »frisch oder tiefgekühlt als ganze Schenkelpaare beziehungsweise Teilstücke verwendbar«. Der v2-Anker hält den Engpass fest: Wenige TK-Spezialwege und notwendige Tiefkühllogistik keine breite Präsenz im allgemeinen Asia-/Feinkostmarkt.","DIFFICULT","Froschschenkel: Wenige TK-Spezialwege und notwendige Tiefkühllogistik; keine breite Präsenz im allgemeinen Asia-/Feinkostmarkt.","REQUIRED","Froschschenkel | Form: frisch oder tiefgekühlt als ganze Schenkelpaare beziehungsweise Teilstücke verwendbar | Deutschland EU Exakttreffer Bestand Logistik Fleisch | freigegebener v2-Anker","REFERENCE_ANCHOR|EVIDENCE_REQUIRED|FORM_OR_ROUTE_FRAGILE"
"FRUIT","Obst","APPLICABLE","Offene Vorgabe für kulinarisch als Obst verwendete Früchte; Art, Säure, Süße und Textur bleiben bewusst wählbar.","GENERAL_LOCAL","Katalogpfad eigenständige Katalogwurzel. Warengruppe Obst, formrelevanter Prüfhinweis aus der vollständigen Definition: »Art, Säure, Süße und Textur bleiben bewusst wählbar«. Regelweg in Bornheim über den lokalen Supermarktbereich »Obst- und Gemüseabteilung« in Bornheim.","EASY","Obst: gewöhnlicher lokaler Bezugsweg über den Bereich »Obst- und Gemüseabteilung«.","OPTIONAL","Obst | Form: Art, Säure, Süße und Textur bleiben bewusst wählbar | Bornheim Obst- und Gemüseabteilung gewöhnlicher Handel",""
"FRUIT_DUMPLING","Obstknödel","APPLICABLE","Süßer gekochter oder gedämpfter Knödel mit Fruchtfüllung; Teig kann unter anderem Hefe-, Quark- oder Kartoffelteig sein, die verwendete Frucht variiert.","GENERAL_BROAD","Tiefgekühlte Marillen-Fruchtknödel sind bei Gourmet Versand und MyBio formgenau bestellbar; die kleinere belegte Packung umfasst 1,625 kg, Kühlannahme bleibt erforderlich.","PLANNED","Tiefgekühlte Marillen-Fruchtknödel sind über zwei deutsche Lebensmittelhändler bestellbar; Packungsgröße und TK-Zustellung erfordern Planung.","OPTIONAL","Gourmet Versand Toni Kaiser Marillenknödel tiefgekühlt rohe Fruchtknödel 3 kg Bestand",""
"FRUIT_VEGETABLES","Fruchtgemüse","APPLICABLE","Offene Vorgabe für botanische Früchte, die herzhaft als Gemüse verwendet werden, etwa Tomate, Paprika oder Kürbis.","GENERAL_LOCAL","Katalogpfad Gemüse. Warengruppe Gemüse oder Pilz, formrelevanter Prüfhinweis aus der vollständigen Definition: »Gemüse verwendet werden, etwa Tomate, Paprika oder Kürbis«. Regelweg in Bornheim über ortsübliche Vollsortimenter rund um Bornheim, konkret im Bereich »Obst- und Gemüseabteilung«.","EASY","Fruchtgemüse: gewöhnlicher lokaler Bezugsweg über den Bereich »Obst- und Gemüseabteilung«.","OPTIONAL","Fruchtgemüse | Form: Gemüse verwendet werden, etwa Tomate, Paprika oder Kürbis | Bornheim Obst- und Gemüseabteilung gewöhnlicher Handel",""
"GAC_FRUIT","Gấc-Frucht","APPLICABLE","Reife Gấc-Frucht beziehungsweise ihr tief orange-rotes Fruchtfleisch um die Samen; vor allem zum Färben und mild-fruchtigen Aromatisieren von Klebreis und Festgebäck. Nicht Drachenfrucht oder bloße Lebensmittelfarbe.","NICHE_IMPORT","Asia Moin führt tiefgekühltes Gấc-Fruchtfleisch aktuell mit Warenkorb und deutschem TK-Versand; ein einzelner enger Importweg trägt weiterhin DIFFICULT, widerlegt aber die frühere rein negative Evidenzlage.","DIFFICULT","Tiefgekühltes Gấc-Fruchtfleisch ist über einen einzelnen deutschen Asia-Importshop lieferbar; TK-Versand und schmale Händlerbasis bleiben fragil.","REQUIRED","Gấc-Frucht | Form: Nicht Drachenfrucht oder bloße Lebensmittelfarbe | Deutschland EU Exakttreffer Bestand Logistik Obst | geprüfte Quellen: Filipino Asian Store – Obst und Gemüse","EVIDENCE_REQUIRED|FORM_OR_ROUTE_FRAGILE"
"GALANGAL","Galgant","APPLICABLE","Südostasiatisches Rhizom mit zitrisch-pfeffrigem, harzigem Aroma; frisch oder tiefgekühlt, nicht mit Ingwer gleichsetzen.","SPECIALTY_BROAD","Katalogpfad Gewürz oder trockenes Würzmittel. Warengruppe Gewürz, formrelevanter Prüfhinweis aus der vollständigen Definition: »frisch oder tiefgekühlt, nicht mit Ingwer gleichsetzen«. Breiter einschlägiger Spezialmarkt über die voneinander unabhängigen Händler Asia4Friends – Gemüse sowie Spicelands – frisches Obst und Gemüse.","SPECIALTY","Galgant ist im einschlägigen Spezialmarkt breit etabliert; dokumentierte reguläre Wege sind die voneinander unabhängigen Händler Asia4Friends – Gemüse sowie Spicelands – frisches Obst und Gemüse.","REQUIRED","Galgant | Form: frisch oder tiefgekühlt, nicht mit Ingwer gleichsetzen | Deutschland unabhängige Spezialhändler Gewürz | geprüfte Quellen: Asia4Friends – Gemüse ; Spicelands – frisches Obst und Gemüse","EVIDENCE_REQUIRED"
"GAME_MEAT","Wildfleisch","APPLICABLE","Offene Vorgabe für Fleisch jagdbarer Wildtiere; Tierart, Zuschnitt und Intensität bleiben bewusst wählbar.","GENERAL_BROAD","Katalogpfad Fleisch. Warengruppe Fleisch, formrelevanter Prüfhinweis aus der vollständigen Definition: »Tierart, Zuschnitt und Intensität bleiben bewusst wählbar«. Allgemein planbarer, aber nicht lokal garantierter Weg über eine gezielte Bestellung oder Sortimentsprüfung bei MeinMetzger – Wildfleisch.","PLANNED","Wildfleisch ist über eine gezielte Bestellung oder Sortimentsprüfung bei MeinMetzger – Wildfleisch im allgemeinen deutschen Handel planbar, lokal aber kein verlässlicher Standardartikel.","REQUIRED","Wildfleisch | Form: Tierart, Zuschnitt und Intensität bleiben bewusst wählbar | Bornheim gezielter Einkauf Deutschland Fleischkühlung oder Bedientheke | geprüfte Quellen: MeinMetzger – Wildfleisch","EVIDENCE_REQUIRED|BORDERLINE_PLANNED"
"GARAM_MASALA","Garam Masala","APPLICABLE","Indische Gewürzmischung aus warm-aromatischen Gewürzen; Zusammensetzung und Verwendung als ganze oder gemahlene Mischung variieren.","GENERAL_BROAD","Katalogpfad Gewürzmischung → Gewürz oder trockenes Würzmittel. Warengruppe Gewürz, formrelevanter Prüfhinweis aus der vollständigen Definition: »Zusammensetzung und Verwendung als ganze oder gemahlene Mischung variieren«. Die konkrete Einkaufsroute lautet für Georgia „Gewürz- und Trockenwürzregal nach formgenauer Sortimentsprüfung“.","PLANNED","Garam Masala: Die konkrete Einkaufsroute lautet für Georgia „Gewürz- und Trockenwürzregal nach formgenauer Sortimentsprüfung“.","OPTIONAL","Garam Masala | Form: Zusammensetzung und Verwendung als ganze oder gemahlene Mischung variieren | Bornheim gezielter Einkauf Deutschland Gewürz- und Trockenwürzregal",""
"GARLIC","Knoblauch","APPLICABLE","Knoblauchknolle mit schwefelig-scharfem, beim Garen süßlich-mildem Aroma; frisch gemeint, nicht Pulver.","GENERAL_LOCAL","Katalogpfad Lauch- und Zwiebelgemüse → Gemüse. Warengruppe Gemüse oder Pilz, formrelevanter Prüfhinweis aus der vollständigen Definition: »frisch gemeint, nicht Pulver«. Regelweg in Bornheim über den regulären Bornheimer Regalweg »Obst- und Gemüseabteilung«.","EASY","Frischer Knoblauch gehört zum gewöhnlichen Gemüseangebot nahezu jedes Supermarkts.","OPTIONAL","Knoblauch | Form: frisch gemeint, nicht Pulver | Bornheim Obst- und Gemüseabteilung gewöhnlicher Handel","REFERENCE_ANCHOR"
"GARLIC_BUTTER","Knoblauchbutter","APPLICABLE","Butterzubereitung mit Knoblauch als prägendem Aroma; weitere Kräuter sind möglich, aber nicht erforderlich.","GENERAL_LOCAL","Katalogpfad Butter → Kochfett → Milchprodukte. Warengruppe Milchprodukt, formrelevanter Prüfhinweis aus der vollständigen Definition: »weitere Kräuter sind möglich, aber nicht erforderlich«. Regelweg in Bornheim über ortsübliche Vollsortimenter rund um Bornheim, konkret im Bereich »Molkereikühlregal«.","EASY","Knoblauchbutter: gewöhnlicher lokaler Bezugsweg über den Bereich »Molkereikühlregal«.","OPTIONAL","Knoblauchbutter | Form: weitere Kräuter sind möglich, aber nicht erforderlich | Bornheim Molkereikühlregal gewöhnlicher Handel",""
"GARLIC_CHIVES","Knoblauch-Schnittlauch","APPLICABLE","Flaches asiatisches Schnittlauchgewächs mit deutlichem Knoblaucharoma; auch Knoblauch-Schnittlauch genannt.","SPECIALTY_BROAD","Katalogpfad Lauch- und Zwiebelgemüse → Kräuter und Würzblätter → Gemüse. Warengruppe frisches Würzkraut, formrelevanter Prüfhinweis aus der vollständigen Definition: »auch Knoblauch-Schnittlauch genannt«. Breiter einschlägiger Spezialmarkt über den freigegebenen v2-Anker mit dem Kerngrund »das Bornheim-Profil hat Zugang zu großen Asia-Frischsortimenten«.","SPECIALTY","Knoblauch-Schnittlauch: Georgia hat Zugang zu großen Asia-Frischsortimenten; Tobias hängt von wenigen frischen Versand- oder Zufallswegen ab.","REQUIRED","Knoblauch-Schnittlauch | Form: auch Knoblauch-Schnittlauch genannt | Deutschland unabhängige Spezialhändler frisches Würzkraut | freigegebener v2-Anker","REFERENCE_ANCHOR|EVIDENCE_REQUIRED|PERSON_DIFFERENCE"
"GARLIC_POWDER","Knoblauchpulver","APPLICABLE","Getrockneter gemahlener oder granulierter Knoblauch mit konzentriertem Aroma; nicht frischer Knoblauch oder Knoblauchsalz.","GENERAL_LOCAL","Katalogpfad Gewürz oder trockenes Würzmittel. Warengruppe Gewürz, formrelevanter Prüfhinweis aus der vollständigen Definition: »nicht frischer Knoblauch oder Knoblauchsalz«. Regelweg in Bornheim über den lokalen Supermarktbereich »Gewürz- und Trockenwürzregal« in Bornheim.","EASY","Knoblauchpulver: gewöhnlicher lokaler Bezugsweg über den Bereich »Gewürz- und Trockenwürzregal«.","OPTIONAL","Knoblauchpulver | Form: nicht frischer Knoblauch oder Knoblauchsalz | Bornheim Gewürz- und Trockenwürzregal gewöhnlicher Handel",""
"GHEE","Ghee","APPLICABLE","Geklärtes Butterreinfett mit nussigem Aroma und hoher Hitzetoleranz; nahezu frei von Wasser und Milcheiweiß.","GENERAL_BROAD","Katalogpfad Kochfett → Milchprodukte. Warengruppe Speiseöl oder Kochfett, formrelevanter Prüfhinweis aus der vollständigen Definition: »nahezu frei von Wasser und Milcheiweiß«. Allgemein planbarer, aber nicht lokal garantierter Weg über einen vorbereiteten Einkauf im gut sortierten Bereich »Öl- und Kochfettregal«.","PLANNED","Ghee ist über einen vorbereiteten Einkauf im gut sortierten Bereich »Öl- und Kochfettregal« im allgemeinen deutschen Handel planbar, lokal aber kein verlässlicher Standardartikel.","OPTIONAL","Ghee | Form: nahezu frei von Wasser und Milcheiweiß | Bornheim gezielter Einkauf Deutschland Öl- und Kochfettregal",""
"GINGER","Ingwer","APPLICABLE","Frisches Ingwer-Rhizom mit zitrischer Schärfe; nicht getrocknetes Ingwerpulver oder eingelegter Ingwer.","GENERAL_LOCAL","Katalogpfad Gewürz oder trockenes Würzmittel. Warengruppe frisches Wurzelgemüse, formrelevanter Prüfhinweis aus der vollständigen Definition: »nicht getrocknetes Ingwerpulver oder eingelegter Ingwer«. Regelweg in Bornheim über den Bereich »Obst- und Gemüseabteilung« eines gewöhnlichen Bornheimer Vollsortimenters.","EASY","Ingwer: gewöhnlicher lokaler Bezugsweg über den Bereich »Obst- und Gemüseabteilung«.","OPTIONAL","Ingwer | Form: nicht getrocknetes Ingwerpulver oder eingelegter Ingwer | Bornheim Obst- und Gemüseabteilung gewöhnlicher Handel",""
"GIO_LUA","Giò lụa oder Chả lụa","APPLICABLE","Fein emulgierte vietnamesische Schweinewurst mit elastisch-glatter Textur, traditionell in Bananenblättern geformt und gedämpft. Gemeint ist die schlichte Giò-lụa-/Chả-lụa-Grundform, nicht gebratene Chả-Varianten oder grobe Sülzwurst.","NICHE_IMPORT","Katalogpfad Schweinefleisch → Wurst → Fleisch. Warengruppe Wurst oder Pökelfleisch, formrelevanter Prüfhinweis aus der vollständigen Definition: »Gemeint ist die schlichte Giò-lụa-/Chả-lụa-Grundform, nicht gebratene Chả-Varianten oder grobe Sülzwurst«. Der v2-Anker hält den Engpass fest: Nationale vietnamesische Kühlware über wenige geeignete Händler Produktform und Kühlzustellung sind nicht breit robust.","DIFFICULT","Giò lụa oder Chả lụa: Nationale vietnamesische Kühlware über wenige geeignete Händler; Produktform und Kühlzustellung sind nicht breit robust.","REQUIRED","Giò lụa oder Chả lụa | Form: Gemeint ist die schlichte Giò-lụa-/Chả-lụa-Grundform, nicht gebratene Chả-Varianten oder grobe Sülzwurst | Deutschland EU Exakttreffer Bestand Logistik Wurst oder Pökelfleisch | freigegebener v2-Anker","REFERENCE_ANCHOR|EVIDENCE_REQUIRED|FORM_OR_ROUTE_FRAGILE"
"GLASS_NOODLES","Glasnudeln","APPLICABLE","Transparente Nudeln aus Stärke, häufig Mungbohnen-, Süßkartoffel- oder Erbsenstärke; nicht Reisnudeln.","GENERAL_LOCAL","Katalogpfad Nudeln → stärkehaltige Zutat oder Sättigungsbeilage. Warengruppe Getreide- oder Stärkeware, formrelevanter Prüfhinweis aus der vollständigen Definition: »nicht Reisnudeln«. Regelweg in Bornheim über den Bereich »Reis-, Mehl-, Nudel- oder Trockenwarenregal« eines gewöhnlichen Bornheimer Vollsortimenters.","EASY","Glasnudeln: gewöhnlicher lokaler Bezugsweg über den Bereich »Reis-, Mehl-, Nudel- oder Trockenwarenregal«.","OPTIONAL","Glasnudeln | Form: nicht Reisnudeln | Bornheim Reis-, Mehl-, Nudel- oder Trockenwarenregal gewöhnlicher Handel","RATING_RECONCILED_V2"
"GNOCCHI","Gnocchi","APPLICABLE","Kleine weiche Klößchen, typischerweise auf Kartoffel- und Mehlbasis; gemeint ist das ungefüllte Grundprodukt.","GENERAL_LOCAL","Katalogpfad stärkehaltige Zutat oder Sättigungsbeilage. Warengruppe Getreide- oder Stärkeware, formrelevanter Prüfhinweis aus der vollständigen Definition: »gemeint ist das ungefüllte Grundprodukt«. Regelweg in Bornheim über nahe Supermarktfilialen in Bornheim mit dem Bereich »Reis-, Mehl-, Nudel- oder Trockenwarenregal«.","EASY","Gnocchi: gewöhnlicher lokaler Bezugsweg über den Bereich »Reis-, Mehl-, Nudel- oder Trockenwarenregal«.","OPTIONAL","Gnocchi | Form: gemeint ist das ungefüllte Grundprodukt | Bornheim Reis-, Mehl-, Nudel- oder Trockenwarenregal gewöhnlicher Handel",""
"GOAT","Ziegenfleisch","APPLICABLE","Ziegenfleisch mit kräftigem Eigengeschmack; Zuschnitt und Alter des Tieres bleiben offen.","GENERAL_BROAD","Ziegenfleisch ist bei zwei unabhängigen deutschen Online-Metzgereien mit gekühlter Lieferung innerhalb von zwei bis drei Werktagen beziehungsweise planbarem Kühlversand erhältlich.","PLANNED","Ziegenfleisch ist bei unabhängigen deutschen Online-Metzgereien mit gekühlter Lieferung innerhalb des normalen Vorlaufs planbar.","REQUIRED","Georgia Bornheim Ziegenfleisch gewürfelt Knochen MAS Impex ohne Temperaturkontrolle Tukwila Dresden","EVIDENCE_REQUIRED|FORM_SENSITIVE|NARROW_IMPORT_ROUTE|RATING_RECONCILED_V2"
"GOAT_CHEESE","Ziegenkäse","APPLICABLE","Käse aus Ziegenmilch; Frischkäse, Weichkäse und gereifte feste Formen sind mögliche Ausprägungen.","GENERAL_LOCAL","Katalogpfad Käse → gesäuertes Milchprodukt → Milchprodukte. Warengruppe Käse, formrelevanter Prüfhinweis aus der vollständigen Definition: »Frischkäse, Weichkäse und gereifte feste Formen sind mögliche Ausprägungen«. Regelweg in Bornheim über nahe Supermarktfilialen in Bornheim mit dem Bereich »Käsekühlung oder Käsetheke«.","EASY","Ziegenkäse: gewöhnlicher lokaler Bezugsweg über den Bereich »Käsekühlung oder Käsetheke«.","OPTIONAL","Ziegenkäse | Form: Frischkäse, Weichkäse und gereifte feste Formen sind mögliche Ausprägungen | Bornheim Käsekühlung oder Käsetheke gewöhnlicher Handel","RATING_RECONCILED_V2"
"GOCHUGARU","Gochugaru","APPLICABLE","Koreanische grobe Chiliflocken mit fruchtigem Aroma und meist mittlerer Schärfe; nicht beliebige Chiliflocken.","SPECIALTY_BROAD","Katalogpfad Chiliflocken → getrocknete Chili → Gewürz oder trockenes Würzmittel. Warengruppe Gewürz, formrelevanter Prüfhinweis aus der vollständigen Definition: »nicht beliebige Chiliflocken«. Breiter einschlägiger Spezialmarkt über den freigegebenen v2-Anker mit dem Kerngrund »Bei vielen breit aufgestellten Asia-/Korea-Händlern regulär erhältlich im allgemeinen Handel aber nicht zuverlässig«.","SPECIALTY","Gochugaru: Bei vielen breit aufgestellten Asia-/Korea-Händlern regulär erhältlich im allgemeinen Handel aber nicht zuverlässig.","REQUIRED","Gochugaru | Form: nicht beliebige Chiliflocken | Deutschland unabhängige Spezialhändler Gewürz | freigegebener v2-Anker","REFERENCE_ANCHOR|EVIDENCE_REQUIRED"
"GOCHUJANG","Gochujang","APPLICABLE","Koreanische fermentierte rote Chilipaste mit dicklicher Konsistenz sowie süß-scharfem, salzigem und umamireichem Profil.","SPECIALTY_BROAD","Katalogpfad Chilisauce oder -paste → fermentierte Würzzutat → fertige Sauce oder Würzpaste → Sauce, Würzmittel oder Paste. Warengruppe Sauce oder Würzpaste, formrelevanter Prüfhinweis aus der vollständigen Definition: »dicklicher Konsistenz sowie süß-scharfem, salzigem und umamireichem Profil«. Breiter einschlägiger Spezialmarkt über den freigegebenen v2-Anker mit dem Kerngrund »Regulärer Sortimentsartikel vieler unabhängiger breit aufgestellter Asia- und Korea-Händler nicht bloß ein nationaler Nischenimport«.","SPECIALTY","Gochujang: Regulärer Sortimentsartikel vieler unabhängiger breit aufgestellter Asia- und Korea-Händler; nicht bloß ein nationaler Nischenimport.","REQUIRED","Gochujang | Form: dicklicher Konsistenz sowie süß-scharfem, salzigem und umamireichem Profil | Deutschland unabhängige Spezialhändler Sauce oder Würzpaste | freigegebener v2-Anker","REFERENCE_ANCHOR|EVIDENCE_REQUIRED"
"GOOSE","Gans","APPLICABLE","Gänsefleisch ohne Festlegung auf Brust, Keule oder ganzes Tier; fettreiche Haut ist ein typischer Bestandteil.","GENERAL_BROAD","Gourmetfleisch.de zeigt Gänsebrust der Handelsklasse A mit Haut aktuell als verfügbar. Die Brust erfüllt die offene Gänsefleischform; nach Bornheim wird sie tiefgekühlt geliefert.","PLANNED","Gans: Gourmetfleisch.de zeigt Gänsebrust der Handelsklasse A mit Haut aktuell als verfügbar. Die Brust erfüllt die offene Gänsefleischform; nach Bornheim wird sie tiefgekühlt geliefert.","REQUIRED","Gänsebrust HKL-A mit Haut Gourmetfleisch verfügbar Tiefkühlversand Bornheim","EVIDENCE_REQUIRED|BORDERLINE_PLANNED"
"GOOSEBERRY","Stachelbeere","APPLICABLE","Stachelbeere mit fester Schale und süß-säuerlichem bis herbem Fruchtfleisch; Farbe und Reifegrad bleiben offen.","GENERAL_BROAD","Katalogpfad Beeren → Obst. Warengruppe Obst, formrelevanter Prüfhinweis aus der vollständigen Definition: »Farbe und Reifegrad bleiben offen«. Allgemein planbarer, aber nicht lokal garantierter Weg über einen vorbereiteten Einkauf im gut sortierten Bereich »Obst- und Gemüseabteilung«.","PLANNED","Stachelbeere ist über einen vorbereiteten Einkauf im gut sortierten Bereich »Obst- und Gemüseabteilung« im allgemeinen deutschen Handel planbar, lokal aber kein verlässlicher Standardartikel.","OPTIONAL","Stachelbeere | Form: Farbe und Reifegrad bleiben offen | Bornheim gezielter Einkauf Deutschland Obst- und Gemüseabteilung",""
"GOUDA","Gouda","APPLICABLE","Halbfester bis fester Kuhmilchkäse nach Gouda-Art; Reifegrad reicht von mild-cremig bis kristallin-würzig.","GENERAL_LOCAL","Katalogpfad Käse → gesäuertes Milchprodukt → Milchprodukte. Warengruppe Käse, formrelevanter Prüfhinweis aus der vollständigen Definition: »Reifegrad reicht von mild-cremig bis kristallin-würzig«. Regelweg in Bornheim über den regulären Bornheimer Regalweg »Käsekühlung oder Käsetheke«.","EASY","Gouda: gewöhnlicher lokaler Bezugsweg über den Bereich »Käsekühlung oder Käsetheke«.","OPTIONAL","Gouda | Form: Reifegrad reicht von mild-cremig bis kristallin-würzig | Bornheim Käsekühlung oder Käsetheke gewöhnlicher Handel",""
"GRAINS","Getreide oder Pseudogetreide","APPLICABLE","Offene Vorgabe für Getreide und kulinarisch vergleichbare Pseudogetreide; Art und Verarbeitungsgrad bleiben wählbar.","GENERAL_LOCAL","Katalogpfad stärkehaltige Zutat oder Sättigungsbeilage. Warengruppe Getreide- oder Stärkeware, formrelevanter Prüfhinweis aus der vollständigen Definition: »Art und Verarbeitungsgrad bleiben wählbar«. Regelweg in Bornheim über die gewöhnliche Bornheimer Auslage »Reis-, Mehl-, Nudel- oder Trockenwarenregal«.","EASY","Getreide oder Pseudogetreide: gewöhnlicher lokaler Bezugsweg über den Bereich »Reis-, Mehl-, Nudel- oder Trockenwarenregal«.","OPTIONAL","Getreide oder Pseudogetreide | Form: Art und Verarbeitungsgrad bleiben wählbar | Bornheim Reis-, Mehl-, Nudel- oder Trockenwarenregal gewöhnlicher Handel",""
"GRAPE","Weintrauben","APPLICABLE","Frische Weintrauben als süße, saftige Frucht; helle und dunkle sowie kernlose und kernhaltige Sorten sind umfasst.","GENERAL_LOCAL","Katalogpfad Obst. Warengruppe Obst, formrelevanter Prüfhinweis aus der vollständigen Definition: »helle und dunkle sowie kernlose und kernhaltige Sorten sind umfasst«. Regelweg in Bornheim über das örtliche Sortiment »Obst- und Gemüseabteilung« beim Wocheneinkauf in Bornheim.","EASY","Weintrauben: gewöhnlicher lokaler Bezugsweg über den Bereich »Obst- und Gemüseabteilung«.","OPTIONAL","Weintrauben | Form: helle und dunkle sowie kernlose und kernhaltige Sorten sind umfasst | Bornheim Obst- und Gemüseabteilung gewöhnlicher Handel",""
"GRAPEFRUIT","Grapefruit","APPLICABLE","Große Zitrusfrucht mit saftigem, deutlich bitter-säuerlichem Fruchtfleisch; Farbe und Sorte bleiben offen.","GENERAL_LOCAL","Katalogpfad Zitrusfrucht → Obst. Warengruppe Obst, formrelevanter Prüfhinweis aus der vollständigen Definition: »Farbe und Sorte bleiben offen«. Regelweg in Bornheim über die gewöhnliche Bornheimer Auslage »Obst- und Gemüseabteilung«.","EASY","Grapefruit: gewöhnlicher lokaler Bezugsweg über den Bereich »Obst- und Gemüseabteilung«.","OPTIONAL","Grapefruit | Form: Farbe und Sorte bleiben offen | Bornheim Obst- und Gemüseabteilung gewöhnlicher Handel",""
"GRAVLAX","Gravlax","APPLICABLE","Mit Salz, Zucker und meist Dill trocken gebeizter roher Lachs; nicht geräuchert und nicht gegart.","GENERAL_BROAD","Deutsche See – Gravedlachs gebeizt in Scheiben belegt formgenau: Deutsche See führt ungeräucherten, mit Salz, Zucker und Dill gebeizten Atlantiklachs in Scheiben als verfügbaren Artikel. Für Georgia in Bornheim gilt: Deutschlandweiter gekühlter Wunschterminversand nach Bornheim und Rostock; Logistik CHILLED_SHIPPING. Die etwa 540-g-Gewichtsware erfordert terminierten Kühlversand und besitzt mindestens vier Tage Resthaltbarkeit.","PLANNED","Gravlax: Deutsche See führt ungeräucherten, mit Salz, Zucker und Dill gebeizten Atlantiklachs in Scheiben als verfügbaren Artikel.","REQUIRED","Deutsche See Gravedlachs gebeizt Salz Zucker Dill ungeräuchert verfügbar | Georgia in Bornheim | IN_STOCK CHILLED_SHIPPING","EVIDENCE_REQUIRED|BORDERLINE_PLANNED"
"GREEK_YOGURT","griechischer Joghurt","APPLICABLE","Abgetropfter beziehungsweise besonders proteinreicher Joghurt mit dichter, cremiger Textur; Fettstufe bleibt offen, natur gemeint.","GENERAL_LOCAL","Katalogpfad Joghurt → gesäuertes Milchprodukt → frisches Milchprodukt → Milchprodukte. Warengruppe Milchprodukt, formrelevanter Prüfhinweis aus der vollständigen Definition: »Fettstufe bleibt offen, natur gemeint«. Regelweg in Bornheim über die gewöhnliche Bornheimer Auslage »Molkereikühlregal«.","EASY","griechischer Joghurt: gewöhnlicher lokaler Bezugsweg über den Bereich »Molkereikühlregal«.","OPTIONAL","griechischer Joghurt | Form: Fettstufe bleibt offen, natur gemeint | Bornheim Molkereikühlregal gewöhnlicher Handel",""
"GREEN_ASPARAGUS","grüner Spargel","APPLICABLE","Grüner oberirdisch gewachsener Spargel mit kräftigerem, grasig-nussigem Aroma; Schälen ist meist nur am unteren Ende nötig.","GENERAL_LOCAL","Katalogpfad Spargel → Stängelgemüse → Gemüse. Warengruppe Gemüse oder Pilz, formrelevanter Prüfhinweis aus der vollständigen Definition: »Schälen ist meist nur am unteren Ende nötig«. Regelweg in Bornheim über den lokalen Supermarktbereich »Obst- und Gemüseabteilung« in Bornheim.","EASY","grüner Spargel: gewöhnlicher lokaler Bezugsweg über den Bereich »Obst- und Gemüseabteilung«.","OPTIONAL","grüner Spargel | Form: Schälen ist meist nur am unteren Ende nötig | Bornheim Obst- und Gemüseabteilung gewöhnlicher Handel",""
"GREEN_BEANS","grüne Bohnen","APPLICABLE","Junge essbare Bohnenhülsen mit knackiger Textur; vor dem Verzehr garen, nicht trockene Bohnenkerne.","GENERAL_LOCAL","Katalogpfad Hülsen- und Schotengemüse → Gemüse. Warengruppe Gemüse oder Pilz, formrelevanter Prüfhinweis aus der vollständigen Definition: »vor dem Verzehr garen, nicht trockene Bohnenkerne«. Regelweg in Bornheim über den lokalen Supermarktbereich »Obst- und Gemüseabteilung« in Bornheim.","EASY","grüne Bohnen: gewöhnlicher lokaler Bezugsweg über den Bereich »Obst- und Gemüseabteilung«.","OPTIONAL","grüne Bohnen | Form: vor dem Verzehr garen, nicht trockene Bohnenkerne | Bornheim Obst- und Gemüseabteilung gewöhnlicher Handel",""
"GREEN_BELL_PEPPER","grüne Paprika","APPLICABLE","Unreif grün geerntete Gemüsepaprika mit herberem, grasigem Geschmack; nicht scharfe grüne Chili.","GENERAL_LOCAL","Katalogpfad Paprika → Fruchtgemüse → Gemüse. Warengruppe Gemüse oder Pilz, formrelevanter Prüfhinweis aus der vollständigen Definition: »nicht scharfe grüne Chili«. Regelweg in Bornheim über die gewöhnliche Bornheimer Auslage »Obst- und Gemüseabteilung«.","EASY","grüne Paprika: gewöhnlicher lokaler Bezugsweg über den Bereich »Obst- und Gemüseabteilung«.","OPTIONAL","grüne Paprika | Form: nicht scharfe grüne Chili | Bornheim Obst- und Gemüseabteilung gewöhnlicher Handel",""
"GREEN_PAPAYA","grüne Papaya","APPLICABLE","Unreife feste Papaya mit mildem Geschmack, als knackiges Gemüse verwendbar; nicht reife süße Papaya.","SPECIALTY_BROAD","Katalogpfad Papaya → Tropenfrucht → Obst. Warengruppe Obst, formrelevanter Prüfhinweis aus der vollständigen Definition: »nicht reife süße Papaya«. Breiter einschlägiger Spezialmarkt über die voneinander unabhängigen Händler Asia4Friends – Gemüse sowie Asia Moin – Obst und Gemüse.","SPECIALTY","grüne Papaya ist im einschlägigen Spezialmarkt breit etabliert; dokumentierte reguläre Wege sind die voneinander unabhängigen Händler Asia4Friends – Gemüse sowie Asia Moin – Obst und Gemüse.","REQUIRED","grüne Papaya | Form: nicht reife süße Papaya | Deutschland unabhängige Spezialhändler Obst | geprüfte Quellen: Asia4Friends – Gemüse ; Asia Moin – Obst und Gemüse","EVIDENCE_REQUIRED"
"GREEN_PEAS","grüne Erbsen","APPLICABLE","Junge grüne Erbsen, frisch oder tiefgekühlt, mit süßlichem Geschmack; nicht getrocknete Spalterbsen.","GENERAL_LOCAL","Katalogpfad Erbsen → Hülsen- und Schotengemüse → Hülsenfrüchte → Gemüse. Warengruppe Gemüse oder Pilz, formrelevanter Prüfhinweis aus der vollständigen Definition: »nicht getrocknete Spalterbsen«. Regelweg in Bornheim über die gewöhnliche Bornheimer Auslage »Obst- und Gemüseabteilung«.","EASY","grüne Erbsen: gewöhnlicher lokaler Bezugsweg über den Bereich »Obst- und Gemüseabteilung«.","OPTIONAL","grüne Erbsen | Form: nicht getrocknete Spalterbsen | Bornheim Obst- und Gemüseabteilung gewöhnlicher Handel",""
"GREEN_PEPPER","grüne Pfefferkörner","APPLICABLE","Unreif geerntete Pfefferfrüchte, frisch, gefriergetrocknet oder in Lake; milder und frischer als schwarzer Pfeffer.","GENERAL_LOCAL","Katalogpfad Pfeffer → Gewürz oder trockenes Würzmittel. Warengruppe Pfeffer in frischer, trockener oder eingelegter Form, formrelevanter Prüfhinweis aus der vollständigen Definition: »milder und frischer als schwarzer Pfeffer«. Regelweg in Bornheim über ortsübliche Vollsortimenter rund um Bornheim, konkret im Bereich »Gewürzregal, Frischetheke oder Lake- und Feinkostregal«.","EASY","grüne Pfefferkörner: gewöhnlicher lokaler Bezugsweg über den Bereich »Gewürzregal, Frischetheke oder Lake- und Feinkostregal«.","OPTIONAL","grüne Pfefferkörner | Form: milder und frischer als schwarzer Pfeffer | Bornheim Gewürzregal, Frischetheke oder Lake- und Feinkostregal gewöhnlicher Handel","RATING_RECONCILED_V2"
"GREEN_RICE_FLAKES","Cốm oder grüne Reisflocken","APPLICABLE","Aus jungen, noch grünen Klebreiskörnern geröstete und flachgestampfte vietnamesische Reisflocken mit zart nussigem, leicht süßlichem Aroma. Pur, in Süßspeisen, Kuchen oder als Panierung verwendbar; nicht gefärbte reife Reisflocken.","NICHE_IMPORT","Katalogpfad Reisprodukt → stärkehaltige Zutat oder Sättigungsbeilage. Warengruppe Getreide- oder Stärkeware, formrelevanter Prüfhinweis aus der vollständigen Definition: »nicht gefärbte reife Reisflocken«. Nur der schmale Händlerweg über AsiaFoodland – grüne Reisflocken ist positiv belegt; Standardversand begrenzt Form, Bestand oder Logistik.","DIFFICULT","Cốm oder grüne Reisflocken: Nur der schmale Händlerweg über AsiaFoodland – grüne Reisflocken ist positiv belegt; Standardversand begrenzt Form, Bestand oder Logistik.","REQUIRED","Cốm oder grüne Reisflocken | Form: nicht gefärbte reife Reisflocken | Deutschland EU Exakttreffer Bestand Logistik Getreide- oder Stärkeware | geprüfte Quellen: AsiaFoodland – grüne Reisflocken","EVIDENCE_REQUIRED|FORM_OR_ROUTE_FRAGILE"
"GREEN_SPLIT_PEAS","grüne Schälerbsen","APPLICABLE","Getrocknete grüne geschälte und halbierte Erbsen mit mild-erdigem Geschmack; nicht gelbe Schälerbsen oder frische grüne Erbsen.","GENERAL_LOCAL","Katalogpfad Spalterbsen → Erbsen → Hülsenfrüchte. Warengruppe Hülsenfrucht, formrelevanter Prüfhinweis aus der vollständigen Definition: »nicht gelbe Schälerbsen oder frische grüne Erbsen«. Regelweg in Bornheim über nahe Supermarktfilialen in Bornheim mit dem Bereich »Hülsenfrucht-, Konserven- oder Trockenwarenregal«.","EASY","grüne Schälerbsen: gewöhnlicher lokaler Bezugsweg über den Bereich »Hülsenfrucht-, Konserven- oder Trockenwarenregal«.","OPTIONAL","grüne Schälerbsen | Form: nicht gelbe Schälerbsen oder frische grüne Erbsen | Bornheim Hülsenfrucht-, Konserven- oder Trockenwarenregal gewöhnlicher Handel","RATING_RECONCILED_V2"
"GREEN_TEA","grüner Tee","APPLICABLE","Nicht oder nur wenig oxidierter Tee mit grasigem bis nussigem Profil; Sorte, Blattgrad und Röstung bleiben offen.","GENERAL_LOCAL","Katalogpfad Tee. Warengruppe Tee, formrelevanter Prüfhinweis aus der vollständigen Definition: »Sorte, Blattgrad und Röstung bleiben offen«. Regelweg in Bornheim über nahe Supermarktfilialen in Bornheim mit dem Bereich »Tee- und Aufgussregal«.","EASY","grüner Tee: gewöhnlicher lokaler Bezugsweg über den Bereich »Tee- und Aufgussregal«.","OPTIONAL","grüner Tee | Form: Sorte, Blattgrad und Röstung bleiben offen | Bornheim Tee- und Aufgussregal gewöhnlicher Handel",""
"GRUYERE","Gruyère","APPLICABLE","Fester gereifter Kuhmilchkäse nach Gruyère-Art mit nussig-würzigem Aroma und guter Schmelzeignung.","GENERAL_BROAD","Formatta – Schweizer Gruyère AOP sechs Monate belegt formgenau: Formatta bietet formgenauen Schweizer Gruyère AOP aus Rohmilch, sechs Monate gereift, als aktuell lieferbare Ware an. Für Georgia in Bornheim gilt: Deutschlandweiter Kühlversand in Thermobox; 1–3 Werktage; Logistik CHILLED_SHIPPING. Käsefachversand, Thermobox und Versandkosten bleiben nötig; Käse nach Gruyère-Art wird nicht mitgezählt.","PLANNED","Gruyère: Formatta bietet formgenauen Schweizer Gruyère AOP aus Rohmilch, sechs Monate gereift, als aktuell lieferbare Ware an.","REQUIRED","Formatta Le Gruyère AOP Rohmilch sechs Monate lieferbar | Georgia in Bornheim | IN_STOCK CHILLED_SHIPPING","EVIDENCE_REQUIRED|BORDERLINE_PLANNED"
"GUAVA","Guave","APPLICABLE","Tropische Frucht mit intensiv duftendem, süß-säuerlichem Fruchtfleisch und vielen essbaren Kernen.","GENERAL_BROAD","Guave: Obstwelt bietet ganze frische rote Guaven mit Warenkorb und bundesweitem Frischeversand in mehreren Mengen an. Profilbezug Georgia: Bornheim beziehungsweise der planbare allgemeine deutsche Bezug; Köln oder Düsseldorf werden nicht als lokaler EASY-Weg gewertet.","PLANNED","Guave: Obstwelt bietet ganze frische rote Guaven mit Warenkorb und bundesweitem Frischeversand in mehreren Mengen an.","REQUIRED","Guave rote Guaven ganz frisch Obstwelt bundesweiter Frischeversand; Georgia Bornheim konkrete Produktseite Bestand Logistik 2026-09-04","EVIDENCE_REQUIRED|BORDERLINE_PLANNED"
"HABANERO","Habanero","APPLICABLE","Sehr scharfe frische Chili mit ausgeprägt fruchtigem Aroma; Farbe und konkrete Habanero-Sorte bleiben offen.","GENERAL_BROAD","Katalogpfad frische Chili → Fruchtgemüse → Gemüse. Warengruppe Gemüse oder Pilz, formrelevanter Prüfhinweis aus der vollständigen Definition: »Farbe und konkrete Habanero-Sorte bleiben offen«. Allgemein planbarer, aber nicht lokal garantierter Weg über eine konkrete Vorbestellung oder Bestandsabfrage für Gemüse oder Pilz.","PLANNED","Habanero ist über eine konkrete Vorbestellung oder Bestandsabfrage für Gemüse oder Pilz im allgemeinen deutschen Handel planbar, lokal aber kein verlässlicher Standardartikel.","OPTIONAL","Habanero | Form: Farbe und konkrete Habanero-Sorte bleiben offen | Bornheim gezielter Einkauf Deutschland Obst- und Gemüseabteilung",""
"HADDOCK","Schellfisch","APPLICABLE","Schellfisch mit mildem, magerem und blättrigem Fleisch; frisch oder tiefgekühlt, nicht automatisch geräuchert.","GENERAL_BROAD","Katalogpfad weißfleischiger Fisch → Fisch → Fisch und Meeresfrüchte. Warengruppe Fisch oder Meeresfrucht, formrelevanter Prüfhinweis aus der vollständigen Definition: »frisch oder tiefgekühlt, nicht automatisch geräuchert«. Allgemein planbarer, aber nicht lokal garantierter Weg über den im v2-Anker festgehaltenen Planweg: Über Fischtheke, Fischfachhandel oder allgemeinen Fischversand planbar.","PLANNED","Schellfisch: Über Fischtheke, Fischfachhandel oder allgemeinen Fischversand planbar; Rostock verbessert die Chance, nicht die Marktklasse.","REQUIRED","Schellfisch | Form: frisch oder tiefgekühlt, nicht automatisch geräuchert | Bornheim gezielter Einkauf Deutschland Fischkühlung, Fischtheke oder Tiefkühlabteilung | freigegebener v2-Anker","REFERENCE_ANCHOR|EVIDENCE_REQUIRED|BORDERLINE_PLANNED"
"HAKE","Seehecht","APPLICABLE","Seehecht als magerer Weißfisch mit zartem, grobblättrigem Fleisch; Zuschnitt bleibt offen.","GENERAL_BROAD","1aFisch – Seehecht-Loin ohne Haut belegt: 1aFisch kennzeichnet das frische handfiletierte Seehecht-Loin ohne Haut als sofort versandfertig, nennt einen Liefertermin und verschickt Frischfisch gekühlt binnen 24 Stunden. Der Bezug erfolgt über Deutschland; gekühlter 24-Stunden-Express mit nächstem Liefertermin; maßgeblich ist CHILLED_SHIPPING. Der positive Weg ist ein etwa 250 Gramm schweres grätenfreies Rückenfilet; Fang- und Liefertermin beeinflussen den kurzfristigen Bestand.","PLANNED","Seehecht: 1aFisch kennzeichnet das frische handfiletierte Seehecht-Loin ohne Haut als sofort versandfertig, nennt einen Liefertermin und verschickt Frischfisch gekühlt binnen 24 Stunden.","REQUIRED","Seehecht Loin ohne Haut frisch sofort versandfertig 1aFisch 24 Stunden Express | Georgia Bornheim Rheinland | 1aFisch – Seehecht-Loin ohne Haut | IN_STOCK CHILLED_SHIPPING","EVIDENCE_REQUIRED|BORDERLINE_PLANNED"
"HALIBUT","Heilbutt","APPLICABLE","Heilbutt mit festem, mildem und vergleichsweise fleischigem Weißfischfilet; schwarzer und weißer Heilbutt sind umfasst.","GENERAL_BROAD","Deutsche See – weißes Heilbuttfilet TK belegt: Das verfügbare Produkt ist weißes Heilbuttfilet mit Haut, vakuumverpackt und tiefgefroren; Art und konkreter Filetzuschnitt sind ausgewiesen. Der Bezug erfolgt über Deutschland und Österreich; tiefgekühlte GO!-Express-Lieferung zum Wunschtermin; maßgeblich ist FROZEN_SHIPPING. Nachgewiesen ist weißer Heilbutt als Tiefkühlfilet, nicht jede schwarze Heilbuttform; die Tiefkühlzustellung ist einzuplanen.","PLANNED","Heilbutt: Das verfügbare Produkt ist weißes Heilbuttfilet mit Haut, vakuumverpackt und tiefgefroren; Art und konkreter Filetzuschnitt sind ausgewiesen.","REQUIRED","weißes Heilbuttfilet Hippoglossus hippoglossus tiefgekühlt Deutsche See verfügbar | Georgia Bornheim Rheinland | Deutsche See – weißes Heilbuttfilet TK | IN_STOCK FROZEN_SHIPPING","EVIDENCE_REQUIRED|BORDERLINE_PLANNED"
"HALLOUMI","Halloumi","APPLICABLE","Fester Salzlakenkäse mit hoher Hitzestabilität und charakteristischem Biss; meist aus Schaf-, Ziegen- und/oder Kuhmilch.","GENERAL_LOCAL","Katalogpfad Käse → gesäuertes Milchprodukt → Milchprodukte. Warengruppe Käse, formrelevanter Prüfhinweis aus der vollständigen Definition: »meist aus Schaf-, Ziegen- und/oder Kuhmilch«. Regelweg in Bornheim über den Bereich »Käsekühlung oder Käsetheke« eines gewöhnlichen Bornheimer Vollsortimenters.","EASY","Halloumi: gewöhnlicher lokaler Bezugsweg über den Bereich »Käsekühlung oder Käsetheke«.","OPTIONAL","Halloumi | Form: meist aus Schaf-, Ziegen- und/oder Kuhmilch | Bornheim Käsekühlung oder Käsetheke gewöhnlicher Handel",""
"HAM","Schinken","APPLICABLE","Offene Schinkenfamilie aus gepökeltem Fleisch; gekochte, geräucherte und luftgetrocknete Ausprägungen sind umfasst.","GENERAL_LOCAL","Katalogpfad gepökeltes oder luftgetrocknetes Fleisch → Schweinefleisch → Fleisch. Warengruppe Wurst oder Pökelfleisch, formrelevanter Prüfhinweis aus der vollständigen Definition: »gekochte, geräucherte und luftgetrocknete Ausprägungen sind umfasst«. Regelweg in Bornheim über die gewöhnliche Bornheimer Auslage »Wurstkühlung oder Bedientheke«.","EASY","Schinken: gewöhnlicher lokaler Bezugsweg über den Bereich »Wurstkühlung oder Bedientheke«.","OPTIONAL","Schinken | Form: gekochte, geräucherte und luftgetrocknete Ausprägungen sind umfasst | Bornheim Wurstkühlung oder Bedientheke gewöhnlicher Handel",""
"HARISSA","Harissa","APPLICABLE","Nordafrikanische Chilipaste mit Gewürzen und häufig Knoblauch; Schärfe, Ölanteil und genaue Zusammensetzung variieren.","GENERAL_BROAD","Katalogpfad Chilisauce oder -paste → fertige Sauce oder Würzpaste → Sauce, Würzmittel oder Paste. Warengruppe Sauce oder Würzpaste, formrelevanter Prüfhinweis aus der vollständigen Definition: »Schärfe, Ölanteil und genaue Zusammensetzung variieren«. Allgemein planbarer, aber nicht lokal garantierter Weg über den im v2-Anker festgehaltenen Planweg: Für das Bornheim-Profil konkret planbarer regionaler Fachmarkt.","PLANNED","Harissa: Für Georgia konkret planbarer regionaler Fachmarkt; für Tobias breit verfügbarer aber gezielt einschlägiger Spezialmarkt.","REQUIRED","Harissa | Form: Schärfe, Ölanteil und genaue Zusammensetzung variieren | Bornheim gezielter Einkauf Deutschland Saucen-, Würzpasten- und Feinkostregal | freigegebener v2-Anker","REFERENCE_ANCHOR|PERSON_DIFFERENCE"
"HARZER_CHEESE","Harzer Käse","APPLICABLE","Kräftig gereifter, sehr fettarmer Sauermilchkäse nach Harzer Art; nicht generisch jeder Sauermilchkäse oder Handkäse.","GENERAL_LOCAL","Katalogpfad Käse → gesäuertes Milchprodukt → Milchprodukte. Warengruppe Käse, formrelevanter Prüfhinweis aus der vollständigen Definition: »nicht generisch jeder Sauermilchkäse oder Handkäse«. Regelweg in Bornheim über den lokalen Supermarktbereich »Käsekühlung oder Käsetheke« in Bornheim.","EASY","Harzer Käse: gewöhnlicher lokaler Bezugsweg über den Bereich »Käsekühlung oder Käsetheke«.","OPTIONAL","Harzer Käse | Form: nicht generisch jeder Sauermilchkäse oder Handkäse | Bornheim Käsekühlung oder Käsetheke gewöhnlicher Handel",""
"HAZELNUT","Haselnüsse","APPLICABLE","Haselnusskerne mit süßlich-nussigem Aroma; roh, geröstet, ganz oder gemahlen verwendbar.","GENERAL_LOCAL","Katalogpfad Nüsse. Warengruppe Nuss, Saat oder Mus, formrelevanter Prüfhinweis aus der vollständigen Definition: »roh, geröstet, ganz oder gemahlen verwendbar«. Regelweg in Bornheim über den Bereich »Nuss-, Saaten- oder Nussmusregal« eines gewöhnlichen Bornheimer Vollsortimenters.","EASY","Haselnüsse: gewöhnlicher lokaler Bezugsweg über den Bereich »Nuss-, Saaten- oder Nussmusregal«.","OPTIONAL","Haselnüsse | Form: roh, geröstet, ganz oder gemahlen verwendbar | Bornheim Nuss-, Saaten- oder Nussmusregal gewöhnlicher Handel",""
"HEMP_SEEDS","Hanfsamen","APPLICABLE","Geschälte oder ungeschälte Hanfsamen mit mild-nussigem Geschmack; als Saat, nicht als Rauschmittel gemeint.","GENERAL_BROAD","Katalogpfad Kerne und Samen. Warengruppe Nuss, Saat oder Mus, formrelevanter Prüfhinweis aus der vollständigen Definition: »als Saat, nicht als Rauschmittel gemeint«. Allgemein planbarer, aber nicht lokal garantierter Weg über einen vorbereiteten Einkauf im gut sortierten Bereich »Nuss-, Saaten- oder Nussmusregal«.","PLANNED","Hanfsamen ist über einen vorbereiteten Einkauf im gut sortierten Bereich »Nuss-, Saaten- oder Nussmusregal« im allgemeinen deutschen Handel planbar, lokal aber kein verlässlicher Standardartikel.","OPTIONAL","Hanfsamen | Form: als Saat, nicht als Rauschmittel gemeint | Bornheim gezielter Einkauf Deutschland Nuss-, Saaten- oder Nussmusregal",""
"HERB_BUTTER","Kräuterbutter","APPLICABLE","Butterzubereitung mit frischen oder getrockneten Kräutern; Kräutermischung und weitere milde Würzung bleiben offen.","GENERAL_LOCAL","Katalogpfad Butter → Kochfett → Milchprodukte. Warengruppe Milchprodukt, formrelevanter Prüfhinweis aus der vollständigen Definition: »Kräutermischung und weitere milde Würzung bleiben offen«. Regelweg in Bornheim über den regulären Bornheimer Regalweg »Molkereikühlregal«.","EASY","Kräuterbutter: gewöhnlicher lokaler Bezugsweg über den Bereich »Molkereikühlregal«.","OPTIONAL","Kräuterbutter | Form: Kräutermischung und weitere milde Würzung bleiben offen | Bornheim Molkereikühlregal gewöhnlicher Handel",""
"HERBES_DE_PROVENCE","Kräuter der Provence","APPLICABLE","Getrocknete Kräutermischung nach Herbes-de-Provence-Art, typischerweise mit Thymian, Rosmarin, Oregano, Bohnenkraut und/oder vergleichbaren mediterranen Kräutern. Zusammensetzung kann variieren; nicht mit Fines herbes gleichsetzen.","GENERAL_LOCAL","Katalogpfad Gewürzmischung → Gewürz oder trockenes Würzmittel. Warengruppe Gewürz, formrelevanter Prüfhinweis aus der vollständigen Definition: »nicht mit Fines herbes gleichsetzen«. Regelweg in Bornheim über den lokalen Supermarktbereich »Gewürz- und Trockenwürzregal« in Bornheim.","EASY","Kräuter der Provence: gewöhnlicher lokaler Bezugsweg über den Bereich »Gewürz- und Trockenwürzregal«.","OPTIONAL","Kräuter der Provence | Form: nicht mit Fines herbes gleichsetzen | Bornheim Gewürz- und Trockenwürzregal gewöhnlicher Handel",""
"HERRING","Hering","APPLICABLE","Hering als fettreicher Fisch; frisch oder schlicht tiefgekühlt gemeint, spezifische Reife- und Einlegeformen sind getrennt.","GENERAL_BROAD","Deutsche See – Heringsfilets TK belegt: Deutsche See führt vier bis sechs verfügbare Heringsfilets mit Haut tiefgekühlt in einer Mehrkammerpackung; die schlichte Fischform ist weder gereift noch eingelegt. Der Bezug erfolgt über Deutschland und Österreich; tiefgekühlte GO!-Express-Lieferung zum Wunschtermin; maßgeblich ist FROZEN_SHIPPING. Der Beleg gilt für naturbelassene Tiefkühlfilets, nicht für frischen ganzen Hering; die Kühlkette bleibt erforderlich.","PLANNED","Hering: Deutsche See führt vier bis sechs verfügbare Heringsfilets mit Haut tiefgekühlt in einer Mehrkammerpackung; die schlichte Fischform ist weder gereift noch eingelegt.","REQUIRED","Heringsfilets natur mit Haut tiefgekühlt Deutsche See verfügbar nicht eingelegt | Georgia Bornheim Rheinland | Deutsche See – Heringsfilets TK | IN_STOCK FROZEN_SHIPPING","EVIDENCE_REQUIRED|BORDERLINE_PLANNED|RATING_RECONCILED_V2"
"HERVE_CHEESE","Herve-Käse","APPLICABLE","Belgischer AOP-Weichkäse aus Kuhmilch mit gewaschener Rinde. Umfasst die mildere und die kräftigere/pikante Herve-Ausprägung; charakteristisch würzig und teils sehr intensiv. Nicht mit beliebigem Limburger oder Romadur gleichsetzen.","NICHE_IMPORT","Katalogpfad Käse → gesäuertes Milchprodukt → Milchprodukte. Warengruppe Käse, formrelevanter Prüfhinweis aus der vollständigen Definition: »Nicht mit beliebigem Limburger oder Romadur gleichsetzen«. Nur der schmale Händlerweg über Tölzer Kasladen – Herve ist positiv belegt; Kühlversand begrenzt Form, Bestand oder Logistik.","DIFFICULT","Herve-Käse: Nur der schmale Händlerweg über Tölzer Kasladen – Herve ist positiv belegt; Kühlversand begrenzt Form, Bestand oder Logistik.","REQUIRED","Herve-Käse | Form: Nicht mit beliebigem Limburger oder Romadur gleichsetzen | Deutschland EU Exakttreffer Bestand Logistik Käse | geprüfte Quellen: Tölzer Kasladen – Herve","EVIDENCE_REQUIRED|BORDERLINE_PLANNED|RATING_RECONCILED_V2"
"HIJIKI","Hijiki","APPLICABLE","Dunkle fadenförmige Meeresalge der ostasiatischen Küche mit kräftigem Meeresaroma; üblicherweise getrocknet und eingeweicht.","SPECIALTY_BROAD","Katalogpfad Algen → Gemüse. Warengruppe Alge, formrelevanter Prüfhinweis aus der vollständigen Definition: »üblicherweise getrocknet und eingeweicht«. Breiter einschlägiger Spezialmarkt über die voneinander unabhängigen Händler Asia4Friends – Gemüse/Algen sowie AsiaFoodland – Algen.","SPECIALTY","Hijiki ist im einschlägigen Spezialmarkt breit etabliert; dokumentierte reguläre Wege sind die voneinander unabhängigen Händler Asia4Friends – Gemüse/Algen sowie AsiaFoodland – Algen.","REQUIRED","Hijiki | Form: üblicherweise getrocknet und eingeweicht | Deutschland unabhängige Spezialhändler Alge | geprüfte Quellen: Asia4Friends – Gemüse/Algen ; AsiaFoodland – Algen","EVIDENCE_REQUIRED"
"HOISIN_SAUCE","Hoisinsauce","APPLICABLE","Dicke süß-salzige chinesische Würzsauce auf fermentierter Bohnenbasis; nicht Austernsauce oder Pflaumensauce.","GENERAL_BROAD","Katalogpfad fermentierte Würzzutat → fertige Sauce oder Würzpaste → Sauce, Würzmittel oder Paste. Warengruppe Sauce oder Würzpaste, formrelevanter Prüfhinweis aus der vollständigen Definition: »nicht Austernsauce oder Pflaumensauce«. Allgemein planbarer, aber nicht lokal garantierter Weg über einen vorbereiteten Einkauf im gut sortierten Bereich »Saucen-, Würzpasten- und Feinkostregal«.","PLANNED","Hoisinsauce ist über einen vorbereiteten Einkauf im gut sortierten Bereich »Saucen-, Würzpasten- und Feinkostregal« im allgemeinen deutschen Handel planbar, lokal aber kein verlässlicher Standardartikel.","OPTIONAL","Hoisinsauce | Form: nicht Austernsauce oder Pflaumensauce | Bornheim gezielter Einkauf Deutschland Saucen-, Würzpasten- und Feinkostregal",""
"HOKKAIDO_SQUASH","Hokkaido-Kürbis","APPLICABLE","Orangefarbener Hokkaido-Kürbis mit essbarer Schale und nussig-süßlichem, dichtem Fruchtfleisch.","GENERAL_LOCAL","Katalogpfad Kürbis → Fruchtgemüse → Gemüse. Warengruppe Gemüse oder Pilz, formrelevanter Prüfhinweis aus der vollständigen Definition: »Hokkaido-Kürbis mit essbarer Schale und nussig-süßlichem, dichtem Fruchtfleisch«. Regelweg in Bornheim über nahe Supermarktfilialen in Bornheim mit dem Bereich »Obst- und Gemüseabteilung«.","EASY","Hokkaido-Kürbis: gewöhnlicher lokaler Bezugsweg über den Bereich »Obst- und Gemüseabteilung«.","OPTIONAL","Hokkaido-Kürbis | Form: Hokkaido-Kürbis mit essbarer Schale und nussig-süßlichem, dichtem Fruchtfleisch | Bornheim Obst- und Gemüseabteilung gewöhnlicher Handel",""
"HOLY_BASIL","Krapao","APPLICABLE","Frische Blätter von Ocimum tenuiflorum mit pfeffrig-nelkenartigem Aroma, besonders für Pad Krapao. Nicht mit Thai-Basilikum verwechseln; getrockneter Tulsi-Tee ist keine gleichwertige Kochzutat.","NICHE_IMPORT","Katalogpfad Basilikum → Kräuter und Würzblätter. Warengruppe frisches Würzkraut, formrelevanter Prüfhinweis aus der vollständigen Definition: »getrockneter Tulsi-Tee ist keine gleichwertige Kochzutat«. Der v2-Anker hält den Engpass fest: Exaktes Holy Basil ist deutlich seltener als Thai-Basilikum/Horapa und hängt von wenigen frischen Spezialwegen ab.","DIFFICULT","Krapao: Exaktes Holy Basil ist deutlich seltener als Thai-Basilikum/Horapa und hängt von wenigen frischen Spezialwegen ab.","REQUIRED","Krapao | Form: getrockneter Tulsi-Tee ist keine gleichwertige Kochzutat | Deutschland EU Exakttreffer Bestand Logistik frisches Würzkraut | freigegebener v2-Anker","REFERENCE_ANCHOR|EVIDENCE_REQUIRED|FORM_OR_ROUTE_FRAGILE"
"HONEY","Honig","APPLICABLE","Von Bienen erzeugtes flüssiges bis kristallines Süßungsmittel; Blütentyp und Aromaintensität bleiben offen.","GENERAL_LOCAL","Katalogpfad Süßungsmittel. Warengruppe Süßungs- oder Kakaoware, formrelevanter Prüfhinweis aus der vollständigen Definition: »Blütentyp und Aromaintensität bleiben offen«. Regelweg in Bornheim über das örtliche Sortiment »Backzutaten-, Süßwaren- oder Kakaoregal« beim Wocheneinkauf in Bornheim.","EASY","Honig: gewöhnlicher lokaler Bezugsweg über den Bereich »Backzutaten-, Süßwaren- oder Kakaoregal«.","OPTIONAL","Honig | Form: Blütentyp und Aromaintensität bleiben offen | Bornheim Backzutaten-, Süßwaren- oder Kakaoregal gewöhnlicher Handel",""
"HONEYDEW_MELON","Honigmelone","APPLICABLE","Helle Honigmelone mit glatter Schale und süßem, saftigem Fruchtfleisch; nicht Cantaloupe.","GENERAL_LOCAL","Katalogpfad Melone → Obst. Warengruppe Obst, formrelevanter Prüfhinweis aus der vollständigen Definition: »nicht Cantaloupe«. Regelweg in Bornheim über nahe Supermarktfilialen in Bornheim mit dem Bereich »Obst- und Gemüseabteilung«.","EASY","Honigmelone: gewöhnlicher lokaler Bezugsweg über den Bereich »Obst- und Gemüseabteilung«.","OPTIONAL","Honigmelone | Form: nicht Cantaloupe | Bornheim Obst- und Gemüseabteilung gewöhnlicher Handel",""
"HORSERADISH","Meerrettich","APPLICABLE","Scharfe Meerrettichwurzel, frisch gerieben oder als möglichst schlichte Zubereitung; Schärfe verfliegt bei Hitze.","GENERAL_LOCAL","Katalogpfad Wurzel- und Knollengemüse → Gemüse. Warengruppe Gemüse oder Pilz, formrelevanter Prüfhinweis aus der vollständigen Definition: »Schärfe verfliegt bei Hitze«. Regelweg in Bornheim über den Bereich »Obst- und Gemüseabteilung« eines gewöhnlichen Bornheimer Vollsortimenters.","EASY","Meerrettich: gewöhnlicher lokaler Bezugsweg über den Bereich »Obst- und Gemüseabteilung«.","OPTIONAL","Meerrettich | Form: Schärfe verfliegt bei Hitze | Bornheim Obst- und Gemüseabteilung gewöhnlicher Handel",""
"HOT_MUSTARD","scharfer Senf","APPLICABLE","Senf mit ausgeprägt stechender Schärfe; Körnung und verwendete Senfsaat bleiben offen.","GENERAL_LOCAL","Katalogpfad Senf → fertige Sauce oder Würzpaste → Sauce, Würzmittel oder Paste. Warengruppe Sauce oder Würzpaste, formrelevanter Prüfhinweis aus der vollständigen Definition: »Körnung und verwendete Senfsaat bleiben offen«. Regelweg in Bornheim über den Bereich »Saucen-, Würzpasten- und Feinkostregal« eines gewöhnlichen Bornheimer Vollsortimenters.","EASY","scharfer Senf: gewöhnlicher lokaler Bezugsweg über den Bereich »Saucen-, Würzpasten- und Feinkostregal«.","OPTIONAL","scharfer Senf | Form: Körnung und verwendete Senfsaat bleiben offen | Bornheim Saucen-, Würzpasten- und Feinkostregal gewöhnlicher Handel",""
"HOT_PAPRIKA_POWDER","Paprikapulver rosenscharf","APPLICABLE","Scharfes Paprikapulver nach rosenscharfer Art; nicht süßes oder geräuchertes Paprikapulver.","GENERAL_LOCAL","Katalogpfad Paprikapulver → Gewürz oder trockenes Würzmittel. Warengruppe Gewürz, formrelevanter Prüfhinweis aus der vollständigen Definition: »nicht süßes oder geräuchertes Paprikapulver«. Regelweg in Bornheim über den Bereich »Gewürz- und Trockenwürzregal« eines gewöhnlichen Bornheimer Vollsortimenters.","EASY","Paprikapulver rosenscharf: gewöhnlicher lokaler Bezugsweg über den Bereich »Gewürz- und Trockenwürzregal«.","OPTIONAL","Paprikapulver rosenscharf | Form: nicht süßes oder geräuchertes Paprikapulver | Bornheim Gewürz- und Trockenwürzregal gewöhnlicher Handel",""
"IBERICO_HAM","Jamón ibérico","APPLICABLE","Spanischer luftgetrockneter Schinken vom iberischen Schwein; Qualitäts- und Fütterungsklassen können variieren. Nicht automatisch Jamón ibérico de bellota und nicht mit Jamón serrano gleichsetzen.","GENERAL_BROAD","jamon.de – Jamón de Cebo 50 Prozent Ibérico 80 g belegt formgenau: jamon.de führt luftgetrockneten, 24 Monate gereiften und geschnittenen Schinken vom Iberischen Schwein mit klarem Lagerstatus. Für Georgia in Bornheim gilt: Deutschlandweiter Paketversand nach Bornheim und Rostock; bei früher Bestellung taggleicher Versand; Logistik STANDARD_SHIPPING. Belegt ist die Cebo-/50-Prozent-Ibérico-Klasse, nicht Bellota oder jede Qualitätsstufe; Serrano wird nicht substituiert.","PLANNED","Jamón ibérico: jamon.de führt luftgetrockneten, 24 Monate gereiften und geschnittenen Schinken vom Iberischen Schwein mit klarem Lagerstatus.","REQUIRED","Jamón de Cebo 50 Ibérico 80 g Scheiben jamon.de Lager | Georgia in Bornheim | IN_STOCK STANDARD_SHIPPING","EVIDENCE_REQUIRED|BORDERLINE_PLANNED"
"INVERTEBRATES","wirbellose Tiere","APPLICABLE","Übergeordnete Familie essbarer wirbelloser Tiere wie Weichtiere und Krebstiere; weitere kulinarisch eigenständige Gruppen wie Insekten oder Ringelwürmer können separat darunter eingeordnet werden.","GENERAL_LOCAL","Katalogpfad eigenständige Katalogwurzel. Warengruppe Fisch oder Meeresfrucht, formrelevanter Prüfhinweis aus der vollständigen Definition: »weitere kulinarisch eigenständige Gruppen wie Insekten oder Ringelwürmer können separat darunter eingeordnet werden«. Regelweg in Bornheim über die gewöhnliche Bornheimer Auslage »Fischkühlung, Fischtheke oder Tiefkühlabteilung«.","EASY","wirbellose Tiere: gewöhnlicher lokaler Bezugsweg über den Bereich »Fischkühlung, Fischtheke oder Tiefkühlabteilung«.","OPTIONAL","wirbellose Tiere | Form: weitere kulinarisch eigenständige Gruppen wie Insekten oder Ringelwürmer können separat darunter eingeordnet werden | Bornheim Fischkühlung, Fischtheke oder Tiefkühlabteilung gewöhnlicher Handel",""
"JACKFRUIT","Jackfruit","APPLICABLE","Gemeint ist je nach Gericht junge grüne oder reife Jackfruit; für herzhafte Anwendungen meist junge Jackfruit.","GENERAL_BROAD","Katalogpfad Tropenfrucht → Obst. Warengruppe Obst, formrelevanter Prüfhinweis aus der vollständigen Definition: »für herzhafte Anwendungen meist junge Jackfruit«. Allgemein planbarer, aber nicht lokal garantierter Weg über einen vorbereiteten Einkauf im gut sortierten Bereich »Obst- und Gemüseabteilung«.","PLANNED","Jackfruit ist über einen vorbereiteten Einkauf im gut sortierten Bereich »Obst- und Gemüseabteilung« im allgemeinen deutschen Handel planbar, lokal aber kein verlässlicher Standardartikel.","OPTIONAL","Jackfruit | Form: für herzhafte Anwendungen meist junge Jackfruit | Bornheim gezielter Einkauf Deutschland Obst- und Gemüseabteilung",""
"JALAPENO","Jalapeño","APPLICABLE","Dickfleischige frische Chili mit milder bis mittlerer Schärfe; grüne und reife rote Früchte sind umfasst.","GENERAL_BROAD","Katalogpfad frische Chili → Fruchtgemüse → Gemüse. Warengruppe Gemüse oder Pilz, formrelevanter Prüfhinweis aus der vollständigen Definition: »grüne und reife rote Früchte sind umfasst«. Allgemein planbarer, aber nicht lokal garantierter Weg über eine vorab zu prüfendes Sortiment im Bereich »Obst- und Gemüseabteilung« eines großen Bornheimer Markts.","PLANNED","Jalapeño ist über ein vorab zu prüfendes Sortiment im Bereich »Obst- und Gemüseabteilung« eines großen Bornheimer Markts im allgemeinen deutschen Handel planbar, lokal aber kein verlässlicher Standardartikel.","OPTIONAL","Jalapeño | Form: grüne und reife rote Früchte sind umfasst | Bornheim gezielter Einkauf Deutschland Obst- und Gemüseabteilung","RATING_RECONCILED_V2"
"JASMINE_RICE","Jasminreis","APPLICABLE","Duftender südostasiatischer Langkornreis mit weicherem, leicht haftendem Korn; nicht Basmatireis.","GENERAL_LOCAL","Katalogpfad Reis → Getreide oder Pseudogetreide → stärkehaltige Zutat oder Sättigungsbeilage. Warengruppe Getreide- oder Stärkeware, formrelevanter Prüfhinweis aus der vollständigen Definition: »nicht Basmatireis«. Regelweg in Bornheim über den Bereich »Reis-, Mehl-, Nudel- oder Trockenwarenregal« eines gewöhnlichen Bornheimer Vollsortimenters.","EASY","Jasminreis: gewöhnlicher lokaler Bezugsweg über den Bereich »Reis-, Mehl-, Nudel- oder Trockenwarenregal«.","OPTIONAL","Jasminreis | Form: nicht Basmatireis | Bornheim Reis-, Mehl-, Nudel- oder Trockenwarenregal gewöhnlicher Handel","RATING_RECONCILED_V2"
"JENEVER","Jenever","APPLICABLE","Jenever/Genever: wacholderaromatisierte Spirituose mit Getreidedestillat beziehungsweise Moutwijn-Anteil; nicht mit Gin gleichsetzen.","GENERAL_BROAD","Niederländischer Getreide-Wacholderschnaps im allgemeinen Spirituosenversand; Conalco listet Bokma Jonge Graanjenever aus Getreide und Wacholder lagernd.","PLANNED","Jenever: Niederländischer Getreide-Wacholderschnaps im allgemeinen Spirituosenversand; Conalco listet Bokma Jonge Graanjenever aus Getreide und Wacholder lagernd.","REQUIRED","Bokma Jonge Graanjenever Genever Getreide Wacholder Conalco lagernd Versand","EVIDENCE_REQUIRED|BORDERLINE_PLANNED"
"JERK_SEASONING","Jerk-Gewürzmischung","APPLICABLE","Jamaikanisch geprägte Gewürzmischung mit typischerweise Piment, Thymian und Chili; trocken oder als Marinadenbasis verwendbar.","GENERAL_BROAD","Katalogpfad Gewürzmischung → Gewürz oder trockenes Würzmittel. Warengruppe Gewürz, formrelevanter Prüfhinweis aus der vollständigen Definition: »trocken oder als Marinadenbasis verwendbar«. Allgemein planbarer, aber nicht lokal garantierter Weg über eine vorab zu prüfendes Sortiment im Bereich »Gewürz- und Trockenwürzregal« eines großen Bornheimer Markts.","PLANNED","Jerk-Gewürzmischung ist über ein vorab zu prüfendes Sortiment im Bereich »Gewürz- und Trockenwürzregal« eines großen Bornheimer Markts im allgemeinen deutschen Handel planbar, lokal aber kein verlässlicher Standardartikel.","OPTIONAL","Jerk-Gewürzmischung | Form: trocken oder als Marinadenbasis verwendbar | Bornheim gezielter Einkauf Deutschland Gewürz- und Trockenwürzregal",""
"JERUSALEM_ARTICHOKE","Topinambur","APPLICABLE","Topinamburknolle mit nussig-süßlichem Geschmack und knackiger bis cremiger Textur; nicht Artischocke.","GENERAL_BROAD","Katalogpfad Wurzel- und Knollengemüse → stärkehaltige Zutat oder Sättigungsbeilage → Gemüse. Warengruppe Gemüse oder Pilz, formrelevanter Prüfhinweis aus der vollständigen Definition: »nicht Artischocke«. Allgemein planbarer, aber nicht lokal garantierter Weg über eine reguläre Onlinebestellung im allgemeinen Handel mit formgenauer Artikelsuche.","PLANNED","Topinambur ist über eine reguläre Onlinebestellung im allgemeinen Handel mit formgenauer Artikelsuche im allgemeinen deutschen Handel planbar, lokal aber kein verlässlicher Standardartikel.","OPTIONAL","Topinambur | Form: nicht Artischocke | Bornheim gezielter Einkauf Deutschland Obst- und Gemüseabteilung",""
"JUNIPER_BERRIES","Wacholderbeeren","APPLICABLE","Getrocknete Wacholderbeeren als kräftiges Würzmittel insbesondere für Kohl-, Wild-, Fleisch-, Fisch- und Schmorgerichte; nicht Wacholderholz, Gin oder Wacholderextrakt.","GENERAL_LOCAL","Katalogpfad Gewürz oder trockenes Würzmittel. Warengruppe Gewürz, formrelevanter Prüfhinweis aus der vollständigen Definition: »nicht Wacholderholz, Gin oder Wacholderextrakt«. Regelweg in Bornheim über das örtliche Sortiment »Gewürz- und Trockenwürzregal« beim Wocheneinkauf in Bornheim.","EASY","Wacholderbeeren: gewöhnlicher lokaler Bezugsweg über den Bereich »Gewürz- und Trockenwürzregal«.","OPTIONAL","Wacholderbeeren | Form: nicht Wacholderholz, Gin oder Wacholderextrakt | Bornheim Gewürz- und Trockenwürzregal gewöhnlicher Handel","RATING_RECONCILED_V2"
"KAFFIR_LIME_LEAVES","Makrut-Limettenblätter","APPLICABLE","Aromatische Blätter der Makrut-Limette mit intensiv zitrischem Duft; frisch, tiefgekühlt oder getrocknet verwendbar.","SPECIALTY_BROAD","Katalogpfad Kräuter und Würzblätter. Warengruppe frisches Würzkraut, formrelevanter Prüfhinweis aus der vollständigen Definition: »frisch, tiefgekühlt oder getrocknet verwendbar«. Breiter einschlägiger Spezialmarkt über die voneinander unabhängigen Händler AsiaFoodland – Kaffir-Limettenblätter sowie Asia4Friends – Gewürze.","SPECIALTY","Makrut-Limettenblätter ist im einschlägigen Spezialmarkt breit etabliert; dokumentierte reguläre Wege sind die voneinander unabhängigen Händler AsiaFoodland – Kaffir-Limettenblätter sowie Asia4Friends – Gewürze.","REQUIRED","Makrut-Limettenblätter | Form: frisch, tiefgekühlt oder getrocknet verwendbar | Deutschland unabhängige Spezialhändler frisches Würzkraut | geprüfte Quellen: AsiaFoodland – Kaffir-Limettenblätter ; Asia4Friends – Gewürze","EVIDENCE_REQUIRED"
"KALE","Grünkohl","APPLICABLE","Grünkohl mit robusten krausen oder glatten Blättern und kräftig-grünem Geschmack; Stiele je nach Zartheit mitverwenden.","GENERAL_LOCAL","Katalogpfad Kohlgemüse → Blattgemüse → Gemüse. Warengruppe Gemüse oder Pilz, formrelevanter Prüfhinweis aus der vollständigen Definition: »Stiele je nach Zartheit mitverwenden«. Regelweg in Bornheim über den Bereich »Obst- und Gemüseabteilung« eines gewöhnlichen Bornheimer Vollsortimenters.","EASY","Grünkohl: gewöhnlicher lokaler Bezugsweg über den Bereich »Obst- und Gemüseabteilung«.","OPTIONAL","Grünkohl | Form: Stiele je nach Zartheit mitverwenden | Bornheim Obst- und Gemüseabteilung gewöhnlicher Handel",""
"KASHMIRI_CHILI_POWDER","Kashmiri-Chilipulver","APPLICABLE","Leuchtend rotes Chilipulver nach Kashmiri-Art mit fruchtigem Aroma und meist moderater Schärfe.","SPECIALTY_BROAD","Katalogpfad Chilipulver → getrocknete Chili → Gewürz oder trockenes Würzmittel. Warengruppe Gewürz, formrelevanter Prüfhinweis aus der vollständigen Definition: »Kashmiri-Art mit fruchtigem Aroma und meist moderater Schärfe«. Breiter einschlägiger Spezialmarkt über die voneinander unabhängigen Händler Sairas – indische Gewürze sowie AsianBrand – Gewürze.","SPECIALTY","Kashmiri-Chilipulver ist im einschlägigen Spezialmarkt breit etabliert; dokumentierte reguläre Wege sind die voneinander unabhängigen Händler Sairas – indische Gewürze sowie AsianBrand – Gewürze.","REQUIRED","Kashmiri-Chilipulver | Form: Kashmiri-Art mit fruchtigem Aroma und meist moderater Schärfe | Deutschland unabhängige Spezialhändler Gewürz | geprüfte Quellen: Sairas – indische Gewürze ; AsianBrand – Gewürze","EVIDENCE_REQUIRED"
"KASSELER","Kasseler","APPLICABLE","Gepökeltes und geräuchertes Schweinefleisch aus geeigneten Teilstücken wie Rücken, Nacken oder Rippe; nicht das fertig zubereitete Gericht.","GENERAL_LOCAL","Katalogpfad gepökeltes oder luftgetrocknetes Fleisch → Schweinefleisch → Fleisch. Warengruppe Wurst oder Pökelfleisch, formrelevanter Prüfhinweis aus der vollständigen Definition: »nicht das fertig zubereitete Gericht«. Regelweg in Bornheim über das örtliche Sortiment »Wurstkühlung oder Bedientheke« beim Wocheneinkauf in Bornheim.","EASY","Kasseler: gewöhnlicher lokaler Bezugsweg über den Bereich »Wurstkühlung oder Bedientheke«.","OPTIONAL","Kasseler | Form: nicht das fertig zubereitete Gericht | Bornheim Wurstkühlung oder Bedientheke gewöhnlicher Handel",""
"KECAP_MANIS","Kecap Manis","APPLICABLE","Indonesische dicke süße Sojasauce mit Palmzucker beziehungsweise vergleichbarer Süße; nicht helle Sojasauce.","SPECIALTY_BROAD","Katalogpfad Sojasauce → Süßungsmittel → fermentierte Würzzutat → fertige Sauce oder Würzpaste. Warengruppe Sauce oder Würzpaste, formrelevanter Prüfhinweis aus der vollständigen Definition: »nicht helle Sojasauce«. Breiter einschlägiger Spezialmarkt über den freigegebenen v2-Anker mit dem Kerngrund »Bei vielen breit aufgestellten Asia-Händlern regulär verfügbar allgemeine Supermarktpräsenz reicht nicht für PLANNED als sichere Regel«.","SPECIALTY","Kecap Manis: Bei vielen breit aufgestellten Asia-Händlern regulär verfügbar; allgemeine Supermarktpräsenz reicht nicht für PLANNED als sichere Regel.","REQUIRED","Kecap Manis | Form: nicht helle Sojasauce | Deutschland unabhängige Spezialhändler Sauce oder Würzpaste | freigegebener v2-Anker","REFERENCE_ANCHOR|EVIDENCE_REQUIRED"
"KEFIR","Kefir","APPLICABLE","Fermentiertes Milchgetränk aus Kefirkulturen mit säuerlicher, leicht hefiger Note; nicht Buttermilch oder Joghurt.","GENERAL_LOCAL","Katalogpfad gesäuertes Milchprodukt → Milchprodukte. Warengruppe Milchprodukt, formrelevanter Prüfhinweis aus der vollständigen Definition: »nicht Buttermilch oder Joghurt«. Regelweg in Bornheim über den lokalen Supermarktbereich »Molkereikühlregal« in Bornheim.","EASY","Kefir: gewöhnlicher lokaler Bezugsweg über den Bereich »Molkereikühlregal«.","OPTIONAL","Kefir | Form: nicht Buttermilch oder Joghurt | Bornheim Molkereikühlregal gewöhnlicher Handel",""
"KETCHUP","Ketchup","APPLICABLE","Glatte süß-säuerliche Tomatenwürzsauce; Gewürzung und Süße können variieren, Bananenketchup bleibt getrennt.","GENERAL_LOCAL","Katalogpfad fertige Sauce oder Würzpaste → Tomatenprodukt → Sauce, Würzmittel oder Paste. Warengruppe Sauce oder Würzpaste, formrelevanter Prüfhinweis aus der vollständigen Definition: »Gewürzung und Süße können variieren, Bananenketchup bleibt getrennt«. Regelweg in Bornheim über den regulären Bornheimer Regalweg »Saucen-, Würzpasten- und Feinkostregal«.","EASY","Ketchup: gewöhnlicher lokaler Bezugsweg über den Bereich »Saucen-, Würzpasten- und Feinkostregal«.","OPTIONAL","Ketchup | Form: Gewürzung und Süße können variieren, Bananenketchup bleibt getrennt | Bornheim Saucen-, Würzpasten- und Feinkostregal gewöhnlicher Handel",""
"KIDNEY_BEANS","Kidneybohnen","APPLICABLE","Nierenförmige rote Bohnen mit fester Schale und cremigem Inneren; getrocknet ausreichend garen oder vorgegart verwenden.","GENERAL_LOCAL","Katalogpfad Bohnen → Hülsenfrüchte. Warengruppe Hülsenfrucht, formrelevanter Prüfhinweis aus der vollständigen Definition: »getrocknet ausreichend garen oder vorgegart verwenden«. Regelweg in Bornheim über ortsübliche Vollsortimenter rund um Bornheim, konkret im Bereich »Hülsenfrucht-, Konserven- oder Trockenwarenregal«.","EASY","Kidneybohnen: gewöhnlicher lokaler Bezugsweg über den Bereich »Hülsenfrucht-, Konserven- oder Trockenwarenregal«.","OPTIONAL","Kidneybohnen | Form: getrocknet ausreichend garen oder vorgegart verwenden | Bornheim Hülsenfrucht-, Konserven- oder Trockenwarenregal gewöhnlicher Handel",""
"KIMCHI","Kimchi","APPLICABLE","Koreanisches milchsauer fermentiertes Gemüse, meist Chinakohl oder Rettich, mit kräftiger Würzung; konkrete Sorte bleibt offen.","GENERAL_BROAD","Asia4Friends bietet Kimchi Wang als 410-g-Glas fermentierten, gewürzten Chinakohls aktuell lagernd mit 1–3 Werktagen Lieferzeit an. Der haltbare Standardversand nach Bornheim deckt eine zulässige Kimchi-Sorte ab.","PLANNED","Kimchi: Asia4Friends bietet Kimchi Wang als 410-g-Glas fermentierten, gewürzten Chinakohls aktuell lagernd mit 1–3 Werktagen Lieferzeit an. Der haltbare Standardversand nach Bornheim deckt eine zulässige Kimchi-Sorte ab.","OPTIONAL","Kimchi Wang 410 g fermentierter Chinakohl Asia4Friends auf Lager Standardversand Bornheim",""
"KING_OYSTER_MUSHROOM","Kräuterseitlinge","APPLICABLE","Kräuterseitling mit dickem, festem Stiel und mildem, umamireichem Aroma; Stiel und Hut sind essbar.","GENERAL_BROAD","Katalogpfad Pilze → Gemüse. Warengruppe Gemüse oder Pilz, formrelevanter Prüfhinweis aus der vollständigen Definition: »Stiel und Hut sind essbar«. Allgemein planbarer, aber nicht lokal garantierter Weg über einen vorbereiteten Einkauf im gut sortierten Bereich »Obst- und Gemüseabteilung«.","PLANNED","Kräuterseitlinge ist über einen vorbereiteten Einkauf im gut sortierten Bereich »Obst- und Gemüseabteilung« im allgemeinen deutschen Handel planbar, lokal aber kein verlässlicher Standardartikel.","OPTIONAL","Kräuterseitlinge | Form: Stiel und Hut sind essbar | Bornheim gezielter Einkauf Deutschland Obst- und Gemüseabteilung",""
"KIWI","Kiwi","APPLICABLE","Kiwi mit saftigem süß-säuerlichem Fruchtfleisch und essbaren kleinen Samen; grüne und goldene Sorten sind umfasst.","GENERAL_LOCAL","Katalogpfad Obst. Warengruppe Obst, formrelevanter Prüfhinweis aus der vollständigen Definition: »grüne und goldene Sorten sind umfasst«. Regelweg in Bornheim über das örtliche Sortiment »Obst- und Gemüseabteilung« beim Wocheneinkauf in Bornheim.","EASY","Kiwi: gewöhnlicher lokaler Bezugsweg über den Bereich »Obst- und Gemüseabteilung«.","OPTIONAL","Kiwi | Form: grüne und goldene Sorten sind umfasst | Bornheim Obst- und Gemüseabteilung gewöhnlicher Handel",""
"KLIPPFISH","Klippfisch","APPLICABLE","Stark gesalzener und anschließend getrockneter Fisch nach Klippfisch-/Klippfisk-Art, häufig Kabeljau oder anderer geeigneter Weißfisch; vor der Zubereitung typischerweise zu wässern. Nicht mit ungesalzenem Stockfisch gleichsetzen.","SPECIALTY_BROAD","Katalogpfad konservierter Fisch → Fisch → Fisch und Meeresfrüchte. Warengruppe konservierter Fisch, formrelevanter Prüfhinweis aus der vollständigen Definition: »Nicht mit ungesalzenem Stockfisch gleichsetzen«. Breiter einschlägiger Spezialmarkt über den freigegebenen v2-Anker mit dem Kerngrund »Im portugiesisch-/spanisch geprägten Spezialmarkt breit als gesalzener Trockenfisch etabliert klare Abgrenzung zu ungesalzenem Stockfisch«.","SPECIALTY","Klippfisch: Im portugiesisch-/spanisch geprägten Spezialmarkt breit als gesalzener Trockenfisch etabliert; klare Abgrenzung zu ungesalzenem Stockfisch.","REQUIRED","Klippfisch | Form: Nicht mit ungesalzenem Stockfisch gleichsetzen | Deutschland unabhängige Spezialhändler konservierter Fisch | freigegebener v2-Anker","REFERENCE_ANCHOR|EVIDENCE_REQUIRED"
"KOHLRABI","Kohlrabi","APPLICABLE","Knackige verdickte Kohlrabi-Sprossachse mit mild-kohligem Geschmack; Blätter können mitverwendet werden.","GENERAL_LOCAL","Katalogpfad Kohlgemüse → Gemüse. Warengruppe Gemüse oder Pilz, formrelevanter Prüfhinweis aus der vollständigen Definition: »Blätter können mitverwendet werden«. Regelweg in Bornheim über den Bereich »Obst- und Gemüseabteilung« eines gewöhnlichen Bornheimer Vollsortimenters.","EASY","Kohlrabi: gewöhnlicher lokaler Bezugsweg über den Bereich »Obst- und Gemüseabteilung«.","OPTIONAL","Kohlrabi | Form: Blätter können mitverwendet werden | Bornheim Obst- und Gemüseabteilung gewöhnlicher Handel",""
"KOLACHE","Kolatschen","APPLICABLE","Rundes mitteleuropäisches Hefeteiggebäck der tschechischen Koláč-Familie mit typischerweise zentraler Füllung, etwa Mohn, Quark, Pflaumenmus oder Obst. Nicht beliebiges Hefegebäck und nicht Trdelník.","NICHE_IMPORT","Katalogpfad Backware → Süßware. Warengruppe Back- oder Brotwaren, formrelevanter Prüfhinweis aus der vollständigen Definition: »Nicht beliebiges Hefegebäck und nicht Trdelník«. Nur der schmale Händlerweg über Luisa Minimarkt Prag – Chemnitz ist positiv belegt; Sonderfahrt begrenzt Form, Bestand oder Logistik.","DIFFICULT","Kolatschen: Nur der schmale Händlerweg über Luisa Minimarkt Prag – Chemnitz ist positiv belegt; Sonderfahrt begrenzt Form, Bestand oder Logistik.","REQUIRED","Kolatschen | Form: Nicht beliebiges Hefegebäck und nicht Trdelník | Deutschland EU Exakttreffer Bestand Logistik Back- oder Brotwaren | geprüfte Quellen: Luisa Minimarkt Prag – Chemnitz","EVIDENCE_REQUIRED|FORM_OR_ROUTE_FRAGILE"
"KOMBU","Kombu","APPLICABLE","Dicke getrocknete Braunalge, besonders zum Ansetzen umamireicher Fonds wie Dashi; nicht Nori oder Wakame.","SPECIALTY_BROAD","Katalogpfad Algen → Gemüse. Warengruppe Alge, formrelevanter Prüfhinweis aus der vollständigen Definition: »nicht Nori oder Wakame«. Breiter einschlägiger Spezialmarkt über den freigegebenen v2-Anker mit dem Kerngrund »Breit im japanisch-asiatischen Spezialmarkt etabliert viele unabhängige Händler und Marken«.","SPECIALTY","Kombu: Breit im japanisch-asiatischen Spezialmarkt etabliert; viele unabhängige Händler und Marken.","REQUIRED","Kombu | Form: nicht Nori oder Wakame | Deutschland unabhängige Spezialhändler Alge | freigegebener v2-Anker","REFERENCE_ANCHOR|EVIDENCE_REQUIRED"
"LA_LOT_LEAVES","Lá-lốt-Blätter","APPLICABLE","Als Lá lốt gehandelte herzförmige Pfefferblätter mit warm-würzigem Aroma, besonders zum Umwickeln und Grillen von Fleischfüllungen. Nicht mit Betelblättern zum Kauen oder gewöhnlichem Pfefferblatt gleichsetzen.","NICHE_IMPORT","Katalogpfad Kräuter und Würzblätter. Warengruppe frisches Würzkraut, formrelevanter Prüfhinweis aus der vollständigen Definition: »Nicht mit Betelblättern zum Kauen oder gewöhnlichem Pfefferblatt gleichsetzen«. Der v2-Anker hält den Engpass fest: Wenige vietnamesisch orientierte Frischehändler, schwankender Bestand und Frischelogistik.","DIFFICULT","Lá-lốt-Blätter: Wenige vietnamesisch orientierte Frischehändler, schwankender Bestand und Frischelogistik.","REQUIRED","Lá-lốt-Blätter | Form: Nicht mit Betelblättern zum Kauen oder gewöhnlichem Pfefferblatt gleichsetzen | Deutschland EU Exakttreffer Bestand Logistik frisches Würzkraut | freigegebener v2-Anker","REFERENCE_ANCHOR|EVIDENCE_REQUIRED|FORM_OR_ROUTE_FRAGILE"
"LAKSA_PASTE","Laksa-Paste","APPLICABLE","Fertige südostasiatische Gewürzpaste für Laksa mit Chili, Aromaten und Gewürzen; regional unterschiedliche Stile sind umfasst.","SPECIALTY_BROAD","Katalogpfad fertige Currypaste → fertige Sauce oder Würzpaste → Sauce, Würzmittel oder Paste. Warengruppe Sauce oder Würzpaste, formrelevanter Prüfhinweis aus der vollständigen Definition: »regional unterschiedliche Stile sind umfasst«. Breiter einschlägiger Spezialmarkt über die voneinander unabhängigen Händler Asia4Friends – Currypasten sowie AsiaFoodland – Saucen und Pasten.","SPECIALTY","Laksa-Paste ist im einschlägigen Spezialmarkt breit etabliert; dokumentierte reguläre Wege sind die voneinander unabhängigen Händler Asia4Friends – Currypasten sowie AsiaFoodland – Saucen und Pasten.","REQUIRED","Laksa-Paste | Form: regional unterschiedliche Stile sind umfasst | Deutschland unabhängige Spezialhändler Sauce oder Würzpaste | geprüfte Quellen: Asia4Friends – Currypasten ; AsiaFoodland – Saucen und Pasten","EVIDENCE_REQUIRED"
"LAMB","Lamm","APPLICABLE","Lammfleisch ohne Festlegung auf Zuschnitt oder Garmethode; gemeint ist Fleisch vom jungen Schaf.","GENERAL_BROAD","Katalogpfad Fleisch. Warengruppe Fleisch, formrelevanter Prüfhinweis aus der vollständigen Definition: »gemeint ist Fleisch vom jungen Schaf«. Allgemein planbarer, aber nicht lokal garantierter Weg über eine gezielte Bestellung oder Sortimentsprüfung bei MeinMetzger – Lammfleisch.","PLANNED","Lamm ist über eine gezielte Bestellung oder Sortimentsprüfung bei MeinMetzger – Lammfleisch im allgemeinen deutschen Handel planbar, lokal aber kein verlässlicher Standardartikel.","REQUIRED","Lamm | Form: gemeint ist Fleisch vom jungen Schaf | Bornheim gezielter Einkauf Deutschland Fleischkühlung oder Bedientheke | geprüfte Quellen: MeinMetzger – Lammfleisch","EVIDENCE_REQUIRED|BORDERLINE_PLANNED"
"LAMB_CHOP","Lammkotelett","APPLICABLE","Lammkotelett mit Knochen aus Rücken oder Rippenbereich; zum kurzen Braten oder Grillen geeignet.","GENERAL_BROAD","Katalogpfad Lamm → Fleisch. Warengruppe Fleisch, formrelevanter Prüfhinweis aus der vollständigen Definition: »zum kurzen Braten oder Grillen geeignet«. Allgemein planbarer, aber nicht lokal garantierter Weg über eine gezielte Bestellung oder Sortimentsprüfung bei MeinMetzger – Lammkotelett Stiel portioniert.","PLANNED","Lammkotelett ist über eine gezielte Bestellung oder Sortimentsprüfung bei MeinMetzger – Lammkotelett Stiel portioniert im allgemeinen deutschen Handel planbar, lokal aber kein verlässlicher Standardartikel.","REQUIRED","Lammkotelett | Form: zum kurzen Braten oder Grillen geeignet | Bornheim gezielter Einkauf Deutschland Fleischkühlung oder Bedientheke | geprüfte Quellen: MeinMetzger – Lammkotelett Stiel portioniert","EVIDENCE_REQUIRED|BORDERLINE_PLANNED"
"LAMB_LEG","Lammkeule","APPLICABLE","Lammkeule als großer, relativ magerer Braten- oder Schmorcut; ganz oder ausgelöst verwendbar.","GENERAL_BROAD","Katalogpfad Lamm → Fleisch. Warengruppe Fleisch, formrelevanter Prüfhinweis aus der vollständigen Definition: »ganz oder ausgelöst verwendbar«. Allgemein planbarer, aber nicht lokal garantierter Weg über eine gezielte Bestellung oder Sortimentsprüfung bei MeinMetzger – Lammkeule nur mit Röhrenknochen.","PLANNED","Lammkeule ist über eine gezielte Bestellung oder Sortimentsprüfung bei MeinMetzger – Lammkeule nur mit Röhrenknochen im allgemeinen deutschen Handel planbar, lokal aber kein verlässlicher Standardartikel.","REQUIRED","Lammkeule | Form: ganz oder ausgelöst verwendbar | Bornheim gezielter Einkauf Deutschland Fleischkühlung oder Bedientheke | geprüfte Quellen: MeinMetzger – Lammkeule nur mit Röhrenknochen","EVIDENCE_REQUIRED|BORDERLINE_PLANNED"
"LAMB_MINCE","Lammhack","APPLICABLE","Zerkleinertes Lammfleisch mit charakteristischem Eigengeschmack; nicht gemischtes Hackfleisch.","GENERAL_BROAD","Katalogpfad Lamm → Hackfleisch → Fleisch. Warengruppe Fleisch, formrelevanter Prüfhinweis aus der vollständigen Definition: »nicht gemischtes Hackfleisch«. Allgemein planbarer, aber nicht lokal garantierter Weg über eine gezielte Bestellung oder Sortimentsprüfung bei MeinMetzger – reines Lammhackfleisch.","PLANNED","Lammhack ist über eine gezielte Bestellung oder Sortimentsprüfung bei MeinMetzger – reines Lammhackfleisch im allgemeinen deutschen Handel planbar, lokal aber kein verlässlicher Standardartikel.","REQUIRED","Lammhack | Form: nicht gemischtes Hackfleisch | Bornheim gezielter Einkauf Deutschland Fleischkühlung oder Bedientheke | geprüfte Quellen: MeinMetzger – reines Lammhackfleisch","EVIDENCE_REQUIRED|BORDERLINE_PLANNED"
"LAMB_SHOULDER","Lammschulter","APPLICABLE","Kollagenreiche Lammschulter mit kräftigem Geschmack; besonders für langsames Braten oder Schmoren geeignet.","GENERAL_BROAD","Katalogpfad Lamm → Fleisch. Warengruppe Fleisch, formrelevanter Prüfhinweis aus der vollständigen Definition: »besonders für langsames Braten oder Schmoren geeignet«. Allgemein planbarer, aber nicht lokal garantierter Weg über eine gezielte Bestellung oder Sortimentsprüfung bei MeinMetzger – Lammschulterbraten mit Knochen.","PLANNED","Lammschulter ist über eine gezielte Bestellung oder Sortimentsprüfung bei MeinMetzger – Lammschulterbraten mit Knochen im allgemeinen deutschen Handel planbar, lokal aber kein verlässlicher Standardartikel.","REQUIRED","Lammschulter | Form: besonders für langsames Braten oder Schmoren geeignet | Bornheim gezielter Einkauf Deutschland Fleischkühlung oder Bedientheke | geprüfte Quellen: MeinMetzger – Lammschulterbraten mit Knochen","EVIDENCE_REQUIRED|BORDERLINE_PLANNED"
"LAMBIC","Lambic","APPLICABLE","Traditioneller belgischer Bierstil aus spontan vergorener Würze. Gemeint ist der Grundstil; Gueuze, Kriek und andere Frucht- oder Blendvarianten sind nicht automatisch eingeschlossen.","SPECIALTY_BROAD","Zwei unabhängige spezialisierte Bierhändler tragen den Markt: Belgoshop und Beyond Beer führen jeweils Cantillon Grand Cru Bruocsella als reines, ungeblendetes dreijähriges Lambic aktuell bestellbar; ein allgemeiner Getränkeweg ist nicht belegt.","SPECIALTY","Lambic: Zwei unabhängige spezialisierte Bierhändler tragen den Markt: Belgoshop und Beyond Beer führen jeweils Cantillon Grand Cru Bruocsella als reines, ungeblendetes dreijähriges Lambic aktuell bestellbar; ein allgemeiner Getränkeweg ist nicht belegt.","REQUIRED","Cantillon Grand Cru Bruocsella reines ungeblendetes Lambic Belgoshop Beyond Beer Bestand Deutschland","EVIDENCE_REQUIRED|BORDERLINE_PLANNED"
"LAMBS_LETTUCE","Feldsalat","APPLICABLE","Feldsalat mit kleinen zarten Blättern und mild-nussigem Geschmack; überwiegend roh verwendet.","GENERAL_LOCAL","Katalogpfad Blattsalat → Blattgemüse → Gemüse. Warengruppe Gemüse oder Pilz, formrelevanter Prüfhinweis aus der vollständigen Definition: »überwiegend roh verwendet«. Regelweg in Bornheim über den Bereich »Obst- und Gemüseabteilung« eines gewöhnlichen Bornheimer Vollsortimenters.","EASY","Feldsalat: gewöhnlicher lokaler Bezugsweg über den Bereich »Obst- und Gemüseabteilung«.","OPTIONAL","Feldsalat | Form: überwiegend roh verwendet | Bornheim Obst- und Gemüseabteilung gewöhnlicher Handel",""
"LAND_SNAILS","Landschnecken","APPLICABLE","Essbare Landschnecken als küchenfertige Zutat; umfasst Weinbergschnecken und mögliche weitere terrestrische Arten. Nicht Süßwasser- oder Meeresschnecken.","GENERAL_BROAD","Landschnecken in Dosenform über allgemeinen Feinkostversand; Culina bietet Weinbergschnecken ohne Haus im Warenkorb an und versendet mit ausgewiesener Deutschland-Lieferfrist.","PLANNED","Landschnecken in Dosenform über allgemeinen Feinkostversand; Culina bietet Weinbergschnecken ohne Haus im Warenkorb an und versendet mit ausgewiesener Deutschland-Lieferfrist.","REQUIRED","Culina Weinbergschnecken Landschnecken ohne Haus Dose Deutschland Versand Lieferzeit","EVIDENCE_REQUIRED|BORDERLINE_PLANNED"
"LARD","Schweineschmalz","APPLICABLE","Ausgelassenes Schweinefett zum Braten, Backen oder Verfeinern; natur gemeint, nicht fertiger Griebenschmalzaufstrich.","GENERAL_LOCAL","Katalogpfad Kochfett. Warengruppe Speiseöl oder Kochfett, formrelevanter Prüfhinweis aus der vollständigen Definition: »natur gemeint, nicht fertiger Griebenschmalzaufstrich«. Regelweg in Bornheim über das örtliche Sortiment »Öl- und Kochfettregal« beim Wocheneinkauf in Bornheim.","EASY","Schweineschmalz: gewöhnlicher lokaler Bezugsweg über den Bereich »Öl- und Kochfettregal«.","OPTIONAL","Schweineschmalz | Form: natur gemeint, nicht fertiger Griebenschmalzaufstrich | Bornheim Öl- und Kochfettregal gewöhnlicher Handel",""
"LASAGNE_SHEETS","Lasagneplatten","APPLICABLE","Breite flache Weizenpastablätter für geschichtete Gerichte; frisch, getrocknet oder vorgekocht verwendbar.","GENERAL_LOCAL","Katalogpfad Weizenpasta → Nudeln → stärkehaltige Zutat oder Sättigungsbeilage. Warengruppe Getreide- oder Stärkeware, formrelevanter Prüfhinweis aus der vollständigen Definition: »frisch, getrocknet oder vorgekocht verwendbar«. Regelweg in Bornheim über den lokalen Supermarktbereich »Reis-, Mehl-, Nudel- oder Trockenwarenregal« in Bornheim.","EASY","Lasagneplatten: gewöhnlicher lokaler Bezugsweg über den Bereich »Reis-, Mehl-, Nudel- oder Trockenwarenregal«.","OPTIONAL","Lasagneplatten | Form: frisch, getrocknet oder vorgekocht verwendbar | Bornheim Reis-, Mehl-, Nudel- oder Trockenwarenregal gewöhnlicher Handel",""
"LEAFY_GREENS","Blattgemüse","APPLICABLE","Offene Vorgabe für Gemüse, dessen Blätter kulinarisch im Mittelpunkt stehen; Salate und Kochgemüse sind möglich.","GENERAL_LOCAL","Katalogpfad Gemüse. Warengruppe Gemüse oder Pilz, formrelevanter Prüfhinweis aus der vollständigen Definition: »Salate und Kochgemüse sind möglich«. Regelweg in Bornheim über nahe Supermarktfilialen in Bornheim mit dem Bereich »Obst- und Gemüseabteilung«.","EASY","Blattgemüse: gewöhnlicher lokaler Bezugsweg über den Bereich »Obst- und Gemüseabteilung«.","OPTIONAL","Blattgemüse | Form: Salate und Kochgemüse sind möglich | Bornheim Obst- und Gemüseabteilung gewöhnlicher Handel",""
"LEBERKAESE","Leberkäse","APPLICABLE","Fein zerkleinertes, gebackenes Fleisch- oder Brühwursterzeugnis nach Leberkäse- beziehungsweise Fleischkäse-Art; konkrete Fleischmischung kann variieren. Nicht gewöhnlicher Hackbraten.","GENERAL_LOCAL","Katalogpfad Wurst → Fleisch. Warengruppe Wurst oder Pökelfleisch, formrelevanter Prüfhinweis aus der vollständigen Definition: »Nicht gewöhnlicher Hackbraten«. Regelweg in Bornheim über das örtliche Sortiment »Wurstkühlung oder Bedientheke« beim Wocheneinkauf in Bornheim.","EASY","Leberkäse: gewöhnlicher lokaler Bezugsweg über den Bereich »Wurstkühlung oder Bedientheke«.","OPTIONAL","Leberkäse | Form: Nicht gewöhnlicher Hackbraten | Bornheim Wurstkühlung oder Bedientheke gewöhnlicher Handel",""
"LEEK","Lauch","APPLICABLE","Lauch mit mild-süßlichem Zwiebelaroma; weißer und grüner Teil sind je nach Gericht verwendbar.","GENERAL_LOCAL","Katalogpfad Lauch- und Zwiebelgemüse → Gemüse. Warengruppe Gemüse oder Pilz, formrelevanter Prüfhinweis aus der vollständigen Definition: »weißer und grüner Teil sind je nach Gericht verwendbar«. Regelweg in Bornheim über ortsübliche Vollsortimenter rund um Bornheim, konkret im Bereich »Obst- und Gemüseabteilung«.","EASY","Lauch: gewöhnlicher lokaler Bezugsweg über den Bereich »Obst- und Gemüseabteilung«.","OPTIONAL","Lauch | Form: weißer und grüner Teil sind je nach Gericht verwendbar | Bornheim Obst- und Gemüseabteilung gewöhnlicher Handel",""
"LEFSE","Lefse","APPLICABLE","Weiches norwegisches Fladenbrot nach Lefse-Art; je nach Variante auf Kartoffel- oder Mehlbasis. Gemeint ist die Lefse selbst, nicht eine bestimmte süße oder herzhafte Füllung beziehungsweise ein fertig belegtes Gericht.","NICHE_IMPORT","Katalogpfad Fladenbrot → Brot oder Fladenbrot → Backware → stärkehaltige Zutat oder Sättigungsbeilage. Warengruppe Getreide- oder Stärkeware, formrelevanter Prüfhinweis aus der vollständigen Definition: »Gemeint ist die Lefse selbst, nicht eine bestimmte süße oder herzhafte Füllung beziehungsweise ein fertig belegtes Gericht«. Der v2-Anker hält den Engpass fest: Enger norwegischer Fertigproduktimport mit wenigen Händlern und periodischem Bestand.","DIFFICULT","Lefse: Enger norwegischer Fertigproduktimport mit wenigen Händlern und periodischem Bestand.","REQUIRED","Lefse | Form: Gemeint ist die Lefse selbst, nicht eine bestimmte süße oder herzhafte Füllung beziehungsweise ein fertig belegtes Gericht | Deutschland EU Exakttreffer Bestand Logistik Getreide- oder Stärkeware | freigegebener v2-Anker","REFERENCE_ANCHOR|EVIDENCE_REQUIRED|FORM_OR_ROUTE_FRAGILE"
"LEGUMES","Hülsenfrüchte","APPLICABLE","Offene Vorgabe für Hülsenfrüchte wie Bohnen, Linsen, Erbsen oder Kichererbsen; Produktform bleibt wählbar.","GENERAL_LOCAL","Katalogpfad eigenständige Katalogwurzel. Warengruppe Hülsenfrucht, formrelevanter Prüfhinweis aus der vollständigen Definition: »Produktform bleibt wählbar«. Regelweg in Bornheim über die gewöhnliche Bornheimer Auslage »Hülsenfrucht-, Konserven- oder Trockenwarenregal«.","EASY","Hülsenfrüchte: gewöhnlicher lokaler Bezugsweg über den Bereich »Hülsenfrucht-, Konserven- oder Trockenwarenregal«.","OPTIONAL","Hülsenfrüchte | Form: Produktform bleibt wählbar | Bornheim Hülsenfrucht-, Konserven- oder Trockenwarenregal gewöhnlicher Handel",""
"LEMON","Zitrone","APPLICABLE","Zitrone mit aromatischer Schale und deutlich saurem Saft; Fruchtfleisch und unbehandelte Schale sind ebenfalls nutzbar.","GENERAL_LOCAL","Katalogpfad Zitrusfrucht → Obst. Warengruppe Obst, formrelevanter Prüfhinweis aus der vollständigen Definition: »Fruchtfleisch und unbehandelte Schale sind ebenfalls nutzbar«. Regelweg in Bornheim über den lokalen Supermarktbereich »Obst- und Gemüseabteilung« in Bornheim.","EASY","Zitrone: gewöhnlicher lokaler Bezugsweg über den Bereich »Obst- und Gemüseabteilung«.","OPTIONAL","Zitrone | Form: Fruchtfleisch und unbehandelte Schale sind ebenfalls nutzbar | Bornheim Obst- und Gemüseabteilung gewöhnlicher Handel",""
"LEMONGRASS","Zitronengras","APPLICABLE","Faserige aromatische Halme mit klarem Zitronenduft; meist angedrückt, fein geschnitten oder zum Mitkochen verwendet.","GENERAL_BROAD","Katalogpfad Kräuter und Würzblätter. Warengruppe frisches Würzkraut, formrelevanter Prüfhinweis aus der vollständigen Definition: »meist angedrückt, fein geschnitten oder zum Mitkochen verwendet«. Allgemein planbarer, aber nicht lokal garantierter Weg über eine vorab zu prüfendes Sortiment im Bereich »frische Kräuterabteilung« eines großen Bornheimer Markts.","PLANNED","Zitronengras ist über ein vorab zu prüfendes Sortiment im Bereich »frische Kräuterabteilung« eines großen Bornheimer Markts im allgemeinen deutschen Handel planbar, lokal aber kein verlässlicher Standardartikel.","OPTIONAL","Zitronengras | Form: meist angedrückt, fein geschnitten oder zum Mitkochen verwendet | Bornheim gezielter Einkauf Deutschland frische Kräuterabteilung",""
"LENTILS","Linsen","APPLICABLE","Linsen als kleine trockene Hülsenfrüchte; Sorte, Farbe und Formstabilität bleiben offen.","GENERAL_LOCAL","Katalogpfad Hülsenfrüchte. Warengruppe Hülsenfrucht, formrelevanter Prüfhinweis aus der vollständigen Definition: »Sorte, Farbe und Formstabilität bleiben offen«. Regelweg in Bornheim über den regulären Bornheimer Regalweg »Hülsenfrucht-, Konserven- oder Trockenwarenregal«.","EASY","Linsen: gewöhnlicher lokaler Bezugsweg über den Bereich »Hülsenfrucht-, Konserven- oder Trockenwarenregal«.","OPTIONAL","Linsen | Form: Sorte, Farbe und Formstabilität bleiben offen | Bornheim Hülsenfrucht-, Konserven- oder Trockenwarenregal gewöhnlicher Handel",""
"LETTUCE","Kopfsalat","APPLICABLE","Kopfsalat mit zarten bis knackigen Blättern und mildem Geschmack; nicht die gesamte Blattsalatfamilie.","GENERAL_LOCAL","Katalogpfad Blattsalat → Blattgemüse → Gemüse. Warengruppe Gemüse oder Pilz, formrelevanter Prüfhinweis aus der vollständigen Definition: »nicht die gesamte Blattsalatfamilie«. Regelweg in Bornheim über das örtliche Sortiment »Obst- und Gemüseabteilung« beim Wocheneinkauf in Bornheim.","EASY","Kopfsalat: gewöhnlicher lokaler Bezugsweg über den Bereich »Obst- und Gemüseabteilung«.","OPTIONAL","Kopfsalat | Form: nicht die gesamte Blattsalatfamilie | Bornheim Obst- und Gemüseabteilung gewöhnlicher Handel",""
"LIEGE_SYRUP","Sirop de Liège","APPLICABLE","Dick eingekochter belgischer Apfel-/Birnen-Fruchtsirup beziehungsweise Fruchtaufstrich nach Lütticher Tradition. Kein Markenbegriff; Zuckerzusatz und konkrete Fruchtanteile können variieren. Nicht mit dünnflüssigem Getränkesirup oder beliebigem Fruchtsirup gleichsetzen.","NICHE_IMPORT","Katalogpfad konservierte pflanzliche Zutat → Sirup → Süßungsmittel. Warengruppe konservierte Pflanzenware, formrelevanter Prüfhinweis aus der vollständigen Definition: »Nicht mit dünnflüssigem Getränkesirup oder beliebigem Fruchtsirup gleichsetzen«. Nur der schmale Händlerweg über Belgoshop – Meurens Original Lütticher Sirup ist positiv belegt; Standardversand begrenzt Form, Bestand oder Logistik.","DIFFICULT","Sirop de Liège: Nur der schmale Händlerweg über Belgoshop – Meurens Original Lütticher Sirup ist positiv belegt; Standardversand begrenzt Form, Bestand oder Logistik.","REQUIRED","Sirop de Liège | Form: Nicht mit dünnflüssigem Getränkesirup oder beliebigem Fruchtsirup gleichsetzen | Deutschland EU Exakttreffer Bestand Logistik konservierte Pflanzenware | geprüfte Quellen: Belgoshop – Meurens Original Lütticher Sirup","EVIDENCE_REQUIRED|BORDERLINE_PLANNED|RATING_RECONCILED_V2"
"LIEGE_WAFFLE","Lütticher Waffel","APPLICABLE","Kleinere, kompakte belgische Waffel nach Lütticher Art mit eingebackenem Perl- beziehungsweise Hagelzucker und typischerweise karamellisierten Rändern. Nicht mit der größeren, luftigen Brüsseler Waffel gleichsetzen.","GENERAL_BROAD","Morgenmarkt – Gut & Günstig Lütticher Zuckerwaffeln 550 g belegt formgenau: Morgenmarkt bietet belgische Lütticher Zuckerwaffeln der allgemeinen Handelsmarke Gut & Günstig als sofort verfügbare 550-g-Packung an. Für Georgia in Bornheim gilt: Deutscher Online-Lebensmittelversand nach Bornheim und Rostock; Logistik STANDARD_SHIPPING. Die Seite nennt Zuckeranteil und Herkunft, aber die Stückchenform nur im Produktnamen; die bestehende REWE-Seite belegt ergänzend ausdrücklich Perlzucker.","PLANNED","Lütticher Waffel: Morgenmarkt bietet belgische Lütticher Zuckerwaffeln der allgemeinen Handelsmarke Gut & Günstig als sofort verfügbare 550-g-Packung an.","REQUIRED","Gut und Günstig Lütticher Zuckerwaffeln 550 g Morgenmarkt sofort verfügbar | Georgia in Bornheim | IN_STOCK STANDARD_SHIPPING","EVIDENCE_REQUIRED|BORDERLINE_PLANNED"
"LIGHT_SOY_SAUCE","helle Sojasauce","APPLICABLE","Dünnflüssige salzige Sojasauce für Würze und Umami; nicht die süßlichere dunkle Sojasauce.","GENERAL_BROAD","Katalogpfad Sojasauce → fermentierte Würzzutat → fertige Sauce oder Würzpaste → Sauce, Würzmittel oder Paste. Warengruppe Sauce oder Würzpaste, formrelevanter Prüfhinweis aus der vollständigen Definition: »nicht die süßlichere dunkle Sojasauce«. Für den Warenzugang nutzt Georgia „Saucen-, Würzpasten- und Feinkostregal über eine deutsche Versandroute mit geprüftem Artikel“.","PLANNED","helle Sojasauce: Für den Warenzugang nutzt Georgia „Saucen-, Würzpasten- und Feinkostregal über eine deutsche Versandroute mit geprüftem Artikel“.","OPTIONAL","helle Sojasauce | Form: nicht die süßlichere dunkle Sojasauce | Bornheim gezielter Einkauf Deutschland Saucen-, Würzpasten- und Feinkostregal",""
"LIME","Limette","APPLICABLE","Limette mit intensiv aromatischer Schale und saurem Saft; konkrete Sorte bleibt offen.","GENERAL_LOCAL","Katalogpfad Zitrusfrucht → Obst. Warengruppe Obst, formrelevanter Prüfhinweis aus der vollständigen Definition: »konkrete Sorte bleibt offen«. Regelweg in Bornheim über den lokalen Supermarktbereich »Obst- und Gemüseabteilung« in Bornheim.","EASY","Limette: gewöhnlicher lokaler Bezugsweg über den Bereich »Obst- und Gemüseabteilung«.","OPTIONAL","Limette | Form: konkrete Sorte bleibt offen | Bornheim Obst- und Gemüseabteilung gewöhnlicher Handel",""
"LINGONBERRY","Preiselbeeren","APPLICABLE","Preiselbeeren mit herber Säure; frisch oder ungesüßt tiefgekühlt gemeint, nicht Konfitüre.","GENERAL_BROAD","Katalogpfad Beeren → Obst. Warengruppe Obst, formrelevanter Prüfhinweis aus der vollständigen Definition: »frisch oder ungesüßt tiefgekühlt gemeint, nicht Konfitüre«. Allgemein planbarer, aber nicht lokal garantierter Weg über eine konkrete Vorbestellung oder Bestandsabfrage für Obst.","PLANNED","Preiselbeeren ist über eine konkrete Vorbestellung oder Bestandsabfrage für Obst im allgemeinen deutschen Handel planbar, lokal aber kein verlässlicher Standardartikel.","OPTIONAL","Preiselbeeren | Form: frisch oder ungesüßt tiefgekühlt gemeint, nicht Konfitüre | Bornheim gezielter Einkauf Deutschland Obst- und Gemüseabteilung",""
"LINGONBERRY_PRESERVES","Preiselbeer-Konfitüre/-kompott","APPLICABLE","Gesüßte Preiselbeerzubereitung wie Konfitüre, Kompott oder gerührte Preiselbeeren; nicht die ungesüßte frische Beere.","GENERAL_LOCAL","Katalogpfad Preiselbeeren → konservierte pflanzliche Zutat → Beeren → Obst. Warengruppe konservierte Pflanzenware, formrelevanter Prüfhinweis aus der vollständigen Definition: »nicht die ungesüßte frische Beere«. Regelweg in Bornheim über die gewöhnliche Bornheimer Auslage »Konserven-, Glas- oder internationales Feinkostregal«.","EASY","Preiselbeer-Konfitüre/-kompott: gewöhnlicher lokaler Bezugsweg über den Bereich »Konserven-, Glas- oder internationales Feinkostregal«.","OPTIONAL","Preiselbeer-Konfitüre/-kompott | Form: nicht die ungesüßte frische Beere | Bornheim Konserven-, Glas- oder internationales Feinkostregal gewöhnlicher Handel","RATING_RECONCILED_V2"
"LIQUORICE","Lakritz","APPLICABLE","Lakritzware mit süßen und salzigen Ausprägungen, auch als Kochzutat verwendbar; nicht Süßholzwurzel oder reiner Lakritzextrakt.","GENERAL_LOCAL","Katalogpfad Süßware. Warengruppe Süßungs- oder Kakaoware, formrelevanter Prüfhinweis aus der vollständigen Definition: »nicht Süßholzwurzel oder reiner Lakritzextrakt«. Regelweg in Bornheim über den lokalen Supermarktbereich »Backzutaten-, Süßwaren- oder Kakaoregal« in Bornheim.","EASY","Lakritz: Gewöhnliche Lakritzware ist im allgemeinen Süßwarensortiment zuverlässig erhältlich.","OPTIONAL","Lakritz | Form: nicht Süßholzwurzel oder reiner Lakritzextrakt | Bornheim Backzutaten-, Süßwaren- oder Kakaoregal gewöhnlicher Handel","REFERENCE_ANCHOR"
"LIVER_PATE","Leberpastete","APPLICABLE","Streichfähige Pastete auf Leberbasis; umfasst typische Schweine-, Geflügel- und vergleichbare Leberpasteten, nicht reine Leber und nicht automatisch Leberwurst.","GENERAL_LOCAL","Katalogpfad Innereien → Fleisch. Warengruppe Fleisch, formrelevanter Prüfhinweis aus der vollständigen Definition: »umfasst typische Schweine-, Geflügel- und vergleichbare Leberpasteten, nicht reine Leber und nicht automatisch Leberwurst«. Regelweg in Bornheim über ortsübliche Vollsortimenter rund um Bornheim, konkret im Bereich »Fleischkühlung oder Bedientheke«.","EASY","Leberpastete: gewöhnlicher lokaler Bezugsweg über den Bereich »Fleischkühlung oder Bedientheke«.","OPTIONAL","Leberpastete | Form: umfasst typische Schweine-, Geflügel- und vergleichbare Leberpasteten, nicht reine Leber und nicht automatisch Leberwurst | Bornheim Fleischkühlung oder Bedientheke gewöhnlicher Handel",""
"LIVER_SAUSAGE","Leberwurst","APPLICABLE","Leberhaltige Koch- oder Streichwurst; Tierart, Körnung und Rezeptur können variieren. Nicht mit Leberpastete gleichsetzen.","GENERAL_LOCAL","Katalogpfad Innereien → Wurst → Fleisch. Warengruppe Wurst oder Pökelfleisch, formrelevanter Prüfhinweis aus der vollständigen Definition: »Nicht mit Leberpastete gleichsetzen«. Regelweg in Bornheim über die gewöhnliche Bornheimer Auslage »Wurstkühlung oder Bedientheke«.","EASY","Leberwurst: gewöhnlicher lokaler Bezugsweg über den Bereich »Wurstkühlung oder Bedientheke«.","OPTIONAL","Leberwurst | Form: Nicht mit Leberpastete gleichsetzen | Bornheim Wurstkühlung oder Bedientheke gewöhnlicher Handel",""
"LOBSTER","Hummer","APPLICABLE","Hummer mit festem, süßlichem Fleisch aus Schwanz und Scheren; ganz, ausgelöst, frisch oder tiefgekühlt verwendbar.","SPECIALTY_BROAD","Katalogpfad Krustentiere → wirbellose Tiere → Schalen- und Krustentiere → Fisch und Meeresfrüchte. Warengruppe Fisch oder Meeresfrucht, formrelevanter Prüfhinweis aus der vollständigen Definition: »ganz, ausgelöst, frisch oder tiefgekühlt verwendbar«. Breiter einschlägiger Spezialmarkt über den freigegebenen v2-Anker mit dem Kerngrund »Hummer verlangt den einschlägigen Seafood-Spezialmarkt und besitzt keinen hinreichend breiten allgemeinen PLANNED-Weg«.","SPECIALTY","Hummer: Hummer verlangt den einschlägigen Seafood-Spezialmarkt und besitzt keinen hinreichend breiten allgemeinen PLANNED-Weg.","REQUIRED","Hummer | Form: ganz, ausgelöst, frisch oder tiefgekühlt verwendbar | Deutschland unabhängige Spezialhändler Fisch oder Meeresfrucht | freigegebener v2-Anker","REFERENCE_ANCHOR|EVIDENCE_REQUIRED"
"LONGGANISA","Longganisa","APPLICABLE","Offene philippinische Wurstfamilie mit regional stark unterschiedlichen Rezepturen, von süßlichen bis kräftig knoblauchbetonten Varianten. Üblicherweise, aber nicht zwingend, aus Schweinefleisch; keine bestimmte regionale Longganisa wird vorausgesetzt.","NICHE_IMPORT","Katalogpfad Wurst → Fleisch. Warengruppe Wurst oder Pökelfleisch, formrelevanter Prüfhinweis aus der vollständigen Definition: »keine bestimmte regionale Longganisa wird vorausgesetzt«. Der v2-Anker hält den Engpass fest: Philippinische Kühl-/TK-Wurst über wenige nationale Spezialhändler wechselnde Sorten, Bestand und Kühlweg verhindern breite Spezialmarktannahme.","DIFFICULT","Die offene Longganisa-Wurstfamilie bleibt auf wenige philippinische Kühl- und TK-Händler mit wechselnden Sorten und Beständen beschränkt.","REQUIRED","Longganisa | Form: keine bestimmte regionale Longganisa wird vorausgesetzt | Deutschland EU Exakttreffer Bestand Logistik Wurst oder Pökelfleisch | freigegebener v2-Anker","REFERENCE_ANCHOR|EVIDENCE_REQUIRED|FORM_OR_ROUTE_FRAGILE"
"LOTUS_ROOT","Lotuswurzel","APPLICABLE","Rhizom der Lotuspflanze mit charakteristischen Hohlkammern und knackiger Textur; frisch, tiefgekühlt oder schlicht konserviert.","SPECIALTY_BROAD","Katalogpfad Wurzel- und Knollengemüse → Gemüse. Warengruppe Gemüse oder Pilz, formrelevanter Prüfhinweis aus der vollständigen Definition: »frisch, tiefgekühlt oder schlicht konserviert«. Breiter einschlägiger Spezialmarkt über die voneinander unabhängigen Händler Asia4Friends – Gemüse sowie Asia Moin – Obst und Gemüse.","SPECIALTY","Lotuswurzel ist im einschlägigen Spezialmarkt breit etabliert; dokumentierte reguläre Wege sind die voneinander unabhängigen Händler Asia4Friends – Gemüse sowie Asia Moin – Obst und Gemüse.","REQUIRED","Lotuswurzel | Form: frisch, tiefgekühlt oder schlicht konserviert | Deutschland unabhängige Spezialhändler Gemüse oder Pilz | geprüfte Quellen: Asia4Friends – Gemüse ; Asia Moin – Obst und Gemüse","EVIDENCE_REQUIRED"
"LOTUS_SEEDS","Lotussamen","APPLICABLE","Essbare reife Lotussamen mit mild-nussigem, leicht süßlichem Geschmack; frisch, getrocknet oder vorgegart für Suppen, Reisgerichte, Füllungen und Süßspeisen. Nicht Lotuswurzel oder der bittere Keim als eigenes Produkt.","SPECIALTY_BROAD","Katalogpfad Kerne und Samen. Warengruppe Nuss, Saat oder Mus, formrelevanter Prüfhinweis aus der vollständigen Definition: »Nicht Lotuswurzel oder der bittere Keim als eigenes Produkt«. Breiter einschlägiger Spezialmarkt über die voneinander unabhängigen Händler Asia4Friends – Gewürze/Trockenwaren sowie AsiaFoodland – Trockenwaren.","SPECIALTY","Lotussamen ist im einschlägigen Spezialmarkt breit etabliert; dokumentierte reguläre Wege sind die voneinander unabhängigen Händler Asia4Friends – Gewürze/Trockenwaren sowie AsiaFoodland – Trockenwaren.","REQUIRED","Lotussamen | Form: Nicht Lotuswurzel oder der bittere Keim als eigenes Produkt | Deutschland unabhängige Spezialhändler Nuss, Saat oder Mus | geprüfte Quellen: Asia4Friends – Gewürze/Trockenwaren ; AsiaFoodland – Trockenwaren","EVIDENCE_REQUIRED"
"LOVAGE","Liebstöckel","APPLICABLE","Liebstöckelblätter mit kräftigem sellerieartig-würzigem Aroma; frisch oder sparsam getrocknet, nicht Maggi-Würze.","GENERAL_BROAD","Ankerkraut – Liebstöckel getrocknet und gerebelt 15 g belegt formgenau: Ankerkraut führt reinen getrockneten und gerebelten Liebstöckel im 15-g-Glas als auf Lager und in den Warenkorb legbar. Für Georgia in Bornheim gilt: Deutschlandweiter Standardversand nach Bornheim und Rostock; 5–10 Werktage; Logistik STANDARD_SHIPPING. Die Route belegt sparsam dosierbare Trockenblätter, nicht frischen Kerbel und nicht flüssige Maggi-Würze.","PLANNED","Liebstöckel: Ankerkraut führt reinen getrockneten und gerebelten Liebstöckel im 15-g-Glas als auf Lager und in den Warenkorb legbar.","OPTIONAL","Ankerkraut Liebstöckel getrocknet gerebelt 15 g auf Lager | Georgia in Bornheim | IN_STOCK STANDARD_SHIPPING",""
"LUPIN","Lupinen","APPLICABLE","Essbare, fachgerecht entbitterte Lupinensamen beziehungsweise schlichtes Lupinenprodukt; nicht rohe bittere Samen.","GENERAL_BROAD","Katalogpfad Hülsenfrüchte. Warengruppe Hülsenfrucht, formrelevanter Prüfhinweis aus der vollständigen Definition: »nicht rohe bittere Samen«. Allgemein planbarer, aber nicht lokal garantierter Weg über einen vorbereiteten Einkauf im gut sortierten Bereich »Hülsenfrucht-, Konserven- oder Trockenwarenregal«.","PLANNED","Lupinen ist über einen vorbereiteten Einkauf im gut sortierten Bereich »Hülsenfrucht-, Konserven- oder Trockenwarenregal« im allgemeinen deutschen Handel planbar, lokal aber kein verlässlicher Standardartikel.","OPTIONAL","Lupinen | Form: nicht rohe bittere Samen | Bornheim gezielter Einkauf Deutschland Hülsenfrucht-, Konserven- oder Trockenwarenregal",""
"LUTEFISK","Lutefisk","APPLICABLE","Aus getrocknetem Weißfisch durch Wässern und Laugenbehandlung hergestelltes und anschließend gründlich gespültes, küchenfertiges Fischprodukt nach Lutefisk-Art. Nicht trockener Stockfisch, Lauge oder das fertig zubereitete Gericht.","NICHE_IMPORT","Katalogpfad konservierter Fisch → Fisch → Fisch und Meeresfrüchte. Warengruppe konservierter Fisch, formrelevanter Prüfhinweis aus der vollständigen Definition: »Nicht trockener Stockfisch, Lauge oder das fertig zubereitete Gericht«. Die Prüfungen bei Scandinavian Online Store – Food ergaben keinen aktuellen Exakttreffer; Importbeschränkung und die enge Produktform begrenzen den Markt.","DIFFICULT","Für küchenfertigen Lutefisk ist im geprüften deutschen und erreichbaren EU-Endkundenhandel kein aktueller positiver Produktweg belegt.","REQUIRED","Lutefisk | Form: Nicht trockener Stockfisch, Lauge oder das fertig zubereitete Gericht | Deutschland EU Exakttreffer Bestand Logistik konservierter Fisch | geprüfte Quellen: Scandinavian Online Store – Food","EVIDENCE_REQUIRED|FORM_OR_ROUTE_FRAGILE"
"LYCHEE","Litschi","APPLICABLE","Litschi mit saftigem, floral-süßem Fruchtfleisch; frisch oder schlicht konserviert, ohne Schale und Kern.","GENERAL_BROAD","Katalogpfad Tropenfrucht → Obst. Warengruppe Obst, formrelevanter Prüfhinweis aus der vollständigen Definition: »frisch oder schlicht konserviert, ohne Schale und Kern«. Allgemein planbarer, aber nicht lokal garantierter Weg über einen vorbereiteten Einkauf im gut sortierten Bereich »Obst- und Gemüseabteilung«.","PLANNED","Litschi ist über einen vorbereiteten Einkauf im gut sortierten Bereich »Obst- und Gemüseabteilung« im allgemeinen deutschen Handel planbar, lokal aber kein verlässlicher Standardartikel.","OPTIONAL","Litschi | Form: frisch oder schlicht konserviert, ohne Schale und Kern | Bornheim gezielter Einkauf Deutschland Obst- und Gemüseabteilung",""
"MACADAMIA","Macadamianüsse","APPLICABLE","Sehr fettreiche, cremig-knackige Macadamianüsse mit mild-buttrigem Geschmack; natur oder geröstet verwendbar.","GENERAL_LOCAL","Katalogpfad Nüsse. Warengruppe Nuss, Saat oder Mus, formrelevanter Prüfhinweis aus der vollständigen Definition: »natur oder geröstet verwendbar«. Regelweg in Bornheim über den regulären Bornheimer Regalweg »Nuss-, Saaten- oder Nussmusregal«.","EASY","Macadamianüsse: gewöhnlicher lokaler Bezugsweg über den Bereich »Nuss-, Saaten- oder Nussmusregal«.","OPTIONAL","Macadamianüsse | Form: natur oder geröstet verwendbar | Bornheim Nuss-, Saaten- oder Nussmusregal gewöhnlicher Handel","RATING_RECONCILED_V2"
"MACAPUNO","Macapuno","APPLICABLE","Weiches bis gelatinöses Endosperm einer besonderen Kokosnussausprägung; frisch, tiefgekühlt oder konserviert verwendbar. Nicht gewöhnliches Kokosfleisch, Kokoscreme oder bloß mit Kokos aromatisierte Süßware.","SPECIALTY_BROAD","Katalogpfad Kokosnuss → Kokoszutat → Tropenfrucht → Obst. Warengruppe Obst, formrelevanter Prüfhinweis aus der vollständigen Definition: »Nicht gewöhnliches Kokosfleisch, Kokoscreme oder bloß mit Kokos aromatisierte Süßware«. Breiter einschlägiger Spezialmarkt über die voneinander unabhängigen Händler PinoyFood – Manila Macapuno sowie Pilipino Business – Macapuno Coco Sport.","SPECIALTY","Macapuno ist im einschlägigen Spezialmarkt breit etabliert; dokumentierte reguläre Wege sind die voneinander unabhängigen Händler PinoyFood – Manila Macapuno sowie Pilipino Business – Macapuno Coco Sport.","REQUIRED","Macapuno | Form: Nicht gewöhnliches Kokosfleisch, Kokoscreme oder bloß mit Kokos aromatisierte Süßware | Deutschland unabhängige Spezialhändler Obst | geprüfte Quellen: PinoyFood – Manila Macapuno ; Pilipino Business – Macapuno Coco Sport","EVIDENCE_REQUIRED|FORM_OR_ROUTE_FRAGILE|RATING_RECONCILED_V2"
"MACKEREL","Makrele","APPLICABLE","Makrele als fettreicher Fisch mit kräftigem Eigengeschmack; frisch oder tiefgekühlt, nicht automatisch geräuchert.","GENERAL_BROAD","Deutsche See – Makrele TK belegt: Die aktuell verfügbare Makrele ist ausgenommen, mit Kopf und Haut tiefgefroren; sie belegt ausdrücklich die unveredelte Kochform statt Räucherware. Der Bezug erfolgt über Deutschland und Österreich; tiefgekühlte GO!-Express-Lieferung zum Wunschtermin; maßgeblich ist FROZEN_SHIPPING. Gewicht und Stückgröße schwanken naturbedingt; die Tiefkühlzustellung muss terminiert werden.","PLANNED","Makrele: Die aktuell verfügbare Makrele ist ausgenommen, mit Kopf und Haut tiefgefroren; sie belegt ausdrücklich die unveredelte Kochform statt Räucherware.","REQUIRED","Makrele ganz ausgenommen mit Kopf tiefgekühlt Deutsche See verfügbar nicht geräuchert | Georgia Bornheim Rheinland | Deutsche See – Makrele TK | IN_STOCK FROZEN_SHIPPING","EVIDENCE_REQUIRED|BORDERLINE_PLANNED|RATING_RECONCILED_V2"
"MAGGI_SEASONING","Maggi-Würze","APPLICABLE","Dunkle flüssige Würzsauce nach Maggi-Art mit salzig-würzigem Umami; nicht Liebstöckel, Sojasauce oder Brühwürfel.","GENERAL_LOCAL","Katalogpfad fertige Sauce oder Würzpaste → Sauce, Würzmittel oder Paste. Warengruppe Sauce oder Würzpaste, formrelevanter Prüfhinweis aus der vollständigen Definition: »nicht Liebstöckel, Sojasauce oder Brühwürfel«. Regelweg in Bornheim über den regulären Bornheimer Regalweg »Saucen-, Würzpasten- und Feinkostregal«.","EASY","Maggi-Würze: gewöhnlicher lokaler Bezugsweg über den Bereich »Saucen-, Würzpasten- und Feinkostregal«.","OPTIONAL","Maggi-Würze | Form: nicht Liebstöckel, Sojasauce oder Brühwürfel | Bornheim Saucen-, Würzpasten- und Feinkostregal gewöhnlicher Handel",""
"MAITAKE","Maitake","APPLICABLE","Maitake beziehungsweise Klapperschwamm mit vielgliedrigen Büscheln und kräftig-würzigem Pilzaroma.","GENERAL_BROAD","Maitake: Obstwelt bietet frische Maitake beziehungsweise Klapperschwämme mit Warenkorb und bundesweitem Frischeversand an. Profilbezug Georgia: Bornheim beziehungsweise der planbare allgemeine deutsche Bezug; Köln oder Düsseldorf werden nicht als lokaler EASY-Weg gewertet.","PLANNED","Maitake: Obstwelt bietet frische Maitake beziehungsweise Klapperschwämme mit Warenkorb und bundesweitem Frischeversand an.","REQUIRED","Maitake Klapperschwamm frisch Pilzbüschel Obstwelt Frischeversand; Georgia Bornheim konkrete Produktseite Bestand Logistik 2026-09-04","EVIDENCE_REQUIRED|BORDERLINE_PLANNED"
"MALT_VINEGAR","Malzessig","APPLICABLE","Essig aus vermälztem Getreide mit malzig-röstigem Aroma; nicht Bier oder chinesischer schwarzer Essig.","GENERAL_BROAD","Katalogpfad Essig. Die REWE-Produktseite für Sarson's Malzessig nennt Gerstenmalzessig und Gerstenmalzextrakt; Georgia kann das konkrete Kettenprodukt im Raum Bornheim standortbezogen prüfen.","PLANNED","Malzessig: Die REWE-Produktseite für Sarson's Malzessig nennt Gerstenmalzessig und Gerstenmalzextrakt; Georgia kann das konkrete Kettenprodukt im Raum Bornheim standortbezogen prüfen.","REQUIRED","Sarson's Malzessig 250 ml | REWE Gerstenmalzessig Gerstenmalzextrakt | Bornheim Standort Bestand","EVIDENCE_REQUIRED|BORDERLINE_PLANNED"
"MAM_NEM","Mắm nêm","APPLICABLE","Kräftige vietnamesische Würzpaste aus salzfermentiertem, weitgehend unfiltriertem Fisch, häufig Sardellen. Handelsprodukte können bereits mit Ananas, Zucker, Chili oder Aromaten abgeschmeckt sein; nicht flüssige Fischsauce.","SPECIALTY_BROAD","Katalogpfad fermentierte Würzzutat → fertige Sauce oder Würzpaste → Sauce, Würzmittel oder Paste. Warengruppe Sauce oder Würzpaste, formrelevanter Prüfhinweis aus der vollständigen Definition: »nicht flüssige Fischsauce«. Breiter einschlägiger Spezialmarkt über den freigegebenen v2-Anker mit dem Kerngrund »Exakte Produkte sind bei mehreren unabhängigen deutschen, niederländischen und breiter aufgestellten Asia-Händlern regulär gelistet damit breiter Spezialmarkt, nicht bloß ein einzelner Vietnam-Importeur«.","SPECIALTY","Mắm nêm: Exakte Produkte sind bei mehreren unabhängigen deutschen, niederländischen und breiter aufgestellten Asia-Händlern regulär gelistet; damit breiter Spezialmarkt, nicht bloß ein einzelner Vietnam-Importeur.","REQUIRED","Mắm nêm | Form: nicht flüssige Fischsauce | Deutschland unabhängige Spezialhändler Sauce oder Würzpaste | freigegebener v2-Anker","REFERENCE_ANCHOR|EVIDENCE_REQUIRED"
"MAM_RUOC","Mắm ruốc","APPLICABLE","Vietnamesische fermentierte Garnelenpaste mit intensiv salzigem Aroma, meist sparsam als Würze verwendet. Nicht mit Mắm tôm gleichsetzen; regionale Produktbezeichnungen und Übergänge können sich jedoch überschneiden.","NICHE_IMPORT","Katalogpfad Garnelenpaste → fermentierte Würzzutat → fertige Sauce oder Würzpaste → Sauce, Würzmittel oder Paste. Warengruppe Sauce oder Würzpaste, formrelevanter Prüfhinweis aus der vollständigen Definition: »regionale Produktbezeichnungen und Übergänge können sich jedoch überschneiden«. Der v2-Anker hält den Engpass fest: Nur wenige vietnamesisch ausgerichtete Händler führen die exakte fermentierte Würze der Markt ist national nischig.","DIFFICULT","Mắm ruốc: Nur wenige vietnamesisch ausgerichtete Händler führen die exakte fermentierte Würze; der Markt ist national nischig.","REQUIRED","Mắm ruốc | Form: regionale Produktbezeichnungen und Übergänge können sich jedoch überschneiden | Deutschland EU Exakttreffer Bestand Logistik Sauce oder Würzpaste | freigegebener v2-Anker","REFERENCE_ANCHOR|EVIDENCE_REQUIRED|FORM_OR_ROUTE_FRAGILE"
"MAM_TOM","Mắm tôm","APPLICABLE","Sehr kräftige vietnamesische fermentierte Garnelenpaste, besonders als Dip zu Bún đậu und als Würze zu Chả cá bekannt. Nicht mit Mắm ruốc gleichsetzen; regionale Produktbezeichnungen und Übergänge können sich jedoch überschneiden.","SPECIALTY_BROAD","Katalogpfad Garnelenpaste → fermentierte Würzzutat → fertige Sauce oder Würzpaste → Sauce, Würzmittel oder Paste. Warengruppe Sauce oder Würzpaste, formrelevanter Prüfhinweis aus der vollständigen Definition: »regionale Produktbezeichnungen und Übergänge können sich jedoch überschneiden«. Breiter einschlägiger Spezialmarkt über den freigegebenen v2-Anker mit dem Kerngrund »Exakte Mắm-tôm-Produkte werden von mehreren unabhängigen deutschen Asia-Händlern regulär angeboten national geprägt aber inzwischen ausreichend breit im einschlägigen Spezialmarkt«.","SPECIALTY","Mắm tôm: Exakte Mắm-tôm-Produkte werden von mehreren unabhängigen deutschen Asia-Händlern regulär angeboten; national geprägt aber inzwischen ausreichend breit im einschlägigen Spezialmarkt.","REQUIRED","Mắm tôm | Form: regionale Produktbezeichnungen und Übergänge können sich jedoch überschneiden | Deutschland unabhängige Spezialhändler Sauce oder Würzpaste | freigegebener v2-Anker","REFERENCE_ANCHOR|EVIDENCE_REQUIRED"
"MANCHEGO","Manchego","APPLICABLE","Spanischer Käse aus Manchega-Schafmilch aus La Mancha; nicht generisch jeder Schafskäse.","GENERAL_BROAD","jamon.de – Manchego Curado D.O. zwölf Monate 200 g belegt formgenau: jamon.de führt D.O.-Manchego aus Milch von Manchega-Schafen als festen, zwölf Monate gereiften 200-g-Käse auf Lager. Für Georgia in Bornheim gilt: Deutschlandweiter Versand vakuumierter Kühlware nach Bornheim und Rostock; Logistik CHILLED_SHIPPING. Die Curado-Ausführung belegt nicht jede Manchego-Reifestufe; Vakuum- und Kühltransport bleiben erforderlich.","PLANNED","Manchego: jamon.de führt D.O.-Manchego aus Milch von Manchega-Schafen als festen, zwölf Monate gereiften 200-g-Käse auf Lager.","REQUIRED","Manchego Curado D.O. zwölf Monate Manchega Schafmilch jamon.de Lager | Georgia in Bornheim | IN_STOCK CHILLED_SHIPPING","EVIDENCE_REQUIRED|BORDERLINE_PLANNED"
"MANDARIN","Mandarine","APPLICABLE","Mandarine als leicht schälbare, süß-aromatische Zitrusfrucht; Clementinen und ähnliche handelsübliche Formen sind umfasst.","GENERAL_LOCAL","Katalogpfad Zitrusfrucht → Obst. Warengruppe Obst, formrelevanter Prüfhinweis aus der vollständigen Definition: »Clementinen und ähnliche handelsübliche Formen sind umfasst«. Regelweg in Bornheim über ortsübliche Vollsortimenter rund um Bornheim, konkret im Bereich »Obst- und Gemüseabteilung«.","EASY","Mandarine: gewöhnlicher lokaler Bezugsweg über den Bereich »Obst- und Gemüseabteilung«.","OPTIONAL","Mandarine | Form: Clementinen und ähnliche handelsübliche Formen sind umfasst | Bornheim Obst- und Gemüseabteilung gewöhnlicher Handel",""
"MANGO","Mango","APPLICABLE","Mango mit saftigem, süß-aromatischem Fruchtfleisch; Sorte und Reifegrad bleiben offen.","GENERAL_LOCAL","Katalogpfad Tropenfrucht → Obst. Warengruppe Obst, formrelevanter Prüfhinweis aus der vollständigen Definition: »Sorte und Reifegrad bleiben offen«. Regelweg in Bornheim über das örtliche Sortiment »Obst- und Gemüseabteilung« beim Wocheneinkauf in Bornheim.","EASY","Mango: gewöhnlicher lokaler Bezugsweg über den Bereich »Obst- und Gemüseabteilung«.","OPTIONAL","Mango | Form: Sorte und Reifegrad bleiben offen | Bornheim Obst- und Gemüseabteilung gewöhnlicher Handel",""
"MAPLE_SYRUP","Ahornsirup","APPLICABLE","Eingekochter Saft des Zuckerahorns mit karamellig-holzigem Aroma; nicht künstlich aromatisierter Pancake-Sirup.","GENERAL_LOCAL","Katalogpfad Sirup → Süßungsmittel. Warengruppe Süßungs- oder Kakaoware, formrelevanter Prüfhinweis aus der vollständigen Definition: »nicht künstlich aromatisierter Pancake-Sirup«. Regelweg in Bornheim über ortsübliche Vollsortimenter rund um Bornheim, konkret im Bereich »Backzutaten-, Süßwaren- oder Kakaoregal«.","EASY","Ahornsirup: gewöhnlicher lokaler Bezugsweg über den Bereich »Backzutaten-, Süßwaren- oder Kakaoregal«.","OPTIONAL","Ahornsirup | Form: nicht künstlich aromatisierter Pancake-Sirup | Bornheim Backzutaten-, Süßwaren- oder Kakaoregal gewöhnlicher Handel",""
"MARJORAM","Majoran","APPLICABLE","Majoranblätter mit warmem, leicht süßlichem und herbem Aroma; frisch oder getrocknet verwendbar.","GENERAL_LOCAL","Katalogpfad Kräuter und Würzblätter. Warengruppe frisches Würzkraut, formrelevanter Prüfhinweis aus der vollständigen Definition: »frisch oder getrocknet verwendbar«. Regelweg in Bornheim über den Bereich »frische Kräuterabteilung« eines gewöhnlichen Bornheimer Vollsortimenters.","EASY","Majoran: gewöhnlicher lokaler Bezugsweg über den Bereich »frische Kräuterabteilung«.","OPTIONAL","Majoran | Form: frisch oder getrocknet verwendbar | Bornheim frische Kräuterabteilung gewöhnlicher Handel",""
"MARSALA","Marsala","APPLICABLE","Aufgespriteter sizilianischer Wein nach Marsala-Art, trocken bis süß; als Kochwein, nicht beliebiger Likörwein.","GENERAL_BROAD","Marsala DOC als aufgespriteter Koch- und Dessertwein über allgemeinen Weinversand; Weinquelle listet einen semisecco Marsala konkret lagernd mit kurzer Deutschland-Lieferzeit.","PLANNED","Marsala DOC als aufgespriteter Koch- und Dessertwein über allgemeinen Weinversand; Weinquelle listet einen semisecco Marsala konkret lagernd mit kurzer Deutschland-Lieferzeit.","REQUIRED","Weinquelle Marsala DOC semisecco lagernd Kochwein Dessertwein Deutschland Versand","EVIDENCE_REQUIRED|BORDERLINE_PLANNED"
"MARZIPAN","Marzipan","APPLICABLE","Süße Mandel-Zucker-Masse einschließlich als Backzutat verwendbarer Marzipanmasse; nicht Persipan oder bloßes Mandelaroma.","GENERAL_LOCAL","Katalogpfad Mandeln → Süßware → Nüsse. Warengruppe Nuss, Saat oder Mus, formrelevanter Prüfhinweis aus der vollständigen Definition: »nicht Persipan oder bloßes Mandelaroma«. Regelweg in Bornheim über das örtliche Sortiment »Nuss-, Saaten- oder Nussmusregal« beim Wocheneinkauf in Bornheim.","EASY","Marzipan: gewöhnlicher lokaler Bezugsweg über den Bereich »Nuss-, Saaten- oder Nussmusregal«.","OPTIONAL","Marzipan | Form: nicht Persipan oder bloßes Mandelaroma | Bornheim Nuss-, Saaten- oder Nussmusregal gewöhnlicher Handel",""
"MASA_HARINA","Masa Harina","APPLICABLE","Nixtamalisiertes Maismehl für Tortillas und ähnliche Teige; nicht gewöhnliches Maismehl oder Maisstärke.","SPECIALTY_BROAD","Katalogpfad Mais → Getreide oder Pseudogetreide → stärkehaltige Zutat oder Sättigungsbeilage. Warengruppe Getreide- oder Stärkeware, formrelevanter Prüfhinweis aus der vollständigen Definition: »nicht gewöhnliches Maismehl oder Maisstärke«. Breiter einschlägiger Spezialmarkt über die voneinander unabhängigen Händler Hola Mexico – mexikanische Lebensmittel sowie Mex-Al – mexikanische Lebensmittel.","SPECIALTY","Masa Harina ist im einschlägigen Spezialmarkt breit etabliert; dokumentierte reguläre Wege sind die voneinander unabhängigen Händler Hola Mexico – mexikanische Lebensmittel sowie Mex-Al – mexikanische Lebensmittel.","REQUIRED","Masa Harina | Form: nicht gewöhnliches Maismehl oder Maisstärke | Deutschland unabhängige Spezialhändler Getreide- oder Stärkeware | geprüfte Quellen: Hola Mexico – mexikanische Lebensmittel ; Mex-Al – mexikanische Lebensmittel","EVIDENCE_REQUIRED"
"MASCARPONE","Mascarpone","APPLICABLE","Sehr fettreicher, milder italienischer Frischkäse aus Rahm mit dichter cremiger Textur.","GENERAL_LOCAL","Katalogpfad Käse → gesäuertes Milchprodukt → Milchprodukte. Warengruppe Käse, formrelevanter Prüfhinweis aus der vollständigen Definition: »italienischer Frischkäse aus Rahm mit dichter cremiger Textur«. Regelweg in Bornheim über nahe Supermarktfilialen in Bornheim mit dem Bereich »Käsekühlung oder Käsetheke«.","EASY","Mascarpone: gewöhnlicher lokaler Bezugsweg über den Bereich »Käsekühlung oder Käsetheke«.","OPTIONAL","Mascarpone | Form: italienischer Frischkäse aus Rahm mit dichter cremiger Textur | Bornheim Käsekühlung oder Käsetheke gewöhnlicher Handel",""
"MASSAMAN_CURRY_PASTE","Massaman-Currypaste","APPLICABLE","Fertige Thai-Currypaste nach Massaman-Art mit warmen Gewürzen, Chili und Aromaten; Markenrezepturen variieren.","SPECIALTY_BROAD","Katalogpfad fertige Currypaste → fertige Sauce oder Würzpaste → Sauce, Würzmittel oder Paste. Warengruppe Sauce oder Würzpaste, formrelevanter Prüfhinweis aus der vollständigen Definition: »Markenrezepturen variieren«. Breiter einschlägiger Spezialmarkt über die voneinander unabhängigen Händler Asia4Friends – Currypasten sowie AsiaFoodland – Thai-Currypasten.","SPECIALTY","Massaman-Currypaste ist im einschlägigen Spezialmarkt breit etabliert; dokumentierte reguläre Wege sind die voneinander unabhängigen Händler Asia4Friends – Currypasten sowie AsiaFoodland – Thai-Currypasten.","REQUIRED","Massaman-Currypaste | Form: Markenrezepturen variieren | Deutschland unabhängige Spezialhändler Sauce oder Würzpaste | geprüfte Quellen: Asia4Friends – Currypasten ; AsiaFoodland – Thai-Currypasten","EVIDENCE_REQUIRED"
"MATCHA","Matcha","APPLICABLE","Fein vermahlener japanischer Grüntee mit intensiv grasigem, herbem Umami; kein gesüßtes Matcha-Getränkepulver.","GENERAL_BROAD","Katalogpfad grüner Tee → Tee. Warengruppe Tee, formrelevanter Prüfhinweis aus der vollständigen Definition: »kein gesüßtes Matcha-Getränkepulver«. Allgemein planbarer, aber nicht lokal garantierter Weg über eine gezielte Filial- oder Bestellprüfung für Tee im allgemeinen deutschen Handel.","PLANNED","Matcha ist über eine gezielte Filial- oder Bestellprüfung für Tee im allgemeinen deutschen Handel planbar, lokal aber kein verlässlicher Standardartikel.","OPTIONAL","Matcha | Form: kein gesüßtes Matcha-Getränkepulver | Bornheim gezielter Einkauf Deutschland Tee- und Aufgussregal",""
"MATJES","Matjes","APPLICABLE","Mild gesalzener und enzymatisch gereifter Hering beziehungsweise Matjes. Umfasst klassische norddeutsche und niederländische Matjesformen; nicht automatisch essigsauer und nicht auf Hollandse Nieuwe beschränkt.","GENERAL_LOCAL","Katalogpfad Hering → konservierter Fisch → fettreicher Fisch → Fisch. Warengruppe konservierter Fisch, formrelevanter Prüfhinweis aus der vollständigen Definition: »nicht automatisch essigsauer und nicht auf Hollandse Nieuwe beschränkt«. Regelweg in Bornheim über den lokalen Supermarktbereich »Fischkonserven- oder internationales Trockenwarenregal« in Bornheim.","EASY","Matjes: gewöhnlicher lokaler Bezugsweg über den Bereich »Fischkonserven- oder internationales Trockenwarenregal«.","OPTIONAL","Matjes | Form: nicht automatisch essigsauer und nicht auf Hollandse Nieuwe beschränkt | Bornheim Fischkonserven- oder internationales Trockenwarenregal gewöhnlicher Handel",""
"MAYONNAISE","Mayonnaise","APPLICABLE","Kalte Emulsionssauce aus Öl und Ei beziehungsweise Eigelb mit Säure; Würzung und Ölsorte bleiben offen.","GENERAL_LOCAL","Katalogpfad fertige Sauce oder Würzpaste → Sauce, Würzmittel oder Paste. Warengruppe Sauce oder Würzpaste, formrelevanter Prüfhinweis aus der vollständigen Definition: »Würzung und Ölsorte bleiben offen«. Regelweg in Bornheim über ortsübliche Vollsortimenter rund um Bornheim, konkret im Bereich »Saucen-, Würzpasten- und Feinkostregal«.","EASY","Mayonnaise: gewöhnlicher lokaler Bezugsweg über den Bereich »Saucen-, Würzpasten- und Feinkostregal«.","OPTIONAL","Mayonnaise | Form: Würzung und Ölsorte bleiben offen | Bornheim Saucen-, Würzpasten- und Feinkostregal gewöhnlicher Handel",""
"MEAT","Fleisch","APPLICABLE","Offene Vorgabe für Fleisch von Säugetieren; Tierart, Zuschnitt, Fettanteil und Garmethode bleiben wählbar.","GENERAL_LOCAL","Katalogpfad eigenständige Katalogwurzel. Warengruppe Fleisch, formrelevanter Prüfhinweis aus der vollständigen Definition: »Tierart, Zuschnitt, Fettanteil und Garmethode bleiben wählbar«. Regelweg in Bornheim über das örtliche Sortiment »Fleischkühlung oder Bedientheke« beim Wocheneinkauf in Bornheim.","EASY","Fleisch: gewöhnlicher lokaler Bezugsweg über den Bereich »Fleischkühlung oder Bedientheke«.","OPTIONAL","Fleisch | Form: Tierart, Zuschnitt, Fettanteil und Garmethode bleiben wählbar | Bornheim Fleischkühlung oder Bedientheke gewöhnlicher Handel",""
"MEAT_ASPIC","Fleischsülze","APPLICABLE","Kalt schnittfähiges Fleischprodukt aus gegarten Fleischstücken in natürlichem oder zugesetztem Aspik beziehungsweise Gelee; umfasst unter anderem tschechische Tlačenka und vergleichbare Fleischsülzen. Keine beliebige Fisch-, Gemüse- oder Dessertsülze.","GENERAL_LOCAL","Katalogpfad Fleisch. Warengruppe Fleisch, formrelevanter Prüfhinweis aus der vollständigen Definition: »Keine beliebige Fisch-, Gemüse- oder Dessertsülze«. Regelweg in Bornheim über den lokalen Supermarktbereich »Fleischkühlung oder Bedientheke« in Bornheim.","EASY","Fleischsülze: gewöhnlicher lokaler Bezugsweg über den Bereich »Fleischkühlung oder Bedientheke«.","OPTIONAL","Fleischsülze | Form: Keine beliebige Fisch-, Gemüse- oder Dessertsülze | Bornheim Fleischkühlung oder Bedientheke gewöhnlicher Handel","RATING_RECONCILED_V2"
"MELONS","Melone","APPLICABLE","Offene Vorgabe für süße Melonenfrüchte; Wasser-, Honig- und Cantaloupe-Melonen sind mögliche Ausprägungen.","GENERAL_LOCAL","Katalogpfad Obst. Warengruppe Obst, formrelevanter Prüfhinweis aus der vollständigen Definition: »Wasser-, Honig- und Cantaloupe-Melonen sind mögliche Ausprägungen«. Regelweg in Bornheim über die gewöhnliche Bornheimer Auslage »Obst- und Gemüseabteilung«.","EASY","Melone: gewöhnlicher lokaler Bezugsweg über den Bereich »Obst- und Gemüseabteilung«.","OPTIONAL","Melone | Form: Wasser-, Honig- und Cantaloupe-Melonen sind mögliche Ausprägungen | Bornheim Obst- und Gemüseabteilung gewöhnlicher Handel",""
"MEMBRILLO","Quittenpaste","APPLICABLE","Feste bis schnittfähige süße Quittenpaste (dulce de membrillo) aus eingekochter Quitte; nicht frische Quitte, Quittengelee oder beliebige Fruchtkonfitüre.","SPECIALTY_BROAD","Katalogpfad konservierte pflanzliche Zutat → Quitte → Kernobst → Obst. Warengruppe konservierte Pflanzenware, formrelevanter Prüfhinweis aus der vollständigen Definition: »nicht frische Quitte, Quittengelee oder beliebige Fruchtkonfitüre«. Breiter einschlägiger Spezialmarkt über die voneinander unabhängigen Händler Jamon.de – spanische Feinkost sowie Gourmet Versand – spanische Feinkost.","SPECIALTY","Quittenpaste ist im einschlägigen Spezialmarkt breit etabliert; dokumentierte reguläre Wege sind die voneinander unabhängigen Händler Jamon.de – spanische Feinkost sowie Gourmet Versand – spanische Feinkost.","REQUIRED","Quittenpaste | Form: nicht frische Quitte, Quittengelee oder beliebige Fruchtkonfitüre | Deutschland unabhängige Spezialhändler konservierte Pflanzenware | geprüfte Quellen: Jamon.de – spanische Feinkost ; Gourmet Versand – spanische Feinkost","EVIDENCE_REQUIRED|BORDERLINE_PLANNED|RATING_RECONCILED_V2"
"MERGUEZ","Merguez","APPLICABLE","Kräftig gewürzte nordafrikanische Bratwurst, typischerweise aus Lamm- und/oder Rindfleisch mit Chili; nicht Schweinewurst.","GENERAL_BROAD","Katalogpfad Wurst → Fleisch. REWE führt Schwamm Merguez aus 65 Prozent Rind und 28 Prozent Lamm mit Harissa als gekühlten Servicethekenartikel; Georgia prüft den Marktbestand im Raum Bornheim.","PLANNED","Merguez: REWE führt Schwamm Merguez aus 65 Prozent Rind und 28 Prozent Lamm mit Harissa als gekühlten Servicethekenartikel; Georgia prüft den Marktbestand im Raum Bornheim.","REQUIRED","Schwamm Merguez Lamm Rind Harissa | REWE Servicetheke gekühlt | Bornheim Standort Bestand","EVIDENCE_REQUIRED|BORDERLINE_PLANNED"
"MILK","Milch","APPLICABLE","Flüssige Kuhmilch als Kochzutat; Fettstufe bleibt offen, Pflanzendrinks und gesäuerte Milchprodukte sind getrennt.","GENERAL_LOCAL","Katalogpfad frisches Milchprodukt → Milchprodukte. Warengruppe Milchprodukt, formrelevanter Prüfhinweis aus der vollständigen Definition: »Fettstufe bleibt offen, Pflanzendrinks und gesäuerte Milchprodukte sind getrennt«. Regelweg in Bornheim über das örtliche Sortiment »Molkereikühlregal« beim Wocheneinkauf in Bornheim.","EASY","Milch: gewöhnlicher lokaler Bezugsweg über den Bereich »Molkereikühlregal«.","OPTIONAL","Milch | Form: Fettstufe bleibt offen, Pflanzendrinks und gesäuerte Milchprodukte sind getrennt | Bornheim Molkereikühlregal gewöhnlicher Handel",""
"MILK_CHOCOLATE","Milchschokolade","APPLICABLE","Schokolade mit Milchbestandteilen und deutlicher Süße; Kakaoanteil und konkrete Milchform können variieren.","GENERAL_LOCAL","Katalogpfad Schokolade → Kakao oder Schokolade → Süßware. Warengruppe Süßungs- oder Kakaoware, formrelevanter Prüfhinweis aus der vollständigen Definition: »Kakaoanteil und konkrete Milchform können variieren«. Regelweg in Bornheim über das örtliche Sortiment »Backzutaten-, Süßwaren- oder Kakaoregal« beim Wocheneinkauf in Bornheim.","EASY","Milchschokolade: gewöhnlicher lokaler Bezugsweg über den Bereich »Backzutaten-, Süßwaren- oder Kakaoregal«.","OPTIONAL","Milchschokolade | Form: Kakaoanteil und konkrete Milchform können variieren | Bornheim Backzutaten-, Süßwaren- oder Kakaoregal gewöhnlicher Handel",""
"MILKFISH","Milchfisch oder Bangus","APPLICABLE","Milchfisch (Chanos chanos), auf den Philippinen Bangus; frischer oder tiefgekühlter ganzer Fisch, Stück oder Filet. Nicht automatisch getrocknete, geräucherte oder anderweitig konservierte Bangus-Produkte.","NICHE_IMPORT","Katalogpfad Fisch → Fisch und Meeresfrüchte. Warengruppe Fisch oder Meeresfrucht, formrelevanter Prüfhinweis aus der vollständigen Definition: »Nicht automatisch getrocknete, geräucherte oder anderweitig konservierte Bangus-Produkte«. Nur der schmale Händlerweg über Filipino Asian Store – philippinische Lebensmittel ist positiv belegt; Tiefkühlversand begrenzt Form, Bestand oder Logistik.","DIFFICULT","Milchfisch oder Bangus: Nur der schmale Händlerweg über Filipino Asian Store – philippinische Lebensmittel ist positiv belegt; Tiefkühlversand begrenzt Form, Bestand oder Logistik.","REQUIRED","Milchfisch oder Bangus | Form: Nicht automatisch getrocknete, geräucherte oder anderweitig konservierte Bangus-Produkte | Deutschland EU Exakttreffer Bestand Logistik Fisch oder Meeresfrucht | geprüfte Quellen: Filipino Asian Store – philippinische Lebensmittel","EVIDENCE_REQUIRED|RATING_RECONCILED_V2"
"MILLET","Hirse","APPLICABLE","Glutenfreie kleine Hirsekörner mit mild-nussigem Geschmack; Sorte und geschälte Produktform bleiben offen.","GENERAL_BROAD","Katalogpfad Getreide oder Pseudogetreide → stärkehaltige Zutat oder Sättigungsbeilage. Warengruppe Getreide- oder Stärkeware, formrelevanter Prüfhinweis aus der vollständigen Definition: »Sorte und geschälte Produktform bleiben offen«. Allgemein planbarer, aber nicht lokal garantierter Weg über eine konkrete Vorbestellung oder Bestandsabfrage für Getreide- oder Stärkeware.","PLANNED","Hirse ist über eine konkrete Vorbestellung oder Bestandsabfrage für Getreide- oder Stärkeware im allgemeinen deutschen Handel planbar, lokal aber kein verlässlicher Standardartikel.","OPTIONAL","Hirse | Form: Sorte und geschälte Produktform bleiben offen | Bornheim gezielter Einkauf Deutschland Reis-, Mehl-, Nudel- oder Trockenwarenregal",""
"MINCED_MEAT","Hackfleisch","APPLICABLE","Offene Vorgabe für zerkleinertes rohes Fleisch; Tierart und Fettanteil sind bewusst nicht festgelegt.","GENERAL_LOCAL","Katalogpfad Fleisch. Warengruppe Fleisch, formrelevanter Prüfhinweis aus der vollständigen Definition: »Tierart und Fettanteil sind bewusst nicht festgelegt«. Regelweg in Bornheim über nahe Supermarktfilialen in Bornheim mit dem Bereich »Fleischkühlung oder Bedientheke«.","EASY","Hackfleisch: gewöhnlicher lokaler Bezugsweg über den Bereich »Fleischkühlung oder Bedientheke«.","OPTIONAL","Hackfleisch | Form: Tierart und Fettanteil sind bewusst nicht festgelegt | Bornheim Fleischkühlung oder Bedientheke gewöhnlicher Handel",""
"MINT","Minze","APPLICABLE","Frische Minzblätter mit kühlendem, aromatischem Geschmack; konkrete Minzart bleibt offen.","GENERAL_LOCAL","Katalogpfad Kräuter und Würzblätter. Warengruppe frisches Würzkraut, formrelevanter Prüfhinweis aus der vollständigen Definition: »konkrete Minzart bleibt offen«. Regelweg in Bornheim über die gewöhnliche Bornheimer Auslage »frische Kräuterabteilung«.","EASY","Minze: gewöhnlicher lokaler Bezugsweg über den Bereich »frische Kräuterabteilung«.","OPTIONAL","Minze | Form: konkrete Minzart bleibt offen | Bornheim frische Kräuterabteilung gewöhnlicher Handel",""
"MIRABELLE","Mirabelle","APPLICABLE","Kleine gelbe Mirabellenpflaume mit süßem, intensiv aromatischem Fruchtfleisch; frisch oder ungesüßt tiefgekühlt.","GENERAL_BROAD","Katalogpfad Steinobst → Obst. Warengruppe Obst, formrelevanter Prüfhinweis aus der vollständigen Definition: »frisch oder ungesüßt tiefgekühlt«. Allgemein planbarer, aber nicht lokal garantierter Weg über eine vorab zu prüfendes Sortiment im Bereich »Obst- und Gemüseabteilung« eines großen Bornheimer Markts.","PLANNED","Mirabelle ist über ein vorab zu prüfendes Sortiment im Bereich »Obst- und Gemüseabteilung« eines großen Bornheimer Markts im allgemeinen deutschen Handel planbar, lokal aber kein verlässlicher Standardartikel.","OPTIONAL","Mirabelle | Form: frisch oder ungesüßt tiefgekühlt | Bornheim gezielter Einkauf Deutschland Obst- und Gemüseabteilung",""
"MIRIN","Mirin","APPLICABLE","Süßer japanischer Reiswürzwein mit Alkohol und ausgeprägter Süße; nicht Reisessig oder bloß gesüßter Sirup.","SPECIALTY_BROAD","Katalogpfad Kochalkohol → Süßungsmittel. Warengruppe Kochalkohol, formrelevanter Prüfhinweis aus der vollständigen Definition: »nicht Reisessig oder bloß gesüßter Sirup«. Breiter einschlägiger Spezialmarkt über die voneinander unabhängigen Händler Asia4Friends – Saucen sowie AsiaFoodland – japanische Lebensmittel.","SPECIALTY","Mirin ist im einschlägigen Spezialmarkt breit etabliert; dokumentierte reguläre Wege sind die voneinander unabhängigen Händler Asia4Friends – Saucen sowie AsiaFoodland – japanische Lebensmittel.","REQUIRED","Mirin | Form: nicht Reisessig oder bloß gesüßter Sirup | Deutschland unabhängige Spezialhändler Kochalkohol | geprüfte Quellen: Asia4Friends – Saucen ; AsiaFoodland – japanische Lebensmittel","RATING_RECONCILED_V2"
"MISO","Miso","APPLICABLE","Japanische fermentierte Würzpaste auf Sojabohnenbasis, häufig mit Reis oder Gerste; Farbe, Salzgehalt und Reifegrad bleiben offen.","GENERAL_BROAD","Katalogpfad fermentierte Würzzutat → fertige Sauce oder Würzpaste → Sauce, Würzmittel oder Paste. Warengruppe Sauce oder Würzpaste, formrelevanter Prüfhinweis aus der vollständigen Definition: »Farbe, Salzgehalt und Reifegrad bleiben offen«. Allgemein planbarer, aber nicht lokal garantierter Weg über eine gezielte Filial- oder Bestellprüfung für Sauce oder Würzpaste im allgemeinen deutschen Handel.","PLANNED","Miso: Mehrere Produkte sind in großen allgemeinen Handelsketten und im breiten deutschen Onlinehandel gelistet; dennoch kein verlässlicher Standard jedes lokalen Markts.","OPTIONAL","Miso | Form: Farbe, Salzgehalt und Reifegrad bleiben offen | Bornheim gezielter Einkauf Deutschland Saucen-, Würzpasten- und Feinkostregal","REFERENCE_ANCHOR"
"MOLASSES","Melasse","APPLICABLE","Dunkler zähflüssiger Rückstand der Zuckerherstellung mit kräftig karamellig-herbem Aroma; nicht heller Sirup.","GENERAL_BROAD","Katalogpfad Süßungsmittel. Warengruppe Süßungs- oder Kakaoware, formrelevanter Prüfhinweis aus der vollständigen Definition: »nicht heller Sirup«. Allgemein planbarer, aber nicht lokal garantierter Weg über eine reguläre Onlinebestellung im allgemeinen Handel mit formgenauer Artikelsuche.","PLANNED","Melasse ist über eine reguläre Onlinebestellung im allgemeinen Handel mit formgenauer Artikelsuche im allgemeinen deutschen Handel planbar, lokal aber kein verlässlicher Standardartikel.","OPTIONAL","Melasse | Form: nicht heller Sirup | Bornheim gezielter Einkauf Deutschland Backzutaten-, Süßwaren- oder Kakaoregal",""
"MOLE_PASTE","Mole-Paste","APPLICABLE","Konzentrierte mexikanische Würzpaste für Mole-Saucen mit Chili, Gewürzen und weiteren variablen Zutaten; nicht fertige Sauce.","SPECIALTY_BROAD","Katalogpfad fertige Sauce oder Würzpaste → Sauce, Würzmittel oder Paste. Warengruppe Sauce oder Würzpaste, formrelevanter Prüfhinweis aus der vollständigen Definition: »nicht fertige Sauce«. Breiter einschlägiger Spezialmarkt über die voneinander unabhängigen Händler Hola Mexico – mexikanische Lebensmittel sowie Mex-Al – mexikanische Lebensmittel.","SPECIALTY","Mole-Paste ist im einschlägigen Spezialmarkt breit etabliert; dokumentierte reguläre Wege sind die voneinander unabhängigen Händler Hola Mexico – mexikanische Lebensmittel sowie Mex-Al – mexikanische Lebensmittel.","REQUIRED","Mole-Paste | Form: nicht fertige Sauce | Deutschland unabhängige Spezialhändler Sauce oder Würzpaste | geprüfte Quellen: Hola Mexico – mexikanische Lebensmittel ; Mex-Al – mexikanische Lebensmittel","EVIDENCE_REQUIRED"
"MOLLUSCS","Weichtiere","APPLICABLE","Offene Vorgabe für essbare Weichtiere wie Muscheln, Schnecken, Oktopus oder Kalmar; aquatische und terrestrische Formen sind umfasst. Krebstiere, Insekten und Würmer sind nicht gemeint.","GENERAL_BROAD","Katalogpfad wirbellose Tiere. Warengruppe Fisch oder Meeresfrucht, formrelevanter Prüfhinweis aus der vollständigen Definition: »Krebstiere, Insekten und Würmer sind nicht gemeint«. Allgemein planbarer, aber nicht lokal garantierter Weg über eine gezielte Bestellung oder Sortimentsprüfung bei Deutsche See – Miesmuscheln.","PLANNED","Weichtiere ist über eine gezielte Bestellung oder Sortimentsprüfung bei Deutsche See – Miesmuscheln im allgemeinen deutschen Handel planbar, lokal aber kein verlässlicher Standardartikel.","REQUIRED","Weichtiere | Form: Krebstiere, Insekten und Würmer sind nicht gemeint | Bornheim gezielter Einkauf Deutschland Fischkühlung, Fischtheke oder Tiefkühlabteilung | geprüfte Quellen: Deutsche See – Miesmuscheln","RATING_RECONCILED_V2"
"MONKFISH","Seeteufel","APPLICABLE","Seeteufel mit festem, magerem und nahezu grätenfreiem Fleisch; meist als Schwanzfilet erhältlich.","GENERAL_BROAD","Deutsche See – Seeteufel handfiletierte Portionen TK belegt: Deutsche See verkauft verfügbare handfiletierte Seeteufelportionen tiefgekühlt; der nahezu grätenfreie Filetzuschnitt trifft die maßgebliche Fleischform. Der Bezug erfolgt über Deutschland und Österreich; tiefgekühlte GO!-Express-Lieferung zum Wunschtermin; maßgeblich ist FROZEN_SHIPPING. Die Produktseite belegt portioniertes Tiefkühlfilet, keinen ganzen Schwanz; Warenkorbstatus und Wunschliefertermin bleiben zu prüfen.","PLANNED","Seeteufel: Deutsche See verkauft verfügbare handfiletierte Seeteufelportionen tiefgekühlt; der nahezu grätenfreie Filetzuschnitt trifft die maßgebliche Fleischform.","REQUIRED","Seeteufel handfiletierte Portionen praktisch grätenfrei tiefgekühlt Deutsche See verfügbar | Georgia Bornheim Rheinland | Deutsche See – Seeteufel handfiletierte Portionen TK | IN_STOCK FROZEN_SHIPPING","EVIDENCE_REQUIRED|BORDERLINE_PLANNED"
"MOOSE","Elchfleisch","APPLICABLE","Elchfleisch als frisches oder tiefgekühltes Fleischstück beziehungsweise geeignetes Gulasch-/Geschnetzeltesfleisch. Nicht Elchwurst, Trockenfleisch oder ein bereits zubereitetes Wildgericht.","NICHE_IMPORT","Katalogpfad Wildfleisch → Fleisch. Warengruppe Fleisch, formrelevanter Prüfhinweis aus der vollständigen Definition: »Nicht Elchwurst, Trockenfleisch oder ein bereits zubereitetes Wildgericht«. Nur der schmale Händlerweg über Nordvild – Elchfleisch ist positiv belegt; Tiefkühlversand begrenzt Form, Bestand oder Logistik.","DIFFICULT","Elchfleisch: Nur der schmale Händlerweg über Nordvild – Elchfleisch ist positiv belegt; Tiefkühlversand begrenzt Form, Bestand oder Logistik.","REQUIRED","Elchfleisch | Form: Nicht Elchwurst, Trockenfleisch oder ein bereits zubereitetes Wildgericht | Deutschland EU Exakttreffer Bestand Logistik Fleisch | geprüfte Quellen: Nordvild – Elchfleisch","EVIDENCE_REQUIRED|FORM_OR_ROUTE_FRAGILE"
"MORCILLA","Morcilla","APPLICABLE","Spanische Blutwurstfamilie mit regional stark variierenden Rezepturen, etwa mit Zwiebel, Reis oder Nüssen; Schweineblut ist charakteristisch. Nicht generisch jede Blutwurst und nicht auf Morcilla de Burgos beschränkt.","SPECIALTY_BROAD","Katalogpfad Blutwurst → Schweinefleisch → Innereien → Wurst. Warengruppe Wurst oder Pökelfleisch, formrelevanter Prüfhinweis aus der vollständigen Definition: »Nicht generisch jede Blutwurst und nicht auf Morcilla de Burgos beschränkt«. Breiter einschlägiger Spezialmarkt über die voneinander unabhängigen Händler Jamon.de – spanische Wurst und Feinkost sowie Gourmet Versand – spanische Lebensmittel.","SPECIALTY","Morcilla ist im einschlägigen Spezialmarkt breit etabliert; dokumentierte reguläre Wege sind die voneinander unabhängigen Händler Jamon.de – spanische Wurst und Feinkost sowie Gourmet Versand – spanische Lebensmittel.","REQUIRED","Morcilla | Form: Nicht generisch jede Blutwurst und nicht auf Morcilla de Burgos beschränkt | Deutschland unabhängige Spezialhändler Wurst oder Pökelfleisch | geprüfte Quellen: Jamon.de – spanische Wurst und Feinkost ; Gourmet Versand – spanische Lebensmittel","EVIDENCE_REQUIRED|BORDERLINE_PLANNED|RATING_RECONCILED_V2"
"MOREL","Morcheln","APPLICABLE","Morcheln mit wabenartigem Hut und intensivem Waldpilzaroma; nur vollständig gegart verwenden.","GENERAL_BROAD","Waldfrüchte Zwicknagl – getrocknete Morcheln belegt formgenau: Der etablierte Pilzhandel führt echte Morcheln als naturbelassene Trockenware in mehreren Haushaltsgrößen mit positivem Lagerstatus. Für Georgia in Bornheim gilt: Deutschlandweiter Standardversand nach Bornheim und Rostock; 2–3 Werktage; Logistik STANDARD_SHIPPING. Die haltbare Form ist hochpreisig und muss eingeweicht sowie vollständig gegart werden; frische Saisonmorcheln werden nicht behauptet.","PLANNED","Morcheln: Der etablierte Pilzhandel führt echte Morcheln als naturbelassene Trockenware in mehreren Haushaltsgrößen mit positivem Lagerstatus.","REQUIRED","Waldfrüchte Zwicknagl echte Morcheln getrocknet 25 g auf Lager | Georgia in Bornheim | IN_STOCK STANDARD_SHIPPING","EVIDENCE_REQUIRED|BORDERLINE_PLANNED"
"MORINGA_LEAVES","Moringablätter oder Malunggay","APPLICABLE","Blätter von Moringa oleifera, auf den Philippinen Malunggay; frisch, tiefgekühlt oder als kulinarisch verwendete getrocknete Blattform. Nicht Samen, Öl oder Nahrungsergänzungskapseln.","SPECIALTY_BROAD","Katalogpfad Blattgemüse → Gemüse. Warengruppe Gemüse oder Pilz, formrelevanter Prüfhinweis aus der vollständigen Definition: »Nicht Samen, Öl oder Nahrungsergänzungskapseln«. Breiter einschlägiger Spezialmarkt über die voneinander unabhängigen Händler Asia Foodstore – Moringablätter zerkleinert sowie 1000Kräuter – Moringablätter geschnitten.","SPECIALTY","Moringablätter oder Malunggay ist im einschlägigen Spezialmarkt breit etabliert; dokumentierte reguläre Wege sind die voneinander unabhängigen Händler Asia Foodstore – Moringablätter zerkleinert sowie 1000Kräuter – Moringablätter geschnitten.","REQUIRED","Moringablätter oder Malunggay | Form: Nicht Samen, Öl oder Nahrungsergänzungskapseln | Deutschland unabhängige Spezialhändler Gemüse oder Pilz | geprüfte Quellen: Asia Foodstore – Moringablätter zerkleinert ; 1000Kräuter – Moringablätter geschnitten","EVIDENCE_REQUIRED|RATING_RECONCILED_V2"
"MOZZARELLA","Mozzarella","APPLICABLE","Milder Pasta-filata-Käse mit elastischer bis weicher Textur; Kuh- und Büffelmilchvarianten sind umfasst.","GENERAL_LOCAL","Katalogpfad Käse → gesäuertes Milchprodukt → Milchprodukte. Warengruppe Käse, formrelevanter Prüfhinweis aus der vollständigen Definition: »Kuh- und Büffelmilchvarianten sind umfasst«. Regelweg in Bornheim über nahe Supermarktfilialen in Bornheim mit dem Bereich »Käsekühlung oder Käsetheke«.","EASY","Mozzarella: gewöhnlicher lokaler Bezugsweg über den Bereich »Käsekühlung oder Käsetheke«.","OPTIONAL","Mozzarella | Form: Kuh- und Büffelmilchvarianten sind umfasst | Bornheim Käsekühlung oder Käsetheke gewöhnlicher Handel",""
"MSG","Mononatriumglutamat","APPLICABLE","Reines Mononatriumglutamat als kristalline Umami-Würze; kein vollständiger Gewürzmix oder Brühpulver.","GENERAL_BROAD","Katalogpfad Gewürz oder trockenes Würzmittel. Warengruppe Gewürz, formrelevanter Prüfhinweis aus der vollständigen Definition: »kein vollständiger Gewürzmix oder Brühpulver«. Allgemein planbarer, aber nicht lokal garantierter Weg über eine reguläre Onlinebestellung im allgemeinen Handel mit formgenauer Artikelsuche.","PLANNED","Mononatriumglutamat ist über eine reguläre Onlinebestellung im allgemeinen Handel mit formgenauer Artikelsuche im allgemeinen deutschen Handel planbar, lokal aber kein verlässlicher Standardartikel.","OPTIONAL","Mononatriumglutamat | Form: kein vollständiger Gewürzmix oder Brühpulver | Bornheim gezielter Einkauf Deutschland Gewürz- und Trockenwürzregal",""
"MULBERRY","Maulbeeren","APPLICABLE","Maulbeeren mit süßem, mild-säuerlichem Aroma; frisch oder getrocknet verwendbar.","GENERAL_BROAD","Katalogpfad Beeren → Obst. Warengruppe Obst, formrelevanter Prüfhinweis aus der vollständigen Definition: »frisch oder getrocknet verwendbar«. Allgemein planbarer, aber nicht lokal garantierter Weg über eine geplante Fahrt zu einem großen Markt mit dem Sortiment »Obst- und Gemüseabteilung«.","PLANNED","Maulbeeren ist über eine geplante Fahrt zu einem großen Markt mit dem Sortiment »Obst- und Gemüseabteilung« im allgemeinen deutschen Handel planbar, lokal aber kein verlässlicher Standardartikel.","OPTIONAL","Maulbeeren | Form: frisch oder getrocknet verwendbar | Bornheim gezielter Einkauf Deutschland Obst- und Gemüseabteilung",""
"MUNG_BEANS","Mungbohnen","APPLICABLE","Kleine grüne Mungbohnen mit mildem Geschmack; ganz, geschält oder vorgegart verwendbar, nicht ihre Sprossen.","GENERAL_BROAD","Katalogpfad Bohnen → Hülsenfrüchte. Warengruppe Hülsenfrucht, formrelevanter Prüfhinweis aus der vollständigen Definition: »ganz, geschält oder vorgegart verwendbar, nicht ihre Sprossen«. Allgemein planbarer, aber nicht lokal garantierter Weg über einen vorbereiteten Einkauf im gut sortierten Bereich »Hülsenfrucht-, Konserven- oder Trockenwarenregal«.","PLANNED","Mungbohnen ist über einen vorbereiteten Einkauf im gut sortierten Bereich »Hülsenfrucht-, Konserven- oder Trockenwarenregal« im allgemeinen deutschen Handel planbar, lokal aber kein verlässlicher Standardartikel.","OPTIONAL","Mungbohnen | Form: ganz, geschält oder vorgegart verwendbar, nicht ihre Sprossen | Bornheim gezielter Einkauf Deutschland Hülsenfrucht-, Konserven- oder Trockenwarenregal",""
"MUOI_TOM","Muối tôm","APPLICABLE","Vietnamesische trockene Würzmischung aus Salz, Chili und getrockneten Garnelen, häufig zusätzlich mit Knoblauch, Zucker oder Zitronengras. Besonders als Dip für Obst und Gemüse sowie zum Würzen von Reispapiersnacks verwendet.","SPECIALTY_BROAD","Katalogpfad Gewürzmischung → Gewürz oder trockenes Würzmittel. Warengruppe Gewürz, formrelevanter Prüfhinweis aus der vollständigen Definition: »Besonders als Dip für Obst und Gemüse sowie zum Würzen von Reispapiersnacks verwendet«. Breiter einschlägiger Spezialmarkt über die voneinander unabhängigen Händler Asia Foodstore – Muoi Tom sowie Nagofa – Muoi Tom Tay Ninh.","SPECIALTY","Muối tôm ist im einschlägigen Spezialmarkt breit etabliert; dokumentierte reguläre Wege sind die voneinander unabhängigen Händler Asia Foodstore – Muoi Tom sowie Nagofa – Muoi Tom Tay Ninh.","REQUIRED","Muối tôm | Form: Besonders als Dip für Obst und Gemüse sowie zum Würzen von Reispapiersnacks verwendet | Deutschland unabhängige Spezialhändler Gewürz | geprüfte Quellen: Asia Foodstore – Muoi Tom ; Nagofa – Muoi Tom Tay Ninh","EVIDENCE_REQUIRED|FORM_OR_ROUTE_FRAGILE|RATING_RECONCILED_V2"
"MUSHROOM_STOCK","Pilzfond","APPLICABLE","Brühe oder Fond mit Pilzen als prägender Aromabasis; selbst gekocht oder als schlichtes Fertigprodukt verwendbar.","GENERAL_BROAD","Katalogpfad Brühe oder Fond. Warengruppe Brühe oder Fond, formrelevanter Prüfhinweis aus der vollständigen Definition: »selbst gekocht oder als schlichtes Fertigprodukt verwendbar«. Allgemein planbarer, aber nicht lokal garantierter Weg über eine gezielte Filial- oder Bestellprüfung für Brühe oder Fond im allgemeinen deutschen Handel.","PLANNED","Pilzfond ist über eine gezielte Filial- oder Bestellprüfung für Brühe oder Fond im allgemeinen deutschen Handel planbar, lokal aber kein verlässlicher Standardartikel.","OPTIONAL","Pilzfond | Form: selbst gekocht oder als schlichtes Fertigprodukt verwendbar | Bornheim gezielter Einkauf Deutschland Brühen-, Fond- und Suppenregal",""
"MUSHROOMS","Pilze","APPLICABLE","Offene Vorgabe für essbare Pilze; Art, Kultur- oder Waldpilz und frisch oder getrocknet bleiben wählbar.","GENERAL_LOCAL","Katalogpfad Gemüse. Warengruppe Gemüse oder Pilz, formrelevanter Prüfhinweis aus der vollständigen Definition: »Art, Kultur- oder Waldpilz und frisch oder getrocknet bleiben wählbar«. Regelweg in Bornheim über den regulären Bornheimer Regalweg »Obst- und Gemüseabteilung«.","EASY","Pilze: gewöhnlicher lokaler Bezugsweg über den Bereich »Obst- und Gemüseabteilung«.","OPTIONAL","Pilze | Form: Art, Kultur- oder Waldpilz und frisch oder getrocknet bleiben wählbar | Bornheim Obst- und Gemüseabteilung gewöhnlicher Handel",""
"MUSSELS","Miesmuscheln","APPLICABLE","Miesmuscheln mit dunkler Schale und saftigem, jodig-süßlichem Fleisch; frisch, tiefgekühlt oder ausgelöst verwendbar.","GENERAL_BROAD","Katalogpfad Muscheln → Weichtiere → Schalen- und Krustentiere → wirbellose Tiere. Warengruppe Fisch oder Meeresfrucht, formrelevanter Prüfhinweis aus der vollständigen Definition: »frisch, tiefgekühlt oder ausgelöst verwendbar«. Allgemein planbarer, aber nicht lokal garantierter Weg über eine gezielte Bestellung oder Sortimentsprüfung bei Deutsche See – Miesmuscheln.","PLANNED","Miesmuscheln ist über eine gezielte Bestellung oder Sortimentsprüfung bei Deutsche See – Miesmuscheln im allgemeinen deutschen Handel planbar, lokal aber kein verlässlicher Standardartikel.","REQUIRED","Miesmuscheln | Form: frisch, tiefgekühlt oder ausgelöst verwendbar | Bornheim gezielter Einkauf Deutschland Fischkühlung, Fischtheke oder Tiefkühlabteilung | geprüfte Quellen: Deutsche See – Miesmuscheln","EVIDENCE_REQUIRED|BORDERLINE_PLANNED|RATING_RECONCILED_V2"
"MUSTARD","Senf","APPLICABLE","Verzehrfertige Senfzubereitung aus Senfsaat, Flüssigkeit und Würzung; Schärfe und Körnung bleiben offen.","GENERAL_LOCAL","Katalogpfad fertige Sauce oder Würzpaste → Sauce, Würzmittel oder Paste. Warengruppe Sauce oder Würzpaste, formrelevanter Prüfhinweis aus der vollständigen Definition: »Schärfe und Körnung bleiben offen«. Regelweg in Bornheim über ortsübliche Vollsortimenter rund um Bornheim, konkret im Bereich »Saucen-, Würzpasten- und Feinkostregal«.","EASY","Senf: gewöhnlicher lokaler Bezugsweg über den Bereich »Saucen-, Würzpasten- und Feinkostregal«.","OPTIONAL","Senf | Form: Schärfe und Körnung bleiben offen | Bornheim Saucen-, Würzpasten- und Feinkostregal gewöhnlicher Handel",""
"MUSTARD_SEED","Senfsaat","APPLICABLE","Ganze Senfsamen mit nussiger bis stechend-scharfer Wirkung; gelbe, braune und schwarze Saat sind umfasst.","GENERAL_LOCAL","Katalogpfad Gewürz oder trockenes Würzmittel. Warengruppe Gewürz, formrelevanter Prüfhinweis aus der vollständigen Definition: »gelbe, braune und schwarze Saat sind umfasst«. Regelweg in Bornheim über die gewöhnliche Bornheimer Auslage »Gewürz- und Trockenwürzregal«.","EASY","Senfsaat: gewöhnlicher lokaler Bezugsweg über den Bereich »Gewürz- und Trockenwürzregal«.","OPTIONAL","Senfsaat | Form: gelbe, braune und schwarze Saat sind umfasst | Bornheim Gewürz- und Trockenwürzregal gewöhnlicher Handel","RATING_RECONCILED_V2"
"MYCOPROTEIN","Mykoprotein","APPLICABLE","Pilzproteinbasierte Fleischalternative; Marke, Produktform und Würzung können variieren.","GENERAL_BROAD","Katalogpfad pflanzliches Proteinprodukt. Warengruppe pflanzliches Proteinprodukt, formrelevanter Prüfhinweis aus der vollständigen Definition: »Marke, Produktform und Würzung können variieren«. Allgemein planbarer, aber nicht lokal garantierter Weg über eine gezielte Filial- oder Bestellprüfung für pflanzliches Proteinprodukt im allgemeinen deutschen Handel.","PLANNED","Mykoprotein ist über eine gezielte Filial- oder Bestellprüfung für pflanzliches Proteinprodukt im allgemeinen deutschen Handel planbar, lokal aber kein verlässlicher Standardartikel.","OPTIONAL","Mykoprotein | Form: Marke, Produktform und Würzung können variieren | Bornheim gezielter Einkauf Deutschland Kühlregal für Tofu und pflanzliche Proteinprodukte",""
"NAM_PRIK_PAO","Nam Prik Pao","APPLICABLE","Geröstete thailändische Chilipaste mit Öl, süßlich-rauchigem Profil und kräftigem Umami; häufig mit Schalotten, Knoblauch, Tamarinde sowie Garnelen- oder Fischbestandteilen. Nicht bloß Chiliöl oder Sriracha.","SPECIALTY_BROAD","Katalogpfad Chilisauce oder -paste → fertige Sauce oder Würzpaste → Sauce, Würzmittel oder Paste. Warengruppe Sauce oder Würzpaste, formrelevanter Prüfhinweis aus der vollständigen Definition: »Nicht bloß Chiliöl oder Sriracha«. Breiter einschlägiger Spezialmarkt über die voneinander unabhängigen Händler Asia4Friends – Nam Prik Pao 227 g sowie My-Asia-Shop – Mae Pranom Nam Prik Pao 513 g.","SPECIALTY","Nam Prik Pao ist im einschlägigen Spezialmarkt breit etabliert; dokumentierte reguläre Wege sind die voneinander unabhängigen Händler Asia4Friends – Nam Prik Pao 227 g sowie My-Asia-Shop – Mae Pranom Nam Prik Pao 513 g.","REQUIRED","Nam Prik Pao | Form: Nicht bloß Chiliöl oder Sriracha | Deutschland unabhängige Spezialhändler Sauce oder Würzpaste | geprüfte Quellen: Asia4Friends – Nam Prik Pao 227 g ; My-Asia-Shop – Mae Pranom Nam Prik Pao 513 g","EVIDENCE_REQUIRED"
"NAPA_CABBAGE","Chinakohl","APPLICABLE","Chinakohl mit hellen knackigen Rippen und zarten Blättern; roh, gegart oder fermentiert verwendbar.","GENERAL_LOCAL","Katalogpfad Kohlgemüse → Gemüse. Warengruppe Gemüse oder Pilz, formrelevanter Prüfhinweis aus der vollständigen Definition: »roh, gegart oder fermentiert verwendbar«. Regelweg in Bornheim über nahe Supermarktfilialen in Bornheim mit dem Bereich »Obst- und Gemüseabteilung«.","EASY","Chinakohl: gewöhnlicher lokaler Bezugsweg über den Bereich »Obst- und Gemüseabteilung«.","OPTIONAL","Chinakohl | Form: roh, gegart oder fermentiert verwendbar | Bornheim Obst- und Gemüseabteilung gewöhnlicher Handel",""
"NATA_DE_COCO","Nata de coco","APPLICABLE","Kaubares, transparentes Cellulosegel aus fermentativ verarbeiteter Kokosrohware; typischerweise gesüßt als Dessert-, Getränke- oder Fruchtsalatzutat angeboten. Nicht mit Agar-, Konjak- oder beliebigem Kokosgelee gleichsetzen.","SPECIALTY_BROAD","Katalogpfad Kokoszutat. Warengruppe Kokoszubereitung, formrelevanter Prüfhinweis aus der vollständigen Definition: »Nicht mit Agar-, Konjak- oder beliebigem Kokosgelee gleichsetzen«. Breiter einschlägiger Spezialmarkt über die voneinander unabhängigen Händler Asiafoodland – Monika Nata de coco 220 g sowie Pinoyfood – coconut products including Nata de coco.","SPECIALTY","Nata de coco ist im einschlägigen Spezialmarkt breit etabliert; dokumentierte reguläre Wege sind die voneinander unabhängigen Händler Asiafoodland – Monika Nata de coco 220 g sowie Pinoyfood – coconut products including Nata de coco.","REQUIRED","Nata de coco | Form: Nicht mit Agar-, Konjak- oder beliebigem Kokosgelee gleichsetzen | Deutschland unabhängige Spezialhändler Kokoszubereitung | geprüfte Quellen: Asiafoodland – Monika Nata de coco 220 g ; Pinoyfood – coconut products including Nata de coco","EVIDENCE_REQUIRED"
"NATTO","Nattō","APPLICABLE","Japanische fermentierte Sojabohnen mit klebrigen Fäden und kräftigem, erdig-würzigem Aroma.","SPECIALTY_BROAD","Katalogpfad pflanzliches Proteinprodukt → Sojazutat → Hülsenfrüchte. Warengruppe pflanzliches Proteinprodukt, formrelevanter Prüfhinweis aus der vollständigen Definition: »fermentierte Sojabohnen mit klebrigen Fäden und kräftigem, erdig-würzigem Aroma«. Breiter einschlägiger Spezialmarkt über den freigegebenen v2-Anker mit dem Kerngrund »das Bornheim-Profil kann große japanisch-asiatische Kühl-/TK-Sortimente gezielt erreichen«.","SPECIALTY","Nattō: Georgia kann große japanisch-asiatische Kühl-/TK-Sortimente gezielt erreichen; Tobias hängt von wenigen geeigneten Kühlwegen ab.","REQUIRED","Nattō | Form: fermentierte Sojabohnen mit klebrigen Fäden und kräftigem, erdig-würzigem Aroma | Deutschland unabhängige Spezialhändler pflanzliches Proteinprodukt | freigegebener v2-Anker","REFERENCE_ANCHOR|EVIDENCE_REQUIRED|PERSON_DIFFERENCE"
"NDUJA","’Nduja","APPLICABLE","Weiche streichfähige kalabrische Schweinewurst mit hohem Chili- und Fettanteil; nicht feste Chorizo.","GENERAL_BROAD","Katalogpfad gepökeltes oder luftgetrocknetes Fleisch → Schweinefleisch → Wurst → Fleisch. Warengruppe Wurst oder Pökelfleisch, formrelevanter Prüfhinweis aus der vollständigen Definition: »nicht feste Chorizo«. Allgemein planbarer, aber nicht lokal garantierter Weg über eine geplante Fahrt zu einem großen Markt mit dem Sortiment »Wurstkühlung oder Bedientheke«.","PLANNED","’Nduja ist über eine geplante Fahrt zu einem großen Markt mit dem Sortiment »Wurstkühlung oder Bedientheke« im allgemeinen deutschen Handel planbar, lokal aber kein verlässlicher Standardartikel.","OPTIONAL","’Nduja | Form: nicht feste Chorizo | Bornheim gezielter Einkauf Deutschland Wurstkühlung oder Bedientheke",""
"NECTARINE","Nektarine","APPLICABLE","Glattschalige Steinfrucht aus der Pfirsichfamilie mit saftigem süß-säuerlichem Fleisch.","GENERAL_BROAD","Katalogpfad Steinobst → Obst. Warengruppe Obst, formrelevanter Prüfhinweis aus der vollständigen Definition: »Steinfrucht aus der Pfirsichfamilie mit saftigem süß-säuerlichem Fleisch«. Allgemein planbarer, aber nicht lokal garantierter Weg über einen vorbereiteten Einkauf im gut sortierten Bereich »Obst- und Gemüseabteilung«.","PLANNED","Nektarine ist über einen vorbereiteten Einkauf im gut sortierten Bereich »Obst- und Gemüseabteilung« im allgemeinen deutschen Handel planbar, lokal aber kein verlässlicher Standardartikel.","OPTIONAL","Nektarine | Form: Steinfrucht aus der Pfirsichfamilie mit saftigem süß-säuerlichem Fleisch | Bornheim gezielter Einkauf Deutschland Obst- und Gemüseabteilung",""
"NEUTRAL_OIL","neutrales Pflanzenöl","APPLICABLE","Raffiniertes Pflanzenöl mit wenig Eigengeschmack und guter Hitzetoleranz; konkrete Ölpflanze bleibt offen.","GENERAL_LOCAL","Katalogpfad Speiseöl → Kochfett. Warengruppe Speiseöl oder Kochfett, formrelevanter Prüfhinweis aus der vollständigen Definition: »konkrete Ölpflanze bleibt offen«. Regelweg in Bornheim über die gewöhnliche Bornheimer Auslage »Öl- und Kochfettregal«.","EASY","neutrales Pflanzenöl: gewöhnlicher lokaler Bezugsweg über den Bereich »Öl- und Kochfettregal«.","OPTIONAL","neutrales Pflanzenöl | Form: konkrete Ölpflanze bleibt offen | Bornheim Öl- und Kochfettregal gewöhnlicher Handel",""
"NEW_POTATOES","Frühkartoffeln","APPLICABLE","Jung geerntete Kartoffeln mit dünner Schale und wachsiger Textur; Sorte bleibt offen.","GENERAL_LOCAL","Katalogpfad Kartoffel → Wurzel- und Knollengemüse → stärkehaltige Zutat oder Sättigungsbeilage → Gemüse. Warengruppe Gemüse oder Pilz, formrelevanter Prüfhinweis aus der vollständigen Definition: »Sorte bleibt offen«. Regelweg in Bornheim über das örtliche Sortiment »Obst- und Gemüseabteilung« beim Wocheneinkauf in Bornheim.","EASY","Frühkartoffeln: gewöhnlicher lokaler Bezugsweg über den Bereich »Obst- und Gemüseabteilung«.","OPTIONAL","Frühkartoffeln | Form: Sorte bleibt offen | Bornheim Obst- und Gemüseabteilung gewöhnlicher Handel",""
"NIPA_PALM_VINEGAR","Nipapalmenessig","APPLICABLE","Natürlich fermentierter Essig aus dem Saft der Nipapalme. Gemeint ist die generische Produktart; regionale Produkte wie Sukang Paombong sind mögliche Ausprägungen, aber keine Voraussetzung.","NICHE_IMPORT","Katalogpfad Essig. Warengruppe Speiseessig, formrelevanter Prüfhinweis aus der vollständigen Definition: »regionale Produkte wie Sukang Paombong sind mögliche Ausprägungen, aber keine Voraussetzung«. Der v2-Anker hält den Engpass fest: Enge philippinische Importware mit erheblicher Verwechslungsgefahr zu Kokos- oder Zuckerrohressig.","DIFFICULT","Nipapalmenessig: Enge philippinische Importware mit erheblicher Verwechslungsgefahr zu Kokos- oder Zuckerrohressig.","REQUIRED","Nipapalmenessig | Form: regionale Produkte wie Sukang Paombong sind mögliche Ausprägungen, aber keine Voraussetzung | Deutschland EU Exakttreffer Bestand Logistik Speiseessig | freigegebener v2-Anker","REFERENCE_ANCHOR|EVIDENCE_REQUIRED|FORM_OR_ROUTE_FRAGILE"
"NOODLES","Nudeln","APPLICABLE","Offene Vorgabe für geformte Nudeln aus Getreide oder Stärke; Rohstoff, Form und Küchentradition bleiben wählbar.","GENERAL_LOCAL","Katalogpfad stärkehaltige Zutat oder Sättigungsbeilage. Warengruppe Getreide- oder Stärkeware, formrelevanter Prüfhinweis aus der vollständigen Definition: »Rohstoff, Form und Küchentradition bleiben wählbar«. Regelweg in Bornheim über den Bereich »Reis-, Mehl-, Nudel- oder Trockenwarenregal« eines gewöhnlichen Bornheimer Vollsortimenters.","EASY","Nudeln: gewöhnlicher lokaler Bezugsweg über den Bereich »Reis-, Mehl-, Nudel- oder Trockenwarenregal«.","OPTIONAL","Nudeln | Form: Rohstoff, Form und Küchentradition bleiben wählbar | Bornheim Reis-, Mehl-, Nudel- oder Trockenwarenregal gewöhnlicher Handel",""
"NORA_PEPPER","Ñora-Paprika","APPLICABLE","Kleine runde, reif rot geerntete und getrocknete spanische Paprika (ñora), meist eingeweicht beziehungsweise ausgeschabt als Würzzutat verwendet; nicht Paprikapulver und nicht generische getrocknete Chili.","SPECIALTY_BROAD","Katalogpfad konservierte pflanzliche Zutat → Gewürz oder trockenes Würzmittel. Warengruppe konservierte Pflanzenware, formrelevanter Prüfhinweis aus der vollständigen Definition: »nicht Paprikapulver und nicht generische getrocknete Chili«. Breiter einschlägiger Spezialmarkt über die voneinander unabhängigen Händler Mitte Meer – getrocknete Ñora-Paprika sowie Gewürze der Welt – Ñora/Niora geschrotet.","SPECIALTY","Ñora-Paprika ist im einschlägigen Spezialmarkt breit etabliert; dokumentierte reguläre Wege sind die voneinander unabhängigen Händler Mitte Meer – getrocknete Ñora-Paprika sowie Gewürze der Welt – Ñora/Niora geschrotet.","REQUIRED","Ñora-Paprika | Form: nicht Paprikapulver und nicht generische getrocknete Chili | Deutschland unabhängige Spezialhändler konservierte Pflanzenware | geprüfte Quellen: Mitte Meer – getrocknete Ñora-Paprika ; Gewürze der Welt – Ñora/Niora geschrotet","EVIDENCE_REQUIRED"
"NORI","Nori","APPLICABLE","Dünne getrocknete Blätter aus roten Meeresalgen, typischerweise geröstet; nicht Kombu oder Wakame.","GENERAL_BROAD","Katalogpfad Algen → Gemüse. Warengruppe getrocknete Alge, formrelevanter Prüfhinweis aus der vollständigen Definition: »nicht Kombu oder Wakame«. Allgemein planbarer, aber nicht lokal garantierter Weg über eine konkrete Vorbestellung oder Bestandsabfrage für getrocknete Alge.","PLANNED","Nori ist über eine konkrete Vorbestellung oder Bestandsabfrage für getrocknete Alge im allgemeinen deutschen Handel planbar, lokal aber kein verlässlicher Standardartikel.","OPTIONAL","Nori | Form: nicht Kombu oder Wakame | Bornheim gezielter Einkauf Deutschland Asia- oder internationales Trockenwarenregal",""
"NORTH_SEA_SHRIMP","Nordseekrabbe","APPLICABLE","Kleine graue Nordseegarnele (Crangon crangon), in Deutschland üblicherweise als Nordseekrabbe bezeichnet; typischerweise bereits gekocht und geschält erhältlich. Nicht beliebige Garnelen und trotz des deutschen Namens keine echte Krabbe.","GENERAL_BROAD","Katalogpfad Garnelen → Krustentiere → wirbellose Tiere → Schalen- und Krustentiere. Warengruppe Fisch oder Meeresfrucht, formrelevanter Prüfhinweis aus der vollständigen Definition: »Nicht beliebige Garnelen und trotz des deutschen Namens keine echte Krabbe«. Gezielter Fischhandel oder verbreiteter deutscher Seafood-Versand tragen den planbaren Weg; regionale Nähe macht die Ware nicht zum Supermarktstandard.","PLANNED","Nordseekrabbe: Gezielter Fischhandel beziehungsweise verbreiteter deutscher Seafood-Versand; regionale Nähe macht daraus keinen Supermarktstandard.","REQUIRED","Nordseekrabbe | Form: Nicht beliebige Garnelen und trotz des deutschen Namens keine echte Krabbe | Bornheim gezielter Einkauf Deutschland Fischkühlung, Fischtheke oder Tiefkühlabteilung | freigegebener v2-Anker","REFERENCE_ANCHOR|EVIDENCE_REQUIRED|BORDERLINE_PLANNED"
"NORTHERN_PRAWN","Eismeergarnele","APPLICABLE","Eismeergarnele beziehungsweise Nordische Garnele (Pandalus borealis), frisch oder tiefgekühlt und je nach Produkt geschält oder ungeschält. Nicht mit der Nordseekrabbe (Crangon crangon) oder beliebigen Warmwassergarnelen gleichsetzen.","GENERAL_BROAD","Köser – Cocktail-Krabben Pandalus borealis belegt: Köser weist seine sofort verfügbaren Cocktail-Krabben als Pandalus borealis aus; sie sind gekocht, einzeln schockgefrostet und werden ohne Unterbrechung der Kühlkette in Trockeneis geliefert. Der Bezug erfolgt über Deutschland und ausgewählte EU-Länder; Express am Wunschtag in Trockeneis-Isolierung; maßgeblich ist FROZEN_SHIPPING. Belegt ist eine gekochte geschälte Kilopackung, nicht rohe Ware; Menge und Expresskosten machen den Bezug planungsbedürftig.","PLANNED","Eismeergarnele: Köser weist seine sofort verfügbaren Cocktail-Krabben als Pandalus borealis aus; sie sind gekocht, einzeln schockgefrostet und werden ohne Unterbrechung der Kühlkette in Trockeneis geliefert.","REQUIRED","Pandalus borealis Cocktail Krabben schockgefrostet Köser sofort verfügbar Trockeneis | Georgia Bornheim Rheinland | Köser – Cocktail-Krabben Pandalus borealis | IN_STOCK FROZEN_SHIPPING","EVIDENCE_REQUIRED|BORDERLINE_PLANNED"
"NORWEGIAN_WAFFLE","Norwegische Waffel","APPLICABLE","Dünne, weiche Waffel nach norwegischer Art, typischerweise herzförmig, leicht süß und mit Kardamom aromatisiert. Gemeint ist die Waffel selbst, ohne vorausgesetzte Beläge.","NICHE_IMPORT","Katalogpfad Waffel → Backware. Warengruppe Back- oder Brotwaren, formrelevanter Prüfhinweis aus der vollständigen Definition: »Gemeint ist die Waffel selbst, ohne vorausgesetzte Beläge«. Nur der schmale Händlerweg über Norwegian Foodstore – Norwegian bakery range ist positiv belegt; Importbeschränkung begrenzt Form, Bestand oder Logistik.","DIFFICULT","Norwegische Waffel: Nur der schmale Händlerweg über Norwegian Foodstore – Norwegian bakery range ist positiv belegt; Importbeschränkung begrenzt Form, Bestand oder Logistik.","REQUIRED","Norwegische Waffel | Form: Gemeint ist die Waffel selbst, ohne vorausgesetzte Beläge | Deutschland EU Exakttreffer Bestand Logistik Back- oder Brotwaren | geprüfte Quellen: Norwegian Foodstore – Norwegian bakery range","EVIDENCE_REQUIRED|FORM_OR_ROUTE_FRAGILE"
"NUT_AND_SEED_PASTES","Nuss- oder Samenpaste","APPLICABLE","Offene Familie fein vermahlener Nuss- oder Samenpasten; Rohstoff, Röstung und Süßung bleiben offen.","GENERAL_LOCAL","Katalogpfad Sauce, Würzmittel oder Paste. Warengruppe Nuss- oder Saatenpaste, formrelevanter Prüfhinweis aus der vollständigen Definition: »Rohstoff, Röstung und Süßung bleiben offen«. Regelweg in Bornheim über nahe Supermarktfilialen in Bornheim mit dem Bereich »Aufstrich-, Nussmus- oder Feinkostregal«.","EASY","Nuss- oder Samenpaste: gewöhnlicher lokaler Bezugsweg über den Bereich »Aufstrich-, Nussmus- oder Feinkostregal«.","OPTIONAL","Nuss- oder Samenpaste | Form: Rohstoff, Röstung und Süßung bleiben offen | Bornheim Aufstrich-, Nussmus- oder Feinkostregal gewöhnlicher Handel","RATING_RECONCILED_V2"
"NUTMEG","Muskatnuss","APPLICABLE","Muskatnuss als intensiv warm-würziger Samenkern, frisch gerieben oder gemahlen; sparsam dosieren.","GENERAL_LOCAL","Katalogpfad Gewürz oder trockenes Würzmittel. Warengruppe Gewürz, formrelevanter Prüfhinweis aus der vollständigen Definition: »sparsam dosieren«. Regelweg in Bornheim über nahe Supermarktfilialen in Bornheim mit dem Bereich »Gewürz- und Trockenwürzregal«.","EASY","Muskatnuss: gewöhnlicher lokaler Bezugsweg über den Bereich »Gewürz- und Trockenwürzregal«.","OPTIONAL","Muskatnuss | Form: sparsam dosieren | Bornheim Gewürz- und Trockenwürzregal gewöhnlicher Handel",""
"NUTRITIONAL_YEAST","Hefeflocken","APPLICABLE","Inaktive getrocknete Hefeflocken mit nussig-käsigem Umami; keine aktive Backhefe.","GENERAL_BROAD","Katalogpfad Gewürz oder trockenes Würzmittel. Warengruppe Gewürz, formrelevanter Prüfhinweis aus der vollständigen Definition: »keine aktive Backhefe«. Allgemein planbarer, aber nicht lokal garantierter Weg über eine gezielte Filial- oder Bestellprüfung für Gewürz im allgemeinen deutschen Handel.","PLANNED","Hefeflocken: Breit im Bio-, Drogerie- und allgemeinen deutschen Onlinehandel etabliert, lokal aber nicht universell.","OPTIONAL","Hefeflocken | Form: keine aktive Backhefe | Bornheim gezielter Einkauf Deutschland Gewürz- und Trockenwürzregal","REFERENCE_ANCHOR"
"NUTS","Nüsse","APPLICABLE","Offene Vorgabe für kulinarisch als Nüsse verwendete Kerne; Sorte, Röstung und Zerkleinerung bleiben wählbar.","GENERAL_LOCAL","Katalogpfad eigenständige Katalogwurzel. Warengruppe Nuss, Saat oder Mus, formrelevanter Prüfhinweis aus der vollständigen Definition: »Sorte, Röstung und Zerkleinerung bleiben wählbar«. Regelweg in Bornheim über den Bereich »Nuss-, Saaten- oder Nussmusregal« eines gewöhnlichen Bornheimer Vollsortimenters.","EASY","Nüsse: gewöhnlicher lokaler Bezugsweg über den Bereich »Nuss-, Saaten- oder Nussmusregal«.","OPTIONAL","Nüsse | Form: Sorte, Röstung und Zerkleinerung bleiben wählbar | Bornheim Nuss-, Saaten- oder Nussmusregal gewöhnlicher Handel",""
"OAT_DRINK","Haferdrink","APPLICABLE","Flüssiger Pflanzendrink auf Haferbasis; gesüßte und ungesüßte sowie baristataugliche Varianten sind umfasst.","GENERAL_LOCAL","Katalogpfad pflanzlicher Drink. Warengruppe Pflanzendrink, formrelevanter Prüfhinweis aus der vollständigen Definition: »gesüßte und ungesüßte sowie baristataugliche Varianten sind umfasst«. Regelweg in Bornheim über das örtliche Sortiment »Regal für haltbare oder gekühlte Pflanzendrinks« beim Wocheneinkauf in Bornheim.","EASY","Haferdrink: gewöhnlicher lokaler Bezugsweg über den Bereich »Regal für haltbare oder gekühlte Pflanzendrinks«.","OPTIONAL","Haferdrink | Form: gesüßte und ungesüßte sowie baristataugliche Varianten sind umfasst | Bornheim Regal für haltbare oder gekühlte Pflanzendrinks gewöhnlicher Handel",""
"OATS","Hafer","APPLICABLE","Hafer als ganzes Korn, Grütze oder Flocken; konkrete Verarbeitungsform bleibt wählbar.","GENERAL_LOCAL","Katalogpfad Getreide oder Pseudogetreide → stärkehaltige Zutat oder Sättigungsbeilage. Warengruppe Getreide- oder Stärkeware, formrelevanter Prüfhinweis aus der vollständigen Definition: »konkrete Verarbeitungsform bleibt wählbar«. Regelweg in Bornheim über das örtliche Sortiment »Reis-, Mehl-, Nudel- oder Trockenwarenregal« beim Wocheneinkauf in Bornheim.","EASY","Hafer: gewöhnlicher lokaler Bezugsweg über den Bereich »Reis-, Mehl-, Nudel- oder Trockenwarenregal«.","OPTIONAL","Hafer | Form: konkrete Verarbeitungsform bleibt wählbar | Bornheim Reis-, Mehl-, Nudel- oder Trockenwarenregal gewöhnlicher Handel",""
"OCTOPUS","Oktopus","APPLICABLE","Oktopus mit festen Armen und kollagenreichem Fleisch, das durch geeignete Garung zart wird; nicht Kalmar.","GENERAL_BROAD","Deutsche See – Mini Pulpo Octopus TK belegt: Die Produktseite bietet Mini-Pulpo als rohen, geputzten und einzeln entnehmbaren Oktopus tiefgekühlt an; der Artikel ist aktuell verfügbar. Der Bezug erfolgt über Deutschland und Österreich; tiefgekühlte GO!-Express-Lieferung zum Wunschtermin; maßgeblich ist FROZEN_SHIPPING. Die Ware ist glasiert und vorgesalzen; sie belegt kleine ganze Oktopusse, andere Größen oder vorgekochte Arme nicht.","PLANNED","Oktopus: Die Produktseite bietet Mini-Pulpo als rohen, geputzten und einzeln entnehmbaren Oktopus tiefgekühlt an; der Artikel ist aktuell verfügbar.","REQUIRED","Mini Pulpo Octopus roh geputzt tiefgekühlt Deutsche See verfügbar nicht Kalmar | Georgia Bornheim Rheinland | Deutsche See – Mini Pulpo Octopus TK | IN_STOCK FROZEN_SHIPPING","EVIDENCE_REQUIRED|BORDERLINE_PLANNED"
"OFFAL","Innereien","APPLICABLE","Offene Vorgabe für essbare Innereien und verwandte Schlachtteile; Tierart und Organ bleiben bewusst wählbar.","GENERAL_BROAD","Katalogpfad Fleisch. Warengruppe Fleisch, formrelevanter Prüfhinweis aus der vollständigen Definition: »Tierart und Organ bleiben bewusst wählbar«. Allgemein planbarer, aber nicht lokal garantierter Weg über eine gezielte Bestellung oder Sortimentsprüfung bei MeinMetzger – Innereien.","PLANNED","Innereien ist über eine gezielte Bestellung oder Sortimentsprüfung bei MeinMetzger – Innereien im allgemeinen deutschen Handel planbar, lokal aber kein verlässlicher Standardartikel.","REQUIRED","Innereien | Form: Tierart und Organ bleiben bewusst wählbar | Bornheim gezielter Einkauf Deutschland Fleischkühlung oder Bedientheke | geprüfte Quellen: MeinMetzger – Innereien","EVIDENCE_REQUIRED|BORDERLINE_PLANNED"
"OILS","Speiseöl","APPLICABLE","Offene Vorgabe für flüssige Speiseöle; Rohstoff, Raffination, Eigengeschmack und Hitzetoleranz bleiben offen.","GENERAL_LOCAL","Katalogpfad Kochfett. Warengruppe Speiseöl oder Kochfett, formrelevanter Prüfhinweis aus der vollständigen Definition: »Rohstoff, Raffination, Eigengeschmack und Hitzetoleranz bleiben offen«. Regelweg in Bornheim über den regulären Bornheimer Regalweg »Öl- und Kochfettregal«.","EASY","Speiseöl: gewöhnlicher lokaler Bezugsweg über den Bereich »Öl- und Kochfettregal«.","OPTIONAL","Speiseöl | Form: Rohstoff, Raffination, Eigengeschmack und Hitzetoleranz bleiben offen | Bornheim Öl- und Kochfettregal gewöhnlicher Handel",""
"OILY_FISH","fettreicher Fisch","APPLICABLE","Offene Vorgabe für fettreiche Fischarten mit kräftigerem Geschmack und saftigem Fleisch.","GENERAL_LOCAL","Katalogpfad Fisch → Fisch und Meeresfrüchte. Warengruppe Fisch oder Meeresfrucht, formrelevanter Prüfhinweis aus der vollständigen Definition: »fettreiche Fischarten mit kräftigerem Geschmack und saftigem Fleisch«. Regelweg in Bornheim über die regulären lokalen Sortimente REWE – Lachsfilet aus der Servicetheke sowie EDEKA – Bio norwegische Lachsfilets.","EASY","fettreicher Fisch: gewöhnlicher lokaler Bezugsweg über die regulären lokalen Sortimente REWE – Lachsfilet aus der Servicetheke sowie EDEKA – Bio norwegische Lachsfilets.","REQUIRED","fettreicher Fisch | Form: fettreiche Fischarten mit kräftigerem Geschmack und saftigem Fleisch | Bornheim Fischkühlung, Fischtheke oder Tiefkühlabteilung gewöhnlicher Handel | geprüfte Quellen: REWE – Lachsfilet aus der Servicetheke ; EDEKA – Bio norwegische Lachsfilets","EVIDENCE_REQUIRED|BORDERLINE_PLANNED|RATING_RECONCILED_V2"
"OKRA","Okra","APPLICABLE","Junge Okraschoten mit grasig-mildem Geschmack; ihre Samen und Schleimstoffe entwickeln beim Garen eine charakteristische Bindung.","SPECIALTY_BROAD","Katalogpfad Fruchtgemüse → Hülsen- und Schotengemüse → Gemüse. Warengruppe Gemüse oder Pilz, formrelevanter Prüfhinweis aus der vollständigen Definition: »ihre Samen und Schleimstoffe entwickeln beim Garen eine charakteristische Bindung«. Breiter einschlägiger Spezialmarkt über die voneinander unabhängigen Händler FrischeParadies – fruit and vegetable direct shop sowie Spice Mart – fresh produce with fresh okra.","SPECIALTY","Okra ist im einschlägigen Spezialmarkt breit etabliert; dokumentierte reguläre Wege sind die voneinander unabhängigen Händler FrischeParadies – fruit and vegetable direct shop sowie Spice Mart – fresh produce with fresh okra.","REQUIRED","Okra | Form: ihre Samen und Schleimstoffe entwickeln beim Garen eine charakteristische Bindung | Deutschland unabhängige Spezialhändler Gemüse oder Pilz | geprüfte Quellen: FrischeParadies – fruit and vegetable direct shop ; Spice Mart – fresh produce with fresh okra","RATING_RECONCILED_V2"
"OLIVE_OIL","Olivenöl","APPLICABLE","Speiseöl aus Oliven; natives aromatisches und raffiniertes milderes Öl sind je nach Anwendung möglich.","GENERAL_LOCAL","Katalogpfad Speiseöl → Kochfett. Warengruppe Speiseöl oder Kochfett, formrelevanter Prüfhinweis aus der vollständigen Definition: »natives aromatisches und raffiniertes milderes Öl sind je nach Anwendung möglich«. Regelweg in Bornheim über das örtliche Sortiment »Öl- und Kochfettregal« beim Wocheneinkauf in Bornheim.","EASY","Olivenöl: gewöhnlicher lokaler Bezugsweg über den Bereich »Öl- und Kochfettregal«.","OPTIONAL","Olivenöl | Form: natives aromatisches und raffiniertes milderes Öl sind je nach Anwendung möglich | Bornheim Öl- und Kochfettregal gewöhnlicher Handel",""
"OLIVES","Oliven","APPLICABLE","Essfertig entbitterte Oliven in Lake oder Öl; Farbe, Sorte, Entsteinung und Würzung bleiben offen.","GENERAL_LOCAL","Katalogpfad konservierte pflanzliche Zutat. Warengruppe konservierte Pflanzenware, formrelevanter Prüfhinweis aus der vollständigen Definition: »Farbe, Sorte, Entsteinung und Würzung bleiben offen«. Regelweg in Bornheim über nahe Supermarktfilialen in Bornheim mit dem Bereich »Konserven-, Glas- oder internationales Feinkostregal«.","EASY","Oliven: gewöhnlicher lokaler Bezugsweg über den Bereich »Konserven-, Glas- oder internationales Feinkostregal«.","OPTIONAL","Oliven | Form: Farbe, Sorte, Entsteinung und Würzung bleiben offen | Bornheim Konserven-, Glas- oder internationales Feinkostregal gewöhnlicher Handel",""
"OLOMOUC_TVARUZKY","Olmützer Quargel","APPLICABLE","Olomoucké tvarůžky: tschechischer g.g.A.-Schmierkäse aus Sauermilchquark mit höchstens 1 % Fett, kräftigem bis sehr scharfem Aroma und ausgeprägter Reifungsnote. Nicht mit beliebigem Harzer Käse oder Quark gleichsetzen.","NICHE_IMPORT","Katalogpfad Käse → gesäuertes Milchprodukt → Milchprodukte. Warengruppe Käse, formrelevanter Prüfhinweis aus der vollständigen Definition: »Nicht mit beliebigem Harzer Käse oder Quark gleichsetzen«. Nur der schmale Händlerweg über A.W. Loštice – Olomoucké tvarůžky manufacturer ist positiv belegt; Kühlversand begrenzt Form, Bestand oder Logistik.","DIFFICULT","Olmützer Quargel: Nur der schmale Händlerweg über A.W. Loštice – Olomoucké tvarůžky manufacturer ist positiv belegt; Kühlversand begrenzt Form, Bestand oder Logistik.","REQUIRED","Olmützer Quargel | Form: Nicht mit beliebigem Harzer Käse oder Quark gleichsetzen | Deutschland EU Exakttreffer Bestand Logistik Käse | geprüfte Quellen: A.W. Loštice – Olomoucké tvarůžky manufacturer","EVIDENCE_REQUIRED|FORM_OR_ROUTE_FRAGILE"
"ONION","Zwiebel","APPLICABLE","Küchenzwiebel mit schwefelig-scharfem, beim Garen süßlichem Aroma; gelbe beziehungsweise braune Standardsorte gemeint.","GENERAL_LOCAL","Katalogpfad Lauch- und Zwiebelgemüse → Gemüse. Warengruppe Gemüse oder Pilz, formrelevanter Prüfhinweis aus der vollständigen Definition: »gelbe beziehungsweise braune Standardsorte gemeint«. Regelweg in Bornheim über die gewöhnliche Bornheimer Auslage »Obst- und Gemüseabteilung«.","EASY","Zwiebel: Gewöhnlicher lokaler Supermarkt- und Discounterstandard mit sehr hoher Trefferwahrscheinlichkeit.","OPTIONAL","Zwiebel | Form: gelbe beziehungsweise braune Standardsorte gemeint | Bornheim Obst- und Gemüseabteilung gewöhnlicher Handel","REFERENCE_ANCHOR"
"ONION_POWDER","Zwiebelpulver","APPLICABLE","Getrocknete gemahlene oder granulierte Zwiebel mit konzentriertem Aroma; nicht frische Zwiebel oder Zwiebelsalz.","GENERAL_LOCAL","Katalogpfad Gewürz oder trockenes Würzmittel. Warengruppe Gewürz, formrelevanter Prüfhinweis aus der vollständigen Definition: »nicht frische Zwiebel oder Zwiebelsalz«. Regelweg in Bornheim über nahe Supermarktfilialen in Bornheim mit dem Bereich »Gewürz- und Trockenwürzregal«.","EASY","Zwiebelpulver: gewöhnlicher lokaler Bezugsweg über den Bereich »Gewürz- und Trockenwürzregal«.","OPTIONAL","Zwiebelpulver | Form: nicht frische Zwiebel oder Zwiebelsalz | Bornheim Gewürz- und Trockenwürzregal gewöhnlicher Handel",""
"OOLONG_TEA","Oolongtee","APPLICABLE","Teiloxidierter Tee zwischen grünem und schwarzem Tee; Stil reicht von floral-leicht bis dunkel geröstet.","GENERAL_BROAD","Katalogpfad Tee. Warengruppe Tee, formrelevanter Prüfhinweis aus der vollständigen Definition: »Stil reicht von floral-leicht bis dunkel geröstet«. Allgemein planbarer, aber nicht lokal garantierter Weg über eine gezielte Filial- oder Bestellprüfung für Tee im allgemeinen deutschen Handel.","PLANNED","Oolongtee ist über eine gezielte Filial- oder Bestellprüfung für Tee im allgemeinen deutschen Handel planbar, lokal aber kein verlässlicher Standardartikel.","OPTIONAL","Oolongtee | Form: Stil reicht von floral-leicht bis dunkel geröstet | Bornheim gezielter Einkauf Deutschland Tee- und Aufgussregal",""
"ORANGE","Orange","APPLICABLE","Süße Orange mit saftigem Fruchtfleisch und aromatischer Schale; Blutorange bleibt als eigene Ausprägung getrennt.","GENERAL_LOCAL","Katalogpfad Zitrusfrucht → Obst. Warengruppe Obst, formrelevanter Prüfhinweis aus der vollständigen Definition: »Blutorange bleibt als eigene Ausprägung getrennt«. Regelweg in Bornheim über nahe Supermarktfilialen in Bornheim mit dem Bereich »Obst- und Gemüseabteilung«.","EASY","Orange: gewöhnlicher lokaler Bezugsweg über den Bereich »Obst- und Gemüseabteilung«.","OPTIONAL","Orange | Form: Blutorange bleibt als eigene Ausprägung getrennt | Bornheim Obst- und Gemüseabteilung gewöhnlicher Handel",""
"OREGANO","Oregano","APPLICABLE","Oregano mit kräftig-herbem, warmem Kräuteraroma; frisch oder getrocknet verwendbar.","GENERAL_LOCAL","Katalogpfad Kräuter und Würzblätter. Warengruppe frisches Würzkraut, formrelevanter Prüfhinweis aus der vollständigen Definition: »frisch oder getrocknet verwendbar«. Regelweg in Bornheim über den Bereich »frische Kräuterabteilung« eines gewöhnlichen Bornheimer Vollsortimenters.","EASY","Oregano: gewöhnlicher lokaler Bezugsweg über den Bereich »frische Kräuterabteilung«.","OPTIONAL","Oregano | Form: frisch oder getrocknet verwendbar | Bornheim frische Kräuterabteilung gewöhnlicher Handel",""
"ORZO","Kritharaki oder Orzo","APPLICABLE","Kleine reisförmige Weizenpasta, auch Kritharaki genannt; trotz der Form kein Reis.","GENERAL_BROAD","Katalogpfad Weizenpasta → Nudeln → stärkehaltige Zutat oder Sättigungsbeilage. Warengruppe Getreide- oder Stärkeware, formrelevanter Prüfhinweis aus der vollständigen Definition: »trotz der Form kein Reis«. Allgemein planbarer, aber nicht lokal garantierter Weg über eine reguläre Onlinebestellung im allgemeinen Handel mit formgenauer Artikelsuche.","PLANNED","Kritharaki oder Orzo ist über eine reguläre Onlinebestellung im allgemeinen Handel mit formgenauer Artikelsuche im allgemeinen deutschen Handel planbar, lokal aber kein verlässlicher Standardartikel.","OPTIONAL","Kritharaki oder Orzo | Form: trotz der Form kein Reis | Bornheim gezielter Einkauf Deutschland Reis-, Mehl-, Nudel- oder Trockenwarenregal",""
"OXTAIL","Ochsenschwanz","APPLICABLE","Quergeschnittener Rinderschwanz mit Knochen, Fett und viel Kollagen; für langsames Schmoren oder Brühen geeignet.","GENERAL_BROAD","Katalogpfad Rindfleisch → Fleisch. Warengruppe Fleisch, formrelevanter Prüfhinweis aus der vollständigen Definition: »für langsames Schmoren oder Brühen geeignet«. Der formtreue Bezug beginnt in Bornheim bei „Fleischkühlung oder Bedientheke per bestandsgeprüfter Abholung“.","PLANNED","Ochsenschwanz: Der formtreue Bezug beginnt in Bornheim bei „Fleischkühlung oder Bedientheke per bestandsgeprüfter Abholung“.","OPTIONAL","Ochsenschwanz | Form: für langsames Schmoren oder Brühen geeignet | Bornheim gezielter Einkauf Deutschland Fleischkühlung oder Bedientheke",""
"OYSTER","Austern","APPLICABLE","Auster als essbare Muschel mit jodig-salzigem Geschmack; lebend in der Schale oder ausgelöst verwendbar.","GENERAL_BROAD","Deutsche See – Fines de Claire Austern belegt: Deutsche See kennzeichnet zwölf Fines-de-Claire-Austern aus Frankreich als frisch, lebend und aktuell verfügbar; die Schalenware wird gekühlt zugestellt. Der Bezug erfolgt über Deutschland und Österreich; gekühlte GO!-Express-Lieferung zum Wunschtermin; maßgeblich ist CHILLED_SHIPPING. Lebende Austern sind kurz haltbar und der Bestand kann sich rasch ändern; ausgelöste Austern belegt diese Route nicht.","PLANNED","Austern: Deutsche See kennzeichnet zwölf Fines-de-Claire-Austern aus Frankreich als frisch, lebend und aktuell verfügbar; die Schalenware wird gekühlt zugestellt.","REQUIRED","Fines de Claire Austern lebend Schale frisch Deutsche See verfügbar gekühlt | Georgia Bornheim Rheinland | Deutsche See – Fines de Claire Austern | IN_STOCK CHILLED_SHIPPING","EVIDENCE_REQUIRED|BORDERLINE_PLANNED"
"OYSTER_MUSHROOM","Austernpilze","APPLICABLE","Austernseitling mit breitem Hut, zart-faseriger Textur und mildem Umami; nicht Kräuterseitling.","GENERAL_LOCAL","Katalogpfad Pilze → Gemüse. Warengruppe Gemüse oder Pilz, formrelevanter Prüfhinweis aus der vollständigen Definition: »nicht Kräuterseitling«. Regelweg in Bornheim über ortsübliche Vollsortimenter rund um Bornheim, konkret im Bereich »Obst- und Gemüseabteilung«.","EASY","Austernpilze: gewöhnlicher lokaler Bezugsweg über den Bereich »Obst- und Gemüseabteilung«.","OPTIONAL","Austernpilze | Form: nicht Kräuterseitling | Bornheim Obst- und Gemüseabteilung gewöhnlicher Handel","RATING_RECONCILED_V2"
"OYSTER_SAUCE","Austernsauce","APPLICABLE","Dicke salzig-süßliche Würzsauce mit Austernextrakt und Umami; vegetarische Pilzvarianten sind nicht gemeint.","GENERAL_BROAD","Katalogpfad fertige Sauce oder Würzpaste → Sauce, Würzmittel oder Paste. Warengruppe Sauce oder Würzpaste, formrelevanter Prüfhinweis aus der vollständigen Definition: »vegetarische Pilzvarianten sind nicht gemeint«. Allgemein planbarer, aber nicht lokal garantierter Weg über eine gezielte Filial- oder Bestellprüfung für Sauce oder Würzpaste im allgemeinen deutschen Handel.","PLANNED","Austernsauce ist über eine gezielte Filial- oder Bestellprüfung für Sauce oder Würzpaste im allgemeinen deutschen Handel planbar, lokal aber kein verlässlicher Standardartikel.","OPTIONAL","Austernsauce | Form: vegetarische Pilzvarianten sind nicht gemeint | Bornheim gezielter Einkauf Deutschland Saucen-, Würzpasten- und Feinkostregal",""
"PADRON_PEPPER","Padrón-Paprika","APPLICABLE","Kleine grüne Paprika der Padrón-/Pemento-de-Herbón-Tradition; überwiegend mild, einzelne Früchte deutlich scharf. Gemeint ist die frische ganze Paprika, nicht ein fertiges Tapasgericht.","GENERAL_BROAD","Padrón-Paprika: FrischeParadies führt frische ganze Pimientos de Padrón im 200-g-Beutel mit bundesweiter Frischezustellung oder Marktabholung. Profilbezug Georgia: Bornheim beziehungsweise der planbare allgemeine deutsche Bezug; Köln oder Düsseldorf werden nicht als lokaler EASY-Weg gewertet.","PLANNED","Padrón-Paprika: FrischeParadies führt frische ganze Pimientos de Padrón im 200-g-Beutel mit bundesweiter Frischezustellung oder Marktabholung.","REQUIRED","Pimientos de Padrón frisch ganz 200 g FrischeParadies Frischezustellung; Georgia Bornheim konkrete Produktseite Bestand Logistik 2026-09-04","EVIDENCE_REQUIRED|BORDERLINE_PLANNED"
"PAK_CHOI","Pak Choi","APPLICABLE","Asiatisches Kohlgemüse mit saftigen hellen Stielen und dunklen Blättern; beide Teile sind essbar.","GENERAL_BROAD","Katalogpfad Kohlgemüse → Blattgemüse → Gemüse. Warengruppe Gemüse oder Pilz, formrelevanter Prüfhinweis aus der vollständigen Definition: »beide Teile sind essbar«. Allgemein planbarer, aber nicht lokal garantierter Weg über eine reguläre Onlinebestellung im allgemeinen Handel mit formgenauer Artikelsuche.","PLANNED","Pak Choi ist über eine reguläre Onlinebestellung im allgemeinen Handel mit formgenauer Artikelsuche im allgemeinen deutschen Handel planbar, lokal aber kein verlässlicher Standardartikel.","OPTIONAL","Pak Choi | Form: beide Teile sind essbar | Bornheim gezielter Einkauf Deutschland Obst- und Gemüseabteilung",""
"PALM_SUGAR","Palmzucker","APPLICABLE","Aus Palmensaft eingekochter Zucker mit karamelligem Aroma; Block-, Pasten- und Granulatformen sind umfasst.","SPECIALTY_BROAD","Katalogpfad Süßungsmittel. Warengruppe Süßungs- oder Kakaoware, formrelevanter Prüfhinweis aus der vollständigen Definition: »Block-, Pasten- und Granulatformen sind umfasst«. Breiter einschlägiger Spezialmarkt über die voneinander unabhängigen Händler Asiafoodland – palm sugar slices 200 g sowie Asiashoponline – Nesia palm sugar 250 g.","SPECIALTY","Palmzucker ist im einschlägigen Spezialmarkt breit etabliert; dokumentierte reguläre Wege sind die voneinander unabhängigen Händler Asiafoodland – palm sugar slices 200 g sowie Asiashoponline – Nesia palm sugar 250 g.","REQUIRED","Palmzucker | Form: Block-, Pasten- und Granulatformen sind umfasst | Deutschland unabhängige Spezialhändler Süßungs- oder Kakaoware | geprüfte Quellen: Asiafoodland – palm sugar slices 200 g ; Asiashoponline – Nesia palm sugar 250 g","EVIDENCE_REQUIRED"
"PANCETTA","Pancetta","APPLICABLE","Italienischer gepökelter, meist ungeräucherter Schweinebauch; gerollt oder flach und roh zu garen beziehungsweise gereift.","GENERAL_BROAD","Katalogpfad gepökeltes oder luftgetrocknetes Fleisch → Schweinebauch → Fleisch → Schweinefleisch. Warengruppe Wurst oder Pökelfleisch, formrelevanter Prüfhinweis aus der vollständigen Definition: »gerollt oder flach und roh zu garen beziehungsweise gereift«. Allgemein planbarer, aber nicht lokal garantierter Weg über eine gezielte Bestellung oder Sortimentsprüfung bei MeinMetzger – original Pancetta.","PLANNED","Pancetta ist über eine gezielte Bestellung oder Sortimentsprüfung bei MeinMetzger – original Pancetta im allgemeinen deutschen Handel planbar, lokal aber kein verlässlicher Standardartikel.","REQUIRED","Pancetta | Form: gerollt oder flach und roh zu garen beziehungsweise gereift | Bornheim gezielter Einkauf Deutschland Wurstkühlung oder Bedientheke | geprüfte Quellen: MeinMetzger – original Pancetta","EVIDENCE_REQUIRED|BORDERLINE_PLANNED"
"PANDAN_LEAVES","Pandanblätter","APPLICABLE","Lange aromatische Pandanblätter mit süßlich-grünem, vanilleähnlichem Duft; meist zum Mitgaren oder Extrahieren.","SPECIALTY_BROAD","Katalogpfad Kräuter und Würzblätter. Warengruppe frisches Würzkraut, formrelevanter Prüfhinweis aus der vollständigen Definition: »meist zum Mitgaren oder Extrahieren«. Breiter einschlägiger Spezialmarkt über den freigegebenen v2-Anker mit dem Kerngrund »Frisch oder TK bei vielen südostasiatisch orientierten Spezialhändlern üblich Produktform und Kühlung bleiben zu beachten«.","SPECIALTY","Pandanblätter: Frisch oder TK bei vielen südostasiatisch orientierten Spezialhändlern üblich; Produktform und Kühlung bleiben zu beachten.","REQUIRED","Pandanblätter | Form: meist zum Mitgaren oder Extrahieren | Deutschland unabhängige Spezialhändler frisches Würzkraut | freigegebener v2-Anker","REFERENCE_ANCHOR|EVIDENCE_REQUIRED"
"PANEER","Paneer","APPLICABLE","Ungereifter indischer Frischkäse mit fester, nicht schmelzender Textur; typischerweise aus Kuh- oder Büffelmilch.","SPECIALTY_BROAD","Katalogpfad Käse → gesäuertes Milchprodukt → Milchprodukte. Warengruppe Käse, formrelevanter Prüfhinweis aus der vollständigen Definition: »typischerweise aus Kuh- oder Büffelmilch«. Breiter einschlägiger Spezialmarkt über die voneinander unabhängigen Händler FrischeParadies – cheese direct shop sowie Spice Mart – fresh Paneer range.","SPECIALTY","Paneer ist im einschlägigen Spezialmarkt breit etabliert; dokumentierte reguläre Wege sind die voneinander unabhängigen Händler FrischeParadies – cheese direct shop sowie Spice Mart – fresh Paneer range.","REQUIRED","Paneer | Form: typischerweise aus Kuh- oder Büffelmilch | Deutschland unabhängige Spezialhändler Käse | geprüfte Quellen: FrischeParadies – cheese direct shop ; Spice Mart – fresh Paneer range","RATING_RECONCILED_V2"
"PANGASIUS","Pangasius","APPLICABLE","Milder weißfleischiger Süßwasserfisch, meist als grätenarmes Filet erhältlich.","GENERAL_LOCAL","Katalogpfad weißfleischiger Fisch → Fisch → Fisch und Meeresfrüchte. Warengruppe Fisch oder Meeresfrucht, formrelevanter Prüfhinweis aus der vollständigen Definition: »weißfleischiger Süßwasserfisch, meist als grätenarmes Filet erhältlich«. Regelweg in Bornheim über den Bereich »Fischkühlung, Fischtheke oder Tiefkühlabteilung« eines gewöhnlichen Bornheimer Vollsortimenters.","EASY","Pangasius: gewöhnlicher lokaler Bezugsweg über den Bereich »Fischkühlung, Fischtheke oder Tiefkühlabteilung«.","OPTIONAL","Pangasius | Form: weißfleischiger Süßwasserfisch, meist als grätenarmes Filet erhältlich | Bornheim Fischkühlung, Fischtheke oder Tiefkühlabteilung gewöhnlicher Handel",""
"PANKO","Panko","APPLICABLE","Grobe luftige japanische Weißbrotbrösel für besonders knusprige Panaden; nicht feine Semmelbrösel.","GENERAL_BROAD","Katalogpfad Semmelbrösel → stärkehaltige Zutat oder Sättigungsbeilage. Warengruppe Getreide- oder Stärkeware, formrelevanter Prüfhinweis aus der vollständigen Definition: »nicht feine Semmelbrösel«. Allgemein planbarer, aber nicht lokal garantierter Weg über eine geplante Fahrt zu einem großen Markt mit dem Sortiment »Reis-, Mehl-, Nudel- oder Trockenwarenregal«.","PLANNED","Panko ist über eine geplante Fahrt zu einem großen Markt mit dem Sortiment »Reis-, Mehl-, Nudel- oder Trockenwarenregal« im allgemeinen deutschen Handel planbar, lokal aber kein verlässlicher Standardartikel.","OPTIONAL","Panko | Form: nicht feine Semmelbrösel | Bornheim gezielter Einkauf Deutschland Reis-, Mehl-, Nudel- oder Trockenwarenregal",""
"PAPAYA","Papaya","APPLICABLE","Reife Papaya mit weichem, süß-mildem Fruchtfleisch; grüne unreife Papaya bleibt getrennt.","GENERAL_BROAD","Katalogpfad Tropenfrucht → Obst. Warengruppe Obst, formrelevanter Prüfhinweis aus der vollständigen Definition: »grüne unreife Papaya bleibt getrennt«. Allgemein planbarer, aber nicht lokal garantierter Weg über eine geplante Fahrt zu einem großen Markt mit dem Sortiment »Obst- und Gemüseabteilung«.","PLANNED","Papaya ist über eine geplante Fahrt zu einem großen Markt mit dem Sortiment »Obst- und Gemüseabteilung« im allgemeinen deutschen Handel planbar, lokal aber kein verlässlicher Standardartikel.","OPTIONAL","Papaya | Form: grüne unreife Papaya bleibt getrennt | Bornheim gezielter Einkauf Deutschland Obst- und Gemüseabteilung",""
"PAPRIKA_POWDER","Paprikapulver","APPLICABLE","Paprikapulver als Gewürzfamilie mit süßen, scharfen und geräucherten Varianten; nicht frische Paprika.","GENERAL_LOCAL","Katalogpfad Gewürz oder trockenes Würzmittel. Warengruppe Gewürz, formrelevanter Prüfhinweis aus der vollständigen Definition: »nicht frische Paprika«. Regelweg in Bornheim über den Bereich »Gewürz- und Trockenwürzregal« eines gewöhnlichen Bornheimer Vollsortimenters.","EASY","Paprikapulver: gewöhnlicher lokaler Bezugsweg über den Bereich »Gewürz- und Trockenwürzregal«.","OPTIONAL","Paprikapulver | Form: nicht frische Paprika | Bornheim Gewürz- und Trockenwürzregal gewöhnlicher Handel",""
"PARMESAN","Parmesan","APPLICABLE","Sehr harter, lange gereifter italienischer Kuhmilchkäse nach Parmesan-Art; würzig, salzig und umamireich.","GENERAL_LOCAL","Katalogpfad Käse → gesäuertes Milchprodukt → Milchprodukte. Warengruppe Käse, formrelevanter Prüfhinweis aus der vollständigen Definition: »würzig, salzig und umamireich«. Regelweg in Bornheim über den lokalen Supermarktbereich »Käsekühlung oder Käsetheke« in Bornheim.","EASY","Parmesan: gewöhnlicher lokaler Bezugsweg über den Bereich »Käsekühlung oder Käsetheke«.","OPTIONAL","Parmesan | Form: würzig, salzig und umamireich | Bornheim Käsekühlung oder Käsetheke gewöhnlicher Handel",""
"PARSLEY","Petersilie","APPLICABLE","Frische Petersilienblätter mit grün-würzigem Aroma; glatte und krause Formen sind umfasst, nicht Petersilienwurzel.","GENERAL_LOCAL","Katalogpfad Kräuter und Würzblätter. Warengruppe frisches Würzkraut, formrelevanter Prüfhinweis aus der vollständigen Definition: »glatte und krause Formen sind umfasst, nicht Petersilienwurzel«. Regelweg in Bornheim über nahe Supermarktfilialen in Bornheim mit dem Bereich »frische Kräuterabteilung«.","EASY","Petersilie: gewöhnlicher lokaler Bezugsweg über den Bereich »frische Kräuterabteilung«.","OPTIONAL","Petersilie | Form: glatte und krause Formen sind umfasst, nicht Petersilienwurzel | Bornheim frische Kräuterabteilung gewöhnlicher Handel",""
"PARSLEY_ROOT","Petersilienwurzel","APPLICABLE","Essbare Wurzel der Wurzelpetersilie; aromatisches Wurzelgemüse. Nicht mit Pastinake und nicht mit Petersilienblättern gleichsetzen.","GENERAL_LOCAL","Katalogpfad Wurzel- und Knollengemüse → Gemüse. Warengruppe Gemüse oder Pilz, formrelevanter Prüfhinweis aus der vollständigen Definition: »Nicht mit Pastinake und nicht mit Petersilienblättern gleichsetzen«. Regelweg in Bornheim über ortsübliche Vollsortimenter rund um Bornheim, konkret im Bereich »Obst- und Gemüseabteilung«.","EASY","Petersilienwurzel: gewöhnlicher lokaler Bezugsweg über den Bereich »Obst- und Gemüseabteilung«.","OPTIONAL","Petersilienwurzel | Form: Nicht mit Pastinake und nicht mit Petersilienblättern gleichsetzen | Bornheim Obst- und Gemüseabteilung gewöhnlicher Handel",""
"PARSNIP","Pastinake","APPLICABLE","Pastinake mit süßlich-erdigem, leicht würzigem Wurzelfleisch; nicht Petersilienwurzel.","GENERAL_LOCAL","Katalogpfad Wurzel- und Knollengemüse → Gemüse. Warengruppe Gemüse oder Pilz, formrelevanter Prüfhinweis aus der vollständigen Definition: »nicht Petersilienwurzel«. Regelweg in Bornheim über den lokalen Supermarktbereich »Obst- und Gemüseabteilung« in Bornheim.","EASY","Pastinake: gewöhnlicher lokaler Bezugsweg über den Bereich »Obst- und Gemüseabteilung«.","OPTIONAL","Pastinake | Form: nicht Petersilienwurzel | Bornheim Obst- und Gemüseabteilung gewöhnlicher Handel",""
"PASSION_FRUIT","Passionsfrucht","APPLICABLE","Passionsfrucht mit aromatischem süß-saurem Fruchtmark und knackigen essbaren Kernen.","GENERAL_BROAD","Jamoona Fresh – frische Passionsfrucht 500 g belegt formgenau: Jamoona führt ganze frische Passiflora-edulis-Früchte mit essbarem kernreichem Fruchtfleisch und konkret ausgewiesenem Bestand. Für Georgia in Bornheim gilt: Deutschlandweiter Frischeversand nach Bornheim und Rostock; 2–3 Werktage oder Express; Logistik FRESH_SHIPPING. Niedriger Momentanbestand und Versand nur Montag bis Donnerstag bleiben frischebedingt; die parallele REWE-Listung stützt die allgemeine Marktbreite.","PLANNED","Passionsfrucht: Jamoona führt ganze frische Passiflora-edulis-Früchte mit essbarem kernreichem Fruchtfleisch und konkret ausgewiesenem Bestand.","REQUIRED","Jamoona Fresh Passionsfrucht Maracuja 500 g Passiflora edulis Bestand | Georgia in Bornheim | IN_STOCK FRESH_SHIPPING","EVIDENCE_REQUIRED|BORDERLINE_PLANNED"
"PASTIS","Pastis","APPLICABLE","Anisbetonte französische Spirituose nach Pastis-Art, typischerweise zusätzlich mit Süßholz und weiteren Kräutern beziehungsweise Gewürzen aromatisiert. Nicht Absinth oder beliebiger Anislikör.","GENERAL_BROAD","Pastis: Weinquelle führt Pastis Ardent lagernd als anisbetonte Spirituose mit Kräutern und Süßholz; der deutschlandweite Versand in üblicherweise 1–3 Werktagen ist ein planbarer, nicht lokal garantierter Getränkeweg nach Bornheim.","PLANNED","Pastis: Weinquelle führt Pastis Ardent lagernd als anisbetonte Spirituose mit Kräutern und Süßholz; der deutschlandweite Versand in üblicherweise 1–3 Werktagen ist ein planbarer, nicht lokal garantierter Getränkeweg nach Bornheim.","REQUIRED","Pastis Ardent Anis Kräuter Süßholz auf Lager | Georgia Bornheim Weinquelle Deutschlandversand 1–3 Werktage | Pastis statt Absinth oder beliebigem Anislikör","EVIDENCE_REQUIRED|BORDERLINE_PLANNED"
"PEA_EGGPLANT","Erbsenaubergine","APPLICABLE","Erbsengroße, traubenartig wachsende Früchte von Solanum torvum mit knackigem Biss und deutlich herber Note, besonders für Currys. Keine Miniaturform der gewöhnlichen Aubergine.","NICHE_IMPORT","Katalogpfad Fruchtgemüse → Gemüse. Warengruppe Gemüse oder Pilz, formrelevanter Prüfhinweis aus der vollständigen Definition: »Keine Miniaturform der gewöhnlichen Aubergine«. Der v2-Anker hält den Engpass fest: Exakte frische Solanum-torvum-Ware über wenige Frischeimporteure Bestand und Zustellung sind fragil.","DIFFICULT","Erbsenaubergine: Exakte frische Solanum-torvum-Ware über wenige Frischeimporteure; Bestand und Zustellung sind fragil.","REQUIRED","Erbsenaubergine | Form: Keine Miniaturform der gewöhnlichen Aubergine | Deutschland EU Exakttreffer Bestand Logistik Gemüse oder Pilz | freigegebener v2-Anker","REFERENCE_ANCHOR|EVIDENCE_REQUIRED|FORM_OR_ROUTE_FRAGILE"
"PEACH","Pfirsich","APPLICABLE","Pfirsich mit samtiger Schale und saftigem süß-aromatischem Fruchtfleisch; weiß- und gelbfleischige Sorten sind umfasst.","GENERAL_LOCAL","Katalogpfad Steinobst → Obst. Warengruppe Obst, formrelevanter Prüfhinweis aus der vollständigen Definition: »weiß- und gelbfleischige Sorten sind umfasst«. Regelweg in Bornheim über ortsübliche Vollsortimenter rund um Bornheim, konkret im Bereich »Obst- und Gemüseabteilung«.","EASY","Pfirsich: gewöhnlicher lokaler Bezugsweg über den Bereich »Obst- und Gemüseabteilung«.","OPTIONAL","Pfirsich | Form: weiß- und gelbfleischige Sorten sind umfasst | Bornheim Obst- und Gemüseabteilung gewöhnlicher Handel",""
"PEANUT","Erdnüsse","APPLICABLE","Erdnusskerne mit kräftig-nussigem Aroma; roh, geröstet, ganz oder gehackt verwendbar.","GENERAL_LOCAL","Katalogpfad Nüsse. Warengruppe Nuss, Saat oder Mus, formrelevanter Prüfhinweis aus der vollständigen Definition: »roh, geröstet, ganz oder gehackt verwendbar«. Regelweg in Bornheim über den regulären Bornheimer Regalweg »Nuss-, Saaten- oder Nussmusregal«.","EASY","Erdnüsse: gewöhnlicher lokaler Bezugsweg über den Bereich »Nuss-, Saaten- oder Nussmusregal«.","OPTIONAL","Erdnüsse | Form: roh, geröstet, ganz oder gehackt verwendbar | Bornheim Nuss-, Saaten- oder Nussmusregal gewöhnlicher Handel",""
"PEANUT_BUTTER","Erdnussbutter","APPLICABLE","Streichfähige Erdnusspaste, glatt oder stückig; ungesüßte und leicht gesüßte Varianten sind umfasst.","GENERAL_LOCAL","Katalogpfad Nuss- oder Samenpaste → Erdnüsse → Sauce, Würzmittel oder Paste → Nüsse. Warengruppe Nuss- oder Saatenpaste, formrelevanter Prüfhinweis aus der vollständigen Definition: »ungesüßte und leicht gesüßte Varianten sind umfasst«. Regelweg in Bornheim über ortsübliche Vollsortimenter rund um Bornheim, konkret im Bereich »Aufstrich-, Nussmus- oder Feinkostregal«.","EASY","Erdnussbutter: gewöhnlicher lokaler Bezugsweg über den Bereich »Aufstrich-, Nussmus- oder Feinkostregal«.","OPTIONAL","Erdnussbutter | Form: ungesüßte und leicht gesüßte Varianten sind umfasst | Bornheim Aufstrich-, Nussmus- oder Feinkostregal gewöhnlicher Handel",""
"PEANUT_SATAY_SAUCE","Erdnuss-Satay-Sauce","APPLICABLE","Fertige erdnussbasierte Satay-/Pindasaus; typischerweise süß-salzig und kräftig nussig, konkrete Würzung und Schärfe können variieren. Nicht mit reinem Erdnussmus oder Erdnussbutter gleichsetzen.","GENERAL_BROAD","Katalogpfad fertige Sauce oder Würzpaste → Sauce, Würzmittel oder Paste. Warengruppe Sauce oder Würzpaste, formrelevanter Prüfhinweis aus der vollständigen Definition: »Nicht mit reinem Erdnussmus oder Erdnussbutter gleichsetzen«. Allgemein planbarer, aber nicht lokal garantierter Weg über einen vorbereiteten Einkauf im gut sortierten Bereich »Saucen-, Würzpasten- und Feinkostregal«.","PLANNED","Erdnuss-Satay-Sauce ist über einen vorbereiteten Einkauf im gut sortierten Bereich »Saucen-, Würzpasten- und Feinkostregal« im allgemeinen deutschen Handel planbar, lokal aber kein verlässlicher Standardartikel.","OPTIONAL","Erdnuss-Satay-Sauce | Form: Nicht mit reinem Erdnussmus oder Erdnussbutter gleichsetzen | Bornheim gezielter Einkauf Deutschland Saucen-, Würzpasten- und Feinkostregal",""
"PEAR","Birne","APPLICABLE","Birne als saftiges Kernobst; Sorte, Festigkeit und Verhältnis von Süße zu Säure bleiben offen.","GENERAL_LOCAL","Katalogpfad Kernobst → Obst. Warengruppe Obst, formrelevanter Prüfhinweis aus der vollständigen Definition: »Sorte, Festigkeit und Verhältnis von Süße zu Säure bleiben offen«. Regelweg in Bornheim über das örtliche Sortiment »Obst- und Gemüseabteilung« beim Wocheneinkauf in Bornheim.","EASY","Birne: gewöhnlicher lokaler Bezugsweg über den Bereich »Obst- und Gemüseabteilung«.","OPTIONAL","Birne | Form: Sorte, Festigkeit und Verhältnis von Süße zu Säure bleiben offen | Bornheim Obst- und Gemüseabteilung gewöhnlicher Handel",""
"PEARL_BARLEY","Graupen","APPLICABLE","Geschälte und rund geschliffene Gerstenkörner, auch Graupen; schneller garend und weicher als ganze Gerste.","GENERAL_LOCAL","Katalogpfad Gerste → Getreide oder Pseudogetreide → stärkehaltige Zutat oder Sättigungsbeilage. Warengruppe Getreide- oder Stärkeware, formrelevanter Prüfhinweis aus der vollständigen Definition: »schneller garend und weicher als ganze Gerste«. Regelweg in Bornheim über die gewöhnliche Bornheimer Auslage »Reis-, Mehl-, Nudel- oder Trockenwarenregal«.","EASY","Graupen: gewöhnlicher lokaler Bezugsweg über den Bereich »Reis-, Mehl-, Nudel- oder Trockenwarenregal«.","OPTIONAL","Graupen | Form: schneller garend und weicher als ganze Gerste | Bornheim Reis-, Mehl-, Nudel- oder Trockenwarenregal gewöhnlicher Handel","RATING_RECONCILED_V2"
"PEAS","Erbsen","APPLICABLE","Offene Vorgabe für Erbsenkerne; frisch, getrocknet oder gespalten sind mögliche Wege, essbare Hülsen nicht automatisch.","GENERAL_LOCAL","Katalogpfad Hülsenfrüchte. Warengruppe Hülsenfrucht, formrelevanter Prüfhinweis aus der vollständigen Definition: »frisch, getrocknet oder gespalten sind mögliche Wege, essbare Hülsen nicht automatisch«. Regelweg in Bornheim über das örtliche Sortiment »Hülsenfrucht-, Konserven- oder Trockenwarenregal« beim Wocheneinkauf in Bornheim.","EASY","Erbsen: gewöhnlicher lokaler Bezugsweg über den Bereich »Hülsenfrucht-, Konserven- oder Trockenwarenregal«.","OPTIONAL","Erbsen | Form: frisch, getrocknet oder gespalten sind mögliche Wege, essbare Hülsen nicht automatisch | Bornheim Hülsenfrucht-, Konserven- oder Trockenwarenregal gewöhnlicher Handel",""
"PECAN","Pekannüsse","APPLICABLE","Pekannusskerne mit buttrigem, mild-süßlichem Aroma; natur oder geröstet verwendbar.","GENERAL_LOCAL","Katalogpfad Nüsse. Warengruppe Nuss, Saat oder Mus, formrelevanter Prüfhinweis aus der vollständigen Definition: »natur oder geröstet verwendbar«. Regelweg in Bornheim über den regulären Bornheimer Regalweg »Nuss-, Saaten- oder Nussmusregal«.","EASY","Pekannüsse: gewöhnlicher lokaler Bezugsweg über den Bereich »Nuss-, Saaten- oder Nussmusregal«.","OPTIONAL","Pekannüsse | Form: natur oder geröstet verwendbar | Bornheim Nuss-, Saaten- oder Nussmusregal gewöhnlicher Handel","RATING_RECONCILED_V2"
"PECORINO","Pecorino","APPLICABLE","Harter bis halbfester italienischer Schafmilchkäse; Herkunft, Reifegrad und Salzintensität bleiben offen.","GENERAL_BROAD","Viani – Pecorino Romano DOP 200 g belegt formgenau: Viani bietet Pecorino Romano DOP als festen italienischen Hartkäse aus Schafmilch sofort verfügbar an. Für Georgia in Bornheim gilt: Deutschlandweiter Kühlversand nach Bornheim und Rostock mit Frischezuschlag; Logistik CHILLED_SHIPPING. Der Beleg deckt die Romano-Unterart der offenen Pecorino-Familie; andere regionale Reifegrade und Zuschnitte bleiben variabel.","PLANNED","Pecorino: Viani bietet Pecorino Romano DOP als festen italienischen Hartkäse aus Schafmilch sofort verfügbar an.","REQUIRED","Viani Pecorino Romano DOP 200 g Schafmilch sofort verfügbar | Georgia in Bornheim | IN_STOCK CHILLED_SHIPPING","EVIDENCE_REQUIRED|BORDERLINE_PLANNED"
"PENNE","Penne","APPLICABLE","Kurze röhrenförmige Weizenpasta mit schrägen Enden; glatt oder geriffelt verwendbar.","GENERAL_LOCAL","Katalogpfad Weizenpasta → Nudeln → stärkehaltige Zutat oder Sättigungsbeilage. Warengruppe Getreide- oder Stärkeware, formrelevanter Prüfhinweis aus der vollständigen Definition: »glatt oder geriffelt verwendbar«. Regelweg in Bornheim über den regulären Bornheimer Regalweg »Reis-, Mehl-, Nudel- oder Trockenwarenregal«.","EASY","Penne: gewöhnlicher lokaler Bezugsweg über den Bereich »Reis-, Mehl-, Nudel- oder Trockenwarenregal«.","OPTIONAL","Penne | Form: glatt oder geriffelt verwendbar | Bornheim Reis-, Mehl-, Nudel- oder Trockenwarenregal gewöhnlicher Handel",""
"PEPPER","Pfeffer","APPLICABLE","Echter Pfeffer und seine Reife- beziehungsweise Verarbeitungsformen; Szechuanpfeffer bleibt eigenständig.","GENERAL_LOCAL","Katalogpfad Gewürz oder trockenes Würzmittel. Warengruppe Gewürz, formrelevanter Prüfhinweis aus der vollständigen Definition: »Szechuanpfeffer bleibt eigenständig«. Regelweg in Bornheim über das örtliche Sortiment »Gewürz- und Trockenwürzregal« beim Wocheneinkauf in Bornheim.","EASY","Pfeffer: gewöhnlicher lokaler Bezugsweg über den Bereich »Gewürz- und Trockenwürzregal«.","OPTIONAL","Pfeffer | Form: Szechuanpfeffer bleibt eigenständig | Bornheim Gewürz- und Trockenwürzregal gewöhnlicher Handel",""
"PERILLA_LEAVES","Perillablätter","APPLICABLE","Frische Perillablätter mit kräftig kräuterigem, leicht minzig-anisigem und teils erdigem Aroma; grüne und violette kulinarische Formen sind umfasst. Nicht vietnamesischer Koriander oder Minze.","NICHE_IMPORT","Katalogpfad Kräuter und Würzblätter. Warengruppe frisches Würzkraut, formrelevanter Prüfhinweis aus der vollständigen Definition: »Nicht vietnamesischer Koriander oder Minze«. Nur der schmale Händlerweg über Asia Moin – fresh vegetables with Perilla/Shiso bunch ist positiv belegt; Kühlversand begrenzt Form, Bestand oder Logistik.","DIFFICULT","Perillablätter: Nur der schmale Händlerweg über Asia Moin – fresh vegetables with Perilla/Shiso bunch ist positiv belegt; Kühlversand begrenzt Form, Bestand oder Logistik.","REQUIRED","Perillablätter | Form: Nicht vietnamesischer Koriander oder Minze | Deutschland EU Exakttreffer Bestand Logistik frisches Würzkraut | geprüfte Quellen: Asia Moin – fresh vegetables with Perilla/Shiso bunch","EVIDENCE_REQUIRED|RATING_RECONCILED_V2"
"PERSIMMON","Kaki","APPLICABLE","Kaki mit süßem orangefarbenem Fruchtfleisch; feste nichtadstringierende und weichreife Sorten sind umfasst.","GENERAL_LOCAL","Katalogpfad Obst. Warengruppe Obst, formrelevanter Prüfhinweis aus der vollständigen Definition: »feste nichtadstringierende und weichreife Sorten sind umfasst«. Regelweg in Bornheim über den Bereich »Obst- und Gemüseabteilung« eines gewöhnlichen Bornheimer Vollsortimenters.","EASY","Kaki: gewöhnlicher lokaler Bezugsweg über den Bereich »Obst- und Gemüseabteilung«.","OPTIONAL","Kaki | Form: feste nichtadstringierende und weichreife Sorten sind umfasst | Bornheim Obst- und Gemüseabteilung gewöhnlicher Handel","RATING_RECONCILED_V2"
"PESTO","Pesto","APPLICABLE","Rohe oder wenig erhitzte Kräuter- beziehungsweise Pflanzenpaste mit Öl; Zutatenbasis bleibt offen, nicht nur Pesto Genovese.","GENERAL_LOCAL","Katalogpfad fertige Sauce oder Würzpaste → Sauce, Würzmittel oder Paste. Warengruppe Sauce oder Würzpaste, formrelevanter Prüfhinweis aus der vollständigen Definition: »Zutatenbasis bleibt offen, nicht nur Pesto Genovese«. Regelweg in Bornheim über das örtliche Sortiment »Saucen-, Würzpasten- und Feinkostregal« beim Wocheneinkauf in Bornheim.","EASY","Pesto: gewöhnlicher lokaler Bezugsweg über den Bereich »Saucen-, Würzpasten- und Feinkostregal«.","OPTIONAL","Pesto | Form: Zutatenbasis bleibt offen, nicht nur Pesto Genovese | Bornheim Saucen-, Würzpasten- und Feinkostregal gewöhnlicher Handel",""
"PICKLED_CHILI","eingelegte Chili","APPLICABLE","In Essig- oder Gewürzlake eingelegte ganze oder geschnittene Chili; Sorte und Schärfe bleiben offen, trockene Formen sind nicht gemeint.","GENERAL_LOCAL","Katalogpfad konservierte pflanzliche Zutat. Warengruppe konservierte Pflanzenware, formrelevanter Prüfhinweis aus der vollständigen Definition: »Sorte und Schärfe bleiben offen, trockene Formen sind nicht gemeint«. Regelweg in Bornheim über die gewöhnliche Bornheimer Auslage »Konserven-, Glas- oder internationales Feinkostregal«.","EASY","eingelegte Chili: gewöhnlicher lokaler Bezugsweg über den Bereich »Konserven-, Glas- oder internationales Feinkostregal«.","OPTIONAL","eingelegte Chili | Form: Sorte und Schärfe bleiben offen, trockene Formen sind nicht gemeint | Bornheim Konserven-, Glas- oder internationales Feinkostregal gewöhnlicher Handel","RATING_RECONCILED_V2"
"PICKLED_CUCUMBER","Gewürzgurke","APPLICABLE","Essigbasierte Gewürzgurke mit süß-säuerlicher bis würziger Lake; nicht milchsauer fermentierte Salzgurke.","GENERAL_LOCAL","Katalogpfad Gurke → konservierte pflanzliche Zutat → Fruchtgemüse → Gemüse. Warengruppe konservierte Pflanzenware, formrelevanter Prüfhinweis aus der vollständigen Definition: »nicht milchsauer fermentierte Salzgurke«. Regelweg in Bornheim über das örtliche Sortiment »Konserven-, Glas- oder internationales Feinkostregal« beim Wocheneinkauf in Bornheim.","EASY","Gewürzgurke: gewöhnlicher lokaler Bezugsweg über den Bereich »Konserven-, Glas- oder internationales Feinkostregal«.","OPTIONAL","Gewürzgurke | Form: nicht milchsauer fermentierte Salzgurke | Bornheim Konserven-, Glas- oder internationales Feinkostregal gewöhnlicher Handel",""
"PICKLED_GINGER","eingelegter Ingwer","APPLICABLE","Dünn geschnittener, süß-säuerlich eingelegter Ingwer nach Gari-Art; nicht frisches Ingwer-Rhizom.","GENERAL_BROAD","Katalogpfad Ingwer → konservierte pflanzliche Zutat → Gewürz oder trockenes Würzmittel. Warengruppe konservierte Pflanzenware, formrelevanter Prüfhinweis aus der vollständigen Definition: »nicht frisches Ingwer-Rhizom«. Georgia kann die Ware über „Konserven-, Glas- oder internationales Feinkostregal über einen reservierten Marktartikel“ beziehen.","PLANNED","eingelegter Ingwer: Georgia kann die Ware über „Konserven-, Glas- oder internationales Feinkostregal über einen reservierten Marktartikel“ beziehen.","OPTIONAL","eingelegter Ingwer | Form: nicht frisches Ingwer-Rhizom | Bornheim gezielter Einkauf Deutschland Konserven-, Glas- oder internationales Feinkostregal",""
"PICKLED_HERRING","eingelegter Hering","APPLICABLE","Hering in essig- oder säurebasierter Würzlake; süße, zwiebelige und cremig weiterverarbeitete Varianten sind möglich.","GENERAL_LOCAL","Katalogpfad Hering → konservierter Fisch → fettreicher Fisch → Fisch. Warengruppe konservierter Fisch, formrelevanter Prüfhinweis aus der vollständigen Definition: »süße, zwiebelige und cremig weiterverarbeitete Varianten sind möglich«. Regelweg in Bornheim über die gewöhnliche Bornheimer Auslage »Fischkonserven- oder internationales Trockenwarenregal«.","EASY","eingelegter Hering: gewöhnlicher lokaler Bezugsweg über den Bereich »Fischkonserven- oder internationales Trockenwarenregal«.","OPTIONAL","eingelegter Hering | Form: süße, zwiebelige und cremig weiterverarbeitete Varianten sind möglich | Bornheim Fischkonserven- oder internationales Trockenwarenregal gewöhnlicher Handel","RATING_RECONCILED_V2"
"PICKLED_MUSHROOMS","eingelegte Pilze","APPLICABLE","In Essiglake eingelegte Speisepilze; eine Fermentation wird nicht vorausgesetzt.","GENERAL_BROAD","Katalogpfad Pilze → Gemüse. Warengruppe konservierte Pflanzenware, formrelevanter Prüfhinweis aus der vollständigen Definition: »eine Fermentation wird nicht vorausgesetzt«. Allgemein planbarer, aber nicht lokal garantierter Weg über eine konkrete Vorbestellung oder Bestandsabfrage für konservierte Pflanzenware.","PLANNED","eingelegte Pilze ist über eine konkrete Vorbestellung oder Bestandsabfrage für konservierte Pflanzenware im allgemeinen deutschen Handel planbar, lokal aber kein verlässlicher Standardartikel.","OPTIONAL","eingelegte Pilze | Form: eine Fermentation wird nicht vorausgesetzt | Bornheim gezielter Einkauf Deutschland Konserven-, Glas- oder internationales Feinkostregal",""
"PICKLED_SAUSAGE","eingelegte Wurst","APPLICABLE","Verzehrfertige Wurst, die über längere Zeit in einer überwiegend essig- beziehungsweise säurebasierten Lake eingelegt wird. Umfasst unter anderem tschechischen Utopenec und vergleichbare eingelegte Wurstprodukte. Nicht bloß mit Essig angemachte Wurst und nicht nur kurz in Essigsud gegarte Wurst.","NICHE_IMPORT","Katalogpfad Wurst → Fleisch. Warengruppe Wurst oder Pökelfleisch, formrelevanter Prüfhinweis aus der vollständigen Definition: »Nicht bloß mit Essig angemachte Wurst und nicht nur kurz in Essigsud gegarte Wurst«. Der v2-Anker hält den Engpass fest: Konkrete mittel-/osteuropäische Fertigprodukte nur über enge nationale Spezialsortimente keine breite allgemeine Verfügbarkeit.","DIFFICULT","eingelegte Wurst: Konkrete mittel-/osteuropäische Fertigprodukte nur über enge nationale Spezialsortimente; keine breite allgemeine Verfügbarkeit.","REQUIRED","eingelegte Wurst | Form: Nicht bloß mit Essig angemachte Wurst und nicht nur kurz in Essigsud gegarte Wurst | Deutschland EU Exakttreffer Bestand Logistik Wurst oder Pökelfleisch | freigegebener v2-Anker","REFERENCE_ANCHOR|EVIDENCE_REQUIRED|FORM_OR_ROUTE_FRAGILE"
"PIKEPERCH","Zander","APPLICABLE","Zander als magerer Süßwasserfisch mit festem, mildem Fleisch und wenigen Gräten.","GENERAL_BROAD","Deutsche See – Zander handfiletierte Portionen TK belegt formgenau: Deutsche See weist handfiletierte Zanderportionen mit Haut als verfügbaren Tiefkühlartikel mit Warenkorb aus. Für Georgia in Bornheim gilt: Deutschlandweiter Tiefkühl-Wunschterminversand nach Bornheim und Rostock; Mindestbestellwert 49 Euro; Logistik FROZEN_SHIPPING. Mindestbestellwert, Wunschtermin und geschlossene Tiefkühlkette müssen eingeplant werden; praktisch grätenfrei bedeutet keine absolute Grätenfreiheit.","PLANNED","Zander: Deutsche See weist handfiletierte Zanderportionen mit Haut als verfügbaren Tiefkühlartikel mit Warenkorb aus.","REQUIRED","Deutsche See Zander handfiletierte Portionen tiefgekühlt verfügbar | Georgia in Bornheim | IN_STOCK FROZEN_SHIPPING","EVIDENCE_REQUIRED|BORDERLINE_PLANNED|RATING_RECONCILED_V2"
"PILSNER_LAGER","Pilsner","APPLICABLE","Helles untergäriges Lagerbier nach Pilsner Art mit deutlich hopfenbetontem Profil. Gemeint ist der Bierstil, nicht eine bestimmte Marke; Pilsner Urquell ist historischer Referenztyp.","GENERAL_LOCAL","Katalogpfad Bier → Kochalkohol. Warengruppe Bier, formrelevanter Prüfhinweis aus der vollständigen Definition: »Pilsner Urquell ist historischer Referenztyp«. Regelweg in Bornheim über die regulären lokalen Sortimente REWE – Krombacher Pils 0,5 l sowie EDEKA – Ratskrone Pilsener. Die Produktbelege führen in das gewöhnliche lokale Bier- und Getränkeregal in Bornheim.","EASY","Pilsner: gewöhnlicher lokaler Bezugsweg über die regulären lokalen Sortimente REWE – Krombacher Pils 0,5 l sowie EDEKA – Ratskrone Pilsener. Die Produktbelege führen in das gewöhnliche lokale Bier- und Getränkeregal in Bornheim.","REQUIRED","Pilsner | Form: Pilsner Urquell ist historischer Referenztyp | Bornheim Bier- und Getränkeregal gewöhnlicher Handel | geprüfte Quellen: REWE – Krombacher Pils 0,5 l ; EDEKA – Ratskrone Pilsener","EVIDENCE_REQUIRED|BORDERLINE_PLANNED|RATING_RECONCILED_V2"
"PIMENT_D_ESPELETTE","Piment d’Espelette","APPLICABLE","Getrocknetes, fein gemahlenes Piment-d’Espelette-Gewürz nach französisch-baskischer Art; nicht generisches Chilipulver oder die frische ganze Schote.","GENERAL_BROAD","Piment d’Espelette: Boomers bietet das AOP-Gewürz aus Espelette luftgetrocknet und fein gemahlen lagernd mit DHL-Lieferung in 1–3 Werktagen an; damit besteht für Bornheim ein vorbereiteter Gewürzversand statt lokaler Bestandszusage.","PLANNED","Piment d’Espelette: Boomers bietet das AOP-Gewürz aus Espelette luftgetrocknet und fein gemahlen lagernd mit DHL-Lieferung in 1–3 Werktagen an; damit besteht für Bornheim ein vorbereiteter Gewürzversand statt lokaler Bestandszusage.","REQUIRED","Piment d’Espelette AOP Darguy Gorria fein gemahlen luftgetrocknet | Georgia Bornheim Boomers DHL 1–3 Werktage | kein generisches Chilipulver keine frische Schote","EVIDENCE_REQUIRED|BORDERLINE_PLANNED"
"PINE_NUT","Pinienkerne","APPLICABLE","Ölreiche Samen von Pinien mit mild-harzigem, buttrigem Aroma; roh oder geröstet verwendbar.","GENERAL_LOCAL","Katalogpfad Nüsse → Kerne und Samen. Warengruppe Nuss, Saat oder Mus, formrelevanter Prüfhinweis aus der vollständigen Definition: »roh oder geröstet verwendbar«. Regelweg in Bornheim über den lokalen Supermarktbereich »Nuss-, Saaten- oder Nussmusregal« in Bornheim.","EASY","Pinienkerne: gewöhnlicher lokaler Bezugsweg über den Bereich »Nuss-, Saaten- oder Nussmusregal«.","OPTIONAL","Pinienkerne | Form: roh oder geröstet verwendbar | Bornheim Nuss-, Saaten- oder Nussmusregal gewöhnlicher Handel",""
"PINEAPPLE","Ananas","APPLICABLE","Ananas mit saftigem süß-säuerlichem Fruchtfleisch; frisch, tiefgekühlt oder schlicht konserviert verwendbar.","GENERAL_LOCAL","Katalogpfad Tropenfrucht → Obst. Warengruppe Obst, formrelevanter Prüfhinweis aus der vollständigen Definition: »frisch, tiefgekühlt oder schlicht konserviert verwendbar«. Regelweg in Bornheim über das örtliche Sortiment »Obst- und Gemüseabteilung« beim Wocheneinkauf in Bornheim.","EASY","Ananas: gewöhnlicher lokaler Bezugsweg über den Bereich »Obst- und Gemüseabteilung«.","OPTIONAL","Ananas | Form: frisch, tiefgekühlt oder schlicht konserviert verwendbar | Bornheim Obst- und Gemüseabteilung gewöhnlicher Handel",""
"PINNEKJOTT","Pinnekjøtt","APPLICABLE","Gesalzene und getrocknete Rippen vom Schaf oder Lamm nach Pinnekjøtt-Art; geräucherte Varianten sind möglich, werden aber nicht vorausgesetzt. Gemeint ist das noch zuzubereitende Fleischprodukt, nicht das vollständige Weihnachtsgericht.","NICHE_IMPORT","Katalogpfad gepökeltes oder luftgetrocknetes Fleisch → Fleisch. Warengruppe Wurst oder Pökelfleisch, formrelevanter Prüfhinweis aus der vollständigen Definition: »Gemeint ist das noch zuzubereitende Fleischprodukt, nicht das vollständige Weihnachtsgericht«. Der v2-Anker hält den Engpass fest: Saisonaler norwegischer Fleischimport über wenige Spezialhändler genaue Produktform und Lieferfenster sind fragil.","DIFFICULT","Pinnekjøtt: Saisonaler norwegischer Fleischimport über wenige Spezialhändler; genaue Produktform und Lieferfenster sind fragil.","REQUIRED","Pinnekjøtt | Form: Gemeint ist das noch zuzubereitende Fleischprodukt, nicht das vollständige Weihnachtsgericht | Deutschland EU Exakttreffer Bestand Logistik Wurst oder Pökelfleisch | freigegebener v2-Anker","REFERENCE_ANCHOR|EVIDENCE_REQUIRED|FORM_OR_ROUTE_FRAGILE"
"PINTO_BEANS","Pintobohnen","APPLICABLE","Gesprenkelte Pintobohnen mit erdig-cremigem Geschmack; getrocknet oder vorgegart verwendbar.","GENERAL_BROAD","Katalogpfad Bohnen → Hülsenfrüchte. Warengruppe Hülsenfrucht, formrelevanter Prüfhinweis aus der vollständigen Definition: »getrocknet oder vorgegart verwendbar«. Allgemein planbarer, aber nicht lokal garantierter Weg über eine geplante Fahrt zu einem großen Markt mit dem Sortiment »Hülsenfrucht-, Konserven- oder Trockenwarenregal«.","PLANNED","Pintobohnen ist über eine geplante Fahrt zu einem großen Markt mit dem Sortiment »Hülsenfrucht-, Konserven- oder Trockenwarenregal« im allgemeinen deutschen Handel planbar, lokal aber kein verlässlicher Standardartikel.","OPTIONAL","Pintobohnen | Form: getrocknet oder vorgegart verwendbar | Bornheim gezielter Einkauf Deutschland Hülsenfrucht-, Konserven- oder Trockenwarenregal",""
"PIQUILLO_PEPPER","Piquillo-Paprika","APPLICABLE","Geröstete und geschälte rote Piquillo-Paprika als küchenfertiges Produkt, typischerweise im Glas oder in der Dose; nicht rohe rote Paprika.","SPECIALTY_BROAD","Katalogpfad geröstete Paprika → konservierte pflanzliche Zutat → rote Paprika → Paprika. Warengruppe konservierte Pflanzenware, formrelevanter Prüfhinweis aus der vollständigen Definition: »nicht rohe rote Paprika«. Breiter einschlägiger Spezialmarkt über die voneinander unabhängigen Händler FrischeParadies – fruit and vegetable direct shop sowie BOS FOOD – Pimiento Piquillo El Carrascal 225 g.","SPECIALTY","Piquillo-Paprika ist im einschlägigen Spezialmarkt breit etabliert; dokumentierte reguläre Wege sind die voneinander unabhängigen Händler FrischeParadies – fruit and vegetable direct shop sowie BOS FOOD – Pimiento Piquillo El Carrascal 225 g.","REQUIRED","Piquillo-Paprika | Form: nicht rohe rote Paprika | Deutschland unabhängige Spezialhändler konservierte Pflanzenware | geprüfte Quellen: FrischeParadies – fruit and vegetable direct shop ; BOS FOOD – Pimiento Piquillo El Carrascal 225 g","EVIDENCE_REQUIRED|BORDERLINE_PLANNED|RATING_RECONCILED_V2"
"PISTACHIO","Pistazien","APPLICABLE","Grüne Pistazienkerne mit süßlich-nussigem Aroma; ungesalzen, roh oder geröstet verwendbar.","GENERAL_LOCAL","Katalogpfad Nüsse. Warengruppe Nuss, Saat oder Mus, formrelevanter Prüfhinweis aus der vollständigen Definition: »ungesalzen, roh oder geröstet verwendbar«. Regelweg in Bornheim über den lokalen Supermarktbereich »Nuss-, Saaten- oder Nussmusregal« in Bornheim.","EASY","Pistazien: gewöhnlicher lokaler Bezugsweg über den Bereich »Nuss-, Saaten- oder Nussmusregal«.","OPTIONAL","Pistazien | Form: ungesalzen, roh oder geröstet verwendbar | Bornheim Nuss-, Saaten- oder Nussmusregal gewöhnlicher Handel",""
"PITA","Pita","APPLICABLE","Rundes weiches Fladenbrot, häufig mit beim Backen entstehender Tasche; nicht Tortilla.","GENERAL_LOCAL","Abgepackte Pitataschen werden im Brot- und Backwarenbereich gewöhnlicher Bornheimer Vollsortimenter bei Fladenbroten geführt.","EASY","Pita: Abgepackte Pitataschen werden im Brot- und Backwarenbereich gewöhnlicher Bornheimer Vollsortimenter bei Fladenbroten geführt.","OPTIONAL","Bornheim Pita Pitabrot Taschen Backwarenregal Fladenbrot Vollsortimenter",""
"PLA_RA","Pla Ra","APPLICABLE","Thailändischer, besonders mit Isan verbundener salzfermentierter Süßwasserfisch; je nach Produkt als Fischstücke, Paste oder gekochte flüssige Würze erhältlich. Nicht Fischsauce oder Garnelenpaste.","SPECIALTY_BROAD","Katalogpfad fermentierte Würzzutat → fertige Sauce oder Würzpaste → Sauce, Würzmittel oder Paste. Warengruppe Sauce oder Würzpaste, formrelevanter Prüfhinweis aus der vollständigen Definition: »Nicht Fischsauce oder Garnelenpaste«. Breiter einschlägiger Spezialmarkt über die voneinander unabhängigen Händler Asia Foodstore – Nongporn Pla Ra fermented fish sauce sowie MyThaiFood – Mea E-Pim fermented Pla-ra sauce.","SPECIALTY","Pla Ra ist im einschlägigen Spezialmarkt breit etabliert; dokumentierte reguläre Wege sind die voneinander unabhängigen Händler Asia Foodstore – Nongporn Pla Ra fermented fish sauce sowie MyThaiFood – Mea E-Pim fermented Pla-ra sauce.","REQUIRED","Pla Ra | Form: Nicht Fischsauce oder Garnelenpaste | Deutschland unabhängige Spezialhändler Sauce oder Würzpaste | geprüfte Quellen: Asia Foodstore – Nongporn Pla Ra fermented fish sauce ; MyThaiFood – Mea E-Pim fermented Pla-ra sauce","EVIDENCE_REQUIRED"
"PLAICE","Scholle","APPLICABLE","Scholle als magerer Plattfisch mit zartem, mildem Fleisch; ganz oder als Filet verwendbar.","GENERAL_BROAD","Deutsche See – Scholle ohne Kopf belegt formgenau: Deutsche See bietet eine ganze ausgenommene Scholle ohne Kopf mit Haut und Gräten als aktuell verfügbaren Artikel an. Für Georgia in Bornheim gilt: Deutschlandweiter gekühlter Wunschterminversand nach Bornheim und Rostock; Logistik FRESH_SHIPPING. Frischware soll spätestens am Folgetag verbraucht werden; Liefertermin, Mindestbestellwert und Kühlkette bleiben erforderlich.","PLANNED","Scholle: Deutsche See bietet eine ganze ausgenommene Scholle ohne Kopf mit Haut und Gräten als aktuell verfügbaren Artikel an.","REQUIRED","Deutsche See Scholle ohne Kopf ausgenommen verfügbar frisch tiefgekühlt | Georgia in Bornheim | IN_STOCK FRESH_SHIPPING","EVIDENCE_REQUIRED|BORDERLINE_PLANNED|RATING_RECONCILED_V2"
"PLANT_DRINKS","pflanzlicher Drink","NOT_APPLICABLE_STRUCTURE","","","","","","","",""
"PLANT_PROTEIN_PRODUCTS","pflanzliches Proteinprodukt","APPLICABLE","Offene Vorgabe für verarbeitete pflanzliche Proteinprodukte wie Tofu, Seitan oder Mykoprotein; Rohstoff bleibt wählbar.","GENERAL_LOCAL","Katalogpfad eigenständige Katalogwurzel. Warengruppe pflanzliches Proteinprodukt, formrelevanter Prüfhinweis aus der vollständigen Definition: »Rohstoff bleibt wählbar«. Regelweg in Bornheim über den lokalen Supermarktbereich »Kühlregal für Tofu und pflanzliche Proteinprodukte« in Bornheim.","EASY","pflanzliches Proteinprodukt: gewöhnlicher lokaler Bezugsweg über den Bereich »Kühlregal für Tofu und pflanzliche Proteinprodukte«.","OPTIONAL","pflanzliches Proteinprodukt | Form: Rohstoff bleibt wählbar | Bornheim Kühlregal für Tofu und pflanzliche Proteinprodukte gewöhnlicher Handel","RATING_RECONCILED_V2"
"PLANTAIN","Kochbanane","APPLICABLE","Stärkereiche Kochbanane, meist gegart verwendet; grüne und reife süßere Stadien sind umfasst, nicht Dessertbanane.","SPECIALTY_BROAD","Katalogpfad stärkehaltige Zutat oder Sättigungsbeilage → Tropenfrucht → Obst. Warengruppe Obst, formrelevanter Prüfhinweis aus der vollständigen Definition: »grüne und reife süßere Stadien sind umfasst, nicht Dessertbanane«. Breiter einschlägiger Spezialmarkt über die voneinander unabhängigen Händler FrischeParadies – fruit and vegetable direct shop sowie Spice Mart – fresh green plantain.","SPECIALTY","Kochbanane ist im einschlägigen Spezialmarkt breit etabliert; dokumentierte reguläre Wege sind die voneinander unabhängigen Händler FrischeParadies – fruit and vegetable direct shop sowie Spice Mart – fresh green plantain.","REQUIRED","Kochbanane | Form: grüne und reife süßere Stadien sind umfasst, nicht Dessertbanane | Deutschland unabhängige Spezialhändler Obst | geprüfte Quellen: FrischeParadies – fruit and vegetable direct shop ; Spice Mart – fresh green plantain","RATING_RECONCILED_V2"
"PLUM","Pflaume","APPLICABLE","Pflaume beziehungsweise Zwetschge als saftige Steinfrucht; Sorte, Süße und Festigkeit bleiben offen.","GENERAL_LOCAL","Katalogpfad Steinobst → Obst. Warengruppe Obst, formrelevanter Prüfhinweis aus der vollständigen Definition: »Sorte, Süße und Festigkeit bleiben offen«. Regelweg in Bornheim über ortsübliche Vollsortimenter rund um Bornheim, konkret im Bereich »Obst- und Gemüseabteilung«.","EASY","Pflaume: gewöhnlicher lokaler Bezugsweg über den Bereich »Obst- und Gemüseabteilung«.","OPTIONAL","Pflaume | Form: Sorte, Süße und Festigkeit bleiben offen | Bornheim Obst- und Gemüseabteilung gewöhnlicher Handel",""
"PLUM_BUTTER","Pflaumenmus","APPLICABLE","Dick eingekochte Pflaumenzubereitung nach Powidl-/Pflaumenmus-Art; als Füllung, Aufstrich oder süß-fruchtige Kochzutat. Zuckerzusatz kann je nach Produkt variieren. Nicht mit Trockenpflaumen oder beliebiger Pflaumenmarmelade gleichsetzen.","GENERAL_LOCAL","Katalogpfad Pflaume → konservierte pflanzliche Zutat → Steinobst → Obst. Warengruppe konservierte Pflanzenware, formrelevanter Prüfhinweis aus der vollständigen Definition: »Nicht mit Trockenpflaumen oder beliebiger Pflaumenmarmelade gleichsetzen«. Regelweg in Bornheim über den lokalen Supermarktbereich »Konserven-, Glas- oder internationales Feinkostregal« in Bornheim.","EASY","Pflaumenmus: gewöhnlicher lokaler Bezugsweg über den Bereich »Konserven-, Glas- oder internationales Feinkostregal«.","OPTIONAL","Pflaumenmus | Form: Nicht mit Trockenpflaumen oder beliebiger Pflaumenmarmelade gleichsetzen | Bornheim Konserven-, Glas- oder internationales Feinkostregal gewöhnlicher Handel",""
"POBLANO","Poblano","APPLICABLE","Große dunkelgrüne mexikanische Chili mit milder bis mittlerer Schärfe; getrocknet heißt sie Ancho.","NICHE_IMPORT","Katalogpfad frische Chili → Fruchtgemüse → Gemüse. Warengruppe Gemüse oder Pilz, formrelevanter Prüfhinweis aus der vollständigen Definition: »getrocknet heißt sie Ancho«. Die formtreuen Seiten bei México Mágico – fresh Poblano listing sind aktuell ausverkauft; Frischeversand und wenige Händler machen den Weg fragil.","DIFFICULT","Frische Poblano-Schoten sind nur über einen derzeit ausverkauften mexikanischen Nischenweg belegt; getrocknete Ancho-Chilis sind kein Ersatz.","REQUIRED","Poblano | Form: getrocknet heißt sie Ancho | Deutschland EU Exakttreffer Bestand Logistik Gemüse oder Pilz | geprüfte Quellen: México Mágico – fresh Poblano listing","EVIDENCE_REQUIRED|FORM_OR_ROUTE_FRAGILE"
"POD_VEGETABLES","Hülsen- und Schotengemüse","APPLICABLE","Offene Vorgabe für Gemüse aus jungen Hülsen, Schoten oder darin enthaltenen frischen Samen.","GENERAL_LOCAL","Katalogpfad Gemüse. Warengruppe Gemüse oder Pilz, formrelevanter Prüfhinweis aus der vollständigen Definition: »jungen Hülsen, Schoten oder darin enthaltenen frischen Samen«. Regelweg in Bornheim über die gewöhnliche Bornheimer Auslage »Obst- und Gemüseabteilung«.","EASY","Hülsen- und Schotengemüse: gewöhnlicher lokaler Bezugsweg über den Bereich »Obst- und Gemüseabteilung«.","OPTIONAL","Hülsen- und Schotengemüse | Form: jungen Hülsen, Schoten oder darin enthaltenen frischen Samen | Bornheim Obst- und Gemüseabteilung gewöhnlicher Handel",""
"POINTED_CABBAGE","Spitzkohl","APPLICABLE","Zarter kegelförmiger Spitzkohl mit milderem Geschmack als Weißkohl; roh und gegart verwendbar.","GENERAL_LOCAL","Katalogpfad Kohlgemüse → Gemüse. Warengruppe Gemüse oder Pilz, formrelevanter Prüfhinweis aus der vollständigen Definition: »roh und gegart verwendbar«. Regelweg in Bornheim über nahe Supermarktfilialen in Bornheim mit dem Bereich »Obst- und Gemüseabteilung«.","EASY","Spitzkohl: gewöhnlicher lokaler Bezugsweg über den Bereich »Obst- und Gemüseabteilung«.","OPTIONAL","Spitzkohl | Form: roh und gegart verwendbar | Bornheim Obst- und Gemüseabteilung gewöhnlicher Handel",""
"POLENTA","Polenta","APPLICABLE","Maisgrieß beziehungsweise daraus gegarte schnittfeste oder cremige Polenta; Körnung und Vorbehandlung bleiben offen.","GENERAL_LOCAL","Katalogpfad Mais → Getreide oder Pseudogetreide → stärkehaltige Zutat oder Sättigungsbeilage. Warengruppe Getreide- oder Stärkeware, formrelevanter Prüfhinweis aus der vollständigen Definition: »Körnung und Vorbehandlung bleiben offen«. Regelweg in Bornheim über die regulären lokalen Sortimente REWE – Bio Polenta 500 g sowie dmBio – Maisgrieß Polenta 500 g.","EASY","Polenta: gewöhnlicher lokaler Bezugsweg über die regulären lokalen Sortimente REWE – Bio Polenta 500 g sowie dmBio – Maisgrieß Polenta 500 g.","REQUIRED","Polenta | Form: Körnung und Vorbehandlung bleiben offen | Bornheim Reis-, Mehl-, Nudel- oder Trockenwarenregal gewöhnlicher Handel | geprüfte Quellen: REWE – Bio Polenta 500 g ; dmBio – Maisgrieß Polenta 500 g","EVIDENCE_REQUIRED|BORDERLINE_PLANNED|RATING_RECONCILED_V2"
"POLLOCK","Köhler (Seelachs)","APPLICABLE","Gemeint ist Köhler beziehungsweise Seelachs (Pollachius virens), nicht Alaska-Seelachs (Gadus chalcogrammus).","GENERAL_BROAD","Katalogpfad weißfleischiger Fisch → Fisch → Fisch und Meeresfrüchte. Warengruppe Fisch oder Meeresfrucht, formrelevanter Prüfhinweis aus der vollständigen Definition: »beziehungsweise Seelachs (Pollachius virens), nicht Alaska-Seelachs (Gadus chalcogrammus)«. Allgemein planbarer, aber nicht lokal garantierter Weg über eine gezielte Bestellung oder Sortimentsprüfung bei Deutsche See – Pollachius virens Seelachs fillets.","PLANNED","Köhler (Seelachs) ist über eine gezielte Bestellung oder Sortimentsprüfung bei Deutsche See – Pollachius virens Seelachs fillets im allgemeinen deutschen Handel planbar, lokal aber kein verlässlicher Standardartikel.","REQUIRED","Köhler (Seelachs) | Form: beziehungsweise Seelachs (Pollachius virens), nicht Alaska-Seelachs (Gadus chalcogrammus) | Bornheim gezielter Einkauf Deutschland Fischkühlung, Fischtheke oder Tiefkühlabteilung | geprüfte Quellen: Deutsche See – Pollachius virens Seelachs fillets","RATING_RECONCILED_V2"
"POME_FRUIT","Kernobst","APPLICABLE","Offene Vorgabe für Kernobst wie Apfel, Birne oder Quitte; Sorte und Reifegrad bleiben wählbar.","GENERAL_LOCAL","Katalogpfad Obst. Warengruppe Obst, formrelevanter Prüfhinweis aus der vollständigen Definition: »Sorte und Reifegrad bleiben wählbar«. Regelweg in Bornheim über ortsübliche Vollsortimenter rund um Bornheim, konkret im Bereich »Obst- und Gemüseabteilung«.","EASY","Kernobst: gewöhnlicher lokaler Bezugsweg über den Bereich »Obst- und Gemüseabteilung«.","OPTIONAL","Kernobst | Form: Sorte und Reifegrad bleiben wählbar | Bornheim Obst- und Gemüseabteilung gewöhnlicher Handel",""
"POMEGRANATE","Granatapfel","APPLICABLE","Granatapfel mit saftig-säuerlichen Samenhüllen; gemeint sind Frucht und Kerne, nicht Sirup.","GENERAL_LOCAL","Katalogpfad Obst. Warengruppe Obst, formrelevanter Prüfhinweis aus der vollständigen Definition: »gemeint sind Frucht und Kerne, nicht Sirup«. Regelweg in Bornheim über ortsübliche Vollsortimenter rund um Bornheim, konkret im Bereich »Obst- und Gemüseabteilung«.","EASY","Granatapfel: gewöhnlicher lokaler Bezugsweg über den Bereich »Obst- und Gemüseabteilung«.","OPTIONAL","Granatapfel | Form: gemeint sind Frucht und Kerne, nicht Sirup | Bornheim Obst- und Gemüseabteilung gewöhnlicher Handel","RATING_RECONCILED_V2"
"POMEGRANATE_MOLASSES","Granatapfelmelasse","APPLICABLE","Dick eingekochter Granatapfelsaft mit intensiver süß-saurer Fruchtigkeit; nicht Zuckerrohrmelasse.","GENERAL_BROAD","Katalogpfad Sirup → Süßungsmittel. Warengruppe Süßungs- oder Kakaoware, formrelevanter Prüfhinweis aus der vollständigen Definition: »nicht Zuckerrohrmelasse«. Allgemein planbarer, aber nicht lokal garantierter Weg über den im v2-Anker festgehaltenen Planweg: Für das Bornheim-Profil über breiteren nahöstlichen Fachmarkt planbar.","PLANNED","Granatapfelmelasse: Für Georgia über breiteren nahöstlichen Fachmarkt planbar; für Tobias typisches Produkt des breiten Spezialmarkts.","REQUIRED","Granatapfelmelasse | Form: nicht Zuckerrohrmelasse | Bornheim gezielter Einkauf Deutschland Backzutaten-, Süßwaren- oder Kakaoregal | freigegebener v2-Anker","REFERENCE_ANCHOR|PERSON_DIFFERENCE"
"POMELO","Pomelo","APPLICABLE","Sehr große Zitrusfrucht mit dickem Mesokarp und mild bitter-säuerlichen Fruchtsegmenten; nicht Grapefruit.","GENERAL_BROAD","Katalogpfad Zitrusfrucht → Obst. Warengruppe Obst, formrelevanter Prüfhinweis aus der vollständigen Definition: »nicht Grapefruit«. Allgemein planbarer, aber nicht lokal garantierter Weg über eine gezielte Filial- oder Bestellprüfung für Obst im allgemeinen deutschen Handel.","PLANNED","Pomelo ist über eine gezielte Filial- oder Bestellprüfung für Obst im allgemeinen deutschen Handel planbar, lokal aber kein verlässlicher Standardartikel.","OPTIONAL","Pomelo | Form: nicht Grapefruit | Bornheim gezielter Einkauf Deutschland Obst- und Gemüseabteilung",""
"PONZU","Ponzu","APPLICABLE","Japanische zitrusbetonte Würzsauce, meist mit Sojasauce und Dashi-Komponenten; konkrete Zitrusfrucht kann variieren.","SPECIALTY_BROAD","Katalogpfad fertige Sauce oder Würzpaste → Sauce, Würzmittel oder Paste. Warengruppe Sauce oder Würzpaste, formrelevanter Prüfhinweis aus der vollständigen Definition: »konkrete Zitrusfrucht kann variieren«. Breiter einschlägiger Spezialmarkt über die voneinander unabhängigen Händler Asiafoodland – Asian food direct shop sowie Deutsche See – Ponzu with Yuzu and Sudachi.","SPECIALTY","Ponzu ist im einschlägigen Spezialmarkt breit etabliert; dokumentierte reguläre Wege sind die voneinander unabhängigen Händler Asiafoodland – Asian food direct shop sowie Deutsche See – Ponzu with Yuzu and Sudachi.","REQUIRED","Ponzu | Form: konkrete Zitrusfrucht kann variieren | Deutschland unabhängige Spezialhändler Sauce oder Würzpaste | geprüfte Quellen: Asiafoodland – Asian food direct shop ; Deutsche See – Ponzu with Yuzu and Sudachi","RATING_RECONCILED_V2"
"POPPY_SEEDS","Mohn","APPLICABLE","Mohnsamen mit nussigem Aroma; ganz, gemahlen oder als ungesüßte Mohnmasse verwendbar.","GENERAL_LOCAL","Katalogpfad Kerne und Samen. Warengruppe Nuss, Saat oder Mus, formrelevanter Prüfhinweis aus der vollständigen Definition: »ganz, gemahlen oder als ungesüßte Mohnmasse verwendbar«. Regelweg in Bornheim über nahe Supermarktfilialen in Bornheim mit dem Bereich »Nuss-, Saaten- oder Nussmusregal«.","EASY","Mohn: gewöhnlicher lokaler Bezugsweg über den Bereich »Nuss-, Saaten- oder Nussmusregal«.","OPTIONAL","Mohn | Form: ganz, gemahlen oder als ungesüßte Mohnmasse verwendbar | Bornheim Nuss-, Saaten- oder Nussmusregal gewöhnlicher Handel","RATING_RECONCILED_V2"
"PORCINI","Steinpilze","APPLICABLE","Steinpilze mit festem Fleisch und intensiv nussig-umamireichem Waldpilzaroma; frisch oder getrocknet verwendbar.","GENERAL_BROAD","Katalogpfad Pilze → Gemüse. Warengruppe Gemüse oder Pilz, formrelevanter Prüfhinweis aus der vollständigen Definition: »frisch oder getrocknet verwendbar«. Allgemein planbarer, aber nicht lokal garantierter Weg über eine geplante Fahrt zu einem großen Markt mit dem Sortiment »Obst- und Gemüseabteilung«.","PLANNED","Steinpilze ist über eine geplante Fahrt zu einem großen Markt mit dem Sortiment »Obst- und Gemüseabteilung« im allgemeinen deutschen Handel planbar, lokal aber kein verlässlicher Standardartikel.","OPTIONAL","Steinpilze | Form: frisch oder getrocknet verwendbar | Bornheim gezielter Einkauf Deutschland Obst- und Gemüseabteilung",""
"PORK","Schweinefleisch","APPLICABLE","Offene Vorgabe für Schweinefleisch; Zuschnitt, Fettanteil und geeignete Garmethode bleiben bewusst wählbar.","GENERAL_LOCAL","Katalogpfad Fleisch. Warengruppe Fleisch, formrelevanter Prüfhinweis aus der vollständigen Definition: »Zuschnitt, Fettanteil und geeignete Garmethode bleiben bewusst wählbar«. Regelweg in Bornheim über nahe Supermarktfilialen in Bornheim mit dem Bereich »Fleischkühlung oder Bedientheke«.","EASY","Schweinefleisch: gewöhnlicher lokaler Bezugsweg über den Bereich »Fleischkühlung oder Bedientheke«.","OPTIONAL","Schweinefleisch | Form: Zuschnitt, Fettanteil und geeignete Garmethode bleiben bewusst wählbar | Bornheim Fleischkühlung oder Bedientheke gewöhnlicher Handel",""
"PORK_BELLY","Schweinebauch","APPLICABLE","Durchwachsener Schweinebauch mit Schichten aus Fleisch und Fett; mit oder ohne Schwarte verwendbar.","GENERAL_LOCAL","Katalogpfad Schweinefleisch → Fleisch. Warengruppe Fleisch, formrelevanter Prüfhinweis aus der vollständigen Definition: »mit oder ohne Schwarte verwendbar«. Regelweg in Bornheim über den Bereich »Fleischkühlung oder Bedientheke« eines gewöhnlichen Bornheimer Vollsortimenters.","EASY","Schweinebauch: gewöhnlicher lokaler Bezugsweg über den Bereich »Fleischkühlung oder Bedientheke«.","OPTIONAL","Schweinebauch | Form: mit oder ohne Schwarte verwendbar | Bornheim Fleischkühlung oder Bedientheke gewöhnlicher Handel",""
"PORK_CHEEK","Schweinebäckchen","APPLICABLE","Kleiner, kollagenreicher Zuschnitt aus der Schweinebacke; durch langsames Garen besonders zart.","GENERAL_BROAD","Katalogpfad Schweinefleisch → Fleisch. Warengruppe Fleisch, formrelevanter Prüfhinweis aus der vollständigen Definition: »durch langsames Garen besonders zart«. Allgemein planbarer, aber nicht lokal garantierter Weg über eine vorab zu prüfendes Sortiment im Bereich »Fleischkühlung oder Bedientheke« eines großen Bornheimer Markts.","PLANNED","Schweinebäckchen ist über ein vorab zu prüfendes Sortiment im Bereich »Fleischkühlung oder Bedientheke« eines großen Bornheimer Markts im allgemeinen deutschen Handel planbar, lokal aber kein verlässlicher Standardartikel.","OPTIONAL","Schweinebäckchen | Form: durch langsames Garen besonders zart | Bornheim gezielter Einkauf Deutschland Fleischkühlung oder Bedientheke",""
"PORK_CHOP","Schweinekotelett","APPLICABLE","Schweinekotelett aus dem Rücken mit Rippen- oder Wirbelknochen; zum Braten oder Grillen geeignet.","GENERAL_LOCAL","Katalogpfad Schweinefleisch → Fleisch. Warengruppe Fleisch, formrelevanter Prüfhinweis aus der vollständigen Definition: »zum Braten oder Grillen geeignet«. Regelweg in Bornheim über den lokalen Supermarktbereich »Fleischkühlung oder Bedientheke« in Bornheim.","EASY","Schweinekotelett: gewöhnlicher lokaler Bezugsweg über den Bereich »Fleischkühlung oder Bedientheke«.","OPTIONAL","Schweinekotelett | Form: zum Braten oder Grillen geeignet | Bornheim Fleischkühlung oder Bedientheke gewöhnlicher Handel",""
"PORK_CUTLET","Schweineschnitzel","APPLICABLE","Dünne magere Schweinefleischscheibe für Schnitzel; paniert oder unpaniert, gemeint ist der Zuschnitt.","GENERAL_LOCAL","Katalogpfad Schweinefleisch → Fleisch. Warengruppe Fleisch, formrelevanter Prüfhinweis aus der vollständigen Definition: »paniert oder unpaniert, gemeint ist der Zuschnitt«. Regelweg in Bornheim über den Bereich »Fleischkühlung oder Bedientheke« eines gewöhnlichen Bornheimer Vollsortimenters.","EASY","Schweineschnitzel: gewöhnlicher lokaler Bezugsweg über den Bereich »Fleischkühlung oder Bedientheke«.","OPTIONAL","Schweineschnitzel | Form: paniert oder unpaniert, gemeint ist der Zuschnitt | Bornheim Fleischkühlung oder Bedientheke gewöhnlicher Handel",""
"PORK_KNUCKLE","Schweinshaxe","APPLICABLE","Schweinshaxe mit Knochen, Schwarte und viel Bindegewebe; für langes Braten, Kochen oder Schmoren geeignet.","GENERAL_LOCAL","Katalogpfad Schweinefleisch → Fleisch. Warengruppe Fleisch, formrelevanter Prüfhinweis aus der vollständigen Definition: »für langes Braten, Kochen oder Schmoren geeignet«. Regelweg in Bornheim über den Bereich »Fleischkühlung oder Bedientheke« eines gewöhnlichen Bornheimer Vollsortimenters.","EASY","Schweinshaxe: gewöhnlicher lokaler Bezugsweg über den Bereich »Fleischkühlung oder Bedientheke«.","OPTIONAL","Schweinshaxe | Form: für langes Braten, Kochen oder Schmoren geeignet | Bornheim Fleischkühlung oder Bedientheke gewöhnlicher Handel",""
"PORK_LIVER","Schweineleber","APPLICABLE","Schweineleber mit kräftigem, mineralischem Geschmack und weicher Textur; nicht Leberwurst.","GENERAL_BROAD","Katalogpfad Innereien → Schweinefleisch → Fleisch. Warengruppe Fleisch, formrelevanter Prüfhinweis aus der vollständigen Definition: »nicht Leberwurst«. Im Rheinland führt der passende Einkaufsweg über „Fleischkühlung oder Bedientheke mit bestätigter Abholoption“.","PLANNED","Schweineleber: Im Rheinland führt der passende Einkaufsweg über „Fleischkühlung oder Bedientheke mit bestätigter Abholoption“.","OPTIONAL","Schweineleber | Form: nicht Leberwurst | Bornheim gezielter Einkauf Deutschland Fleischkühlung oder Bedientheke","RATING_RECONCILED_V2"
"PORK_LOIN","Schweinerücken","APPLICABLE","Magerer Schweinerücken als Kotelettstrang oder ausgelöstes Stück; nicht Schweinefilet.","GENERAL_LOCAL","Katalogpfad Schweinefleisch → Fleisch. Warengruppe Fleisch, formrelevanter Prüfhinweis aus der vollständigen Definition: »nicht Schweinefilet«. Regelweg in Bornheim über ortsübliche Vollsortimenter rund um Bornheim, konkret im Bereich »Fleischkühlung oder Bedientheke«.","EASY","Schweinerücken: gewöhnlicher lokaler Bezugsweg über den Bereich »Fleischkühlung oder Bedientheke«.","OPTIONAL","Schweinerücken | Form: nicht Schweinefilet | Bornheim Fleischkühlung oder Bedientheke gewöhnlicher Handel",""
"PORK_MINCE","Schweinehack","APPLICABLE","Zerkleinertes Schweinefleisch mit variablem Fettanteil; nicht gemischtes Hackfleisch.","GENERAL_LOCAL","Katalogpfad Hackfleisch → Schweinefleisch → Fleisch. Warengruppe Fleisch, formrelevanter Prüfhinweis aus der vollständigen Definition: »nicht gemischtes Hackfleisch«. Regelweg in Bornheim über nahe Supermarktfilialen in Bornheim mit dem Bereich »Fleischkühlung oder Bedientheke«.","EASY","Schweinehack: gewöhnlicher lokaler Bezugsweg über den Bereich »Fleischkühlung oder Bedientheke«.","OPTIONAL","Schweinehack | Form: nicht gemischtes Hackfleisch | Bornheim Fleischkühlung oder Bedientheke gewöhnlicher Handel",""
"PORK_NECK","Schweinenacken","APPLICABLE","Gut marmorierter Schweinenacken mit saftigem Fleisch; zum Grillen, Braten oder Schmoren geeignet.","GENERAL_LOCAL","Katalogpfad Schweinefleisch → Fleisch. Warengruppe Fleisch, formrelevanter Prüfhinweis aus der vollständigen Definition: »zum Grillen, Braten oder Schmoren geeignet«. Regelweg in Bornheim über den Bereich »Fleischkühlung oder Bedientheke« eines gewöhnlichen Bornheimer Vollsortimenters.","EASY","Schweinenacken: gewöhnlicher lokaler Bezugsweg über den Bereich »Fleischkühlung oder Bedientheke«.","OPTIONAL","Schweinenacken | Form: zum Grillen, Braten oder Schmoren geeignet | Bornheim Fleischkühlung oder Bedientheke gewöhnlicher Handel",""
"PORK_RIBS","Schweinerippchen","APPLICABLE","Fleischige Schweinerippen mit Knochen und Bindegewebe; Rippenabschnitt und Zuschnitt bleiben offen.","GENERAL_LOCAL","Katalogpfad Schweinefleisch → Fleisch. Warengruppe Fleisch, formrelevanter Prüfhinweis aus der vollständigen Definition: »Rippenabschnitt und Zuschnitt bleiben offen«. Regelweg in Bornheim über ortsübliche Vollsortimenter rund um Bornheim, konkret im Bereich »Fleischkühlung oder Bedientheke«.","EASY","Schweinerippchen: gewöhnlicher lokaler Bezugsweg über den Bereich »Fleischkühlung oder Bedientheke«.","OPTIONAL","Schweinerippchen | Form: Rippenabschnitt und Zuschnitt bleiben offen | Bornheim Fleischkühlung oder Bedientheke gewöhnlicher Handel",""
"PORK_SHOULDER","Schweineschulter","APPLICABLE","Durchwachsene Schweineschulter mit Bindegewebe; besonders für Braten, Schmoren oder Zupffleisch geeignet.","GENERAL_LOCAL","Katalogpfad Schweinefleisch → Fleisch. Warengruppe Fleisch, formrelevanter Prüfhinweis aus der vollständigen Definition: »besonders für Braten, Schmoren oder Zupffleisch geeignet«. Regelweg in Bornheim über nahe Supermarktfilialen in Bornheim mit dem Bereich »Fleischkühlung oder Bedientheke«.","EASY","Schweineschulter: gewöhnlicher lokaler Bezugsweg über den Bereich »Fleischkühlung oder Bedientheke«.","OPTIONAL","Schweineschulter | Form: besonders für Braten, Schmoren oder Zupffleisch geeignet | Bornheim Fleischkühlung oder Bedientheke gewöhnlicher Handel",""
"PORK_STOCK","Schweinefond","APPLICABLE","Brühe oder Fond auf Basis von Schweinefleisch und/oder -knochen; nicht fertige Suppe.","GENERAL_BROAD","Katalogpfad Brühe oder Fond. Warengruppe Brühe oder Fond, formrelevanter Prüfhinweis aus der vollständigen Definition: »nicht fertige Suppe«. Allgemein planbarer, aber nicht lokal garantierter Weg über eine konkrete Vorbestellung oder Bestandsabfrage für Brühe oder Fond.","PLANNED","Schweinefond ist über eine konkrete Vorbestellung oder Bestandsabfrage für Brühe oder Fond im allgemeinen deutschen Handel planbar, lokal aber kein verlässlicher Standardartikel.","OPTIONAL","Schweinefond | Form: nicht fertige Suppe | Bornheim gezielter Einkauf Deutschland Brühen-, Fond- und Suppenregal",""
"PORK_TENDERLOIN","Schweinefilet","APPLICABLE","Sehr mageres und zartes Schweinefilet für kurze bis mittlere Garung; nicht Schweinerücken.","GENERAL_LOCAL","Katalogpfad Schweinefleisch → Fleisch. Warengruppe Fleisch, formrelevanter Prüfhinweis aus der vollständigen Definition: »nicht Schweinerücken«. Regelweg in Bornheim über den regulären Bornheimer Regalweg »Fleischkühlung oder Bedientheke«.","EASY","Schweinefilet: gewöhnlicher lokaler Bezugsweg über den Bereich »Fleischkühlung oder Bedientheke«.","OPTIONAL","Schweinefilet | Form: nicht Schweinerücken | Bornheim Fleischkühlung oder Bedientheke gewöhnlicher Handel",""
"PORK_TONGUE","Schweinezunge","APPLICABLE","Schweinezunge als festes, nach langem Garen zartes Muskelfleisch; vor dem Servieren üblicherweise gehäutet.","GENERAL_BROAD","Katalogpfad Innereien → Schweinefleisch → Fleisch. Warengruppe Fleisch, formrelevanter Prüfhinweis aus der vollständigen Definition: »vor dem Servieren üblicherweise gehäutet«. Allgemein planbarer, aber nicht lokal garantierter Weg über eine konkrete Vorbestellung oder Bestandsabfrage für Fleisch.","PLANNED","Schweinezunge ist über eine konkrete Vorbestellung oder Bestandsabfrage für Fleisch im allgemeinen deutschen Handel planbar, lokal aber kein verlässlicher Standardartikel.","OPTIONAL","Schweinezunge | Form: vor dem Servieren üblicherweise gehäutet | Bornheim gezielter Einkauf Deutschland Fleischkühlung oder Bedientheke",""
"PORT_WINE","Portwein","APPLICABLE","Aufgespriteter portugiesischer Wein nach Portwein-Art mit deutlicher Süße und konzentriertem Fruchtaroma.","GENERAL_BROAD","Portwein: Weinquelles eigene Portwein-Kategorie zeigt ein breites markenübergreifendes Sortiment mit zahlreichen lagernden portugiesischen Likörweinen; Versand nach Bornheim dauert üblicherweise 1–3 Werktage und muss eingeplant werden.","PLANNED","Portwein: Weinquelles eigene Portwein-Kategorie zeigt ein breites markenübergreifendes Sortiment mit zahlreichen lagernden portugiesischen Likörweinen; Versand nach Bornheim dauert üblicherweise 1–3 Werktage und muss eingeplant werden.","REQUIRED","Portwein Kategorie portugiesischer Likörwein aufgespritzt süß lagernd | Georgia Bornheim Weinquelle Deutschlandversand 1–3 Werktage | markenübergreifendes Sortiment","EVIDENCE_REQUIRED|BORDERLINE_PLANNED"
"POTATO","Kartoffel","APPLICABLE","Kartoffel als stärkehaltige Knolle; Sorte, Kochtyp und Zubereitungsform bleiben offen.","GENERAL_LOCAL","Katalogpfad Wurzel- und Knollengemüse → stärkehaltige Zutat oder Sättigungsbeilage → Gemüse. Warengruppe Gemüse oder Pilz, formrelevanter Prüfhinweis aus der vollständigen Definition: »Sorte, Kochtyp und Zubereitungsform bleiben offen«. Regelweg in Bornheim über nahe Supermarktfilialen in Bornheim mit dem Bereich »Obst- und Gemüseabteilung«.","EASY","Kartoffel: Gewöhnlicher lokaler Supermarkt- und Discounterstandard mit alltäglichen Ausweichquellen.","OPTIONAL","Kartoffel | Form: Sorte, Kochtyp und Zubereitungsform bleiben offen | Bornheim Obst- und Gemüseabteilung gewöhnlicher Handel","REFERENCE_ANCHOR"
"POTATO_DUMPLING","Kartoffelknödel","APPLICABLE","Gekochter kartoffelbasierter Knödel als fertige Beilage; nicht mit Gnocchi gleichsetzen.","GENERAL_LOCAL","Katalogpfad Kartoffel → Wurzel- und Knollengemüse → stärkehaltige Zutat oder Sättigungsbeilage → Gemüse. Warengruppe Knödel oder fertige Beilage, formrelevanter Prüfhinweis aus der vollständigen Definition: »nicht mit Gnocchi gleichsetzen«. Regelweg in Bornheim über das örtliche Sortiment »Kühl-, Trockenwaren- oder Fertigbeilagenregal« beim Wocheneinkauf in Bornheim.","EASY","Kartoffelknödel: gewöhnlicher lokaler Bezugsweg über den Bereich »Kühl-, Trockenwaren- oder Fertigbeilagenregal«.","OPTIONAL","Kartoffelknödel | Form: nicht mit Gnocchi gleichsetzen | Bornheim Kühl-, Trockenwaren- oder Fertigbeilagenregal gewöhnlicher Handel","RATING_RECONCILED_V2"
"POTATO_STARCH","Kartoffelstärke","APPLICABLE","Feine geschmacksneutrale Stärke aus Kartoffeln zum Binden und für Teige; nicht Kartoffelmehl aus ganzen Knollen.","GENERAL_LOCAL","Katalogpfad Stärke oder Bindemittel → stärkehaltige Zutat oder Sättigungsbeilage. Warengruppe Getreide- oder Stärkeware, formrelevanter Prüfhinweis aus der vollständigen Definition: »nicht Kartoffelmehl aus ganzen Knollen«. Regelweg in Bornheim über den regulären Bornheimer Regalweg »Reis-, Mehl-, Nudel- oder Trockenwarenregal«.","EASY","Kartoffelstärke: gewöhnlicher lokaler Bezugsweg über den Bereich »Reis-, Mehl-, Nudel- oder Trockenwarenregal«.","OPTIONAL","Kartoffelstärke | Form: nicht Kartoffelmehl aus ganzen Knollen | Bornheim Reis-, Mehl-, Nudel- oder Trockenwarenregal gewöhnlicher Handel",""
"POULTRY","Geflügel","APPLICABLE","Offene Vorgabe für Geflügelfleisch wie Hähnchen, Ente, Gans oder Pute; Tierart und Zuschnitt bleiben wählbar.","GENERAL_LOCAL","Katalogpfad Fleisch. Warengruppe Fleisch, formrelevanter Prüfhinweis aus der vollständigen Definition: »Tierart und Zuschnitt bleiben wählbar«. Regelweg in Bornheim über den regulären Bornheimer Regalweg »Fleischkühlung oder Bedientheke«.","EASY","Geflügel: gewöhnlicher lokaler Bezugsweg über den Bereich »Fleischkühlung oder Bedientheke«.","OPTIONAL","Geflügel | Form: Tierart und Zuschnitt bleiben wählbar | Bornheim Fleischkühlung oder Bedientheke gewöhnlicher Handel",""
"PRESERVED_FISH","konservierter Fisch","APPLICABLE","Offene Familie durch Salz, Trocknung, Räuchern, Einlegen oder Konservieren haltbar gemachter Fischprodukte.","GENERAL_LOCAL","Katalogpfad Fisch → Fisch und Meeresfrüchte. Warengruppe konservierter Fisch, formrelevanter Prüfhinweis aus der vollständigen Definition: »Trocknung, Räuchern, Einlegen oder Konservieren haltbar gemachter Fischprodukte«. Regelweg in Bornheim über das örtliche Sortiment »Fischkonserven- oder internationales Trockenwarenregal« beim Wocheneinkauf in Bornheim.","EASY","konservierter Fisch: gewöhnlicher lokaler Bezugsweg über den Bereich »Fischkonserven- oder internationales Trockenwarenregal«.","OPTIONAL","konservierter Fisch | Form: Trocknung, Räuchern, Einlegen oder Konservieren haltbar gemachter Fischprodukte | Bornheim Fischkonserven- oder internationales Trockenwarenregal gewöhnlicher Handel","RATING_RECONCILED_V2"
"PRESERVED_LEMON","Salzzitrone","APPLICABLE","In Salzlake gereifte ganze oder geteilte Zitrone mit weicher Schale und intensiv salzig-zitrischem Aroma.","SPECIALTY_BROAD","Katalogpfad Zitrone → konservierte pflanzliche Zutat → Zitrusfrucht → Obst. Warengruppe konservierte Pflanzenware, formrelevanter Prüfhinweis aus der vollständigen Definition: »Zitrone mit weicher Schale und intensiv salzig-zitrischem Aroma«. Breiter einschlägiger Spezialmarkt über die voneinander unabhängigen Händler FrischeParadies – fruit and vegetable direct shop sowie Piccantino – Belberry lemons in brine.","SPECIALTY","Salzzitrone ist im einschlägigen Spezialmarkt breit etabliert; dokumentierte reguläre Wege sind die voneinander unabhängigen Händler FrischeParadies – fruit and vegetable direct shop sowie Piccantino – Belberry lemons in brine.","REQUIRED","Salzzitrone | Form: Zitrone mit weicher Schale und intensiv salzig-zitrischem Aroma | Deutschland unabhängige Spezialhändler konservierte Pflanzenware | geprüfte Quellen: FrischeParadies – fruit and vegetable direct shop ; Piccantino – Belberry lemons in brine","RATING_RECONCILED_V2"
"PRESERVED_PRODUCE","konservierte pflanzliche Zutat","APPLICABLE","Offene Vorgabe für eingelegtes, fermentiertes, getrocknetes oder anderweitig konserviertes pflanzliches Produkt.","GENERAL_LOCAL","Katalogpfad eigenständige Katalogwurzel. Warengruppe konservierte Pflanzenware, formrelevanter Prüfhinweis aus der vollständigen Definition: »eingelegtes, fermentiertes, getrocknetes oder anderweitig konserviertes pflanzliches Produkt«. Regelweg in Bornheim über das örtliche Sortiment »Konserven-, Glas- oder internationales Feinkostregal« beim Wocheneinkauf in Bornheim.","EASY","konservierte pflanzliche Zutat: gewöhnlicher lokaler Bezugsweg über den Bereich »Konserven-, Glas- oder internationales Feinkostregal«.","OPTIONAL","konservierte pflanzliche Zutat | Form: eingelegtes, fermentiertes, getrocknetes oder anderweitig konserviertes pflanzliches Produkt | Bornheim Konserven-, Glas- oder internationales Feinkostregal gewöhnlicher Handel","RATING_RECONCILED_V2"
"PRETZEL","Laugenbrezel","APPLICABLE","Herzhafte Laugenbrezel als gebackenes Einzelprodukt; nicht süße Brezel, Salzbrezel-Snack oder beliebiges Laugengebäck.","GENERAL_LOCAL","Gebackene einzelne Brezeln kommen in Bornheim aus Backstation oder Bäckereitheke eines gewöhnlichen Vollsortimenters.","EASY","Laugenbrezel: Gebackene einzelne Brezeln kommen in Bornheim aus Backstation oder Bäckereitheke eines gewöhnlichen Vollsortimenters.","OPTIONAL","Bornheim Brezel gebacken einzeln Backstation Bäckereitheke",""
"PROSCIUTTO","Prosciutto","APPLICABLE","Italienischer luftgetrockneter Rohschinken nach Prosciutto-crudo-Art; dünn geschnitten oder als Kochzutat verwendbar.","GENERAL_LOCAL","Katalogpfad Schinken → gepökeltes oder luftgetrocknetes Fleisch → Schweinefleisch → Fleisch. Warengruppe Wurst oder Pökelfleisch, formrelevanter Prüfhinweis aus der vollständigen Definition: »dünn geschnitten oder als Kochzutat verwendbar«. Regelweg in Bornheim über das örtliche Sortiment »Wurstkühlung oder Bedientheke« beim Wocheneinkauf in Bornheim.","EASY","Prosciutto: gewöhnlicher lokaler Bezugsweg über den Bereich »Wurstkühlung oder Bedientheke«.","OPTIONAL","Prosciutto | Form: dünn geschnitten oder als Kochzutat verwendbar | Bornheim Wurstkühlung oder Bedientheke gewöhnlicher Handel",""
"PRUNE","Trockenpflaumen","APPLICABLE","Getrocknete Pflaume mit konzentrierter Süße und weicher bis zäher Textur; entsteint oder mit Stein verwendbar.","GENERAL_LOCAL","Katalogpfad Trockenfrüchte → Pflaume → Obst → Steinobst. Warengruppe Trockenfrucht, formrelevanter Prüfhinweis aus der vollständigen Definition: »entsteint oder mit Stein verwendbar«. Regelweg in Bornheim über das örtliche Sortiment »Trockenfrucht- und Backzutatenregal« beim Wocheneinkauf in Bornheim.","EASY","Trockenpflaumen: gewöhnlicher lokaler Bezugsweg über den Bereich »Trockenfrucht- und Backzutatenregal«.","OPTIONAL","Trockenpflaumen | Form: entsteint oder mit Stein verwendbar | Bornheim Trockenfrucht- und Backzutatenregal gewöhnlicher Handel",""
"PUL_BIBER","Pul Biber","APPLICABLE","Türkisch geprägte grobe Chiliflocken, häufig mild bis mittelscharf und leicht ölig; Aleppo-Stil ist eine mögliche Ausprägung.","GENERAL_BROAD","Katalogpfad Chiliflocken → getrocknete Chili → Gewürz oder trockenes Würzmittel. Warengruppe Gewürz, formrelevanter Prüfhinweis aus der vollständigen Definition: »Aleppo-Stil ist eine mögliche Ausprägung«. Allgemein planbarer, aber nicht lokal garantierter Weg über den im v2-Anker festgehaltenen Planweg: Georgias erreichbares türkisches Fachsortiment kann einen robusten geplanten Weg tragen.","PLANNED","Pul Biber: Georgias erreichbares türkisches Fachsortiment kann einen robusten geplanten Weg tragen; Tobias bleibt auf breiten Spezialhandel angewiesen.","REQUIRED","Pul Biber | Form: Aleppo-Stil ist eine mögliche Ausprägung | Bornheim gezielter Einkauf Deutschland Gewürz- und Trockenwürzregal | freigegebener v2-Anker","REFERENCE_ANCHOR|PERSON_DIFFERENCE"
"PUMPERNICKEL","Pumpernickel","APPLICABLE","Sehr dunkles, dichtes Vollkorn-Roggenbrot nach Pumpernickel-Art mit charakteristisch langer Backzeit; nicht beliebiges dunkles Roggenbrot.","GENERAL_LOCAL","Haltbares Pumpernickel steht als abgepacktes Vollkornbrot im Brotregal gewöhnlicher Bornheimer Vollsortimenter.","EASY","Pumpernickel: Haltbares Pumpernickel steht als abgepacktes Vollkornbrot im Brotregal gewöhnlicher Bornheimer Vollsortimenter.","OPTIONAL","Bornheim Pumpernickel abgepackt Vollkornbrot Schnittbrot Brotregal",""
"PUMPKIN","Kürbis","APPLICABLE","Speisekürbis mit festem bis cremigem Fruchtfleisch; die konkrete Sorte bleibt wählbar.","GENERAL_LOCAL","Katalogpfad Fruchtgemüse → Gemüse. Warengruppe Gemüse oder Pilz, formrelevanter Prüfhinweis aus der vollständigen Definition: »die konkrete Sorte bleibt wählbar«. Regelweg in Bornheim über den regulären Bornheimer Regalweg »Obst- und Gemüseabteilung«.","EASY","Kürbis: gewöhnlicher lokaler Bezugsweg über den Bereich »Obst- und Gemüseabteilung«.","OPTIONAL","Kürbis | Form: die konkrete Sorte bleibt wählbar | Bornheim Obst- und Gemüseabteilung gewöhnlicher Handel",""
"PUMPKIN_SEEDS","Kürbiskerne","APPLICABLE","Grüne geschälte oder ganze Kürbiskerne mit nussigem Aroma; roh oder geröstet verwendbar.","GENERAL_LOCAL","Katalogpfad Kerne und Samen. Warengruppe Nuss, Saat oder Mus, formrelevanter Prüfhinweis aus der vollständigen Definition: »roh oder geröstet verwendbar«. Regelweg in Bornheim über ortsübliche Vollsortimenter rund um Bornheim, konkret im Bereich »Nuss-, Saaten- oder Nussmusregal«.","EASY","Kürbiskerne: gewöhnlicher lokaler Bezugsweg über den Bereich »Nuss-, Saaten- oder Nussmusregal«.","OPTIONAL","Kürbiskerne | Form: roh oder geröstet verwendbar | Bornheim Nuss-, Saaten- oder Nussmusregal gewöhnlicher Handel",""
"PURSLANE","Portulak","APPLICABLE","Portulak mit fleischigen Blättern, frischer Säure und leicht salzigem Geschmack; roh oder kurz gegart verwendbar.","NICHE_IMPORT","Die exakte Sommerportulak-Seite von Biobote ist ausverkauft; eine zweite Gemüsekistenroute ist regional, saisonal und als Portulak/Postelein formunscharf. Für Georgia in Bornheim fehlt ein breiter positiver Frischeweg.","DIFFICULT","Portulak: Die exakte Sommerportulak-Seite von Biobote ist ausverkauft; eine zweite Gemüsekistenroute ist regional, saisonal und als Portulak/Postelein formunscharf. Für Georgia in Bornheim fehlt ein breiter positiver Frischeweg.","REQUIRED","Georgia Bornheim frischer Sommerportulak Biobote ausverkauft Portulak Postelein Gemüsekiste Saison Liefergebiet","FORM_SENSITIVE|SEASONAL_FRESH_ROUTE|RATING_RECONCILED_V2"
"QUAIL","Wachtel","APPLICABLE","Wachtelfleisch als kleines, aromatisches Geflügel; ganz oder in Teilstücken verwendbar.","GENERAL_BROAD","Katalogpfad Geflügel → Fleisch. Warengruppe Fleisch, formrelevanter Prüfhinweis aus der vollständigen Definition: »ganz oder in Teilstücken verwendbar«. Allgemein planbarer, aber nicht lokal garantierter Weg über eine gezielte Bestellung oder Sortimentsprüfung bei MeinMetzger – Wachtelbrüstchen.","PLANNED","Wachtel ist über eine gezielte Bestellung oder Sortimentsprüfung bei MeinMetzger – Wachtelbrüstchen im allgemeinen deutschen Handel planbar, lokal aber kein verlässlicher Standardartikel.","REQUIRED","Wachtel | Form: ganz oder in Teilstücken verwendbar | Bornheim gezielter Einkauf Deutschland Fleischkühlung oder Bedientheke | geprüfte Quellen: MeinMetzger – Wachtelbrüstchen","EVIDENCE_REQUIRED|BORDERLINE_PLANNED"
"QUAIL_EGG","Wachtelei","APPLICABLE","Kleines gesprenkeltes Wachtelei mit höherem Eigelbanteil; frisch zu garen, nicht eingelegt.","GENERAL_BROAD","Katalogpfad Eier. REWE führt Feine Welt Wachteleier aus Auslaufhaltung als gekühlte Zwölferpackung mit Durchgarhinweis; die konkrete allgemeine Kettenroute lässt sich für Georgia im Raum Bornheim vorab auf Bestand prüfen.","PLANNED","Wachtelei: REWE führt Feine Welt Wachteleier aus Auslaufhaltung als gekühlte Zwölferpackung mit Durchgarhinweis; die konkrete allgemeine Kettenroute lässt sich für Georgia im Raum Bornheim vorab auf Bestand prüfen.","REQUIRED","REWE Feine Welt Wachteleier Auslaufhaltung 12 Stück | frisch gekühlt nicht eingelegt | Bornheim Standort Bestand","EVIDENCE_REQUIRED|BORDERLINE_PLANNED"
"QUARK","Quark","APPLICABLE","Frischer säuerlicher Milchbruch mit magerer bis cremiger Konsistenz; Fettstufe bleibt offen.","GENERAL_LOCAL","Katalogpfad gesäuertes Milchprodukt → Milchprodukte. Warengruppe Milchprodukt, formrelevanter Prüfhinweis aus der vollständigen Definition: »Fettstufe bleibt offen«. Regelweg in Bornheim über den lokalen Supermarktbereich »Molkereikühlregal« in Bornheim.","EASY","Quark: gewöhnlicher lokaler Bezugsweg über den Bereich »Molkereikühlregal«.","OPTIONAL","Quark | Form: Fettstufe bleibt offen | Bornheim Molkereikühlregal gewöhnlicher Handel",""
"QUINCE","Quitte","APPLICABLE","Quitte mit festem, roh herbem und beim Garen floral-aromatischem Fruchtfleisch; meist gegart verwendet.","GENERAL_BROAD","Katalogpfad Kernobst → Obst. Warengruppe Obst, formrelevanter Prüfhinweis aus der vollständigen Definition: »meist gegart verwendet«. Allgemein planbarer, aber nicht lokal garantierter Weg über eine konkrete Vorbestellung oder Bestandsabfrage für Obst.","PLANNED","Quitte ist über eine konkrete Vorbestellung oder Bestandsabfrage für Obst im allgemeinen deutschen Handel planbar, lokal aber kein verlässlicher Standardartikel.","OPTIONAL","Quitte | Form: meist gegart verwendet | Bornheim gezielter Einkauf Deutschland Obst- und Gemüseabteilung",""
"QUINOA","Quinoa","APPLICABLE","Glutenfreies Pseudogetreide mit kleinen Samen und leicht nussigem Geschmack; helle, rote und schwarze Sorten sind umfasst.","GENERAL_LOCAL","Katalogpfad Getreide oder Pseudogetreide → stärkehaltige Zutat oder Sättigungsbeilage. Warengruppe Getreide- oder Stärkeware, formrelevanter Prüfhinweis aus der vollständigen Definition: »helle, rote und schwarze Sorten sind umfasst«. Regelweg in Bornheim über den Bereich »Reis-, Mehl-, Nudel- oder Trockenwarenregal« eines gewöhnlichen Bornheimer Vollsortimenters.","EASY","Quinoa: gewöhnlicher lokaler Bezugsweg über den Bereich »Reis-, Mehl-, Nudel- oder Trockenwarenregal«.","OPTIONAL","Quinoa | Form: helle, rote und schwarze Sorten sind umfasst | Bornheim Reis-, Mehl-, Nudel- oder Trockenwarenregal gewöhnlicher Handel",""
"RABBIT","Kaninchen","APPLICABLE","Kaninchenfleisch mit magerem, mildem Geschmack; ganzes Tier oder Teilstücke sind verwendbar, unabhängig von Haus- oder Wildhaltung.","GENERAL_BROAD","Katalogpfad Wildfleisch → Fleisch. Warengruppe Fleisch, formrelevanter Prüfhinweis aus der vollständigen Definition: »ganzes Tier oder Teilstücke sind verwendbar, unabhängig von Haus- oder Wildhaltung«. Allgemein planbarer, aber nicht lokal garantierter Weg über eine gezielte Bestellung oder Sortimentsprüfung bei MeinMetzger – ganzes Kaninchen.","PLANNED","Kaninchen ist über eine gezielte Bestellung oder Sortimentsprüfung bei MeinMetzger – ganzes Kaninchen im allgemeinen deutschen Handel planbar, lokal aber kein verlässlicher Standardartikel.","REQUIRED","Kaninchen | Form: ganzes Tier oder Teilstücke sind verwendbar, unabhängig von Haus- oder Wildhaltung | Bornheim gezielter Einkauf Deutschland Fleischkühlung oder Bedientheke | geprüfte Quellen: MeinMetzger – ganzes Kaninchen","EVIDENCE_REQUIRED|BORDERLINE_PLANNED"
"RADICCHIO","Radicchio","APPLICABLE","Rot-weißer Blattsalat aus der Zichorienfamilie mit markanter Bitterkeit; roh oder gegart verwendbar.","GENERAL_LOCAL","Katalogpfad Blattsalat → Blattgemüse → Gemüse. Warengruppe Gemüse oder Pilz, formrelevanter Prüfhinweis aus der vollständigen Definition: »roh oder gegart verwendbar«. Regelweg in Bornheim über nahe Supermarktfilialen in Bornheim mit dem Bereich »Obst- und Gemüseabteilung«.","EASY","Radicchio: gewöhnlicher lokaler Bezugsweg über den Bereich »Obst- und Gemüseabteilung«.","OPTIONAL","Radicchio | Form: roh oder gegart verwendbar | Bornheim Obst- und Gemüseabteilung gewöhnlicher Handel",""
"RADISH","Rettich","APPLICABLE","Offene Rettichvorgabe von kleinen Radieschen bis größeren weißen oder schwarzen Rettichen; Schärfe und Form bleiben wählbar.","GENERAL_LOCAL","Katalogpfad Wurzel- und Knollengemüse → Gemüse. Warengruppe Gemüse oder Pilz, formrelevanter Prüfhinweis aus der vollständigen Definition: »Schärfe und Form bleiben wählbar«. Regelweg in Bornheim über den lokalen Supermarktbereich »Obst- und Gemüseabteilung« in Bornheim.","EASY","Rettich: gewöhnlicher lokaler Bezugsweg über den Bereich »Obst- und Gemüseabteilung«.","OPTIONAL","Rettich | Form: Schärfe und Form bleiben wählbar | Bornheim Obst- und Gemüseabteilung gewöhnlicher Handel",""
"RAISIN","Rosinen","APPLICABLE","Getrocknete Weintrauben mit konzentrierter Süße; helle und dunkle sowie kleine und große Formen sind umfasst.","GENERAL_LOCAL","Katalogpfad Trockenfrüchte → Weintrauben → Obst. Warengruppe Trockenfrucht, formrelevanter Prüfhinweis aus der vollständigen Definition: »helle und dunkle sowie kleine und große Formen sind umfasst«. Regelweg in Bornheim über den lokalen Supermarktbereich »Trockenfrucht- und Backzutatenregal« in Bornheim.","EASY","Rosinen: gewöhnlicher lokaler Bezugsweg über den Bereich »Trockenfrucht- und Backzutatenregal«.","OPTIONAL","Rosinen | Form: helle und dunkle sowie kleine und große Formen sind umfasst | Bornheim Trockenfrucht- und Backzutatenregal gewöhnlicher Handel",""
"RAKFISK","Rakfisk","APPLICABLE","Professionell hergestellter, gesalzener und fermentierter Süßwasserfisch nach Rakfisk-Art. Gemeint ist ein handelsübliches verzehrfertiges Produkt; keine Aufforderung zur häuslichen Fischfermentation.","NO_REAL_ROUTE","Katalogpfad konservierter Fisch → Fisch → Fisch und Meeresfrüchte. Warengruppe konservierter Fisch, formrelevanter Prüfhinweis aus der vollständigen Definition: »keine Aufforderung zur häuslichen Fischfermentation«. Der v2-Anker hält fest: Kein realistischer wiederholbarer deutscher/EU-Weg innerhalb des normalen Vorlaufs gekühlte Herkunftslandware reicht nicht.","UNAVAILABLE","Rakfisk: Kein realistischer wiederholbarer deutscher/EU-Weg innerhalb des normalen Vorlaufs; gekühlte Herkunftslandware reicht nicht.","REQUIRED","Rakfisk | Form: keine Aufforderung zur häuslichen Fischfermentation | Deutschland EU Negativsuche konservierter Fisch | freigegebener v2-Anker","REFERENCE_ANCHOR|EVIDENCE_REQUIRED|FORM_OR_ROUTE_FRAGILE"
"RAMEN_NOODLES","Ramennudeln","APPLICABLE","Japanische Weizennudeln für Ramen, typischerweise alkalisch und elastisch; frisch, getrocknet oder vorgegart verwendbar.","GENERAL_LOCAL","Katalogpfad Nudeln → stärkehaltige Zutat oder Sättigungsbeilage. Warengruppe Getreide- oder Stärkeware, formrelevanter Prüfhinweis aus der vollständigen Definition: »frisch, getrocknet oder vorgegart verwendbar«. Regelweg in Bornheim über nahe Supermarktfilialen in Bornheim mit dem Bereich »Reis-, Mehl-, Nudel- oder Trockenwarenregal«.","EASY","Ramennudeln: gewöhnlicher lokaler Bezugsweg über den Bereich »Reis-, Mehl-, Nudel- oder Trockenwarenregal«.","OPTIONAL","Ramennudeln | Form: frisch, getrocknet oder vorgegart verwendbar | Bornheim Reis-, Mehl-, Nudel- oder Trockenwarenregal gewöhnlicher Handel","RATING_RECONCILED_V2"
"RAS_EL_HANOUT","Ras el-Hanout","APPLICABLE","Nordafrikanische Gewürzmischung aus zahlreichen warmen, erdigen und floralen Gewürzen; Rezeptur variiert stark.","SPECIALTY_BROAD","Katalogpfad Gewürzmischung → Gewürz oder trockenes Würzmittel. Warengruppe Gewürz, formrelevanter Prüfhinweis aus der vollständigen Definition: »Rezeptur variiert stark«. Breiter einschlägiger Spezialmarkt über die voneinander unabhängigen Händler Mitte Meer – Mediterranean direct shop sowie Miori – Ras el Hanout blend.","SPECIALTY","Ras el-Hanout ist im einschlägigen Spezialmarkt breit etabliert; dokumentierte reguläre Wege sind die voneinander unabhängigen Händler Mitte Meer – Mediterranean direct shop sowie Miori – Ras el Hanout blend.","REQUIRED","Ras el-Hanout | Form: Rezeptur variiert stark | Deutschland unabhängige Spezialhändler Gewürz | geprüfte Quellen: Mitte Meer – Mediterranean direct shop ; Miori – Ras el Hanout blend","RATING_RECONCILED_V2"
"RASPBERRY","Himbeere","APPLICABLE","Himbeere mit zarter Struktur und süß-säuerlichem Aroma; frisch oder ungesüßt tiefgekühlt verwendbar.","GENERAL_LOCAL","Katalogpfad Beeren → Obst. Warengruppe Obst, formrelevanter Prüfhinweis aus der vollständigen Definition: »frisch oder ungesüßt tiefgekühlt verwendbar«. Regelweg in Bornheim über nahe Supermarktfilialen in Bornheim mit dem Bereich »Obst- und Gemüseabteilung«.","EASY","Himbeere: gewöhnlicher lokaler Bezugsweg über den Bereich »Obst- und Gemüseabteilung«.","OPTIONAL","Himbeere | Form: frisch oder ungesüßt tiefgekühlt verwendbar | Bornheim Obst- und Gemüseabteilung gewöhnlicher Handel",""
"RAZOR_CLAMS","Schwertmuscheln","APPLICABLE","Längliche Schwert- beziehungsweise Messermuscheln mit zartem, leicht süßlichem Fleisch; frisch oder ausgelöst verwendbar.","NICHE_IMPORT","Katalogpfad Muscheln → Weichtiere → Schalen- und Krustentiere → wirbellose Tiere. Warengruppe Fisch oder Meeresfrucht, formrelevanter Prüfhinweis aus der vollständigen Definition: »frisch oder ausgelöst verwendbar«. Die formtreuen Seiten bei Honest Catch – precooked razor clams frozen sind aktuell ausverkauft; Tiefkühlversand und wenige Händler machen den Weg fragil.","DIFFICULT","Schwertmuscheln sind nur über einen derzeit ausverkauften TK-Nischenweg belegt; Bestand und Tiefkühllogistik verhindern einen robusten Bezug.","REQUIRED","Schwertmuscheln | Form: frisch oder ausgelöst verwendbar | Deutschland EU Exakttreffer Bestand Logistik Fisch oder Meeresfrucht | geprüfte Quellen: Honest Catch – precooked razor clams frozen","EVIDENCE_REQUIRED|FORM_OR_ROUTE_FRAGILE"
"READY_CURRY_PASTE","fertige Currypaste","APPLICABLE","Offene Familie verzehrfertiger Currypasten mit bereits kombinierter Gewürz- und Aromatenbasis; Küche, Farbe und Schärfe bleiben offen.","GENERAL_BROAD","Die formgenaue Asiafoodland-Kategorie umfasst aktuell 61 fertige Currypasten mit bereits kombinierter Gewürz- und Aromatenbasis. Rote, grüne, gelbe, Massaman- und Panang-Varianten werden deutschlandweit als haltbare Ware versandt.","PLANNED","Fertige Currypasten sind als haltbare rote, grüne, gelbe, Massaman- und Panang-Varianten im breiten deutschen Asia-Handel planbar.","OPTIONAL","Asiafoodland Currypaste Kategorie fertige Paste rot grün gelb Massaman Panang DHL Bornheim",""
"READY_SAUCES_AND_PASTES","fertige Sauce oder Würzpaste","NOT_APPLICABLE_STRUCTURE","","","","","","","",""
"RED_BELL_PEPPER","rote Paprika","APPLICABLE","Reif rote Gemüsepaprika mit süßem, fruchtigem Geschmack; frisch gemeint, nicht geröstete Konserve.","GENERAL_LOCAL","Katalogpfad Paprika → Fruchtgemüse → Gemüse. Warengruppe Gemüse oder Pilz, formrelevanter Prüfhinweis aus der vollständigen Definition: »frisch gemeint, nicht geröstete Konserve«. Regelweg in Bornheim über den regulären Bornheimer Regalweg »Obst- und Gemüseabteilung«.","EASY","rote Paprika: gewöhnlicher lokaler Bezugsweg über den Bereich »Obst- und Gemüseabteilung«.","OPTIONAL","rote Paprika | Form: frisch gemeint, nicht geröstete Konserve | Bornheim Obst- und Gemüseabteilung gewöhnlicher Handel",""
"RED_CABBAGE","Rotkohl","APPLICABLE","Rotkohl mit festen violetten Blättern und leicht pfeffrigem Geschmack; roh, geschmort oder fermentiert verwendbar.","GENERAL_LOCAL","Katalogpfad Kohlgemüse → Gemüse. Warengruppe Gemüse oder Pilz, formrelevanter Prüfhinweis aus der vollständigen Definition: »roh, geschmort oder fermentiert verwendbar«. Regelweg in Bornheim über ortsübliche Vollsortimenter rund um Bornheim, konkret im Bereich »Obst- und Gemüseabteilung«.","EASY","Rotkohl: gewöhnlicher lokaler Bezugsweg über den Bereich »Obst- und Gemüseabteilung«.","OPTIONAL","Rotkohl | Form: roh, geschmort oder fermentiert verwendbar | Bornheim Obst- und Gemüseabteilung gewöhnlicher Handel",""
"RED_CURRANT","rote Johannisbeere","APPLICABLE","Rote Johannisbeere mit klarer Säure und saftigem Fruchtfleisch; frisch oder ungesüßt tiefgekühlt.","GENERAL_BROAD","Katalogpfad Beeren → Obst. Warengruppe Obst, formrelevanter Prüfhinweis aus der vollständigen Definition: »frisch oder ungesüßt tiefgekühlt«. Die Beschaffung erfolgt formgenau über „Obst- und Gemüseabteilung über eine vorab geprüfte Händlerroute“.","PLANNED","rote Johannisbeere: Die Beschaffung erfolgt formgenau über „Obst- und Gemüseabteilung über eine vorab geprüfte Händlerroute“.","OPTIONAL","rote Johannisbeere | Form: frisch oder ungesüßt tiefgekühlt | Bornheim gezielter Einkauf Deutschland Obst- und Gemüseabteilung",""
"RED_LENTILS","rote Linsen","APPLICABLE","Geschälte rote Linsen, die schnell garen und meist cremig zerfallen; nicht formstabile ganze Linsen.","GENERAL_LOCAL","Katalogpfad Linsen → Hülsenfrüchte. Warengruppe Hülsenfrucht, formrelevanter Prüfhinweis aus der vollständigen Definition: »nicht formstabile ganze Linsen«. Regelweg in Bornheim über den regulären Bornheimer Regalweg »Hülsenfrucht-, Konserven- oder Trockenwarenregal«.","EASY","rote Linsen: gewöhnlicher lokaler Bezugsweg über den Bereich »Hülsenfrucht-, Konserven- oder Trockenwarenregal«.","OPTIONAL","rote Linsen | Form: nicht formstabile ganze Linsen | Bornheim Hülsenfrucht-, Konserven- oder Trockenwarenregal gewöhnlicher Handel",""
"RED_ONION","rote Zwiebel","APPLICABLE","Rote Zwiebel mit milderer Schärfe und violetter Farbe; roh und gegart verwendbar.","GENERAL_LOCAL","Katalogpfad Zwiebel → Lauch- und Zwiebelgemüse → Gemüse. Warengruppe Gemüse oder Pilz, formrelevanter Prüfhinweis aus der vollständigen Definition: »roh und gegart verwendbar«. Regelweg in Bornheim über das örtliche Sortiment »Obst- und Gemüseabteilung« beim Wocheneinkauf in Bornheim.","EASY","rote Zwiebel: gewöhnlicher lokaler Bezugsweg über den Bereich »Obst- und Gemüseabteilung«.","OPTIONAL","rote Zwiebel | Form: roh und gegart verwendbar | Bornheim Obst- und Gemüseabteilung gewöhnlicher Handel",""
"RED_WINE","Rotwein","APPLICABLE","Rotwein als Kochzutat; Rebsorte, Körper und Trockenheitsgrad bleiben offen, kein aromatisiertes Weingetränk.","GENERAL_LOCAL","Katalogpfad Kochalkohol. Warengruppe Kochalkohol, formrelevanter Prüfhinweis aus der vollständigen Definition: »Rebsorte, Körper und Trockenheitsgrad bleiben offen, kein aromatisiertes Weingetränk«. Regelweg in Bornheim über das örtliche Sortiment »Getränke-, Wein- oder Spirituosenregal« beim Wocheneinkauf in Bornheim.","EASY","Rotwein: gewöhnlicher lokaler Bezugsweg über den Bereich »Getränke-, Wein- oder Spirituosenregal«.","OPTIONAL","Rotwein | Form: Rebsorte, Körper und Trockenheitsgrad bleiben offen, kein aromatisiertes Weingetränk | Bornheim Getränke-, Wein- oder Spirituosenregal gewöhnlicher Handel",""
"RED_WINE_VINEGAR","Rotweinessig","APPLICABLE","Aus Rotwein vergorener Essig mit fruchtig-herber Säure; nicht Rotwein oder Balsamico.","GENERAL_LOCAL","Katalogpfad Essig. Warengruppe Speiseessig, formrelevanter Prüfhinweis aus der vollständigen Definition: »nicht Rotwein oder Balsamico«. Regelweg in Bornheim über den Bereich »Essig- und Ölregal« eines gewöhnlichen Bornheimer Vollsortimenters.","EASY","Rotweinessig: gewöhnlicher lokaler Bezugsweg über den Bereich »Essig- und Ölregal«.","OPTIONAL","Rotweinessig | Form: nicht Rotwein oder Balsamico | Bornheim Essig- und Ölregal gewöhnlicher Handel",""
"REDFISH","Rotbarsch","APPLICABLE","Rotbarsch mit festem, mildem und relativ magerem Fleisch; meist als Filet erhältlich.","GENERAL_BROAD","Deutsche See – Rotbarschfilets TK belegt formgenau: Die Produktseite führt hautlose, portionierte und vakuumierte Rotbarschfilets als verfügbaren Tiefkühlartikel. Für Georgia in Bornheim gilt: Deutschlandweiter Tiefkühl-Wunschterminversand nach Bornheim und Rostock; Mindestbestellwert 49 Euro; Logistik FROZEN_SHIPPING. Wunschtermin, Mindestbestellwert und minus-18-Grad-Kette verhindern spontane Beschaffung, bleiben aber robust planbar.","PLANNED","Rotbarsch: Die Produktseite führt hautlose, portionierte und vakuumierte Rotbarschfilets als verfügbaren Tiefkühlartikel.","REQUIRED","Deutsche See Rotbarschfilets hautlos portioniert tiefgekühlt verfügbar | Georgia in Bornheim | IN_STOCK FROZEN_SHIPPING","EVIDENCE_REQUIRED|BORDERLINE_PLANNED|RATING_RECONCILED_V2"
"REINDEER","Rentierfleisch","APPLICABLE","Rentierfleisch als frisches oder tiefgekühltes Fleischstück beziehungsweise geeignetes Gulasch-/Geschnetzeltesfleisch. Nicht Rentierwurst, Trockenfleisch oder ein bereits zubereitetes Rentiergericht.","NICHE_IMPORT","Katalogpfad Wildfleisch → Fleisch. Warengruppe Fleisch, formrelevanter Prüfhinweis aus der vollständigen Definition: »Nicht Rentierwurst, Trockenfleisch oder ein bereits zubereitetes Rentiergericht«. Nur der schmale Händlerweg über Swedish Wild – reindeer meat range ist positiv belegt; Tiefkühlversand begrenzt Form, Bestand oder Logistik.","DIFFICULT","Rentierfleisch: Nur der schmale Händlerweg über Swedish Wild – reindeer meat range ist positiv belegt; Tiefkühlversand begrenzt Form, Bestand oder Logistik.","REQUIRED","Rentierfleisch | Form: Nicht Rentierwurst, Trockenfleisch oder ein bereits zubereitetes Rentiergericht | Deutschland EU Exakttreffer Bestand Logistik Fleisch | geprüfte Quellen: Swedish Wild – reindeer meat range","EVIDENCE_REQUIRED|FORM_OR_ROUTE_FRAGILE"
"REMOULADE","Remoulade","APPLICABLE","Würzige mayonnaiseartige Sauce mit typischerweise Gurken/Pickles, Senf, Kräutern und weiteren Würzzutaten; konkrete Rezepturen können variieren.","GENERAL_LOCAL","Katalogpfad fertige Sauce oder Würzpaste → Sauce, Würzmittel oder Paste. Warengruppe Sauce oder Würzpaste, formrelevanter Prüfhinweis aus der vollständigen Definition: »konkrete Rezepturen können variieren«. Regelweg in Bornheim über die gewöhnliche Bornheimer Auslage »Saucen-, Würzpasten- und Feinkostregal«.","EASY","Remoulade: gewöhnlicher lokaler Bezugsweg über den Bereich »Saucen-, Würzpasten- und Feinkostregal«.","OPTIONAL","Remoulade | Form: konkrete Rezepturen können variieren | Bornheim Saucen-, Würzpasten- und Feinkostregal gewöhnlicher Handel",""
"RENDANG_PASTE","Rendang-Paste","APPLICABLE","Konzentrierte Gewürzpaste für Rendang mit Chili, Aromaten und Gewürzen; nicht das fertige Schmorgericht.","SPECIALTY_BROAD","Katalogpfad fertige Currypaste → fertige Sauce oder Würzpaste → Sauce, Würzmittel oder Paste. Warengruppe Sauce oder Würzpaste, formrelevanter Prüfhinweis aus der vollständigen Definition: »nicht das fertige Schmorgericht«. Breiter einschlägiger Spezialmarkt über die voneinander unabhängigen Händler Asiashoponline – Munik Rendang paste 39 g sowie My-Asia-Shop – Asian Home Gourmet Rendang paste.","SPECIALTY","Rendang-Paste ist im einschlägigen Spezialmarkt breit etabliert; dokumentierte reguläre Wege sind die voneinander unabhängigen Händler Asiashoponline – Munik Rendang paste 39 g sowie My-Asia-Shop – Asian Home Gourmet Rendang paste.","REQUIRED","Rendang-Paste | Form: nicht das fertige Schmorgericht | Deutschland unabhängige Spezialhändler Sauce oder Würzpaste | geprüfte Quellen: Asiashoponline – Munik Rendang paste 39 g ; My-Asia-Shop – Asian Home Gourmet Rendang paste","EVIDENCE_REQUIRED"
"RHUBARB","Rhabarber","APPLICABLE","Fleischige saure Blattstiele des Rhabarbers; nur die Stiele verwenden, nicht die Blätter.","GENERAL_BROAD","Katalogpfad Stängelgemüse → Gemüse. Warengruppe Gemüse oder Pilz, formrelevanter Prüfhinweis aus der vollständigen Definition: »nur die Stiele verwenden, nicht die Blätter«. Allgemein planbarer, aber nicht lokal garantierter Weg über eine vorab zu prüfendes Sortiment im Bereich »Obst- und Gemüseabteilung« eines großen Bornheimer Markts.","PLANNED","Rhabarber ist über ein vorab zu prüfendes Sortiment im Bereich »Obst- und Gemüseabteilung« eines großen Bornheimer Markts im allgemeinen deutschen Handel planbar, lokal aber kein verlässlicher Standardartikel.","OPTIONAL","Rhabarber | Form: nur die Stiele verwenden, nicht die Blätter | Bornheim gezielter Einkauf Deutschland Obst- und Gemüseabteilung","RATING_RECONCILED_V2"
"RICE","Reis","APPLICABLE","Reiskorn als Kochzutat; Sorte, Kornlänge, Vollkornanteil und Klebrigkeit bleiben bewusst wählbar.","GENERAL_LOCAL","Katalogpfad Getreide oder Pseudogetreide → stärkehaltige Zutat oder Sättigungsbeilage. Warengruppe Getreide- oder Stärkeware, formrelevanter Prüfhinweis aus der vollständigen Definition: »Sorte, Kornlänge, Vollkornanteil und Klebrigkeit bleiben bewusst wählbar«. Regelweg in Bornheim über den Bereich »Reis-, Mehl-, Nudel- oder Trockenwarenregal« eines gewöhnlichen Bornheimer Vollsortimenters.","EASY","Reis: Der offene Begriff lässt sich in jedem gewöhnlichen Supermarkt zuverlässig erfüllen.","OPTIONAL","Reis | Form: Sorte, Kornlänge, Vollkornanteil und Klebrigkeit bleiben bewusst wählbar | Bornheim Reis-, Mehl-, Nudel- oder Trockenwarenregal gewöhnlicher Handel","REFERENCE_ANCHOR"
"RICE_CAKES","koreanische Reiskuchen","APPLICABLE","Koreanische Reiskuchen nach Tteok-Art mit zäher, elastischer Textur; Form und frisch oder tiefgekühlt bleiben offen.","SPECIALTY_BROAD","Katalogpfad Reisprodukt → stärkehaltige Zutat oder Sättigungsbeilage. Warengruppe Getreide- oder Stärkeware, formrelevanter Prüfhinweis aus der vollständigen Definition: »Form und frisch oder tiefgekühlt bleiben offen«. Breiter einschlägiger Spezialmarkt über die voneinander unabhängigen Händler Asiafoodland – Korean Garae-tteok 400 g sowie Reishunger – Tteok Korean rice cakes.","SPECIALTY","koreanische Reiskuchen ist im einschlägigen Spezialmarkt breit etabliert; dokumentierte reguläre Wege sind die voneinander unabhängigen Händler Asiafoodland – Korean Garae-tteok 400 g sowie Reishunger – Tteok Korean rice cakes.","REQUIRED","koreanische Reiskuchen | Form: Form und frisch oder tiefgekühlt bleiben offen | Deutschland unabhängige Spezialhändler Getreide- oder Stärkeware | geprüfte Quellen: Asiafoodland – Korean Garae-tteok 400 g ; Reishunger – Tteok Korean rice cakes","EVIDENCE_REQUIRED"
"RICE_FLOUR","Reismehl","APPLICABLE","Fein gemahlener Reis, weiß oder als Vollkorn; nicht reine Reisstärke.","GENERAL_BROAD","Katalogpfad Mehl → Reisprodukt → stärkehaltige Zutat oder Sättigungsbeilage. Warengruppe Getreide- oder Stärkeware, formrelevanter Prüfhinweis aus der vollständigen Definition: »nicht reine Reisstärke«. Allgemein planbarer, aber nicht lokal garantierter Weg über eine konkrete Vorbestellung oder Bestandsabfrage für Getreide- oder Stärkeware.","PLANNED","Reismehl ist über eine konkrete Vorbestellung oder Bestandsabfrage für Getreide- oder Stärkeware im allgemeinen deutschen Handel planbar, lokal aber kein verlässlicher Standardartikel.","OPTIONAL","Reismehl | Form: nicht reine Reisstärke | Bornheim gezielter Einkauf Deutschland Reis-, Mehl-, Nudel- oder Trockenwarenregal",""
"RICE_NOODLES","Reisnudeln","APPLICABLE","Nudeln überwiegend auf Reisbasis; Breite, Form und Frisch- oder Trockenware bleiben offen.","GENERAL_LOCAL","Katalogpfad Nudeln → Reisprodukt → stärkehaltige Zutat oder Sättigungsbeilage. Warengruppe Getreide- oder Stärkeware, formrelevanter Prüfhinweis aus der vollständigen Definition: »Breite, Form und Frisch- oder Trockenware bleiben offen«. Regelweg in Bornheim über die gewöhnliche Bornheimer Auslage »Reis-, Mehl-, Nudel- oder Trockenwarenregal«.","EASY","Reisnudeln: gewöhnlicher lokaler Bezugsweg über den Bereich »Reis-, Mehl-, Nudel- oder Trockenwarenregal«.","OPTIONAL","Reisnudeln | Form: Breite, Form und Frisch- oder Trockenware bleiben offen | Bornheim Reis-, Mehl-, Nudel- oder Trockenwarenregal gewöhnlicher Handel","RATING_RECONCILED_V2"
"RICE_PADDY_HERB","Reisfeldkraut","APPLICABLE","Frisches Reisfeldkraut (ngò om beziehungsweise ngổ) mit zitrischem und leicht kümmelartigem Aroma; besonders für saure Suppen und Brühen. Nicht vietnamesischer Koriander oder Culantro.","NICHE_IMPORT","Katalogpfad Kräuter und Würzblätter. Warengruppe frisches Würzkraut, formrelevanter Prüfhinweis aus der vollständigen Definition: »Nicht vietnamesischer Koriander oder Culantro«. Nur der schmale Händlerweg über Viet Long Foods – fresh herb importer catalog ist positiv belegt; Importbeschränkung begrenzt Form, Bestand oder Logistik.","DIFFICULT","Reisfeldkraut: Nur der schmale Händlerweg über Viet Long Foods – fresh herb importer catalog ist positiv belegt; Importbeschränkung begrenzt Form, Bestand oder Logistik.","REQUIRED","Reisfeldkraut | Form: Nicht vietnamesischer Koriander oder Culantro | Deutschland EU Exakttreffer Bestand Logistik frisches Würzkraut | geprüfte Quellen: Viet Long Foods – fresh herb importer catalog","EVIDENCE_REQUIRED|FORM_OR_ROUTE_FRAGILE"
"RICE_PAPER","Reispapier","APPLICABLE","Dünne trockene Blätter auf Reisbasis zum Einweichen und Rollen; nicht essbares Dekorpapier.","GENERAL_BROAD","Katalogpfad Teigblatt oder Dumpling-Hülle → Reisprodukt → stärkehaltige Zutat oder Sättigungsbeilage. Warengruppe Teigblatt oder Teigware, formrelevanter Prüfhinweis aus der vollständigen Definition: »nicht essbares Dekorpapier«. Allgemein planbarer, aber nicht lokal garantierter Weg über eine konkrete Vorbestellung oder Bestandsabfrage für Teigblatt oder Teigware.","PLANNED","Reispapier ist über eine konkrete Vorbestellung oder Bestandsabfrage für Teigblatt oder Teigware im allgemeinen deutschen Handel planbar, lokal aber kein verlässlicher Standardartikel.","OPTIONAL","Reispapier | Form: nicht essbares Dekorpapier | Bornheim gezielter Einkauf Deutschland Kühl- oder Tiefkühlregal für internationale Teigwaren",""
"RICE_PRODUCTS","Reisprodukt","APPLICABLE","Offene Vorgabe für verarbeitete Reisprodukte wie Nudeln, Reiskuchen, Mehl oder Papier; gewöhnliches Reiskorn bleibt getrennt.","GENERAL_LOCAL","Katalogpfad stärkehaltige Zutat oder Sättigungsbeilage. Warengruppe Getreide- oder Stärkeware, formrelevanter Prüfhinweis aus der vollständigen Definition: »gewöhnliches Reiskorn bleibt getrennt«. Regelweg in Bornheim über die gewöhnliche Bornheimer Auslage »Reis-, Mehl-, Nudel- oder Trockenwarenregal«.","EASY","Reisprodukt: gewöhnlicher lokaler Bezugsweg über den Bereich »Reis-, Mehl-, Nudel- oder Trockenwarenregal«.","OPTIONAL","Reisprodukt | Form: gewöhnliches Reiskorn bleibt getrennt | Bornheim Reis-, Mehl-, Nudel- oder Trockenwarenregal gewöhnlicher Handel","RATING_RECONCILED_V2"
"RICE_VINEGAR","Reisessig","APPLICABLE","Milder Essig aus Reis beziehungsweise Reiswein; helle und dunklere regionale Varianten sind möglich.","GENERAL_BROAD","Katalogpfad Essig. Warengruppe Speiseessig, formrelevanter Prüfhinweis aus der vollständigen Definition: »helle und dunklere regionale Varianten sind möglich«. Allgemein planbarer, aber nicht lokal garantierter Weg über eine konkrete Vorbestellung oder Bestandsabfrage für Speiseessig.","PLANNED","Reisessig ist über eine konkrete Vorbestellung oder Bestandsabfrage für Speiseessig im allgemeinen deutschen Handel planbar, lokal aber kein verlässlicher Standardartikel.","OPTIONAL","Reisessig | Form: helle und dunklere regionale Varianten sind möglich | Bornheim gezielter Einkauf Deutschland Essig- und Ölregal",""
"RICOTTA","Ricotta","APPLICABLE","Milder italienischer Molkenfrischkäse mit körnig-cremiger Textur; Kuh-, Schaf- oder andere Milchbasis möglich.","GENERAL_LOCAL","Katalogpfad Käse → gesäuertes Milchprodukt → Milchprodukte. Warengruppe Käse, formrelevanter Prüfhinweis aus der vollständigen Definition: »Kuh-, Schaf- oder andere Milchbasis möglich«. Regelweg in Bornheim über das örtliche Sortiment »Käsekühlung oder Käsetheke« beim Wocheneinkauf in Bornheim.","EASY","Ricotta: gewöhnlicher lokaler Bezugsweg über den Bereich »Käsekühlung oder Käsetheke«.","OPTIONAL","Ricotta | Form: Kuh-, Schaf- oder andere Milchbasis möglich | Bornheim Käsekühlung oder Käsetheke gewöhnlicher Handel",""
"RILLETTES","Rillettes","APPLICABLE","Offene Familie langsam gegarter und zerfaserter Fleischaufstriche nach Rillettes-Art, insbesondere aus Schwein, Ente oder Gans. Fisch-Rillettes und gewöhnliche Leberpastete sind ausdrücklich nicht gemeint.","GENERAL_BROAD","Katalogpfad Fleisch. REWE listet Bahier Gänserillettes im Glas aus 83 Prozent zart gekochtem Gänsefleisch, Gänsefett und Schweinefleisch; Georgia prüft dieses allgemeine Kettenprodukt standortbezogen.","PLANNED","Rillettes: REWE listet Bahier Gänserillettes im Glas aus 83 Prozent zart gekochtem Gänsefleisch, Gänsefett und Schweinefleisch; Georgia prüft dieses allgemeine Kettenprodukt standortbezogen.","REQUIRED","Bahier Rillettes Gans 180 g | REWE zart gekocht Fleischaufstrich | Bornheim Standort Bestand","EVIDENCE_REQUIRED|BORDERLINE_PLANNED"
"RISOTTO_RICE","Risottoreis","APPLICABLE","Stärkereiche mittel- bis kurzkörnige Reissorte für cremiges Risotto, etwa Arborio oder Carnaroli.","GENERAL_LOCAL","Katalogpfad Reis → Getreide oder Pseudogetreide → stärkehaltige Zutat oder Sättigungsbeilage. Warengruppe Getreide- oder Stärkeware, formrelevanter Prüfhinweis aus der vollständigen Definition: »Reissorte für cremiges Risotto, etwa Arborio oder Carnaroli«. Regelweg in Bornheim über den regulären Bornheimer Regalweg »Reis-, Mehl-, Nudel- oder Trockenwarenregal«.","EASY","Risottoreis: gewöhnlicher lokaler Bezugsweg über den Bereich »Reis-, Mehl-, Nudel- oder Trockenwarenregal«.","OPTIONAL","Risottoreis | Form: Reissorte für cremiges Risotto, etwa Arborio oder Carnaroli | Bornheim Reis-, Mehl-, Nudel- oder Trockenwarenregal gewöhnlicher Handel",""
"ROASTED_RED_PEPPER","geröstete Paprika","APPLICABLE","Geröstete und gehäutete rote Paprika, frisch zubereitet oder schlicht in Glas beziehungsweise Öl konserviert.","GENERAL_LOCAL","Katalogpfad konservierte pflanzliche Zutat → rote Paprika → Paprika → Fruchtgemüse. Warengruppe konservierte Pflanzenware, formrelevanter Prüfhinweis aus der vollständigen Definition: »zubereitet oder schlicht in Glas beziehungsweise Öl konserviert«. Regelweg in Bornheim über den Bereich »Konserven-, Glas- oder internationales Feinkostregal« eines gewöhnlichen Bornheimer Vollsortimenters.","EASY","geröstete Paprika: gewöhnlicher lokaler Bezugsweg über den Bereich »Konserven-, Glas- oder internationales Feinkostregal«.","OPTIONAL","geröstete Paprika | Form: zubereitet oder schlicht in Glas beziehungsweise Öl konserviert | Bornheim Konserven-, Glas- oder internationales Feinkostregal gewöhnlicher Handel",""
"ROD_POLSE","Rød pølse","APPLICABLE","Dänische rote Hotdog-/Brühwurst (rød pølse), typischerweise aus Schweinefleisch, gekocht und geräuchert; nicht generisch jede rot gefärbte Wurst.","NICHE_IMPORT","Katalogpfad Schweinefleisch → Wurst → Fleisch. Warengruppe Wurst oder Pökelfleisch, formrelevanter Prüfhinweis aus der vollständigen Definition: »nicht generisch jede rot gefärbte Wurst«. Nur der schmale Händlerweg über Dänemark Shop – Danish sausage assortment ist positiv belegt; Kühlversand begrenzt Form, Bestand oder Logistik.","DIFFICULT","Rød pølse: Nur der schmale Händlerweg über Dänemark Shop – Danish sausage assortment ist positiv belegt; Kühlversand begrenzt Form, Bestand oder Logistik.","REQUIRED","Rød pølse | Form: nicht generisch jede rot gefärbte Wurst | Deutschland EU Exakttreffer Bestand Logistik Wurst oder Pökelfleisch | geprüfte Quellen: Dänemark Shop – Danish sausage assortment","EVIDENCE_REQUIRED|FORM_OR_ROUTE_FRAGILE"
"ROMAINE_LETTUCE","Römersalat","APPLICABLE","Römersalat mit länglichen kräftigen Blättern und knackiger Mittelrippe; roh oder gegrillt verwendbar.","GENERAL_LOCAL","Katalogpfad Blattsalat → Blattgemüse → Gemüse. Warengruppe Gemüse oder Pilz, formrelevanter Prüfhinweis aus der vollständigen Definition: »roh oder gegrillt verwendbar«. Regelweg in Bornheim über ortsübliche Vollsortimenter rund um Bornheim, konkret im Bereich »Obst- und Gemüseabteilung«.","EASY","Römersalat: gewöhnlicher lokaler Bezugsweg über den Bereich »Obst- und Gemüseabteilung«.","OPTIONAL","Römersalat | Form: roh oder gegrillt verwendbar | Bornheim Obst- und Gemüseabteilung gewöhnlicher Handel",""
"ROMANESCO","Romanesco","APPLICABLE","Hellgrünes Kohlgemüse mit fraktal geformtem Blütenstand und mild-nussigem Geschmack; nicht Brokkoli.","GENERAL_BROAD","GLOBUS – frischer Romanesco belegt formgenau: GLOBUS bezeichnet den exakten frischen Romanesco-Kopf ausdrücklich als Artikel im regulären Markthallensortiment. Für Georgia in Bornheim gilt: Reguläres Sortiment im deutschen GLOBUS-Markthallennetz; konkrete Filiale für Bornheim oder Rostock prüfen; Logistik STANDARD_LOCAL. Saison und Einzelmarktbestand schwanken; generischer Brokkoli wird nicht als Ersatz für die fraktale Kohlform gezählt.","PLANNED","Romanesco: GLOBUS bezeichnet den exakten frischen Romanesco-Kopf ausdrücklich als Artikel im regulären Markthallensortiment.","REQUIRED","GLOBUS Romanesco frischer Kohlkopf im Sortiment | Georgia in Bornheim | REGULAR_RANGE STANDARD_LOCAL","EVIDENCE_REQUIRED|BORDERLINE_PLANNED"
"ROMESCO","Romesco-Sauce","APPLICABLE","Katalanische Sauce auf Basis gerösteter Paprika beziehungsweise Ñora, Tomate, Nüssen, Öl und Säure; genaue Nussmischung und Brotanteil können variieren. Nicht Ajvar oder allgemeine Paprikasauce.","SPECIALTY_BROAD","Katalogpfad fertige Sauce oder Würzpaste → Sauce, Würzmittel oder Paste. Warengruppe Sauce oder Würzpaste, formrelevanter Prüfhinweis aus der vollständigen Definition: »Nicht Ajvar oder allgemeine Paprikasauce«. Breiter einschlägiger Spezialmarkt über die voneinander unabhängigen Händler Mitte Meer – Mediterranean direct shop sowie La Tradición – Priorat Romesco sauce.","SPECIALTY","Romesco-Sauce ist im einschlägigen Spezialmarkt breit etabliert; dokumentierte reguläre Wege sind die voneinander unabhängigen Händler Mitte Meer – Mediterranean direct shop sowie La Tradición – Priorat Romesco sauce.","REQUIRED","Romesco-Sauce | Form: Nicht Ajvar oder allgemeine Paprikasauce | Deutschland unabhängige Spezialhändler Sauce oder Würzpaste | geprüfte Quellen: Mitte Meer – Mediterranean direct shop ; La Tradición – Priorat Romesco sauce","EVIDENCE_REQUIRED|BORDERLINE_PLANNED|RATING_RECONCILED_V2"
"ROOKWORST","Rookworst","APPLICABLE","Niederländische geräucherte Koch- oder Brühwurst; die Fleischzusammensetzung kann variieren und muss nicht ausschließlich aus Schweinefleisch bestehen.","NICHE_IMPORT","Katalogpfad Wurst → Fleisch. Warengruppe Wurst oder Pökelfleisch, formrelevanter Prüfhinweis aus der vollständigen Definition: »die Fleischzusammensetzung kann variieren und muss nicht ausschließlich aus Schweinefleisch bestehen«. Nur der schmale Händlerweg über Hollandshop24 – Dutch rookworst range ist positiv belegt; Importbeschränkung begrenzt Form, Bestand oder Logistik.","DIFFICULT","Rookworst: Nur der schmale Händlerweg über Hollandshop24 – Dutch rookworst range ist positiv belegt; Importbeschränkung begrenzt Form, Bestand oder Logistik.","REQUIRED","Rookworst | Form: die Fleischzusammensetzung kann variieren und muss nicht ausschließlich aus Schweinefleisch bestehen | Deutschland EU Exakttreffer Bestand Logistik Wurst oder Pökelfleisch | geprüfte Quellen: Hollandshop24 – Dutch rookworst range","EVIDENCE_REQUIRED|FORM_OR_ROUTE_FRAGILE"
"ROOT_VEGETABLES","Wurzel- und Knollengemüse","APPLICABLE","Offene Vorgabe für kulinarisch genutzte Wurzeln und Knollen; Art, Stärkegehalt und Süße bleiben wählbar.","GENERAL_LOCAL","Katalogpfad Gemüse. Warengruppe Gemüse oder Pilz, formrelevanter Prüfhinweis aus der vollständigen Definition: »Art, Stärkegehalt und Süße bleiben wählbar«. Regelweg in Bornheim über den Bereich »Obst- und Gemüseabteilung« eines gewöhnlichen Bornheimer Vollsortimenters.","EASY","Wurzel- und Knollengemüse: gewöhnlicher lokaler Bezugsweg über den Bereich »Obst- und Gemüseabteilung«.","OPTIONAL","Wurzel- und Knollengemüse | Form: Art, Stärkegehalt und Süße bleiben wählbar | Bornheim Obst- und Gemüseabteilung gewöhnlicher Handel",""
"ROQUEFORT","Roquefort","APPLICABLE","Französischer Blauschimmelkäse aus Schafmilch nach Roquefort-AOP; kräftig, salzig und ausgeprägt würzig. Nicht generischer Blauschimmelkäse.","GENERAL_BROAD","Formatta – Roquefort AOP Papillon belegt formgenau: Formatta führt Roquefort AOP Papillon aus Schafrohmilch als aktuell lieferbaren, formgenauen Blauschimmelkäse. Für Georgia in Bornheim gilt: Deutschlandweiter Kühlversand in Thermobox; 1–3 Werktage; Logistik CHILLED_SHIPPING. Thermobox und Versandkosten bleiben nötig; generischer Kuhmilch-Blauschimmelkäse trägt den Nachweis nicht.","PLANNED","Roquefort: Formatta führt Roquefort AOP Papillon aus Schafrohmilch als aktuell lieferbaren, formgenauen Blauschimmelkäse.","REQUIRED","Formatta Roquefort AOP Papillon Schafrohmilch lieferbar | Georgia in Bornheim | IN_STOCK CHILLED_SHIPPING","EVIDENCE_REQUIRED|BORDERLINE_PLANNED"
"ROSEMARY","Rosmarin","APPLICABLE","Rosmarinnadeln mit harzigem, kampferartigem Aroma; frisch oder getrocknet sparsam verwendbar.","GENERAL_LOCAL","Katalogpfad Kräuter und Würzblätter. Warengruppe frisches Würzkraut, formrelevanter Prüfhinweis aus der vollständigen Definition: »frisch oder getrocknet sparsam verwendbar«. Regelweg in Bornheim über den Bereich »frische Kräuterabteilung« eines gewöhnlichen Bornheimer Vollsortimenters.","EASY","Rosmarin: gewöhnlicher lokaler Bezugsweg über den Bereich »frische Kräuterabteilung«.","OPTIONAL","Rosmarin | Form: frisch oder getrocknet sparsam verwendbar | Bornheim frische Kräuterabteilung gewöhnlicher Handel",""
"RUM","Rum","APPLICABLE","Spirituose aus Zuckerrohrprodukten; weißer, goldener oder dunkler Rum und Süßegrad bleiben offen.","GENERAL_LOCAL","Katalogpfad Kochalkohol. Warengruppe Kochalkohol, formrelevanter Prüfhinweis aus der vollständigen Definition: »weißer, goldener oder dunkler Rum und Süßegrad bleiben offen«. Regelweg in Bornheim über die gewöhnliche Bornheimer Auslage »Getränke-, Wein- oder Spirituosenregal«.","EASY","Rum: gewöhnlicher lokaler Bezugsweg über den Bereich »Getränke-, Wein- oder Spirituosenregal«.","OPTIONAL","Rum | Form: weißer, goldener oder dunkler Rum und Süßegrad bleiben offen | Bornheim Getränke-, Wein- oder Spirituosenregal gewöhnlicher Handel",""
"RUTABAGA","Steckrübe","APPLICABLE","Steckrübe mit dichtem gelblichem Fleisch und mild erdig-süßlichem Kohlaroma; nicht Speiserübe.","GENERAL_LOCAL","Katalogpfad Wurzel- und Knollengemüse → Gemüse. Warengruppe Gemüse oder Pilz, formrelevanter Prüfhinweis aus der vollständigen Definition: »nicht Speiserübe«. Regelweg in Bornheim über den lokalen Supermarktbereich »Obst- und Gemüseabteilung« in Bornheim.","EASY","Steckrübe: gewöhnlicher lokaler Bezugsweg über den Bereich »Obst- und Gemüseabteilung«.","OPTIONAL","Steckrübe | Form: nicht Speiserübe | Bornheim Obst- und Gemüseabteilung gewöhnlicher Handel",""
"RYE_BREAD","Roggenbrot","APPLICABLE","Brot mit Roggen als prägendem Getreide; Misch- und Vollkornformen sind umfasst, Sauerteig wird nicht zwingend vorausgesetzt.","GENERAL_LOCAL","Roggenbrot wird in Bornheim als frischer Laib an Bäckereitheke oder Backstation sowie geschnitten im Brotregal angeboten.","EASY","Roggenbrot wird in Bornheim als frischer Laib an Bäckereitheke oder Backstation sowie geschnitten im Brotregal angeboten.","OPTIONAL","Bornheim Roggenbrot Laib geschnitten Bäckereitheke Backstation Brotregal",""
"RYE_FLOUR","Roggenmehl","APPLICABLE","Mehl aus Roggen mit kräftigem Getreidearoma; Ausmahlungsgrad bleibt offen.","GENERAL_LOCAL","Katalogpfad Mehl → stärkehaltige Zutat oder Sättigungsbeilage. Warengruppe Getreide- oder Stärkeware, formrelevanter Prüfhinweis aus der vollständigen Definition: »Ausmahlungsgrad bleibt offen«. Regelweg in Bornheim über das örtliche Sortiment »Reis-, Mehl-, Nudel- oder Trockenwarenregal« beim Wocheneinkauf in Bornheim.","EASY","Roggenmehl: gewöhnlicher lokaler Bezugsweg über den Bereich »Reis-, Mehl-, Nudel- oder Trockenwarenregal«.","OPTIONAL","Roggenmehl | Form: Ausmahlungsgrad bleibt offen | Bornheim Reis-, Mehl-, Nudel- oder Trockenwarenregal gewöhnlicher Handel",""
"SAFFRON","Safran","APPLICABLE","Getrocknete Safranfäden beziehungsweise Narben mit intensiv floral-honigartigem Aroma und starker gelber Färbekraft; sparsam dosieren.","GENERAL_LOCAL","Katalogpfad Gewürz oder trockenes Würzmittel. Warengruppe Gewürz, formrelevanter Prüfhinweis aus der vollständigen Definition: »sparsam dosieren«. Regelweg in Bornheim über den Bereich »Gewürz- und Trockenwürzregal« eines gewöhnlichen Bornheimer Vollsortimenters.","EASY","Safran: Safran ist normalerweise im gewöhnlichen Gewürzsortiment von Supermärkten erhältlich; der Preis verschlechtert die Beschaffbarkeit nicht.","OPTIONAL","Safran | Form: sparsam dosieren | Bornheim Gewürz- und Trockenwürzregal gewöhnlicher Handel","REFERENCE_ANCHOR"
"SAGE","Salbei","APPLICABLE","Salbeiblätter mit kräftig herbem, kampferartigem Aroma; frisch oder getrocknet und meist sparsam verwendet.","GENERAL_LOCAL","Katalogpfad Kräuter und Würzblätter. Warengruppe frisches Würzkraut, formrelevanter Prüfhinweis aus der vollständigen Definition: »frisch oder getrocknet und meist sparsam verwendet«. Regelweg in Bornheim über nahe Supermarktfilialen in Bornheim mit dem Bereich »frische Kräuterabteilung«.","EASY","Salbei: gewöhnlicher lokaler Bezugsweg über den Bereich »frische Kräuterabteilung«.","OPTIONAL","Salbei | Form: frisch oder getrocknet und meist sparsam verwendet | Bornheim frische Kräuterabteilung gewöhnlicher Handel","RATING_RECONCILED_V2"
"SAI_UA","Sai Ua","APPLICABLE","Nordthailändische grobe Schweinewurst mit Zitronengras, Makrut-Limettenblatt, Chili und weiteren Kräutern; meist gegrillt und aromatisch-intensiv. Nicht mit der fermentierten Sai Krok Isan gleichsetzen.","NICHE_IMPORT","Katalogpfad Schweinefleisch → Wurst → Fleisch. Warengruppe Wurst oder Pökelfleisch, formrelevanter Prüfhinweis aus der vollständigen Definition: »Nicht mit der fermentierten Sai Krok Isan gleichsetzen«. Nur der schmale Händlerweg über Yak Thai – Sai Ua 2 x 250 g ist positiv belegt; Kühlversand begrenzt Form, Bestand oder Logistik.","DIFFICULT","Sai Ua: Nur der schmale Händlerweg über Yak Thai – Sai Ua 2 x 250 g ist positiv belegt; Kühlversand begrenzt Form, Bestand oder Logistik.","REQUIRED","Sai Ua | Form: Nicht mit der fermentierten Sai Krok Isan gleichsetzen | Deutschland EU Exakttreffer Bestand Logistik Wurst oder Pökelfleisch | geprüfte Quellen: Yak Thai – Sai Ua 2 x 250 g","EVIDENCE_REQUIRED|FORM_OR_ROUTE_FRAGILE"
"SAKE","Sake","APPLICABLE","Japanisches vergorenes Reisgetränk; trocken bis süß und als Kochsake oder Trinkqualität verwendbar, nicht Mirin.","GENERAL_BROAD","Bremer Weinkolleg – Akashi Sake Junmai belegt formgenau: Der etablierte Weinhandel bietet Akashi Junmai als traditionell aus fermentiertem Reis gebrauten Trink-Sake sofort verfügbar an. Für Georgia in Bornheim gilt: DHL-Versand ausschließlich innerhalb Deutschlands; 2–4 Werktage nach Bornheim und Rostock; Logistik STANDARD_SHIPPING. Altersprüfung und Versandkosten gelten; Mirin sowie beliebige Kochsake-Produkte werden nicht als Formersatz verwendet.","PLANNED","Sake: Der etablierte Weinhandel bietet Akashi Junmai als traditionell aus fermentiertem Reis gebrauten Trink-Sake sofort verfügbar an.","REQUIRED","Bremer Weinkolleg Akashi Sake Junmai sofort verfügbar Deutschland | Georgia in Bornheim | IN_STOCK STANDARD_SHIPPING","EVIDENCE_REQUIRED|BORDERLINE_PLANNED"
"SALAD_GREENS","Blattsalat","APPLICABLE","Offene Vorgabe für roh geeignete Blattsalate; Sorte, Bitterkeit und Blattstruktur bleiben wählbar.","GENERAL_LOCAL","Katalogpfad Blattgemüse → Gemüse. Warengruppe Gemüse oder Pilz, formrelevanter Prüfhinweis aus der vollständigen Definition: »Sorte, Bitterkeit und Blattstruktur bleiben wählbar«. Regelweg in Bornheim über ortsübliche Vollsortimenter rund um Bornheim, konkret im Bereich »Obst- und Gemüseabteilung«.","EASY","Blattsalat: gewöhnlicher lokaler Bezugsweg über den Bereich »Obst- und Gemüseabteilung«.","OPTIONAL","Blattsalat | Form: Sorte, Bitterkeit und Blattstruktur bleiben wählbar | Bornheim Obst- und Gemüseabteilung gewöhnlicher Handel",""
"SALAMI","Salami","APPLICABLE","Luftgetrocknete beziehungsweise gereifte Rohwurst der Salami-Familie; Tierart, Körnung und Würzung können variieren.","GENERAL_LOCAL","Katalogpfad gepökeltes oder luftgetrocknetes Fleisch → Schweinefleisch → Wurst → Fleisch. Warengruppe Wurst oder Pökelfleisch, formrelevanter Prüfhinweis aus der vollständigen Definition: »Tierart, Körnung und Würzung können variieren«. Regelweg in Bornheim über ortsübliche Vollsortimenter rund um Bornheim, konkret im Bereich »Wurstkühlung oder Bedientheke«.","EASY","Salami: gewöhnlicher lokaler Bezugsweg über den Bereich »Wurstkühlung oder Bedientheke«.","OPTIONAL","Salami | Form: Tierart, Körnung und Würzung können variieren | Bornheim Wurstkühlung oder Bedientheke gewöhnlicher Handel",""
"SALMON","Lachs","APPLICABLE","Lachs als fettreicher Fisch mit festem, saftigem Fleisch; frisch oder tiefgekühlt, nicht bereits geräuchert oder gebeizt.","GENERAL_LOCAL","Katalogpfad fettreicher Fisch → Fisch → Fisch und Meeresfrüchte. Warengruppe Fisch oder Meeresfrucht, formrelevanter Prüfhinweis aus der vollständigen Definition: »frisch oder tiefgekühlt, nicht bereits geräuchert oder gebeizt«. Regelweg in Bornheim über den lokalen Supermarktbereich »Fischkühlung, Fischtheke oder Tiefkühlabteilung« in Bornheim.","EASY","Lachs: gewöhnlicher lokaler Bezugsweg über den Bereich »Fischkühlung, Fischtheke oder Tiefkühlabteilung«.","OPTIONAL","Lachs | Form: frisch oder tiefgekühlt, nicht bereits geräuchert oder gebeizt | Bornheim Fischkühlung, Fischtheke oder Tiefkühlabteilung gewöhnlicher Handel",""
"SALMON_ROE","Lachsrogen","APPLICABLE","Lachsrogen mit großen orangefarbenen, salzig platzenden Eiern; meist gesalzen als Ikura erhältlich.","GENERAL_BROAD","Deutsche See – Keta-Wildlachs Kaviar 100 g belegt: Der verfügbare Keta-Wildlachs-Kaviar enthält große bernsteinfarbene Lachsrogeneier und wird gekühlt bei minus drei bis plus drei Grad Celsius geführt. Der Bezug erfolgt über Deutschland und Österreich; gekühlte GO!-Express-Lieferung zum Wunschtermin; maßgeblich ist CHILLED_SHIPPING. Die Route belegt gesalzenen Keta-Lachsrogen, nicht andere Lachsarten oder ungesalzenen Rogen.","PLANNED","Lachsrogen: Der verfügbare Keta-Wildlachs-Kaviar enthält große bernsteinfarbene Lachsrogeneier und wird gekühlt bei minus drei bis plus drei Grad Celsius geführt.","REQUIRED","Keta Wildlachs Kaviar Lachsrogen gesalzen orange 100 g Deutsche See verfügbar | Georgia Bornheim Rheinland | Deutsche See – Keta-Wildlachs Kaviar 100 g | IN_STOCK CHILLED_SHIPPING","EVIDENCE_REQUIRED|BORDERLINE_PLANNED"
"SALSA","Salsa","APPLICABLE","Fertige oder frisch zubereitete mexikanisch geprägte Würzsauce; Tomaten-, Chili-, Frucht- und Rohvarianten sind möglich.","GENERAL_LOCAL","Katalogpfad fertige Sauce oder Würzpaste → Sauce, Würzmittel oder Paste. Warengruppe Sauce oder Würzpaste, formrelevanter Prüfhinweis aus der vollständigen Definition: »Tomaten-, Chili-, Frucht- und Rohvarianten sind möglich«. Regelweg in Bornheim über nahe Supermarktfilialen in Bornheim mit dem Bereich »Saucen-, Würzpasten- und Feinkostregal«.","EASY","Salsa: gewöhnlicher lokaler Bezugsweg über den Bereich »Saucen-, Würzpasten- und Feinkostregal«.","OPTIONAL","Salsa | Form: Tomaten-, Chili-, Frucht- und Rohvarianten sind möglich | Bornheim Saucen-, Würzpasten- und Feinkostregal gewöhnlicher Handel",""
"SALTED_DUCK_EGG","gesalzenes Entenei","APPLICABLE","Durch Salz beziehungsweise Lake konserviertes Entenei, philippinisch insbesondere als itlog na maalat bekannt. Gemeint ist das ganze Ei; nicht Balut und nicht Salted-Egg-Pulver oder bloßes Salted-Egg-Aroma.","SPECIALTY_BROAD","Katalogpfad Entenei → Eier. Warengruppe Ei, formrelevanter Prüfhinweis aus der vollständigen Definition: »nicht Balut und nicht Salted-Egg-Pulver oder bloßes Salted-Egg-Aroma«. Breiter einschlägiger Spezialmarkt über die voneinander unabhängigen Händler Reissack – Goosun salted duck eggs 432 g sowie Warindo – cooked salted duck eggs 360 g.","SPECIALTY","gesalzenes Entenei ist im einschlägigen Spezialmarkt breit etabliert; dokumentierte reguläre Wege sind die voneinander unabhängigen Händler Reissack – Goosun salted duck eggs 432 g sowie Warindo – cooked salted duck eggs 360 g.","REQUIRED","gesalzenes Entenei | Form: nicht Balut und nicht Salted-Egg-Pulver oder bloßes Salted-Egg-Aroma | Deutschland unabhängige Spezialhändler Ei | geprüfte Quellen: Reissack – Goosun salted duck eggs 432 g ; Warindo – cooked salted duck eggs 360 g","EVIDENCE_REQUIRED"
"SALTY_LIQUORICE","Salzlakritz","APPLICABLE","Salzige Lakritzware mit Süßholz und typischerweise Salmiak (Ammoniumchlorid); bewusst von allgemeiner beziehungsweise rein süßer Lakritzware abgegrenzt.","GENERAL_LOCAL","Katalogpfad Lakritz → Süßware. Warengruppe Süßungs- oder Kakaoware, formrelevanter Prüfhinweis aus der vollständigen Definition: »bewusst von allgemeiner beziehungsweise rein süßer Lakritzware abgegrenzt«. Regelweg in Bornheim über das örtliche Sortiment »Backzutaten-, Süßwaren- oder Kakaoregal« beim Wocheneinkauf in Bornheim.","EASY","Salzlakritz: gewöhnlicher lokaler Bezugsweg über den Bereich »Backzutaten-, Süßwaren- oder Kakaoregal«.","OPTIONAL","Salzlakritz | Form: bewusst von allgemeiner beziehungsweise rein süßer Lakritzware abgegrenzt | Bornheim Backzutaten-, Süßwaren- oder Kakaoregal gewöhnlicher Handel","RATING_RECONCILED_V2"
"SAMBAL","Sambal","APPLICABLE","Chilipaste oder Chilisauce mit je nach Variante unterschiedlicher Schärfe, Konsistenz und Aromatik; nicht auf Sambal Oelek beschränkt.","GENERAL_LOCAL","Katalogpfad Chilisauce oder -paste → fertige Sauce oder Würzpaste → Sauce, Würzmittel oder Paste. Warengruppe Sauce oder Würzpaste, formrelevanter Prüfhinweis aus der vollständigen Definition: »nicht auf Sambal Oelek beschränkt«. Regelweg in Bornheim über das örtliche Sortiment »Saucen-, Würzpasten- und Feinkostregal« beim Wocheneinkauf in Bornheim.","EASY","Sambal: gewöhnlicher lokaler Bezugsweg über den Bereich »Saucen-, Würzpasten- und Feinkostregal«.","OPTIONAL","Sambal | Form: nicht auf Sambal Oelek beschränkt | Bornheim Saucen-, Würzpasten- und Feinkostregal gewöhnlicher Handel","RATING_RECONCILED_V2"
"SAMBAL_BRANDAL","Sambal Brandal","APPLICABLE","Gebratenes indonesisches Sambal mit Chili, Aromaten und häufig süßlich-würziger Tiefe; nicht Sambal Oelek.","SPECIALTY_BROAD","Katalogpfad Sambal → Chilisauce oder -paste → fertige Sauce oder Würzpaste → Sauce, Würzmittel oder Paste. Warengruppe Sauce, Würzpaste oder verarbeitete Würzzutat, formrelevanter Prüfhinweis aus der vollständigen Definition: »nicht Sambal Oelek«. Breiter einschlägiger Spezialmarkt über die voneinander unabhängigen Händler Asian Brand – Koningsvogel Sambal Brandal sowie Hollandshop24 – Conimex Sambal Brandal.","SPECIALTY","Sambal Brandal ist im einschlägigen Spezialmarkt breit etabliert; dokumentierte reguläre Wege sind die voneinander unabhängigen Händler Asian Brand – Koningsvogel Sambal Brandal sowie Hollandshop24 – Conimex Sambal Brandal.","REQUIRED","Sambal Brandal | Form: nicht Sambal Oelek | Deutschland unabhängige Spezialhändler Sauce, Würzpaste oder verarbeitete Würzzutat | geprüfte Quellen: Asian Brand – Koningsvogel Sambal Brandal ; Hollandshop24 – Conimex Sambal Brandal","EVIDENCE_REQUIRED"
"SAMBAL_OELEK","Sambal Oelek","APPLICABLE","Schlichte grobe Chilipaste vor allem aus roten Chilis, Salz und Säure; nicht süßes oder komplex gebratenes Sambal.","GENERAL_LOCAL","Katalogpfad Sambal → Chilisauce oder -paste → fertige Sauce oder Würzpaste → Sauce, Würzmittel oder Paste. Warengruppe Sauce, Würzpaste oder verarbeitete Würzzutat, formrelevanter Prüfhinweis aus der vollständigen Definition: »nicht süßes oder komplex gebratenes Sambal«. Regelweg in Bornheim über das örtliche Sortiment »Saucen-, Würzpasten- und Feinkostregal« beim Wocheneinkauf in Bornheim.","EASY","Sambal Oelek: gewöhnlicher lokaler Bezugsweg über den Bereich »Saucen-, Würzpasten- und Feinkostregal«.","OPTIONAL","Sambal Oelek | Form: nicht süßes oder komplex gebratenes Sambal | Bornheim Saucen-, Würzpasten- und Feinkostregal gewöhnlicher Handel",""
"SARDINES","Sardinen","APPLICABLE","Sardinen als kleine fettreiche Meeresfische; frisch oder tiefgekühlt, Dosenware ist eine eigene Produktform.","GENERAL_BROAD","Katalogpfad fettreicher Fisch → Fisch → Fisch und Meeresfrüchte. Warengruppe Fisch oder Meeresfrucht, formrelevanter Prüfhinweis aus der vollständigen Definition: »frisch oder tiefgekühlt, Dosenware ist eine eigene Produktform«. Allgemein planbarer, aber nicht lokal garantierter Weg über eine gezielte Bestellung oder Sortimentsprüfung bei Globus – Escal whole raw frozen sardines.","PLANNED","Sardinen ist über eine gezielte Bestellung oder Sortimentsprüfung bei Globus – Escal whole raw frozen sardines im allgemeinen deutschen Handel planbar, lokal aber kein verlässlicher Standardartikel.","REQUIRED","Sardinen | Form: frisch oder tiefgekühlt, Dosenware ist eine eigene Produktform | Bornheim gezielter Einkauf Deutschland Fischkühlung, Fischtheke oder Tiefkühlabteilung | geprüfte Quellen: Globus – Escal whole raw frozen sardines","RATING_RECONCILED_V2"
"SAUCES_AND_PASTES","Sauce, Würzmittel oder Paste","APPLICABLE","Offene Vorgabe für Saucen, Würzmittel und Pasten, die ein Gericht geschmacklich prägen; konkrete Basis bleibt offen.","GENERAL_LOCAL","Katalogpfad eigenständige Katalogwurzel. Warengruppe Sauce, Würzpaste oder verarbeitete Würzzutat, formrelevanter Prüfhinweis aus der vollständigen Definition: »konkrete Basis bleibt offen«. Regelweg in Bornheim über nahe Supermarktfilialen in Bornheim mit dem Bereich »Saucen-, Würzpasten- und Feinkostregal«.","EASY","Sauce, Würzmittel oder Paste: gewöhnlicher lokaler Bezugsweg über den Bereich »Saucen-, Würzpasten- und Feinkostregal«.","OPTIONAL","Sauce, Würzmittel oder Paste | Form: konkrete Basis bleibt offen | Bornheim Saucen-, Würzpasten- und Feinkostregal gewöhnlicher Handel",""
"SAUERKRAUT","Sauerkraut","APPLICABLE","Milchsauer fermentierter fein geschnittener Weißkohl mit deutlicher Säure; roh oder gegart verwendbar.","GENERAL_LOCAL","Katalogpfad konservierte pflanzliche Zutat. Warengruppe konservierte Pflanzenware, formrelevanter Prüfhinweis aus der vollständigen Definition: »roh oder gegart verwendbar«. Regelweg in Bornheim über nahe Supermarktfilialen in Bornheim mit dem Bereich »Konserven-, Glas- oder internationales Feinkostregal«.","EASY","Sauerkraut: Konserve, Beutel oder Kühlware sind im allgemeinen lokalen Handel regelmäßig vorhanden.","OPTIONAL","Sauerkraut | Form: roh oder gegart verwendbar | Bornheim Konserven-, Glas- oder internationales Feinkostregal gewöhnlicher Handel","REFERENCE_ANCHOR"
"SAUSAGE","Wurst","APPLICABLE","Offene Wurstfamilie; Tierart, Brüh-, Koch-, Brat- oder Reifeform und Würzung bleiben bewusst wählbar.","GENERAL_LOCAL","Katalogpfad Fleisch. Warengruppe Wurst oder Pökelfleisch, formrelevanter Prüfhinweis aus der vollständigen Definition: »Tierart, Brüh-, Koch-, Brat- oder Reifeform und Würzung bleiben bewusst wählbar«. Regelweg in Bornheim über den regulären Bornheimer Regalweg »Wurstkühlung oder Bedientheke«.","EASY","Wurst: gewöhnlicher lokaler Bezugsweg über den Bereich »Wurstkühlung oder Bedientheke«.","OPTIONAL","Wurst | Form: Tierart, Brüh-, Koch-, Brat- oder Reifeform und Würzung bleiben bewusst wählbar | Bornheim Wurstkühlung oder Bedientheke gewöhnlicher Handel",""
"SAVOY_CABBAGE","Wirsing","APPLICABLE","Wirsing mit gekräuselten zarten Blättern und mild-würzigem Kohlaroma; roh nur bei zarten Blättern, sonst gegart.","GENERAL_LOCAL","Katalogpfad Kohlgemüse → Gemüse. Warengruppe Gemüse oder Pilz, formrelevanter Prüfhinweis aus der vollständigen Definition: »roh nur bei zarten Blättern, sonst gegart«. Regelweg in Bornheim über den regulären Bornheimer Regalweg »Obst- und Gemüseabteilung«.","EASY","Wirsing: gewöhnlicher lokaler Bezugsweg über den Bereich »Obst- und Gemüseabteilung«.","OPTIONAL","Wirsing | Form: roh nur bei zarten Blättern, sonst gegart | Bornheim Obst- und Gemüseabteilung gewöhnlicher Handel",""
"SCALLOPS","Jakobsmuscheln","APPLICABLE","Jakobsmuscheln mit festem, süßlichem Muskelfleisch; mit oder ohne Rogen und frisch oder tiefgekühlt verwendbar.","GENERAL_BROAD","Deutsche See – Jakobsmuschelfleisch TK 200 g belegt: Deutsche See führt verfügbares Jakobsmuschelfleisch der Art Pecten maximus roh, ohne Rogen, glasiert und einzeln tiefgefroren. Der Bezug erfolgt über Deutschland und Österreich; tiefgekühlte GO!-Express-Lieferung zum Wunschtermin; maßgeblich ist FROZEN_SHIPPING. Der Treffer deckt die Variante ohne Rogen ab; Schalen- und Frischware sind nicht garantiert, die Tiefkühlkette bleibt erforderlich.","PLANNED","Jakobsmuscheln: Deutsche See führt verfügbares Jakobsmuschelfleisch der Art Pecten maximus roh, ohne Rogen, glasiert und einzeln tiefgefroren.","REQUIRED","Jakobsmuschelfleisch Pecten maximus ohne Rogen tiefgekühlt Deutsche See verfügbar | Georgia Bornheim Rheinland | Deutsche See – Jakobsmuschelfleisch TK 200 g | IN_STOCK FROZEN_SHIPPING","EVIDENCE_REQUIRED|BORDERLINE_PLANNED"
"SEA_BASS","Wolfsbarsch","APPLICABLE","Wolfsbarsch mit mildem, festem und magerem Fleisch; ganz oder als Filet verwendbar.","GENERAL_BROAD","Deutsche See – frischer Wolfsbarsch belegt: Der aktuell verfügbare Wolfsbarsch kommt frisch als ganzer ausgenommener Fisch mit Haut und wird gekühlt zum gewählten Termin zugestellt. Der Bezug erfolgt über Deutschland und Österreich; gekühlte GO!-Express-Lieferung zum Wunschtermin; maßgeblich ist CHILLED_SHIPPING. Der Beleg betrifft die ganze Frischfischform, nicht ein jederzeit verfügbares Filet; Gewicht und Haltbarkeit erfordern Vorplanung.","PLANNED","Wolfsbarsch: Der aktuell verfügbare Wolfsbarsch kommt frisch als ganzer ausgenommener Fisch mit Haut und wird gekühlt zum gewählten Termin zugestellt.","REQUIRED","Wolfsbarsch frisch ganz ausgenommen Deutsche See verfügbar gekühlte Lieferung | Georgia Bornheim Rheinland | Deutsche See – frischer Wolfsbarsch | IN_STOCK CHILLED_SHIPPING","EVIDENCE_REQUIRED|BORDERLINE_PLANNED"
"SEA_BREAM","Dorade","APPLICABLE","Dorade beziehungsweise Meerbrasse mit festem, mildem Fleisch; ganz oder als Filet verwendbar.","GENERAL_BROAD","Deutsche See – Dorade Royal handfiletierte Portionen TK belegt: Die verfügbare Dorade Royal liegt als handfiletierte geschuppte Portion mit Haut praktisch grätenfrei und tiefgekühlt vor. Der Bezug erfolgt über Deutschland und Österreich; tiefgekühlte GO!-Express-Lieferung zum Wunschtermin; maßgeblich ist FROZEN_SHIPPING. Damit ist eine zulässige Filetform belegt, nicht jede ganze Meerbrasse; die Tiefkühlzustellung ist einzuplanen.","PLANNED","Dorade: Die verfügbare Dorade Royal liegt als handfiletierte geschuppte Portion mit Haut praktisch grätenfrei und tiefgekühlt vor.","REQUIRED","Dorade Royal Filet handfiletiert mit Haut tiefgekühlt Deutsche See verfügbar | Georgia Bornheim Rheinland | Deutsche See – Dorade Royal handfiletierte Portionen TK | IN_STOCK FROZEN_SHIPPING","EVIDENCE_REQUIRED|BORDERLINE_PLANNED"
"SEA_SNAILS","Meeresschnecken","APPLICABLE","Offene Vorgabe für kulinarisch verwendete Meeresschnecken; Art, Größe und Zuschnitt bleiben wählbar. Nicht Muscheln, Tintenfische oder Landschnecken.","NICHE_IMPORT","Katalogpfad essbare Schnecken → Schalen- und Krustentiere → Weichtiere → Fisch und Meeresfrüchte. Warengruppe Fisch oder Meeresfrucht, formrelevanter Prüfhinweis aus der vollständigen Definition: »Nicht Muscheln, Tintenfische oder Landschnecken«. Der v2-Anker hält den Engpass fest: Einige koreanische Dosenprodukte belegen Beschaffbarkeit aber der Markt bleibt eng und produktformspezifisch.","DIFFICULT","Meeresschnecken: Einige koreanische Dosenprodukte belegen Beschaffbarkeit aber der Markt bleibt eng und produktformspezifisch.","REQUIRED","Meeresschnecken | Form: Nicht Muscheln, Tintenfische oder Landschnecken | Deutschland EU Exakttreffer Bestand Logistik Fisch oder Meeresfrucht | freigegebener v2-Anker","REFERENCE_ANCHOR|EVIDENCE_REQUIRED|FORM_OR_ROUTE_FRAGILE"
"SEAFOOD","Fisch und Meeresfrüchte","APPLICABLE","Offene Vorgabe für Fisch und essbare Meerestiere; konkrete Tiergruppe, Fettgehalt und Produktform bleiben wählbar.","GENERAL_LOCAL","Katalogpfad eigenständige Katalogwurzel. Warengruppe Fisch oder Meeresfrucht, formrelevanter Prüfhinweis aus der vollständigen Definition: »konkrete Tiergruppe, Fettgehalt und Produktform bleiben wählbar«. Regelweg in Bornheim über die gewöhnliche Bornheimer Auslage »Fischkühlung, Fischtheke oder Tiefkühlabteilung«.","EASY","Fisch und Meeresfrüchte: gewöhnlicher lokaler Bezugsweg über den Bereich »Fischkühlung, Fischtheke oder Tiefkühlabteilung«.","OPTIONAL","Fisch und Meeresfrüchte | Form: konkrete Tiergruppe, Fettgehalt und Produktform bleiben wählbar | Bornheim Fischkühlung, Fischtheke oder Tiefkühlabteilung gewöhnlicher Handel",""
"SEAWEED","Algen","APPLICABLE","Essbare Meeresalgen; konkrete Arten und Produkte können geschmacklich stark variieren.","GENERAL_BROAD","Katalogpfad Gemüse. Warengruppe getrocknete Alge, formrelevanter Prüfhinweis aus der vollständigen Definition: »konkrete Arten und Produkte können geschmacklich stark variieren«. Allgemein planbarer, aber nicht lokal garantierter Weg über eine reguläre Onlinebestellung im allgemeinen Handel mit formgenauer Artikelsuche.","PLANNED","Algen ist über eine reguläre Onlinebestellung im allgemeinen Handel mit formgenauer Artikelsuche im allgemeinen deutschen Handel planbar, lokal aber kein verlässlicher Standardartikel.","OPTIONAL","Algen | Form: konkrete Arten und Produkte können geschmacklich stark variieren | Bornheim gezielter Einkauf Deutschland Asia- oder internationales Trockenwarenregal",""
"SEEDS","Kerne und Samen","APPLICABLE","Offene Vorgabe für kulinarisch genutzte Kerne und Samen; Sorte, Röstung und Zerkleinerung bleiben wählbar.","GENERAL_LOCAL","Katalogpfad eigenständige Katalogwurzel. Warengruppe Nuss, Saat oder Mus, formrelevanter Prüfhinweis aus der vollständigen Definition: »Sorte, Röstung und Zerkleinerung bleiben wählbar«. Regelweg in Bornheim über ortsübliche Vollsortimenter rund um Bornheim, konkret im Bereich »Nuss-, Saaten- oder Nussmusregal«.","EASY","Kerne und Samen: gewöhnlicher lokaler Bezugsweg über den Bereich »Nuss-, Saaten- oder Nussmusregal«.","OPTIONAL","Kerne und Samen | Form: Sorte, Röstung und Zerkleinerung bleiben wählbar | Bornheim Nuss-, Saaten- oder Nussmusregal gewöhnlicher Handel",""
"SEITAN","Seitan","APPLICABLE","Festes proteinreiches Lebensmittel aus ausgewaschenem oder isoliertem Weizengluten; natur oder neutral vorgewürzt verwendbar.","GENERAL_BROAD","Katalogpfad pflanzliches Proteinprodukt. Warengruppe pflanzliches Proteinprodukt, formrelevanter Prüfhinweis aus der vollständigen Definition: »natur oder neutral vorgewürzt verwendbar«. Allgemein planbarer, aber nicht lokal garantierter Weg über eine konkrete Vorbestellung oder Bestandsabfrage für pflanzliches Proteinprodukt.","PLANNED","Seitan ist über eine konkrete Vorbestellung oder Bestandsabfrage für pflanzliches Proteinprodukt im allgemeinen deutschen Handel planbar, lokal aber kein verlässlicher Standardartikel.","OPTIONAL","Seitan | Form: natur oder neutral vorgewürzt verwendbar | Bornheim gezielter Einkauf Deutschland Kühlregal für Tofu und pflanzliche Proteinprodukte",""
"SEMOLINA","Hartweizengrieß","APPLICABLE","Körniger Hartweizengrieß für Teige, Breie oder Bindung; nicht feines Weizenmehl.","GENERAL_LOCAL","Katalogpfad Getreide oder Pseudogetreide → stärkehaltige Zutat oder Sättigungsbeilage. Warengruppe Getreide- oder Stärkeware, formrelevanter Prüfhinweis aus der vollständigen Definition: »nicht feines Weizenmehl«. Regelweg in Bornheim über den Bereich »Reis-, Mehl-, Nudel- oder Trockenwarenregal« eines gewöhnlichen Bornheimer Vollsortimenters.","EASY","Hartweizengrieß: gewöhnlicher lokaler Bezugsweg über den Bereich »Reis-, Mehl-, Nudel- oder Trockenwarenregal«.","OPTIONAL","Hartweizengrieß | Form: nicht feines Weizenmehl | Bornheim Reis-, Mehl-, Nudel- oder Trockenwarenregal gewöhnlicher Handel",""
"SERRANO_CHILI","Serrano-Chili","APPLICABLE","Schlanke frische Serrano-Chili mit mittlerer bis hoher Schärfe und frischem grünen Aroma.","NICHE_IMPORT","Katalogpfad frische Chili → Fruchtgemüse → Gemüse. Warengruppe Gemüse oder Pilz, formrelevanter Prüfhinweis aus der vollständigen Definition: »mittlerer bis hoher Schärfe und frischem grünen Aroma«. Nur der schmale Händlerweg über México Mágico – fresh Serrano listing ist positiv belegt; Frischeversand begrenzt Form, Bestand oder Logistik.","DIFFICULT","Serrano-Chili: Nur der schmale Händlerweg über México Mágico – fresh Serrano listing ist positiv belegt; Frischeversand begrenzt Form, Bestand oder Logistik.","REQUIRED","Serrano-Chili | Form: mittlerer bis hoher Schärfe und frischem grünen Aroma | Deutschland EU Exakttreffer Bestand Logistik Gemüse oder Pilz | geprüfte Quellen: México Mágico – fresh Serrano listing","EVIDENCE_REQUIRED|FORM_OR_ROUTE_FRAGILE"
"SERRANO_HAM","Serrano-Schinken","APPLICABLE","Spanischer luftgetrockneter Rohschinken nach Serrano-Art; nicht italienischer Prosciutto.","GENERAL_LOCAL","Katalogpfad Schinken → gepökeltes oder luftgetrocknetes Fleisch → Schweinefleisch → Fleisch. Warengruppe Wurst oder Pökelfleisch, formrelevanter Prüfhinweis aus der vollständigen Definition: »nicht italienischer Prosciutto«. Regelweg in Bornheim über das örtliche Sortiment »Wurstkühlung oder Bedientheke« beim Wocheneinkauf in Bornheim.","EASY","Serrano-Schinken: gewöhnlicher lokaler Bezugsweg über den Bereich »Wurstkühlung oder Bedientheke«.","OPTIONAL","Serrano-Schinken | Form: nicht italienischer Prosciutto | Bornheim Wurstkühlung oder Bedientheke gewöhnlicher Handel","RATING_RECONCILED_V2"
"SESAME_OIL","Sesamöl","APPLICABLE","Öl aus Sesam; geröstetes Öl ist intensiv würzend, helles ungeröstetes Öl milder und hitzetauglicher.","GENERAL_BROAD","Katalogpfad Speiseöl → Kochfett. Warengruppe Speiseöl oder Kochfett, formrelevanter Prüfhinweis aus der vollständigen Definition: »intensiv würzend, helles ungeröstetes Öl milder und hitzetauglicher«. Allgemein planbarer, aber nicht lokal garantierter Weg über eine konkrete Vorbestellung oder Bestandsabfrage für Speiseöl oder Kochfett.","PLANNED","Sesamöl ist über eine konkrete Vorbestellung oder Bestandsabfrage für Speiseöl oder Kochfett im allgemeinen deutschen Handel planbar, lokal aber kein verlässlicher Standardartikel.","OPTIONAL","Sesamöl | Form: intensiv würzend, helles ungeröstetes Öl milder und hitzetauglicher | Bornheim gezielter Einkauf Deutschland Öl- und Kochfettregal",""
"SESAME_SEEDS","Sesam","APPLICABLE","Sesamsamen mit nussigem Aroma; hell oder schwarz, roh oder geröstet verwendbar.","GENERAL_LOCAL","Katalogpfad Kerne und Samen. Warengruppe Nuss, Saat oder Mus, formrelevanter Prüfhinweis aus der vollständigen Definition: »hell oder schwarz, roh oder geröstet verwendbar«. Regelweg in Bornheim über den regulären Bornheimer Regalweg »Nuss-, Saaten- oder Nussmusregal«.","EASY","Sesam: gewöhnlicher lokaler Bezugsweg über den Bereich »Nuss-, Saaten- oder Nussmusregal«.","OPTIONAL","Sesam | Form: hell oder schwarz, roh oder geröstet verwendbar | Bornheim Nuss-, Saaten- oder Nussmusregal gewöhnlicher Handel",""
"SHALLOT","Schalotte","APPLICABLE","Kleine längliche Schalotte mit feinerem, milderem Zwiebelaroma; nicht Frühlingszwiebel.","GENERAL_LOCAL","Katalogpfad Lauch- und Zwiebelgemüse → Gemüse. Warengruppe Gemüse oder Pilz, formrelevanter Prüfhinweis aus der vollständigen Definition: »nicht Frühlingszwiebel«. Regelweg in Bornheim über die gewöhnliche Bornheimer Auslage »Obst- und Gemüseabteilung«.","EASY","Schalotte: gewöhnlicher lokaler Bezugsweg über den Bereich »Obst- und Gemüseabteilung«.","OPTIONAL","Schalotte | Form: nicht Frühlingszwiebel | Bornheim Obst- und Gemüseabteilung gewöhnlicher Handel",""
"SHAOXING_WINE","Shaoxing-Reiswein","APPLICABLE","Chinesischer fermentierter Reiswein nach Shaoxing-Art mit nussig-oxidativem Aroma; als Kochwein, nicht Reisessig.","SPECIALTY_BROAD","Katalogpfad Kochalkohol. Warengruppe Kochalkohol, formrelevanter Prüfhinweis aus der vollständigen Definition: »als Kochwein, nicht Reisessig«. Breiter einschlägiger Spezialmarkt über die voneinander unabhängigen Händler My-Asia-Shop – Shaoxing cooking rice wine 750 ml sowie Asia Street Food – Shaoxing rice wine 750 ml.","SPECIALTY","Shaoxing-Reiswein ist im einschlägigen Spezialmarkt breit etabliert; dokumentierte reguläre Wege sind die voneinander unabhängigen Händler My-Asia-Shop – Shaoxing cooking rice wine 750 ml sowie Asia Street Food – Shaoxing rice wine 750 ml.","REQUIRED","Shaoxing-Reiswein | Form: als Kochwein, nicht Reisessig | Deutschland unabhängige Spezialhändler Kochalkohol | geprüfte Quellen: My-Asia-Shop – Shaoxing cooking rice wine 750 ml ; Asia Street Food – Shaoxing rice wine 750 ml","EVIDENCE_REQUIRED"
"SHELLFISH","Schalen- und Krustentiere","APPLICABLE","Offene Vorgabe für Schalen- und Krustentiere, insbesondere Krebstiere und zweischalige Muscheln.","GENERAL_LOCAL","Katalogpfad Fisch und Meeresfrüchte. Warengruppe Fisch oder Meeresfrucht, formrelevanter Prüfhinweis aus der vollständigen Definition: »Schalen- und Krustentiere, insbesondere Krebstiere und zweischalige Muscheln«. Regelweg in Bornheim über die regulären lokalen Sortimente REWE ja! – Eismeergarnelen 100 g sowie EDEKA – Eismeer-Garnelen 225 g.","EASY","Schalen- und Krustentiere: gewöhnlicher lokaler Bezugsweg über die regulären lokalen Sortimente REWE ja! – Eismeergarnelen 100 g sowie EDEKA – Eismeer-Garnelen 225 g.","REQUIRED","Schalen- und Krustentiere | Form: Schalen- und Krustentiere, insbesondere Krebstiere und zweischalige Muscheln | Bornheim Fischkühlung, Fischtheke oder Tiefkühlabteilung gewöhnlicher Handel | geprüfte Quellen: REWE ja! – Eismeergarnelen 100 g ; EDEKA – Eismeer-Garnelen 225 g","EVIDENCE_REQUIRED|BORDERLINE_PLANNED|RATING_RECONCILED_V2"
"SHERRY","Sherry","APPLICABLE","Aufgespriteter spanischer Wein nach Sherry-Art; trocken-oxidative bis süße Stile sind je nach Gericht möglich.","GENERAL_BROAD","Katalogpfad Kochalkohol. Warengruppe Kochalkohol, formrelevanter Prüfhinweis aus der vollständigen Definition: »trocken-oxidative bis süße Stile sind je nach Gericht möglich«. Allgemein planbarer, aber nicht lokal garantierter Weg über eine gezielte Bestellung oder Sortimentsprüfung bei REWE – Lustau Medium Dry Sherry 0.75 l.","PLANNED","Sherry ist über eine gezielte Bestellung oder Sortimentsprüfung bei REWE – Lustau Medium Dry Sherry 0.75 l im allgemeinen deutschen Handel planbar, lokal aber kein verlässlicher Standardartikel.","REQUIRED","Sherry | Form: trocken-oxidative bis süße Stile sind je nach Gericht möglich | Bornheim gezielter Einkauf Deutschland Getränke-, Wein- oder Spirituosenregal | geprüfte Quellen: REWE – Lustau Medium Dry Sherry 0.75 l","EVIDENCE_REQUIRED|BORDERLINE_PLANNED"
"SHERRY_VINEGAR","Sherryessig","APPLICABLE","Aus Sherrywein erzeugter gereifter Essig mit nussig-komplexer Säure; nicht Sherry oder Rotweinessig.","GENERAL_BROAD","Katalogpfad Essig. Warengruppe Speiseessig, formrelevanter Prüfhinweis aus der vollständigen Definition: »nicht Sherry oder Rotweinessig«. Allgemein planbarer, aber nicht lokal garantierter Weg über den im v2-Anker festgehaltenen Planweg: Breiter allgemeiner Feinkost- und deutscher Onlinehandel ohne Abhängigkeit von einem engen spanischen Importmarkt.","PLANNED","Sherryessig: Breiter allgemeiner Feinkost- und deutscher Onlinehandel ohne Abhängigkeit von einem engen spanischen Importmarkt.","REQUIRED","Sherryessig | Form: nicht Sherry oder Rotweinessig | Bornheim gezielter Einkauf Deutschland Essig- und Ölregal | freigegebener v2-Anker","REFERENCE_ANCHOR|EVIDENCE_REQUIRED|BORDERLINE_PLANNED"
"SHIITAKE","Shiitake","APPLICABLE","Shiitake mit fleischigem Biss und kräftigem Umami; frisch oder getrocknet, wobei Trockenware intensiver schmeckt.","GENERAL_BROAD","Katalogpfad Pilze → Gemüse. Warengruppe Gemüse oder Pilz, formrelevanter Prüfhinweis aus der vollständigen Definition: »frisch oder getrocknet, wobei Trockenware intensiver schmeckt«. Allgemein planbarer, aber nicht lokal garantierter Weg über eine konkrete Vorbestellung oder Bestandsabfrage für Gemüse oder Pilz.","PLANNED","Shiitake ist über eine konkrete Vorbestellung oder Bestandsabfrage für Gemüse oder Pilz im allgemeinen deutschen Handel planbar, lokal aber kein verlässlicher Standardartikel.","OPTIONAL","Shiitake | Form: frisch oder getrocknet, wobei Trockenware intensiver schmeckt | Bornheim gezielter Einkauf Deutschland Obst- und Gemüseabteilung",""
"SHIMEJI","Shimeji","APPLICABLE","Büschelig wachsende japanische Zuchtpilze mit festem Biss und mild-nussigem Aroma; braune und weiße Formen sind umfasst.","GENERAL_BROAD","Asia4Friends zeigt frische braune Shimeji-Buchenpilze im 150-g-Pack aktuell lagernd. Die braune Form ist ausdrücklich umfasst; Frischversand mit Isoliertasche und Kühlakkus erreicht Bornheim nur bei terminierter Bestellung.","PLANNED","Shimeji: Asia4Friends zeigt frische braune Shimeji-Buchenpilze im 150-g-Pack aktuell lagernd. Die braune Form ist ausdrücklich umfasst; Frischversand mit Isoliertasche und Kühlakkus erreicht Bornheim nur bei terminierter Bestellung.","REQUIRED","frische braune Shimeji Buchenpilze 150 g Asia4Friends Kühlakku Lagerbestand Bornheim","EVIDENCE_REQUIRED|BORDERLINE_PLANNED"
"SHIRATAKI","Shirataki-Nudeln","APPLICABLE","Transparente, sehr stärkearme Nudeln aus Konjak mit elastischem Biss; nicht Glas- oder Reisnudeln.","GENERAL_BROAD","Katalogpfad Nudeln → stärkehaltige Zutat oder Sättigungsbeilage. Warengruppe Getreide- oder Stärkeware, formrelevanter Prüfhinweis aus der vollständigen Definition: »nicht Glas- oder Reisnudeln«. Allgemein planbarer, aber nicht lokal garantierter Weg über eine konkrete Vorbestellung oder Bestandsabfrage für Getreide- oder Stärkeware.","PLANNED","Shirataki-Nudeln ist über eine konkrete Vorbestellung oder Bestandsabfrage für Getreide- oder Stärkeware im allgemeinen deutschen Handel planbar, lokal aber kein verlässlicher Standardartikel.","OPTIONAL","Shirataki-Nudeln | Form: nicht Glas- oder Reisnudeln | Bornheim gezielter Einkauf Deutschland Reis-, Mehl-, Nudel- oder Trockenwarenregal",""
"SHRIMP","Garnelen","APPLICABLE","Garnelen als Krebstiere mit festem, leicht süßlichem Fleisch; Größe, Schale und frisch oder tiefgekühlt bleiben offen.","GENERAL_LOCAL","Katalogpfad Krustentiere → wirbellose Tiere → Schalen- und Krustentiere → Fisch und Meeresfrüchte. Warengruppe Fisch oder Meeresfrucht, formrelevanter Prüfhinweis aus der vollständigen Definition: »Größe, Schale und frisch oder tiefgekühlt bleiben offen«. Regelweg in Bornheim über ortsübliche Vollsortimenter rund um Bornheim, konkret im Bereich »Fischkühlung, Fischtheke oder Tiefkühlabteilung«.","EASY","Garnelen: gewöhnlicher lokaler Bezugsweg über den Bereich »Fischkühlung, Fischtheke oder Tiefkühlabteilung«.","OPTIONAL","Garnelen | Form: Größe, Schale und frisch oder tiefgekühlt bleiben offen | Bornheim Fischkühlung, Fischtheke oder Tiefkühlabteilung gewöhnlicher Handel",""
"SHRIMP_PASTE","Garnelenpaste","APPLICABLE","Offene Familie fermentierter Garnelenpasten mit sehr intensivem salzigem Umami; regionale feste und weiche Formen sind umfasst.","SPECIALTY_BROAD","Katalogpfad fermentierte Würzzutat → fertige Sauce oder Würzpaste → Sauce, Würzmittel oder Paste. Warengruppe Sauce oder Würzpaste, formrelevanter Prüfhinweis aus der vollständigen Definition: »regionale feste und weiche Formen sind umfasst«. Breiter einschlägiger Spezialmarkt über die voneinander unabhängigen Händler Village Foods – Por Kwan shrimp paste 200 g sowie Asiashoponline – Mae Pranom shrimp paste 350 g.","SPECIALTY","Garnelenpaste ist im einschlägigen Spezialmarkt breit etabliert; dokumentierte reguläre Wege sind die voneinander unabhängigen Händler Village Foods – Por Kwan shrimp paste 200 g sowie Asiashoponline – Mae Pranom shrimp paste 350 g.","REQUIRED","Garnelenpaste | Form: regionale feste und weiche Formen sind umfasst | Deutschland unabhängige Spezialhändler Sauce oder Würzpaste | geprüfte Quellen: Village Foods – Por Kwan shrimp paste 200 g ; Asiashoponline – Mae Pranom shrimp paste 350 g","EVIDENCE_REQUIRED"
"SICHUAN_PEPPER","Szechuanpfeffer","APPLICABLE","Aromatische Samenkapseln verschiedener Zanthoxylum-Arten mit zitrischem Duft und prickelnd-betäubender Wirkung; kein echter Pfeffer.","SPECIALTY_BROAD","Katalogpfad Gewürz oder trockenes Würzmittel. Warengruppe Gewürz, formrelevanter Prüfhinweis aus der vollständigen Definition: »kein echter Pfeffer«. Breiter einschlägiger Spezialmarkt über die voneinander unabhängigen Händler Asiafoodland – whole wild Sichuan pepper 50 g sowie Gewürze der Welt – Sichuan pepper range.","SPECIALTY","Szechuanpfeffer ist im einschlägigen Spezialmarkt breit etabliert; dokumentierte reguläre Wege sind die voneinander unabhängigen Händler Asiafoodland – whole wild Sichuan pepper 50 g sowie Gewürze der Welt – Sichuan pepper range.","REQUIRED","Szechuanpfeffer | Form: kein echter Pfeffer | Deutschland unabhängige Spezialhändler Gewürz | geprüfte Quellen: Asiafoodland – whole wild Sichuan pepper 50 g ; Gewürze der Welt – Sichuan pepper range","EVIDENCE_REQUIRED"
"SILKEN_TOFU","Seidentofu","APPLICABLE","Sehr weicher, kaum gepresster Tofu mit glatter puddingartiger Textur; nicht fester Tofu.","GENERAL_BROAD","Katalogpfad Tofu → pflanzliches Proteinprodukt → Sojazutat → Hülsenfrüchte. Warengruppe pflanzliches Proteinprodukt, formrelevanter Prüfhinweis aus der vollständigen Definition: »nicht fester Tofu«. Allgemein planbarer, aber nicht lokal garantierter Weg über eine vorab zu prüfendes Sortiment im Bereich »Kühlregal für Tofu und pflanzliche Proteinprodukte« eines großen Bornheimer Markts.","PLANNED","Seidentofu ist über ein vorab zu prüfendes Sortiment im Bereich »Kühlregal für Tofu und pflanzliche Proteinprodukte« eines großen Bornheimer Markts im allgemeinen deutschen Handel planbar, lokal aber kein verlässlicher Standardartikel.","OPTIONAL","Seidentofu | Form: nicht fester Tofu | Bornheim gezielter Einkauf Deutschland Kühlregal für Tofu und pflanzliche Proteinprodukte",""
"SLIVOVICE","Sliwowitz","APPLICABLE","Pflaumenbrand als generische Spirituosenart; nicht auf eine Marke beschränkt und nicht mit Pflaumenlikör gleichsetzen.","GENERAL_BROAD","Sliwowitz: Weinquelles formgenaue Kategorie „Obstbrand aus Pflaumen“ enthält mehrere lagernde Flaschen; deutschlandweiter Versand in üblicherweise 1–3 Werktagen eröffnet Georgia einen planbaren Spirituosenweg nach Bornheim.","PLANNED","Sliwowitz: Weinquelles formgenaue Kategorie „Obstbrand aus Pflaumen“ enthält mehrere lagernde Flaschen; deutschlandweiter Versand in üblicherweise 1–3 Werktagen eröffnet Georgia einen planbaren Spirituosenweg nach Bornheim.","REQUIRED","Sliwowitz Sliwovitz Obstbrand aus Pflaumen mehrere Flaschen lagernd | Georgia Bornheim Weinquelle Deutschlandversand 1–3 Werktage | kein Pflaumenlikör","EVIDENCE_REQUIRED|BORDERLINE_PLANNED"
"SMOKED_PAPRIKA","geräuchertes Paprikapulver","APPLICABLE","Geräuchertes Paprikapulver mit süßer bis scharfer Ausprägung und deutlichem Raucharoma.","GENERAL_LOCAL","Katalogpfad Paprikapulver → Gewürz oder trockenes Würzmittel. Warengruppe Gewürz, formrelevanter Prüfhinweis aus der vollständigen Definition: »Paprikapulver mit süßer bis scharfer Ausprägung und deutlichem Raucharoma«. Regelweg in Bornheim über nahe Supermarktfilialen in Bornheim mit dem Bereich »Gewürz- und Trockenwürzregal«.","EASY","geräuchertes Paprikapulver: gewöhnlicher lokaler Bezugsweg über den Bereich »Gewürz- und Trockenwürzregal«.","OPTIONAL","geräuchertes Paprikapulver | Form: Paprikapulver mit süßer bis scharfer Ausprägung und deutlichem Raucharoma | Bornheim Gewürz- und Trockenwürzregal gewöhnlicher Handel",""
"SMOKED_SALMON","Räucherlachs","APPLICABLE","Heiß- oder kaltgeräucherter Lachs mit salzigem Raucharoma; nicht bloß gebeizter Gravlax.","GENERAL_LOCAL","Katalogpfad konservierter Fisch → Lachs → Fisch → fettreicher Fisch. Warengruppe konservierter Fisch, formrelevanter Prüfhinweis aus der vollständigen Definition: »nicht bloß gebeizter Gravlax«. Regelweg in Bornheim über die gewöhnliche Bornheimer Auslage »Fischkonserven- oder internationales Trockenwarenregal«.","EASY","Räucherlachs: gewöhnlicher lokaler Bezugsweg über den Bereich »Fischkonserven- oder internationales Trockenwarenregal«.","OPTIONAL","Räucherlachs | Form: nicht bloß gebeizter Gravlax | Bornheim Fischkonserven- oder internationales Trockenwarenregal gewöhnlicher Handel",""
"SMOKED_TOFU","Räuchertofu","APPLICABLE","Fester Tofu mit deutlichem Raucharoma, durch Räuchern oder entsprechende Verarbeitung; nicht fermentierter Tofu.","GENERAL_LOCAL","Katalogpfad Tofu → pflanzliches Proteinprodukt → Sojazutat → Hülsenfrüchte. Warengruppe pflanzliches Proteinprodukt, formrelevanter Prüfhinweis aus der vollständigen Definition: »nicht fermentierter Tofu«. Regelweg in Bornheim über nahe Supermarktfilialen in Bornheim mit dem Bereich »Kühlregal für Tofu und pflanzliche Proteinprodukte«.","EASY","Räuchertofu: gewöhnlicher lokaler Bezugsweg über den Bereich »Kühlregal für Tofu und pflanzliche Proteinprodukte«.","OPTIONAL","Räuchertofu | Form: nicht fermentierter Tofu | Bornheim Kühlregal für Tofu und pflanzliche Proteinprodukte gewöhnlicher Handel","RATING_RECONCILED_V2"
"SMOKED_TROUT","Räucherforelle","APPLICABLE","Geräucherte Forelle, ganz oder als Filet, mit festem Fleisch und mildem Raucharoma.","GENERAL_BROAD","Katalogpfad konservierter Fisch → Forelle → Fisch → fettreicher Fisch. Warengruppe konservierter Fisch, formrelevanter Prüfhinweis aus der vollständigen Definition: »als Filet, mit festem Fleisch und mildem Raucharoma«. Allgemein planbarer, aber nicht lokal garantierter Weg über eine konkrete Vorbestellung oder Bestandsabfrage für konservierter Fisch.","PLANNED","Räucherforelle: In gut sortierten Märkten und Fischfachhandel verlässlich planbar aber nicht in jeder alltäglichen Ausweichquelle.","OPTIONAL","Räucherforelle | Form: als Filet, mit festem Fleisch und mildem Raucharoma | Bornheim gezielter Einkauf Deutschland Fischkonserven- oder internationales Trockenwarenregal","REFERENCE_ANCHOR"
"SOBA","Soba","APPLICABLE","Japanische dünne Nudeln mit Buchweizen als typischem Teigbestandteil; Buchweizenanteil und Beimischung von Weizen können variieren.","GENERAL_BROAD","Katalogpfad Nudeln → stärkehaltige Zutat oder Sättigungsbeilage. Warengruppe Getreide- oder Stärkeware, formrelevanter Prüfhinweis aus der vollständigen Definition: »Buchweizenanteil und Beimischung von Weizen können variieren«. Für Georgia ist „Reis-, Mehl-, Nudel- oder Trockenwarenregal nach vorheriger Händlerprüfung“ der einschlägige Weg.","PLANNED","Soba: ist „Reis-, Mehl-, Nudel- oder Trockenwarenregal nach vorheriger Händlerprüfung“ der einschlägige Weg.","OPTIONAL","Soba | Form: Buchweizenanteil und Beimischung von Weizen können variieren | Bornheim gezielter Einkauf Deutschland Reis-, Mehl-, Nudel- oder Trockenwarenregal",""
"SOBRASADA","Sobrasada","APPLICABLE","Streichfähige, mit Paprika gewürzte luftgereifte Rohwurst der Balearen, typischerweise aus Schweinefleisch; nicht Chorizo und nicht ’Nduja.","SPECIALTY_BROAD","Katalogpfad gepökeltes oder luftgetrocknetes Fleisch → Schweinefleisch → Wurst → Fleisch. Warengruppe Wurst oder Pökelfleisch, formrelevanter Prüfhinweis aus der vollständigen Definition: »nicht Chorizo und nicht ’Nduja«. Breiter einschlägiger Spezialmarkt über die voneinander unabhängigen Händler Mitte Meer – Mediterranean direct shop sowie Directos – spicy sobrassade.","SPECIALTY","Sobrasada ist im einschlägigen Spezialmarkt breit etabliert; dokumentierte reguläre Wege sind die voneinander unabhängigen Händler Mitte Meer – Mediterranean direct shop sowie Directos – spicy sobrassade.","REQUIRED","Sobrasada | Form: nicht Chorizo und nicht ’Nduja | Deutschland unabhängige Spezialhändler Wurst oder Pökelfleisch | geprüfte Quellen: Mitte Meer – Mediterranean direct shop ; Directos – spicy sobrassade","EVIDENCE_REQUIRED|BORDERLINE_PLANNED|RATING_RECONCILED_V2"
"SOLE","Seezunge","APPLICABLE","Seezunge als feiner magerer Plattfisch mit zartem, festem Fleisch; nicht Scholle.","GENERAL_BROAD","Deutsche See – frische Seezunge belegt: Deutsche See bietet die echte Seezunge Solea solea aktuell verfügbar als frischen ganzen Plattfisch an und liefert sie gekühlt. Der Bezug erfolgt über Deutschland und Österreich; gekühlte GO!-Express-Lieferung zum Wunschtermin; maßgeblich ist CHILLED_SHIPPING. Die Seite belegt ausdrücklich Seezunge und keine Scholle; Gewicht, kurze Haltbarkeit und Terminbestand müssen geprüft werden.","PLANNED","Seezunge: Deutsche See bietet die echte Seezunge Solea solea aktuell verfügbar als frischen ganzen Plattfisch an und liefert sie gekühlt.","REQUIRED","Seezunge Solea solea frisch ganz Deutsche See verfügbar nicht Scholle | Georgia Bornheim Rheinland | Deutsche See – frische Seezunge | IN_STOCK CHILLED_SHIPPING","EVIDENCE_REQUIRED|BORDERLINE_PLANNED"
"SOUR_CHERRY","Sauerkirsche","APPLICABLE","Sauerkirsche mit deutlich höherer Säure als Süßkirsche; frisch, tiefgekühlt oder ungesüßt konserviert verwendbar.","GENERAL_BROAD","GLOBUS – Alnatura Bio-Sauerkirschen ungesüßt belegt formgenau: GLOBUS listet ungesüßte Alnatura-Sauerkirschen aus Sauerkirschen, Wasser und Sauerkirschsaft im regulären Konservensortiment. Für Georgia in Bornheim gilt: Reguläres Sortiment im deutschen GLOBUS-Markthallennetz; konkrete Filiale für Bornheim oder Rostock prüfen; Logistik STANDARD_LOCAL. Belegt ist die zulässige konservierte, nicht die frische oder tiefgekühlte Form; Einzelmarktbestand bleibt offen.","PLANNED","Sauerkirsche: GLOBUS listet ungesüßte Alnatura-Sauerkirschen aus Sauerkirschen, Wasser und Sauerkirschsaft im regulären Konservensortiment.","REQUIRED","GLOBUS Alnatura Bio Sauerkirschen ungesüßt Wasser Sauerkirschsaft Sortiment | Georgia in Bornheim | REGULAR_RANGE STANDARD_LOCAL","EVIDENCE_REQUIRED|BORDERLINE_PLANNED"
"SOUR_CREAM","saure Sahne","APPLICABLE","Gesäuerter Rahm mit frischer Säure und mittlerem Fettgehalt; nicht Crème fraîche oder Quark.","GENERAL_LOCAL","Katalogpfad gesäuertes Milchprodukt → Milchprodukte. Warengruppe Milchprodukt, formrelevanter Prüfhinweis aus der vollständigen Definition: »nicht Crème fraîche oder Quark«. Regelweg in Bornheim über den regulären Bornheimer Regalweg »Molkereikühlregal«.","EASY","saure Sahne: gewöhnlicher lokaler Bezugsweg über den Bereich »Molkereikühlregal«.","OPTIONAL","saure Sahne | Form: nicht Crème fraîche oder Quark | Bornheim Molkereikühlregal gewöhnlicher Handel",""
"SOUR_RYE_STARTER","Żur-Saueransatz","APPLICABLE","Fermentierter Roggenmehl-Saueransatz (zakwas/żur) als flüssige Basis für żur/żurek; nicht die fertige Suppe. Gewürzzusätze können variieren.","SPECIALTY_BROAD","Katalogpfad fermentierte Würzzutat → Sauce, Würzmittel oder Paste. Warengruppe Sauce oder Würzpaste, formrelevanter Prüfhinweis aus der vollständigen Definition: »Gewürzzusätze können variieren«. Breiter einschlägiger Spezialmarkt über die voneinander unabhängigen Händler Polskashop24 – Polish cooking aids with Zakwas sowie Krakowiacy i Górale – Zakwas na żur 900 ml.","SPECIALTY","Żur-Saueransatz ist im einschlägigen Spezialmarkt breit etabliert; dokumentierte reguläre Wege sind die voneinander unabhängigen Händler Polskashop24 – Polish cooking aids with Zakwas sowie Krakowiacy i Górale – Zakwas na żur 900 ml.","REQUIRED","Żur-Saueransatz | Form: Gewürzzusätze können variieren | Deutschland unabhängige Spezialhändler Sauce oder Würzpaste | geprüfte Quellen: Polskashop24 – Polish cooking aids with Zakwas ; Krakowiacy i Górale – Zakwas na żur 900 ml","EVIDENCE_REQUIRED"
"SOURDOUGH_BREAD","Sauerteigbrot","APPLICABLE","Brot mit Sauerteig als prägendem Trieb- und Aromamittel; Getreide und Säuregrad bleiben offen.","GENERAL_LOCAL","Sauerteigbrot liegt im Bornheimer Brot- und Backwarenbereich als frischer Laib oder abgepacktes Schnittbrot.","EASY","Sauerteigbrot liegt im Bornheimer Brot- und Backwarenbereich als frischer Laib oder abgepacktes Schnittbrot.","OPTIONAL","Bornheim Sauerteigbrot frischer Laib Schnittbrot Backstation Bäckereitheke",""
"SOY_DRINK","Sojadrink","APPLICABLE","Flüssiger Pflanzendrink aus Sojabohnen; gesüßte und ungesüßte Varianten sind umfasst.","GENERAL_LOCAL","Katalogpfad pflanzlicher Drink. Warengruppe Pflanzendrink, formrelevanter Prüfhinweis aus der vollständigen Definition: »gesüßte und ungesüßte Varianten sind umfasst«. Regelweg in Bornheim über die gewöhnliche Bornheimer Auslage »Regal für haltbare oder gekühlte Pflanzendrinks«.","EASY","Sojadrink: gewöhnlicher lokaler Bezugsweg über den Bereich »Regal für haltbare oder gekühlte Pflanzendrinks«.","OPTIONAL","Sojadrink | Form: gesüßte und ungesüßte Varianten sind umfasst | Bornheim Regal für haltbare oder gekühlte Pflanzendrinks gewöhnlicher Handel",""
"SOY_PRODUCTS","Sojazutat","APPLICABLE","Offene Vorgabe für Sojabohnen und daraus hergestellte kulinarische Produkte; konkrete Verarbeitung bleibt wählbar.","GENERAL_LOCAL","Katalogpfad Hülsenfrüchte. Warengruppe pflanzliches Proteinprodukt, formrelevanter Prüfhinweis aus der vollständigen Definition: »konkrete Verarbeitung bleibt wählbar«. Regelweg in Bornheim über nahe Supermarktfilialen in Bornheim mit dem Bereich »Kühlregal für Tofu und pflanzliche Proteinprodukte«.","EASY","Sojazutat: gewöhnlicher lokaler Bezugsweg über den Bereich »Kühlregal für Tofu und pflanzliche Proteinprodukte«.","OPTIONAL","Sojazutat | Form: konkrete Verarbeitung bleibt wählbar | Bornheim Kühlregal für Tofu und pflanzliche Proteinprodukte gewöhnlicher Handel",""
"SOY_SAUCE","Sojasauce","APPLICABLE","Fermentierte salzige Würzsauce auf Sojabohnenbasis; Stil, Weizenanteil, Farbe und Intensität bleiben offen.","GENERAL_LOCAL","Katalogpfad fermentierte Würzzutat → fertige Sauce oder Würzpaste → Sauce, Würzmittel oder Paste. Warengruppe Sauce oder Würzpaste, formrelevanter Prüfhinweis aus der vollständigen Definition: »Stil, Weizenanteil, Farbe und Intensität bleiben offen«. Regelweg in Bornheim über den lokalen Supermarktbereich »Saucen-, Würzpasten- und Feinkostregal« in Bornheim.","EASY","Sojasauce: gewöhnlicher lokaler Bezugsweg über den Bereich »Saucen-, Würzpasten- und Feinkostregal«.","OPTIONAL","Sojasauce | Form: Stil, Weizenanteil, Farbe und Intensität bleiben offen | Bornheim Saucen-, Würzpasten- und Feinkostregal gewöhnlicher Handel",""
"SOYBEANS","Sojabohnen","APPLICABLE","Reife Sojabohnen als trockene oder vorgegarte Hülsenfrucht; nicht junge grüne Edamame.","GENERAL_BROAD","Katalogpfad Bohnen → Sojazutat → Hülsenfrüchte. Warengruppe pflanzliches Proteinprodukt, formrelevanter Prüfhinweis aus der vollständigen Definition: »nicht junge grüne Edamame«. Allgemein planbarer, aber nicht lokal garantierter Weg über eine konkrete Vorbestellung oder Bestandsabfrage für pflanzliches Proteinprodukt.","PLANNED","Sojabohnen ist über eine konkrete Vorbestellung oder Bestandsabfrage für pflanzliches Proteinprodukt im allgemeinen deutschen Handel planbar, lokal aber kein verlässlicher Standardartikel.","OPTIONAL","Sojabohnen | Form: nicht junge grüne Edamame | Bornheim gezielter Einkauf Deutschland Kühlregal für Tofu und pflanzliche Proteinprodukte",""
"SPAETZLE","Spätzle","APPLICABLE","Weiche unregelmäßige Eiernudeln aus zähflüssigem Teig; frisch, getrocknet oder vorgegart verwendbar.","GENERAL_LOCAL","Katalogpfad Nudeln → stärkehaltige Zutat oder Sättigungsbeilage. Warengruppe Getreide- oder Stärkeware, formrelevanter Prüfhinweis aus der vollständigen Definition: »frisch, getrocknet oder vorgegart verwendbar«. Regelweg in Bornheim über den regulären Bornheimer Regalweg »Reis-, Mehl-, Nudel- oder Trockenwarenregal«.","EASY","Spätzle: gewöhnlicher lokaler Bezugsweg über den Bereich »Reis-, Mehl-, Nudel- oder Trockenwarenregal«.","OPTIONAL","Spätzle | Form: frisch, getrocknet oder vorgegart verwendbar | Bornheim Reis-, Mehl-, Nudel- oder Trockenwarenregal gewöhnlicher Handel",""
"SPAGHETTI","Spaghetti","APPLICABLE","Lange dünne runde Weizenpasta; Vollkorn- und gewöhnliche Hartweizenvarianten sind umfasst.","GENERAL_LOCAL","Katalogpfad Weizenpasta → Nudeln → stärkehaltige Zutat oder Sättigungsbeilage. Warengruppe Getreide- oder Stärkeware, formrelevanter Prüfhinweis aus der vollständigen Definition: »Vollkorn- und gewöhnliche Hartweizenvarianten sind umfasst«. Regelweg in Bornheim über das örtliche Sortiment »Reis-, Mehl-, Nudel- oder Trockenwarenregal« beim Wocheneinkauf in Bornheim.","EASY","Spaghetti: gewöhnlicher lokaler Bezugsweg über den Bereich »Reis-, Mehl-, Nudel- oder Trockenwarenregal«.","OPTIONAL","Spaghetti | Form: Vollkorn- und gewöhnliche Hartweizenvarianten sind umfasst | Bornheim Reis-, Mehl-, Nudel- oder Trockenwarenregal gewöhnlicher Handel",""
"SPAGHETTI_SQUASH","Spaghettikürbis","APPLICABLE","Kürbis, dessen gegartes Fruchtfleisch in spaghettiartige Fasern zerfällt; nicht Pasta.","GENERAL_BROAD","Katalogpfad Kürbis → Fruchtgemüse → Gemüse. Warengruppe Gemüse oder Pilz, formrelevanter Prüfhinweis aus der vollständigen Definition: »dessen gegartes Fruchtfleisch in spaghettiartige Fasern zerfällt; nicht Pasta«. Allgemein planbarer, aber nicht lokal garantierter Weg über eine gezielte Filial- oder Bestellprüfung für Gemüse oder Pilz im allgemeinen deutschen Handel.","PLANNED","Spaghettikürbis ist über eine gezielte Filial- oder Bestellprüfung für Gemüse oder Pilz im allgemeinen deutschen Handel planbar, lokal aber kein verlässlicher Standardartikel.","OPTIONAL","Spaghettikürbis | Form: dessen gegartes Fruchtfleisch in spaghettiartige Fasern zerfällt; nicht Pasta | Bornheim gezielter Einkauf Deutschland Obst- und Gemüseabteilung",""
"SPECULAAS_SPICE","Spekulatiusgewürz","APPLICABLE","Gewürzmischung für Speculaas/Spekulatius, typischerweise auf Basis von Zimt mit weiteren warmen Gewürzen wie Nelke und Muskat; Zusammensetzung kann variieren und Zucker wird nicht vorausgesetzt.","GENERAL_BROAD","Katalogpfad Gewürzmischung → Gewürz oder trockenes Würzmittel. Warengruppe Gewürz, formrelevanter Prüfhinweis aus der vollständigen Definition: »Zusammensetzung kann variieren und Zucker wird nicht vorausgesetzt«. Der passende Warenweg führt vom Standort Bornheim über „Gewürz- und Trockenwürzregal per bestandsgeprüfter Abholung“.","PLANNED","Spekulatiusgewürz: Der passende Warenweg führt vom Standort Bornheim über „Gewürz- und Trockenwürzregal per bestandsgeprüfter Abholung“.","OPTIONAL","Spekulatiusgewürz | Form: Zusammensetzung kann variieren und Zucker wird nicht vorausgesetzt | Bornheim gezielter Einkauf Deutschland Gewürz- und Trockenwürzregal",""
"SPECULOOS","Spekulatius","APPLICABLE","Knuspriges karamellisiertes Gewürzgebäck der Spekulatius-/Speculoos-Familie. Gemeint ist der fertige Keks, nicht eine Gewürzmischung; konkrete Gewürzzusammensetzung und Fettquelle können variieren.","GENERAL_LOCAL","Katalogpfad Süßware. Warengruppe Süßungs- oder Kakaoware, formrelevanter Prüfhinweis aus der vollständigen Definition: »konkrete Gewürzzusammensetzung und Fettquelle können variieren«. Regelweg in Bornheim über nahe Supermarktfilialen in Bornheim mit dem Bereich »Backzutaten-, Süßwaren- oder Kakaoregal«.","EASY","Spekulatius: gewöhnlicher lokaler Bezugsweg über den Bereich »Backzutaten-, Süßwaren- oder Kakaoregal«.","OPTIONAL","Spekulatius | Form: konkrete Gewürzzusammensetzung und Fettquelle können variieren | Bornheim Backzutaten-, Süßwaren- oder Kakaoregal gewöhnlicher Handel","RATING_RECONCILED_V2"
"SPELT","Dinkel","APPLICABLE","Dinkelkorn als Getreide mit nussigem Aroma; ganz, geschrotet oder als Flocken, nicht Dinkelmehl.","GENERAL_BROAD","Katalogpfad Getreide oder Pseudogetreide → stärkehaltige Zutat oder Sättigungsbeilage. Warengruppe Getreide- oder Stärkeware, formrelevanter Prüfhinweis aus der vollständigen Definition: »ganz, geschrotet oder als Flocken, nicht Dinkelmehl«. Georgia prüft und bezieht die Form über „Reis-, Mehl-, Nudel- oder Trockenwarenregal über einen gut sortierten Markt mit Bestellservice“.","PLANNED","Dinkel: Georgia prüft und bezieht die Form über „Reis-, Mehl-, Nudel- oder Trockenwarenregal über einen gut sortierten Markt mit Bestellservice“.","OPTIONAL","Dinkel | Form: ganz, geschrotet oder als Flocken, nicht Dinkelmehl | Bornheim gezielter Einkauf Deutschland Reis-, Mehl-, Nudel- oder Trockenwarenregal",""
"SPICE_BLENDS","Gewürzmischung","APPLICABLE","Offene Vorgabe für bewusst zusammengesetzte trockene Gewürzmischungen; Stil und Schärfe bleiben offen.","GENERAL_LOCAL","Katalogpfad Gewürz oder trockenes Würzmittel. Warengruppe Gewürz, formrelevanter Prüfhinweis aus der vollständigen Definition: »Stil und Schärfe bleiben offen«. Regelweg in Bornheim über ortsübliche Vollsortimenter rund um Bornheim, konkret im Bereich »Gewürz- und Trockenwürzregal«.","EASY","Gewürzmischung: gewöhnlicher lokaler Bezugsweg über den Bereich »Gewürz- und Trockenwürzregal«.","OPTIONAL","Gewürzmischung | Form: Stil und Schärfe bleiben offen | Bornheim Gewürz- und Trockenwürzregal gewöhnlicher Handel",""
"SPICES","Gewürz oder trockenes Würzmittel","NOT_APPLICABLE_STRUCTURE","","","","","","","",""
"SPINACH","Spinat","APPLICABLE","Spinatblätter mit mild-grünem, leicht mineralischem Geschmack; frisch oder tiefgekühlt verwendbar.","GENERAL_LOCAL","Katalogpfad Blattgemüse → Gemüse. Warengruppe Gemüse oder Pilz, formrelevanter Prüfhinweis aus der vollständigen Definition: »frisch oder tiefgekühlt verwendbar«. Regelweg in Bornheim über die gewöhnliche Bornheimer Auslage »Obst- und Gemüseabteilung«.","EASY","Spinat: gewöhnlicher lokaler Bezugsweg über den Bereich »Obst- und Gemüseabteilung«.","OPTIONAL","Spinat | Form: frisch oder tiefgekühlt verwendbar | Bornheim Obst- und Gemüseabteilung gewöhnlicher Handel",""
"SPLIT_PEAS","Spalterbsen","APPLICABLE","Getrocknete geschälte und halbierte Erbsen für Suppen, Pürees oder Eintöpfe; Farbe bleibt offen.","GENERAL_LOCAL","Katalogpfad Erbsen → Hülsenfrüchte. Warengruppe Hülsenfrucht, formrelevanter Prüfhinweis aus der vollständigen Definition: »Farbe bleibt offen«. Regelweg in Bornheim über die gewöhnliche Bornheimer Auslage »Hülsenfrucht-, Konserven- oder Trockenwarenregal«.","EASY","Spalterbsen: gewöhnlicher lokaler Bezugsweg über den Bereich »Hülsenfrucht-, Konserven- oder Trockenwarenregal«.","OPTIONAL","Spalterbsen | Form: Farbe bleibt offen | Bornheim Hülsenfrucht-, Konserven- oder Trockenwarenregal gewöhnlicher Handel",""
"SPRING_ONION","Frühlingszwiebel","APPLICABLE","Frühlingszwiebel mit mildem Zwiebelaroma; weißer und grüner Teil sind essbar.","GENERAL_LOCAL","Katalogpfad Lauch- und Zwiebelgemüse → Gemüse. Warengruppe Gemüse oder Pilz, formrelevanter Prüfhinweis aus der vollständigen Definition: »weißer und grüner Teil sind essbar«. Regelweg in Bornheim über nahe Supermarktfilialen in Bornheim mit dem Bereich »Obst- und Gemüseabteilung«.","EASY","Frühlingszwiebel: gewöhnlicher lokaler Bezugsweg über den Bereich »Obst- und Gemüseabteilung«.","OPTIONAL","Frühlingszwiebel | Form: weißer und grüner Teil sind essbar | Bornheim Obst- und Gemüseabteilung gewöhnlicher Handel",""
"SPROUTS","Sprossen","APPLICABLE","Offene Vorgabe für essbare junge Keimlinge; Pflanzenart, Größe und roh oder gegart bleiben wählbar.","GENERAL_BROAD","Katalogpfad Gemüse. Warengruppe Gemüse oder Pilz, formrelevanter Prüfhinweis aus der vollständigen Definition: »Pflanzenart, Größe und roh oder gegart bleiben wählbar«. Allgemein planbarer, aber nicht lokal garantierter Weg über eine konkrete Vorbestellung oder Bestandsabfrage für Gemüse oder Pilz.","PLANNED","Sprossen ist über eine konkrete Vorbestellung oder Bestandsabfrage für Gemüse oder Pilz im allgemeinen deutschen Handel planbar, lokal aber kein verlässlicher Standardartikel.","OPTIONAL","Sprossen | Form: Pflanzenart, Größe und roh oder gegart bleiben wählbar | Bornheim gezielter Einkauf Deutschland Obst- und Gemüseabteilung",""
"SQUID","Tintenfisch","APPLICABLE","Kalmar mit röhrenförmigem Mantel und Armen; kurz oder sehr lange garen, nicht Oktopus oder Sepia.","GENERAL_BROAD","Katalogpfad Weichtiere → Fisch und Meeresfrüchte → wirbellose Tiere. Warengruppe Fisch oder Meeresfrucht, formrelevanter Prüfhinweis aus der vollständigen Definition: »kurz oder sehr lange garen, nicht Oktopus oder Sepia«. Allgemein planbarer, aber nicht lokal garantierter Weg über einen vorbereiteten Einkauf im gut sortierten Bereich »Fischkühlung, Fischtheke oder Tiefkühlabteilung«.","PLANNED","Tintenfisch ist über einen vorbereiteten Einkauf im gut sortierten Bereich »Fischkühlung, Fischtheke oder Tiefkühlabteilung« im allgemeinen deutschen Handel planbar, lokal aber kein verlässlicher Standardartikel.","OPTIONAL","Tintenfisch | Form: kurz oder sehr lange garen, nicht Oktopus oder Sepia | Bornheim gezielter Einkauf Deutschland Fischkühlung, Fischtheke oder Tiefkühlabteilung",""
"SRIRACHA","Sriracha","APPLICABLE","Glatte fermentierte oder gereifte Chilisauce nach Sriracha-Art mit Knoblauch, Säure und leichter Süße.","GENERAL_BROAD","Katalogpfad Chilisauce oder -paste → fertige Sauce oder Würzpaste → Sauce, Würzmittel oder Paste. Warengruppe Sauce oder Würzpaste, formrelevanter Prüfhinweis aus der vollständigen Definition: »nach Sriracha-Art mit Knoblauch, Säure und leichter Süße«. Allgemein planbarer, aber nicht lokal garantierter Weg über eine gezielte Filial- oder Bestellprüfung für Sauce oder Würzpaste im allgemeinen deutschen Handel.","PLANNED","Sriracha ist über eine gezielte Filial- oder Bestellprüfung für Sauce oder Würzpaste im allgemeinen deutschen Handel planbar, lokal aber kein verlässlicher Standardartikel.","OPTIONAL","Sriracha | Form: nach Sriracha-Art mit Knoblauch, Säure und leichter Süße | Bornheim gezielter Einkauf Deutschland Saucen-, Würzpasten- und Feinkostregal",""
"STAR_ANISE","Sternanis","APPLICABLE","Sternförmige Frucht mit intensiv süßlichem Anisaroma; ganz oder gemahlen sparsam verwendbar.","GENERAL_BROAD","Katalogpfad Gewürz oder trockenes Würzmittel. Warengruppe Gewürz, formrelevanter Prüfhinweis aus der vollständigen Definition: »ganz oder gemahlen sparsam verwendbar«. Allgemein planbarer, aber nicht lokal garantierter Weg über eine konkrete Vorbestellung oder Bestandsabfrage für Gewürz.","PLANNED","Sternanis ist über eine konkrete Vorbestellung oder Bestandsabfrage für Gewürz im allgemeinen deutschen Handel planbar, lokal aber kein verlässlicher Standardartikel.","OPTIONAL","Sternanis | Form: ganz oder gemahlen sparsam verwendbar | Bornheim gezielter Einkauf Deutschland Gewürz- und Trockenwürzregal",""
"STARCH_BINDERS","Stärke oder Bindemittel","APPLICABLE","Offene Vorgabe für isolierte Stärke und andere neutrale Bindemittel; Rohstoff und Bindeeigenschaft bleiben offen.","GENERAL_LOCAL","Katalogpfad stärkehaltige Zutat oder Sättigungsbeilage. Warengruppe Getreide- oder Stärkeware, formrelevanter Prüfhinweis aus der vollständigen Definition: »Rohstoff und Bindeeigenschaft bleiben offen«. Regelweg in Bornheim über nahe Supermarktfilialen in Bornheim mit dem Bereich »Reis-, Mehl-, Nudel- oder Trockenwarenregal«.","EASY","Stärke oder Bindemittel: gewöhnlicher lokaler Bezugsweg über den Bereich »Reis-, Mehl-, Nudel- oder Trockenwarenregal«.","OPTIONAL","Stärke oder Bindemittel | Form: Rohstoff und Bindeeigenschaft bleiben offen | Bornheim Reis-, Mehl-, Nudel- oder Trockenwarenregal gewöhnlicher Handel",""
"STARCHES","stärkehaltige Zutat oder Sättigungsbeilage","APPLICABLE","Offene Vorgabe für stärkeprägende Zutaten oder Sättigungsbeilagen; Getreide, Knolle und Produktform bleiben wählbar.","GENERAL_LOCAL","Katalogpfad eigenständige Katalogwurzel. Warengruppe Getreide- oder Stärkeware, formrelevanter Prüfhinweis aus der vollständigen Definition: »Getreide, Knolle und Produktform bleiben wählbar«. Regelweg in Bornheim über den lokalen Supermarktbereich »Reis-, Mehl-, Nudel- oder Trockenwarenregal« in Bornheim.","EASY","stärkehaltige Zutat oder Sättigungsbeilage: gewöhnlicher lokaler Bezugsweg über den Bereich »Reis-, Mehl-, Nudel- oder Trockenwarenregal«.","OPTIONAL","stärkehaltige Zutat oder Sättigungsbeilage | Form: Getreide, Knolle und Produktform bleiben wählbar | Bornheim Reis-, Mehl-, Nudel- oder Trockenwarenregal gewöhnlicher Handel",""
"STARFRUIT","Sternfrucht oder Karambole","APPLICABLE","Saftig-knackige Sternfrucht mit je nach Reife deutlich säuerlichem bis mild süßem Geschmack; roh, in Salaten oder als säuernde Frucht in warmen Gerichten verwendbar.","GENERAL_BROAD","Katalogpfad Tropenfrucht → Obst. Warengruppe Obst, formrelevanter Prüfhinweis aus der vollständigen Definition: »roh, in Salaten oder als säuernde Frucht in warmen Gerichten verwendbar«. Allgemein planbarer, aber nicht lokal garantierter Weg über eine reguläre Onlinebestellung im allgemeinen Handel mit formgenauer Artikelsuche.","PLANNED","Sternfrucht oder Karambole ist über eine reguläre Onlinebestellung im allgemeinen Handel mit formgenauer Artikelsuche im allgemeinen deutschen Handel planbar, lokal aber kein verlässlicher Standardartikel.","OPTIONAL","Sternfrucht oder Karambole | Form: roh, in Salaten oder als säuernde Frucht in warmen Gerichten verwendbar | Bornheim gezielter Einkauf Deutschland Obst- und Gemüseabteilung",""
"STEM_VEGETABLES","Stängelgemüse","APPLICABLE","Offene Vorgabe für Gemüse mit kulinarisch prägendem Stiel, Spross oder verdickter Sprossachse.","GENERAL_LOCAL","Katalogpfad Gemüse. Warengruppe Gemüse oder Pilz, formrelevanter Prüfhinweis aus der vollständigen Definition: »mit kulinarisch prägendem Stiel, Spross oder verdickter Sprossachse«. Regelweg in Bornheim über die gewöhnliche Bornheimer Auslage »Obst- und Gemüseabteilung«.","EASY","Stängelgemüse: gewöhnlicher lokaler Bezugsweg über den Bereich »Obst- und Gemüseabteilung«.","OPTIONAL","Stängelgemüse | Form: mit kulinarisch prägendem Stiel, Spross oder verdickter Sprossachse | Bornheim Obst- und Gemüseabteilung gewöhnlicher Handel","RATING_RECONCILED_V2"
"STICKY_RICE","Klebreis","APPLICABLE","Klebreis mit hohem Amylopektinanteil und stark haftender Textur; weiß, schwarz oder violett möglich, nicht Sushireis.","SPECIALTY_BROAD","Katalogpfad Reis → Getreide oder Pseudogetreide → stärkehaltige Zutat oder Sättigungsbeilage. Warengruppe Getreide- oder Stärkeware, formrelevanter Prüfhinweis aus der vollständigen Definition: »weiß, schwarz oder violett möglich, nicht Sushireis«. Breiter einschlägiger Spezialmarkt über die voneinander unabhängigen Händler Asiafoodland – sticky rice range sowie Asia4Friends – sticky rice range.","SPECIALTY","Klebreis ist im einschlägigen Spezialmarkt breit etabliert; dokumentierte reguläre Wege sind die voneinander unabhängigen Händler Asiafoodland – sticky rice range sowie Asia4Friends – sticky rice range.","REQUIRED","Klebreis | Form: weiß, schwarz oder violett möglich, nicht Sushireis | Deutschland unabhängige Spezialhändler Getreide- oder Stärkeware | geprüfte Quellen: Asiafoodland – sticky rice range ; Asia4Friends – sticky rice range","EVIDENCE_REQUIRED"
"STINKY_TOFU","Stinky Tofu","APPLICABLE","Intensiv fermentierter Tofu ostasiatischer Art mit markantem Geruch; Produktform und spätere Garung bleiben offen.","NICHE_IMPORT","Katalogpfad fermentierter Tofu → fermentierte Würzzutat → Tofu → Sauce, Würzmittel oder Paste. Warengruppe pflanzliches Proteinprodukt, formrelevanter Prüfhinweis aus der vollständigen Definition: »Produktform und spätere Garung bleiben offen«. Nur der schmale Händlerweg über Bick Shop – Wangzhihe stinky tofu 330 g ist positiv belegt; Importbeschränkung begrenzt Form, Bestand oder Logistik.","DIFFICULT","Stinky Tofu: Nur der schmale Händlerweg über Bick Shop – Wangzhihe stinky tofu 330 g ist positiv belegt; Importbeschränkung begrenzt Form, Bestand oder Logistik.","REQUIRED","Stinky Tofu | Form: Produktform und spätere Garung bleiben offen | Deutschland EU Exakttreffer Bestand Logistik pflanzliches Proteinprodukt | geprüfte Quellen: Bick Shop – Wangzhihe stinky tofu 330 g","EVIDENCE_REQUIRED|FORM_OR_ROUTE_FRAGILE"
"STOCKFISH","Stockfisch","APPLICABLE","Ungesalzener, luftgetrockneter Fisch, typischerweise Kabeljau; nicht mit gesalzenem und getrocknetem Klippfisch gleichsetzen.","NICHE_IMPORT","Katalogpfad Kabeljau → getrockneter Fisch → weißfleischiger Fisch → konservierter Fisch. Warengruppe konservierter Fisch, formrelevanter Prüfhinweis aus der vollständigen Definition: »nicht mit gesalzenem und getrocknetem Klippfisch gleichsetzen«. Der v2-Anker hält den Engpass fest: Wenige norwegisch/afrikanisch/adria-spezialisierte Wege und hohe Verwechslungsgefahr mit gesalzenem Klippfisch/Bacalhau.","DIFFICULT","Stockfisch: Wenige norwegisch/afrikanisch/adria-spezialisierte Wege und hohe Verwechslungsgefahr mit gesalzenem Klippfisch/Bacalhau.","REQUIRED","Stockfisch | Form: nicht mit gesalzenem und getrocknetem Klippfisch gleichsetzen | Deutschland EU Exakttreffer Bestand Logistik konservierter Fisch | freigegebener v2-Anker","REFERENCE_ANCHOR|EVIDENCE_REQUIRED|FORM_OR_ROUTE_FRAGILE"
"STOCKS","Brühe oder Fond","APPLICABLE","Offene Vorgabe für Brühe oder Fond als aromatische Flüssigkeitsbasis; tierische, pflanzliche und pilzbasierte Formen sind möglich.","GENERAL_LOCAL","Katalogpfad eigenständige Katalogwurzel. Warengruppe Brühe oder Fond, formrelevanter Prüfhinweis aus der vollständigen Definition: »tierische, pflanzliche und pilzbasierte Formen sind möglich«. Regelweg in Bornheim über das örtliche Sortiment »Brühen-, Fond- und Suppenregal« beim Wocheneinkauf in Bornheim.","EASY","Brühe oder Fond: gewöhnlicher lokaler Bezugsweg über den Bereich »Brühen-, Fond- und Suppenregal«.","OPTIONAL","Brühe oder Fond | Form: tierische, pflanzliche und pilzbasierte Formen sind möglich | Bornheim Brühen-, Fond- und Suppenregal gewöhnlicher Handel",""
"STONE_FRUIT","Steinobst","APPLICABLE","Offene Vorgabe für Steinobst mit einem zentralen harten Kern; Art, Süße und Reifegrad bleiben wählbar.","GENERAL_LOCAL","Katalogpfad Obst. Warengruppe Obst, formrelevanter Prüfhinweis aus der vollständigen Definition: »Art, Süße und Reifegrad bleiben wählbar«. Regelweg in Bornheim über nahe Supermarktfilialen in Bornheim mit dem Bereich »Obst- und Gemüseabteilung«.","EASY","Steinobst: gewöhnlicher lokaler Bezugsweg über den Bereich »Obst- und Gemüseabteilung«.","OPTIONAL","Steinobst | Form: Art, Süße und Reifegrad bleiben wählbar | Bornheim Obst- und Gemüseabteilung gewöhnlicher Handel",""
"STRAWBERRY","Erdbeere","APPLICABLE","Erdbeere mit süß-säuerlichem, aromatischem Fruchtfleisch; frisch oder ungesüßt tiefgekühlt verwendbar.","GENERAL_LOCAL","Katalogpfad Beeren → Obst. Warengruppe Obst, formrelevanter Prüfhinweis aus der vollständigen Definition: »frisch oder ungesüßt tiefgekühlt verwendbar«. Regelweg in Bornheim über den regulären Bornheimer Regalweg »Obst- und Gemüseabteilung«.","EASY","Erdbeere: gewöhnlicher lokaler Bezugsweg über den Bereich »Obst- und Gemüseabteilung«.","OPTIONAL","Erdbeere | Form: frisch oder ungesüßt tiefgekühlt verwendbar | Bornheim Obst- und Gemüseabteilung gewöhnlicher Handel",""
"STROOPWAFEL","Stroopwafel","APPLICABLE","Zwei dünne Waffeln mit süßer Sirup- oder Karamellfüllung; gemeint ist die fertige Süßware, nicht eine allgemeine Waffel oder der Sirup allein.","GENERAL_BROAD","Katalogpfad Süßware → Waffel → Backware. Warengruppe Back- oder Brotwaren, formrelevanter Prüfhinweis aus der vollständigen Definition: »gemeint ist die fertige Süßware, nicht eine allgemeine Waffel oder der Sirup allein«. Allgemein planbarer, aber nicht lokal garantierter Weg über eine gezielte Filial- oder Bestellprüfung für Back- oder Brotwaren im allgemeinen deutschen Handel.","PLANNED","Stroopwafel ist über eine gezielte Filial- oder Bestellprüfung für Back- oder Brotwaren im allgemeinen deutschen Handel planbar, lokal aber kein verlässlicher Standardartikel.","OPTIONAL","Stroopwafel | Form: gemeint ist die fertige Süßware, nicht eine allgemeine Waffel oder der Sirup allein | Bornheim gezielter Einkauf Deutschland Brot-, Backwaren- oder Backzutatenbereich",""
"SUGAR_SNAP_PEAS","Zuckerschoten","APPLICABLE","Zuckerschoten mit essbarer knackiger Hülse und süßen jungen Erbsen; nicht ausgelöste grüne Erbsen.","GENERAL_LOCAL","Katalogpfad Erbsen → Hülsen- und Schotengemüse → Hülsenfrüchte → Gemüse. Warengruppe Gemüse oder Pilz, formrelevanter Prüfhinweis aus der vollständigen Definition: »nicht ausgelöste grüne Erbsen«. Regelweg in Bornheim über den Bereich »Obst- und Gemüseabteilung« eines gewöhnlichen Bornheimer Vollsortimenters.","EASY","Zuckerschoten: gewöhnlicher lokaler Bezugsweg über den Bereich »Obst- und Gemüseabteilung«.","OPTIONAL","Zuckerschoten | Form: nicht ausgelöste grüne Erbsen | Bornheim Obst- und Gemüseabteilung gewöhnlicher Handel","RATING_RECONCILED_V2"
"SUGARCANE_VINEGAR","Zuckerrohressig","APPLICABLE","Natürlich fermentierter Essig auf Basis von Zuckerrohr beziehungsweise Zuckerrohrsaft. Gemeint ist die generische Essigart; nicht auf Sukang Iloko oder eine bestimmte Marke beschränkt.","SPECIALTY_BROAD","Katalogpfad Essig. Warengruppe Speiseessig, formrelevanter Prüfhinweis aus der vollständigen Definition: »nicht auf Sukang Iloko oder eine bestimmte Marke beschränkt«. Breiter einschlägiger Spezialmarkt über die voneinander unabhängigen Händler Village Foods – Silver Swan cane vinegar sowie Pilipino Business – Datu Puti cane vinegar 750 ml.","SPECIALTY","Zuckerrohressig ist im einschlägigen Spezialmarkt breit etabliert; dokumentierte reguläre Wege sind die voneinander unabhängigen Händler Village Foods – Silver Swan cane vinegar sowie Pilipino Business – Datu Puti cane vinegar 750 ml.","REQUIRED","Zuckerrohressig | Form: nicht auf Sukang Iloko oder eine bestimmte Marke beschränkt | Deutschland unabhängige Spezialhändler Speiseessig | geprüfte Quellen: Village Foods – Silver Swan cane vinegar ; Pilipino Business – Datu Puti cane vinegar 750 ml","EVIDENCE_REQUIRED"
"SUMAC","Sumach","APPLICABLE","Getrocknete gemahlene Sumachfrüchte mit fruchtig-zitroniger Säure; nicht giftiger Zier-Sumach.","GENERAL_BROAD","Katalogpfad Gewürz oder trockenes Würzmittel. Warengruppe Gewürz, formrelevanter Prüfhinweis aus der vollständigen Definition: »nicht giftiger Zier-Sumach«. Für Georgias Bornheim-Profil besteht ein konkreter regionaler Weg über türkische oder arabische Gewürzsortimente; persönliche Erfahrung allein macht ihn nicht EASY.","PLANNED","Sumach: Konkreter regionaler Fachmarktweg für Georgia; Tobias benötigt einschlägigen Spezialhandel. Persönliche Erfahrung macht die Quelle nicht zu EASY.","REQUIRED","Sumach | Form: nicht giftiger Zier-Sumach | Bornheim gezielter Einkauf Deutschland Gewürz- und Trockenwürzregal | freigegebener v2-Anker","REFERENCE_ANCHOR|PERSON_DIFFERENCE"
"SUN_DRIED_TOMATO","getrocknete Tomaten","APPLICABLE","Durch Trocknung konzentrierte Tomaten mit süß-säuerlichem Umami; trocken oder in Öl eingelegt verwendbar.","GENERAL_LOCAL","Katalogpfad Tomate → Tomatenprodukt → Fruchtgemüse → Gemüse. Warengruppe konservierte Pflanzenware, formrelevanter Prüfhinweis aus der vollständigen Definition: »trocken oder in Öl eingelegt verwendbar«. Regelweg in Bornheim über den regulären Bornheimer Regalweg »Konserven-, Glas- oder internationales Feinkostregal«.","EASY","getrocknete Tomaten: gewöhnlicher lokaler Bezugsweg über den Bereich »Konserven-, Glas- oder internationales Feinkostregal«.","OPTIONAL","getrocknete Tomaten | Form: trocken oder in Öl eingelegt verwendbar | Bornheim Konserven-, Glas- oder internationales Feinkostregal gewöhnlicher Handel",""
"SUNFLOWER_SEEDS","Sonnenblumenkerne","APPLICABLE","Sonnenblumenkerne mit mild-nussigem Geschmack; geschält, roh oder geröstet verwendbar.","GENERAL_LOCAL","Katalogpfad Kerne und Samen. Warengruppe Nuss, Saat oder Mus, formrelevanter Prüfhinweis aus der vollständigen Definition: »geschält, roh oder geröstet verwendbar«. Regelweg in Bornheim über nahe Supermarktfilialen in Bornheim mit dem Bereich »Nuss-, Saaten- oder Nussmusregal«.","EASY","Sonnenblumenkerne: gewöhnlicher lokaler Bezugsweg über den Bereich »Nuss-, Saaten- oder Nussmusregal«.","OPTIONAL","Sonnenblumenkerne | Form: geschält, roh oder geröstet verwendbar | Bornheim Nuss-, Saaten- oder Nussmusregal gewöhnlicher Handel",""
"SURIMI","Surimi","APPLICABLE","Gegartes geformtes Fischmusprodukt, häufig als Krebsfleischimitat; nicht echtes Krabbenfleisch.","GENERAL_LOCAL","Katalogpfad Fisch → Fisch und Meeresfrüchte. Warengruppe Fisch oder Meeresfrucht, formrelevanter Prüfhinweis aus der vollständigen Definition: »nicht echtes Krabbenfleisch«. Regelweg in Bornheim über nahe Supermarktfilialen in Bornheim mit dem Bereich »Fischkühlung, Fischtheke oder Tiefkühlabteilung«.","EASY","Surimi: gewöhnlicher lokaler Bezugsweg über den Bereich »Fischkühlung, Fischtheke oder Tiefkühlabteilung«.","OPTIONAL","Surimi | Form: nicht echtes Krabbenfleisch | Bornheim Fischkühlung, Fischtheke oder Tiefkühlabteilung gewöhnlicher Handel",""
"SUSHI_RICE","Sushireis","APPLICABLE","Japanischer Rundkornreis mit haftender Textur, üblicherweise nach dem Garen gewürzt; nicht beliebiger Klebreis.","GENERAL_BROAD","Katalogpfad Reis → Getreide oder Pseudogetreide → stärkehaltige Zutat oder Sättigungsbeilage. Warengruppe Getreide- oder Stärkeware, formrelevanter Prüfhinweis aus der vollständigen Definition: »nicht beliebiger Klebreis«. Allgemein planbarer, aber nicht lokal garantierter Weg über eine reguläre Onlinebestellung im allgemeinen Handel mit formgenauer Artikelsuche.","PLANNED","Sushireis: In gut sortierten allgemeinen Märkten und im breiten Onlinehandel robust erhältlich jedoch nicht zwingend lokaler Standard.","OPTIONAL","Sushireis | Form: nicht beliebiger Klebreis | Bornheim gezielter Einkauf Deutschland Reis-, Mehl-, Nudel- oder Trockenwarenregal","REFERENCE_ANCHOR"
"SWEET_PAPRIKA_POWDER","Paprikapulver edelsüß","APPLICABLE","Mildes süßlich-fruchtiges Paprikapulver ohne prägende Schärfe oder Räucherung.","GENERAL_LOCAL","Katalogpfad Paprikapulver → Gewürz oder trockenes Würzmittel. Warengruppe Gewürz, formrelevanter Prüfhinweis aus der vollständigen Definition: »süßlich-fruchtiges Paprikapulver ohne prägende Schärfe oder Räucherung«. Regelweg in Bornheim über den regulären Bornheimer Regalweg »Gewürz- und Trockenwürzregal«.","EASY","Paprikapulver edelsüß: gewöhnlicher lokaler Bezugsweg über den Bereich »Gewürz- und Trockenwürzregal«.","OPTIONAL","Paprikapulver edelsüß | Form: süßlich-fruchtiges Paprikapulver ohne prägende Schärfe oder Räucherung | Bornheim Gewürz- und Trockenwürzregal gewöhnlicher Handel",""
"SWEET_POTATO","Süßkartoffel","APPLICABLE","Stärkereiche Süßkartoffelknolle mit süßlichem Geschmack; orange, violette und helle Sorten sind umfasst, nicht Yams.","GENERAL_LOCAL","Katalogpfad Wurzel- und Knollengemüse → stärkehaltige Zutat oder Sättigungsbeilage → Gemüse. Warengruppe Gemüse oder Pilz, formrelevanter Prüfhinweis aus der vollständigen Definition: »orange, violette und helle Sorten sind umfasst, nicht Yams«. Regelweg in Bornheim über die gewöhnliche Bornheimer Auslage »Obst- und Gemüseabteilung«.","EASY","Süßkartoffel: gewöhnlicher lokaler Bezugsweg über den Bereich »Obst- und Gemüseabteilung«.","OPTIONAL","Süßkartoffel | Form: orange, violette und helle Sorten sind umfasst, nicht Yams | Bornheim Obst- und Gemüseabteilung gewöhnlicher Handel",""
"SWEETENERS","Süßungsmittel","APPLICABLE","Offene Vorgabe für Zucker, Sirupe, Honig und andere kulinarische Süßungsmittel; Form und Eigengeschmack bleiben offen.","GENERAL_LOCAL","Katalogpfad eigenständige Katalogwurzel. Warengruppe Zucker, Sirup oder Honig, formrelevanter Prüfhinweis aus der vollständigen Definition: »Form und Eigengeschmack bleiben offen«. Regelweg in Bornheim über die gewöhnliche Bornheimer Auslage »Zucker-, Sirup-, Honig- oder Backzutatenregal«.","EASY","Die offene Süßungsmittelfamilie wird durch gewöhnliche Zucker-, Sirup- und Honigsortimente im lokalen Supermarkt abgedeckt.","OPTIONAL","Süßungsmittel | Form: Form und Eigengeschmack bleiben offen | Bornheim Zucker-, Sirup-, Honig- oder Backzutatenregal gewöhnlicher Handel",""
"SWORDFISH","Schwertfisch","APPLICABLE","Schwertfisch mit festem, fleischigem und eher magerem Fischfleisch; meist als Steak oder Filet verwendet.","GENERAL_BROAD","Send a Fish – frisches Schwertfischfilet belegt: Send a Fish bietet frisches vakuumiertes Schwertfischfilet der Art Xiphias gladius in etwa 250-Gramm-Portionen mit Liefer- oder Wunschdatum an. Der Bezug erfolgt über Deutschland, Österreich und Niederlande; gekühlter GO!-Express über Nacht zum Wunschtermin; maßgeblich ist CHILLED_SHIPPING. Frischware soll unter zwei Grad Celsius binnen drei Tagen verbraucht werden; Fang- und Lieferbestand bleiben veränderlich.","PLANNED","Schwertfisch: Send a Fish bietet frisches vakuumiertes Schwertfischfilet der Art Xiphias gladius in etwa 250-Gramm-Portionen mit Liefer- oder Wunschdatum an.","REQUIRED","Schwertfischfilet Xiphias gladius frisch vakuumiert Send a Fish Lieferdatum Express | Georgia Bornheim Rheinland | Send a Fish – frisches Schwertfischfilet | IN_STOCK CHILLED_SHIPPING","EVIDENCE_REQUIRED|BORDERLINE_PLANNED"
"SYRUP","Sirup","APPLICABLE","Offene Familie dick- oder dünnflüssiger konzentrierter Sirupe zur Süßung oder Würzung. Umfasst pflanzen- und fruchtbasierte Sirupe sowie vergleichbare konzentrierte Fruchtsirupe; nicht jedes flüssige Süßungsmittel ist automatisch ein Sirup.","GENERAL_LOCAL","Katalogpfad Süßungsmittel. Warengruppe Süßungs- oder Kakaoware, formrelevanter Prüfhinweis aus der vollständigen Definition: »nicht jedes flüssige Süßungsmittel ist automatisch ein Sirup«. Regelweg in Bornheim über das örtliche Sortiment »Backzutaten-, Süßwaren- oder Kakaoregal« beim Wocheneinkauf in Bornheim.","EASY","Sirup: gewöhnlicher lokaler Bezugsweg über den Bereich »Backzutaten-, Süßwaren- oder Kakaoregal«.","OPTIONAL","Sirup | Form: nicht jedes flüssige Süßungsmittel ist automatisch ein Sirup | Bornheim Backzutaten-, Süßwaren- oder Kakaoregal gewöhnlicher Handel",""
"TABLEA","Tablea oder Tableya","APPLICABLE","Philippinische gepresste beziehungsweise geformte Kakaomasse aus gerösteten und gemahlenen Kakaobohnen, traditionell insbesondere für Tsokolate. Gemeint ist reine oder nur gering gesüßte Tablea; nicht Kakaopulver oder gewöhnliche Tafelschokolade.","NICHE_IMPORT","Katalogpfad Kakao oder Schokolade. Warengruppe Süßungs- oder Kakaoware, formrelevanter Prüfhinweis aus der vollständigen Definition: »nicht Kakaopulver oder gewöhnliche Tafelschokolade«. Nur der schmale Händlerweg über Filipino Asian Store – Tablea Batirol 200 g ist positiv belegt; Importbeschränkung begrenzt Form, Bestand oder Logistik.","DIFFICULT","Tablea oder Tableya: Nur der schmale Händlerweg über Filipino Asian Store – Tablea Batirol 200 g ist positiv belegt; Importbeschränkung begrenzt Form, Bestand oder Logistik.","REQUIRED","Tablea oder Tableya | Form: nicht Kakaopulver oder gewöhnliche Tafelschokolade | Deutschland EU Exakttreffer Bestand Logistik Süßungs- oder Kakaoware | geprüfte Quellen: Filipino Asian Store – Tablea Batirol 200 g","EVIDENCE_REQUIRED|FORM_OR_ROUTE_FRAGILE"
"TAHINI","Tahini","APPLICABLE","Fein vermahlene Sesampaste, meist aus geschältem und geröstetem oder ungeröstetem Sesam; nicht fertige Tahinisauce.","GENERAL_LOCAL","Katalogpfad Nuss- oder Samenpaste → Sesam → Sauce, Würzmittel oder Paste → Kerne und Samen. Warengruppe Nuss- oder Saatenpaste, formrelevanter Prüfhinweis aus der vollständigen Definition: »nicht fertige Tahinisauce«. Regelweg in Bornheim über den lokalen Supermarktbereich »Aufstrich-, Nussmus- oder Feinkostregal« in Bornheim.","EASY","Tahini: gewöhnlicher lokaler Bezugsweg über den Bereich »Aufstrich-, Nussmus- oder Feinkostregal«.","OPTIONAL","Tahini | Form: nicht fertige Tahinisauce | Bornheim Aufstrich-, Nussmus- oder Feinkostregal gewöhnlicher Handel","RATING_RECONCILED_V2"
"TAI_PLA","Tai Pla","APPLICABLE","Sehr intensive südthailändische Würze aus salzfermentierten Fischinnereien, vor allem als Basis für Kaeng Tai Pla. Nicht Fischsauce, Pla Ra oder bloß rohe Fischinnereien.","NICHE_IMPORT","Katalogpfad fermentierte Würzzutat → fertige Sauce oder Würzpaste → Sauce, Würzmittel oder Paste. Warengruppe Sauce oder Würzpaste, formrelevanter Prüfhinweis aus der vollständigen Definition: »Nicht Fischsauce, Pla Ra oder bloß rohe Fischinnereien«. Der v2-Anker hält den Engpass fest: Sehr enge südthailändische Würze wenige oder uneindeutige Importwege andere Fischwürzen zählen nicht.","DIFFICULT","Tai Pla: Sehr enge südthailändische Würze; wenige oder uneindeutige Importwege andere Fischwürzen zählen nicht.","REQUIRED","Tai Pla | Form: Nicht Fischsauce, Pla Ra oder bloß rohe Fischinnereien | Deutschland EU Exakttreffer Bestand Logistik Sauce oder Würzpaste | freigegebener v2-Anker","REFERENCE_ANCHOR|EVIDENCE_REQUIRED|FORM_OR_ROUTE_FRAGILE"
"TAMARI","Tamari","APPLICABLE","Japanische Sojasauce mit hohem Soja- und meist geringem oder keinem Weizenanteil; kräftig und umamireich.","GENERAL_BROAD","Katalogpfad Sojasauce → fermentierte Würzzutat → fertige Sauce oder Würzpaste → Sauce, Würzmittel oder Paste. Warengruppe Sauce oder Würzpaste, formrelevanter Prüfhinweis aus der vollständigen Definition: »kräftig und umamireich«. Allgemein planbarer, aber nicht lokal garantierter Weg über eine geplante Fahrt zu einem großen Markt mit dem Sortiment »Saucen-, Würzpasten- und Feinkostregal«.","PLANNED","Tamari ist über eine geplante Fahrt zu einem großen Markt mit dem Sortiment »Saucen-, Würzpasten- und Feinkostregal« im allgemeinen deutschen Handel planbar, lokal aber kein verlässlicher Standardartikel.","OPTIONAL","Tamari | Form: kräftig und umamireich | Bornheim gezielter Einkauf Deutschland Saucen-, Würzpasten- und Feinkostregal",""
"TAMARIND","Tamarinde","APPLICABLE","Säuerliche Frucht, in Deutschland für die Küche meist als Paste, Block oder Konzentrat erhältlich.","SPECIALTY_BROAD","Katalogpfad Tropenfrucht → Obst. Warengruppe Obst, formrelevanter Prüfhinweis aus der vollständigen Definition: »Küche meist als Paste, Block oder Konzentrat erhältlich«. Breiter einschlägiger Spezialmarkt über die voneinander unabhängigen Händler Asiatischer Lebensmittelladen – tamarind pastes sowie Village Foods – TRS tamarind paste.","SPECIALTY","Tamarinde ist im einschlägigen Spezialmarkt breit etabliert; dokumentierte reguläre Wege sind die voneinander unabhängigen Händler Asiatischer Lebensmittelladen – tamarind pastes sowie Village Foods – TRS tamarind paste.","REQUIRED","Tamarinde | Form: Küche meist als Paste, Block oder Konzentrat erhältlich | Deutschland unabhängige Spezialhändler Obst | geprüfte Quellen: Asiatischer Lebensmittelladen – tamarind pastes ; Village Foods – TRS tamarind paste","EVIDENCE_REQUIRED"
"TAPENADE","Tapenade","APPLICABLE","Mediterrane Olivenpaste mit typischerweise Kapern und häufig Sardellen; konkrete Olivensorte und Würzung variieren.","GENERAL_BROAD","Katalogpfad Oliven → fertige Sauce oder Würzpaste → konservierte pflanzliche Zutat → Sauce, Würzmittel oder Paste. Warengruppe Sauce oder Würzpaste, formrelevanter Prüfhinweis aus der vollständigen Definition: »konkrete Olivensorte und Würzung variieren«. Allgemein planbarer, aber nicht lokal garantierter Weg über eine konkrete Vorbestellung oder Bestandsabfrage für Sauce oder Würzpaste.","PLANNED","Tapenade ist über eine konkrete Vorbestellung oder Bestandsabfrage für Sauce oder Würzpaste im allgemeinen deutschen Handel planbar, lokal aber kein verlässlicher Standardartikel.","OPTIONAL","Tapenade | Form: konkrete Olivensorte und Würzung variieren | Bornheim gezielter Einkauf Deutschland Saucen-, Würzpasten- und Feinkostregal",""
"TAPIOCA_STARCH","Tapiokastärke","APPLICABLE","Feine Stärke aus Maniok mit starker Bindung und elastischer Texturwirkung; nicht ganze Maniokwurzel.","SPECIALTY_BROAD","Katalogpfad Stärke oder Bindemittel → stärkehaltige Zutat oder Sättigungsbeilage. Warengruppe Getreide- oder Stärkeware, formrelevanter Prüfhinweis aus der vollständigen Definition: »nicht ganze Maniokwurzel«. Breiter einschlägiger Spezialmarkt über die voneinander unabhängigen Händler Asiafoodland – Asian food direct shop sowie Asiashoponline – Cock Brand tapioca starch 400 g.","SPECIALTY","Tapiokastärke ist im einschlägigen Spezialmarkt breit etabliert; dokumentierte reguläre Wege sind die voneinander unabhängigen Händler Asiafoodland – Asian food direct shop sowie Asiashoponline – Cock Brand tapioca starch 400 g.","REQUIRED","Tapiokastärke | Form: nicht ganze Maniokwurzel | Deutschland unabhängige Spezialhändler Getreide- oder Stärkeware | geprüfte Quellen: Asiafoodland – Asian food direct shop ; Asiashoponline – Cock Brand tapioca starch 400 g","RATING_RECONCILED_V2"
"TARO","Taro","APPLICABLE","Stärkereiche Taroknolle mit mild-nussigem Geschmack; nur geschält und vollständig gegart verwenden.","SPECIALTY_BROAD","Katalogpfad Wurzel- und Knollengemüse → stärkehaltige Zutat oder Sättigungsbeilage → Gemüse. Warengruppe Gemüse oder Pilz, formrelevanter Prüfhinweis aus der vollständigen Definition: »nur geschält und vollständig gegart verwenden«. Breiter einschlägiger Spezialmarkt über die voneinander unabhängigen Händler Afrofoodexpress – fresh taro/eddo 1 kg sowie Spice Mart – fresh arvi/taro 1 kg.","SPECIALTY","Taro ist im einschlägigen Spezialmarkt breit etabliert; dokumentierte reguläre Wege sind die voneinander unabhängigen Händler Afrofoodexpress – fresh taro/eddo 1 kg sowie Spice Mart – fresh arvi/taro 1 kg.","REQUIRED","Taro | Form: nur geschält und vollständig gegart verwenden | Deutschland unabhängige Spezialhändler Gemüse oder Pilz | geprüfte Quellen: Afrofoodexpress – fresh taro/eddo 1 kg ; Spice Mart – fresh arvi/taro 1 kg","EVIDENCE_REQUIRED"
"TARRAGON","Estragon","APPLICABLE","Estragonblätter mit anisartigem, leicht bitterem Aroma; frisch oder getrocknet verwendbar.","GENERAL_LOCAL","Katalogpfad Kräuter und Würzblätter. Warengruppe frisches Würzkraut, formrelevanter Prüfhinweis aus der vollständigen Definition: »frisch oder getrocknet verwendbar«. Regelweg in Bornheim über den lokalen Supermarktbereich »frische Kräuterabteilung« in Bornheim.","EASY","Estragon: gewöhnlicher lokaler Bezugsweg über den Bereich »frische Kräuterabteilung«.","OPTIONAL","Estragon | Form: frisch oder getrocknet verwendbar | Bornheim frische Kräuterabteilung gewöhnlicher Handel","RATING_RECONCILED_V2"
"TEA","Tee","APPLICABLE","Offene Vorgabe für Aufguss und Blattmaterial der Teepflanze; Oxidation, Röstung und Sorte bleiben wählbar.","GENERAL_LOCAL","Katalogpfad eigenständige Katalogwurzel. Warengruppe Tee, formrelevanter Prüfhinweis aus der vollständigen Definition: »Oxidation, Röstung und Sorte bleiben wählbar«. Regelweg in Bornheim über den lokalen Supermarktbereich »Tee- und Aufgussregal« in Bornheim.","EASY","Tee: gewöhnlicher lokaler Bezugsweg über den Bereich »Tee- und Aufgussregal«.","OPTIONAL","Tee | Form: Oxidation, Röstung und Sorte bleiben wählbar | Bornheim Tee- und Aufgussregal gewöhnlicher Handel",""
"TEMPEH","Tempeh","APPLICABLE","Fester fermentierter Kuchen aus ganzen Sojabohnen mit nussigem Aroma und gutem Biss; nicht Tofu oder texturiertes Sojaprotein.","GENERAL_BROAD","Katalogpfad pflanzliches Proteinprodukt → Sojazutat → Hülsenfrüchte. Warengruppe pflanzliches Proteinprodukt, formrelevanter Prüfhinweis aus der vollständigen Definition: »nicht Tofu oder texturiertes Sojaprotein«. Allgemein planbarer, aber nicht lokal garantierter Weg über eine konkrete Vorbestellung oder Bestandsabfrage für pflanzliches Proteinprodukt.","PLANNED","Tempeh ist über eine konkrete Vorbestellung oder Bestandsabfrage für pflanzliches Proteinprodukt im allgemeinen deutschen Handel planbar, lokal aber kein verlässlicher Standardartikel.","OPTIONAL","Tempeh | Form: nicht Tofu oder texturiertes Sojaprotein | Bornheim gezielter Einkauf Deutschland Kühlregal für Tofu und pflanzliche Proteinprodukte",""
"TERIYAKI_SAUCE","Teriyakisauce","APPLICABLE","Japanisch geprägte süß-salzige Glasur- und Würzsauce auf Sojasaucenbasis; Dicke und Süße variieren.","GENERAL_LOCAL","Katalogpfad fertige Sauce oder Würzpaste → Sauce, Würzmittel oder Paste. Warengruppe Sauce oder Würzpaste, formrelevanter Prüfhinweis aus der vollständigen Definition: »Dicke und Süße variieren«. Regelweg in Bornheim über die gewöhnliche Bornheimer Auslage »Saucen-, Würzpasten- und Feinkostregal«.","EASY","Teriyakisauce: gewöhnlicher lokaler Bezugsweg über den Bereich »Saucen-, Würzpasten- und Feinkostregal«.","OPTIONAL","Teriyakisauce | Form: Dicke und Süße variieren | Bornheim Saucen-, Würzpasten- und Feinkostregal gewöhnlicher Handel",""
"THAI_BASIL","Thai-Basilikum","APPLICABLE","Thai-Basilikum mit anis- beziehungsweise lakritzartigem Aroma und festerem Blatt; nicht gewöhnliches süßes Basilikum.","SPECIALTY_BROAD","Katalogpfad Basilikum → Kräuter und Würzblätter. Warengruppe frisches Würzkraut, formrelevanter Prüfhinweis aus der vollständigen Definition: »nicht gewöhnliches süßes Basilikum«. Breiter einschlägiger Spezialmarkt über den freigegebenen v2-Anker mit dem Kerngrund »das Bornheim-Profil kann große Asia-Frischmärkte in Köln/Düsseldorf gezielt nutzen«.","SPECIALTY","Thai-Basilikum: Georgia kann große Asia-Frischmärkte in Köln/Düsseldorf gezielt nutzen; für Tobias machen wenige Frischewege und Transport die Beschaffung nischig und fragil.","REQUIRED","Thai-Basilikum | Form: nicht gewöhnliches süßes Basilikum | Deutschland unabhängige Spezialhändler frisches Würzkraut | freigegebener v2-Anker","REFERENCE_ANCHOR|EVIDENCE_REQUIRED|PERSON_DIFFERENCE"
"THAI_EGGPLANT","Thai-Aubergine","APPLICABLE","Kleine runde Thai-Auberginen, meist grün-weiß und fest, die in Currys ihre Form behalten und leicht herb schmecken. Nicht mit Erbsenauberginen gleichsetzen.","SPECIALTY_BROAD","Katalogpfad Aubergine → Fruchtgemüse → Gemüse. Warengruppe Gemüse oder Pilz, formrelevanter Prüfhinweis aus der vollständigen Definition: »Nicht mit Erbsenauberginen gleichsetzen«. Breiter einschlägiger Spezialmarkt über den freigegebenen v2-Anker mit dem Kerngrund »In großen Asia-Frischmärkten regelmäßig plausibel«.","SPECIALTY","Thai-Aubergine: In großen Asia-Frischmärkten regelmäßig plausibel; für Tobias ist die frische exakte Form über enge und schwankende Wege zu beziehen.","REQUIRED","Thai-Aubergine | Form: Nicht mit Erbsenauberginen gleichsetzen | Deutschland unabhängige Spezialhändler Gemüse oder Pilz | freigegebener v2-Anker","REFERENCE_ANCHOR|EVIDENCE_REQUIRED|PERSON_DIFFERENCE"
"THAI_GREEN_CURRY_PASTE","grüne Thai-Currypaste","APPLICABLE","Grüne Thai-Currypaste mit frischen grünen Chilis, Kräutern und Aromaten; Markenrezepturen variieren.","GENERAL_BROAD","Asiafoodland führt eine konkrete grüne Lobo-Thai-Currypaste im 50-g-Beutel mit grünen Chilis, Zitronengras, Knoblauch, Schalotte und Galgant aktuell lagernd. Die haltbare Paste kommt per DHL nach Bornheim.","PLANNED","grüne Thai-Currypaste: Asiafoodland führt eine konkrete grüne Lobo-Thai-Currypaste im 50-g-Beutel mit grünen Chilis, Zitronengras, Knoblauch, Schalotte und Galgant aktuell lagernd. Die haltbare Paste kommt per DHL nach Bornheim.","OPTIONAL","Lobo grüne Thai Currypaste 50 g Chili Zitronengras Galgant Asiafoodland DHL Bornheim",""
"THAI_RED_CURRY_PASTE","rote Thai-Currypaste","APPLICABLE","Rote Thai-Currypaste auf Basis getrockneter roter Chilis, Aromaten und Gewürzen; Markenrezepturen variieren.","GENERAL_BROAD","Eine rote Lobo-Thai-Currypaste auf Basis roter Chilis mit Zitronengras, Knoblauch, Galgant und Schalotte ist bei Asiafoodland aktuell lagernd. Der 50-g-Beutel wird deutschlandweit per Standard-DHL verschickt.","PLANNED","rote Thai-Currypaste: Eine rote Lobo-Thai-Currypaste auf Basis roter Chilis mit Zitronengras, Knoblauch, Galgant und Schalotte ist bei Asiafoodland aktuell lagernd. Der 50-g-Beutel wird deutschlandweit per Standard-DHL verschickt.","OPTIONAL","Lobo rote Thai Currypaste 50 g rote Chili Zitronengras Galgant Asiafoodland Bornheim",""
"THAI_YELLOW_CURRY_PASTE","gelbe Thai-Currypaste","APPLICABLE","Gelbe Thai-Currypaste mit Kurkuma und warmen Gewürzen neben Chili und Aromaten; nicht Currypulver.","SPECIALTY_BROAD","Katalogpfad fertige Currypaste → fertige Sauce oder Würzpaste → Sauce, Würzmittel oder Paste. Warengruppe Sauce oder Würzpaste, formrelevanter Prüfhinweis aus der vollständigen Definition: »nicht Currypulver«. Breiter einschlägiger Spezialmarkt über die voneinander unabhängigen Händler Asiafoodland – Asian food direct shop sowie Asia Street Food – Thai curry paste range.","SPECIALTY","gelbe Thai-Currypaste ist im einschlägigen Spezialmarkt breit etabliert; dokumentierte reguläre Wege sind die voneinander unabhängigen Händler Asiafoodland – Asian food direct shop sowie Asia Street Food – Thai curry paste range.","REQUIRED","gelbe Thai-Currypaste | Form: nicht Currypulver | Deutschland unabhängige Spezialhändler Sauce oder Würzpaste | geprüfte Quellen: Asiafoodland – Asian food direct shop ; Asia Street Food – Thai curry paste range","RATING_RECONCILED_V2"
"THYME","Thymian","APPLICABLE","Thymianblätter mit kräftig herb-würzigem Aroma; frisch oder getrocknet verwendbar.","GENERAL_LOCAL","Katalogpfad Kräuter und Würzblätter. Warengruppe frisches Würzkraut, formrelevanter Prüfhinweis aus der vollständigen Definition: »frisch oder getrocknet verwendbar«. Regelweg in Bornheim über die gewöhnliche Bornheimer Auslage »frische Kräuterabteilung«.","EASY","Thymian: gewöhnlicher lokaler Bezugsweg über den Bereich »frische Kräuterabteilung«.","OPTIONAL","Thymian | Form: frisch oder getrocknet verwendbar | Bornheim frische Kräuterabteilung gewöhnlicher Handel",""
"TOFU","Tofu","APPLICABLE","Geronnener Sojabohnenquark; Festigkeit und Wassergehalt bleiben offen, fermentierte und geräucherte Formen sind getrennt.","GENERAL_LOCAL","Katalogpfad pflanzliches Proteinprodukt → Sojazutat → Hülsenfrüchte. Warengruppe pflanzliches Proteinprodukt, formrelevanter Prüfhinweis aus der vollständigen Definition: »Festigkeit und Wassergehalt bleiben offen, fermentierte und geräucherte Formen sind getrennt«. Regelweg in Bornheim über die gewöhnliche Bornheimer Auslage »Kühlregal für Tofu und pflanzliche Proteinprodukte«.","EASY","Tofu: gewöhnlicher lokaler Bezugsweg über den Bereich »Kühlregal für Tofu und pflanzliche Proteinprodukte«.","OPTIONAL","Tofu | Form: Festigkeit und Wassergehalt bleiben offen, fermentierte und geräucherte Formen sind getrennt | Bornheim Kühlregal für Tofu und pflanzliche Proteinprodukte gewöhnlicher Handel","RATING_RECONCILED_V2"
"TOMATILLO","Tomatillo","APPLICABLE","Grüne bis gelbliche Physalis-Verwandte mit papierartiger Hülle und frischer, deutlich säuerlicher Frucht; nicht grüne Tomate.","NICHE_IMPORT","Katalogpfad Fruchtgemüse → Gemüse. Warengruppe Gemüse oder Pilz, formrelevanter Prüfhinweis aus der vollständigen Definition: »nicht grüne Tomate«. Die formtreuen Seiten bei México Mágico – fresh tomatillo listing sind aktuell ausverkauft; Frischeversand und wenige Händler machen den Weg fragil.","DIFFICULT","Frische Tomatillos sind nur über einen derzeit ausverkauften mexikanischen Nischenweg belegt; grüne Tomaten zählen nicht als Ersatz.","REQUIRED","Tomatillo | Form: nicht grüne Tomate | Deutschland EU Exakttreffer Bestand Logistik Gemüse oder Pilz | geprüfte Quellen: México Mágico – fresh tomatillo listing","EVIDENCE_REQUIRED|FORM_OR_ROUTE_FRAGILE"
"TOMATO","Tomate","APPLICABLE","Frische Tomate als saftig-säuerliches Fruchtgemüse; Sorte, Farbe und Größe bleiben offen.","GENERAL_LOCAL","Katalogpfad Fruchtgemüse → Gemüse. Warengruppe Gemüse oder Pilz, formrelevanter Prüfhinweis aus der vollständigen Definition: »Sorte, Farbe und Größe bleiben offen«. Regelweg in Bornheim über das örtliche Sortiment »Obst- und Gemüseabteilung« beim Wocheneinkauf in Bornheim.","EASY","Tomate: gewöhnlicher lokaler Bezugsweg über den Bereich »Obst- und Gemüseabteilung«.","OPTIONAL","Tomate | Form: Sorte, Farbe und Größe bleiben offen | Bornheim Obst- und Gemüseabteilung gewöhnlicher Handel",""
"TOMATO_PASSATA","passierte Tomaten","APPLICABLE","Fein passierte, unkonzentrierte Tomaten ohne Schale und Kerne; nicht Tomatensauce oder Tomatenmark.","GENERAL_LOCAL","Katalogpfad Tomate → Tomatenprodukt → Fruchtgemüse → Gemüse. Warengruppe Sauce oder Würzpaste, formrelevanter Prüfhinweis aus der vollständigen Definition: »nicht Tomatensauce oder Tomatenmark«. Regelweg in Bornheim über das örtliche Sortiment »Saucen-, Würzpasten- und Feinkostregal« beim Wocheneinkauf in Bornheim.","EASY","passierte Tomaten: gewöhnlicher lokaler Bezugsweg über den Bereich »Saucen-, Würzpasten- und Feinkostregal«.","OPTIONAL","passierte Tomaten | Form: nicht Tomatensauce oder Tomatenmark | Bornheim Saucen-, Würzpasten- und Feinkostregal gewöhnlicher Handel",""
"TOMATO_PASTE","Tomatenmark","APPLICABLE","Stark konzentriertes Tomatenpüree mit dichtem Umami; einfach bis mehrfach konzentriert, nicht Ketchup.","GENERAL_LOCAL","Katalogpfad Tomatenprodukt. Warengruppe Sauce oder Würzpaste, formrelevanter Prüfhinweis aus der vollständigen Definition: »einfach bis mehrfach konzentriert, nicht Ketchup«. Regelweg in Bornheim über den Bereich »Saucen-, Würzpasten- und Feinkostregal« eines gewöhnlichen Bornheimer Vollsortimenters.","EASY","Tomatenmark: gewöhnlicher lokaler Bezugsweg über den Bereich »Saucen-, Würzpasten- und Feinkostregal«.","OPTIONAL","Tomatenmark | Form: einfach bis mehrfach konzentriert, nicht Ketchup | Bornheim Saucen-, Würzpasten- und Feinkostregal gewöhnlicher Handel",""
"TOMATO_PRODUCTS","Tomatenprodukt","APPLICABLE","Offene Vorgabe für verarbeitete Tomatenprodukte wie Konserve, Passata, Mark oder schlichte Sauce.","GENERAL_LOCAL","Katalogpfad eigenständige Katalogwurzel. Warengruppe verarbeitetes Tomatenprodukt, formrelevanter Prüfhinweis aus der vollständigen Definition: »Tomatenprodukte wie Konserve, Passata, Mark oder schlichte Sauce«. Regelweg in Bornheim über den lokalen Supermarktbereich »Konserven-, Passata-, Mark- oder Saucenregal« in Bornheim.","EASY","Tomatenprodukt: gewöhnlicher lokaler Bezugsweg über den Bereich »Konserven-, Passata-, Mark- oder Saucenregal«.","OPTIONAL","Tomatenprodukt | Form: Tomatenprodukte wie Konserve, Passata, Mark oder schlichte Sauce | Bornheim Konserven-, Passata-, Mark- oder Saucenregal gewöhnlicher Handel",""
"TOMATO_SAUCE","einfache Tomatensauce","APPLICABLE","Schlichte fertige Tomatensauce ohne Bindung an eine konkrete Gewürzrichtung.","GENERAL_LOCAL","Katalogpfad fertige Sauce oder Würzpaste → Tomatenprodukt → Sauce, Würzmittel oder Paste. Warengruppe Sauce oder Würzpaste, formrelevanter Prüfhinweis aus der vollständigen Definition: »fertige Tomatensauce ohne Bindung an eine konkrete Gewürzrichtung«. Regelweg in Bornheim über das örtliche Sortiment »Saucen-, Würzpasten- und Feinkostregal« beim Wocheneinkauf in Bornheim.","EASY","einfache Tomatensauce: gewöhnlicher lokaler Bezugsweg über den Bereich »Saucen-, Würzpasten- und Feinkostregal«.","OPTIONAL","einfache Tomatensauce | Form: fertige Tomatensauce ohne Bindung an eine konkrete Gewürzrichtung | Bornheim Saucen-, Würzpasten- und Feinkostregal gewöhnlicher Handel",""
"TORTILLA","Tortilla","APPLICABLE","Dünnes ungesäuertes Fladenbrot aus nixtamalisiertem Mais oder Weizen; nicht spanische Eier-Kartoffel-Tortilla.","GENERAL_LOCAL","Katalogpfad Brot oder Fladenbrot → Backware → stärkehaltige Zutat oder Sättigungsbeilage. Warengruppe Getreide- oder Stärkeware, formrelevanter Prüfhinweis aus der vollständigen Definition: »nicht spanische Eier-Kartoffel-Tortilla«. Regelweg in Bornheim über die gewöhnliche Bornheimer Auslage »Reis-, Mehl-, Nudel- oder Trockenwarenregal«.","EASY","Tortilla: gewöhnlicher lokaler Bezugsweg über den Bereich »Reis-, Mehl-, Nudel- oder Trockenwarenregal«.","OPTIONAL","Tortilla | Form: nicht spanische Eier-Kartoffel-Tortilla | Bornheim Reis-, Mehl-, Nudel- oder Trockenwarenregal gewöhnlicher Handel",""
"TRIPE","Kutteln","APPLICABLE","Gereinigte essbare Vormägen, meist vom Rind, mit fester wabenartiger Textur; ausreichend vorgaren.","GENERAL_BROAD","Katalogpfad Rindfleisch → Innereien → Fleisch. Warengruppe Fleisch, formrelevanter Prüfhinweis aus der vollständigen Definition: »ausreichend vorgaren«. Allgemein planbarer, aber nicht lokal garantierter Weg über eine gezielte Bestellung oder Sortimentsprüfung bei MeinMetzger – beef tripe.","PLANNED","Kutteln ist über eine gezielte Bestellung oder Sortimentsprüfung bei MeinMetzger – beef tripe im allgemeinen deutschen Handel planbar, lokal aber kein verlässlicher Standardartikel.","REQUIRED","Kutteln | Form: ausreichend vorgaren | Bornheim gezielter Einkauf Deutschland Fleischkühlung oder Bedientheke | geprüfte Quellen: MeinMetzger – beef tripe","EVIDENCE_REQUIRED|RATING_RECONCILED_V2"
"TROPICAL_FRUIT","Tropenfrucht","APPLICABLE","Offene Vorgabe für kulinarisch als tropisch verstandenes Obst; Art, Reife und Säure-Süße-Profil bleiben wählbar.","GENERAL_LOCAL","Katalogpfad Obst. Warengruppe Obst, formrelevanter Prüfhinweis aus der vollständigen Definition: »Art, Reife und Säure-Süße-Profil bleiben wählbar«. Regelweg in Bornheim über den lokalen Supermarktbereich »Obst- und Gemüseabteilung« in Bornheim.","EASY","Tropenfrucht: gewöhnlicher lokaler Bezugsweg über den Bereich »Obst- und Gemüseabteilung«.","OPTIONAL","Tropenfrucht | Form: Art, Reife und Säure-Süße-Profil bleiben wählbar | Bornheim Obst- und Gemüseabteilung gewöhnlicher Handel",""
"TROUT","Forelle","APPLICABLE","Forelle als fettreicher Süßwasserfisch mit zartem Fleisch; frisch oder tiefgekühlt, nicht geräuchert.","GENERAL_BROAD","Deutsche See – frische ganze Forelle belegt formgenau: Deutsche See führt eine ganze frische Regenbogenforelle, ausgenommen und ausdrücklich nicht geräuchert, als verfügbaren Artikel. Für Georgia in Bornheim gilt: Deutschlandweiter gekühlter Wunschterminversand nach Bornheim und Rostock; Logistik FRESH_SHIPPING. Die Forelle sollte am Liefer- oder Folgetag verbraucht werden; Kühlversand, Wunschtermin und Mindestbestellwert sind einzuplanen.","PLANNED","Forelle: Deutsche See führt eine ganze frische Regenbogenforelle, ausgenommen und ausdrücklich nicht geräuchert, als verfügbaren Artikel.","REQUIRED","Deutsche See frische Forelle ganz ausgenommen verfügbar ungeräuchert | Georgia in Bornheim | IN_STOCK FRESH_SHIPPING","EVIDENCE_REQUIRED|BORDERLINE_PLANNED|RATING_RECONCILED_V2"
"TROUT_ROE","Forellenrogen","APPLICABLE","Forellenrogen mit kleinen orangefarbenen, salzig platzenden Eiern; meist leicht gesalzen erhältlich.","GENERAL_BROAD","Deutsche See – Forellen Kaviar belegt: Deutsche See führt Forellenrogen aktuell verfügbar als leuchtend orangefarbenes, vier bis fünf Millimeter großes, pasteurisiertes und gesalzenes Korn. Der Bezug erfolgt über Deutschland und Österreich; gekühlte GO!-Express-Lieferung zum Wunschtermin; maßgeblich ist CHILLED_SHIPPING. Der Weg gilt für gekühlten pasteurisierten Forellenkaviar; Salzgrad und Lieferfenster sind produktgebunden.","PLANNED","Forellenrogen: Deutsche See führt Forellenrogen aktuell verfügbar als leuchtend orangefarbenes, vier bis fünf Millimeter großes, pasteurisiertes und gesalzenes Korn.","REQUIRED","Forellen Kaviar Forellenrogen orange gesalzen pasteurisiert Deutsche See verfügbar | Georgia Bornheim Rheinland | Deutsche See – Forellen Kaviar | IN_STOCK CHILLED_SHIPPING","EVIDENCE_REQUIRED|BORDERLINE_PLANNED"
"TRUFFLE","Trüffel","APPLICABLE","Essbare Trüffel mit intensiv erdigem Aroma; frisch oder als hochwertiges Produkt mit erkennbarem Trüffelanteil verwendbar.","GENERAL_BROAD","EDEKA24 – Lacroix Trüffel-Carpaccio 30 g belegt formgenau: EDEKA24 führt haltbares Carpaccio mit 70 Prozent sichtbaren Sommertrüffelscheiben als bestellbaren Artikel. Für Georgia in Bornheim gilt: Deutschlandweiter DHL-Standardversand nach Bornheim und Rostock; 2–5 Werktage; Logistik STANDARD_SHIPPING. Die Bewertung stützt sich auf die zulässige konservierte Scheibenform, nicht auf frischen Trüffel oder bloß aromatisiertes Öl; der Preis ändert die Stufe nicht.","PLANNED","Trüffel: EDEKA24 führt haltbares Carpaccio mit 70 Prozent sichtbaren Sommertrüffelscheiben als bestellbaren Artikel.","REQUIRED","EDEKA24 Lacroix Trüffel Carpaccio Sommertrüffel Scheiben 30 g verfügbar | Georgia in Bornheim | IN_STOCK STANDARD_SHIPPING","EVIDENCE_REQUIRED|BORDERLINE_PLANNED"
"TUNA","Thunfisch","APPLICABLE","Gemeint ist Thunfisch als eigenständige Kochzutat, nicht zwingend Dosenware.","GENERAL_BROAD","Deutsche See – Yellowfin-Thunfisch-Steak TK belegt: Das verfügbare Produkt ist ein naturbelassenes Yellowfin-Thunfisch-Steak ohne Haut, portioniert, glasiert und tiefgefroren; es belegt Kochware außerhalb der Dose. Der Bezug erfolgt über Deutschland und Österreich; tiefgekühlte GO!-Express-Lieferung zum Wunschtermin; maßgeblich ist FROZEN_SHIPPING. Nachgewiesen ist eine gefrorene Steakportion, nicht jede frische Thunfischform; Tiefkühlzustellung und Auftauen sind einzuplanen.","PLANNED","Thunfisch: Das verfügbare Produkt ist ein naturbelassenes Yellowfin-Thunfisch-Steak ohne Haut, portioniert, glasiert und tiefgefroren; es belegt Kochware außerhalb der Dose.","REQUIRED","Yellowfin Thunfisch Steak Thunnus albacares natur tiefgekühlt Deutsche See verfügbar | Georgia Bornheim Rheinland | Deutsche See – Yellowfin-Thunfisch-Steak TK | IN_STOCK FROZEN_SHIPPING","EVIDENCE_REQUIRED|BORDERLINE_PLANNED"
"TURKEY","Pute","APPLICABLE","Putenfleisch ohne Festlegung auf Brust, Keule oder Hack; Zuschnitt und Fettanteil bleiben offen.","GENERAL_LOCAL","Katalogpfad Geflügel → Fleisch. Warengruppe Fleisch, formrelevanter Prüfhinweis aus der vollständigen Definition: »Zuschnitt und Fettanteil bleiben offen«. Regelweg in Bornheim über ortsübliche Vollsortimenter rund um Bornheim, konkret im Bereich »Fleischkühlung oder Bedientheke«.","EASY","Pute: gewöhnlicher lokaler Bezugsweg über den Bereich »Fleischkühlung oder Bedientheke«.","OPTIONAL","Pute | Form: Zuschnitt und Fettanteil bleiben offen | Bornheim Fleischkühlung oder Bedientheke gewöhnlicher Handel",""
"TURKEY_BREAST","Putenbrust","APPLICABLE","Mageres helles Brustfleisch der Pute; als Filet, Schnitzel oder größeres Stück verwendbar.","GENERAL_LOCAL","Katalogpfad Pute → Geflügel → Fleisch. Warengruppe Fleisch, formrelevanter Prüfhinweis aus der vollständigen Definition: »als Filet, Schnitzel oder größeres Stück verwendbar«. Regelweg in Bornheim über den lokalen Supermarktbereich »Fleischkühlung oder Bedientheke« in Bornheim.","EASY","Putenbrust: gewöhnlicher lokaler Bezugsweg über den Bereich »Fleischkühlung oder Bedientheke«.","OPTIONAL","Putenbrust | Form: als Filet, Schnitzel oder größeres Stück verwendbar | Bornheim Fleischkühlung oder Bedientheke gewöhnlicher Handel",""
"TURKEY_MINCE","Putenhack","APPLICABLE","Zerkleinertes Putenfleisch mit geringem bis mittlerem Fettanteil; nicht gemischtes Geflügelhack.","GENERAL_BROAD","Katalogpfad Hackfleisch → Pute → Fleisch → Geflügel. Warengruppe Fleisch, formrelevanter Prüfhinweis aus der vollständigen Definition: »nicht gemischtes Geflügelhack«. Allgemein planbarer, aber nicht lokal garantierter Weg über eine gezielte Bestellung oder Sortimentsprüfung bei MeinMetzger – reines Putenhackfleisch.","PLANNED","Putenhack ist über eine gezielte Bestellung oder Sortimentsprüfung bei MeinMetzger – reines Putenhackfleisch im allgemeinen deutschen Handel planbar, lokal aber kein verlässlicher Standardartikel.","REQUIRED","Putenhack | Form: nicht gemischtes Geflügelhack | Bornheim gezielter Einkauf Deutschland Fleischkühlung oder Bedientheke | geprüfte Quellen: MeinMetzger – reines Putenhackfleisch","EVIDENCE_REQUIRED|BORDERLINE_PLANNED"
"TURMERIC","Kurkuma","APPLICABLE","Getrocknetes gemahlenes Kurkuma mit erdig-warmem Aroma und starker gelber Färbung; nicht frisches Rhizom.","GENERAL_LOCAL","Katalogpfad Gewürz oder trockenes Würzmittel. Warengruppe Gewürz, formrelevanter Prüfhinweis aus der vollständigen Definition: »nicht frisches Rhizom«. Regelweg in Bornheim über das örtliche Sortiment »Gewürz- und Trockenwürzregal« beim Wocheneinkauf in Bornheim.","EASY","Kurkuma: gewöhnlicher lokaler Bezugsweg über den Bereich »Gewürz- und Trockenwürzregal«.","OPTIONAL","Kurkuma | Form: nicht frisches Rhizom | Bornheim Gewürz- und Trockenwürzregal gewöhnlicher Handel",""
"TURNIP","Speiserübe","APPLICABLE","Speiserübe mit weißem bis gelblichem, mild scharfem Wurzelfleisch; nicht Steckrübe.","GENERAL_BROAD","Speiserübe: REWE nennt Markt und Supermarkt als allgemeinen Weg für Mairüben vor allem im Mai und Juni; EDEKA bestätigt den Einkauf im Sommerhalbjahr bis in den Herbst. Profilbezug Georgia: Bornheim beziehungsweise der planbare allgemeine deutsche Bezug; Köln oder Düsseldorf werden nicht als lokaler EASY-Weg gewertet.","PLANNED","Speiserübe: REWE nennt Markt und Supermarkt als allgemeinen Weg für Mairüben vor allem im Mai und Juni; EDEKA bestätigt den Einkauf im Sommerhalbjahr bis in den Herbst.","REQUIRED","Speiserübe Mairübe Navette frisch REWE EDEKA Saison Mai Juni Sommerhalbjahr Herbst nicht Steckrübe; Georgia Bornheim konkrete Produktseite Bestand Logistik 2026-09-04","EVIDENCE_REQUIRED|BORDERLINE_PLANNED"
"TURRON","Turrón","APPLICABLE","Spanische Turrón-Süßwarenfamilie; umfasst insbesondere klassische harte und weiche nussbasierte Varianten wie Alicante und Jijona sowie etablierte weitere Ausprägungen. Nicht generisch jedes Nougat.","GENERAL_BROAD","Turrón: Mitte Meer führt El Lobo Turrón de Alicante als harte klassische Variante mit 60 Prozent ganzen Marcona-Mandeln bestellbar; DHL-Lieferung auf das deutsche Festland in 3–4 Werktagen bildet Georgias geplanten Bornheimer Weg.","PLANNED","Turrón: Mitte Meer führt El Lobo Turrón de Alicante als harte klassische Variante mit 60 Prozent ganzen Marcona-Mandeln bestellbar; DHL-Lieferung auf das deutsche Festland in 3–4 Werktagen bildet Georgias geplanten Bornheimer Weg.","REQUIRED","El Lobo Turrón de Alicante hart Marcona Mandeln Honig bestellbar | Georgia Bornheim Mitte Meer DHL 3–4 Werktage | echter Turrón kein generisches Nougat","EVIDENCE_REQUIRED|BORDERLINE_PLANNED"
"TVP","Sojagranulat","APPLICABLE","Texturiertes Sojaprotein, häufig als Granulat oder Schnetzel verkauft.","GENERAL_BROAD","Katalogpfad pflanzliches Proteinprodukt → Sojazutat → Hülsenfrüchte. Warengruppe pflanzliches Proteinprodukt, formrelevanter Prüfhinweis aus der vollständigen Definition: »Sojaprotein, häufig als Granulat oder Schnetzel verkauft«. Allgemein planbarer, aber nicht lokal garantierter Weg über eine geplante Fahrt zu einem großen Markt mit dem Sortiment »Kühlregal für Tofu und pflanzliche Proteinprodukte«.","PLANNED","Sojagranulat ist über eine geplante Fahrt zu einem großen Markt mit dem Sortiment »Kühlregal für Tofu und pflanzliche Proteinprodukte« im allgemeinen deutschen Handel planbar, lokal aber kein verlässlicher Standardartikel.","OPTIONAL","Sojagranulat | Form: Sojaprotein, häufig als Granulat oder Schnetzel verkauft | Bornheim gezielter Einkauf Deutschland Kühlregal für Tofu und pflanzliche Proteinprodukte",""
"TWAROG","Twaróg","APPLICABLE","Polnischer frischer Sauermilch- oder Bruchkäse mit krümeligem bis cremigem Gefüge; Quark ist als Ersatz ähnlich, aber nicht identisch. Nicht mit körnigem Hüttenkäse gleichsetzen.","SPECIALTY_BROAD","Katalogpfad Quark → gesäuertes Milchprodukt → Milchprodukte. Warengruppe Milchprodukt, formrelevanter Prüfhinweis aus der vollständigen Definition: »Nicht mit körnigem Hüttenkäse gleichsetzen«. Breiter einschlägiger Spezialmarkt über den freigegebenen v2-Anker mit dem Kerngrund »die regional höhere Wahrscheinlichkeit allein begründet kein PLANNED«. Für Georgias Bornheim-Profil bildet der breite osteuropäische Spezialmarkt im Rheinland den tragenden Bezugsweg.","SPECIALTY","Twaróg: Für Tobias ist kein konkret regelmäßig bestückter osteuropäischer Fachmarktweg bekannt; die regional höhere Wahrscheinlichkeit allein begründet kein PLANNED.","REQUIRED","Twaróg | Form: Nicht mit körnigem Hüttenkäse gleichsetzen | Deutschland unabhängige Spezialhändler Milchprodukt | freigegebener v2-Anker","REFERENCE_ANCHOR|EVIDENCE_REQUIRED"
"UBE","Ube","APPLICABLE","Violette Yamswurzel mit mild-süßlichem, nussigem Aroma; frisch, tiefgekühlt oder als ungesüßtes Püree, nicht violette Süßkartoffel.","NICHE_IMPORT","Katalogpfad Yamswurzel → Wurzel- und Knollengemüse → stärkehaltige Zutat oder Sättigungsbeilage → Gemüse. Warengruppe Gemüse oder Pilz, formrelevanter Prüfhinweis aus der vollständigen Definition: »frisch, tiefgekühlt oder als ungesüßtes Püree, nicht violette Süßkartoffel«. Der v2-Anker hält den Engpass fest: Die zulässigen Formen frisch, TK oder ungesüßtes reines Püree sind deutlich seltener als Pulver, Aroma und gesüßte Aufstriche enger philippinischer Import- und Kühlmarkt.","DIFFICULT","Frische oder tiefgekühlte Ube sowie ungesüßtes reines Püree bleiben auf wenige philippinische Importwege mit fragilen Beständen und Kühlbedingungen beschränkt.","REQUIRED","Ube | Form: frisch, tiefgekühlt oder als ungesüßtes Püree, nicht violette Süßkartoffel | Deutschland EU Exakttreffer Bestand Logistik Gemüse oder Pilz | freigegebener v2-Anker","REFERENCE_ANCHOR|EVIDENCE_REQUIRED|FORM_OR_ROUTE_FRAGILE"
"UDON","Udon","APPLICABLE","Dicke japanische Weizennudeln mit weichem, elastischem Biss; frisch, gefroren oder getrocknet verwendbar.","GENERAL_BROAD","Katalogpfad Nudeln → stärkehaltige Zutat oder Sättigungsbeilage. Warengruppe Getreide- oder Stärkeware, formrelevanter Prüfhinweis aus der vollständigen Definition: »frisch, gefroren oder getrocknet verwendbar«. Der regionale Ausgangspunkt bleibt Bornheim; der Bezug läuft über „Reis-, Mehl-, Nudel- oder Trockenwarenregal über eine deutsche Versandroute mit geprüftem Artikel“.","PLANNED","Udon: Der regionale Ausgangspunkt bleibt Bornheim; der Bezug läuft über „Reis-, Mehl-, Nudel- oder Trockenwarenregal über eine deutsche Versandroute mit geprüftem Artikel“.","OPTIONAL","Udon | Form: frisch, gefroren oder getrocknet verwendbar | Bornheim gezielter Einkauf Deutschland Reis-, Mehl-, Nudel- oder Trockenwarenregal",""
"VANILLA","Vanille","APPLICABLE","Echte Vanille als Schote, Mark oder reiner Extrakt mit floral-süßem Aroma; nicht Vanillinzucker.","GENERAL_LOCAL","Katalogpfad Gewürz oder trockenes Würzmittel. Warengruppe Gewürz, formrelevanter Prüfhinweis aus der vollständigen Definition: »nicht Vanillinzucker«. Regelweg in Bornheim über die gewöhnliche Bornheimer Auslage »Gewürz- und Trockenwürzregal«.","EASY","Vanille: gewöhnlicher lokaler Bezugsweg über den Bereich »Gewürz- und Trockenwürzregal«.","OPTIONAL","Vanille | Form: nicht Vanillinzucker | Bornheim Gewürz- und Trockenwürzregal gewöhnlicher Handel",""
"VEAL","Kalbfleisch","APPLICABLE","Offene Vorgabe für Kalbfleisch; Zuschnitt, Fettanteil und Garmethode bleiben bewusst wählbar.","GENERAL_BROAD","Katalogpfad Fleisch. Warengruppe Fleisch, formrelevanter Prüfhinweis aus der vollständigen Definition: »Zuschnitt, Fettanteil und Garmethode bleiben bewusst wählbar«. Allgemein planbarer, aber nicht lokal garantierter Weg über eine gezielte Bestellung oder Sortimentsprüfung bei MeinMetzger – Kalbfleisch.","PLANNED","Kalbfleisch ist über eine gezielte Bestellung oder Sortimentsprüfung bei MeinMetzger – Kalbfleisch im allgemeinen deutschen Handel planbar, lokal aber kein verlässlicher Standardartikel.","REQUIRED","Kalbfleisch | Form: Zuschnitt, Fettanteil und Garmethode bleiben bewusst wählbar | Bornheim gezielter Einkauf Deutschland Fleischkühlung oder Bedientheke | geprüfte Quellen: MeinMetzger – Kalbfleisch","EVIDENCE_REQUIRED|BORDERLINE_PLANNED"
"VEAL_CHEEK","Kalbsbäckchen","APPLICABLE","Kleines, stark beanspruchtes Muskelstück aus der Backe mit viel Kollagen und feiner Faser. Es benötigt langes Schmoren, wird dann sehr zart und ergibt eine kräftige, gelatinebetonte Sauce.","GENERAL_BROAD","Katalogpfad Kalbfleisch → Fleisch. Warengruppe Fleisch, formrelevanter Prüfhinweis aus der vollständigen Definition: »Es benötigt langes Schmoren, wird dann sehr zart und ergibt eine kräftige, gelatinebetonte Sauce«. Allgemein planbarer, aber nicht lokal garantierter Weg über eine gezielte Bestellung oder Sortimentsprüfung bei MeinMetzger – Kalbsbäckchen vom Gourmetkalb.","PLANNED","Kalbsbäckchen ist über eine gezielte Bestellung oder Sortimentsprüfung bei MeinMetzger – Kalbsbäckchen vom Gourmetkalb im allgemeinen deutschen Handel planbar, lokal aber kein verlässlicher Standardartikel.","REQUIRED","Kalbsbäckchen | Form: Es benötigt langes Schmoren, wird dann sehr zart und ergibt eine kräftige, gelatinebetonte Sauce | Bornheim gezielter Einkauf Deutschland Fleischkühlung oder Bedientheke | geprüfte Quellen: MeinMetzger – Kalbsbäckchen vom Gourmetkalb","EVIDENCE_REQUIRED|BORDERLINE_PLANNED"
"VEAL_CHOP","Kalbskotelett","APPLICABLE","Knochenhaltige Scheibe aus dem Kalbsrücken beziehungsweise Karree mit magerem Fleischauge und meist etwas Randfett. Sie wird kurz gebraten oder gegrillt; der Knochen grenzt sie vom ausgelösten Kalbssteak ab.","GENERAL_BROAD","Katalogpfad Kalbfleisch → Fleisch. Warengruppe Fleisch, formrelevanter Prüfhinweis aus der vollständigen Definition: »der Knochen grenzt sie vom ausgelösten Kalbssteak ab«. Allgemein planbarer, aber nicht lokal garantierter Weg über eine gezielte Bestellung oder Sortimentsprüfung bei MeinMetzger – Kalbskotelett Dry Aged.","PLANNED","Kalbskotelett ist über eine gezielte Bestellung oder Sortimentsprüfung bei MeinMetzger – Kalbskotelett Dry Aged im allgemeinen deutschen Handel planbar, lokal aber kein verlässlicher Standardartikel.","REQUIRED","Kalbskotelett | Form: der Knochen grenzt sie vom ausgelösten Kalbssteak ab | Bornheim gezielter Einkauf Deutschland Fleischkühlung oder Bedientheke | geprüfte Quellen: MeinMetzger – Kalbskotelett Dry Aged","EVIDENCE_REQUIRED|BORDERLINE_PLANNED"
"VEAL_CUTLET","Kalbsschnitzel","APPLICABLE","Dünne Kalbfleischscheibe für Schnitzel; paniert oder unpaniert, gemeint ist der Zuschnitt.","GENERAL_BROAD","Katalogpfad Kalbfleisch → Fleisch. Warengruppe Fleisch, formrelevanter Prüfhinweis aus der vollständigen Definition: »paniert oder unpaniert, gemeint ist der Zuschnitt«. Allgemein planbarer, aber nicht lokal garantierter Weg über eine gezielte Bestellung oder Sortimentsprüfung bei MeinMetzger – Kalbsschnitzel vom Gourmetkalb.","PLANNED","Kalbsschnitzel ist über eine gezielte Bestellung oder Sortimentsprüfung bei MeinMetzger – Kalbsschnitzel vom Gourmetkalb im allgemeinen deutschen Handel planbar, lokal aber kein verlässlicher Standardartikel.","REQUIRED","Kalbsschnitzel | Form: paniert oder unpaniert, gemeint ist der Zuschnitt | Bornheim gezielter Einkauf Deutschland Fleischkühlung oder Bedientheke | geprüfte Quellen: MeinMetzger – Kalbsschnitzel vom Gourmetkalb","EVIDENCE_REQUIRED|BORDERLINE_PLANNED"
"VEAL_GOULASH","Kalbsgulasch","APPLICABLE","Rohe Würfel oder grobe Stücke vom Kalb für Ragouts und andere langsam gegarte Gerichte; nicht das fertig gewürzte Gericht. Bindegewebsreichere Zuschnitte werden durch Schmoren zart und geben der Sauce Körper.","GENERAL_BROAD","Katalogpfad Kalbfleisch → Fleisch. Warengruppe Fleisch, formrelevanter Prüfhinweis aus der vollständigen Definition: »Bindegewebsreichere Zuschnitte werden durch Schmoren zart und geben der Sauce Körper«. Allgemein planbarer, aber nicht lokal garantierter Weg über eine gezielte Bestellung oder Sortimentsprüfung bei MeinMetzger – Kalbsgulasch vom Gourmetkalb.","PLANNED","Kalbsgulasch ist über eine gezielte Bestellung oder Sortimentsprüfung bei MeinMetzger – Kalbsgulasch vom Gourmetkalb im allgemeinen deutschen Handel planbar, lokal aber kein verlässlicher Standardartikel.","REQUIRED","Kalbsgulasch | Form: Bindegewebsreichere Zuschnitte werden durch Schmoren zart und geben der Sauce Körper | Bornheim gezielter Einkauf Deutschland Fleischkühlung oder Bedientheke | geprüfte Quellen: MeinMetzger – Kalbsgulasch vom Gourmetkalb","EVIDENCE_REQUIRED|BORDERLINE_PLANNED"
"VEAL_LIVER","Kalbsleber","APPLICABLE","Zarte Kalbsleber mit milderem Geschmack als Rinderleber; kurze Garung bewahrt die weiche Textur.","GENERAL_BROAD","Katalogpfad Innereien → Kalbfleisch → Fleisch. Warengruppe Fleisch, formrelevanter Prüfhinweis aus der vollständigen Definition: »kurze Garung bewahrt die weiche Textur«. Allgemein planbarer, aber nicht lokal garantierter Weg über eine gezielte Bestellung oder Sortimentsprüfung bei MeinMetzger – Kalbsleber in Scheiben.","PLANNED","Kalbsleber ist über eine gezielte Bestellung oder Sortimentsprüfung bei MeinMetzger – Kalbsleber in Scheiben im allgemeinen deutschen Handel planbar, lokal aber kein verlässlicher Standardartikel.","REQUIRED","Kalbsleber | Form: kurze Garung bewahrt die weiche Textur | Bornheim gezielter Einkauf Deutschland Fleischkühlung oder Bedientheke | geprüfte Quellen: MeinMetzger – Kalbsleber in Scheiben","EVIDENCE_REQUIRED|BORDERLINE_PLANNED"
"VEAL_MINCE","Kalbshackfleisch","APPLICABLE","Gewolftes Kalbfleisch mit mildem Geschmack und meist geringerem Fettanteil als gemischtes Hack. Es eignet sich etwa für Füllungen, Klöße, Frikadellen oder Saucen, verlangt wegen seiner mageren Struktur aber vorsichtige Garung.","GENERAL_BROAD","Katalogpfad Hackfleisch → Kalbfleisch → Fleisch. Warengruppe Fleisch, formrelevanter Prüfhinweis aus der vollständigen Definition: »Es eignet sich etwa für Füllungen, Klöße, Frikadellen oder Saucen, verlangt wegen seiner mageren Struktur aber vorsichtige«. Allgemein planbarer, aber nicht lokal garantierter Weg über eine gezielte Bestellung oder Sortimentsprüfung bei MeinMetzger – reines Kalbshackfleisch.","PLANNED","Kalbshackfleisch ist über eine gezielte Bestellung oder Sortimentsprüfung bei MeinMetzger – reines Kalbshackfleisch im allgemeinen deutschen Handel planbar, lokal aber kein verlässlicher Standardartikel.","REQUIRED","Kalbshackfleisch | Form: Es eignet sich etwa für Füllungen, Klöße, Frikadellen oder Saucen, verlangt wegen seiner mageren Struktur aber vorsichtige | Bornheim gezielter Einkauf Deutschland Fleischkühlung oder Bedientheke | geprüfte Quellen: MeinMetzger – reines Kalbshackfleisch","EVIDENCE_REQUIRED|BORDERLINE_PLANNED"
"VEAL_ROAST","Kalbsbraten","APPLICABLE","Größeres zusammenhängendes Stück Kalbfleisch zum Braten oder Schmoren; der anatomische Zuschnitt bleibt bewusst offen. Garmethode und Garzeit richten sich nach Fett- und Bindegewebsanteil des gewählten Stücks.","GENERAL_BROAD","Katalogpfad Kalbfleisch → Fleisch. Warengruppe Fleisch, formrelevanter Prüfhinweis aus der vollständigen Definition: »Garmethode und Garzeit richten sich nach Fett- und Bindegewebsanteil des gewählten Stücks«. Allgemein planbarer, aber nicht lokal garantierter Weg über eine gezielte Bestellung oder Sortimentsprüfung bei MeinMetzger – Kalbsbraten mager von der Schulter.","PLANNED","Kalbsbraten ist über eine gezielte Bestellung oder Sortimentsprüfung bei MeinMetzger – Kalbsbraten mager von der Schulter im allgemeinen deutschen Handel planbar, lokal aber kein verlässlicher Standardartikel.","REQUIRED","Kalbsbraten | Form: Garmethode und Garzeit richten sich nach Fett- und Bindegewebsanteil des gewählten Stücks | Bornheim gezielter Einkauf Deutschland Fleischkühlung oder Bedientheke | geprüfte Quellen: MeinMetzger – Kalbsbraten mager von der Schulter","EVIDENCE_REQUIRED|BORDERLINE_PLANNED"
"VEAL_SHANK","Kalbshaxe","APPLICABLE","Quergeschnittene oder ganze Kalbshaxe mit Knochen und Kollagen; für langsames Schmoren wie bei Ossobuco geeignet.","GENERAL_BROAD","Katalogpfad Kalbfleisch → Fleisch. Warengruppe Fleisch, formrelevanter Prüfhinweis aus der vollständigen Definition: »für langsames Schmoren wie bei Ossobuco geeignet«. Allgemein planbarer, aber nicht lokal garantierter Weg über eine gezielte Bestellung oder Sortimentsprüfung bei MeinMetzger – Kalbshaxe Osso-Buco.","PLANNED","Kalbshaxe ist über eine gezielte Bestellung oder Sortimentsprüfung bei MeinMetzger – Kalbshaxe Osso-Buco im allgemeinen deutschen Handel planbar, lokal aber kein verlässlicher Standardartikel.","REQUIRED","Kalbshaxe | Form: für langsames Schmoren wie bei Ossobuco geeignet | Bornheim gezielter Einkauf Deutschland Fleischkühlung oder Bedientheke | geprüfte Quellen: MeinMetzger – Kalbshaxe Osso-Buco","EVIDENCE_REQUIRED|BORDERLINE_PLANNED"
"VEAL_STEAK","Kalbssteak","APPLICABLE","Dicke, ausgelöste Scheibe aus einem zarten Kalbsteilstück, etwa Rücken oder Hüfte; nicht das dünne Kalbsschnitzel. Sie eignet sich zum kurzen Braten oder Grillen und sollte wegen ihrer mageren, feinen Struktur nicht übergart werden.","GENERAL_BROAD","Katalogpfad Kalbfleisch → Fleisch. Warengruppe Fleisch, formrelevanter Prüfhinweis aus der vollständigen Definition: »Sie eignet sich zum kurzen Braten oder Grillen und sollte wegen ihrer mageren, feinen Struktur nicht übergart werden«. Allgemein planbarer, aber nicht lokal garantierter Weg über eine gezielte Bestellung oder Sortimentsprüfung bei MeinMetzger – Kalbshüftsteaks extra zart.","PLANNED","Kalbssteak ist über eine gezielte Bestellung oder Sortimentsprüfung bei MeinMetzger – Kalbshüftsteaks extra zart im allgemeinen deutschen Handel planbar, lokal aber kein verlässlicher Standardartikel.","REQUIRED","Kalbssteak | Form: Sie eignet sich zum kurzen Braten oder Grillen und sollte wegen ihrer mageren, feinen Struktur nicht übergart werden | Bornheim gezielter Einkauf Deutschland Fleischkühlung oder Bedientheke | geprüfte Quellen: MeinMetzger – Kalbshüftsteaks extra zart","EVIDENCE_REQUIRED|BORDERLINE_PLANNED"
"VEAL_STRIPS","Kalbsgeschnetzeltes","APPLICABLE","In schmale Streifen geschnittenes, meist mageres Kalbfleisch zum sehr kurzen Anbraten. Gemeint ist der rohe Zuschnitt; eine Sauce oder ein bestimmtes Gericht wie Zürcher Geschnetzeltes ist nicht vorgegeben.","GENERAL_BROAD","Katalogpfad Kalbfleisch → Fleisch. Warengruppe Fleisch, formrelevanter Prüfhinweis aus der vollständigen Definition: »eine Sauce oder ein bestimmtes Gericht wie Zürcher Geschnetzeltes ist nicht vorgegeben«. Allgemein planbarer, aber nicht lokal garantierter Weg über eine gezielte Bestellung oder Sortimentsprüfung bei MeinMetzger – Kalbsgeschnetzeltes extra zart.","PLANNED","Kalbsgeschnetzeltes ist über eine gezielte Bestellung oder Sortimentsprüfung bei MeinMetzger – Kalbsgeschnetzeltes extra zart im allgemeinen deutschen Handel planbar, lokal aber kein verlässlicher Standardartikel.","REQUIRED","Kalbsgeschnetzeltes | Form: eine Sauce oder ein bestimmtes Gericht wie Zürcher Geschnetzeltes ist nicht vorgegeben | Bornheim gezielter Einkauf Deutschland Fleischkühlung oder Bedientheke | geprüfte Quellen: MeinMetzger – Kalbsgeschnetzeltes extra zart","EVIDENCE_REQUIRED|BORDERLINE_PLANNED"
"VEAL_SWEETBREAD","Kalbsbries","APPLICABLE","Kalbsbries bezeichnet eine zarte Drüse des jungen Kalbes, vor allem den Thymus, mit feiner, cremiger Textur. Vor der Zubereitung wird es meist gewässert, blanchiert und von Häuten befreit; es ist weder Hirn noch gewöhnliches Muskelfleisch.","NICHE_IMPORT","Katalogpfad Innereien → Kalbfleisch → Fleisch. Warengruppe Fleisch, formrelevanter Prüfhinweis aus der vollständigen Definition: »es ist weder Hirn noch gewöhnliches Muskelfleisch«. Nur der schmale Händlerweg über MeinMetzger – veal cuts direct shop ist positiv belegt; Kühlversand begrenzt Form, Bestand oder Logistik.","DIFFICULT","Kalbsbries: Nur der schmale Händlerweg über MeinMetzger – veal cuts direct shop ist positiv belegt; Kühlversand begrenzt Form, Bestand oder Logistik.","REQUIRED","Kalbsbries | Form: es ist weder Hirn noch gewöhnliches Muskelfleisch | Deutschland EU Exakttreffer Bestand Logistik Fleisch | geprüfte Quellen: MeinMetzger – veal cuts direct shop","EVIDENCE_REQUIRED|BORDERLINE_PLANNED|RATING_RECONCILED_V2"
"VEGETABLE_STOCK","Gemüsebrühe","APPLICABLE","Pflanzliche Brühe oder Fond aus Gemüse und Aromaten; selbst gekocht oder als schlichtes Fertigprodukt verwendbar.","GENERAL_LOCAL","Katalogpfad Brühe oder Fond. Warengruppe Brühe oder Fond, formrelevanter Prüfhinweis aus der vollständigen Definition: »selbst gekocht oder als schlichtes Fertigprodukt verwendbar«. Regelweg in Bornheim über die gewöhnliche Bornheimer Auslage »Brühen-, Fond- und Suppenregal«.","EASY","Gemüsebrühe: gewöhnlicher lokaler Bezugsweg über den Bereich »Brühen-, Fond- und Suppenregal«.","OPTIONAL","Gemüsebrühe | Form: selbst gekocht oder als schlichtes Fertigprodukt verwendbar | Bornheim Brühen-, Fond- und Suppenregal gewöhnlicher Handel",""
"VEGETABLES","Gemüse","APPLICABLE","Offene Vorgabe für kulinarisch als Gemüse verwendete Pflanzen und Pflanzenteile; Art und Textur bleiben wählbar.","GENERAL_LOCAL","Katalogpfad eigenständige Katalogwurzel. Warengruppe Gemüse oder Pilz, formrelevanter Prüfhinweis aus der vollständigen Definition: »Art und Textur bleiben wählbar«. Regelweg in Bornheim über das örtliche Sortiment »Obst- und Gemüseabteilung« beim Wocheneinkauf in Bornheim.","EASY","Gemüse: gewöhnlicher lokaler Bezugsweg über den Bereich »Obst- und Gemüseabteilung«.","OPTIONAL","Gemüse | Form: Art und Textur bleiben wählbar | Bornheim Obst- und Gemüseabteilung gewöhnlicher Handel",""
"VENISON","Hirschfleisch","APPLICABLE","Hirschfleisch mit magerem, kräftigem Wildaroma; konkrete Hirschart und Zuschnitt bleiben offen.","GENERAL_BROAD","Katalogpfad Wildfleisch → Fleisch. Warengruppe Fleisch, formrelevanter Prüfhinweis aus der vollständigen Definition: »konkrete Hirschart und Zuschnitt bleiben offen«. Allgemein planbarer, aber nicht lokal garantierter Weg über eine gezielte Bestellung oder Sortimentsprüfung bei MeinMetzger – Hirschbraten aus der Keule.","PLANNED","Hirschfleisch ist über eine gezielte Bestellung oder Sortimentsprüfung bei MeinMetzger – Hirschbraten aus der Keule im allgemeinen deutschen Handel planbar, lokal aber kein verlässlicher Standardartikel.","REQUIRED","Hirschfleisch | Form: konkrete Hirschart und Zuschnitt bleiben offen | Bornheim gezielter Einkauf Deutschland Fleischkühlung oder Bedientheke | geprüfte Quellen: MeinMetzger – Hirschbraten aus der Keule","EVIDENCE_REQUIRED|BORDERLINE_PLANNED"
"VIETNAMESE_CORIANDER","vietnamesischer Koriander","APPLICABLE","Vietnamesischer Koriander beziehungsweise Rau răm mit pfeffrig-zitrischem Aroma; botanisch kein echter Koriander.","NICHE_IMPORT","Katalogpfad Kräuter und Würzblätter. Warengruppe frisches Würzkraut, formrelevanter Prüfhinweis aus der vollständigen Definition: »botanisch kein echter Koriander«. Nur der schmale Händlerweg über Asia Moin – fresh Rau Răm 100 g ist positiv belegt; Kühlversand begrenzt Form, Bestand oder Logistik.","DIFFICULT","vietnamesischer Koriander: Nur der schmale Händlerweg über Asia Moin – fresh Rau Răm 100 g ist positiv belegt; Kühlversand begrenzt Form, Bestand oder Logistik.","REQUIRED","vietnamesischer Koriander | Form: botanisch kein echter Koriander | Deutschland EU Exakttreffer Bestand Logistik frisches Würzkraut | geprüfte Quellen: Asia Moin – fresh Rau Răm 100 g","EVIDENCE_REQUIRED|RATING_RECONCILED_V2"
"VIETNAMESE_SOYBEAN_PASTE","Tương oder vietnamesische Sojabohnenpaste","APPLICABLE","Vietnamesische fermentierte Würze aus Sojabohnen, häufig mit Reis beziehungsweise Klebreis und Salz; je nach regionaler Form dickflüssig bis pastös. Nicht mit flüssiger Sojasauce, Miso oder Hoisinsauce gleichsetzen.","NICHE_IMPORT","Katalogpfad fermentierte Würzzutat → fertige Sauce oder Würzpaste → Sojazutat → Sauce, Würzmittel oder Paste. Warengruppe Sauce oder Würzpaste, formrelevanter Prüfhinweis aus der vollständigen Definition: »Nicht mit flüssiger Sojasauce, Miso oder Hoisinsauce gleichsetzen«. Nur der schmale Händlerweg über NAGOFA – Tương nếp bần 500 ml ist positiv belegt; Importbeschränkung begrenzt Form, Bestand oder Logistik.","DIFFICULT","Tương oder vietnamesische Sojabohnenpaste: Nur der schmale Händlerweg über NAGOFA – Tương nếp bần 500 ml ist positiv belegt; Importbeschränkung begrenzt Form, Bestand oder Logistik.","REQUIRED","Tương oder vietnamesische Sojabohnenpaste | Form: Nicht mit flüssiger Sojasauce, Miso oder Hoisinsauce gleichsetzen | Deutschland EU Exakttreffer Bestand Logistik Sauce oder Würzpaste | geprüfte Quellen: NAGOFA – Tương nếp bần 500 ml","EVIDENCE_REQUIRED|FORM_OR_ROUTE_FRAGILE"
"VINEGAR","Essig","APPLICABLE","Offene Vorgabe für Speiseessig; Rohstoff, Reife, Süße und Säureprofil bleiben wählbar.","GENERAL_LOCAL","Katalogpfad eigenständige Katalogwurzel. Warengruppe Speiseessig, formrelevanter Prüfhinweis aus der vollständigen Definition: »Rohstoff, Reife, Süße und Säureprofil bleiben wählbar«. Regelweg in Bornheim über nahe Supermarktfilialen in Bornheim mit dem Bereich »Essig- und Ölregal«.","EASY","Essig: gewöhnlicher lokaler Bezugsweg über den Bereich »Essig- und Ölregal«.","OPTIONAL","Essig | Form: Rohstoff, Reife, Süße und Säureprofil bleiben wählbar | Bornheim Essig- und Ölregal gewöhnlicher Handel",""
"WAFFLES","Waffel","APPLICABLE","Offene Waffelfamilie für süße und herzhafte Waffelprodukte. Bekannte Varianten sind Stroopwafel, Brüsseler Waffel und Lütticher Waffel; Belag oder Füllung werden nicht vorausgesetzt.","GENERAL_LOCAL","Katalogpfad Backware. Warengruppe Back- oder Brotwaren, formrelevanter Prüfhinweis aus der vollständigen Definition: »Belag oder Füllung werden nicht vorausgesetzt«. Regelweg in Bornheim über das örtliche Sortiment »Brot-, Backwaren- oder Backzutatenbereich« beim Wocheneinkauf in Bornheim.","EASY","Waffel: gewöhnlicher lokaler Bezugsweg über den Bereich »Brot-, Backwaren- oder Backzutatenbereich«.","OPTIONAL","Waffel | Form: Belag oder Füllung werden nicht vorausgesetzt | Bornheim Brot-, Backwaren- oder Backzutatenbereich gewöhnlicher Handel",""
"WAKAME","Wakame","APPLICABLE","Zarte grüne Braunalge mit mildem Meeresaroma, meist getrocknet erhältlich; nicht Kombu oder Nori.","GENERAL_BROAD","Asiafoodland zeigt getrocknete Wakame-Meeresalgen im 20-g-Beutel aktuell mit Warenkorb und Lagerbestand. Die haltbare Trockenware wird per DHL nach Bornheim geliefert und ist klar von Kombu und Nori benannt.","PLANNED","Wakame: Asiafoodland zeigt getrocknete Wakame-Meeresalgen im 20-g-Beutel aktuell mit Warenkorb und Lagerbestand. Die haltbare Trockenware wird per DHL nach Bornheim geliefert und ist klar von Kombu und Nori benannt.","OPTIONAL","Wakame Meeresalgen getrocknet 20 g Asiafoodland Lagerbestand DHL Bornheim nicht Kombu Nori",""
"WALNUT","Walnüsse","APPLICABLE","Walnusskerne mit herb-nussigem Geschmack und hohem Fettanteil; roh oder geröstet verwendbar.","GENERAL_LOCAL","Katalogpfad Nüsse. Warengruppe Nuss, Saat oder Mus, formrelevanter Prüfhinweis aus der vollständigen Definition: »roh oder geröstet verwendbar«. Regelweg in Bornheim über ortsübliche Vollsortimenter rund um Bornheim, konkret im Bereich »Nuss-, Saaten- oder Nussmusregal«.","EASY","Walnüsse: gewöhnlicher lokaler Bezugsweg über den Bereich »Nuss-, Saaten- oder Nussmusregal«.","OPTIONAL","Walnüsse | Form: roh oder geröstet verwendbar | Bornheim Nuss-, Saaten- oder Nussmusregal gewöhnlicher Handel",""
"WATER_CHESTNUT","Wasserkastanien","APPLICABLE","Knackige unterirdische Sprossknollen der Wasserkastanie, frisch oder in Dose; botanisch keine Nuss.","GENERAL_BROAD","Katalogpfad Wurzel- und Knollengemüse → Gemüse. Warengruppe konservierte Pflanzenware, formrelevanter Prüfhinweis aus der vollständigen Definition: »botanisch keine Nuss«. Allgemein planbarer, aber nicht lokal garantierter Weg über eine reguläre Onlinebestellung im allgemeinen Handel mit formgenauer Artikelsuche.","PLANNED","Wasserkastanien ist über eine reguläre Onlinebestellung im allgemeinen Handel mit formgenauer Artikelsuche im allgemeinen deutschen Handel planbar, lokal aber kein verlässlicher Standardartikel.","OPTIONAL","Wasserkastanien | Form: botanisch keine Nuss | Bornheim gezielter Einkauf Deutschland Konserven-, Glas- oder internationales Feinkostregal",""
"WATER_SPINACH","Wasserspinat oder Kangkong","APPLICABLE","Wasserspinat beziehungsweise Kangkong mit hohlen Stielen und zarten Blättern; nicht gewöhnlicher Spinat.","NICHE_IMPORT","Katalogpfad Blattgemüse → Gemüse. Warengruppe Gemüse oder Pilz, formrelevanter Prüfhinweis aus der vollständigen Definition: »nicht gewöhnlicher Spinat«. Nur der schmale Händlerweg über Asia Moin – fresh vegetables including Rau Muong ist positiv belegt; Kühlversand begrenzt Form, Bestand oder Logistik.","DIFFICULT","Wasserspinat oder Kangkong: Nur der schmale Händlerweg über Asia Moin – fresh vegetables including Rau Muong ist positiv belegt; Kühlversand begrenzt Form, Bestand oder Logistik.","REQUIRED","Wasserspinat oder Kangkong | Form: nicht gewöhnlicher Spinat | Deutschland EU Exakttreffer Bestand Logistik Gemüse oder Pilz | geprüfte Quellen: Asia Moin – fresh vegetables including Rau Muong","EVIDENCE_REQUIRED|RATING_RECONCILED_V2"
"WATERCRESS","Brunnenkresse","APPLICABLE","Brunnenkresse mit saftigen Stielen und deutlich pfeffrigem Geschmack; roh oder kurz gegart verwendbar.","GENERAL_BROAD","Katalogpfad Blattgemüse → Gemüse. Warengruppe Gemüse oder Pilz, formrelevanter Prüfhinweis aus der vollständigen Definition: »roh oder kurz gegart verwendbar«. Brunnenkresse ist über gut sortierte Gemüse- und Kräuterabteilungen mit vorheriger Bestandsabfrage planbar; ein bestimmter Bornheimer Filialbestand wird nicht vorausgesetzt.","PLANNED","Brunnenkresse: Über gut sortierten Frischehandel und planbare deutsche Frischewege erhältlich aber kein spontaner Standardartikel.","REQUIRED","Brunnenkresse | Form: roh oder kurz gegart verwendbar | Bornheim gezielter Einkauf Deutschland Obst- und Gemüseabteilung | freigegebener v2-Anker","REFERENCE_ANCHOR|EVIDENCE_REQUIRED|BORDERLINE_PLANNED"
"WATERMELON","Wassermelone","APPLICABLE","Wassermelone mit sehr saftigem, süßem Fruchtfleisch; kernarme und kernhaltige Sorten sind umfasst.","GENERAL_LOCAL","Katalogpfad Melone → Obst. Warengruppe Obst, formrelevanter Prüfhinweis aus der vollständigen Definition: »kernarme und kernhaltige Sorten sind umfasst«. Regelweg in Bornheim über die gewöhnliche Bornheimer Auslage »Obst- und Gemüseabteilung«.","EASY","Wassermelone: gewöhnlicher lokaler Bezugsweg über den Bereich »Obst- und Gemüseabteilung«.","OPTIONAL","Wassermelone | Form: kernarme und kernhaltige Sorten sind umfasst | Bornheim Obst- und Gemüseabteilung gewöhnlicher Handel",""
"WHEAT_FLOUR","Weizenmehl","APPLICABLE","Mehl aus Weizen; Ausmahlungsgrad und Proteinanteil bleiben offen, nicht Hartweizengrieß.","GENERAL_LOCAL","Katalogpfad Mehl → stärkehaltige Zutat oder Sättigungsbeilage. Warengruppe Getreide- oder Stärkeware, formrelevanter Prüfhinweis aus der vollständigen Definition: »Ausmahlungsgrad und Proteinanteil bleiben offen, nicht Hartweizengrieß«. Regelweg in Bornheim über nahe Supermarktfilialen in Bornheim mit dem Bereich »Reis-, Mehl-, Nudel- oder Trockenwarenregal«.","EASY","Weizenmehl: gewöhnlicher lokaler Bezugsweg über den Bereich »Reis-, Mehl-, Nudel- oder Trockenwarenregal«.","OPTIONAL","Weizenmehl | Form: Ausmahlungsgrad und Proteinanteil bleiben offen, nicht Hartweizengrieß | Bornheim Reis-, Mehl-, Nudel- oder Trockenwarenregal gewöhnlicher Handel",""
"WHEAT_NOODLES","Weizennudeln","APPLICABLE","Weizennudeln außerhalb der engeren italienischen Pasta-Familie; Dicke sowie Ei- und Alkalianteil bleiben wählbar.","GENERAL_LOCAL","Katalogpfad Nudeln → stärkehaltige Zutat oder Sättigungsbeilage. Warengruppe Getreide- oder Stärkeware, formrelevanter Prüfhinweis aus der vollständigen Definition: »Dicke sowie Ei- und Alkalianteil bleiben wählbar«. Regelweg in Bornheim über den lokalen Supermarktbereich »Reis-, Mehl-, Nudel- oder Trockenwarenregal« in Bornheim.","EASY","Weizennudeln: gewöhnlicher lokaler Bezugsweg über den Bereich »Reis-, Mehl-, Nudel- oder Trockenwarenregal«.","OPTIONAL","Weizennudeln | Form: Dicke sowie Ei- und Alkalianteil bleiben wählbar | Bornheim Reis-, Mehl-, Nudel- oder Trockenwarenregal gewöhnlicher Handel",""
"WHEAT_PASTA","Weizenpasta","APPLICABLE","Offene Familie italienisch geprägter Weizenpasta; Form, frisch oder getrocknet und Ei-Anteil bleiben offen.","GENERAL_LOCAL","Katalogpfad Nudeln → stärkehaltige Zutat oder Sättigungsbeilage. Warengruppe Getreide- oder Stärkeware, formrelevanter Prüfhinweis aus der vollständigen Definition: »Form, frisch oder getrocknet und Ei-Anteil bleiben offen«. Regelweg in Bornheim über den Bereich »Reis-, Mehl-, Nudel- oder Trockenwarenregal« eines gewöhnlichen Bornheimer Vollsortimenters.","EASY","Weizenpasta: gewöhnlicher lokaler Bezugsweg über den Bereich »Reis-, Mehl-, Nudel- oder Trockenwarenregal«.","OPTIONAL","Weizenpasta | Form: Form, frisch oder getrocknet und Ei-Anteil bleiben offen | Bornheim Reis-, Mehl-, Nudel- oder Trockenwarenregal gewöhnlicher Handel",""
"WHITE_ASPARAGUS","weißer Spargel","APPLICABLE","Unter Lichtabschluss gewachsener weißer Spargel mit mildem, leicht bitterem Aroma; vor dem Garen meist vollständig schälen.","GENERAL_LOCAL","Katalogpfad Spargel → Stängelgemüse → Gemüse. Warengruppe Gemüse oder Pilz, formrelevanter Prüfhinweis aus der vollständigen Definition: »vor dem Garen meist vollständig schälen«. Regelweg in Bornheim über den lokalen Supermarktbereich »Obst- und Gemüseabteilung« in Bornheim.","EASY","weißer Spargel: gewöhnlicher lokaler Bezugsweg über den Bereich »Obst- und Gemüseabteilung«.","OPTIONAL","weißer Spargel | Form: vor dem Garen meist vollständig schälen | Bornheim Obst- und Gemüseabteilung gewöhnlicher Handel",""
"WHITE_BEANS","weiße Bohnen","APPLICABLE","Offene Familie weißer Bohnen mit mildem Geschmack und cremiger Textur; Sorte und Größe bleiben wählbar.","GENERAL_LOCAL","Katalogpfad Bohnen → Hülsenfrüchte. Warengruppe Hülsenfrucht, formrelevanter Prüfhinweis aus der vollständigen Definition: »Sorte und Größe bleiben wählbar«. Regelweg in Bornheim über den lokalen Supermarktbereich »Hülsenfrucht-, Konserven- oder Trockenwarenregal« in Bornheim.","EASY","weiße Bohnen: gewöhnlicher lokaler Bezugsweg über den Bereich »Hülsenfrucht-, Konserven- oder Trockenwarenregal«.","OPTIONAL","weiße Bohnen | Form: Sorte und Größe bleiben wählbar | Bornheim Hülsenfrucht-, Konserven- oder Trockenwarenregal gewöhnlicher Handel",""
"WHITE_CABBAGE","Weißkohl","APPLICABLE","Fester Weißkohl mit knackigen, dicht geschichteten Blättern; roh, gegart oder fermentiert verwendbar.","GENERAL_LOCAL","Katalogpfad Kohlgemüse → Gemüse. Warengruppe Gemüse oder Pilz, formrelevanter Prüfhinweis aus der vollständigen Definition: »roh, gegart oder fermentiert verwendbar«. Regelweg in Bornheim über ortsübliche Vollsortimenter rund um Bornheim, konkret im Bereich »Obst- und Gemüseabteilung«.","EASY","Weißkohl: gewöhnlicher lokaler Bezugsweg über den Bereich »Obst- und Gemüseabteilung«.","OPTIONAL","Weißkohl | Form: roh, gegart oder fermentiert verwendbar | Bornheim Obst- und Gemüseabteilung gewöhnlicher Handel",""
"WHITE_CHAMPIGNON","weiße Champignons","APPLICABLE","Frische weiße Zuchtchampignons mit mildem Pilzaroma; nicht braune oder konservierte Champignons.","GENERAL_LOCAL","Katalogpfad frische Champignons → Champignons → Pilze → Gemüse. Warengruppe Gemüse oder Pilz, formrelevanter Prüfhinweis aus der vollständigen Definition: »nicht braune oder konservierte Champignons«. Regelweg in Bornheim über den lokalen Supermarktbereich »Obst- und Gemüseabteilung« in Bornheim.","EASY","weiße Champignons: gewöhnlicher lokaler Bezugsweg über den Bereich »Obst- und Gemüseabteilung«.","OPTIONAL","weiße Champignons | Form: nicht braune oder konservierte Champignons | Bornheim Obst- und Gemüseabteilung gewöhnlicher Handel",""
"WHITE_CHOCOLATE","weiße Schokolade","APPLICABLE","Kakaobutterbasierte Süßware mit Milch und Zucker, aber ohne Kakaomasse; nicht bloße Fettglasur.","GENERAL_LOCAL","Katalogpfad Schokolade → Kakao oder Schokolade → Süßware. Warengruppe Süßungs- oder Kakaoware, formrelevanter Prüfhinweis aus der vollständigen Definition: »nicht bloße Fettglasur«. Regelweg in Bornheim über den regulären Bornheimer Regalweg »Backzutaten-, Süßwaren- oder Kakaoregal«.","EASY","weiße Schokolade: gewöhnlicher lokaler Bezugsweg über den Bereich »Backzutaten-, Süßwaren- oder Kakaoregal«.","OPTIONAL","weiße Schokolade | Form: nicht bloße Fettglasur | Bornheim Backzutaten-, Süßwaren- oder Kakaoregal gewöhnlicher Handel",""
"WHITE_FISH","weißfleischiger Fisch","APPLICABLE","Offene Vorgabe für mageren bis mäßig fetten Fisch mit hellem, mildem Fleisch; Art und Zuschnitt bleiben wählbar.","GENERAL_LOCAL","Katalogpfad Fisch → Fisch und Meeresfrüchte. Warengruppe Fisch oder Meeresfrucht, formrelevanter Prüfhinweis aus der vollständigen Definition: »Art und Zuschnitt bleiben wählbar«. Regelweg in Bornheim über den regulären Bornheimer Regalweg »Fischkühlung, Fischtheke oder Tiefkühlabteilung«.","EASY","weißfleischiger Fisch: gewöhnlicher lokaler Bezugsweg über den Bereich »Fischkühlung, Fischtheke oder Tiefkühlabteilung«.","OPTIONAL","weißfleischiger Fisch | Form: Art und Zuschnitt bleiben wählbar | Bornheim Fischkühlung, Fischtheke oder Tiefkühlabteilung gewöhnlicher Handel",""
"WHITE_PEPPER","weißer Pfeffer","APPLICABLE","Reife, von der Fruchthülle befreite Pfefferkörner mit erdig-direkter Schärfe; ganz oder gemahlen verwendbar.","GENERAL_LOCAL","Katalogpfad Pfeffer → Gewürz oder trockenes Würzmittel. Warengruppe Gewürz, formrelevanter Prüfhinweis aus der vollständigen Definition: »ganz oder gemahlen verwendbar«. Regelweg in Bornheim über den Bereich »Gewürz- und Trockenwürzregal« eines gewöhnlichen Bornheimer Vollsortimenters.","EASY","weißer Pfeffer: gewöhnlicher lokaler Bezugsweg über den Bereich »Gewürz- und Trockenwürzregal«.","OPTIONAL","weißer Pfeffer | Form: ganz oder gemahlen verwendbar | Bornheim Gewürz- und Trockenwürzregal gewöhnlicher Handel",""
"WHITE_SAUSAGE","Weißwurst","APPLICABLE","Helle Brühwurst nach Weißwurst-Art aus Kalb- und/oder Schweinefleisch; regionale Würzung und Garzustand variieren.","GENERAL_BROAD","Katalogpfad Schweinefleisch → Wurst → Kalbfleisch → Fleisch. Warengruppe Wurst oder Pökelfleisch, formrelevanter Prüfhinweis aus der vollständigen Definition: »regionale Würzung und Garzustand variieren«. Allgemein planbarer, aber nicht lokal garantierter Weg über eine gezielte Bestellung oder Sortimentsprüfung bei MeinMetzger – Münchner Weißwürstchen mit Petersilie.","PLANNED","Weißwurst ist über eine gezielte Bestellung oder Sortimentsprüfung bei MeinMetzger – Münchner Weißwürstchen mit Petersilie im allgemeinen deutschen Handel planbar, lokal aber kein verlässlicher Standardartikel.","REQUIRED","Weißwurst | Form: regionale Würzung und Garzustand variieren | Bornheim gezielter Einkauf Deutschland Wurstkühlung oder Bedientheke | geprüfte Quellen: MeinMetzger – Münchner Weißwürstchen mit Petersilie","EVIDENCE_REQUIRED|BORDERLINE_PLANNED"
"WHITE_SUGAR","Zucker","APPLICABLE","Raffinierter weißer Zucker als kristallines, weitgehend neutrales Süßungsmittel; Körnung bleibt offen.","GENERAL_LOCAL","Katalogpfad Süßungsmittel. Warengruppe Süßungs- oder Kakaoware, formrelevanter Prüfhinweis aus der vollständigen Definition: »Körnung bleibt offen«. Regelweg in Bornheim über nahe Supermarktfilialen in Bornheim mit dem Bereich »Backzutaten-, Süßwaren- oder Kakaoregal«.","EASY","Zucker: gewöhnlicher lokaler Bezugsweg über den Bereich »Backzutaten-, Süßwaren- oder Kakaoregal«.","OPTIONAL","Zucker | Form: Körnung bleibt offen | Bornheim Backzutaten-, Süßwaren- oder Kakaoregal gewöhnlicher Handel",""
"WHITE_TEA","weißer Tee","APPLICABLE","Sehr wenig verarbeiteter Tee aus jungen Knospen und Blättern mit zartem, floralem Profil.","GENERAL_BROAD","Katalogpfad Tee. Warengruppe Tee, formrelevanter Prüfhinweis aus der vollständigen Definition: »jungen Knospen und Blättern mit zartem, floralem Profil«. Allgemein planbarer, aber nicht lokal garantierter Weg über eine geplante Fahrt zu einem großen Markt mit dem Sortiment »Tee- und Aufgussregal«.","PLANNED","weißer Tee ist über eine geplante Fahrt zu einem großen Markt mit dem Sortiment »Tee- und Aufgussregal« im allgemeinen deutschen Handel planbar, lokal aber kein verlässlicher Standardartikel.","OPTIONAL","weißer Tee | Form: jungen Knospen und Blättern mit zartem, floralem Profil | Bornheim gezielter Einkauf Deutschland Tee- und Aufgussregal",""
"WHITE_VINEGAR","Branntweinessig","APPLICABLE","Klarer neutraler Branntweinessig mit direkter Säure; nicht automatisch hochkonzentrierte Essigessenz.","GENERAL_LOCAL","Katalogpfad Essig. Warengruppe Speiseessig, formrelevanter Prüfhinweis aus der vollständigen Definition: »nicht automatisch hochkonzentrierte Essigessenz«. Regelweg in Bornheim über die gewöhnliche Bornheimer Auslage »Essig- und Ölregal«.","EASY","Branntweinessig: gewöhnlicher lokaler Bezugsweg über den Bereich »Essig- und Ölregal«.","OPTIONAL","Branntweinessig | Form: nicht automatisch hochkonzentrierte Essigessenz | Bornheim Essig- und Ölregal gewöhnlicher Handel",""
"WHITE_WINE","Weißwein","APPLICABLE","Weißwein als Kochzutat; Rebsorte, Körper und Trockenheitsgrad bleiben offen, kein aromatisiertes Weingetränk.","GENERAL_LOCAL","Katalogpfad Kochalkohol. Warengruppe Kochalkohol, formrelevanter Prüfhinweis aus der vollständigen Definition: »Rebsorte, Körper und Trockenheitsgrad bleiben offen, kein aromatisiertes Weingetränk«. Regelweg in Bornheim über nahe Supermarktfilialen in Bornheim mit dem Bereich »Getränke-, Wein- oder Spirituosenregal«.","EASY","Weißwein: gewöhnlicher lokaler Bezugsweg über den Bereich »Getränke-, Wein- oder Spirituosenregal«.","OPTIONAL","Weißwein | Form: Rebsorte, Körper und Trockenheitsgrad bleiben offen, kein aromatisiertes Weingetränk | Bornheim Getränke-, Wein- oder Spirituosenregal gewöhnlicher Handel",""
"WHITE_WINE_VINEGAR","Weißweinessig","APPLICABLE","Aus Weißwein vergorener Essig mit heller fruchtiger Säure; nicht Weißwein oder Reisessig.","GENERAL_LOCAL","Katalogpfad Essig. Warengruppe Speiseessig, formrelevanter Prüfhinweis aus der vollständigen Definition: »nicht Weißwein oder Reisessig«. Regelweg in Bornheim über das örtliche Sortiment »Essig- und Ölregal« beim Wocheneinkauf in Bornheim.","EASY","Weißweinessig: gewöhnlicher lokaler Bezugsweg über den Bereich »Essig- und Ölregal«.","OPTIONAL","Weißweinessig | Form: nicht Weißwein oder Reisessig | Bornheim Essig- und Ölregal gewöhnlicher Handel",""
"WHOLEGRAIN_MUSTARD","körniger Senf","APPLICABLE","Senf mit sichtbaren ganzen oder grob gebrochenen Senfkörnern und körniger Textur; Schärfe bleibt offen.","GENERAL_LOCAL","Katalogpfad Senf → fertige Sauce oder Würzpaste → Sauce, Würzmittel oder Paste. Warengruppe Sauce oder Würzpaste, formrelevanter Prüfhinweis aus der vollständigen Definition: »Schärfe bleibt offen«. Regelweg in Bornheim über den regulären Bornheimer Regalweg »Saucen-, Würzpasten- und Feinkostregal«.","EASY","körniger Senf: gewöhnlicher lokaler Bezugsweg über den Bereich »Saucen-, Würzpasten- und Feinkostregal«.","OPTIONAL","körniger Senf | Form: Schärfe bleibt offen | Bornheim Saucen-, Würzpasten- und Feinkostregal gewöhnlicher Handel",""
"WILD_BOAR","Wildschwein","APPLICABLE","Wildschweinfleisch mit kräftigem Wildaroma und meist dunklerem Fleisch als Hausschwein; Zuschnitt bleibt offen.","GENERAL_BROAD","Katalogpfad Wildfleisch → Fleisch. Warengruppe Fleisch, formrelevanter Prüfhinweis aus der vollständigen Definition: »Zuschnitt bleibt offen«. Allgemein planbarer, aber nicht lokal garantierter Weg über eine gezielte Bestellung oder Sortimentsprüfung bei MeinMetzger – Wildschweinbraten aus der Keule.","PLANNED","Wildschwein ist über eine gezielte Bestellung oder Sortimentsprüfung bei MeinMetzger – Wildschweinbraten aus der Keule im allgemeinen deutschen Handel planbar, lokal aber kein verlässlicher Standardartikel.","REQUIRED","Wildschwein | Form: Zuschnitt bleibt offen | Bornheim gezielter Einkauf Deutschland Fleischkühlung oder Bedientheke | geprüfte Quellen: MeinMetzger – Wildschweinbraten aus der Keule","EVIDENCE_REQUIRED|BORDERLINE_PLANNED"
"WILD_RICE","Wildreis","APPLICABLE","Botanisch kein Reis, kulinarisch jedoch ein reisähnliches Getreideprodukt.","GENERAL_BROAD","Katalogpfad Getreide oder Pseudogetreide → Reisprodukt → stärkehaltige Zutat oder Sättigungsbeilage. Warengruppe Getreide- oder Stärkeware, formrelevanter Prüfhinweis aus der vollständigen Definition: »kein Reis, kulinarisch jedoch ein reisähnliches Getreideprodukt«. Allgemein planbarer, aber nicht lokal garantierter Weg über eine gezielte Filial- oder Bestellprüfung für Getreide- oder Stärkeware im allgemeinen deutschen Handel.","PLANNED","Wildreis ist über eine gezielte Filial- oder Bestellprüfung für Getreide- oder Stärkeware im allgemeinen deutschen Handel planbar, lokal aber kein verlässlicher Standardartikel.","OPTIONAL","Wildreis | Form: kein Reis, kulinarisch jedoch ein reisähnliches Getreideprodukt | Bornheim gezielter Einkauf Deutschland Reis-, Mehl-, Nudel- oder Trockenwarenregal",""
"WONTON_WRAPPERS","Wonton-Teigblätter","APPLICABLE","Dünne quadratische Weizenteigblätter, meist mit Ei, zum Füllen als Wontons; nicht Reispapier.","SPECIALTY_BROAD","Katalogpfad Teigblatt oder Dumpling-Hülle → stärkehaltige Zutat oder Sättigungsbeilage. Warengruppe Teigblatt oder Teigware, formrelevanter Prüfhinweis aus der vollständigen Definition: »nicht Reispapier«. Breiter einschlägiger Spezialmarkt über die voneinander unabhängigen Händler Asian Brand – frozen wonton wrappers 500 g sowie Asiatischer Lebensmittelladen – wonton pastry 200 g.","SPECIALTY","Wonton-Teigblätter ist im einschlägigen Spezialmarkt breit etabliert; dokumentierte reguläre Wege sind die voneinander unabhängigen Händler Asian Brand – frozen wonton wrappers 500 g sowie Asiatischer Lebensmittelladen – wonton pastry 200 g.","REQUIRED","Wonton-Teigblätter | Form: nicht Reispapier | Deutschland unabhängige Spezialhändler Teigblatt oder Teigware | geprüfte Quellen: Asian Brand – frozen wonton wrappers 500 g ; Asiatischer Lebensmittelladen – wonton pastry 200 g","EVIDENCE_REQUIRED"
"WOOD_EAR","Mu-Err-Pilze","APPLICABLE","Mu-Err- beziehungsweise Judasohren mit elastisch-knackiger Textur und mildem Geschmack; meist getrocknet und eingeweicht.","GENERAL_BROAD","Asiafoodland führt Thai-Dancer-Mu-Err als 100 g getrocknete schwarze Pilze aktuell lagernd. Die einzuweichende Judasohrenform ist produktgenau und wird ungekühlt per DHL nach Bornheim verschickt.","PLANNED","Mu-Err-Pilze: Asiafoodland führt Thai-Dancer-Mu-Err als 100 g getrocknete schwarze Pilze aktuell lagernd. Die einzuweichende Judasohrenform ist produktgenau und wird ungekühlt per DHL nach Bornheim verschickt.","OPTIONAL","Mu Err Judasohren getrocknete schwarze Pilze 100 g Asiafoodland DHL Bornheim",""
"WORCESTERSHIRE_SAUCE","Worcestersauce","APPLICABLE","Dünne britische fermentierte Würzsauce mit Säure, Süße, Gewürzen und typischerweise Sardellen; intensiv und sparsam dosiert.","GENERAL_LOCAL","Katalogpfad fermentierte Würzzutat → fertige Sauce oder Würzpaste → Sauce, Würzmittel oder Paste. Warengruppe Sauce oder Würzpaste, formrelevanter Prüfhinweis aus der vollständigen Definition: »intensiv und sparsam dosiert«. Regelweg in Bornheim über ortsübliche Vollsortimenter rund um Bornheim, konkret im Bereich »Saucen-, Würzpasten- und Feinkostregal«.","EASY","Worcestersauce: gewöhnlicher lokaler Bezugsweg über den Bereich »Saucen-, Würzpasten- und Feinkostregal«.","OPTIONAL","Worcestersauce | Form: intensiv und sparsam dosiert | Bornheim Saucen-, Würzpasten- und Feinkostregal gewöhnlicher Handel",""
"XO_SAUCE","XO-Sauce","APPLICABLE","Hongkonger ölbasierte Würzpaste mit getrockneten Meeresfrüchten, Chili und Aromaten; kräftig umamireich, nicht vegetarisch.","SPECIALTY_BROAD","Katalogpfad fertige Sauce oder Würzpaste → Sauce, Würzmittel oder Paste. Warengruppe Sauce oder Würzpaste, formrelevanter Prüfhinweis aus der vollständigen Definition: »kräftig umamireich, nicht vegetarisch«. Breiter einschlägiger Spezialmarkt über die voneinander unabhängigen Händler Amazing Oriental – XO sauce range sowie Chefino – Lee XO sauce.","SPECIALTY","XO-Sauce ist im einschlägigen Spezialmarkt breit etabliert; dokumentierte reguläre Wege sind die voneinander unabhängigen Händler Amazing Oriental – XO sauce range sowie Chefino – Lee XO sauce.","REQUIRED","XO-Sauce | Form: kräftig umamireich, nicht vegetarisch | Deutschland unabhängige Spezialhändler Sauce oder Würzpaste | geprüfte Quellen: Amazing Oriental – XO sauce range ; Chefino – Lee XO sauce","EVIDENCE_REQUIRED"
"YAM","Yamswurzel","APPLICABLE","Stärkereiche Yamsknolle der Gattung Dioscorea; Sorte bleibt offen, nicht Süßkartoffel oder Ube.","SPECIALTY_BROAD","Katalogpfad Wurzel- und Knollengemüse → stärkehaltige Zutat oder Sättigungsbeilage → Gemüse. Warengruppe Gemüse oder Pilz, formrelevanter Prüfhinweis aus der vollständigen Definition: »Sorte bleibt offen, nicht Süßkartoffel oder Ube«. Breiter einschlägiger Spezialmarkt über die voneinander unabhängigen Händler Afrofoodexpress – fresh yam range sowie Afro World Dortmund – fresh yam route.","SPECIALTY","Yamswurzel ist im einschlägigen Spezialmarkt breit etabliert; dokumentierte reguläre Wege sind die voneinander unabhängigen Händler Afrofoodexpress – fresh yam range sowie Afro World Dortmund – fresh yam route.","REQUIRED","Yamswurzel | Form: Sorte bleibt offen, nicht Süßkartoffel oder Ube | Deutschland unabhängige Spezialhändler Gemüse oder Pilz | geprüfte Quellen: Afrofoodexpress – fresh yam range ; Afro World Dortmund – fresh yam route","EVIDENCE_REQUIRED"
"YEAST_EXTRACT","Hefeextrakt","APPLICABLE","Konzentrierter Hefeextrakt als salzig-umamireiche Paste oder Würze; nicht aktive Hefe oder Hefeflocken.","SPECIALTY_BROAD","Katalogpfad fermentierte Würzzutat → fertige Sauce oder Würzpaste → Sauce, Würzmittel oder Paste. Warengruppe Sauce oder Würzpaste, formrelevanter Prüfhinweis aus der vollständigen Definition: »nicht aktive Hefe oder Hefeflocken«. Breiter einschlägiger Spezialmarkt über den freigegebenen v2-Anker mit dem Kerngrund »Exakte Produkte wie Marmite sind im internationalen Spezialhandel stabil erhältlich aber nicht als breiter allgemeiner deutscher Standard abgesichert«.","SPECIALTY","Hefeextrakt: Exakte Produkte wie Marmite sind im internationalen Spezialhandel stabil erhältlich aber nicht als breiter allgemeiner deutscher Standard abgesichert.","REQUIRED","Hefeextrakt | Form: nicht aktive Hefe oder Hefeflocken | Deutschland unabhängige Spezialhändler Sauce oder Würzpaste | freigegebener v2-Anker","REFERENCE_ANCHOR|EVIDENCE_REQUIRED"
"YELLOW_BELL_PEPPER","gelbe Paprika","APPLICABLE","Reif gelbe Gemüsepaprika mit mildem, süß-fruchtigem Geschmack; nicht scharfe gelbe Chili.","GENERAL_LOCAL","Katalogpfad Paprika → Fruchtgemüse → Gemüse. Warengruppe Gemüse oder Pilz, formrelevanter Prüfhinweis aus der vollständigen Definition: »nicht scharfe gelbe Chili«. Regelweg in Bornheim über den regulären Bornheimer Regalweg »Obst- und Gemüseabteilung«.","EASY","gelbe Paprika: gewöhnlicher lokaler Bezugsweg über den Bereich »Obst- und Gemüseabteilung«.","OPTIONAL","gelbe Paprika | Form: nicht scharfe gelbe Chili | Bornheim Obst- und Gemüseabteilung gewöhnlicher Handel",""
"YELLOW_LENTILS","gelbe Linsen","APPLICABLE","Gelbe geschälte Linsen mit kurzer Garzeit und cremig zerfallender Textur; konkrete Hülsenfruchtvariante kann regional variieren.","GENERAL_BROAD","Katalogpfad Linsen → Hülsenfrüchte. Warengruppe Hülsenfrucht, formrelevanter Prüfhinweis aus der vollständigen Definition: »konkrete Hülsenfruchtvariante kann regional variieren«. Als konkrete Route ist für Georgia „Hülsenfrucht-, Konserven- oder Trockenwarenregal über eine vorab geprüfte Händlerroute“ vorgesehen.","PLANNED","gelbe Linsen: Als konkrete Route ist für Georgia „Hülsenfrucht-, Konserven- oder Trockenwarenregal über eine vorab geprüfte Händlerroute“ vorgesehen.","OPTIONAL","gelbe Linsen | Form: konkrete Hülsenfruchtvariante kann regional variieren | Bornheim gezielter Einkauf Deutschland Hülsenfrucht-, Konserven- oder Trockenwarenregal","RATING_RECONCILED_V2"
"YELLOW_SPLIT_PEAS","gelbe Schälerbsen","APPLICABLE","Getrocknete gelbe geschälte und halbierte Erbsen; für Suppen, Pürees und Eintöpfe geeignet.","GENERAL_LOCAL","Katalogpfad Spalterbsen → Erbsen → Hülsenfrüchte. Warengruppe Hülsenfrucht, formrelevanter Prüfhinweis aus der vollständigen Definition: »für Suppen, Pürees und Eintöpfe geeignet«. Regelweg in Bornheim über ortsübliche Vollsortimenter rund um Bornheim, konkret im Bereich »Hülsenfrucht-, Konserven- oder Trockenwarenregal«.","EASY","gelbe Schälerbsen: gewöhnlicher lokaler Bezugsweg über den Bereich »Hülsenfrucht-, Konserven- oder Trockenwarenregal«.","OPTIONAL","gelbe Schälerbsen | Form: für Suppen, Pürees und Eintöpfe geeignet | Bornheim Hülsenfrucht-, Konserven- oder Trockenwarenregal gewöhnlicher Handel",""
"YOGURT","Joghurt","APPLICABLE","Durch Milchsäurekulturen gesäuerte Milch mit cremiger bis stichfester Textur; natur und ohne prägende Zusätze gemeint.","GENERAL_LOCAL","Katalogpfad gesäuertes Milchprodukt → frisches Milchprodukt → Milchprodukte. Warengruppe Milchprodukt, formrelevanter Prüfhinweis aus der vollständigen Definition: »natur und ohne prägende Zusätze gemeint«. Regelweg in Bornheim über die gewöhnliche Bornheimer Auslage »Molkereikühlregal«.","EASY","Joghurt: Breiter Supermarkt- und Discounterstandard.","OPTIONAL","Joghurt | Form: natur und ohne prägende Zusätze gemeint | Bornheim Molkereikühlregal gewöhnlicher Handel","REFERENCE_ANCHOR"
"YUZU","Yuzu","APPLICABLE","Ostasiatische Zitrusfrucht mit intensiv floral-herbem Aroma; meist Saft und Schale, frisch oder ungesüßt konserviert.","SPECIALTY_BROAD","Katalogpfad Zitrusfrucht → Obst. Warengruppe Obst, formrelevanter Prüfhinweis aus der vollständigen Definition: »meist Saft und Schale, frisch oder ungesüßt konserviert«. Breiter einschlägiger Spezialmarkt über die voneinander unabhängigen Händler Feinkost Käfer – 100% Yuzu direct juice 100 ml sowie BOS FOOD – Takada 100% Yuzu juice 1 l.","SPECIALTY","Yuzu ist im einschlägigen Spezialmarkt breit etabliert; dokumentierte reguläre Wege sind die voneinander unabhängigen Händler Feinkost Käfer – 100% Yuzu direct juice 100 ml sowie BOS FOOD – Takada 100% Yuzu juice 1 l.","REQUIRED","Yuzu | Form: meist Saft und Schale, frisch oder ungesüßt konserviert | Deutschland unabhängige Spezialhändler Obst | geprüfte Quellen: Feinkost Käfer – 100% Yuzu direct juice 100 ml ; BOS FOOD – Takada 100% Yuzu juice 1 l","EVIDENCE_REQUIRED|RATING_RECONCILED_V2"
"ZAATAR","Za’atar","APPLICABLE","Levantinische Gewürzmischung typischerweise aus Za’atar-Kraut beziehungsweise Thymian, Sumach, Sesam und Salz; Rezepturen variieren.","GENERAL_BROAD","Katalogpfad Gewürzmischung → Gewürz oder trockenes Würzmittel. Warengruppe Gewürz, formrelevanter Prüfhinweis aus der vollständigen Definition: »Rezepturen variieren«. Allgemein planbarer, aber nicht lokal garantierter Weg über den im v2-Anker festgehaltenen Planweg: Georgias regionaler Fachmarktweg ist planbar.","PLANNED","Za’atar: Georgias regionaler Fachmarktweg ist planbar; Tobias benötigt den breit etablierten arabischen Spezialmarkt.","REQUIRED","Za’atar | Form: Rezepturen variieren | Bornheim gezielter Einkauf Deutschland Gewürz- und Trockenwürzregal | freigegebener v2-Anker","REFERENCE_ANCHOR|PERSON_DIFFERENCE"
"ZUCCHINI","Zucchini","APPLICABLE","Zucchini als mildes, saftiges Fruchtgemüse; grüne und gelbe sowie längliche und runde Sorten sind umfasst.","GENERAL_LOCAL","Katalogpfad Fruchtgemüse → Gemüse. Warengruppe Gemüse oder Pilz, formrelevanter Prüfhinweis aus der vollständigen Definition: »grüne und gelbe sowie längliche und runde Sorten sind umfasst«. Regelweg in Bornheim über ortsübliche Vollsortimenter rund um Bornheim, konkret im Bereich »Obst- und Gemüseabteilung«.","EASY","Zucchini: gewöhnlicher lokaler Bezugsweg über den Bereich »Obst- und Gemüseabteilung«.","OPTIONAL","Zucchini | Form: grüne und gelbe sowie längliche und runde Sorten sind umfasst | Bornheim Obst- und Gemüseabteilung gewöhnlicher Handel",""
