"concept_code"	"display_name"	"review_applicability"	"product_form_basis"	"market_class_georgia"	"market_basis_georgia"	"proposed_availability_georgia"	"availability_note_georgia"	"evidence_requirement_georgia"	"availability_evidence_georgia"	"market_class_tobias"	"market_basis_tobias"	"proposed_availability_tobias"	"availability_note_tobias"	"evidence_requirement_tobias"	"availability_evidence_tobias"	"review_flags"	"approval_status"
"ADZUKI_BEANS"	"Adzukibohnen"	"APPLICABLE"	"Kleine rote Bohnen mit mild-nussigem, leicht süßlichem Geschmack; getrocknet oder vorgegart verwendbar."	"GENERAL_BROAD"	"Katalogpfad Bohnen → Hülsenfrüchte. Warengruppe Hülsenfrucht, formrelevanter Prüfhinweis aus der vollständigen Definition: »getrocknet oder vorgegart verwendbar«. Allgemein planbarer, aber nicht lokal garantierter Weg über einen vorbereiteten Einkauf im gut sortierten Bereich »Hülsenfrucht-, Konserven- oder Trockenwarenregal«."	"PLANNED"	"Adzukibohnen sind in gut sortierten Vollsortimentern und im breiten deutschen Trockenwarenhandel planbar, lokal aber kein verlässlicher Standardartikel."	"OPTIONAL"	""	"GENERAL_BROAD"	"Tobias prüft „Adzukibohnen“ in Rostock über gut sortierte Vollsortimenter und etablierte deutsche Bio- oder Trockenwarenhändler."	"PLANNED"	"Adzukibohnen sind in gut sortierten Vollsortimentern und im breiten deutschen Trockenwarenhandel planbar, lokal aber kein verlässlicher Standardartikel."	"OPTIONAL"	""	"TOBIAS_ROSTOCK_PROFILE"	"PROPOSED_FOR_HUMAN_REVIEW"
"AGAVE_SYRUP"	"Agavendicksaft"	"APPLICABLE"	"Konzentrierter Sirup aus Agaven; süßt neutraler als Honig und bleibt auch kalt gut löslich."	"GENERAL_LOCAL"	"Katalogpfad Sirup → Süßungsmittel. Warengruppe Süßungs- oder Kakaoware, formrelevanter Prüfhinweis aus der vollständigen Definition: »süßt neutraler als Honig und bleibt auch kalt gut löslich«. Regelweg in Bornheim über den lokalen Supermarktbereich »Backzutaten-, Süßwaren- oder Kakaoregal« in Bornheim."	"EASY"	"Agavendicksaft: gewöhnlicher lokaler Bezugsweg über den Bereich »Backzutaten-, Süßwaren- oder Kakaoregal«."	"OPTIONAL"	""	"GENERAL_LOCAL"	"Tobias prüft „Agavendicksaft“ in Rostock über das Back-, Süßwaren- oder Brotregal eines gewöhnlichen großen Rostocker Supermarkts."	"EASY"	"Agavendicksaft: Rostocker Bezugsweg über das Back-, Süßwaren- oder Brotregal eines gewöhnlichen großen Rostocker Supermarkts."	"OPTIONAL"	""	"RATING_RECONCILED_V2|TOBIAS_ROSTOCK_PROFILE"	"PROPOSED_FOR_HUMAN_REVIEW"
"AIOLI"	"Aioli"	"APPLICABLE"	"Knoblauch-Öl-Emulsion nach Aioli-/Allioli-Art; traditionell ohne Ei möglich, moderne Varianten können Ei enthalten. Knoblauch und Öl sind definierend; nicht beliebige Mayonnaise mit Knoblaucharoma."	"GENERAL_LOCAL"	"Katalogpfad fertige Sauce oder Würzpaste → Sauce, Würzmittel oder Paste. Warengruppe Sauce oder Würzpaste, formrelevanter Prüfhinweis aus der vollständigen Definition: »nicht beliebige Mayonnaise mit Knoblaucharoma«. Regelweg in Bornheim über das örtliche Sortiment »Saucen-, Würzpasten- und Feinkostregal« beim Wocheneinkauf in Bornheim."	"EASY"	"Aioli: gewöhnlicher lokaler Bezugsweg über den Bereich »Saucen-, Würzpasten- und Feinkostregal«."	"OPTIONAL"	""	"GENERAL_LOCAL"	"Tobias prüft „Aioli“ in Rostock über das Saucen-, Essig- oder Feinkostregal eines gewöhnlichen großen Rostocker Supermarkts."	"EASY"	"Aioli: Rostocker Bezugsweg über das Saucen-, Essig- oder Feinkostregal eines gewöhnlichen großen Rostocker Supermarkts."	"OPTIONAL"	""	"TOBIAS_ROSTOCK_PROFILE"	"PROPOSED_FOR_HUMAN_REVIEW"
"AJVAR"	"Ajvar"	"APPLICABLE"	"Balkanische Paprikazubereitung aus gerösteter Paprika, häufig mit Aubergine; als fertige Würzpaste oder Beilage gemeint."	"GENERAL_LOCAL"	"Katalogpfad Paprika → konservierte pflanzliche Zutat → fertige Sauce oder Würzpaste → Fruchtgemüse. Warengruppe Sauce oder Würzpaste, formrelevanter Prüfhinweis aus der vollständigen Definition: »als fertige Würzpaste oder Beilage gemeint«. Regelweg in Bornheim über den regulären Bornheimer Regalweg »Saucen-, Würzpasten- und Feinkostregal«."	"EASY"	"Ajvar: gewöhnlicher lokaler Bezugsweg über den Bereich »Saucen-, Würzpasten- und Feinkostregal«."	"OPTIONAL"	""	"GENERAL_LOCAL"	"Für „Ajvar“ führt der Rostocker Marktweg über das Saucen-, Essig- oder Feinkostregal eines gewöhnlichen großen Rostocker Supermarkts."	"EASY"	"Ajvar: Rostocker Bezugsweg über das Saucen-, Essig- oder Feinkostregal eines gewöhnlichen großen Rostocker Supermarkts."	"OPTIONAL"	""	"RATING_RECONCILED_V2|TOBIAS_ROSTOCK_PROFILE"	"PROPOSED_FOR_HUMAN_REVIEW"
"AJWAIN"	"Ajwain"	"APPLICABLE"	"Kräftig thymianartig schmeckende Samenfrucht, die meist sparsam und häufig angeröstet als Gewürz verwendet wird."	"SPECIALTY_BROAD"	"Katalogpfad Gewürz oder trockenes Würzmittel. Warengruppe Gewürz, formrelevanter Prüfhinweis aus der vollständigen Definition: »sparsam und häufig angeröstet als Gewürz verwendet wird«. Breiter einschlägiger Spezialmarkt über die voneinander unabhängigen Händler Sairas – TRS Ajwain Seeds sowie AsianBrand – Ajwain/Ajowan."	"SPECIALTY"	"Ajwain ist als ganze Samen im indisch geprägten Gewürzhandel breit etabliert, im allgemeinen Handel aber kein Standardartikel."	"REQUIRED"	"AV2N-A-0001|AV2N-A-0002"	"SPECIALTY_BROAD"	"Tobias prüft „Ajwain“ in Rostock über AsianBrand – Ajwain/Ajowan und Sairas – TRS Ajwain Seeds, wobei die Evidenz ein dokumentiertes laufendes Angebot und Standardversand ausweist."	"SPECIALTY"	"Ajwain ist als ganze Samen im indisch geprägten Gewürzhandel breit etabliert, im allgemeinen Handel aber kein Standardartikel."	"REQUIRED"	"AV2N-A-0001|AV2N-A-0002"	"EVIDENCE_REQUIRED|RESEARCH_REQUIRED|SPECIALTY_MARKET_BREADTH|TOBIAS_ROSTOCK_PROFILE"	"PROPOSED_FOR_HUMAN_REVIEW"
"ALFALFA_SPROUTS"	"Alfalfasprossen"	"APPLICABLE"	"Zarte Luzernensprossen mit mild-grünem Geschmack; vor allem roh oder nur sehr kurz erhitzt verwendbar."	"GENERAL_BROAD"	"Katalogpfad Sprossen → Gemüse. Warengruppe Gemüse oder Pilz, formrelevanter Prüfhinweis aus der vollständigen Definition: »vor allem roh oder nur sehr kurz erhitzt verwendbar«. Für Georgia führt der formgenaue Weg vom Bornheimer Standort über „Obst- und Gemüseabteilung mit vorab zu prüfendem Filialbestand“."	"PLANNED"	"Frische Alfalfasprossen sind über gut sortierte Gemüseabteilungen planbar; der konkrete Filialbestand muss vor dem Einkauf geprüft werden."	"OPTIONAL"	""	"GENERAL_BROAD"	"Tobias prüft „Alfalfasprossen“ in Rostock über gut sortierte Vollsortimenter und etablierte deutsche Gemüse- oder Frischehändler."	"PLANNED"	"Frische Alfalfasprossen sind über gut sortierte Gemüseabteilungen planbar; der konkrete Filialbestand muss vor dem Einkauf geprüft werden."	"OPTIONAL"	""	"TOBIAS_ROSTOCK_PROFILE"	"PROPOSED_FOR_HUMAN_REVIEW"
"ALIGUE"	"Aligue"	"APPLICABLE"	"Philippinische Würzpaste aus ausgelassenem Krabbenfett mit intensiv meeresfruchtig-röstigem Aroma; meist sparsam zum Aromatisieren verwendet."	"NICHE_IMPORT"	"Der freigegebene v2-Anker hält DIFFICULT wegen des sehr engen philippinischen Nischenimports fest; er ist eine Wertfreigabe, keine Händler- oder Bestandsprüfung. Ein robuster deutscher Spezialmarkt ist aktuell nicht belegt."	"DIFFICULT"	"Aligue bleibt auf wenige philippinische Importwege ohne aktuell belegten robusten deutschen Händlerweg beschränkt."	"REQUIRED"	"AV2E-075"	"NICHE_IMPORT"	"Der freigegebene v2-Anker hält DIFFICULT wegen des sehr engen philippinischen Nischenimports fest; er ist eine Wertfreigabe, keine Händler- oder Bestandsprüfung. Ein robuster deutscher Spezialmarkt ist aktuell nicht belegt."	"DIFFICULT"	"Aligue bleibt auf wenige philippinische Importwege ohne aktuell belegten robusten deutschen Händlerweg beschränkt."	"REQUIRED"	"AV2E-075"	"EVIDENCE_REQUIRED|FORM_OR_LOGISTICS_RISK|FORM_OR_ROUTE_FRAGILE|REFERENCE_ANCHOR|REFERENCE_ANCHOR_V2|RESEARCH_REQUIRED|TOBIAS_ROSTOCK_PROFILE"	"RATING_APPROVED_NOTE_PROPOSED_REFERENCE_ANCHOR_V2"
"ALLIUM_VEGETABLES"	"Lauch- und Zwiebelgemüse"	"APPLICABLE"	"Offene Vorgabe für Zwiebel-, Lauch- und verwandte Gemüsearten mit schwefelig-aromatischer Würzwirkung."	"GENERAL_LOCAL"	"Katalogpfad Gemüse. Warengruppe Gemüse oder Pilz, formrelevanter Prüfhinweis aus der vollständigen Definition: »Zwiebel-, Lauch- und verwandte Gemüsearten mit schwefelig-aromatischer Würzwirkung«. Regelweg in Bornheim über ortsübliche Vollsortimenter rund um Bornheim, konkret im Bereich »Obst- und Gemüseabteilung«."	"EASY"	"Lauch- und Zwiebelgemüse: gewöhnlicher lokaler Bezugsweg über den Bereich »Obst- und Gemüseabteilung«."	"OPTIONAL"	""	"GENERAL_LOCAL"	"Tobias prüft „Lauch- und Zwiebelgemüse“ in Rostock über die Gemüseabteilung eines gewöhnlichen großen Rostocker Supermarkts."	"EASY"	"Lauch- und Zwiebelgemüse: Rostocker Bezugsweg über die Gemüseabteilung eines gewöhnlichen großen Rostocker Supermarkts."	"OPTIONAL"	""	"TOBIAS_ROSTOCK_PROFILE"	"PROPOSED_FOR_HUMAN_REVIEW"
"ALLSPICE"	"Piment"	"APPLICABLE"	"Getrocknete Pimentbeeren mit Aromen, die an Nelke, Zimt und Muskat erinnern; nicht mit einer Gewürzmischung verwechseln."	"GENERAL_LOCAL"	"Katalogpfad Gewürz oder trockenes Würzmittel. Warengruppe Gewürz, formrelevanter Prüfhinweis aus der vollständigen Definition: »nicht mit einer Gewürzmischung verwechseln«. Regelweg in Bornheim über ortsübliche Vollsortimenter rund um Bornheim, konkret im Bereich »Gewürz- und Trockenwürzregal«."	"EASY"	"Piment: gewöhnlicher lokaler Bezugsweg über den Bereich »Gewürz- und Trockenwürzregal«."	"OPTIONAL"	""	"GENERAL_LOCAL"	"Tobias prüft „Piment“ in Rostock über das Gewürz- oder Backregal eines gewöhnlichen großen Rostocker Supermarkts."	"EASY"	"Piment: Rostocker Bezugsweg über das Gewürz- oder Backregal eines gewöhnlichen großen Rostocker Supermarkts."	"OPTIONAL"	""	"TOBIAS_ROSTOCK_PROFILE"	"PROPOSED_FOR_HUMAN_REVIEW"
"ALMOND"	"Mandeln"	"APPLICABLE"	"Mandeln mit mild-nussigem Geschmack; ganz, gehackt, gemahlen oder blanchiert einsetzbar."	"GENERAL_LOCAL"	"Katalogpfad Nüsse. Warengruppe Nuss, Saat oder Mus, formrelevanter Prüfhinweis aus der vollständigen Definition: »ganz, gehackt, gemahlen oder blanchiert einsetzbar«. Regelweg in Bornheim über das örtliche Sortiment »Nuss-, Saaten- oder Nussmusregal« beim Wocheneinkauf in Bornheim."	"EASY"	"Mandeln: gewöhnlicher lokaler Bezugsweg über den Bereich »Nuss-, Saaten- oder Nussmusregal«."	"OPTIONAL"	""	"GENERAL_LOCAL"	"Mandeln: geprüft wird das Nuss-, Saaten- und Backregal gewöhnlicher großer Rostocker Supermärkte; der Treffer darf ganze, gehackte, gemahlene oder blanchierte Mandeln abdecken."	"EASY"	"Mandeln: geprüft wird das Nuss-, Saaten- und Backregal gewöhnlicher großer Rostocker Supermärkte; der Treffer darf ganze, gehackte, gemahlene oder blanchierte Mandeln abdecken."	"OPTIONAL"	""	"TOBIAS_ROSTOCK_PROFILE"	"PROPOSED_FOR_HUMAN_REVIEW"
"ALMOND_BUTTER"	"Mandelmus"	"APPLICABLE"	"Fein vermahlene Mandelpaste, ungesüßt oder leicht gesüßt; nicht Marzipan oder bloßes Mandelaroma."	"GENERAL_BROAD"	"Katalogpfad Mandeln → Nuss- oder Samenpaste → Nüsse → Sauce, Würzmittel oder Paste. Warengruppe Nuss- oder Saatenpaste, formrelevanter Prüfhinweis aus der vollständigen Definition: »nicht Marzipan oder bloßes Mandelaroma«. Allgemein planbarer, aber nicht lokal garantierter Weg über einen vorbereiteten Einkauf im gut sortierten Bereich »Aufstrich-, Nussmus- oder Feinkostregal«."	"PLANNED"	"Mandelmus ist über einen vorbereiteten Einkauf im gut sortierten Bereich »Aufstrich-, Nussmus- oder Feinkostregal« im allgemeinen deutschen Handel planbar, lokal aber kein verlässlicher Standardartikel."	"OPTIONAL"	""	"GENERAL_BROAD"	"Tobias prüft „Mandelmus“ in Rostock über gut sortierte Vollsortimenter und etablierte deutsche Nuss- oder Biohändler."	"PLANNED"	"Mandelmus: Rostocker Bezugsweg über gut sortierte Vollsortimenter und etablierte deutsche Nuss- oder Biohändler."	"OPTIONAL"	""	"TOBIAS_ROSTOCK_PROFILE"	"PROPOSED_FOR_HUMAN_REVIEW"
"ALMOND_DRINK"	"Mandeldrink"	"APPLICABLE"	"Flüssiger Pflanzendrink auf Mandelbasis; gesüßte und ungesüßte Varianten sind umfasst."	"GENERAL_LOCAL"	"Katalogpfad pflanzlicher Drink. Warengruppe Pflanzendrink, formrelevanter Prüfhinweis aus der vollständigen Definition: »gesüßte und ungesüßte Varianten sind umfasst«. Regelweg in Bornheim über nahe Supermarktfilialen in Bornheim mit dem Bereich »Regal für haltbare oder gekühlte Pflanzendrinks«."	"EASY"	"Mandeldrink: gewöhnlicher lokaler Bezugsweg über den Bereich »Regal für haltbare oder gekühlte Pflanzendrinks«."	"OPTIONAL"	""	"GENERAL_LOCAL"	"Tobias prüft „Mandeldrink“ in Rostock über das Pflanzendrinkregal eines gewöhnlichen großen Rostocker Supermarkts."	"EASY"	"Mandeldrink: Rostocker Bezugsweg über das Pflanzendrinkregal eines gewöhnlichen großen Rostocker Supermarkts."	"OPTIONAL"	""	"RATING_RECONCILED_V2|TOBIAS_ROSTOCK_PROFILE"	"PROPOSED_FOR_HUMAN_REVIEW"
"AMARANTH"	"Amaranth"	"APPLICABLE"	"Kleine glutenfreie Pseudogetreidekörner mit leicht nussigem Geschmack; ganz gekocht oder gepufft verwendbar."	"GENERAL_BROAD"	"Katalogpfad Getreide oder Pseudogetreide → stärkehaltige Zutat oder Sättigungsbeilage. Warengruppe Getreide- oder Stärkeware, formrelevanter Prüfhinweis aus der vollständigen Definition: »ganz gekocht oder gepufft verwendbar«. Allgemein planbarer, aber nicht lokal garantierter Weg über eine gezielte Filial- oder Bestellprüfung für Getreide- oder Stärkeware im allgemeinen deutschen Handel."	"PLANNED"	"Amaranth ist über eine gezielte Filial- oder Bestellprüfung für Getreide- oder Stärkeware im allgemeinen deutschen Handel planbar, lokal aber kein verlässlicher Standardartikel."	"OPTIONAL"	""	"GENERAL_BROAD"	"Für „Amaranth“ führt der Rostocker Marktweg über gut sortierte Vollsortimenter und etablierte deutsche Bio- oder Trockenwarenhändler."	"PLANNED"	"Amaranth: Rostocker Bezugsweg über gut sortierte Vollsortimenter und etablierte deutsche Bio- oder Trockenwarenhändler."	"OPTIONAL"	""	"TOBIAS_ROSTOCK_PROFILE"	"PROPOSED_FOR_HUMAN_REVIEW"
"ANCHO_CHILI"	"Ancho-Chili"	"APPLICABLE"	"Getrocknete reife Poblano-Chili mit milder Schärfe und fruchtig-rosinigem Aroma; nicht die frische grüne Poblano."	"SPECIALTY_BROAD"	"Katalogpfad getrocknete Chili → Gewürz oder trockenes Würzmittel. Warengruppe Gewürz, formrelevanter Prüfhinweis aus der vollständigen Definition: »nicht die frische grüne Poblano«. Breiter einschlägiger Spezialmarkt über die voneinander unabhängigen Händler MTG Gewürze – Ancho Chili sowie Hola Mexico – mexikanischer Fachhandel."	"SPECIALTY"	"Ancho-Chili ist im einschlägigen Spezialmarkt breit etabliert; dokumentierte reguläre Wege sind die voneinander unabhängigen Händler MTG Gewürze – Ancho Chili sowie Hola Mexico – mexikanischer Fachhandel."	"REQUIRED"	"AV2N-A-0003|AV2N-A-0004"	"SPECIALTY_BROAD"	"Tobias prüft „Ancho-Chili“ in Rostock über Hola Mexico – mexikanischer Fachhandel und MTG Gewürze – Ancho Chili, wobei die Evidenz eine vor dem Einkauf erneut zu prüfende Verfügbarkeit und Standardversand ausweist."	"SPECIALTY"	"Ancho-Chili: Rostocker Bezugsweg über Hola Mexico – mexikanischer Fachhandel und MTG Gewürze – Ancho Chili; dokumentiert sind eine vor dem Einkauf erneut zu prüfende Verfügbarkeit und Standardversand."	"REQUIRED"	"AV2N-A-0003|AV2N-A-0004"	"EVIDENCE_REQUIRED|FORM_SENSITIVE|RESEARCH_REQUIRED|SPECIALTY_MARKET_BREADTH|TOBIAS_ROSTOCK_PROFILE"	"PROPOSED_FOR_HUMAN_REVIEW"
"ANCHOVIES"	"Sardellen"	"APPLICABLE"	"Kleine fettreiche Fische, als Kochzutat meist gesalzen und in Öl oder Lake konserviert; lösen sich beim Garen oft würzend auf."	"GENERAL_LOCAL"	"Katalogpfad fettreicher Fisch → Fisch → Fisch und Meeresfrüchte. Warengruppe konservierter Fisch, formrelevanter Prüfhinweis aus der vollständigen Definition: »lösen sich beim Garen oft würzend auf«. Regelweg in Bornheim über den Bereich »Fischkonserven- oder internationales Trockenwarenregal« eines gewöhnlichen Bornheimer Vollsortimenters."	"EASY"	"Sardellen: gewöhnlicher lokaler Bezugsweg über den Bereich »Fischkonserven- oder internationales Trockenwarenregal«."	"OPTIONAL"	""	"GENERAL_LOCAL"	"Tobias prüft „Sardellen“ in Rostock über das Fischkonserven- oder haltbare Seafood-Regal eines gewöhnlichen großen Rostocker Supermarkts."	"EASY"	"Sardellen: Rostocker Bezugsweg über das Fischkonserven- oder haltbare Seafood-Regal eines gewöhnlichen großen Rostocker Supermarkts."	"OPTIONAL"	""	"RATING_RECONCILED_V2|TOBIAS_ROSTOCK_PROFILE"	"PROPOSED_FOR_HUMAN_REVIEW"
"ANNATTO"	"Annatto"	"APPLICABLE"	"Samen des Achiote-Strauchs, die Speisen orange-rot färben und mild erdig-pfeffrig würzen; ganz oder gemahlen verwendbar."	"SPECIALTY_BROAD"	"Katalogpfad Gewürz oder trockenes Würzmittel. Warengruppe Gewürz, formrelevanter Prüfhinweis aus der vollständigen Definition: »ganz oder gemahlen verwendbar«. Breiter einschlägiger Spezialmarkt über die voneinander unabhängigen Händler My Asia Shop – Annatto Samen sowie Asia4Friends – Gewürze."	"SPECIALTY"	"Annatto ist im einschlägigen Spezialmarkt breit etabliert; dokumentierte reguläre Wege sind die voneinander unabhängigen Händler My Asia Shop – Annatto Samen sowie Asia4Friends – Gewürze."	"REQUIRED"	"AV2N-A-0005|AV2N-A-0006"	"SPECIALTY_BROAD"	"Tobias prüft „Annatto“ in Rostock über Asia4Friends – Gewürze und My Asia Shop – Annatto Samen, wobei die Evidenz ein dokumentiertes laufendes Angebot und Standardversand ausweist."	"SPECIALTY"	"Annatto: Rostocker Bezugsweg über Asia4Friends – Gewürze und My Asia Shop – Annatto Samen; dokumentiert sind ein dokumentiertes laufendes Angebot und Standardversand."	"REQUIRED"	"AV2N-A-0005|AV2N-A-0006"	"EVIDENCE_REQUIRED|RESEARCH_REQUIRED|SPECIALTY_MARKET_BREADTH|TOBIAS_ROSTOCK_PROFILE"	"PROPOSED_FOR_HUMAN_REVIEW"
"APPLE"	"Apfel"	"APPLICABLE"	"Apfel als frische Frucht; Sorte und Verhältnis von Süße, Säure und Festigkeit bleiben offen."	"GENERAL_LOCAL"	"Katalogpfad Kernobst → Obst. Warengruppe Obst, formrelevanter Prüfhinweis aus der vollständigen Definition: »Sorte und Verhältnis von Süße, Säure und Festigkeit bleiben offen«. Regelweg in Bornheim über den lokalen Supermarktbereich »Obst- und Gemüseabteilung« in Bornheim."	"EASY"	"Apfel: gewöhnlicher lokaler Bezugsweg über den Bereich »Obst- und Gemüseabteilung«."	"OPTIONAL"	""	"GENERAL_LOCAL"	"Tobias prüft „Apfel“ in Rostock über die Obstabteilung eines gewöhnlichen großen Rostocker Supermarkts."	"EASY"	"Apfel: Rostocker Bezugsweg über die Obstabteilung eines gewöhnlichen großen Rostocker Supermarkts."	"OPTIONAL"	""	"FORM_SENSITIVE|TOBIAS_ROSTOCK_PROFILE"	"PROPOSED_FOR_HUMAN_REVIEW"
"APPLE_CIDER_VINEGAR"	"Apfelessig"	"APPLICABLE"	"Aus Apfelwein vergorener Essig mit fruchtiger Säure; nicht Apfelsaft oder Cider."	"GENERAL_LOCAL"	"Katalogpfad Essig. Warengruppe Speiseessig, formrelevanter Prüfhinweis aus der vollständigen Definition: »nicht Apfelsaft oder Cider«. Regelweg in Bornheim über den regulären Bornheimer Regalweg »Essig- und Ölregal«."	"EASY"	"Apfelessig: gewöhnlicher lokaler Bezugsweg über den Bereich »Essig- und Ölregal«."	"OPTIONAL"	""	"GENERAL_LOCAL"	"Die Beschaffung von „Apfelessig“ erfolgt in Rostock über das Saucen-, Essig- oder Feinkostregal eines gewöhnlichen großen Rostocker Supermarkts."	"EASY"	"Apfelessig: gewöhnlicher lokaler Bezugsweg über den Bereich »Apfelessig«."	"OPTIONAL"	""	"TOBIAS_ROSTOCK_PROFILE"	"PROPOSED_FOR_HUMAN_REVIEW"
"APRICOT"	"Aprikose"	"APPLICABLE"	"Aprikose als frische oder ungesüßt tiefgekühlte Steinfrucht mit süß-säuerlichem, aromatischem Fruchtfleisch."	"GENERAL_LOCAL"	"Katalogpfad Steinobst → Obst. Warengruppe Obst, formrelevanter Prüfhinweis aus der vollständigen Definition: »oder ungesüßt tiefgekühlte Steinfrucht mit süß-säuerlichem, aromatischem Fruchtfleisch«. Regelweg in Bornheim über den regulären Bornheimer Regalweg »Obst- und Gemüseabteilung«."	"EASY"	"Aprikose: gewöhnlicher lokaler Bezugsweg über den Bereich »Obst- und Gemüseabteilung«."	"OPTIONAL"	""	"GENERAL_LOCAL"	"Tobias prüft „Aprikose“ in Rostock über den Obst- oder Tiefkühlobstbereich eines gewöhnlichen großen Rostocker Supermarkts."	"EASY"	"Aprikose: Rostocker Bezugsweg über den Obst- oder Tiefkühlobstbereich eines gewöhnlichen großen Rostocker Supermarkts."	"OPTIONAL"	""	"FORM_SENSITIVE|TOBIAS_ROSTOCK_PROFILE"	"PROPOSED_FOR_HUMAN_REVIEW"
"AQUAVIT"	"Aquavit"	"APPLICABLE"	"Mit Kümmel, Dill oder anderen Gewürzen aromatisierte skandinavische Spirituose, die sich auch zum Würzen beim Kochen eignet; nicht auf eine Marke oder ein nationales Rezept beschränkt."	"GENERAL_BROAD"	"Kräuter-Kornspirituose im allgemeinen Deutschlandversand; Conalco führt O.P. Anderson Dill Bio mit Dill und Kümmel lagernd und kurzfristig lieferbar, während ein regulärer Bornheimer Spirituosenbestand nicht vorausgesetzt wird."	"PLANNED"	"Aquavit: Kräuter-Kornspirituose im allgemeinen Deutschlandversand; Conalco führt O.P. Anderson Dill Bio mit Dill und Kümmel lagernd und kurzfristig lieferbar, während ein regulärer Bornheimer Spirituosenbestand nicht vorausgesetzt wird."	"REQUIRED"	"AV2N-A-0007"	"GENERAL_BROAD"	"Kräuter-Kornspirituose im allgemeinen Deutschlandversand; Conalco führt O.P. Anderson Dill Bio mit Dill und Kümmel lagernd, ein verlässlicher Rostocker Regalbestand ist dagegen nicht belegt."	"PLANNED"	"Aquavit: Kräuter-Kornspirituose im allgemeinen Deutschlandversand; Conalco führt O.P. Anderson Dill Bio mit Dill und Kümmel lagernd, ein verlässlicher Rostocker Regalbestand ist dagegen nicht belegt."	"REQUIRED"	"AV2N-A-0007"	"BORDERLINE_PLANNED|EVIDENCE_REQUIRED|RESEARCH_REQUIRED|TOBIAS_ROSTOCK_PROFILE"	"PROPOSED_FOR_HUMAN_REVIEW"
"ARTICHOKE"	"Artischocke"	"APPLICABLE"	"Essbare Blütenknospe mit fleischigem Boden und herb-nussigem Geschmack; frisch oder schlicht konserviert verwendbar."	"GENERAL_BROAD"	"Rapunzel Onlineshop – Artischockenherzen in Lake 200 g belegt formgenau: Rapunzels eigener Shop führt halbierte oder geviertelte Artischockenherzen in Wasser, Apfelessig und Salz als sofort verfügbare 200-g-Glasware. Für Georgia in Bornheim gilt: Deutschlandweiter Standardversand nach Bornheim und Rostock; 1–3 Werktage; Logistik STANDARD_SHIPPING. Belegt ist die schlicht konservierte Form, nicht die saisonale frische Knospe; nach Öffnung muss das Glas gekühlt werden."	"PLANNED"	"Artischocke: Rapunzels eigener Shop führt halbierte oder geviertelte Artischockenherzen in Wasser, Apfelessig und Salz als sofort verfügbare 200-g-Glasware."	"OPTIONAL"	"AV2N-A-0008|AV2N-P-0001"	"GENERAL_BROAD"	"Rapunzel Onlineshop – Artischockenherzen in Lake 200 g belegt formgenau: Rapunzels eigener Shop führt halbierte oder geviertelte Artischockenherzen in Wasser, Apfelessig und Salz als sofort verfügbare 200-g-Glasware. Für Tobias in Rostock gilt: Deutschlandweiter Standardversand nach Bornheim und Rostock; 1–3 Werktage; Logistik STANDARD_SHIPPING. Belegt ist die schlicht konservierte Form, nicht die saisonale frische Knospe; nach Öffnung muss das Glas gekühlt werden."	"PLANNED"	"Artischocke: Rapunzels eigener Shop führt halbierte oder geviertelte Artischockenherzen in Wasser, Apfelessig und Salz als sofort verfügbare 200-g-Glasware."	"REQUIRED"	"AV2N-A-0008|AV2N-P-0001"	"FORM_SENSITIVE|RESEARCH_REQUIRED|TOBIAS_ROSTOCK_PROFILE"	"PROPOSED_FOR_HUMAN_REVIEW"
"ARUGULA"	"Rucola"	"APPLICABLE"	"Pfeffrig-scharfer Blattsalat, auch Rauke genannt; roh oder kurz zusammenfallend einsetzbar."	"GENERAL_LOCAL"	"Katalogpfad Blattsalat → Blattgemüse → Gemüse. Warengruppe Gemüse oder Pilz, formrelevanter Prüfhinweis aus der vollständigen Definition: »roh oder kurz zusammenfallend einsetzbar«. Regelweg in Bornheim über ortsübliche Vollsortimenter rund um Bornheim, konkret im Bereich »Obst- und Gemüseabteilung«."	"EASY"	"Rucola: gewöhnlicher lokaler Bezugsweg über den Bereich »Obst- und Gemüseabteilung«."	"OPTIONAL"	""	"GENERAL_LOCAL"	"Für „Rucola“ führt der Rostocker Marktweg über die Gemüseabteilung eines gewöhnlichen großen Rostocker Supermarkts."	"EASY"	"Rucola: Rostocker Bezugsweg über die Gemüseabteilung eines gewöhnlichen großen Rostocker Supermarkts."	"OPTIONAL"	""	"TOBIAS_ROSTOCK_PROFILE"	"PROPOSED_FOR_HUMAN_REVIEW"
"ASPARAGUS"	"Spargel"	"APPLICABLE"	"Spargel als offene Farb- und Sortenwahl; grüner und weißer Spargel sind bekannte Ausprägungen mit unterschiedlicher Zubereitung."	"GENERAL_LOCAL"	"Katalogpfad Stängelgemüse → Gemüse. Warengruppe Gemüse oder Pilz, formrelevanter Prüfhinweis aus der vollständigen Definition: »grüner und weißer Spargel sind bekannte Ausprägungen mit unterschiedlicher Zubereitung«. Regelweg in Bornheim über den regulären Bornheimer Regalweg »Obst- und Gemüseabteilung«."	"EASY"	"Spargel: gewöhnlicher lokaler Bezugsweg über den Bereich »Obst- und Gemüseabteilung«."	"OPTIONAL"	""	"GENERAL_LOCAL"	"Die Beschaffung von „Spargel“ erfolgt in Rostock über die Gemüseabteilung eines gewöhnlichen großen Rostocker Supermarkts."	"EASY"	"Spargel: gewöhnlicher lokaler Bezugsweg über den Bereich »Spargel«."	"OPTIONAL"	""	"TOBIAS_ROSTOCK_PROFILE"	"PROPOSED_FOR_HUMAN_REVIEW"
"AVOCADO"	"Avocado"	"APPLICABLE"	"Cremige, fettreiche Frucht mit mild-nussigem Geschmack; gemeint ist das Fruchtfleisch, nicht Avocadoöl."	"GENERAL_LOCAL"	"Katalogpfad Tropenfrucht → Obst. Warengruppe Obst, formrelevanter Prüfhinweis aus der vollständigen Definition: »gemeint ist das Fruchtfleisch, nicht Avocadoöl«. Regelweg in Bornheim über ortsübliche Vollsortimenter rund um Bornheim, konkret im Bereich »Obst- und Gemüseabteilung«."	"EASY"	"Avocado: gewöhnlicher lokaler Bezugsweg über den Bereich »Obst- und Gemüseabteilung«."	"OPTIONAL"	""	"GENERAL_LOCAL"	"Für „Avocado“ führt der Rostocker Marktweg über die Obstabteilung eines gewöhnlichen großen Rostocker Supermarkts."	"EASY"	"Avocado: Rostocker Bezugsweg über die Obstabteilung eines gewöhnlichen großen Rostocker Supermarkts."	"OPTIONAL"	""	"TOBIAS_ROSTOCK_PROFILE"	"PROPOSED_FOR_HUMAN_REVIEW"
"BACON"	"Bacon"	"APPLICABLE"	"Gepökelter, meist geräucherter Schweinebauch nach Bacon-Art; Scheibendicke und Räucherung können variieren."	"GENERAL_LOCAL"	"Katalogpfad gepökeltes oder luftgetrocknetes Fleisch → Schweinefleisch → Fleisch. Warengruppe Wurst oder Pökelfleisch, formrelevanter Prüfhinweis aus der vollständigen Definition: »Scheibendicke und Räucherung können variieren«. Regelweg in Bornheim über den Bereich »Wurstkühlung oder Bedientheke« eines gewöhnlichen Bornheimer Vollsortimenters."	"EASY"	"Bacon: gewöhnlicher lokaler Bezugsweg über den Bereich »Wurstkühlung oder Bedientheke«."	"OPTIONAL"	""	"GENERAL_LOCAL"	"Tobias prüft „Bacon“ in Rostock über die Fleischkühlung oder Bedientheke eines gewöhnlichen großen Rostocker Supermarkts."	"EASY"	"Bacon: Rostocker Bezugsweg über die Fleischkühlung oder Bedientheke eines gewöhnlichen großen Rostocker Supermarkts."	"OPTIONAL"	""	"TOBIAS_ROSTOCK_PROFILE"	"PROPOSED_FOR_HUMAN_REVIEW"
"BAGOONG"	"Bagoong"	"APPLICABLE"	"Offene philippinische Familie salzig-fermentierter Fisch- oder Garnelenwürzen; die konkrete tierische Basis bleibt wählbar."	"NICHE_IMPORT"	"Katalogpfad fermentierte Würzzutat → fertige Sauce oder Würzpaste → Sauce, Würzmittel oder Paste. Warengruppe Sauce oder Würzpaste, formrelevanter Prüfhinweis aus der vollständigen Definition: »die konkrete tierische Basis bleibt wählbar«. Der v2-Anker hält den Engpass fest: Trotz mehrerer Listings bleibt der Markt überwiegend auf philippinische beziehungsweise eng importierende Händler beschränkt kein breiter allgemeiner Asia-Spezialmarkt."	"DIFFICULT"	"Bagoong bleibt auf wenige philippinische Importhändler beschränkt; mehrere Listings bilden noch keinen breiten allgemeinen Asia-Spezialmarkt."	"REQUIRED"	"AV2E-069"	"NICHE_IMPORT"	"Bagoong bleibt auf wenige philippinische Importhändler beschränkt; mehrere Listings bilden noch keinen breiten allgemeinen Asia-Spezialmarkt."	"DIFFICULT"	"Bagoong bleibt auf wenige philippinische Importhändler beschränkt; mehrere Listings bilden noch keinen breiten allgemeinen Asia-Spezialmarkt."	"REQUIRED"	"AV2E-069"	"EVIDENCE_REQUIRED|FORM_OR_LOGISTICS_RISK|FORM_OR_ROUTE_FRAGILE|REFERENCE_ANCHOR|REFERENCE_ANCHOR_V2|RESEARCH_REQUIRED|TOBIAS_ROSTOCK_PROFILE"	"RATING_APPROVED_NOTE_PROPOSED_REFERENCE_ANCHOR_V2"
"BAGOONG_ALAMANG"	"Bagoong alamang"	"APPLICABLE"	"Philippinische salzig-fermentierte Würzpaste aus kleinen Garnelen oder Krill; kräftig umamireich und nicht mit fischbasiertem Bagoong gleichzusetzen."	"NICHE_IMPORT"	"Katalogpfad Bagoong → Garnelenpaste → fermentierte Würzzutat → fertige Sauce oder Würzpaste. Warengruppe Sauce oder Würzpaste, formrelevanter Prüfhinweis aus der vollständigen Definition: »kräftig umamireich und nicht mit fischbasiertem Bagoong gleichzusetzen«. Der v2-Anker hält den Engpass fest: Mehrere Angebote stammen aus engem philippinischem Importmarkt Varianten und Bestände sind nicht mit breiter Spezialmarktpräsenz gleichzusetzen."	"DIFFICULT"	"Bagoong alamang bleibt auf wenige philippinische Importhändler mit wechselnden Varianten und Beständen beschränkt."	"REQUIRED"	"AV2E-070"	"NICHE_IMPORT"	"Bagoong alamang bleibt auf wenige philippinische Importhändler mit wechselnden Varianten und Beständen beschränkt."	"DIFFICULT"	"Bagoong alamang bleibt auf wenige philippinische Importhändler mit wechselnden Varianten und Beständen beschränkt."	"REQUIRED"	"AV2E-070"	"EVIDENCE_REQUIRED|FORM_OR_LOGISTICS_RISK|FORM_OR_ROUTE_FRAGILE|REFERENCE_ANCHOR|REFERENCE_ANCHOR_V2|RESEARCH_REQUIRED|TOBIAS_ROSTOCK_PROFILE"	"RATING_APPROVED_NOTE_PROPOSED_REFERENCE_ANCHOR_V2"
"BAGOONG_ISDA"	"Bagoong isda"	"APPLICABLE"	"Philippinische salzig-fermentierte Würzzutat auf Fischbasis; Fischart und flüssige oder pastöse Konsistenz können regional variieren."	"NICHE_IMPORT"	"Katalogpfad Bagoong → fermentierte Würzzutat → fertige Sauce oder Würzpaste → Sauce, Würzmittel oder Paste. Warengruppe Sauce oder Würzpaste, formrelevanter Prüfhinweis aus der vollständigen Definition: »Fischart und flüssige oder pastöse Konsistenz können regional variieren«. Der v2-Anker hält den Engpass fest: Fischbasiertes Bagoong ist enger als die bereits nischige Garnelenform wenige nationale Importwege und hohe Formverwechslungsgefahr."	"DIFFICULT"	"Fischbasiertes Bagoong ist nur über wenige philippinische Importwege belegt; regionale Varianten erhöhen die Formverwechslungsgefahr."	"REQUIRED"	"AV2E-071"	"NICHE_IMPORT"	"Fischbasiertes Bagoong ist nur über wenige philippinische Importwege belegt; regionale Varianten erhöhen die Formverwechslungsgefahr."	"DIFFICULT"	"Fischbasiertes Bagoong ist nur über wenige philippinische Importwege belegt; regionale Varianten erhöhen die Formverwechslungsgefahr."	"REQUIRED"	"AV2E-071"	"EVIDENCE_REQUIRED|FORM_OR_LOGISTICS_RISK|FORM_OR_ROUTE_FRAGILE|REFERENCE_ANCHOR|REFERENCE_ANCHOR_V2|RESEARCH_REQUIRED|TOBIAS_ROSTOCK_PROFILE"	"RATING_APPROVED_NOTE_PROPOSED_REFERENCE_ANCHOR_V2"
"BAGUETTE"	"Baguette"	"APPLICABLE"	"Langes französisches Weizenbrot mit kräftiger Kruste und luftiger Krume; nicht beliebiges Weißbrot."	"GENERAL_LOCAL"	"Frisches oder aufgebackenes Baguette liegt im Brot- und Backwarenbereich gewöhnlicher Bornheimer Vollsortimenter, an Backstation oder Bäckereitheke."	"EASY"	"Baguette: Frisches oder aufgebackenes Baguette liegt im Brot- und Backwarenbereich gewöhnlicher Bornheimer Vollsortimenter, an Backstation oder Bäckereitheke."	"OPTIONAL"	""	"GENERAL_LOCAL"	"Für „Baguette“ führt der Rostocker Marktweg über das Back-, Süßwaren- oder Brotregal eines gewöhnlichen großen Rostocker Supermarkts."	"EASY"	"Baguette: Rostocker Bezugsweg über das Back-, Süßwaren- oder Brotregal eines gewöhnlichen großen Rostocker Supermarkts."	"OPTIONAL"	""	"TOBIAS_ROSTOCK_PROFILE"	"PROPOSED_FOR_HUMAN_REVIEW"
"BAKED_GOODS"	"Backware"	"NOT_APPLICABLE_STRUCTURE"	""	""	""	""	""	""	""	""	""	""	""	""	""	""	"APPROVED_NOT_APPLICABLE"
"BALSAMIC_VINEGAR"	"Balsamico"	"APPLICABLE"	"Dunkler, süß-säuerlicher Essig nach Balsamico-Art auf Traubenbasis; Reifegrad und Dichte können variieren."	"GENERAL_LOCAL"	"Katalogpfad Essig. Warengruppe Speiseessig, formrelevanter Prüfhinweis aus der vollständigen Definition: »Reifegrad und Dichte können variieren«. Regelweg in Bornheim über den Bereich »Essig- und Ölregal« eines gewöhnlichen Bornheimer Vollsortimenters."	"EASY"	"Balsamico: gewöhnlicher lokaler Bezugsweg über den Bereich »Essig- und Ölregal«."	"OPTIONAL"	""	"GENERAL_LOCAL"	"Beim Einkauf von „Balsamico“ nutzt Tobias das Saucen-, Essig- oder Feinkostregal eines gewöhnlichen großen Rostocker Supermarkts."	"EASY"	"Balsamico: gewöhnlicher lokaler Bezugsweg über den Bereich »Balsamico«."	"OPTIONAL"	""	"TOBIAS_ROSTOCK_PROFILE"	"PROPOSED_FOR_HUMAN_REVIEW"
"BAMBOO_SHOOTS"	"Bambussprossen"	"APPLICABLE"	"Junge essbare Bambussprossen mit mildem Geschmack und knackigem Biss; in Deutschland meist vorgegart in Dose oder Glas erhältlich."	"GENERAL_BROAD"	"Katalogpfad Stängelgemüse → Gemüse. Warengruppe konservierte Pflanzenware, formrelevanter Prüfhinweis aus der vollständigen Definition: »in Deutschland meist vorgegart in Dose oder Glas erhältlich«. Allgemein planbarer, aber nicht lokal garantierter Weg über eine gezielte Filial- oder Bestellprüfung für konservierte Pflanzenware im allgemeinen deutschen Handel."	"PLANNED"	"Bambussprossen ist über eine gezielte Filial- oder Bestellprüfung für konservierte Pflanzenware im allgemeinen deutschen Handel planbar, lokal aber kein verlässlicher Standardartikel."	"OPTIONAL"	""	"GENERAL_BROAD"	"Tobias prüft „Bambussprossen“ in Rostock über gut sortierte Vollsortimenter und etablierte deutsche Händler für haltbare Gemüseformen."	"PLANNED"	"Bambussprossen: Rostocker Bezugsweg über gut sortierte Vollsortimenter und etablierte deutsche Händler für haltbare Gemüseformen."	"OPTIONAL"	""	"TOBIAS_ROSTOCK_PROFILE"	"PROPOSED_FOR_HUMAN_REVIEW"
"BANANA"	"Banane"	"APPLICABLE"	"Reife Dessertbanane mit weichem, süßem Fruchtfleisch; nicht stärkehaltige Kochbanane."	"GENERAL_LOCAL"	"Katalogpfad Tropenfrucht → Obst. Warengruppe Obst, formrelevanter Prüfhinweis aus der vollständigen Definition: »nicht stärkehaltige Kochbanane«. Regelweg in Bornheim über nahe Supermarktfilialen in Bornheim mit dem Bereich »Obst- und Gemüseabteilung«."	"EASY"	"Banane: gewöhnlicher lokaler Bezugsweg über den Bereich »Obst- und Gemüseabteilung«."	"OPTIONAL"	""	"GENERAL_LOCAL"	"Die Beschaffung von „Banane“ erfolgt in Rostock über die Obstabteilung eines gewöhnlichen großen Rostocker Supermarkts."	"EASY"	"Banane: gewöhnlicher lokaler Bezugsweg über den Bereich »Banane«."	"OPTIONAL"	""	"TOBIAS_ROSTOCK_PROFILE"	"PROPOSED_FOR_HUMAN_REVIEW"
"BANANA_BLOSSOM"	"Bananenblüte"	"APPLICABLE"	"Essbare Bananenblüte mit faserigem Biss und mild herb-adstringierendem Geschmack; frisch oder schlicht konserviert für Salate, Suppen und Gemüsegerichte. Nicht Bananenfrucht oder bloß dekorative Blüte."	"SPECIALTY_BROAD"	"Katalogpfad Blütengemüse → Gemüse. Warengruppe Gemüse oder Pilz, formrelevanter Prüfhinweis aus der vollständigen Definition: »Nicht Bananenfrucht oder bloß dekorative Blüte«. Breiter einschlägiger Spezialmarkt über den freigegebenen v2-Anker mit dem Kerngrund »Konservierte Ware ist bei vielen breit aufgestellten Asia-Händlern regulär erhältlich«."	"SPECIALTY"	"Bananenblüte: Konservierte Ware ist bei vielen breit aufgestellten Asia-Händlern regulär erhältlich."	"REQUIRED"	"AV2E-056"	"SPECIALTY_BROAD"	"Bananenblüte: Konservierte Ware ist bei vielen breit aufgestellten Asia-Händlern regulär erhältlich."	"SPECIALTY"	"Bananenblüte: Konservierte Ware ist bei vielen breit aufgestellten Asia-Händlern regulär erhältlich."	"REQUIRED"	"AV2E-056"	"EVIDENCE_REQUIRED|FORM_SENSITIVE|REFERENCE_ANCHOR|REFERENCE_ANCHOR_V2|RESEARCH_REQUIRED|SPECIALTY_MARKET_BREADTH|TOBIAS_ROSTOCK_PROFILE"	"RATING_APPROVED_NOTE_PROPOSED_REFERENCE_ANCHOR_V2"
"BANANA_KETCHUP"	"Bananenketchup"	"APPLICABLE"	"Filipinische süß-säuerliche Würzsauce auf Bananenbasis, typischerweise tomatenketchupähnlich gewürzt und gefärbt."	"SPECIALTY_BROAD"	"Katalogpfad fertige Sauce oder Würzpaste → Sauce, Würzmittel oder Paste. Warengruppe Sauce oder Würzpaste, formrelevanter Prüfhinweis aus der vollständigen Definition: »süß-säuerliche Würzsauce auf Bananenbasis, typischerweise tomatenketchupähnlich gewürzt und gefärbt«. Breiter einschlägiger Spezialmarkt über die voneinander unabhängigen Händler PinoyFood – UFC Banana Sauce Sweet & Spicy sowie Asia Foodstore – UFC Banana Sauce."	"SPECIALTY"	"Bananenketchup ist im einschlägigen Spezialmarkt breit etabliert; dokumentierte reguläre Wege sind die voneinander unabhängigen Händler PinoyFood – UFC Banana Sauce Sweet & Spicy sowie Asia Foodstore – UFC Banana Sauce."	"REQUIRED"	"AV2N-A-0009|AV2N-A-0010"	"SPECIALTY_BROAD"	"Tobias prüft „Bananenketchup“ in Rostock über Asia Foodstore – UFC Banana Sauce und PinoyFood – UFC Banana Sauce Sweet & Spicy, wobei die Evidenz beim Abruf verfügbaren Bestand und Standardversand ausweist."	"SPECIALTY"	"Bananenketchup: Rostocker Bezugsweg über Asia Foodstore – UFC Banana Sauce und PinoyFood – UFC Banana Sauce Sweet & Spicy; dokumentiert sind beim Abruf verfügbaren Bestand und Standardversand."	"REQUIRED"	"AV2N-A-0009|AV2N-A-0010"	"EVIDENCE_REQUIRED|FORM_OR_LOGISTICS_RISK|FORM_OR_ROUTE_FRAGILE|RATING_RECONCILED_V2|RESEARCH_REQUIRED|TOBIAS_ROSTOCK_PROFILE"	"PROPOSED_FOR_HUMAN_REVIEW"
"BANANA_LEAVES"	"Bananenblätter"	"APPLICABLE"	"Große Bananenblätter als aromatisierende Hülle oder Unterlage zum Dämpfen, Kochen und Grillen; frisch oder tiefgekühlt verwendbar. Sie werden nicht als Blattgemüse gegessen und sind keine Konkretisierung der Bananenfrucht."	"SPECIALTY_BROAD"	"Katalogpfad Kräuter und Würzblätter. Warengruppe frisches Würzkraut, formrelevanter Prüfhinweis aus der vollständigen Definition: »Sie werden nicht als Blattgemüse gegessen und sind keine Konkretisierung der Bananenfrucht«. Breiter einschlägiger Spezialmarkt über den freigegebenen v2-Anker mit dem Kerngrund »Frisch oder TK bei mehreren breit aufgestellten Asia-Händlern üblich lokale Zufallsfunde ändern die Marktklasse nicht«."	"SPECIALTY"	"Bananenblätter: Frisch oder TK bei mehreren breit aufgestellten Asia-Händlern üblich; lokale Zufallsfunde ändern die Marktklasse nicht."	"REQUIRED"	"AV2E-063"	"SPECIALTY_BROAD"	"Bananenblätter: Frisch oder TK bei mehreren breit aufgestellten Asia-Händlern üblich; lokale Zufallsfunde ändern die Marktklasse nicht."	"SPECIALTY"	"Bananenblätter: Frisch oder TK bei mehreren breit aufgestellten Asia-Händlern üblich; lokale Zufallsfunde ändern die Marktklasse nicht."	"REQUIRED"	"AV2E-063"	"EVIDENCE_REQUIRED|FORM_SENSITIVE|REFERENCE_ANCHOR|REFERENCE_ANCHOR_V2|RESEARCH_REQUIRED|SPECIALTY_MARKET_BREADTH|TOBIAS_ROSTOCK_PROFILE"	"RATING_APPROVED_NOTE_PROPOSED_REFERENCE_ANCHOR_V2"
"BARBECUE_SAUCE"	"Barbecuesauce"	"APPLICABLE"	"Fertige kräftig gewürzte Sauce nach Barbecue-Art; Süße, Rauchigkeit, Säure und Schärfe können deutlich variieren."	"GENERAL_LOCAL"	"Katalogpfad fertige Sauce oder Würzpaste → Sauce, Würzmittel oder Paste. Warengruppe Sauce oder Würzpaste, formrelevanter Prüfhinweis aus der vollständigen Definition: »Süße, Rauchigkeit, Säure und Schärfe können deutlich variieren«. Regelweg in Bornheim über den Bereich »Saucen-, Würzpasten- und Feinkostregal« eines gewöhnlichen Bornheimer Vollsortimenters."	"EASY"	"Barbecuesauce: gewöhnlicher lokaler Bezugsweg über den Bereich »Saucen-, Würzpasten- und Feinkostregal«."	"OPTIONAL"	""	"GENERAL_LOCAL"	"Für „Barbecuesauce“ wird das Angebot über das Saucen-, Essig- oder Feinkostregal eines gewöhnlichen großen Rostocker Supermarkts kontrolliert."	"EASY"	"Barbecuesauce: gewöhnlicher lokaler Bezugsweg über den Bereich »Barbecuesauce«."	"OPTIONAL"	""	"TOBIAS_ROSTOCK_PROFILE"	"PROPOSED_FOR_HUMAN_REVIEW"
"BARLEY"	"Gerste"	"APPLICABLE"	"Gerstenkorn als Kochzutat, etwa geschält oder als Rollgerste; Graupen sind eine stärker verarbeitete Form."	"GENERAL_BROAD"	"Katalogpfad Getreide oder Pseudogetreide → stärkehaltige Zutat oder Sättigungsbeilage. Warengruppe Getreide- oder Stärkeware, formrelevanter Prüfhinweis aus der vollständigen Definition: »Graupen sind eine stärker verarbeitete Form«. Allgemein planbarer, aber nicht lokal garantierter Weg über eine geplante Fahrt zu einem großen Markt mit dem Sortiment »Reis-, Mehl-, Nudel- oder Trockenwarenregal«."	"PLANNED"	"Gerste ist über eine geplante Fahrt zu einem großen Markt mit dem Sortiment »Reis-, Mehl-, Nudel- oder Trockenwarenregal« im allgemeinen deutschen Handel planbar, lokal aber kein verlässlicher Standardartikel."	"OPTIONAL"	""	"GENERAL_BROAD"	"Die Beschaffung von „Gerste“ erfolgt in Rostock über gut sortierte Vollsortimenter und etablierte deutsche Bio- oder Trockenwarenhändler."	"PLANNED"	"Gerste: Die Beschaffung von „Gerste“ erfolgt in Rostock über gut sortierte Vollsortimenter und etablierte deutsche Bio- oder Trockenwarenhändler."	"OPTIONAL"	""	"TOBIAS_ROSTOCK_PROFILE"	"PROPOSED_FOR_HUMAN_REVIEW"
"BASIL"	"Basilikum"	"APPLICABLE"	"Frisches Basilikum mit süßlich-pfeffrigem Aroma; Thai-Basilikum bleibt als eigenständige Ausprägung getrennt."	"GENERAL_LOCAL"	"Katalogpfad Kräuter und Würzblätter. Warengruppe frisches Würzkraut, formrelevanter Prüfhinweis aus der vollständigen Definition: »Thai-Basilikum bleibt als eigenständige Ausprägung getrennt«. Regelweg in Bornheim über das örtliche Sortiment »frische Kräuterabteilung« beim Wocheneinkauf in Bornheim."	"EASY"	"Basilikum: gewöhnlicher lokaler Bezugsweg über den Bereich »frische Kräuterabteilung«."	"OPTIONAL"	""	"GENERAL_LOCAL"	"Tobias prüft „Basilikum“ in Rostock über die Kräuterkühlung der Obst- und Gemüseabteilung eines gewöhnlichen großen Rostocker Supermarkts."	"EASY"	"Basilikum: Rostocker Bezugsweg über die Kräuterkühlung der Obst- und Gemüseabteilung eines gewöhnlichen großen Rostocker Supermarkts."	"OPTIONAL"	""	"FORM_SENSITIVE|TOBIAS_ROSTOCK_PROFILE"	"PROPOSED_FOR_HUMAN_REVIEW"
"BASMATI_RICE"	"Basmatireis"	"APPLICABLE"	"Langkornreis mit charakteristisch duftigem Aroma und lockerem Korn; weiß oder als Vollkornvariante verwendbar."	"GENERAL_LOCAL"	"Katalogpfad Reis → Getreide oder Pseudogetreide → stärkehaltige Zutat oder Sättigungsbeilage. Warengruppe Getreide- oder Stärkeware, formrelevanter Prüfhinweis aus der vollständigen Definition: »weiß oder als Vollkornvariante verwendbar«. Regelweg in Bornheim über das örtliche Sortiment »Reis-, Mehl-, Nudel- oder Trockenwarenregal« beim Wocheneinkauf in Bornheim."	"EASY"	"Basmatireis: gewöhnlicher lokaler Bezugsweg über den Bereich »Reis-, Mehl-, Nudel- oder Trockenwarenregal«."	"OPTIONAL"	""	"GENERAL_LOCAL"	"Tobias prüft „Basmatireis“ in Rostock über das Getreide-, Mehl-, Reis- oder Teigwarenregal eines gewöhnlichen großen Rostocker Supermarkts."	"EASY"	"Basmatireis: Rostocker Bezugsweg über das Getreide-, Mehl-, Reis- oder Teigwarenregal eines gewöhnlichen großen Rostocker Supermarkts."	"OPTIONAL"	""	"TOBIAS_ROSTOCK_PROFILE"	"PROPOSED_FOR_HUMAN_REVIEW"
"BAY_LEAF"	"Lorbeerblatt"	"APPLICABLE"	"Getrocknetes oder frisches Lorbeerblatt mit herb-würzigem Aroma für Brühen, Saucen und Schmorgerichte; vor dem Servieren üblicherweise entfernen."	"GENERAL_LOCAL"	"Katalogpfad Kräuter und Würzblätter. Warengruppe getrocknetes oder frisches Würzblatt, formrelevanter Prüfhinweis aus der vollständigen Definition: »vor dem Servieren üblicherweise entfernen«. Regelweg in Bornheim über das örtliche Sortiment »Gewürzregal, ergänzend frische Kräuterabteilung« beim Wocheneinkauf in Bornheim."	"EASY"	"Lorbeerblatt: gewöhnlicher lokaler Bezugsweg über den Bereich »Gewürzregal, ergänzend frische Kräuterabteilung«."	"OPTIONAL"	""	"GENERAL_LOCAL"	"Für „Lorbeerblatt“ führt der Rostocker Marktweg über das Gewürz- oder Backregal eines gewöhnlichen großen Rostocker Supermarkts."	"EASY"	"Lorbeerblatt: Rostocker Bezugsweg über das Gewürz- oder Backregal eines gewöhnlichen großen Rostocker Supermarkts."	"OPTIONAL"	""	"FORM_SENSITIVE|TOBIAS_ROSTOCK_PROFILE"	"PROPOSED_FOR_HUMAN_REVIEW"
"BEAN_SPROUTS"	"Mungbohnensprossen"	"APPLICABLE"	"Knackige Sprossen der Mungbohne, im Handel oft als Sojasprossen bezeichnet; nicht mit Keimlingen der Sojabohne gleichsetzen."	"GENERAL_BROAD"	"Katalogpfad Sprossen → Gemüse. Warengruppe Gemüse oder Pilz, formrelevanter Prüfhinweis aus der vollständigen Definition: »nicht mit Keimlingen der Sojabohne gleichsetzen«. Allgemein planbarer, aber nicht lokal garantierter Weg über eine gezielte Filial- oder Bestellprüfung für Gemüse oder Pilz im allgemeinen deutschen Handel."	"PLANNED"	"Mungbohnensprossen ist über eine gezielte Filial- oder Bestellprüfung für Gemüse oder Pilz im allgemeinen deutschen Handel planbar, lokal aber kein verlässlicher Standardartikel."	"OPTIONAL"	""	"GENERAL_BROAD"	"Für „Mungbohnensprossen“ führt der Rostocker Marktweg über gut sortierte Vollsortimenter und etablierte deutsche Gemüse- oder Frischehändler."	"PLANNED"	"Mungbohnensprossen: Rostocker Bezugsweg über gut sortierte Vollsortimenter und etablierte deutsche Gemüse- oder Frischehändler."	"OPTIONAL"	""	"TOBIAS_ROSTOCK_PROFILE"	"PROPOSED_FOR_HUMAN_REVIEW"
"BEANS"	"Bohnen"	"APPLICABLE"	"Offene Vorgabe für trockene oder vorgegarte Bohnenkerne; frische grüne Bohnen und andere Schotengemüse sind nicht gemeint."	"GENERAL_LOCAL"	"Katalogpfad Hülsenfrüchte. Warengruppe Hülsenfrucht, formrelevanter Prüfhinweis aus der vollständigen Definition: »frische grüne Bohnen und andere Schotengemüse sind nicht gemeint«. Regelweg in Bornheim über ortsübliche Vollsortimenter rund um Bornheim, konkret im Bereich »Hülsenfrucht-, Konserven- oder Trockenwarenregal«."	"EASY"	"Bohnen: gewöhnlicher lokaler Bezugsweg über den Bereich »Hülsenfrucht-, Konserven- oder Trockenwarenregal«."	"OPTIONAL"	""	"GENERAL_LOCAL"	"Bohnen: im Hülsenfrucht-, Trocken- und Konservenregal großer Rostocker Supermärkte sind trockene oder vorgegarte Bohnenkerne regulär geführt; frische grüne Schoten zählen ausdrücklich nicht."	"EASY"	"Bohnen: im Hülsenfrucht-, Trocken- und Konservenregal großer Rostocker Supermärkte sind trockene oder vorgegarte Bohnenkerne regulär geführt; frische grüne Schoten zählen ausdrücklich nicht."	"OPTIONAL"	""	"FORM_SENSITIVE|TOBIAS_ROSTOCK_PROFILE"	"PROPOSED_FOR_HUMAN_REVIEW"
"BEEF"	"Rindfleisch"	"APPLICABLE"	"Offene Vorgabe für Rindfleisch; Zuschnitt, Fettanteil und geeignete Garmethode werden bewusst nicht festgelegt."	"GENERAL_LOCAL"	"Katalogpfad Fleisch. Warengruppe Fleisch, formrelevanter Prüfhinweis aus der vollständigen Definition: »Zuschnitt, Fettanteil und geeignete Garmethode werden bewusst nicht festgelegt«. Regelweg in Bornheim über ortsübliche Vollsortimenter rund um Bornheim, konkret im Bereich »Fleischkühlung oder Bedientheke«."	"EASY"	"Rindfleisch: gewöhnlicher lokaler Bezugsweg über den Bereich »Fleischkühlung oder Bedientheke«."	"OPTIONAL"	""	"GENERAL_LOCAL"	"Für „Rindfleisch“ führt der Rostocker Marktweg über die Fleischkühlung oder Bedientheke eines gewöhnlichen großen Rostocker Supermarkts."	"EASY"	"Rindfleisch: Rostocker Bezugsweg über die Fleischkühlung oder Bedientheke eines gewöhnlichen großen Rostocker Supermarkts."	"OPTIONAL"	""	"TOBIAS_ROSTOCK_PROFILE"	"PROPOSED_FOR_HUMAN_REVIEW"
"BEEF_BRISKET"	"Rinderbrust"	"APPLICABLE"	"Bindegewebsreiche Rinderbrust, besonders für langsames Schmoren, Kochen oder Barbecue geeignet."	"GENERAL_BROAD"	"Katalogpfad Rindfleisch → Fleisch. Warengruppe Fleisch, formrelevanter Prüfhinweis aus der vollständigen Definition: »Rinderbrust, besonders für langsames Schmoren, Kochen oder Barbecue geeignet«. Der konkrete Bezug erfolgt für das Bornheim-Profil über „Fleischkühlung oder Bedientheke nach vorheriger Händlerprüfung“."	"PLANNED"	"Rinderbrust: Der konkrete Bezug erfolgt für das Bornheim-Profil über „Fleischkühlung oder Bedientheke nach vorheriger Händlerprüfung“."	"OPTIONAL"	""	"GENERAL_BROAD"	"Tobias prüft „Rinderbrust“ in Rostock über Vorbestellung an einer gut sortierten Fleischtheke oder etablierter deutscher Metzgereiversand."	"PLANNED"	"Rinderbrust: Rostocker Bezugsweg über Vorbestellung an einer gut sortierten Fleischtheke oder etablierter deutscher Metzgereiversand."	"OPTIONAL"	""	"TOBIAS_ROSTOCK_PROFILE"	"PROPOSED_FOR_HUMAN_REVIEW"
"BEEF_CHEEK"	"Rinderbäckchen"	"APPLICABLE"	"Stark beanspruchtes, kollagenreiches Muskelfleisch aus der Rinderbacke; wird durch langes Schmoren zart."	"GENERAL_BROAD"	"Katalogpfad Rindfleisch → Fleisch. Warengruppe Fleisch, formrelevanter Prüfhinweis aus der vollständigen Definition: »wird durch langes Schmoren zart«. Allgemein planbarer, aber nicht lokal garantierter Weg über eine gezielte Bestellung oder Sortimentsprüfung bei MeinMetzger – Irische Ochsenbäckchen / Rinderbäckchen."	"PLANNED"	"Rinderbäckchen ist über eine gezielte Bestellung oder Sortimentsprüfung bei MeinMetzger – Irische Ochsenbäckchen / Rinderbäckchen im allgemeinen deutschen Handel planbar, lokal aber kein verlässlicher Standardartikel."	"REQUIRED"	"AV2N-A-0011"	"GENERAL_BROAD"	"Tobias prüft „Rinderbäckchen“ in Rostock über MeinMetzger – Irische Ochsenbäckchen / Rinderbäckchen, wobei die Evidenz beim Abruf verfügbaren Bestand und Kühlversand ausweist."	"PLANNED"	"Rinderbäckchen: Rostocker Bezugsweg über MeinMetzger – Irische Ochsenbäckchen / Rinderbäckchen; dokumentiert sind beim Abruf verfügbaren Bestand und Kühlversand."	"REQUIRED"	"AV2N-A-0011"	"BORDERLINE_PLANNED|EVIDENCE_REQUIRED|RESEARCH_REQUIRED|TOBIAS_ROSTOCK_PROFILE"	"PROPOSED_FOR_HUMAN_REVIEW"
"BEEF_GOULASH"	"Rindergulasch"	"APPLICABLE"	"Würfel oder grobe Stücke vom Rind für Schmorgerichte; gemeint ist der rohe Zuschnitt, nicht das fertige Gulasch."	"GENERAL_LOCAL"	"Katalogpfad Rindfleisch → Fleisch. Warengruppe Fleisch, formrelevanter Prüfhinweis aus der vollständigen Definition: »gemeint ist der rohe Zuschnitt, nicht das fertige Gulasch«. Regelweg in Bornheim über nahe Supermarktfilialen in Bornheim mit dem Bereich »Fleischkühlung oder Bedientheke«."	"EASY"	"Rindergulasch: gewöhnlicher lokaler Bezugsweg über den Bereich »Fleischkühlung oder Bedientheke«."	"OPTIONAL"	""	"GENERAL_LOCAL"	"Die Beschaffung von „Rindergulasch“ erfolgt in Rostock über die Fleischkühlung oder Bedientheke eines gewöhnlichen großen Rostocker Supermarkts."	"EASY"	"Rindergulasch: gewöhnlicher lokaler Bezugsweg über den Bereich »Rindergulasch«."	"OPTIONAL"	""	"TOBIAS_ROSTOCK_PROFILE"	"PROPOSED_FOR_HUMAN_REVIEW"
"BEEF_HEART"	"Rinderherz"	"APPLICABLE"	"Mageres, festes Muskelfleisch vom Rinderherz mit kräftigem Eigengeschmack; nicht mit Lebertextur gleichsetzen."	"GENERAL_BROAD"	"Katalogpfad Rindfleisch → Innereien → Fleisch. Warengruppe Fleisch, formrelevanter Prüfhinweis aus der vollständigen Definition: »nicht mit Lebertextur gleichsetzen«. Allgemein planbarer, aber nicht lokal garantierter Weg über eine gezielte Bestellung oder Sortimentsprüfung bei MeinMetzger – Rinderherz, kaum Kranzfett."	"PLANNED"	"Rinderherz ist über eine gezielte Bestellung oder Sortimentsprüfung bei MeinMetzger – Rinderherz, kaum Kranzfett im allgemeinen deutschen Handel planbar, lokal aber kein verlässlicher Standardartikel."	"REQUIRED"	"AV2N-A-0012"	"GENERAL_BROAD"	"Tobias prüft „Rinderherz“ in Rostock über MeinMetzger – Rinderherz, kaum Kranzfett, wobei die Evidenz beim Abruf verfügbaren Bestand und Kühlversand ausweist."	"PLANNED"	"Rinderherz: Rostocker Bezugsweg über MeinMetzger – Rinderherz, kaum Kranzfett; dokumentiert sind beim Abruf verfügbaren Bestand und Kühlversand."	"REQUIRED"	"AV2N-A-0012"	"BORDERLINE_PLANNED|EVIDENCE_REQUIRED|RESEARCH_REQUIRED|TOBIAS_ROSTOCK_PROFILE"	"PROPOSED_FOR_HUMAN_REVIEW"
"BEEF_LIVER"	"Rinderleber"	"APPLICABLE"	"Rinderleber mit kräftigem, mineralischem Geschmack und weicher Textur; kurze Garung verhindert unnötige Trockenheit."	"GENERAL_BROAD"	"Katalogpfad Rindfleisch → Innereien → Fleisch. Warengruppe Fleisch, formrelevanter Prüfhinweis aus der vollständigen Definition: »kurze Garung verhindert unnötige Trockenheit«. Allgemein planbarer, aber nicht lokal garantierter Weg über eine gezielte Bestellung oder Sortimentsprüfung bei MeinMetzger – Rinderleber in Scheiben."	"PLANNED"	"Rinderleber ist über eine gezielte Bestellung oder Sortimentsprüfung bei MeinMetzger – Rinderleber in Scheiben im allgemeinen deutschen Handel planbar, lokal aber kein verlässlicher Standardartikel."	"REQUIRED"	"AV2N-A-0013"	"GENERAL_BROAD"	"Tobias prüft „Rinderleber“ in Rostock über MeinMetzger – Rinderleber in Scheiben, wobei die Evidenz beim Abruf verfügbaren Bestand und Kühlversand ausweist."	"PLANNED"	"Rinderleber: Rostocker Bezugsweg über MeinMetzger – Rinderleber in Scheiben; dokumentiert sind beim Abruf verfügbaren Bestand und Kühlversand."	"REQUIRED"	"AV2N-A-0013"	"BORDERLINE_PLANNED|EVIDENCE_REQUIRED|RESEARCH_REQUIRED|TOBIAS_ROSTOCK_PROFILE"	"PROPOSED_FOR_HUMAN_REVIEW"
"BEEF_MINCE"	"Rinderhack"	"APPLICABLE"	"Zerkleinertes Rindfleisch mit variablem Fettanteil; nicht gemischtes Hackfleisch."	"GENERAL_LOCAL"	"Katalogpfad Rindfleisch → Hackfleisch → Fleisch. Warengruppe Fleisch, formrelevanter Prüfhinweis aus der vollständigen Definition: »nicht gemischtes Hackfleisch«. Regelweg in Bornheim über den lokalen Supermarktbereich »Fleischkühlung oder Bedientheke« in Bornheim."	"EASY"	"Rinderhack: gewöhnlicher lokaler Bezugsweg über den Bereich »Fleischkühlung oder Bedientheke«."	"OPTIONAL"	""	"GENERAL_LOCAL"	"Beim Einkauf von „Rinderhack“ nutzt Tobias die Fleischkühlung oder Bedientheke eines gewöhnlichen großen Rostocker Supermarkts."	"EASY"	"Rinderhack: gewöhnlicher lokaler Bezugsweg über den Bereich »Rinderhack«."	"OPTIONAL"	""	"TOBIAS_ROSTOCK_PROFILE"	"PROPOSED_FOR_HUMAN_REVIEW"
"BEEF_ROAST"	"Rinderbraten"	"APPLICABLE"	"Größeres Rindfleischstück zum Braten oder Schmoren; der konkrete Teilzuschnitt bleibt offen."	"GENERAL_LOCAL"	"Katalogpfad Rindfleisch → Fleisch. Warengruppe Fleisch, formrelevanter Prüfhinweis aus der vollständigen Definition: »der konkrete Teilzuschnitt bleibt offen«. Regelweg in Bornheim über nahe Supermarktfilialen in Bornheim mit dem Bereich »Fleischkühlung oder Bedientheke«."	"EASY"	"Rinderbraten: gewöhnlicher lokaler Bezugsweg über den Bereich »Fleischkühlung oder Bedientheke«."	"OPTIONAL"	""	"GENERAL_LOCAL"	"Für „Rinderbraten“ wird das Angebot über die Fleischkühlung oder Bedientheke eines gewöhnlichen großen Rostocker Supermarkts kontrolliert."	"EASY"	"Rinderbraten: gewöhnlicher lokaler Bezugsweg über den Bereich »Rinderbraten«."	"OPTIONAL"	""	"RATING_RECONCILED_V2|TOBIAS_ROSTOCK_PROFILE"	"PROPOSED_FOR_HUMAN_REVIEW"
"BEEF_ROULADE"	"Rinderroulade"	"APPLICABLE"	"Dünne große Rindfleischscheibe zum Füllen und Schmoren; gemeint ist der Zuschnitt, nicht eine festgelegte Füllung."	"GENERAL_LOCAL"	"Katalogpfad Rindfleisch → Fleisch. Warengruppe Fleisch, formrelevanter Prüfhinweis aus der vollständigen Definition: »gemeint ist der Zuschnitt, nicht eine festgelegte Füllung«. Regelweg in Bornheim über den regulären Bornheimer Regalweg »Fleischkühlung oder Bedientheke«."	"EASY"	"Rinderroulade: gewöhnlicher lokaler Bezugsweg über den Bereich »Fleischkühlung oder Bedientheke«."	"OPTIONAL"	""	"GENERAL_LOCAL"	"Der konkrete Bezug von „Rinderroulade“ läuft über die Fleischkühlung oder Bedientheke eines gewöhnlichen großen Rostocker Supermarkts."	"EASY"	"Rinderroulade: gewöhnlicher lokaler Bezugsweg über den Bereich »Rinderroulade«."	"OPTIONAL"	""	"TOBIAS_ROSTOCK_PROFILE"	"PROPOSED_FOR_HUMAN_REVIEW"
"BEEF_RUMP"	"Rinderhüfte"	"APPLICABLE"	"Rinderhüfte als relativ magerer, kurzbrat- oder bratentauglicher Zuschnitt; nicht das stärker marmorierte Roastbeef."	"GENERAL_BROAD"	"Katalogpfad Rindfleisch → Fleisch. Warengruppe Fleisch, formrelevanter Prüfhinweis aus der vollständigen Definition: »nicht das stärker marmorierte Roastbeef«. Allgemein planbarer, aber nicht lokal garantierter Weg über einen vorbereiteten Einkauf im gut sortierten Bereich »Fleischkühlung oder Bedientheke«."	"PLANNED"	"Rinderhüfte ist über einen vorbereiteten Einkauf im gut sortierten Bereich »Fleischkühlung oder Bedientheke« im allgemeinen deutschen Handel planbar, lokal aber kein verlässlicher Standardartikel."	"OPTIONAL"	""	"GENERAL_BROAD"	"Für „Rinderhüfte“ führt der Rostocker Marktweg über Vorbestellung an einer gut sortierten Fleischtheke oder etablierter deutscher Metzgereiversand."	"PLANNED"	"Rinderhüfte: Rostocker Bezugsweg über Vorbestellung an einer gut sortierten Fleischtheke oder etablierter deutscher Metzgereiversand."	"OPTIONAL"	""	"TOBIAS_ROSTOCK_PROFILE"	"PROPOSED_FOR_HUMAN_REVIEW"
"BEEF_SHIN"	"Rinderbeinscheibe"	"APPLICABLE"	"Quergeschnittene Rinderhaxe mit Knochen und viel Kollagen; besonders für langsames Schmoren oder Brühen geeignet."	"GENERAL_BROAD"	"Katalogpfad Rindfleisch → Fleisch. Warengruppe Fleisch, formrelevanter Prüfhinweis aus der vollständigen Definition: »besonders für langsames Schmoren oder Brühen geeignet«. Allgemein planbarer, aber nicht lokal garantierter Weg über eine gezielte Bestellung oder Sortimentsprüfung bei MeinMetzger – Beinscheibe vom Rind."	"PLANNED"	"Rinderbeinscheibe ist über eine gezielte Bestellung oder Sortimentsprüfung bei MeinMetzger – Beinscheibe vom Rind im allgemeinen deutschen Handel planbar, lokal aber kein verlässlicher Standardartikel."	"REQUIRED"	"AV2N-A-0014"	"GENERAL_BROAD"	"Tobias prüft „Rinderbeinscheibe“ in Rostock über MeinMetzger – Beinscheibe vom Rind, wobei die Evidenz beim Abruf verfügbaren Bestand und Kühlversand ausweist."	"PLANNED"	"Rinderbeinscheibe: Rostocker Bezugsweg über MeinMetzger – Beinscheibe vom Rind; dokumentiert sind beim Abruf verfügbaren Bestand und Kühlversand."	"OPTIONAL"	"AV2N-A-0014"	"BORDERLINE_PLANNED|EVIDENCE_REQUIRED|TOBIAS_ROSTOCK_PROFILE"	"PROPOSED_FOR_HUMAN_REVIEW"
"BEEF_SHORT_RIBS"	"Rinderrippen"	"APPLICABLE"	"Fleischige kurze Rinderrippen mit Fett und Bindegewebe; für langsames Garen oder Barbecue geeignet."	"GENERAL_BROAD"	"Katalogpfad Rindfleisch → Fleisch. Die REWE-Produktseite führt gekühlte Short Ribs aus der Servicetheke; Georgia prüft den konkreten Bornheimer Standortbestand für die fleischigen Rinderrippen vor dem geplanten Einkauf."	"PLANNED"	"Rinderrippen: Die REWE-Produktseite führt gekühlte Short Ribs aus der Servicetheke; Georgia prüft den konkreten Bornheimer Standortbestand für die fleischigen Rinderrippen vor dem geplanten Einkauf."	"REQUIRED"	"AV2N-A-0015"	"GENERAL_BROAD"	"Rinderrippen: REWE listet Short Ribs ausdrücklich als gekühlten Artikel der Fleisch-Servicetheke; Tobias kann den Rostocker Standortbestand dieses konkreten Rindercuts vorab prüfen."	"PLANNED"	"Rinderrippen: REWE listet Short Ribs ausdrücklich als gekühlten Artikel der Fleisch-Servicetheke; Tobias kann den Rostocker Standortbestand dieses konkreten Rindercuts vorab prüfen."	"OPTIONAL"	"AV2N-A-0015"	"BORDERLINE_PLANNED|EVIDENCE_REQUIRED|TOBIAS_ROSTOCK_PROFILE"	"PROPOSED_FOR_HUMAN_REVIEW"
"BEEF_STEAK"	"Rindersteak"	"APPLICABLE"	"Zum Kurzbraten geeignete Rindfleischscheibe; der konkrete Steakzuschnitt und Reifegrad bleiben offen."	"GENERAL_LOCAL"	"Katalogpfad Rindfleisch → Fleisch. Warengruppe Fleisch, formrelevanter Prüfhinweis aus der vollständigen Definition: »der konkrete Steakzuschnitt und Reifegrad bleiben offen«. Regelweg in Bornheim über den Bereich »Fleischkühlung oder Bedientheke« eines gewöhnlichen Bornheimer Vollsortimenters."	"EASY"	"Rindersteak: gewöhnlicher lokaler Bezugsweg über den Bereich »Fleischkühlung oder Bedientheke«."	"OPTIONAL"	""	"GENERAL_LOCAL"	"Tobias sucht „Rindersteak“ in Rostock über die Fleischkühlung oder Bedientheke eines gewöhnlichen großen Rostocker Supermarkts gesucht."	"EASY"	"Rindersteak: gewöhnlicher lokaler Bezugsweg über den Bereich »Rindersteak«."	"OPTIONAL"	""	"TOBIAS_ROSTOCK_PROFILE"	"PROPOSED_FOR_HUMAN_REVIEW"
"BEEF_STOCK"	"Rinderfond"	"APPLICABLE"	"Kräftiger Fond auf Basis von Rindfleisch und/oder Rinderknochen; selbst gekocht oder als hochwertiges Fertigprodukt verwendbar."	"GENERAL_BROAD"	"Katalogpfad Brühe oder Fond. Warengruppe Brühe oder Fond, formrelevanter Prüfhinweis aus der vollständigen Definition: »selbst gekocht oder als hochwertiges Fertigprodukt verwendbar«. Allgemein planbarer, aber nicht lokal garantierter Weg über eine gezielte Filial- oder Bestellprüfung für Brühe oder Fond im allgemeinen deutschen Handel."	"PLANNED"	"Rinderfond ist über eine gezielte Filial- oder Bestellprüfung für Brühe oder Fond im allgemeinen deutschen Handel planbar, lokal aber kein verlässlicher Standardartikel."	"OPTIONAL"	""	"GENERAL_BROAD"	"Tobias prüft „Rinderfond“ in Rostock über gut sortierte Vollsortimenter und etablierte deutsche Fonds- oder Feinkosthändler."	"PLANNED"	"Rinderfond: Rostocker Bezugsweg über gut sortierte Vollsortimenter und etablierte deutsche Fonds- oder Feinkosthändler."	"OPTIONAL"	""	"TOBIAS_ROSTOCK_PROFILE"	"PROPOSED_FOR_HUMAN_REVIEW"
"BEEF_TENDERLOIN"	"Rinderfilet"	"APPLICABLE"	"Sehr zartes und mageres Rinderfilet für kurze Garung; nicht mit Schweinefilet oder Roastbeef gleichsetzen."	"GENERAL_BROAD"	"Katalogpfad Rindfleisch → Fleisch. Warengruppe Fleisch, formrelevanter Prüfhinweis aus der vollständigen Definition: »nicht mit Schweinefilet oder Roastbeef gleichsetzen«. Allgemein planbarer, aber nicht lokal garantierter Weg über eine gezielte Filial- oder Bestellprüfung für Fleisch im allgemeinen deutschen Handel."	"PLANNED"	"Rinderfilet ist über eine gezielte Filial- oder Bestellprüfung für Fleisch im allgemeinen deutschen Handel planbar, lokal aber kein verlässlicher Standardartikel."	"OPTIONAL"	""	"GENERAL_BROAD"	"Die Beschaffung von „Rinderfilet“ erfolgt in Rostock über Vorbestellung an einer gut sortierten Fleischtheke oder etablierter deutscher Metzgereiversand."	"PLANNED"	"Rinderfilet: Die Beschaffung von „Rinderfilet“ erfolgt in Rostock über Vorbestellung an einer gut sortierten Fleischtheke oder etablierter deutscher Metzgereiversand."	"OPTIONAL"	""	"RATING_RECONCILED_V2|TOBIAS_ROSTOCK_PROFILE"	"PROPOSED_FOR_HUMAN_REVIEW"
"BEEF_TONGUE"	"Rinderzunge"	"APPLICABLE"	"Rinderzunge als festes, nach langem Garen zartes Muskelfleisch; üblicherweise vor dem Servieren gehäutet."	"GENERAL_BROAD"	"Katalogpfad Rindfleisch → Innereien → Fleisch. Warengruppe Fleisch, formrelevanter Prüfhinweis aus der vollständigen Definition: »üblicherweise vor dem Servieren gehäutet«. Allgemein planbarer, aber nicht lokal garantierter Weg über eine gezielte Bestellung oder Sortimentsprüfung bei MeinMetzger – Rinderzunge."	"PLANNED"	"Rinderzunge ist über eine gezielte Bestellung oder Sortimentsprüfung bei MeinMetzger – Rinderzunge im allgemeinen deutschen Handel planbar, lokal aber kein verlässlicher Standardartikel."	"REQUIRED"	"AV2N-A-0016"	"GENERAL_BROAD"	"Tobias prüft „Rinderzunge“ in Rostock über MeinMetzger – Rinderzunge, wobei die Evidenz beim Abruf verfügbaren Bestand und Kühlversand ausweist."	"PLANNED"	"Rinderzunge: Rostocker Bezugsweg über MeinMetzger – Rinderzunge; dokumentiert sind beim Abruf verfügbaren Bestand und Kühlversand."	"REQUIRED"	"AV2N-A-0016"	"BORDERLINE_PLANNED|EVIDENCE_REQUIRED|RESEARCH_REQUIRED|TOBIAS_ROSTOCK_PROFILE"	"PROPOSED_FOR_HUMAN_REVIEW"
"BEER"	"Bier"	"APPLICABLE"	"Vergorenes Getreidegetränk als Kochzutat; Bierstil, Malzigkeit und Hopfenbittere bleiben bewusst wählbar."	"GENERAL_LOCAL"	"Katalogpfad Kochalkohol. Warengruppe Bier, formrelevanter Prüfhinweis aus der vollständigen Definition: »Bierstil, Malzigkeit und Hopfenbittere bleiben bewusst wählbar«. Regelweg in Bornheim über das örtliche Sortiment »Bier- und Getränkeregal« beim Wocheneinkauf in Bornheim."	"EASY"	"Bier gehört zum breiten allgemeinen Supermarkt- und Discounterstandard; die Stilwahl ändert die spontane Beschaffbarkeit nicht."	"OPTIONAL"	"AV2E-007"	"GENERAL_LOCAL"	"Bier: das Bier- und Getränkeregal gewöhnlicher großer Rostocker Supermärkte führt vergorene Getreidegetränke in mehreren Stilen ohne Vorbestellung; Malzigkeit und Hopfenbittere bleiben wählbar."	"EASY"	"Bier gehört zum breiten allgemeinen Supermarkt- und Discounterstandard; die Stilwahl ändert die spontane Beschaffbarkeit nicht."	"OPTIONAL"	"AV2E-007"	"REFERENCE_ANCHOR|REFERENCE_ANCHOR_V2|TOBIAS_ROSTOCK_PROFILE"	"RATING_APPROVED_NOTE_PROPOSED_REFERENCE_ANCHOR_V2"
"BEETROOT"	"Rote Bete"	"APPLICABLE"	"Rote Bete mit erdig-süßlichem Geschmack; frisch, vorgegart oder schlicht konserviert verwendbar."	"GENERAL_LOCAL"	"Katalogpfad Wurzel- und Knollengemüse → Gemüse. Warengruppe Gemüse oder Pilz, formrelevanter Prüfhinweis aus der vollständigen Definition: »frisch, vorgegart oder schlicht konserviert verwendbar«. Regelweg in Bornheim über das örtliche Sortiment »Obst- und Gemüseabteilung« beim Wocheneinkauf in Bornheim."	"EASY"	"Rote Bete: gewöhnlicher lokaler Bezugsweg über den Bereich »Obst- und Gemüseabteilung«."	"OPTIONAL"	""	"GENERAL_LOCAL"	"Beim Einkauf von „Rote Bete“ nutzt Tobias die Gemüseabteilung eines gewöhnlichen großen Rostocker Supermarkts."	"EASY"	"Rote Bete: gewöhnlicher lokaler Bezugsweg über den Bereich »Rote Bete«."	"OPTIONAL"	""	"FORM_SENSITIVE|TOBIAS_ROSTOCK_PROFILE"	"PROPOSED_FOR_HUMAN_REVIEW"
"BELACAN"	"Belacan"	"APPLICABLE"	"Malaysische feste fermentierte Garnelenpaste mit sehr intensivem Aroma; meist geröstet und sparsam dosiert verwendet."	"NICHE_IMPORT"	"Der feste Belacanblock ist nur über zwei schmale Versandangebote belegt: Asia Foodstore zeigt niedrigen Bestand, Yoaxia keine verlässliche Bestandslage; beide hängen am selben Jeeny's-Importumfeld. Für Georgia in Bornheim entsteht daraus kein breiter Spezialmarkt."	"DIFFICULT"	"Belacan: Asia Foodstore zeigt niedrigen Bestand, Yoaxia keine verlässliche Bestandslage; beide hängen am selben Jeeny's-Importumfeld. Für Georgia in Bornheim entsteht daraus kein breiter Spezialmarkt."	"REQUIRED"	"AV2N-A-0017|AV2N-A-0018"	"NICHE_IMPORT"	"Tobias kann in Rostock nur zwei Versandseiten für feste Belacanblöcke ansetzen; eine ist knapp bevorratet, die andere ohne belastbaren Bestand, und beide folgen demselben Jeeny's-Importkanal. Marktbreite entsteht daraus nicht."	"DIFFICULT"	"Belacan: Tobias kann in Rostock nur zwei Versandseiten für feste Belacanblöcke ansetzen; eine ist knapp bevorratet, die andere ohne belastbaren Bestand, und beide folgen demselben Jeeny's-Importkanal. Marktbreite entsteht daraus nicht."	"REQUIRED"	"AV2N-A-0017|AV2N-A-0018"	"EVIDENCE_REQUIRED|NARROW_IMPORT_ROUTE|NICHE_IMPORT|RATING_RECONCILED_V2|RESEARCH_REQUIRED|TOBIAS_ROSTOCK_PROFILE"	"PROPOSED_FOR_HUMAN_REVIEW"
"BELL_PEPPER"	"Paprika"	"APPLICABLE"	"Milde Gemüsepaprika ohne Festlegung auf eine Farbe; rote, gelbe und grüne Paprika sind bekannte Ausprägungen."	"GENERAL_LOCAL"	"Katalogpfad Fruchtgemüse → Gemüse. Warengruppe Gemüse oder Pilz, formrelevanter Prüfhinweis aus der vollständigen Definition: »rote, gelbe und grüne Paprika sind bekannte Ausprägungen«. Regelweg in Bornheim über die gewöhnliche Bornheimer Auslage »Obst- und Gemüseabteilung«."	"EASY"	"Paprika: gewöhnlicher lokaler Bezugsweg über den Bereich »Obst- und Gemüseabteilung«."	"OPTIONAL"	""	"GENERAL_LOCAL"	"Für „Paprika“ wird das Angebot über die Gemüseabteilung eines gewöhnlichen großen Rostocker Supermarkts kontrolliert."	"EASY"	"Paprika: gewöhnlicher lokaler Bezugsweg über den Bereich »Paprika«."	"OPTIONAL"	""	"TOBIAS_ROSTOCK_PROFILE"	"PROPOSED_FOR_HUMAN_REVIEW"
"BELUGA_LENTILS"	"Belugalinsen"	"APPLICABLE"	"Kleine schwarze Linsen, die beim Garen vergleichsweise formstabil bleiben; nicht Beluga-Kaviar."	"GENERAL_BROAD"	"Katalogpfad Linsen → Hülsenfrüchte. Warengruppe Hülsenfrucht, formrelevanter Prüfhinweis aus der vollständigen Definition: »nicht Beluga-Kaviar«. Allgemein planbarer, aber nicht lokal garantierter Weg über einen vorbereiteten Einkauf im gut sortierten Bereich »Hülsenfrucht-, Konserven- oder Trockenwarenregal«."	"PLANNED"	"Belugalinsen ist über einen vorbereiteten Einkauf im gut sortierten Bereich »Hülsenfrucht-, Konserven- oder Trockenwarenregal« im allgemeinen deutschen Handel planbar, lokal aber kein verlässlicher Standardartikel."	"OPTIONAL"	""	"GENERAL_BROAD"	"Beim Einkauf von „Belugalinsen“ nutzt Tobias gut sortierte Vollsortimenter und etablierte deutsche Bio- oder Trockenwarenhändler."	"PLANNED"	"Belugalinsen: Beim Einkauf von „Belugalinsen“ nutzt Tobias gut sortierte Vollsortimenter und etablierte deutsche Bio- oder Trockenwarenhändler."	"OPTIONAL"	""	"TOBIAS_ROSTOCK_PROFILE"	"PROPOSED_FOR_HUMAN_REVIEW"
"BERBERE"	"Berbere"	"APPLICABLE"	"Äthiopisch-eritreische Gewürzmischung mit Chili und warmen Gewürzen; Zusammensetzung und Schärfe variieren."	"GENERAL_BROAD"	"Bremer Gewürzhandel und Pfeffersack & Soehne führen Berbere unabhängig voneinander als trockene gemahlene Gewürzmischung mit gewöhnlichem Deutschlandversand. Für Georgia ist das ein planbarer allgemeiner Gewürzhandelsweg ohne Import- oder Frischehürde."	"PLANNED"	"Berbere: Bremer Gewürzhandel und Pfeffersack & Soehne führen Berbere unabhängig voneinander als trockene gemahlene Gewürzmischung mit gewöhnlichem Deutschlandversand."	"REQUIRED"	"AV2N-A-0019|AV2N-A-0020"	"GENERAL_BROAD"	"Für Tobias in Rostock stehen mit Bremer Gewürzhandel und Pfeffersack & Soehne zwei unabhängige deutsche Gewürzversender für trockene Berbere-Mischung bereit. Standardpaket und haltbare Form machen den Einkauf planbar, nicht importabhängig."	"PLANNED"	"Berbere: Für Tobias in Rostock stehen mit Bremer Gewürzhandel und Pfeffersack & Soehne zwei unabhängige deutsche Gewürzversender für trockene Berbere-Mischung bereit. Standardpaket und haltbare Form machen den Einkauf planbar, nicht importabhängig."	"REQUIRED"	"AV2N-A-0019|AV2N-A-0020"	"GENERAL_GERMAN_SPICE_TRADE|RATING_RECONCILED_V2|TOBIAS_ROSTOCK_PROFILE"	"PROPOSED_FOR_HUMAN_REVIEW"
"BERRIES"	"Beeren"	"APPLICABLE"	"Offene Vorgabe für kulinarisch als Beeren verwendete kleine Früchte; Sorte und frisch oder tiefgekühlt bleiben offen."	"GENERAL_LOCAL"	"Katalogpfad Obst. Warengruppe Obst, formrelevanter Prüfhinweis aus der vollständigen Definition: »Sorte und frisch oder tiefgekühlt bleiben offen«. Regelweg in Bornheim über den lokalen Supermarktbereich »Obst- und Gemüseabteilung« in Bornheim."	"EASY"	"Beeren: gewöhnlicher lokaler Bezugsweg über den Bereich »Obst- und Gemüseabteilung«."	"OPTIONAL"	""	"GENERAL_LOCAL"	"Für „Beeren“ führt der Rostocker Marktweg über den Obst- oder Tiefkühlobstbereich eines gewöhnlichen großen Rostocker Supermarkts."	"EASY"	"Beeren: Rostocker Bezugsweg über den Obst- oder Tiefkühlobstbereich eines gewöhnlichen großen Rostocker Supermarkts."	"OPTIONAL"	""	"FORM_SENSITIVE|TOBIAS_ROSTOCK_PROFILE"	"PROPOSED_FOR_HUMAN_REVIEW"
"BIRDS_EYE_CHILI"	"Bird’s-Eye-Chili"	"APPLICABLE"	"Kleine, sehr scharfe frische Chili der Bird’s-Eye-Familie; nicht getrocknete Flocken oder Pulver."	"SPECIALTY_BROAD"	"Katalogpfad frische Chili → Fruchtgemüse → Gemüse. Warengruppe Gemüse oder Pilz, formrelevanter Prüfhinweis aus der vollständigen Definition: »nicht getrocknete Flocken oder Pulver«. Breiter einschlägiger Spezialmarkt über den freigegebenen v2-Anker mit dem Kerngrund »Frische exakte Schoten sind typischer Spezialmarktartikel ortsferne Asia-Läden sind keine EASY-Alltagsroute ein breiter Asia-Marktweg ist aber grundsätzlich plausibel«. Für Georgias Bornheim-Profil trägt ein breiter Asia-Spezialmarkt im Rheinland; ein entfernter Einzelladen wäre nicht ausreichend."	"SPECIALTY"	"Bird’s-Eye-Chili: Frische exakte Schoten sind typischer Spezialmarktartikel; Rostocker Asia-Läden sind keine EASY-Alltagsroute ein breiter Asia-Marktweg ist aber grundsätzlich plausibel."	"REQUIRED"	"AV2E-049"	"SPECIALTY_BROAD"	"Bird’s-Eye-Chili: Frische exakte Schoten sind typischer Spezialmarktartikel; Rostocker Asia-Läden sind keine EASY-Alltagsroute ein breiter Asia-Marktweg ist aber grundsätzlich plausibel."	"SPECIALTY"	"Bird’s-Eye-Chili: Frische exakte Schoten sind typischer Spezialmarktartikel; Rostocker Asia-Läden sind keine EASY-Alltagsroute ein breiter Asia-Marktweg ist aber grundsätzlich plausibel."	"REQUIRED"	"AV2E-049"	"EVIDENCE_REQUIRED|FORM_SENSITIVE|REFERENCE_ANCHOR|REFERENCE_ANCHOR_V2|RESEARCH_REQUIRED|SPECIALTY_MARKET_BREADTH|TOBIAS_ROSTOCK_PROFILE"	"RATING_APPROVED_NOTE_PROPOSED_REFERENCE_ANCHOR_V2"
"BITTER_MELON"	"Bittermelone"	"APPLICABLE"	"Herb-bitteres Fruchtgemüse mit warziger Oberfläche; auch Bittergurke oder Ampalaya genannt."	"SPECIALTY_BROAD"	"Katalogpfad Fruchtgemüse → Gemüse. Warengruppe Gemüse oder Pilz, formrelevanter Prüfhinweis aus der vollständigen Definition: »auch Bittergurke oder Ampalaya genannt«. Breiter einschlägiger Spezialmarkt über die voneinander unabhängigen Händler Asia Moin – Bitter Melone sowie Asia4Friends – Gemüse."	"SPECIALTY"	"Bittermelone ist im einschlägigen Spezialmarkt breit etabliert; dokumentierte reguläre Wege sind die voneinander unabhängigen Händler Asia Moin – Bitter Melone sowie Asia4Friends – Gemüse."	"REQUIRED"	"AV2N-A-0021|AV2N-A-0022"	"SPECIALTY_BROAD"	"Tobias prüft „Bittermelone“ in Rostock über Asia Moin – Bitter Melone und Asia4Friends – Gemüse, wobei die Evidenz eine vor dem Einkauf erneut zu prüfende Verfügbarkeit und Frischeversand sowie Tiefkühlversand ausweist."	"SPECIALTY"	"Bittermelone: Rostocker Bezugsweg über Asia Moin – Bitter Melone und Asia4Friends – Gemüse; dokumentiert sind eine vor dem Einkauf erneut zu prüfende Verfügbarkeit und Frischeversand sowie Tiefkühlversand."	"REQUIRED"	"AV2N-A-0021|AV2N-A-0022"	"EVIDENCE_REQUIRED|RESEARCH_REQUIRED|SPECIALTY_MARKET_BREADTH|TOBIAS_ROSTOCK_PROFILE"	"PROPOSED_FOR_HUMAN_REVIEW"
"BIVALVES"	"Muscheln"	"APPLICABLE"	"Offene Vorgabe für zweischalige Weichtiere wie Mies-, Venus- oder Jakobsmuscheln; nicht Krebstiere."	"GENERAL_BROAD"	"Katalogpfad Weichtiere → Schalen- und Krustentiere → wirbellose Tiere → Fisch und Meeresfrüchte. Warengruppe Fisch oder Meeresfrucht, formrelevanter Prüfhinweis aus der vollständigen Definition: »nicht Krebstiere«. Allgemein planbarer, aber nicht lokal garantierter Weg über eine gezielte Bestellung oder Sortimentsprüfung bei Deutsche See – Miesmuscheln."	"PLANNED"	"Muscheln ist über eine gezielte Bestellung oder Sortimentsprüfung bei Deutsche See – Miesmuscheln im allgemeinen deutschen Handel planbar, lokal aber kein verlässlicher Standardartikel."	"REQUIRED"	"AV2N-A-0023"	"GENERAL_BROAD"	"Tobias prüft „Muscheln“ in Rostock über Deutsche See – Miesmuscheln, wobei die Evidenz beim Abruf verfügbaren Bestand und Kühlversand ausweist."	"PLANNED"	"Muscheln: Rostocker Bezugsweg über Deutsche See – Miesmuscheln; dokumentiert sind beim Abruf verfügbaren Bestand und Kühlversand."	"REQUIRED"	"AV2N-A-0023"	"RATING_RECONCILED_V2|TOBIAS_ROSTOCK_PROFILE"	"PROPOSED_FOR_HUMAN_REVIEW"
"BLACK_BEANS"	"schwarze Bohnen"	"APPLICABLE"	"Schwarze Bohnen mit cremigem Inneren und mild-erdigem Geschmack; getrocknet oder vorgegart verwendbar."	"GENERAL_BROAD"	"Katalogpfad Bohnen → Hülsenfrüchte. Warengruppe Hülsenfrucht, formrelevanter Prüfhinweis aus der vollständigen Definition: »getrocknet oder vorgegart verwendbar«. Als überprüfbarer Marktweg dient Georgia „Hülsenfrucht-, Konserven- oder Trockenwarenregal nach formgenauer Sortimentsprüfung“."	"PLANNED"	"schwarze Bohnen: Als überprüfbarer Marktweg dient Georgia „Hülsenfrucht-, Konserven- oder Trockenwarenregal nach formgenauer Sortimentsprüfung“."	"OPTIONAL"	""	"GENERAL_BROAD"	"Für „schwarze Bohnen“ wird das Angebot über gut sortierte Vollsortimenter und etablierte deutsche Bio- oder Trockenwarenhändler kontrolliert."	"PLANNED"	"schwarze Bohnen: Für „schwarze Bohnen“ wird das Angebot über gut sortierte Vollsortimenter und etablierte deutsche Bio- oder Trockenwarenhändler kontrolliert."	"OPTIONAL"	""	"RATING_RECONCILED_V2|TOBIAS_ROSTOCK_PROFILE"	"PROPOSED_FOR_HUMAN_REVIEW"
"BLACK_CARDAMOM"	"schwarzer Kardamom oder Thảo quả"	"APPLICABLE"	"Große dunkle Kardamomkapseln mit kräftig harzig-kampferartigem und häufig rauchigem Aroma; meist ganz in Brühen und Schmorgerichten mitgekocht. Nicht mit dem milderen grünen Kardamom gleichsetzen."	"SPECIALTY_BROAD"	"Katalogpfad Kardamom → Gewürz oder trockenes Würzmittel. Warengruppe Gewürz, formrelevanter Prüfhinweis aus der vollständigen Definition: »Nicht mit dem milderen grünen Kardamom gleichsetzen«. Breiter einschlägiger Spezialmarkt über die voneinander unabhängigen Händler Asia4Friends – Gewürze sowie AsianBrand – Gewürzsortiment."	"SPECIALTY"	"schwarzer Kardamom oder Thảo quả ist im einschlägigen Spezialmarkt breit etabliert; dokumentierte reguläre Wege sind die voneinander unabhängigen Händler Asia4Friends – Gewürze sowie AsianBrand – Gewürzsortiment."	"REQUIRED"	"AV2N-A-0024|AV2N-A-0025"	"SPECIALTY_BROAD"	"Tobias prüft „schwarzer Kardamom oder Thảo quả“ in Rostock über Asia4Friends – Gewürze und AsianBrand – Gewürzsortiment, wobei die Evidenz eine vor dem Einkauf erneut zu prüfende Verfügbarkeit und Standardversand ausweist."	"SPECIALTY"	"schwarzer Kardamom oder Thảo quả: Rostocker Bezugsweg über Asia4Friends – Gewürze und AsianBrand – Gewürzsortiment; dokumentiert sind eine vor dem Einkauf erneut zu prüfende Verfügbarkeit und Standardversand."	"REQUIRED"	"AV2N-A-0024|AV2N-A-0025"	"EVIDENCE_REQUIRED|RESEARCH_REQUIRED|SPECIALTY_MARKET_BREADTH|TOBIAS_ROSTOCK_PROFILE"	"PROPOSED_FOR_HUMAN_REVIEW"
"BLACK_CURRANT"	"schwarze Johannisbeere"	"APPLICABLE"	"Schwarze Johannisbeere mit intensiver Säure und herb-aromatischem Geschmack; frisch oder ungesüßt tiefgekühlt gemeint."	"GENERAL_BROAD"	"Frostix – schwarze Johannisbeeren tiefgefroren 300 g belegt formgenau: Frostix bietet schwarze Johannisbeeren als ungesüßte 300-g-Monofrucht mit Warenkorb und garantierter Tiefkühllieferung an. Für Georgia in Bornheim gilt: Deutschlandweiter Expressversand in Kühlbox nach Bornheim und Rostock; Logistik FROZEN_SHIPPING. Die Kühlbox und Lagerung bei minus 18 Grad müssen gesichert sein; Saft, Konfitüre und Beerenmischungen tragen den Nachweis nicht."	"PLANNED"	"schwarze Johannisbeere: Frostix bietet schwarze Johannisbeeren als ungesüßte 300-g-Monofrucht mit Warenkorb und garantierter Tiefkühllieferung an."	"OPTIONAL"	"AV2N-A-0026|AV2N-P-0002"	"GENERAL_BROAD"	"Frostix – schwarze Johannisbeeren tiefgefroren 300 g belegt formgenau: Frostix bietet schwarze Johannisbeeren als ungesüßte 300-g-Monofrucht mit Warenkorb und garantierter Tiefkühllieferung an. Für Tobias in Rostock gilt: Deutschlandweiter Expressversand in Kühlbox nach Bornheim und Rostock; Logistik FROZEN_SHIPPING. Die Kühlbox und Lagerung bei minus 18 Grad müssen gesichert sein; Saft, Konfitüre und Beerenmischungen tragen den Nachweis nicht."	"PLANNED"	"schwarze Johannisbeere: Frostix bietet schwarze Johannisbeeren als ungesüßte 300-g-Monofrucht mit Warenkorb und garantierter Tiefkühllieferung an."	"REQUIRED"	"AV2N-A-0026|AV2N-P-0002"	"FORM_SENSITIVE|RESEARCH_REQUIRED|TOBIAS_ROSTOCK_PROFILE"	"PROPOSED_FOR_HUMAN_REVIEW"
"BLACK_EYED_PEAS"	"Augenbohnen"	"APPLICABLE"	"Helle Augenbohnen mit dunklem Keimfleck und mild-nussigem Geschmack; botanisch eine Form der Kuhbohne."	"GENERAL_BROAD"	"Katalogpfad Bohnen → Hülsenfrüchte. Warengruppe Hülsenfrucht, formrelevanter Prüfhinweis aus der vollständigen Definition: »botanisch eine Form der Kuhbohne«. Allgemein planbarer, aber nicht lokal garantierter Weg über eine konkrete Vorbestellung oder Bestandsabfrage für Hülsenfrucht."	"PLANNED"	"Augenbohnen ist über eine konkrete Vorbestellung oder Bestandsabfrage für Hülsenfrucht im allgemeinen deutschen Handel planbar, lokal aber kein verlässlicher Standardartikel."	"OPTIONAL"	""	"GENERAL_BROAD"	"Der konkrete Bezug von „Augenbohnen“ läuft über gut sortierte Vollsortimenter und etablierte deutsche Bio- oder Trockenwarenhändler."	"PLANNED"	"Augenbohnen: Der konkrete Bezug von „Augenbohnen“ läuft über gut sortierte Vollsortimenter und etablierte deutsche Bio- oder Trockenwarenhändler."	"OPTIONAL"	""	"TOBIAS_ROSTOCK_PROFILE"	"PROPOSED_FOR_HUMAN_REVIEW"
"BLACK_GARLIC"	"schwarzer Knoblauch"	"APPLICABLE"	"Fermentativ gereifter Knoblauch mit süßlich-würzigem, deutlich umamireichem Profil."	"GENERAL_BROAD"	"Katalogpfad Knoblauch → Lauch- und Zwiebelgemüse → Gemüse. Warengruppe Gemüse oder Pilz, formrelevanter Prüfhinweis aus der vollständigen Definition: »gereifter Knoblauch mit süßlich-würzigem, deutlich umamireichem Profil«. Allgemein planbarer, aber nicht lokal garantierter Weg über eine geplante Fahrt zu einem großen Markt mit dem Sortiment »Obst- und Gemüseabteilung«."	"PLANNED"	"schwarzer Knoblauch ist über eine geplante Fahrt zu einem großen Markt mit dem Sortiment »Obst- und Gemüseabteilung« im allgemeinen deutschen Handel planbar, lokal aber kein verlässlicher Standardartikel."	"OPTIONAL"	""	"GENERAL_BROAD"	"Die Beschaffung von „schwarzer Knoblauch“ erfolgt in Rostock über gut sortierte Vollsortimenter und etablierte deutsche Gemüse- oder Frischehändler."	"PLANNED"	"schwarzer Knoblauch: Die Beschaffung von „schwarzer Knoblauch“ erfolgt in Rostock über gut sortierte Vollsortimenter und etablierte deutsche Gemüse- oder Frischehändler."	"OPTIONAL"	""	"TOBIAS_ROSTOCK_PROFILE"	"PROPOSED_FOR_HUMAN_REVIEW"
"BLACK_PEPPER"	"schwarzer Pfeffer"	"APPLICABLE"	"Reif geerntete und getrocknete Pfefferfrüchte mit kräftiger Schärfe und warmem Aroma; ganz oder gemahlen verwendbar."	"GENERAL_LOCAL"	"Katalogpfad Pfeffer → Gewürz oder trockenes Würzmittel. Warengruppe Gewürz, formrelevanter Prüfhinweis aus der vollständigen Definition: »ganz oder gemahlen verwendbar«. Regelweg in Bornheim über die gewöhnliche Bornheimer Auslage »Gewürz- und Trockenwürzregal«."	"EASY"	"schwarzer Pfeffer: gewöhnlicher lokaler Bezugsweg über den Bereich »Gewürz- und Trockenwürzregal«."	"OPTIONAL"	""	"GENERAL_LOCAL"	"Schwarzer Pfeffer: das Gewürzregal gewöhnlicher großer Rostocker Supermärkte führt getrocknete schwarze Pfefferkörner sowohl ganz als auch gemahlen."	"EASY"	"Schwarzer Pfeffer: das Gewürzregal gewöhnlicher großer Rostocker Supermärkte führt getrocknete schwarze Pfefferkörner sowohl ganz als auch gemahlen."	"OPTIONAL"	""	"TOBIAS_ROSTOCK_PROFILE"	"PROPOSED_FOR_HUMAN_REVIEW"
"BLACK_TEA"	"schwarzer Tee"	"APPLICABLE"	"Vollständig oxidierter Tee mit kräftigem, oft malzigem oder herbem Profil; Sorte und Blattgrad bleiben offen."	"GENERAL_LOCAL"	"Katalogpfad Tee. Warengruppe Tee, formrelevanter Prüfhinweis aus der vollständigen Definition: »Sorte und Blattgrad bleiben offen«. Regelweg in Bornheim über den lokalen Supermarktbereich »Tee- und Aufgussregal« in Bornheim."	"EASY"	"schwarzer Tee: gewöhnlicher lokaler Bezugsweg über den Bereich »Tee- und Aufgussregal«."	"OPTIONAL"	""	"GENERAL_LOCAL"	"Schwarzer Tee: Das Kaffee- und Teeregal gewöhnlicher großer Rostocker Supermärkte führt vollständig oxidierten Tee in mehreren Sorten und Blattgraden regulär."	"EASY"	"Schwarzer Tee: Das Kaffee- und Teeregal gewöhnlicher großer Rostocker Supermärkte führt vollständig oxidierten Tee in mehreren Sorten und Blattgraden regulär."	"OPTIONAL"	""	"TOBIAS_ROSTOCK_PROFILE"	"PROPOSED_FOR_HUMAN_REVIEW"
"BLACK_VINEGAR"	"chinesischer schwarzer Essig"	"APPLICABLE"	"Dunkler chinesischer Getreideessig mit malziger, röstiger Säure; nicht Balsamico oder bloß gefärbter Tafelessig."	"SPECIALTY_BROAD"	"Katalogpfad Essig. Warengruppe Speiseessig, formrelevanter Prüfhinweis aus der vollständigen Definition: »nicht Balsamico oder bloß gefärbter Tafelessig«. Breiter einschlägiger Spezialmarkt über den freigegebenen v2-Anker mit dem Kerngrund »Breit im chinesisch-asiatischen Spezialmarkt etabliert mehrere Marken und unabhängige Händler sind üblich«."	"SPECIALTY"	"chinesischer schwarzer Essig: Breit im chinesisch-asiatischen Spezialmarkt etabliert; mehrere Marken und unabhängige Händler sind üblich."	"REQUIRED"	"AV2E-052"	"SPECIALTY_BROAD"	"chinesischer schwarzer Essig: Breit im chinesisch-asiatischen Spezialmarkt etabliert; mehrere Marken und unabhängige Händler sind üblich."	"SPECIALTY"	"chinesischer schwarzer Essig: Breit im chinesisch-asiatischen Spezialmarkt etabliert; mehrere Marken und unabhängige Händler sind üblich."	"REQUIRED"	"AV2E-052"	"EVIDENCE_REQUIRED|REFERENCE_ANCHOR|REFERENCE_ANCHOR_V2|RESEARCH_REQUIRED|SPECIALTY_MARKET_BREADTH|TOBIAS_ROSTOCK_PROFILE"	"RATING_APPROVED_NOTE_PROPOSED_REFERENCE_ANCHOR_V2"
"BLACKBERRY"	"Brombeere"	"APPLICABLE"	"Brombeere als frische oder ungesüßt tiefgekühlte Beere mit süß-säuerlichem, dunklem Fruchtaroma."	"GENERAL_LOCAL"	"Katalogpfad Beeren → Obst. Warengruppe Obst, formrelevanter Prüfhinweis aus der vollständigen Definition: »oder ungesüßt tiefgekühlte Beere mit süß-säuerlichem, dunklem Fruchtaroma«. Regelweg in Bornheim über nahe Supermarktfilialen in Bornheim mit dem Bereich »Obst- und Gemüseabteilung«."	"EASY"	"Brombeere: gewöhnlicher lokaler Bezugsweg über den Bereich »Obst- und Gemüseabteilung«."	"OPTIONAL"	""	"GENERAL_LOCAL"	"Die Beschaffung von „Brombeere“ erfolgt in Rostock über den Obst- oder Tiefkühlobstbereich eines gewöhnlichen großen Rostocker Supermarkts."	"EASY"	"Brombeere: gewöhnlicher lokaler Bezugsweg über den Bereich »Brombeere«."	"OPTIONAL"	""	"FORM_SENSITIVE|TOBIAS_ROSTOCK_PROFILE"	"PROPOSED_FOR_HUMAN_REVIEW"
"BLOOD_ORANGE"	"Blutorange"	"APPLICABLE"	"Orange mit rot pigmentiertem Fruchtfleisch und häufig beerig-herber Note; nicht Grapefruit."	"GENERAL_BROAD"	"Katalogpfad Orange → Zitrusfrucht → Obst. Warengruppe Obst, formrelevanter Prüfhinweis aus der vollständigen Definition: »nicht Grapefruit«. Allgemein planbarer, aber nicht lokal garantierter Weg über eine vorab zu prüfendes Sortiment im Bereich »Obst- und Gemüseabteilung« eines großen Bornheimer Markts."	"PLANNED"	"Blutorange ist über ein vorab zu prüfendes Sortiment im Bereich »Obst- und Gemüseabteilung« eines großen Bornheimer Markts im allgemeinen deutschen Handel planbar, lokal aber kein verlässlicher Standardartikel."	"OPTIONAL"	""	"GENERAL_BROAD"	"Tobias prüft „Blutorange“ in Rostock über gut sortierte Vollsortimenter und etablierte deutsche Frucht- oder Frischehändler."	"PLANNED"	"Blutorange: Rostocker Bezugsweg über gut sortierte Vollsortimenter und etablierte deutsche Frucht- oder Frischehändler."	"OPTIONAL"	""	"TOBIAS_ROSTOCK_PROFILE"	"PROPOSED_FOR_HUMAN_REVIEW"
"BLOOD_SAUSAGE"	"Blutwurst"	"APPLICABLE"	"Wurstfamilie mit Blut als prägendem Bestandteil; Gewürzung, Getreideanteil und Konsistenz können regional variieren."	"GENERAL_LOCAL"	"Blutwurst: Die konkrete REWE-Seite für abgepackte Hausmacher-Blutwurst ergänzt die bereits belegten gewöhnlichen Wurstwege; Blut bleibt prägender Bestandteil. Profilbezug Georgia: Bornheim beziehungsweise der planbare allgemeine deutsche Bezug; Köln oder Düsseldorf werden nicht als lokaler EASY-Weg gewertet."	"EASY"	"Blutwurst: Die konkrete REWE-Seite für abgepackte Hausmacher-Blutwurst ergänzt die bereits belegten gewöhnlichen Wurstwege; Blut bleibt prägender Bestandteil."	"REQUIRED"	"AV2N-A-0027|AV2N-QA-0009|AV2N-QA-0010"	"GENERAL_LOCAL"	"Blutwurst: Die konkrete REWE-Seite für abgepackte Hausmacher-Blutwurst ergänzt die bereits belegten gewöhnlichen Wurstwege; Blut bleibt prägender Bestandteil. für eine Rostocker Filiale ist vorab eine Bestandsprüfung nötig."	"EASY"	"Blutwurst: Die konkrete REWE-Seite für abgepackte Hausmacher-Blutwurst ergänzt die bereits belegten gewöhnlichen Wurstwege; Blut bleibt prägender Bestandteil. für eine Rostocker Filiale ist vorab eine Bestandsprüfung nötig."	"OPTIONAL"	"AV2N-A-0027"	"BORDERLINE_PLANNED|EVIDENCE_REQUIRED|RATING_RECONCILED_V2|TOBIAS_ROSTOCK_PROFILE"	"PROPOSED_FOR_HUMAN_REVIEW"
"BLUE_CHEESE"	"Blauschimmelkäse"	"APPLICABLE"	"Offene Käsefamilie mit Blauschimmelkulturen und ausgeprägt würzigem Aroma; Milchart und Reifegrad bleiben offen."	"GENERAL_LOCAL"	"Katalogpfad Käse → gesäuertes Milchprodukt → Milchprodukte. Warengruppe Käse, formrelevanter Prüfhinweis aus der vollständigen Definition: »Milchart und Reifegrad bleiben offen«. Regelweg in Bornheim über den regulären Bornheimer Regalweg »Käsekühlung oder Käsetheke«."	"EASY"	"Blauschimmelkäse: gewöhnlicher lokaler Bezugsweg über den Bereich »Käsekühlung oder Käsetheke«."	"OPTIONAL"	""	"GENERAL_LOCAL"	"Tobias prüft „Blauschimmelkäse“ in Rostock über die Käsekühlung oder Käsetheke eines gewöhnlichen großen Rostocker Supermarkts."	"EASY"	"Blauschimmelkäse: Rostocker Bezugsweg über die Käsekühlung oder Käsetheke eines gewöhnlichen großen Rostocker Supermarkts."	"OPTIONAL"	""	"TOBIAS_ROSTOCK_PROFILE"	"PROPOSED_FOR_HUMAN_REVIEW"
"BLUEBERRY"	"Heidelbeere"	"APPLICABLE"	"Heidelbeere als frische oder ungesüßt tiefgekühlte Beere; Kultur- und Waldheidelbeeren sind umfasst."	"GENERAL_LOCAL"	"Katalogpfad Beeren → Obst. Warengruppe Obst, formrelevanter Prüfhinweis aus der vollständigen Definition: »Kultur- und Waldheidelbeeren sind umfasst«. Regelweg in Bornheim über den regulären Bornheimer Regalweg »Obst- und Gemüseabteilung«."	"EASY"	"Heidelbeere: gewöhnlicher lokaler Bezugsweg über den Bereich »Obst- und Gemüseabteilung«."	"OPTIONAL"	""	"GENERAL_LOCAL"	"Beim Einkauf von „Heidelbeere“ nutzt Tobias den Obst- oder Tiefkühlobstbereich eines gewöhnlichen großen Rostocker Supermarkts."	"EASY"	"Heidelbeere: gewöhnlicher lokaler Bezugsweg über den Bereich »Heidelbeere«."	"OPTIONAL"	""	"FORM_SENSITIVE|TOBIAS_ROSTOCK_PROFILE"	"PROPOSED_FOR_HUMAN_REVIEW"
"BOMBA_RICE"	"Bomba-Reis"	"APPLICABLE"	"Spanische Rundkorn-Reissorte Bomba mit hoher Flüssigkeits- und Geschmacksaufnahme; nicht Synonym für beliebigen Paella-Reis und nicht synonym mit der Herkunftsbezeichnung Calasparra."	"SPECIALTY_BROAD"	"Katalogpfad Reis → Getreide oder Pseudogetreide → stärkehaltige Zutat oder Sättigungsbeilage. Warengruppe Getreide- oder Stärkeware, formrelevanter Prüfhinweis aus der vollständigen Definition: »nicht Synonym für beliebigen Paella-Reis und nicht synonym mit der Herkunftsbezeichnung Calasparra«. Breiter einschlägiger Spezialmarkt über den freigegebenen v2-Anker mit dem Kerngrund »Reguläres Produkt vieler spanischer und mediterraner Spezialhändler aber nicht breit genug für allgemeinen PLANNED-Handel«."	"SPECIALTY"	"Bomba-Reis: Reguläres Produkt vieler spanischer und mediterraner Spezialhändler aber nicht breit genug für allgemeinen PLANNED-Handel."	"REQUIRED"	"AV2E-065"	"SPECIALTY_BROAD"	"Spanische Bomba-Rundkornware wird für Rostock im breiten spanischen Lebensmittel-Spezialhandel geprüft; mehrere unabhängige Fachsortimente tragen die Zuordnung, ohne gewöhnlichen Paella-Reis gleichzusetzen."	"SPECIALTY"	"Bomba-Reis: Reguläres Produkt vieler spanischer und mediterraner Spezialhändler aber nicht breit genug für allgemeinen PLANNED-Handel."	"REQUIRED"	"AV2E-065"	"EVIDENCE_REQUIRED|REFERENCE_ANCHOR|REFERENCE_ANCHOR_V2|RESEARCH_REQUIRED|SPECIALTY_MARKET_BREADTH|TOBIAS_ROSTOCK_PROFILE"	"RATING_APPROVED_NOTE_PROPOSED_REFERENCE_ANCHOR_V2"
"BONE_MARROW"	"Knochenmark"	"APPLICABLE"	"Fettreiches Mark aus großen Rinderknochen; zum Rösten, Auslassen oder Aromatisieren von Saucen und Brühen."	"GENERAL_BROAD"	"Katalogpfad Rindfleisch → Innereien → Fleisch. MeinMetzger bietet auf der konkreten Produktseite gesägte Rinder-Markknochen mit Preis und Warenkorb an; der Premium-Frischeversand macht die Form für Georgia nach Bornheim planbar."	"PLANNED"	"Knochenmark: MeinMetzger bietet auf der konkreten Produktseite gesägte Rinder-Markknochen mit Preis und Warenkorb an; der Premium-Frischeversand macht die Form für Georgia nach Bornheim planbar."	"OPTIONAL"	"AV2N-A-0028"	"GENERAL_BROAD"	"Tobias prüft „Knochenmark“ in Rostock über MeinMetzger – Markknochen, wobei die Evidenz beim Abruf verfügbaren Bestand und Kühlversand ausweist."	"PLANNED"	"Knochenmark: Rostocker Bezugsweg über MeinMetzger – Markknochen; dokumentiert sind beim Abruf verfügbaren Bestand und Kühlversand."	"REQUIRED"	"AV2N-A-0028"	"RESEARCH_REQUIRED|TOBIAS_ROSTOCK_PROFILE"	"PROPOSED_FOR_HUMAN_REVIEW"
"BONITO_FLAKES"	"Bonitoflocken"	"APPLICABLE"	"Dünn gehobelte Flocken aus getrocknetem und meist geräuchertem Bonito nach Katsuobushi-Art; stark umamireich."	"SPECIALTY_BROAD"	"Katalogpfad getrockneter Fisch → konservierter Fisch → Fisch → Fisch und Meeresfrüchte. Warengruppe konservierter Fisch, formrelevanter Prüfhinweis aus der vollständigen Definition: »stark umamireich«. Breiter einschlägiger Spezialmarkt über den freigegebenen v2-Anker mit dem Kerngrund »Reguläres Produkt vieler japanisch-asiatischer Spezialhändler jedoch kein allgemeiner deutscher Handelsstandard«."	"SPECIALTY"	"Bonitoflocken: Reguläres Produkt vieler japanisch-asiatischer Spezialhändler jedoch kein allgemeiner deutscher Handelsstandard."	"REQUIRED"	"AV2E-053"	"SPECIALTY_BROAD"	"Bonitoflocken: Mehrere bundesweit liefernde Japan-Fachhändler führen dünn gehobelte, getrocknet-geräucherte Katsuobushi-Flocken; gewöhnliche Rostocker Fischtheken sind für diese Trockenware nicht der maßgebliche Weg."	"SPECIALTY"	"Bonitoflocken: Reguläres Produkt vieler japanisch-asiatischer Spezialhändler jedoch kein allgemeiner deutscher Handelsstandard."	"REQUIRED"	"AV2E-053"	"EVIDENCE_REQUIRED|REFERENCE_ANCHOR|REFERENCE_ANCHOR_V2|RESEARCH_REQUIRED|SPECIALTY_MARKET_BREADTH|TOBIAS_ROSTOCK_PROFILE"	"RATING_APPROVED_NOTE_PROPOSED_REFERENCE_ANCHOR_V2"
"BRANDY"	"Brandy oder Weinbrand"	"APPLICABLE"	"Offene Weinbrandfamilie; geschützte beziehungsweise kulinarisch eigenständige Ausprägungen wie Cognac können separat konkretisiert werden."	"GENERAL_LOCAL"	"Katalogpfad Kochalkohol. Warengruppe Kochalkohol, formrelevanter Prüfhinweis aus der vollständigen Definition: »geschützte beziehungsweise kulinarisch eigenständige Ausprägungen wie Cognac können separat konkretisiert werden«. Regelweg in Bornheim über den regulären Bornheimer Regalweg »Getränke-, Wein- oder Spirituosenregal«."	"EASY"	"Brandy oder Weinbrand: gewöhnlicher lokaler Bezugsweg über den Bereich »Getränke-, Wein- oder Spirituosenregal«."	"OPTIONAL"	""	"GENERAL_LOCAL"	"Tobias prüft „Brandy oder Weinbrand“ in Rostock über das Spirituosen- oder Weinregal eines gewöhnlichen großen Rostocker Supermarkts."	"EASY"	"Brandy oder Weinbrand: Rostocker Bezugsweg über das Spirituosen- oder Weinregal eines gewöhnlichen großen Rostocker Supermarkts."	"OPTIONAL"	""	"RATING_RECONCILED_V2|TOBIAS_ROSTOCK_PROFILE"	"PROPOSED_FOR_HUMAN_REVIEW"
"BRATWURST"	"Bratwurst"	"APPLICABLE"	"Zum Braten oder Grillen bestimmte Wurst; Fleischmischung, Körnung und regionale Würzung bleiben offen."	"GENERAL_LOCAL"	"Katalogpfad Schweinefleisch → Wurst → Fleisch. Warengruppe Wurst oder Pökelfleisch, formrelevanter Prüfhinweis aus der vollständigen Definition: »Fleischmischung, Körnung und regionale Würzung bleiben offen«. Regelweg in Bornheim über den regulären Bornheimer Regalweg »Wurstkühlung oder Bedientheke«."	"EASY"	"Bratwurst: gewöhnlicher lokaler Bezugsweg über den Bereich »Wurstkühlung oder Bedientheke«."	"OPTIONAL"	""	"GENERAL_LOCAL"	"Die Rostocker Warenprüfung für „Bratwurst“ erfolgt über die Fleischkühlung oder Bedientheke eines gewöhnlichen großen Rostocker Supermarkts."	"EASY"	"Bratwurst: gewöhnlicher lokaler Bezugsweg über den Bereich »Bratwurst«."	"OPTIONAL"	""	"TOBIAS_ROSTOCK_PROFILE"	"PROPOSED_FOR_HUMAN_REVIEW"
"BRAZIL_NUT"	"Paranüsse"	"APPLICABLE"	"Große, fettreiche Paranusskerne mit cremigem Biss; ganz, gehackt oder gemahlen verwendbar."	"GENERAL_LOCAL"	"Katalogpfad Nüsse. Warengruppe Nuss, Saat oder Mus, formrelevanter Prüfhinweis aus der vollständigen Definition: »ganz, gehackt oder gemahlen verwendbar«. Regelweg in Bornheim über den lokalen Supermarktbereich »Nuss-, Saaten- oder Nussmusregal« in Bornheim."	"EASY"	"Paranüsse: gewöhnlicher lokaler Bezugsweg über den Bereich »Nuss-, Saaten- oder Nussmusregal«."	"OPTIONAL"	""	"GENERAL_LOCAL"	"Tobias prüft „Paranüsse“ in Rostock über das Nuss-, Saaten-, Back- oder Brotaufstrichregal eines gewöhnlichen großen Rostocker Supermarkts."	"EASY"	"Paranüsse: Rostocker Bezugsweg über das Nuss-, Saaten-, Back- oder Brotaufstrichregal eines gewöhnlichen großen Rostocker Supermarkts."	"OPTIONAL"	""	"RATING_RECONCILED_V2|TOBIAS_ROSTOCK_PROFILE"	"PROPOSED_FOR_HUMAN_REVIEW"
"BREAD"	"Brot oder Fladenbrot"	"APPLICABLE"	"Offene Vorgabe für gebackenes Brot oder Fladenbrot; Getreide, Triebmittel, Form und Krustenanteil bleiben wählbar."	"GENERAL_LOCAL"	"Die offene Brotfamilie wird in Bornheim über Bäckereitheke, Backstation und das Regal für abgepackte Backwaren abgedeckt."	"EASY"	"Brot oder Fladenbrot: Die offene Brotfamilie wird in Bornheim über Bäckereitheke, Backstation und das Regal für abgepackte Backwaren abgedeckt."	"OPTIONAL"	""	"GENERAL_LOCAL"	"Die Beschaffung von „Brot oder Fladenbrot“ erfolgt in Rostock über das Back-, Süßwaren- oder Brotregal eines gewöhnlichen großen Rostocker Supermarkts."	"EASY"	"Brot oder Fladenbrot: gewöhnlicher lokaler Bezugsweg über den Bereich »Brot oder Fladenbrot«."	"OPTIONAL"	""	"TOBIAS_ROSTOCK_PROFILE"	"PROPOSED_FOR_HUMAN_REVIEW"
"BREAD_DUMPLING"	"Semmelknödel"	"APPLICABLE"	"Gekochter oder gedämpfter böhmisch-mitteleuropäischer Brot-/Semmelknödel als fertige Beilage; nicht Dumpling-Teig, Teighülle oder gefüllter Dumpling."	"GENERAL_BROAD"	"Katalogpfad stärkehaltige Zutat oder Sättigungsbeilage. Warengruppe Getreide- oder Stärkeware, formrelevanter Prüfhinweis aus der vollständigen Definition: »nicht Dumpling-Teig, Teighülle oder gefüllter Dumpling«. Die Warenform ist vom Rheinland aus über „Reis-, Mehl-, Nudel- oder Trockenwarenregal über einen reservierten Marktartikel“ erreichbar."	"PLANNED"	"Semmelknödel: Die Warenform ist vom Rheinland aus über „Reis-, Mehl-, Nudel- oder Trockenwarenregal über einen reservierten Marktartikel“ erreichbar."	"OPTIONAL"	""	"GENERAL_BROAD"	"Tobias sucht „Semmelknödel“ in Rostock über gut sortierte Vollsortimenter und etablierte deutsche Bio- oder Trockenwarenhändler gesucht."	"PLANNED"	"Semmelknödel: Tobias sucht „Semmelknödel“ in Rostock über gut sortierte Vollsortimenter und etablierte deutsche Bio- oder Trockenwarenhändler gesucht."	"OPTIONAL"	""	"TOBIAS_ROSTOCK_PROFILE"	"PROPOSED_FOR_HUMAN_REVIEW"
"BREADCRUMBS"	"Semmelbrösel"	"APPLICABLE"	"Trockene gemahlene Brot- oder Brötchenkrume zum Panieren, Binden oder Bestreuen; Panko ist eine eigene Ausprägung."	"GENERAL_LOCAL"	"Katalogpfad stärkehaltige Zutat oder Sättigungsbeilage. Warengruppe Getreide- oder Stärkeware, formrelevanter Prüfhinweis aus der vollständigen Definition: »Panko ist eine eigene Ausprägung«. Regelweg in Bornheim über nahe Supermarktfilialen in Bornheim mit dem Bereich »Reis-, Mehl-, Nudel- oder Trockenwarenregal«."	"EASY"	"Semmelbrösel: gewöhnlicher lokaler Bezugsweg über den Bereich »Reis-, Mehl-, Nudel- oder Trockenwarenregal«."	"OPTIONAL"	""	"GENERAL_LOCAL"	"Für „Semmelbrösel“ führt der Rostocker Marktweg über das Getreide-, Mehl-, Reis- oder Teigwarenregal eines gewöhnlichen großen Rostocker Supermarkts."	"EASY"	"Semmelbrösel: Rostocker Bezugsweg über das Getreide-, Mehl-, Reis- oder Teigwarenregal eines gewöhnlichen großen Rostocker Supermarkts."	"OPTIONAL"	""	"TOBIAS_ROSTOCK_PROFILE"	"PROPOSED_FOR_HUMAN_REVIEW"
"BRIE"	"Brie"	"APPLICABLE"	"Weichkäse der Brie-Familie mit charakteristischer Weißschimmelrinde; umfasst handelsüblichen Brie-Stil und bekannte französische Ausprägungen, ohne auf Brie de Meaux oder Brie de Melun beschränkt zu sein. Nicht Camembert."	"GENERAL_LOCAL"	"Katalogpfad Käse → gesäuertes Milchprodukt → Milchprodukte. Warengruppe Käse, formrelevanter Prüfhinweis aus der vollständigen Definition: »Nicht Camembert«. Regelweg in Bornheim über den regulären Bornheimer Regalweg »Käsekühlung oder Käsetheke«."	"EASY"	"Brie: gewöhnlicher lokaler Bezugsweg über den Bereich »Käsekühlung oder Käsetheke«."	"OPTIONAL"	""	"GENERAL_LOCAL"	"Für „Brie“ führt der Rostocker Marktweg über die Käsekühlung oder Käsetheke eines gewöhnlichen großen Rostocker Supermarkts."	"EASY"	"Brie: Rostocker Bezugsweg über die Käsekühlung oder Käsetheke eines gewöhnlichen großen Rostocker Supermarkts."	"OPTIONAL"	""	"TOBIAS_ROSTOCK_PROFILE"	"PROPOSED_FOR_HUMAN_REVIEW"
"BROAD_BEANS"	"Dicke Bohnen"	"APPLICABLE"	"Dicke Bohnen beziehungsweise Ackerbohnen; frisch, tiefgekühlt oder getrocknet verwendbar und nicht mit grünen Bohnen gleichzusetzen."	"GENERAL_BROAD"	"Katalogpfad Bohnen → Hülsen- und Schotengemüse → Hülsenfrüchte → Gemüse. Warengruppe Gemüse oder Pilz, formrelevanter Prüfhinweis aus der vollständigen Definition: »frisch, tiefgekühlt oder getrocknet verwendbar und nicht mit grünen Bohnen gleichzusetzen«. Allgemein planbarer, aber nicht lokal garantierter Weg über eine vorab zu prüfendes Sortiment im Bereich »Obst- und Gemüseabteilung« eines großen Bornheimer Markts."	"PLANNED"	"Dicke Bohnen ist über ein vorab zu prüfendes Sortiment im Bereich »Obst- und Gemüseabteilung« eines großen Bornheimer Markts im allgemeinen deutschen Handel planbar, lokal aber kein verlässlicher Standardartikel."	"OPTIONAL"	""	"GENERAL_BROAD"	"Beim Einkauf von „Dicke Bohnen“ nutzt Tobias gut sortierte Vollsortimenter und etablierte deutsche Gemüse- oder Frischehändler."	"PLANNED"	"Dicke Bohnen: Beim Einkauf von „Dicke Bohnen“ nutzt Tobias gut sortierte Vollsortimenter und etablierte deutsche Gemüse- oder Frischehändler."	"OPTIONAL"	""	"FORM_SENSITIVE|TOBIAS_ROSTOCK_PROFILE"	"PROPOSED_FOR_HUMAN_REVIEW"
"BROCCOLI"	"Brokkoli"	"APPLICABLE"	"Grünes Kohlgemüse mit essbaren Blütenknospen und Stielen; nicht mit Romanesco oder Blumenkohl gleichsetzen."	"GENERAL_LOCAL"	"Katalogpfad Kohlgemüse → Blütengemüse → Gemüse. Warengruppe Gemüse oder Pilz, formrelevanter Prüfhinweis aus der vollständigen Definition: »nicht mit Romanesco oder Blumenkohl gleichsetzen«. Regelweg in Bornheim über den Bereich »Obst- und Gemüseabteilung« eines gewöhnlichen Bornheimer Vollsortimenters."	"EASY"	"Brokkoli: gewöhnlicher lokaler Bezugsweg über den Bereich »Obst- und Gemüseabteilung«."	"OPTIONAL"	""	"GENERAL_LOCAL"	"Der konkrete Bezug von „Brokkoli“ läuft über die Gemüseabteilung eines gewöhnlichen großen Rostocker Supermarkts."	"EASY"	"Brokkoli: gewöhnlicher lokaler Bezugsweg über den Bereich »Brokkoli«."	"OPTIONAL"	""	"TOBIAS_ROSTOCK_PROFILE"	"PROPOSED_FOR_HUMAN_REVIEW"
"BROKEN_RICE"	"Bruchreis"	"APPLICABLE"	"Reiskörner, die bei Ernte oder Verarbeitung gebrochen wurden und dadurch kleiner sowie schneller garend sind. Gemeint ist das Kornprodukt, nicht ein fertig belegtes Cơm-tấm-Gericht."	"SPECIALTY_BROAD"	"Katalogpfad Reis → Getreide oder Pseudogetreide → stärkehaltige Zutat oder Sättigungsbeilage. Warengruppe Getreide- oder Stärkeware, formrelevanter Prüfhinweis aus der vollständigen Definition: »Gemeint ist das Kornprodukt, nicht ein fertig belegtes Cơm-tấm-Gericht«. Breiter einschlägiger Spezialmarkt über die voneinander unabhängigen Händler King Kao – Bruchreis 20 kg sowie Asia Foodstore – Royal Thai Duft-Bruchreis."	"SPECIALTY"	"Bruchreis ist im einschlägigen Spezialmarkt breit etabliert; dokumentierte reguläre Wege sind die voneinander unabhängigen Händler King Kao – Bruchreis 20 kg sowie Asia Foodstore – Royal Thai Duft-Bruchreis."	"REQUIRED"	"AV2N-A-0029|AV2N-A-0030"	"SPECIALTY_BROAD"	"Tobias prüft „Bruchreis“ in Rostock über Asia Foodstore – Royal Thai Duft-Bruchreis und King Kao – Bruchreis 20 kg, wobei die Evidenz beim Abruf verfügbaren Bestand und Standardversand ausweist."	"SPECIALTY"	"Bruchreis: Rostocker Bezugsweg über Asia Foodstore – Royal Thai Duft-Bruchreis und King Kao – Bruchreis 20 kg; dokumentiert sind beim Abruf verfügbaren Bestand und Standardversand."	"REQUIRED"	"AV2N-A-0029|AV2N-A-0030"	"EVIDENCE_REQUIRED|RESEARCH_REQUIRED|SPECIALTY_MARKET_BREADTH|TOBIAS_ROSTOCK_PROFILE"	"PROPOSED_FOR_HUMAN_REVIEW"
"BROWN_CHAMPIGNON"	"braune Champignons"	"APPLICABLE"	"Frische braune Zuchtchampignons mit etwas kräftigerem Aroma als weiße Champignons."	"GENERAL_LOCAL"	"Katalogpfad frische Champignons → Champignons → Pilze → Gemüse. Warengruppe Gemüse oder Pilz, formrelevanter Prüfhinweis aus der vollständigen Definition: »braune Zuchtchampignons mit etwas kräftigerem Aroma als weiße Champignons«. Regelweg in Bornheim über den Bereich »Obst- und Gemüseabteilung« eines gewöhnlichen Bornheimer Vollsortimenters."	"EASY"	"braune Champignons: gewöhnlicher lokaler Bezugsweg über den Bereich »Obst- und Gemüseabteilung«."	"OPTIONAL"	""	"GENERAL_LOCAL"	"Tobias prüft „braune Champignons“ in Rostock über den Pilzbereich der Obst- und Gemüseabteilung eines gewöhnlichen großen Rostocker Supermarkts."	"EASY"	"braune Champignons: Rostocker Bezugsweg über den Pilzbereich der Obst- und Gemüseabteilung eines gewöhnlichen großen Rostocker Supermarkts."	"OPTIONAL"	""	"FORM_SENSITIVE|TOBIAS_ROSTOCK_PROFILE"	"PROPOSED_FOR_HUMAN_REVIEW"
"BROWN_RICE"	"Vollkornreis"	"APPLICABLE"	"Reis mit erhaltenen Randschichten und dadurch nussigerem Geschmack sowie festerem Biss; Sorte bleibt offen."	"GENERAL_LOCAL"	"Katalogpfad Reis → Getreide oder Pseudogetreide → stärkehaltige Zutat oder Sättigungsbeilage. Warengruppe Getreide- oder Stärkeware, formrelevanter Prüfhinweis aus der vollständigen Definition: »Sorte bleibt offen«. Regelweg in Bornheim über nahe Supermarktfilialen in Bornheim mit dem Bereich »Reis-, Mehl-, Nudel- oder Trockenwarenregal«."	"EASY"	"Vollkornreis: gewöhnlicher lokaler Bezugsweg über den Bereich »Reis-, Mehl-, Nudel- oder Trockenwarenregal«."	"OPTIONAL"	""	"GENERAL_LOCAL"	"Die Beschaffung von „Vollkornreis“ erfolgt in Rostock über das Getreide-, Mehl-, Reis- oder Teigwarenregal eines gewöhnlichen großen Rostocker Supermarkts."	"EASY"	"Vollkornreis: gewöhnlicher lokaler Bezugsweg über den Bereich »Vollkornreis«."	"OPTIONAL"	""	"TOBIAS_ROSTOCK_PROFILE"	"PROPOSED_FOR_HUMAN_REVIEW"
"BROWN_SUGAR"	"brauner Zucker"	"APPLICABLE"	"Brauner Zucker mit Melasseanteil beziehungsweise karamelligem Aroma; feucht oder trocken verwendbar."	"GENERAL_LOCAL"	"Katalogpfad Süßungsmittel. Warengruppe Süßungs- oder Kakaoware, formrelevanter Prüfhinweis aus der vollständigen Definition: »feucht oder trocken verwendbar«. Regelweg in Bornheim über nahe Supermarktfilialen in Bornheim mit dem Bereich »Backzutaten-, Süßwaren- oder Kakaoregal«."	"EASY"	"brauner Zucker: gewöhnlicher lokaler Bezugsweg über den Bereich »Backzutaten-, Süßwaren- oder Kakaoregal«."	"OPTIONAL"	""	"GENERAL_LOCAL"	"Beim Einkauf von „brauner Zucker“ nutzt Tobias das Back-, Süßwaren- oder Brotregal eines gewöhnlichen großen Rostocker Supermarkts."	"EASY"	"brauner Zucker: gewöhnlicher lokaler Bezugsweg über den Bereich »brauner Zucker«."	"OPTIONAL"	""	"TOBIAS_ROSTOCK_PROFILE"	"PROPOSED_FOR_HUMAN_REVIEW"
"BRUNOST"	"Brunost"	"APPLICABLE"	"Norwegisches braunes Molkeprodukt mit charakteristisch süßlich-karamelligem Geschmack, der durch starkes Einkochen von Molke und Milchbestandteilen entsteht. Kuh- und Ziegenmilchanteile können je nach Variante variieren. Nicht mit gewöhnlichem Ziegenkäse oder Karamellaufstrich gleichsetzen."	"NICHE_IMPORT"	"Katalogpfad Käse → gesäuertes Milchprodukt → Milchprodukte. Warengruppe Käse, formrelevanter Prüfhinweis aus der vollständigen Definition: »Nicht mit gewöhnlichem Ziegenkäse oder Karamellaufstrich gleichsetzen«. Nur der schmale Händlerweg über Gouda Käse Shop – Gjetost/Brunost ist positiv belegt; Kühlversand begrenzt Form, Bestand oder Logistik."	"DIFFICULT"	"Brunost: Nur der schmale Händlerweg über Gouda Käse Shop – Gjetost/Brunost ist positiv belegt; Kühlversand begrenzt Form, Bestand oder Logistik."	"REQUIRED"	"AV2N-A-0031"	"NICHE_IMPORT"	"Tobias prüft „Brunost“ in Rostock über Gouda Käse Shop – Gjetost/Brunost, wobei die Evidenz ein dokumentiertes laufendes Angebot und Kühlversand ausweist."	"DIFFICULT"	"Brunost: Rostocker Bezugsweg über Gouda Käse Shop – Gjetost/Brunost; dokumentiert sind ein dokumentiertes laufendes Angebot und Kühlversand."	"REQUIRED"	"AV2N-A-0031"	"EVIDENCE_REQUIRED|FORM_OR_LOGISTICS_RISK|FORM_OR_ROUTE_FRAGILE|RESEARCH_REQUIRED|TOBIAS_ROSTOCK_PROFILE"	"PROPOSED_FOR_HUMAN_REVIEW"
"BRUSSELS_SPROUTS"	"Rosenkohl"	"APPLICABLE"	"Kleine feste Blattachselknospen des Kohls mit herb-nussigem Geschmack; frisch oder tiefgekühlt verwendbar."	"GENERAL_LOCAL"	"Katalogpfad Kohlgemüse → Gemüse. Warengruppe Gemüse oder Pilz, formrelevanter Prüfhinweis aus der vollständigen Definition: »frisch oder tiefgekühlt verwendbar«. Regelweg in Bornheim über die gewöhnliche Bornheimer Auslage »Obst- und Gemüseabteilung«."	"EASY"	"Rosenkohl: gewöhnlicher lokaler Bezugsweg über den Bereich »Obst- und Gemüseabteilung«."	"OPTIONAL"	""	"GENERAL_LOCAL"	"Tobias prüft „Rosenkohl“ in Rostock über den Gemüse- oder Tiefkühlgemüsebereich eines gewöhnlichen großen Rostocker Supermarkts."	"EASY"	"Rosenkohl: Rostocker Bezugsweg über den Gemüse- oder Tiefkühlgemüsebereich eines gewöhnlichen großen Rostocker Supermarkts."	"OPTIONAL"	""	"FORM_SENSITIVE|TOBIAS_ROSTOCK_PROFILE"	"PROPOSED_FOR_HUMAN_REVIEW"
"BRUSSELS_WAFFLE"	"Brüsseler Waffel"	"APPLICABLE"	"Große rechteckige belgische Waffel nach Brüsseler Art, außen knusprig und innen luftig. Gemeint ist die Waffel selbst, ohne vorausgesetzte Beläge. Nicht mit der kompakteren Lütticher Zuckerwaffel gleichsetzen."	"GENERAL_BROAD"	"Katalogpfad Süßware → Waffel → Backware. Warengruppe Back- oder Brotwaren, formrelevanter Prüfhinweis aus der vollständigen Definition: »Nicht mit der kompakteren Lütticher Zuckerwaffel gleichsetzen«. Allgemein planbarer, aber nicht lokal garantierter Weg über eine konkrete Vorbestellung oder Bestandsabfrage für Back- oder Brotwaren."	"PLANNED"	"Brüsseler Waffel ist über eine konkrete Vorbestellung oder Bestandsabfrage für Back- oder Brotwaren im allgemeinen deutschen Handel planbar, lokal aber kein verlässlicher Standardartikel."	"OPTIONAL"	""	"GENERAL_BROAD"	"Tobias prüft „Brüsseler Waffel“ in Rostock über gut sortierte Vollsortimenter und etablierte deutsche Back- oder Süßwarenhändler."	"PLANNED"	"Brüsseler Waffel: Rostocker Bezugsweg über gut sortierte Vollsortimenter und etablierte deutsche Back- oder Süßwarenhändler."	"OPTIONAL"	""	"TOBIAS_ROSTOCK_PROFILE"	"PROPOSED_FOR_HUMAN_REVIEW"
"BUCKWHEAT"	"Buchweizen"	"APPLICABLE"	"Glutenfreies Pseudogetreide mit kräftig-nussigem Geschmack; gemeint sind ganze Körner oder Grütze, nicht Mehl."	"GENERAL_BROAD"	"Katalogpfad Getreide oder Pseudogetreide → stärkehaltige Zutat oder Sättigungsbeilage. Warengruppe Getreide- oder Stärkeware, formrelevanter Prüfhinweis aus der vollständigen Definition: »gemeint sind ganze Körner oder Grütze, nicht Mehl«. Allgemein planbarer, aber nicht lokal garantierter Weg über eine vorab zu prüfendes Sortiment im Bereich »Reis-, Mehl-, Nudel- oder Trockenwarenregal« eines großen Bornheimer Markts."	"PLANNED"	"Buchweizen: Breit im allgemeinen Bio-, Drogerie- und Onlinehandel verfügbar, lokal jedoch nicht überall Standard."	"OPTIONAL"	"AV2E-015"	"GENERAL_BROAD"	"Buchweizen: Breit im allgemeinen Bio-, Drogerie- und Onlinehandel verfügbar, lokal jedoch nicht überall Standard."	"PLANNED"	"Buchweizen: Breit im allgemeinen Bio-, Drogerie- und Onlinehandel verfügbar, lokal jedoch nicht überall Standard."	"REQUIRED"	"AV2E-015"	"REFERENCE_ANCHOR|REFERENCE_ANCHOR_V2|RESEARCH_REQUIRED|TOBIAS_ROSTOCK_PROFILE"	"RATING_APPROVED_NOTE_PROPOSED_REFERENCE_ANCHOR_V2"
"BUCKWHEAT_FLOUR"	"Buchweizenmehl"	"APPLICABLE"	"Mehl aus Buchweizen; nicht Weizenmehl mit Buchweizenanteil und nicht ganzes Buchweizenkorn."	"GENERAL_BROAD"	"Katalogpfad Buchweizen → Mehl → Getreide oder Pseudogetreide → stärkehaltige Zutat oder Sättigungsbeilage. Warengruppe Getreide- oder Stärkeware, formrelevanter Prüfhinweis aus der vollständigen Definition: »nicht Weizenmehl mit Buchweizenanteil und nicht ganzes Buchweizenkorn«. Allgemein planbarer, aber nicht lokal garantierter Weg über eine vorab zu prüfendes Sortiment im Bereich »Reis-, Mehl-, Nudel- oder Trockenwarenregal« eines großen Bornheimer Markts."	"PLANNED"	"Buchweizenmehl ist über ein vorab zu prüfendes Sortiment im Bereich »Reis-, Mehl-, Nudel- oder Trockenwarenregal« eines großen Bornheimer Markts im allgemeinen deutschen Handel planbar, lokal aber kein verlässlicher Standardartikel."	"OPTIONAL"	""	"GENERAL_BROAD"	"Tobias prüft „Buchweizenmehl“ in Rostock über gut sortierte Vollsortimenter und etablierte deutsche Bio- oder Trockenwarenhändler."	"PLANNED"	"Buchweizenmehl: Rostocker Bezugsweg über gut sortierte Vollsortimenter und etablierte deutsche Bio- oder Trockenwarenhändler."	"OPTIONAL"	""	"TOBIAS_ROSTOCK_PROFILE"	"PROPOSED_FOR_HUMAN_REVIEW"
"BULGUR"	"Bulgur"	"APPLICABLE"	"Vorgegarter, getrockneter und gebrochener Hartweizen mit nussigem Biss; Körnung kann variieren."	"GENERAL_BROAD"	"Katalogpfad Getreide oder Pseudogetreide → stärkehaltige Zutat oder Sättigungsbeilage. Warengruppe Getreide- oder Stärkeware, formrelevanter Prüfhinweis aus der vollständigen Definition: »Körnung kann variieren«. Allgemein planbarer, aber nicht lokal garantierter Weg über eine gezielte Sortimentsprüfung im nahen türkisch-arabischen Lebensmittelmarkt in Bornheim oder einen formtreuen Standardversand."	"PLANNED"	"Bulgur: In gut sortierten allgemeinen Märkten und im breiten Onlinehandel zuverlässig erhältlich aber nicht mit der für EASY verlangten nahezu universellen lokalen Trefferquote."	"OPTIONAL"	"AV2E-014"	"GENERAL_BROAD"	"Bulgur: In gut sortierten allgemeinen Märkten und im breiten Onlinehandel zuverlässig erhältlich aber nicht mit der für EASY verlangten nahezu universellen lokalen Trefferquote."	"PLANNED"	"Bulgur: In gut sortierten allgemeinen Märkten und im breiten Onlinehandel zuverlässig erhältlich aber nicht mit der für EASY verlangten nahezu universellen lokalen Trefferquote."	"REQUIRED"	"AV2E-014"	"REFERENCE_ANCHOR|REFERENCE_ANCHOR_V2|RESEARCH_REQUIRED|TOBIAS_ROSTOCK_PROFILE"	"RATING_APPROVED_NOTE_PROPOSED_REFERENCE_ANCHOR_V2"
"BUTTER"	"Butter"	"APPLICABLE"	"Streich- und Kochfett aus Milchrahm; gesalzene, ungesalzene und mildgesäuerte Butter sind umfasst."	"GENERAL_LOCAL"	"Katalogpfad Kochfett → Milchprodukte. Warengruppe Speiseöl oder Kochfett, formrelevanter Prüfhinweis aus der vollständigen Definition: »gesalzene, ungesalzene und mildgesäuerte Butter sind umfasst«. Regelweg in Bornheim über den lokalen Supermarktbereich »Öl- und Kochfettregal« in Bornheim."	"EASY"	"Butter: gewöhnlicher lokaler Bezugsweg über den Bereich »Öl- und Kochfettregal«."	"OPTIONAL"	""	"GENERAL_LOCAL"	"Tobias prüft „Butter“ in Rostock über die Molkereikühlung eines gewöhnlichen großen Rostocker Supermarkts."	"EASY"	"Butter: Rostocker Bezugsweg über die Molkereikühlung eines gewöhnlichen großen Rostocker Supermarkts."	"OPTIONAL"	""	"TOBIAS_ROSTOCK_PROFILE"	"PROPOSED_FOR_HUMAN_REVIEW"
"BUTTER_BEANS"	"Limabohnen"	"APPLICABLE"	"Große helle Limabohnen mit weicher, cremiger Textur; getrocknet oder vorgegart verwendbar."	"GENERAL_BROAD"	"Katalogpfad Bohnen → Hülsenfrüchte. Warengruppe Hülsenfrucht, formrelevanter Prüfhinweis aus der vollständigen Definition: »getrocknet oder vorgegart verwendbar«. Allgemein planbarer, aber nicht lokal garantierter Weg über einen vorbereiteten Einkauf im gut sortierten Bereich »Hülsenfrucht-, Konserven- oder Trockenwarenregal«."	"PLANNED"	"Limabohnen ist über einen vorbereiteten Einkauf im gut sortierten Bereich »Hülsenfrucht-, Konserven- oder Trockenwarenregal« im allgemeinen deutschen Handel planbar, lokal aber kein verlässlicher Standardartikel."	"OPTIONAL"	""	"GENERAL_BROAD"	"Die Beschaffung von „Limabohnen“ erfolgt in Rostock über gut sortierte Vollsortimenter und etablierte deutsche Bio- oder Trockenwarenhändler."	"PLANNED"	"Limabohnen: Die Beschaffung von „Limabohnen“ erfolgt in Rostock über gut sortierte Vollsortimenter und etablierte deutsche Bio- oder Trockenwarenhändler."	"OPTIONAL"	""	"TOBIAS_ROSTOCK_PROFILE"	"PROPOSED_FOR_HUMAN_REVIEW"
"BUTTERMILK"	"Buttermilch"	"APPLICABLE"	"Fettarmes säuerliches Milchprodukt aus der Butterherstellung beziehungsweise entsprechender Kultivierung; nicht Kefir."	"GENERAL_LOCAL"	"Katalogpfad gesäuertes Milchprodukt → Milchprodukte. Warengruppe Milchprodukt, formrelevanter Prüfhinweis aus der vollständigen Definition: »aus der Butterherstellung beziehungsweise entsprechender Kultivierung; nicht Kefir«. Regelweg in Bornheim über ortsübliche Vollsortimenter rund um Bornheim, konkret im Bereich »Molkereikühlregal«."	"EASY"	"Buttermilch: gewöhnlicher lokaler Bezugsweg über den Bereich »Molkereikühlregal«."	"OPTIONAL"	""	"GENERAL_LOCAL"	"Für „Buttermilch“ führt der Rostocker Marktweg über die Molkereikühlung eines gewöhnlichen großen Rostocker Supermarkts."	"EASY"	"Buttermilch: Rostocker Bezugsweg über die Molkereikühlung eines gewöhnlichen großen Rostocker Supermarkts."	"OPTIONAL"	""	"TOBIAS_ROSTOCK_PROFILE"	"PROPOSED_FOR_HUMAN_REVIEW"
"BUTTERNUT_SQUASH"	"Butternut-Kürbis"	"APPLICABLE"	"Birnenförmiger Moschuskürbis mit dichtem, süßlich-nussigem Fruchtfleisch und kleiner Samenhöhle."	"GENERAL_LOCAL"	"Katalogpfad Kürbis → Fruchtgemüse → Gemüse. Warengruppe Gemüse oder Pilz, formrelevanter Prüfhinweis aus der vollständigen Definition: »Moschuskürbis mit dichtem, süßlich-nussigem Fruchtfleisch und kleiner Samenhöhle«. Regelweg in Bornheim über die gewöhnliche Bornheimer Auslage »Obst- und Gemüseabteilung«."	"EASY"	"Butternut-Kürbis: gewöhnlicher lokaler Bezugsweg über den Bereich »Obst- und Gemüseabteilung«."	"OPTIONAL"	""	"GENERAL_LOCAL"	"Tobias sucht „Butternut-Kürbis“ in Rostock über die Gemüseabteilung eines gewöhnlichen großen Rostocker Supermarkts gesucht."	"EASY"	"Butternut-Kürbis: gewöhnlicher lokaler Bezugsweg über den Bereich »Butternut-Kürbis«."	"OPTIONAL"	""	"TOBIAS_ROSTOCK_PROFILE"	"PROPOSED_FOR_HUMAN_REVIEW"
"CABBAGE_VEGETABLES"	"Kohlgemüse"	"APPLICABLE"	"Offene Vorgabe für Blatt-, Kopf-, Knospen- und Blütenformen der Kohlgemüsefamilie."	"GENERAL_LOCAL"	"Katalogpfad Gemüse. Warengruppe Gemüse oder Pilz, formrelevanter Prüfhinweis aus der vollständigen Definition: »Vorgabe für Blatt-, Kopf-, Knospen- und Blütenformen der Kohlgemüsefamilie«. Regelweg in Bornheim über nahe Supermarktfilialen in Bornheim mit dem Bereich »Obst- und Gemüseabteilung«."	"EASY"	"Kohlgemüse: gewöhnlicher lokaler Bezugsweg über den Bereich »Obst- und Gemüseabteilung«."	"OPTIONAL"	""	"GENERAL_LOCAL"	"Die Rostocker Warenprüfung für „Kohlgemüse“ erfolgt über die Gemüseabteilung eines gewöhnlichen großen Rostocker Supermarkts."	"EASY"	"Kohlgemüse: gewöhnlicher lokaler Bezugsweg über den Bereich »Kohlgemüse«."	"OPTIONAL"	""	"TOBIAS_ROSTOCK_PROFILE"	"PROPOSED_FOR_HUMAN_REVIEW"
"CALAMANSI"	"Calamansi"	"APPLICABLE"	"Kleine südostasiatische Zitrusfrucht mit aromatischem, deutlich saurem Saft; frisch oder als ungesüßter Saft verwendbar."	"NICHE_IMPORT"	"Katalogpfad Zitrusfrucht → Tropenfrucht → Obst. Warengruppe Obst, formrelevanter Prüfhinweis aus der vollständigen Definition: »frisch oder als ungesüßter Saft verwendbar«. Der v2-Anker hält den Engpass fest: Zulässig sind frische Frucht oder ungesüßter sortenreiner Saft verbreitete gesüßte Konzentrate zählen nicht passende Wege bleiben eng."	"DIFFICULT"	"Calamansi: Zulässig sind frische Frucht oder ungesüßter sortenreiner Saft; verbreitete gesüßte Konzentrate zählen nicht passende Wege bleiben eng."	"REQUIRED"	"AV2E-076"	"NICHE_IMPORT"	"Calamansi: Zulässig sind frische Frucht oder ungesüßter sortenreiner Saft; verbreitete gesüßte Konzentrate zählen nicht passende Wege bleiben eng."	"DIFFICULT"	"Calamansi: Zulässig sind frische Frucht oder ungesüßter sortenreiner Saft; verbreitete gesüßte Konzentrate zählen nicht passende Wege bleiben eng."	"REQUIRED"	"AV2E-076"	"EVIDENCE_REQUIRED|FORM_OR_LOGISTICS_RISK|FORM_OR_ROUTE_FRAGILE|FORM_SENSITIVE|REFERENCE_ANCHOR|REFERENCE_ANCHOR_V2|RESEARCH_REQUIRED|TOBIAS_ROSTOCK_PROFILE"	"RATING_APPROVED_NOTE_PROPOSED_REFERENCE_ANCHOR_V2"
"CALVADOS"	"Calvados"	"APPLICABLE"	"Französischer Apfel- beziehungsweise Apfel-Birnen-Brand nach Calvados-Art; nicht Cider, Apfellikör oder generischer Obstbrand."	"GENERAL_BROAD"	"Geschützte Apfelbranntwein-Form aus der Normandie über allgemeinen Deutschlandversand; Conalco weist Papidoux Calvados Fine konkret lagernd mit kurzer Lieferzeit aus."	"PLANNED"	"Calvados: Geschützte Apfelbranntwein-Form aus der Normandie über allgemeinen Deutschlandversand; Conalco weist Papidoux Calvados Fine konkret lagernd mit kurzer Lieferzeit aus."	"REQUIRED"	"AV2N-A-0032"	"GENERAL_BROAD"	"Echter normannischer Apfelbrand über allgemeinen Deutschlandversand; Papidoux Calvados Fine ist bei Conalco konkret lagernd und kurzfristig lieferbar."	"PLANNED"	"Calvados: Echter normannischer Apfelbrand über allgemeinen Deutschlandversand; Papidoux Calvados Fine ist bei Conalco konkret lagernd und kurzfristig lieferbar."	"REQUIRED"	"AV2N-A-0032"	"BORDERLINE_PLANNED|EVIDENCE_REQUIRED|RESEARCH_REQUIRED|TOBIAS_ROSTOCK_PROFILE"	"PROPOSED_FOR_HUMAN_REVIEW"
"CAMEMBERT"	"Camembert"	"APPLICABLE"	"Weicher Kuhmilchkäse mit Weißschimmelrinde und cremiger bis reifer, kräftiger Textur; nicht Brie."	"GENERAL_LOCAL"	"Katalogpfad Käse → gesäuertes Milchprodukt → Milchprodukte. Warengruppe Käse, formrelevanter Prüfhinweis aus der vollständigen Definition: »und cremiger bis reifer, kräftiger Textur; nicht Brie«. Regelweg in Bornheim über nahe Supermarktfilialen in Bornheim mit dem Bereich »Käsekühlung oder Käsetheke«."	"EASY"	"Camembert: gewöhnlicher lokaler Bezugsweg über den Bereich »Käsekühlung oder Käsetheke«."	"OPTIONAL"	""	"GENERAL_LOCAL"	"Die Beschaffung von „Camembert“ erfolgt in Rostock über die Käsekühlung oder Käsetheke eines gewöhnlichen großen Rostocker Supermarkts."	"EASY"	"Camembert: gewöhnlicher lokaler Bezugsweg über den Bereich »Camembert«."	"OPTIONAL"	""	"TOBIAS_ROSTOCK_PROFILE"	"PROPOSED_FOR_HUMAN_REVIEW"
"CANNED_CHAMPIGNONS"	"Dosenchampignons"	"APPLICABLE"	"Gegarte Champignons aus Dose oder Glas in schlichter Lake; nicht eingelegte oder frische Champignons."	"GENERAL_LOCAL"	"Katalogpfad Champignons → konservierte pflanzliche Zutat → Pilze → Gemüse. Warengruppe konservierte Pflanzenware, formrelevanter Prüfhinweis aus der vollständigen Definition: »nicht eingelegte oder frische Champignons«. Regelweg in Bornheim über die gewöhnliche Bornheimer Auslage »Konserven-, Glas- oder internationales Feinkostregal«."	"EASY"	"Dosenchampignons: gewöhnlicher lokaler Bezugsweg über den Bereich »Konserven-, Glas- oder internationales Feinkostregal«."	"OPTIONAL"	""	"GENERAL_LOCAL"	"Tobias prüft „Dosenchampignons“ in Rostock über das Konserven-, Sauergemüse- oder Feinkostregal eines gewöhnlichen großen Rostocker Supermarkts."	"EASY"	"Dosenchampignons: Rostocker Bezugsweg über das Konserven-, Sauergemüse- oder Feinkostregal eines gewöhnlichen großen Rostocker Supermarkts."	"OPTIONAL"	""	"FORM_SENSITIVE|TOBIAS_ROSTOCK_PROFILE"	"PROPOSED_FOR_HUMAN_REVIEW"
"CANNED_SARDINES"	"Sardinen aus der Dose"	"APPLICABLE"	"Gegarte Sardinen als Konserve in Öl, Wasser oder einfacher Sauce; Flüssigkeit und Würzung können variieren."	"GENERAL_LOCAL"	"Katalogpfad konservierter Fisch → Sardinen → Fisch → fettreicher Fisch. Warengruppe konservierter Fisch, formrelevanter Prüfhinweis aus der vollständigen Definition: »Flüssigkeit und Würzung können variieren«. Regelweg in Bornheim über ortsübliche Vollsortimenter rund um Bornheim, konkret im Bereich »Fischkonserven- oder internationales Trockenwarenregal«."	"EASY"	"Sardinen aus der Dose: gewöhnlicher lokaler Bezugsweg über den Bereich »Fischkonserven- oder internationales Trockenwarenregal«."	"OPTIONAL"	""	"GENERAL_LOCAL"	"Für „Sardinen aus der Dose“ führt der Rostocker Marktweg über das Fischkonserven- oder haltbare Seafood-Regal eines gewöhnlichen großen Rostocker Supermarkts."	"EASY"	"Sardinen aus der Dose: Rostocker Bezugsweg über das Fischkonserven- oder haltbare Seafood-Regal eines gewöhnlichen großen Rostocker Supermarkts."	"OPTIONAL"	""	"TOBIAS_ROSTOCK_PROFILE"	"PROPOSED_FOR_HUMAN_REVIEW"
"CANNED_TOMATOES"	"Dosentomaten"	"APPLICABLE"	"Geschälte oder stückige Tomaten als unkonzentrierte Konserve; nicht passierte Tomaten oder Tomatenmark."	"GENERAL_LOCAL"	"Katalogpfad Tomate → Tomatenprodukt → Fruchtgemüse → Gemüse. Warengruppe konservierte Pflanzenware, formrelevanter Prüfhinweis aus der vollständigen Definition: »nicht passierte Tomaten oder Tomatenmark«. Regelweg in Bornheim über den lokalen Supermarktbereich »Konserven-, Glas- oder internationales Feinkostregal« in Bornheim."	"EASY"	"Dosentomaten: gewöhnlicher lokaler Bezugsweg über den Bereich »Konserven-, Glas- oder internationales Feinkostregal«."	"OPTIONAL"	""	"GENERAL_LOCAL"	"Der konkrete Bezug von „Dosentomaten“ läuft über das Saucen-, Essig- oder Feinkostregal eines gewöhnlichen großen Rostocker Supermarkts."	"EASY"	"Dosentomaten: gewöhnlicher lokaler Bezugsweg über den Bereich »Dosentomaten«."	"OPTIONAL"	""	"TOBIAS_ROSTOCK_PROFILE"	"PROPOSED_FOR_HUMAN_REVIEW"
"CANNED_TUNA"	"Thunfisch aus der Dose"	"APPLICABLE"	"Gegarter Thunfisch als Konserve in Öl oder eigenem Saft; nicht frisches Thunfischsteak."	"GENERAL_LOCAL"	"Katalogpfad konservierter Fisch → Thunfisch → Fisch → Fisch und Meeresfrüchte. Warengruppe konservierter Fisch, formrelevanter Prüfhinweis aus der vollständigen Definition: »nicht frisches Thunfischsteak«. Regelweg in Bornheim über das örtliche Sortiment »Fischkonserven- oder internationales Trockenwarenregal« beim Wocheneinkauf in Bornheim."	"EASY"	"Thunfisch aus der Dose: gewöhnlicher lokaler Bezugsweg über den Bereich »Fischkonserven- oder internationales Trockenwarenregal«."	"OPTIONAL"	""	"GENERAL_LOCAL"	"Die Beschaffung von „Thunfisch aus der Dose“ erfolgt in Rostock über das Fischkonserven- oder haltbare Seafood-Regal eines gewöhnlichen großen Rostocker Supermarkts."	"EASY"	"Thunfisch aus der Dose: gewöhnlicher lokaler Bezugsweg über den Bereich »Thunfisch aus der Dose«."	"OPTIONAL"	""	"FORM_SENSITIVE|TOBIAS_ROSTOCK_PROFILE"	"PROPOSED_FOR_HUMAN_REVIEW"
"CANNELLINI_BEANS"	"Cannellini-Bohnen"	"APPLICABLE"	"Mittelgroße weiße Bohnen italienischer Art mit mildem Geschmack und cremiger Textur."	"GENERAL_BROAD"	"Katalogpfad Bohnen → Hülsenfrüchte. Warengruppe Hülsenfrucht, formrelevanter Prüfhinweis aus der vollständigen Definition: »italienischer Art mit mildem Geschmack und cremiger Textur«. Georgias Beschaffung stützt sich hier auf „Hülsenfrucht-, Konserven- oder Trockenwarenregal über den Bestellservice eines größeren Markts“."	"PLANNED"	"Cannellini-Bohnen: Georgias Beschaffung stützt sich hier auf „Hülsenfrucht-, Konserven- oder Trockenwarenregal über den Bestellservice eines größeren Markts“."	"OPTIONAL"	""	"GENERAL_BROAD"	"Beim Einkauf von „Cannellini-Bohnen“ nutzt Tobias gut sortierte Vollsortimenter und etablierte deutsche Bio- oder Trockenwarenhändler."	"PLANNED"	"Cannellini-Bohnen: Beim Einkauf von „Cannellini-Bohnen“ nutzt Tobias gut sortierte Vollsortimenter und etablierte deutsche Bio- oder Trockenwarenhändler."	"OPTIONAL"	""	"RATING_RECONCILED_V2|TOBIAS_ROSTOCK_PROFILE"	"PROPOSED_FOR_HUMAN_REVIEW"
"CANTALOUPE"	"Cantaloupe-Melone"	"APPLICABLE"	"Orangefleischige, aromatisch süße Melone mit typischer netzartiger oder gerippter Schale."	"GENERAL_LOCAL"	"Katalogpfad Melone → Obst. Warengruppe Obst, formrelevanter Prüfhinweis aus der vollständigen Definition: »aromatisch süße Melone mit typischer netzartiger oder gerippter Schale«. Regelweg in Bornheim über den Bereich »Obst- und Gemüseabteilung« eines gewöhnlichen Bornheimer Vollsortimenters."	"EASY"	"Cantaloupe-Melone: gewöhnlicher lokaler Bezugsweg über den Bereich »Obst- und Gemüseabteilung«."	"OPTIONAL"	""	"GENERAL_LOCAL"	"Beim Einkauf von „Cantaloupe-Melone“ nutzt Tobias die Obstabteilung eines gewöhnlichen großen Rostocker Supermarkts."	"EASY"	"Cantaloupe-Melone: gewöhnlicher lokaler Bezugsweg über den Bereich »Cantaloupe-Melone«."	"OPTIONAL"	""	"TOBIAS_ROSTOCK_PROFILE"	"PROPOSED_FOR_HUMAN_REVIEW"
"CAPERS"	"Kapern"	"APPLICABLE"	"Eingelegte Blütenknospen des Kapernstrauchs mit salzig-säuerlichem, pikantem Geschmack; nicht Kapernäpfel."	"GENERAL_LOCAL"	"Katalogpfad konservierte pflanzliche Zutat. Warengruppe konservierte Pflanzenware, formrelevanter Prüfhinweis aus der vollständigen Definition: »nicht Kapernäpfel«. Regelweg in Bornheim über nahe Supermarktfilialen in Bornheim mit dem Bereich »Konserven-, Glas- oder internationales Feinkostregal«."	"EASY"	"Kapern: gewöhnlicher lokaler Bezugsweg über den Bereich »Konserven-, Glas- oder internationales Feinkostregal«."	"OPTIONAL"	""	"GENERAL_LOCAL"	"Für „Kapern“ führt der Rostocker Marktweg über das Konserven-, Sauergemüse- oder Feinkostregal eines gewöhnlichen großen Rostocker Supermarkts."	"EASY"	"Kapern: Rostocker Bezugsweg über das Konserven-, Sauergemüse- oder Feinkostregal eines gewöhnlichen großen Rostocker Supermarkts."	"OPTIONAL"	""	"TOBIAS_ROSTOCK_PROFILE"	"PROPOSED_FOR_HUMAN_REVIEW"
"CARAWAY"	"Kümmel"	"APPLICABLE"	"Echter Kümmel mit warmem, anisartigem Aroma; nicht Kreuzkümmel."	"GENERAL_LOCAL"	"Katalogpfad Gewürz oder trockenes Würzmittel. Warengruppe Gewürz, formrelevanter Prüfhinweis aus der vollständigen Definition: »nicht Kreuzkümmel«. Regelweg in Bornheim über nahe Supermarktfilialen in Bornheim mit dem Bereich »Gewürz- und Trockenwürzregal«."	"EASY"	"Kümmel: gewöhnlicher lokaler Bezugsweg über den Bereich »Gewürz- und Trockenwürzregal«."	"OPTIONAL"	""	"GENERAL_LOCAL"	"Die Beschaffung von „Kümmel“ erfolgt in Rostock über das Gewürz- oder Backregal eines gewöhnlichen großen Rostocker Supermarkts."	"EASY"	"Kümmel: gewöhnlicher lokaler Bezugsweg über den Bereich »Kümmel«."	"OPTIONAL"	""	"TOBIAS_ROSTOCK_PROFILE"	"PROPOSED_FOR_HUMAN_REVIEW"
"CARDAMOM"	"Kardamom"	"APPLICABLE"	"Aromatische Kardamomkapseln oder -samen; ohne weitere Konkretisierung ist grüner Kardamom gemeint. Schwarzer Kardamom besitzt ein deutlich herberes, häufig rauchiges Profil."	"GENERAL_BROAD"	"Katalogpfad Gewürz oder trockenes Würzmittel. Warengruppe Gewürz, formrelevanter Prüfhinweis aus der vollständigen Definition: »Schwarzer Kardamom besitzt ein deutlich herberes, häufig rauchiges Profil«. Allgemein planbarer, aber nicht lokal garantierter Weg über einen vorbereiteten Einkauf im gut sortierten Bereich »Gewürz- und Trockenwürzregal«."	"PLANNED"	"Kardamom ist über einen vorbereiteten Einkauf im gut sortierten Bereich »Gewürz- und Trockenwürzregal« im allgemeinen deutschen Handel planbar, lokal aber kein verlässlicher Standardartikel."	"OPTIONAL"	""	"GENERAL_BROAD"	"Tobias prüft „Kardamom“ in Rostock über gut sortierte Vollsortimenter und etablierte deutsche Gewürzhändler."	"PLANNED"	"Kardamom: Rostocker Bezugsweg über gut sortierte Vollsortimenter und etablierte deutsche Gewürzhändler."	"OPTIONAL"	""	"TOBIAS_ROSTOCK_PROFILE"	"PROPOSED_FOR_HUMAN_REVIEW"
"CARP"	"Karpfen"	"APPLICABLE"	"Karpfen als frischer oder tiefgekühlter Süßwasserfisch; Zuschnitt und Zubereitungsform bleiben offen."	"GENERAL_BROAD"	"Karpfenfilet ist bei einem deutschen TK-Händler aktuell bestellbar und bei einem unabhängigen Fischversender wiederkehrend gelistet; die heimische Saison und Kühlannahme verlangen Planung."	"PLANNED"	"Karpfenfilet ist über einen deutschen TK-Händler bestellbar und bei einem unabhängigen Fischversender wiederkehrend gelistet; Saison und Kühlannahme erfordern Planung."	"REQUIRED"	"AV2N-A-0033|AV2N-P-0003|AV2N-R-0006"	"GENERAL_BROAD"	"Karpfenfilet ist bei einem deutschen TK-Händler aktuell bestellbar und bei einem unabhängigen Fischversender wiederkehrend gelistet; die heimische Saison und Kühlannahme verlangen Planung."	"PLANNED"	"Karpfenfilet ist über einen deutschen TK-Händler bestellbar und bei einem unabhängigen Fischversender wiederkehrend gelistet; Saison und Kühlannahme erfordern Planung."	"REQUIRED"	"AV2N-A-0033|AV2N-P-0003|AV2N-R-0006"	"EVIDENCE_REQUIRED|FORM_SENSITIVE|NARROW_ROUTE|NICHE_IMPORT|RATING_RECONCILED_V2|RESEARCH_REQUIRED|TOBIAS_ROSTOCK_PROFILE"	"PROPOSED_FOR_HUMAN_REVIEW"
"CARROT"	"Karotte"	"APPLICABLE"	"Karotte als süßlich-erdiges Wurzelgemüse; Farbe und Größe bleiben offen."	"GENERAL_LOCAL"	"Katalogpfad Wurzel- und Knollengemüse → Gemüse. Warengruppe Gemüse oder Pilz, formrelevanter Prüfhinweis aus der vollständigen Definition: »Farbe und Größe bleiben offen«. Regelweg in Bornheim über die gewöhnliche Bornheimer Auslage »Obst- und Gemüseabteilung«."	"EASY"	"Karotte: gewöhnlicher lokaler Bezugsweg über den Bereich »Obst- und Gemüseabteilung«."	"OPTIONAL"	""	"GENERAL_LOCAL"	"Tobias prüft „Karotte“ in Rostock über die Gemüseabteilung eines gewöhnlichen großen Rostocker Supermarkts."	"EASY"	"Karotte: Rostocker Bezugsweg über die Gemüseabteilung eines gewöhnlichen großen Rostocker Supermarkts."	"OPTIONAL"	""	"TOBIAS_ROSTOCK_PROFILE"	"PROPOSED_FOR_HUMAN_REVIEW"
"CASHEW"	"Cashewkerne"	"APPLICABLE"	"Cremig-milde Cashewkerne; roh, geröstet oder ungesalzen verwendbar."	"GENERAL_LOCAL"	"Katalogpfad Nüsse. Warengruppe Nuss, Saat oder Mus, formrelevanter Prüfhinweis aus der vollständigen Definition: »roh, geröstet oder ungesalzen verwendbar«. Regelweg in Bornheim über den Bereich »Nuss-, Saaten- oder Nussmusregal« eines gewöhnlichen Bornheimer Vollsortimenters."	"EASY"	"Cashewkerne: gewöhnlicher lokaler Bezugsweg über den Bereich »Nuss-, Saaten- oder Nussmusregal«."	"OPTIONAL"	""	"GENERAL_LOCAL"	"Für „Cashewkerne“ führt der Rostocker Marktweg über das Nuss-, Saaten-, Back- oder Brotaufstrichregal eines gewöhnlichen großen Rostocker Supermarkts."	"EASY"	"Cashewkerne: Rostocker Bezugsweg über das Nuss-, Saaten-, Back- oder Brotaufstrichregal eines gewöhnlichen großen Rostocker Supermarkts."	"OPTIONAL"	""	"TOBIAS_ROSTOCK_PROFILE"	"PROPOSED_FOR_HUMAN_REVIEW"
"CASHEW_BUTTER"	"Cashewmus"	"APPLICABLE"	"Fein vermahlene Cashewpaste mit cremiger Textur; ungesüßte und leicht gesüßte Varianten sind umfasst."	"GENERAL_BROAD"	"Katalogpfad Cashewkerne → Nuss- oder Samenpaste → Nüsse → Sauce, Würzmittel oder Paste. Warengruppe Nuss- oder Saatenpaste, formrelevanter Prüfhinweis aus der vollständigen Definition: »ungesüßte und leicht gesüßte Varianten sind umfasst«. Allgemein planbarer, aber nicht lokal garantierter Weg über eine gezielte Filial- oder Bestellprüfung für Nuss- oder Saatenpaste im allgemeinen deutschen Handel."	"PLANNED"	"Cashewmus ist über eine gezielte Filial- oder Bestellprüfung für Nuss- oder Saatenpaste im allgemeinen deutschen Handel planbar, lokal aber kein verlässlicher Standardartikel."	"OPTIONAL"	""	"GENERAL_BROAD"	"Für „Cashewmus“ führt der Rostocker Marktweg über gut sortierte Vollsortimenter und etablierte deutsche Nuss- oder Biohändler."	"PLANNED"	"Cashewmus: Rostocker Bezugsweg über gut sortierte Vollsortimenter und etablierte deutsche Nuss- oder Biohändler."	"OPTIONAL"	""	"TOBIAS_ROSTOCK_PROFILE"	"PROPOSED_FOR_HUMAN_REVIEW"
"CASSAVA"	"Maniok"	"APPLICABLE"	"Stärkereiche Maniokwurzel, die nur geschält und ausreichend gegart verwendet wird; nicht Tapiokastärke."	"SPECIALTY_BROAD"	"Katalogpfad Wurzel- und Knollengemüse → stärkehaltige Zutat oder Sättigungsbeilage → Gemüse. Warengruppe Gemüse oder Pilz, formrelevanter Prüfhinweis aus der vollständigen Definition: »nicht Tapiokastärke«. Breiter einschlägiger Spezialmarkt über die voneinander unabhängigen Händler Asiatischer Lebensmittelladen – Maniok sowie Asia4Friends – Gemüse."	"SPECIALTY"	"Maniok ist im einschlägigen Spezialmarkt breit etabliert; dokumentierte reguläre Wege sind die voneinander unabhängigen Händler Asiatischer Lebensmittelladen – Maniok sowie Asia4Friends – Gemüse."	"REQUIRED"	"AV2N-A-0034|AV2N-A-0035"	"SPECIALTY_BROAD"	"Tobias prüft „Maniok“ in Rostock über Asia4Friends – Gemüse und Asiatischer Lebensmittelladen – Maniok, wobei die Evidenz eine vor dem Einkauf erneut zu prüfende Verfügbarkeit und Frischeversand ausweist."	"SPECIALTY"	"Maniok: Rostocker Bezugsweg über Asia4Friends – Gemüse und Asiatischer Lebensmittelladen – Maniok; dokumentiert sind eine vor dem Einkauf erneut zu prüfende Verfügbarkeit und Frischeversand."	"REQUIRED"	"AV2N-A-0034|AV2N-A-0035"	"EVIDENCE_REQUIRED|RESEARCH_REQUIRED|SPECIALTY_MARKET_BREADTH|TOBIAS_ROSTOCK_PROFILE"	"PROPOSED_FOR_HUMAN_REVIEW"
"CATFISH"	"Wels"	"APPLICABLE"	"Wels als festfleischiger Süßwasserfisch; Art und Zuschnitt bleiben offen."	"GENERAL_BROAD"	"Ahrenhorster – frisches Wallerfilet ohne Haut und Bauch belegt: Ahrenhorster bietet frisches Wallerfilet aus deutscher Aquakultur im Warenkorb an, verarbeitet es am Vortag und verschickt die vakuumierten Filets mit Kühlpacks per DPD Food Express. Der Bezug erfolgt über Deutschland; Wunschtermin per DPD Food Express, Verarbeitung am Vortag; maßgeblich ist CHILLED_SHIPPING. Belegt ist enthäutetes Filet in einer Vorratsbox ab zwei Kilogramm, nicht jeder offene Welszuschnitt; Liefertermine bleiben bestellabhängig."	"PLANNED"	"Wels: Ahrenhorster bietet frisches Wallerfilet aus deutscher Aquakultur im Warenkorb an, verarbeitet es am Vortag und verschickt die vakuumierten Filets mit Kühlpacks per DPD Food Express."	"OPTIONAL"	"AV2N-A-0036"	"GENERAL_BROAD"	"Ahrenhorster – frisches Wallerfilet ohne Haut und Bauch belegt: Ahrenhorster bietet frisches Wallerfilet aus deutscher Aquakultur im Warenkorb an, verarbeitet es am Vortag und verschickt die vakuumierten Filets mit Kühlpacks per DPD Food Express. Der Bezug erfolgt über Deutschland; Wunschtermin per DPD Food Express, Verarbeitung am Vortag; maßgeblich ist CHILLED_SHIPPING. Belegt ist enthäutetes Filet in einer Vorratsbox ab zwei Kilogramm, nicht jeder offene Welszuschnitt; Liefertermine bleiben bestellabhängig."	"PLANNED"	"Wels: Ahrenhorster bietet frisches Wallerfilet aus deutscher Aquakultur im Warenkorb an, verarbeitet es am Vortag und verschickt die vakuumierten Filets mit Kühlpacks per DPD Food Express."	"REQUIRED"	"AV2N-A-0036"	"RESEARCH_REQUIRED|TOBIAS_ROSTOCK_PROFILE"	"PROPOSED_FOR_HUMAN_REVIEW"
"CAULIFLOWER"	"Blumenkohl"	"APPLICABLE"	"Kohlgemüse mit dichtem, hellem Blütenstand; Blätter und Strunk können kulinarisch mitverwendet werden."	"GENERAL_LOCAL"	"Katalogpfad Kohlgemüse → Blütengemüse → Gemüse. Warengruppe Gemüse oder Pilz, formrelevanter Prüfhinweis aus der vollständigen Definition: »Blätter und Strunk können kulinarisch mitverwendet werden«. Regelweg in Bornheim über die gewöhnliche Bornheimer Auslage »Obst- und Gemüseabteilung«."	"EASY"	"Blumenkohl: gewöhnlicher lokaler Bezugsweg über den Bereich »Obst- und Gemüseabteilung«."	"OPTIONAL"	""	"GENERAL_LOCAL"	"Für „Blumenkohl“ führt der Rostocker Marktweg über die Gemüseabteilung eines gewöhnlichen großen Rostocker Supermarkts."	"EASY"	"Blumenkohl: Rostocker Bezugsweg über die Gemüseabteilung eines gewöhnlichen großen Rostocker Supermarkts."	"OPTIONAL"	""	"TOBIAS_ROSTOCK_PROFILE"	"PROPOSED_FOR_HUMAN_REVIEW"
"CAVA"	"Cava"	"APPLICABLE"	"Schaumwein der geschützten Ursprungsbezeichnung Cava, überwiegend in Spanien nach traditioneller Flaschengärung erzeugt; Süßegrad und Reife können variieren. Nicht generischer Schaumwein, Champagner oder Prosecco."	"GENERAL_BROAD"	"Spanischer Schaumwein mit Cava-Bezeichnung im allgemeinen Versand; vomFASS listet Cava Brut Reserva Stars aktuell verfügbar und mit deutscher Standardlieferung."	"PLANNED"	"Cava: Spanischer Schaumwein mit Cava-Bezeichnung im allgemeinen Versand; vomFASS listet Cava Brut Reserva Stars aktuell verfügbar und mit deutscher Standardlieferung."	"REQUIRED"	"AV2N-A-0037"	"GENERAL_BROAD"	"Spanischer Cava Reserva im allgemeinen Versand; vomFASS weist Cava Brut Reserva Stars aktuell als verfügbar mit kurzer Deutschlandlieferung aus."	"PLANNED"	"Cava: Spanischer Cava Reserva im allgemeinen Versand; vomFASS weist Cava Brut Reserva Stars aktuell als verfügbar mit kurzer Deutschlandlieferung aus."	"OPTIONAL"	"AV2N-A-0037"	"BORDERLINE_PLANNED|EVIDENCE_REQUIRED|TOBIAS_ROSTOCK_PROFILE"	"PROPOSED_FOR_HUMAN_REVIEW"
"CAYENNE_PEPPER"	"Cayennepfeffer"	"APPLICABLE"	"Fein gemahlenes scharfes Chilipulver nach Cayenne-Art; trotz des Namens kein echter Pfeffer."	"GENERAL_LOCAL"	"Katalogpfad Chilipulver → getrocknete Chili → Gewürz oder trockenes Würzmittel. Warengruppe Gewürz, formrelevanter Prüfhinweis aus der vollständigen Definition: »trotz des Namens kein echter Pfeffer«. Regelweg in Bornheim über das örtliche Sortiment »Gewürz- und Trockenwürzregal« beim Wocheneinkauf in Bornheim."	"EASY"	"Cayennepfeffer: gewöhnlicher lokaler Bezugsweg über den Bereich »Gewürz- und Trockenwürzregal«."	"OPTIONAL"	""	"GENERAL_LOCAL"	"Beim Einkauf von „Cayennepfeffer“ nutzt Tobias das Gewürz- oder Backregal eines gewöhnlichen großen Rostocker Supermarkts."	"EASY"	"Cayennepfeffer: gewöhnlicher lokaler Bezugsweg über den Bereich »Cayennepfeffer«."	"OPTIONAL"	""	"TOBIAS_ROSTOCK_PROFILE"	"PROPOSED_FOR_HUMAN_REVIEW"
"CELERIAC"	"Knollensellerie"	"APPLICABLE"	"Knollensellerie mit festem, intensiv sellerieartigem Fleisch; nicht Staudensellerie."	"GENERAL_LOCAL"	"Katalogpfad Wurzel- und Knollengemüse → Gemüse. Warengruppe Gemüse oder Pilz, formrelevanter Prüfhinweis aus der vollständigen Definition: »nicht Staudensellerie«. Regelweg in Bornheim über die gewöhnliche Bornheimer Auslage »Obst- und Gemüseabteilung«."	"EASY"	"Knollensellerie: gewöhnlicher lokaler Bezugsweg über den Bereich »Obst- und Gemüseabteilung«."	"OPTIONAL"	""	"GENERAL_LOCAL"	"Die Beschaffung von „Knollensellerie“ erfolgt in Rostock über die Gemüseabteilung eines gewöhnlichen großen Rostocker Supermarkts."	"EASY"	"Knollensellerie: gewöhnlicher lokaler Bezugsweg über den Bereich »Knollensellerie«."	"OPTIONAL"	""	"TOBIAS_ROSTOCK_PROFILE"	"PROPOSED_FOR_HUMAN_REVIEW"
"CELERY_STALK"	"Staudensellerie"	"APPLICABLE"	"Staudensellerie mit knackigen Blattstielen und frischem Selleriearoma; nicht Knollensellerie."	"GENERAL_LOCAL"	"Katalogpfad Stängelgemüse → Gemüse. Warengruppe Gemüse oder Pilz, formrelevanter Prüfhinweis aus der vollständigen Definition: »nicht Knollensellerie«. Regelweg in Bornheim über den Bereich »Obst- und Gemüseabteilung« eines gewöhnlichen Bornheimer Vollsortimenters."	"EASY"	"Staudensellerie: gewöhnlicher lokaler Bezugsweg über den Bereich »Obst- und Gemüseabteilung«."	"OPTIONAL"	""	"GENERAL_LOCAL"	"Beim Einkauf von „Staudensellerie“ nutzt Tobias die Gemüseabteilung eines gewöhnlichen großen Rostocker Supermarkts."	"EASY"	"Staudensellerie: gewöhnlicher lokaler Bezugsweg über den Bereich »Staudensellerie«."	"OPTIONAL"	""	"FORM_SENSITIVE|TOBIAS_ROSTOCK_PROFILE"	"PROPOSED_FOR_HUMAN_REVIEW"
"CHAMPIGNON"	"frische Champignons"	"APPLICABLE"	"Frischer Zuchtchampignon ohne Festlegung auf die weiße oder braune Form; konservierte Champignons und andere Speisepilze sind nicht gemeint."	"GENERAL_LOCAL"	"Katalogpfad Champignons → Pilze → Gemüse. Warengruppe Gemüse oder Pilz, formrelevanter Prüfhinweis aus der vollständigen Definition: »konservierte Champignons und andere Speisepilze sind nicht gemeint«. Regelweg in Bornheim über nahe Supermarktfilialen in Bornheim mit dem Bereich »Obst- und Gemüseabteilung«."	"EASY"	"frische Champignons: gewöhnlicher lokaler Bezugsweg über den Bereich »Obst- und Gemüseabteilung«."	"OPTIONAL"	""	"GENERAL_LOCAL"	"Für „frische Champignons“ führt der Rostocker Marktweg über den Pilzbereich der Obst- und Gemüseabteilung eines gewöhnlichen großen Rostocker Supermarkts."	"EASY"	"frische Champignons: Rostocker Bezugsweg über den Pilzbereich der Obst- und Gemüseabteilung eines gewöhnlichen großen Rostocker Supermarkts."	"OPTIONAL"	""	"FORM_SENSITIVE|TOBIAS_ROSTOCK_PROFILE"	"PROPOSED_FOR_HUMAN_REVIEW"
"CHAMPIGNONS"	"Champignons"	"APPLICABLE"	"Offene Champignonfamilie einschließlich frischer und konservierter Produktformen; nicht sämtliche Speisepilze."	"GENERAL_LOCAL"	"Katalogpfad Pilze → Gemüse. Warengruppe Gemüse oder Pilz, formrelevanter Prüfhinweis aus der vollständigen Definition: »nicht sämtliche Speisepilze«. Regelweg in Bornheim über ortsübliche Vollsortimenter rund um Bornheim, konkret im Bereich »Obst- und Gemüseabteilung«."	"EASY"	"Champignons: gewöhnlicher lokaler Bezugsweg über den Bereich »Obst- und Gemüseabteilung«."	"OPTIONAL"	""	"GENERAL_LOCAL"	"Die Beschaffung von „Champignons“ erfolgt in Rostock über den Pilzbereich der Obst- und Gemüseabteilung eines gewöhnlichen großen Rostocker Supermarkts."	"EASY"	"Champignons: gewöhnlicher lokaler Bezugsweg über den Bereich »Champignons«."	"OPTIONAL"	""	"FORM_SENSITIVE|TOBIAS_ROSTOCK_PROFILE"	"PROPOSED_FOR_HUMAN_REVIEW"
"CHANTERELLE"	"Pfifferlinge"	"APPLICABLE"	"Pfifferlinge mit festem Biss und pfeffrig-fruchtigem Waldpilzaroma; frisch, tiefgekühlt oder getrocknet verwendbar."	"GENERAL_BROAD"	"Violey – BioGourmet Pfifferlinge getrocknet 20 g belegt formgenau: Violey führt formgenaue getrocknete Pfifferlinge als haltbare 20-g-Packung mit positiv ausgewiesenem Bestand. Für Georgia in Bornheim gilt: Deutschlandweiter Standardversand nach Bornheim und Rostock; Logistik STANDARD_SHIPPING. Die stabile Route nutzt die zulässige Trockenform; frische Pfifferlinge bleiben saison- und marktbestandsabhängig."	"PLANNED"	"Pfifferlinge: Violey führt formgenaue getrocknete Pfifferlinge als haltbare 20-g-Packung mit positiv ausgewiesenem Bestand."	"REQUIRED"	"AV2N-A-0038|AV2N-P-0004"	"GENERAL_BROAD"	"Violey – BioGourmet Pfifferlinge getrocknet 20 g belegt formgenau: Violey führt formgenaue getrocknete Pfifferlinge als haltbare 20-g-Packung mit positiv ausgewiesenem Bestand. Für Tobias in Rostock gilt: Deutschlandweiter Standardversand nach Bornheim und Rostock; Logistik STANDARD_SHIPPING. Die stabile Route nutzt die zulässige Trockenform; frische Pfifferlinge bleiben saison- und marktbestandsabhängig."	"PLANNED"	"Pfifferlinge: Violey führt formgenaue getrocknete Pfifferlinge als haltbare 20-g-Packung mit positiv ausgewiesenem Bestand."	"REQUIRED"	"AV2N-A-0038|AV2N-P-0004"	"BORDERLINE_PLANNED|EVIDENCE_REQUIRED|FORM_SENSITIVE|RESEARCH_REQUIRED|TOBIAS_ROSTOCK_PROFILE"	"PROPOSED_FOR_HUMAN_REVIEW"
"CHARD"	"Mangold"	"APPLICABLE"	"Mangold mit fleischigen Stielen und großen Blättern; beide Teile sind essbar und benötigen oft unterschiedliche Garzeiten."	"GENERAL_BROAD"	"Katalogpfad Blattgemüse → Gemüse. Warengruppe Gemüse oder Pilz, formrelevanter Prüfhinweis aus der vollständigen Definition: »beide Teile sind essbar und benötigen oft unterschiedliche Garzeiten«. Allgemein planbarer, aber nicht lokal garantierter Weg über eine konkrete Vorbestellung oder Bestandsabfrage für Gemüse oder Pilz."	"PLANNED"	"Mangold ist über eine konkrete Vorbestellung oder Bestandsabfrage für Gemüse oder Pilz im allgemeinen deutschen Handel planbar, lokal aber kein verlässlicher Standardartikel."	"OPTIONAL"	""	"GENERAL_BROAD"	"Für „Mangold“ wird das Angebot über gut sortierte Vollsortimenter und etablierte deutsche Gemüse- oder Frischehändler kontrolliert."	"PLANNED"	"Mangold: Für „Mangold“ wird das Angebot über gut sortierte Vollsortimenter und etablierte deutsche Gemüse- oder Frischehändler kontrolliert."	"OPTIONAL"	""	"TOBIAS_ROSTOCK_PROFILE"	"PROPOSED_FOR_HUMAN_REVIEW"
"CHEDDAR"	"Cheddar"	"APPLICABLE"	"Fester bis halbfester Kuhmilchkäse nach Cheddar-Art; Reifegrad reicht von mild-cremig bis kräftig-würzig."	"GENERAL_LOCAL"	"Katalogpfad Käse → gesäuertes Milchprodukt → Milchprodukte. Warengruppe Käse, formrelevanter Prüfhinweis aus der vollständigen Definition: »Reifegrad reicht von mild-cremig bis kräftig-würzig«. Regelweg in Bornheim über den regulären Bornheimer Regalweg »Käsekühlung oder Käsetheke«."	"EASY"	"Cheddar: gewöhnlicher lokaler Bezugsweg über den Bereich »Käsekühlung oder Käsetheke«."	"OPTIONAL"	""	"GENERAL_LOCAL"	"Beim Einkauf von „Cheddar“ nutzt Tobias die Käsekühlung oder Käsetheke eines gewöhnlichen großen Rostocker Supermarkts."	"EASY"	"Cheddar: gewöhnlicher lokaler Bezugsweg über den Bereich »Cheddar«."	"OPTIONAL"	""	"TOBIAS_ROSTOCK_PROFILE"	"PROPOSED_FOR_HUMAN_REVIEW"
"CHEESE"	"Käse"	"APPLICABLE"	"Offene Vorgabe für Käse; Milchart, Textur, Reife und Intensität bleiben als echte Auswahlentscheidung offen."	"GENERAL_LOCAL"	"Katalogpfad gesäuertes Milchprodukt → Milchprodukte. Warengruppe Käse, formrelevanter Prüfhinweis aus der vollständigen Definition: »Milchart, Textur, Reife und Intensität bleiben als echte Auswahlentscheidung offen«. Regelweg in Bornheim über den Bereich »Käsekühlung oder Käsetheke« eines gewöhnlichen Bornheimer Vollsortimenters."	"EASY"	"Käse: gewöhnlicher lokaler Bezugsweg über den Bereich »Käsekühlung oder Käsetheke«."	"OPTIONAL"	""	"GENERAL_LOCAL"	"Tobias prüft „Käse“ in Rostock über die Käsekühlung oder Käsetheke eines gewöhnlichen großen Rostocker Supermarkts."	"EASY"	"Käse: Rostocker Bezugsweg über die Käsekühlung oder Käsetheke eines gewöhnlichen großen Rostocker Supermarkts."	"OPTIONAL"	""	"TOBIAS_ROSTOCK_PROFILE"	"PROPOSED_FOR_HUMAN_REVIEW"
"CHERRY"	"Kirsche"	"APPLICABLE"	"Süßkirsche als frische oder ungesüßt tiefgekühlte Steinfrucht; Sauerkirsche bleibt getrennt."	"GENERAL_LOCAL"	"Katalogpfad Steinobst → Obst. Warengruppe Obst, formrelevanter Prüfhinweis aus der vollständigen Definition: »Sauerkirsche bleibt getrennt«. Regelweg in Bornheim über den Bereich »Obst- und Gemüseabteilung« eines gewöhnlichen Bornheimer Vollsortimenters."	"EASY"	"Kirsche: gewöhnlicher lokaler Bezugsweg über den Bereich »Obst- und Gemüseabteilung«."	"OPTIONAL"	""	"GENERAL_LOCAL"	"Für „Kirsche“ wird das Angebot über den Obst- oder Tiefkühlobstbereich eines gewöhnlichen großen Rostocker Supermarkts kontrolliert."	"EASY"	"Kirsche: gewöhnlicher lokaler Bezugsweg über den Bereich »Kirsche«."	"OPTIONAL"	""	"FORM_SENSITIVE|TOBIAS_ROSTOCK_PROFILE"	"PROPOSED_FOR_HUMAN_REVIEW"
"CHERRY_TOMATO"	"Kirschtomaten"	"APPLICABLE"	"Kleine süße Tomaten mit hohem Schalenanteil; Farbe und konkrete Sorte bleiben offen."	"GENERAL_LOCAL"	"Katalogpfad Tomate → Fruchtgemüse → Gemüse. Warengruppe Gemüse oder Pilz, formrelevanter Prüfhinweis aus der vollständigen Definition: »Farbe und konkrete Sorte bleiben offen«. Regelweg in Bornheim über die gewöhnliche Bornheimer Auslage »Obst- und Gemüseabteilung«."	"EASY"	"Kirschtomaten: gewöhnlicher lokaler Bezugsweg über den Bereich »Obst- und Gemüseabteilung«."	"OPTIONAL"	""	"GENERAL_LOCAL"	"Für „Kirschtomaten“ wird das Angebot über die Gemüseabteilung eines gewöhnlichen großen Rostocker Supermarkts kontrolliert."	"EASY"	"Kirschtomaten: gewöhnlicher lokaler Bezugsweg über den Bereich »Kirschtomaten«."	"OPTIONAL"	""	"TOBIAS_ROSTOCK_PROFILE"	"PROPOSED_FOR_HUMAN_REVIEW"
"CHERVIL"	"Kerbel"	"APPLICABLE"	"Frischer Kerbel als fein-aromatisches Küchenkraut. Nicht Kerbelwurzel und nicht getrocknete Kräutermischung."	"GENERAL_BROAD"	"Früchte-Kontor belegt frischen Bundkerbel mit deutschlandweitem vorgekühltem Standard- oder Kühlversand; REWE und OBI ergänzen allgemeine, standortabhängige Kettenlistings. fruits & friends ist passiv und zählt nicht positiv."	"PLANNED"	"Frischer Kerbel ist über einen aktiven Gemüseversender sowie ergänzende allgemeine Kettenlistings planbar; Saison und lokaler Bestand bleiben variabel."	"REQUIRED"	"AV2N-A-0039|AV2N-P-0005|AV2N-R-0003|AV2N-R-0004|AV2N-R-0005"	"GENERAL_BROAD"	"Früchte-Kontor belegt frischen Bundkerbel mit deutschlandweitem vorgekühltem Standard- oder Kühlversand; REWE und OBI ergänzen allgemeine, standortabhängige Kettenlistings. fruits & friends ist passiv und zählt nicht positiv."	"PLANNED"	"Frischer Kerbel ist über einen aktiven Gemüseversender sowie ergänzende allgemeine Kettenlistings planbar; Saison und lokaler Bestand bleiben variabel."	"REQUIRED"	"AV2N-A-0039|AV2N-P-0005|AV2N-R-0003|AV2N-R-0004|AV2N-R-0005"	"EVIDENCE_REQUIRED|FORM_SENSITIVE|NARROW_ROUTE|NICHE_IMPORT|RATING_RECONCILED_V2|RESEARCH_REQUIRED|TOBIAS_ROSTOCK_PROFILE"	"PROPOSED_FOR_HUMAN_REVIEW"
"CHESTNUT"	"Esskastanien"	"APPLICABLE"	"Stärkereiche Esskastanien mit süßlich-nussigem Geschmack; gegart, vakuumiert oder als ungesüßtes Püree verwendbar."	"GENERAL_BROAD"	"Kleine Abtei – gekochte vakuumierte Maronen 200 g belegt formgenau: Kleine Abtei bietet gekochte, geschälte und vakuumierte Edelkastanien ohne Wasser- oder Salzzusatz sofort ab Lager an. Für Georgia in Bornheim gilt: Versand nach Deutschland und Österreich; 1–3 Werktage; Logistik STANDARD_SHIPPING. Der haltbare Weg belegt die gegarte Form, nicht frische Saisonmaronen oder gesüßte Kastaniencreme."	"PLANNED"	"Esskastanien: Kleine Abtei bietet gekochte, geschälte und vakuumierte Edelkastanien ohne Wasser- oder Salzzusatz sofort ab Lager an."	"OPTIONAL"	"AV2N-A-0040|AV2N-P-0006"	"GENERAL_BROAD"	"Kleine Abtei – gekochte vakuumierte Maronen 200 g belegt formgenau: Kleine Abtei bietet gekochte, geschälte und vakuumierte Edelkastanien ohne Wasser- oder Salzzusatz sofort ab Lager an. Für Tobias in Rostock gilt: Versand nach Deutschland und Österreich; 1–3 Werktage; Logistik STANDARD_SHIPPING. Der haltbare Weg belegt die gegarte Form, nicht frische Saisonmaronen oder gesüßte Kastaniencreme."	"PLANNED"	"Esskastanien: Kleine Abtei bietet gekochte, geschälte und vakuumierte Edelkastanien ohne Wasser- oder Salzzusatz sofort ab Lager an."	"REQUIRED"	"AV2N-A-0040|AV2N-P-0006"	"RESEARCH_REQUIRED|TOBIAS_ROSTOCK_PROFILE"	"PROPOSED_FOR_HUMAN_REVIEW"
"CHIA_SEEDS"	"Chiasamen"	"APPLICABLE"	"Kleine quellfähige Samen, die Flüssigkeit gelartig binden; hell oder dunkel verwendbar."	"GENERAL_LOCAL"	"Katalogpfad Kerne und Samen. Warengruppe Nuss, Saat oder Mus, formrelevanter Prüfhinweis aus der vollständigen Definition: »hell oder dunkel verwendbar«. Regelweg in Bornheim über das örtliche Sortiment »Nuss-, Saaten- oder Nussmusregal« beim Wocheneinkauf in Bornheim."	"EASY"	"Chiasamen: gewöhnlicher lokaler Bezugsweg über den Bereich »Nuss-, Saaten- oder Nussmusregal«."	"OPTIONAL"	""	"GENERAL_LOCAL"	"Die Beschaffung von „Chiasamen“ erfolgt in Rostock über das Nuss-, Saaten-, Back- oder Brotaufstrichregal eines gewöhnlichen großen Rostocker Supermarkts."	"EASY"	"Chiasamen: gewöhnlicher lokaler Bezugsweg über den Bereich »Chiasamen«."	"OPTIONAL"	""	"RATING_RECONCILED_V2|TOBIAS_ROSTOCK_PROFILE"	"PROPOSED_FOR_HUMAN_REVIEW"
"CHICKEN"	"Hähnchen"	"APPLICABLE"	"Hähnchenfleisch ohne Festlegung auf einen Zuschnitt; ganzes Tier und unterschiedliche Teilstücke sind umfasst."	"GENERAL_LOCAL"	"Katalogpfad Geflügel → Fleisch. Warengruppe Fleisch, formrelevanter Prüfhinweis aus der vollständigen Definition: »ganzes Tier und unterschiedliche Teilstücke sind umfasst«. Regelweg in Bornheim über die gewöhnliche Bornheimer Auslage »Fleischkühlung oder Bedientheke«."	"EASY"	"Hähnchen: Gängige Hähnchenformen gehören zum gewöhnlichen lokalen Supermarktsortiment."	"OPTIONAL"	"AV2E-003"	"GENERAL_LOCAL"	"Hähnchen: Gängige Hähnchenformen gehören zum gewöhnlichen lokalen Supermarktsortiment."	"EASY"	"Hähnchen: Gängige Hähnchenformen gehören zum gewöhnlichen lokalen Supermarktsortiment."	"OPTIONAL"	"AV2E-003"	"REFERENCE_ANCHOR|REFERENCE_ANCHOR_V2|TOBIAS_ROSTOCK_PROFILE"	"RATING_APPROVED_NOTE_PROPOSED_REFERENCE_ANCHOR_V2"
"CHICKEN_BREAST"	"Hähnchenbrust"	"APPLICABLE"	"Mageres helles Brustfleisch vom Hähnchen; mit oder ohne Haut und Knochen verwendbar."	"GENERAL_LOCAL"	"Katalogpfad Hähnchen → Geflügel → Fleisch. Warengruppe Fleisch, formrelevanter Prüfhinweis aus der vollständigen Definition: »mit oder ohne Haut und Knochen verwendbar«. Regelweg in Bornheim über den Bereich »Fleischkühlung oder Bedientheke« eines gewöhnlichen Bornheimer Vollsortimenters."	"EASY"	"Hähnchenbrust: gewöhnlicher lokaler Bezugsweg über den Bereich »Fleischkühlung oder Bedientheke«."	"OPTIONAL"	""	"GENERAL_LOCAL"	"Für „Hähnchenbrust“ führt der Rostocker Marktweg über die Fleischkühlung oder Bedientheke eines gewöhnlichen großen Rostocker Supermarkts."	"EASY"	"Hähnchenbrust: Rostocker Bezugsweg über die Fleischkühlung oder Bedientheke eines gewöhnlichen großen Rostocker Supermarkts."	"OPTIONAL"	""	"TOBIAS_ROSTOCK_PROFILE"	"PROPOSED_FOR_HUMAN_REVIEW"
"CHICKEN_DRUMSTICKS"	"Hähnchenunterkeulen"	"APPLICABLE"	"Unterer Teil der Hähnchenkeule mit Knochen und dunklem Fleisch; nicht die vollständige Keule."	"GENERAL_LOCAL"	"Katalogpfad Hähnchen → Geflügel → Fleisch. Warengruppe Fleisch, formrelevanter Prüfhinweis aus der vollständigen Definition: »nicht die vollständige Keule«. Regelweg in Bornheim über nahe Supermarktfilialen in Bornheim mit dem Bereich »Fleischkühlung oder Bedientheke«."	"EASY"	"Hähnchenunterkeulen: gewöhnlicher lokaler Bezugsweg über den Bereich »Fleischkühlung oder Bedientheke«."	"OPTIONAL"	""	"GENERAL_LOCAL"	"Die Beschaffung von „Hähnchenunterkeulen“ erfolgt in Rostock über die Fleischkühlung oder Bedientheke eines gewöhnlichen großen Rostocker Supermarkts."	"EASY"	"Hähnchenunterkeulen: gewöhnlicher lokaler Bezugsweg über den Bereich »Hähnchenunterkeulen«."	"OPTIONAL"	""	"TOBIAS_ROSTOCK_PROFILE"	"PROPOSED_FOR_HUMAN_REVIEW"
"CHICKEN_FEET"	"Hühnerfüße"	"APPLICABLE"	"Küchenfertig gereinigte Hühnerfüße mit hohem Haut-, Sehnen- und Knorpelanteil; frisch oder tiefgekühlt verwendbar. Nicht bereits marinierte, eingelegte oder vollständig zubereitete Snackprodukte."	"SPECIALTY_BROAD"	"Katalogpfad Hähnchen → Innereien → Geflügel → Fleisch. Warengruppe Fleisch, formrelevanter Prüfhinweis aus der vollständigen Definition: »Nicht bereits marinierte, eingelegte oder vollständig zubereitete Snackprodukte«. Breiter einschlägiger Spezialmarkt über die voneinander unabhängigen Händler AsianBrand – Hühnerfüße tiefgefroren sowie Asia Moin – Hühnerfüße."	"SPECIALTY"	"Hühnerfüße ist im einschlägigen Spezialmarkt breit etabliert; dokumentierte reguläre Wege sind die voneinander unabhängigen Händler AsianBrand – Hühnerfüße tiefgefroren sowie Asia Moin – Hühnerfüße."	"REQUIRED"	"AV2N-A-0041|AV2N-A-0042"	"SPECIALTY_BROAD"	"Tobias prüft „Hühnerfüße“ in Rostock über Asia Moin – Hühnerfüße und AsianBrand – Hühnerfüße tiefgefroren, wobei die Evidenz eine vor dem Einkauf erneut zu prüfende Verfügbarkeit und Tiefkühlversand ausweist."	"SPECIALTY"	"Hühnerfüße: Rostocker Bezugsweg über Asia Moin – Hühnerfüße und AsianBrand – Hühnerfüße tiefgefroren; dokumentiert sind eine vor dem Einkauf erneut zu prüfende Verfügbarkeit und Tiefkühlversand."	"REQUIRED"	"AV2N-A-0041|AV2N-A-0042"	"EVIDENCE_REQUIRED|FORM_SENSITIVE|RESEARCH_REQUIRED|SPECIALTY_MARKET_BREADTH|TOBIAS_ROSTOCK_PROFILE"	"PROPOSED_FOR_HUMAN_REVIEW"
"CHICKEN_LIVER"	"Hähnchenleber"	"APPLICABLE"	"Kleine zarte Geflügelleber mit kräftigem, aber milderem Aroma als Rinderleber."	"GENERAL_BROAD"	"Katalogpfad Hähnchen → Innereien → Geflügel → Fleisch. Warengruppe Fleisch, formrelevanter Prüfhinweis aus der vollständigen Definition: »zarte Geflügelleber mit kräftigem, aber milderem Aroma als Rinderleber«. Allgemein planbarer, aber nicht lokal garantierter Weg über einen vorbereiteten Einkauf im gut sortierten Bereich »Fleischkühlung oder Bedientheke«."	"PLANNED"	"Hähnchenleber ist über einen vorbereiteten Einkauf im gut sortierten Bereich »Fleischkühlung oder Bedientheke« im allgemeinen deutschen Handel planbar, lokal aber kein verlässlicher Standardartikel."	"OPTIONAL"	""	"GENERAL_BROAD"	"Beim Einkauf von „Hähnchenleber“ nutzt Tobias Vorbestellung an einer gut sortierten Fleischtheke oder etablierter deutscher Metzgereiversand."	"PLANNED"	"Hähnchenleber: Beim Einkauf von „Hähnchenleber“ nutzt Tobias Vorbestellung an einer gut sortierten Fleischtheke oder etablierter deutscher Metzgereiversand."	"OPTIONAL"	""	"RATING_RECONCILED_V2|TOBIAS_ROSTOCK_PROFILE"	"PROPOSED_FOR_HUMAN_REVIEW"
"CHICKEN_STOCK"	"Hühnerbrühe"	"APPLICABLE"	"Brühe oder Fond auf Hühnerbasis; selbst gekocht oder als schlichtes Fertigprodukt verwendbar."	"GENERAL_LOCAL"	"Katalogpfad Brühe oder Fond. Warengruppe Brühe oder Fond, formrelevanter Prüfhinweis aus der vollständigen Definition: »selbst gekocht oder als schlichtes Fertigprodukt verwendbar«. Regelweg in Bornheim über den Bereich »Brühen-, Fond- und Suppenregal« eines gewöhnlichen Bornheimer Vollsortimenters."	"EASY"	"Hühnerbrühe: gewöhnlicher lokaler Bezugsweg über den Bereich »Brühen-, Fond- und Suppenregal«."	"OPTIONAL"	""	"GENERAL_LOCAL"	"Tobias prüft „Hühnerbrühe“ in Rostock über das Brühen-, Fonds- oder Suppenregal eines gewöhnlichen großen Rostocker Supermarkts."	"EASY"	"Hühnerbrühe: Rostocker Bezugsweg über das Brühen-, Fonds- oder Suppenregal eines gewöhnlichen großen Rostocker Supermarkts."	"OPTIONAL"	""	"TOBIAS_ROSTOCK_PROFILE"	"PROPOSED_FOR_HUMAN_REVIEW"
"CHICKEN_THIGH"	"Hähnchenschenkel"	"APPLICABLE"	"Saftiges dunkles Fleisch vom Hähnchenschenkel; ausgelöst oder mit Knochen und Haut verwendbar."	"GENERAL_LOCAL"	"Katalogpfad Hähnchen → Geflügel → Fleisch. Warengruppe Fleisch, formrelevanter Prüfhinweis aus der vollständigen Definition: »ausgelöst oder mit Knochen und Haut verwendbar«. Regelweg in Bornheim über das örtliche Sortiment »Fleischkühlung oder Bedientheke« beim Wocheneinkauf in Bornheim."	"EASY"	"Hähnchenschenkel: gewöhnlicher lokaler Bezugsweg über den Bereich »Fleischkühlung oder Bedientheke«."	"OPTIONAL"	""	"GENERAL_LOCAL"	"Beim Einkauf von „Hähnchenschenkel“ nutzt Tobias die Fleischkühlung oder Bedientheke eines gewöhnlichen großen Rostocker Supermarkts."	"EASY"	"Hähnchenschenkel: gewöhnlicher lokaler Bezugsweg über den Bereich »Hähnchenschenkel«."	"OPTIONAL"	""	"TOBIAS_ROSTOCK_PROFILE"	"PROPOSED_FOR_HUMAN_REVIEW"
"CHICKEN_WINGS"	"Hähnchenflügel"	"APPLICABLE"	"Hähnchenflügel mit Haut, Knochen und hohem Kollagenanteil; ganz oder in Gelenkstücke geteilt."	"GENERAL_LOCAL"	"Katalogpfad Hähnchen → Geflügel → Fleisch. Warengruppe Fleisch, formrelevanter Prüfhinweis aus der vollständigen Definition: »ganz oder in Gelenkstücke geteilt«. Regelweg in Bornheim über den regulären Bornheimer Regalweg »Fleischkühlung oder Bedientheke«."	"EASY"	"Hähnchenflügel: gewöhnlicher lokaler Bezugsweg über den Bereich »Fleischkühlung oder Bedientheke«."	"OPTIONAL"	""	"GENERAL_LOCAL"	"Für „Hähnchenflügel“ wird das Angebot über die Fleischkühlung oder Bedientheke eines gewöhnlichen großen Rostocker Supermarkts kontrolliert."	"EASY"	"Hähnchenflügel: gewöhnlicher lokaler Bezugsweg über den Bereich »Hähnchenflügel«."	"OPTIONAL"	""	"TOBIAS_ROSTOCK_PROFILE"	"PROPOSED_FOR_HUMAN_REVIEW"
"CHICKPEA_FLOUR"	"Kichererbsenmehl"	"APPLICABLE"	"Fein gemahlene trockene Kichererbsen mit nussigem Geschmack und guter Bindewirkung; nicht Weizenmehl."	"GENERAL_BROAD"	"Katalogpfad Kichererbsen → Mehl → Hülsenfrüchte → stärkehaltige Zutat oder Sättigungsbeilage. Warengruppe Hülsenfrucht, formrelevanter Prüfhinweis aus der vollständigen Definition: »nicht Weizenmehl«. Allgemein planbarer, aber nicht lokal garantierter Weg über eine konkrete Vorbestellung oder Bestandsabfrage für Hülsenfrucht."	"PLANNED"	"Kichererbsenmehl ist über eine konkrete Vorbestellung oder Bestandsabfrage für Hülsenfrucht im allgemeinen deutschen Handel planbar, lokal aber kein verlässlicher Standardartikel."	"OPTIONAL"	""	"GENERAL_BROAD"	"Für „Kichererbsenmehl“ wird das Angebot über gut sortierte Vollsortimenter und etablierte deutsche Bio- oder Trockenwarenhändler kontrolliert."	"PLANNED"	"Kichererbsenmehl: Für „Kichererbsenmehl“ wird das Angebot über gut sortierte Vollsortimenter und etablierte deutsche Bio- oder Trockenwarenhändler kontrolliert."	"OPTIONAL"	""	"TOBIAS_ROSTOCK_PROFILE"	"PROPOSED_FOR_HUMAN_REVIEW"
"CHICKPEAS"	"Kichererbsen"	"APPLICABLE"	"Kichererbsen mit nussigem Geschmack und mehlig-cremiger Textur; getrocknet oder vorgegart verwendbar."	"GENERAL_LOCAL"	"Katalogpfad Hülsenfrüchte. Warengruppe Hülsenfrucht, formrelevanter Prüfhinweis aus der vollständigen Definition: »getrocknet oder vorgegart verwendbar«. Regelweg in Bornheim über das örtliche Sortiment »Hülsenfrucht-, Konserven- oder Trockenwarenregal« beim Wocheneinkauf in Bornheim."	"EASY"	"Kichererbsen: gewöhnlicher lokaler Bezugsweg über den Bereich »Hülsenfrucht-, Konserven- oder Trockenwarenregal«."	"OPTIONAL"	""	"GENERAL_LOCAL"	"Tobias prüft „Kichererbsen“ in Rostock über das Hülsenfrucht-, Konserven- oder Trockensortiment eines gewöhnlichen großen Rostocker Supermarkts."	"EASY"	"Kichererbsen: Rostocker Bezugsweg über das Hülsenfrucht-, Konserven- oder Trockensortiment eines gewöhnlichen großen Rostocker Supermarkts."	"OPTIONAL"	""	"TOBIAS_ROSTOCK_PROFILE"	"PROPOSED_FOR_HUMAN_REVIEW"
"CHICORY"	"Chicorée"	"APPLICABLE"	"Chicorée als kompakter, blass getriebener Blattsalat mit charakteristischer Bitterkeit; roh und gegart verwendbar."	"GENERAL_LOCAL"	"Katalogpfad Blattsalat → Blattgemüse → Gemüse. Warengruppe Gemüse oder Pilz, formrelevanter Prüfhinweis aus der vollständigen Definition: »roh und gegart verwendbar«. Regelweg in Bornheim über das örtliche Sortiment »Obst- und Gemüseabteilung« beim Wocheneinkauf in Bornheim."	"EASY"	"Chicorée: gewöhnlicher lokaler Bezugsweg über den Bereich »Obst- und Gemüseabteilung«."	"OPTIONAL"	""	"GENERAL_LOCAL"	"Der konkrete Bezug von „Chicorée“ läuft über die Gemüseabteilung eines gewöhnlichen großen Rostocker Supermarkts."	"EASY"	"Chicorée: gewöhnlicher lokaler Bezugsweg über den Bereich »Chicorée«."	"OPTIONAL"	""	"TOBIAS_ROSTOCK_PROFILE"	"PROPOSED_FOR_HUMAN_REVIEW"
"CHILI"	"frische Chili"	"APPLICABLE"	"Frische Chili als Fruchtgemüse; trockene, pulverisierte und eingelegte Formen sind damit nicht gemeint."	"GENERAL_LOCAL"	"Katalogpfad Fruchtgemüse → Gemüse. Warengruppe Gemüse oder Pilz, formrelevanter Prüfhinweis aus der vollständigen Definition: »trockene, pulverisierte und eingelegte Formen sind damit nicht gemeint«. Regelweg in Bornheim über ortsübliche Vollsortimenter rund um Bornheim, konkret im Bereich »Obst- und Gemüseabteilung«."	"EASY"	"frische Chili: gewöhnlicher lokaler Bezugsweg über den Bereich »Obst- und Gemüseabteilung«."	"OPTIONAL"	""	"GENERAL_LOCAL"	"Tobias sucht „frische Chili“ in Rostock über die Gemüseabteilung eines gewöhnlichen großen Rostocker Supermarkts gesucht."	"EASY"	"frische Chili: gewöhnlicher lokaler Bezugsweg über den Bereich »frische Chili«."	"OPTIONAL"	""	"FORM_SENSITIVE|TOBIAS_ROSTOCK_PROFILE"	"PROPOSED_FOR_HUMAN_REVIEW"
"CHILI_CONDIMENTS"	"Chilisauce oder -paste"	"APPLICABLE"	"Offene Vorgabe für verzehrfertige Chilisaucen oder -pasten; Stil, Fermentation und Schärfe bleiben wählbar."	"GENERAL_LOCAL"	"Katalogpfad fertige Sauce oder Würzpaste → Sauce, Würzmittel oder Paste. Warengruppe Sauce oder Würzpaste, formrelevanter Prüfhinweis aus der vollständigen Definition: »Stil, Fermentation und Schärfe bleiben wählbar«. Regelweg in Bornheim über ortsübliche Vollsortimenter rund um Bornheim, konkret im Bereich »Saucen-, Würzpasten- und Feinkostregal«."	"EASY"	"Chilisauce oder -paste: gewöhnlicher lokaler Bezugsweg über den Bereich »Saucen-, Würzpasten- und Feinkostregal«."	"OPTIONAL"	""	"GENERAL_LOCAL"	"Tobias sucht „Chilisauce oder -paste“ in Rostock über das Saucen-, Essig- oder Feinkostregal eines gewöhnlichen großen Rostocker Supermarkts gesucht."	"EASY"	"Chilisauce oder -paste: gewöhnlicher lokaler Bezugsweg über den Bereich »Chilisauce oder -paste«."	"OPTIONAL"	""	"TOBIAS_ROSTOCK_PROFILE"	"PROPOSED_FOR_HUMAN_REVIEW"
"CHILI_CRISP"	"Chili-Crisp"	"APPLICABLE"	"Ölbasierte Chiliwürze mit knusprigen Chili-, Zwiebel- oder Gewürzbestandteilen; nicht bloß Chiliöl."	"GENERAL_BROAD"	"Katalogpfad Chilisauce oder -paste → fertige Sauce oder Würzpaste → Sauce, Würzmittel oder Paste. Warengruppe Sauce oder Würzpaste, formrelevanter Prüfhinweis aus der vollständigen Definition: »nicht bloß Chiliöl«. Allgemein planbarer, aber nicht lokal garantierter Weg über eine vorab zu prüfendes Sortiment im Bereich »Saucen-, Würzpasten- und Feinkostregal« eines großen Bornheimer Markts."	"PLANNED"	"Chili-Crisp ist über ein vorab zu prüfendes Sortiment im Bereich »Saucen-, Würzpasten- und Feinkostregal« eines großen Bornheimer Markts im allgemeinen deutschen Handel planbar, lokal aber kein verlässlicher Standardartikel."	"OPTIONAL"	""	"GENERAL_BROAD"	"Tobias prüft „Chili-Crisp“ in Rostock über gut sortierte Vollsortimenter und etablierte deutsche Feinkost- oder Würzsaucenhändler."	"PLANNED"	"Chili-Crisp: Rostocker Bezugsweg über gut sortierte Vollsortimenter und etablierte deutsche Feinkost- oder Würzsaucenhändler."	"OPTIONAL"	""	"TOBIAS_ROSTOCK_PROFILE"	"PROPOSED_FOR_HUMAN_REVIEW"
"CHILI_FLAKES"	"Chiliflocken"	"APPLICABLE"	"Getrocknete Chiliflocken mit variabler Sorte, Schärfe und regionaler Würzung; nicht fein gemahlenes Chilipulver."	"GENERAL_LOCAL"	"Katalogpfad getrocknete Chili → Gewürz oder trockenes Würzmittel. Warengruppe Gewürz, formrelevanter Prüfhinweis aus der vollständigen Definition: »nicht fein gemahlenes Chilipulver«. Regelweg in Bornheim über den Bereich »Gewürz- und Trockenwürzregal« eines gewöhnlichen Bornheimer Vollsortimenters."	"EASY"	"Chiliflocken: gewöhnlicher lokaler Bezugsweg über den Bereich »Gewürz- und Trockenwürzregal«."	"OPTIONAL"	""	"GENERAL_LOCAL"	"Für „Chiliflocken“ wird das Angebot über das Gewürz- oder Backregal eines gewöhnlichen großen Rostocker Supermarkts kontrolliert."	"EASY"	"Chiliflocken: gewöhnlicher lokaler Bezugsweg über den Bereich »Chiliflocken«."	"OPTIONAL"	""	"TOBIAS_ROSTOCK_PROFILE"	"PROPOSED_FOR_HUMAN_REVIEW"
"CHILI_OIL"	"Chiliöl"	"APPLICABLE"	"Mit Chili aromatisiertes Speiseöl, klar oder mit Sediment; nicht automatisch knuspriges Chili-Crisp."	"GENERAL_BROAD"	"Katalogpfad Chilisauce oder -paste → Speiseöl → fertige Sauce oder Würzpaste → Kochfett. Warengruppe Sauce oder Würzpaste, formrelevanter Prüfhinweis aus der vollständigen Definition: »nicht automatisch knuspriges Chili-Crisp«. Allgemein planbarer, aber nicht lokal garantierter Weg über eine konkrete Vorbestellung oder Bestandsabfrage für Sauce oder Würzpaste."	"PLANNED"	"Chiliöl ist über eine konkrete Vorbestellung oder Bestandsabfrage für Sauce oder Würzpaste im allgemeinen deutschen Handel planbar, lokal aber kein verlässlicher Standardartikel."	"OPTIONAL"	""	"GENERAL_BROAD"	"Für „Chiliöl“ führt der Rostocker Marktweg über gut sortierte Vollsortimenter und etablierte deutsche Feinkost- oder Würzsaucenhändler."	"PLANNED"	"Chiliöl: Rostocker Bezugsweg über gut sortierte Vollsortimenter und etablierte deutsche Feinkost- oder Würzsaucenhändler."	"OPTIONAL"	""	"RATING_RECONCILED_V2|TOBIAS_ROSTOCK_PROFILE"	"PROPOSED_FOR_HUMAN_REVIEW"
"CHILI_POWDER"	"Chilipulver"	"APPLICABLE"	"Reines oder sortentypisches Chilipulver; keine zusammengesetzte Gewürzmischung."	"GENERAL_LOCAL"	"Katalogpfad getrocknete Chili → Gewürz oder trockenes Würzmittel. Warengruppe Gewürz, formrelevanter Prüfhinweis aus der vollständigen Definition: »keine zusammengesetzte Gewürzmischung«. Regelweg in Bornheim über den lokalen Supermarktbereich »Gewürz- und Trockenwürzregal« in Bornheim."	"EASY"	"Chilipulver: gewöhnlicher lokaler Bezugsweg über den Bereich »Gewürz- und Trockenwürzregal«."	"OPTIONAL"	""	"GENERAL_LOCAL"	"Der konkrete Bezug von „Chilipulver“ läuft über das Gewürz- oder Backregal eines gewöhnlichen großen Rostocker Supermarkts."	"EASY"	"Chilipulver: gewöhnlicher lokaler Bezugsweg über den Bereich »Chilipulver«."	"OPTIONAL"	""	"TOBIAS_ROSTOCK_PROFILE"	"PROPOSED_FOR_HUMAN_REVIEW"
"CHIPOTLE"	"Chipotle"	"APPLICABLE"	"Geräucherte und getrocknete reife Jalapeño mit mittlerer Schärfe; ganz, gemahlen oder in schlichter Adobo-Konserve verwendbar."	"GENERAL_BROAD"	"Katalogpfad getrocknete Chili → Gewürz oder trockenes Würzmittel. Warengruppe Gewürz, formrelevanter Prüfhinweis aus der vollständigen Definition: »ganz, gemahlen oder in schlichter Adobo-Konserve verwendbar«. Allgemein planbarer, aber nicht lokal garantierter Weg über einen vorbereiteten Einkauf im gut sortierten Bereich »Gewürz- und Trockenwürzregal«."	"PLANNED"	"Chipotle ist über einen vorbereiteten Einkauf im gut sortierten Bereich »Gewürz- und Trockenwürzregal« im allgemeinen deutschen Handel planbar, lokal aber kein verlässlicher Standardartikel."	"OPTIONAL"	""	"GENERAL_BROAD"	"Für „Chipotle“ führt der Rostocker Marktweg über gut sortierte Vollsortimenter und etablierte deutsche Gewürzhändler."	"PLANNED"	"Chipotle: Rostocker Bezugsweg über gut sortierte Vollsortimenter und etablierte deutsche Gewürzhändler."	"OPTIONAL"	""	"TOBIAS_ROSTOCK_PROFILE"	"PROPOSED_FOR_HUMAN_REVIEW"
"CHIVES"	"Schnittlauch"	"APPLICABLE"	"Feine hohle Schnittlauchröhrchen mit mildem Zwiebelaroma; nicht Knoblauch-Schnittlauch."	"GENERAL_LOCAL"	"Katalogpfad Lauch- und Zwiebelgemüse → Kräuter und Würzblätter → Gemüse. Warengruppe frisches Würzkraut, formrelevanter Prüfhinweis aus der vollständigen Definition: »nicht Knoblauch-Schnittlauch«. Regelweg in Bornheim über nahe Supermarktfilialen in Bornheim mit dem Bereich »frische Kräuterabteilung«."	"EASY"	"Schnittlauch: gewöhnlicher lokaler Bezugsweg über den Bereich »frische Kräuterabteilung«."	"OPTIONAL"	""	"GENERAL_LOCAL"	"Für „Schnittlauch“ führt der Rostocker Marktweg über die Kräuterkühlung der Obst- und Gemüseabteilung eines gewöhnlichen großen Rostocker Supermarkts."	"EASY"	"Schnittlauch: Rostocker Bezugsweg über die Kräuterkühlung der Obst- und Gemüseabteilung eines gewöhnlichen großen Rostocker Supermarkts."	"OPTIONAL"	""	"TOBIAS_ROSTOCK_PROFILE"	"PROPOSED_FOR_HUMAN_REVIEW"
"CHOCOLATE"	"Schokolade"	"APPLICABLE"	"Offene Schokoladenfamilie für dunkle, Milch- und weiße Schokolade; Kakaopulver ist nicht umfasst."	"GENERAL_LOCAL"	"Katalogpfad Kakao oder Schokolade → Süßware. Warengruppe Süßungs- oder Kakaoware, formrelevanter Prüfhinweis aus der vollständigen Definition: »Kakaopulver ist nicht umfasst«. Regelweg in Bornheim über den regulären Bornheimer Regalweg »Backzutaten-, Süßwaren- oder Kakaoregal«."	"EASY"	"Schokolade: gewöhnlicher lokaler Bezugsweg über den Bereich »Backzutaten-, Süßwaren- oder Kakaoregal«."	"OPTIONAL"	""	"GENERAL_LOCAL"	"Für „Schokolade“ wird das Angebot über das Back-, Süßwaren- oder Brotregal eines gewöhnlichen großen Rostocker Supermarkts kontrolliert."	"EASY"	"Schokolade: gewöhnlicher lokaler Bezugsweg über den Bereich »Schokolade«."	"OPTIONAL"	""	"TOBIAS_ROSTOCK_PROFILE"	"PROPOSED_FOR_HUMAN_REVIEW"
"CHOCOLATE_HAGELSLAG"	"Schoko-Hagelslag"	"APPLICABLE"	"Niederländische Schokoladenstreusel insbesondere als Brotbelag; nicht beliebige Backdekoration und nicht Frucht-, Anis- oder andere Hagelslag-Varianten."	"GENERAL_BROAD"	"Katalogpfad Schokolade → Kakao oder Schokolade → Süßware. Warengruppe Süßungs- oder Kakaoware, formrelevanter Prüfhinweis aus der vollständigen Definition: »nicht beliebige Backdekoration und nicht Frucht-, Anis- oder andere Hagelslag-Varianten«. Allgemein planbarer, aber nicht lokal garantierter Weg über eine vorab zu prüfendes Sortiment im Bereich »Backzutaten-, Süßwaren- oder Kakaoregal« eines großen Bornheimer Markts."	"PLANNED"	"Schoko-Hagelslag ist über ein vorab zu prüfendes Sortiment im Bereich »Backzutaten-, Süßwaren- oder Kakaoregal« eines großen Bornheimer Markts im allgemeinen deutschen Handel planbar, lokal aber kein verlässlicher Standardartikel."	"OPTIONAL"	""	"GENERAL_BROAD"	"Für „Schoko-Hagelslag“ führt der Rostocker Marktweg über gut sortierte Vollsortimenter und etablierte deutsche Back- oder Süßwarenhändler."	"PLANNED"	"Schoko-Hagelslag: Rostocker Bezugsweg über gut sortierte Vollsortimenter und etablierte deutsche Back- oder Süßwarenhändler."	"OPTIONAL"	""	"TOBIAS_ROSTOCK_PROFILE"	"PROPOSED_FOR_HUMAN_REVIEW"
"CHORIZO"	"Chorizo"	"APPLICABLE"	"Kräftig gewürzte Wurst der Chorizo-Familie; frische mexikanische und gereifte iberische Formen sind mögliche Ausprägungen."	"GENERAL_LOCAL"	"Chorizo: Die gereifte spanische Chorizo Picant im REWE-Wurstsortiment ergänzt die bereits belegten regulären Einkaufswege. Profilbezug Georgia: Bornheim beziehungsweise der planbare allgemeine deutsche Bezug; Köln oder Düsseldorf werden nicht als lokaler EASY-Weg gewertet."	"EASY"	"Chorizo: Die gereifte spanische Chorizo Picant im REWE-Wurstsortiment ergänzt die bereits belegten regulären Einkaufswege."	"REQUIRED"	"AV2N-A-0043|AV2N-QA-0011|AV2N-QA-0012"	"GENERAL_LOCAL"	"Chorizo: Die gereifte spanische Chorizo Picant im REWE-Wurstsortiment ergänzt die bereits belegten regulären Einkaufswege. der Bestand am gewählten Rostocker Standort bleibt vor dem Einkauf zu prüfen."	"EASY"	"Chorizo: Die gereifte spanische Chorizo Picant im REWE-Wurstsortiment ergänzt die bereits belegten regulären Einkaufswege. der Bestand am gewählten Rostocker Standort bleibt vor dem Einkauf zu prüfen."	"OPTIONAL"	"AV2N-A-0043"	"BORDERLINE_PLANNED|EVIDENCE_REQUIRED|FORM_SENSITIVE|RATING_RECONCILED_V2|TOBIAS_ROSTOCK_PROFILE"	"PROPOSED_FOR_HUMAN_REVIEW"
"CIDER"	"Cider"	"APPLICABLE"	"Vergorener Apfelwein, still oder perlend und trocken bis süß; nicht Apfelsaft oder Apfelessig."	"GENERAL_BROAD"	"Katalogpfad Kochalkohol. Das konkrete REWE-Kettenlisting für Kelterei Heil Bio Apfel Cidre weist vergorenen Apfelwein mit 4,5 Prozent Alkohol aus; Georgia kann den Standortbestand im Raum Bornheim vor dem Getränkeeinkauf prüfen."	"PLANNED"	"Cider: Das konkrete REWE-Kettenlisting für Kelterei Heil Bio Apfel Cidre weist vergorenen Apfelwein mit 4,5 Prozent Alkohol aus; Georgia kann den Standortbestand im Raum Bornheim vor dem Getränkeeinkauf prüfen."	"REQUIRED"	"AV2N-A-0044"	"GENERAL_BROAD"	"Cider: Das REWE-Kettenlisting Kelterei Heil Bio Apfel Cidre weist vergorenen Apfelwein mit 4,5 Prozent Alkohol aus; Tobias kann die konkrete Rostocker Standortverfügbarkeit im Getränkesortiment vorab prüfen."	"PLANNED"	"Cider: Das REWE-Kettenlisting Kelterei Heil Bio Apfel Cidre weist vergorenen Apfelwein mit 4,5 Prozent Alkohol aus; Tobias kann die konkrete Rostocker Standortverfügbarkeit im Getränkesortiment vorab prüfen."	"OPTIONAL"	"AV2N-A-0044"	"BORDERLINE_PLANNED|EVIDENCE_REQUIRED|RATING_RECONCILED_V2|TOBIAS_ROSTOCK_PROFILE"	"PROPOSED_FOR_HUMAN_REVIEW"
"CILANTRO"	"Koriandergrün"	"APPLICABLE"	"Frisches Blattgrün des Korianders mit markant zitrisch-würzigem Aroma; nicht Koriandersaat."	"GENERAL_LOCAL"	"Katalogpfad Kräuter und Würzblätter. Warengruppe frisches Würzkraut, formrelevanter Prüfhinweis aus der vollständigen Definition: »nicht Koriandersaat«. Regelweg in Bornheim über den regulären Bornheimer Regalweg »frische Kräuterabteilung«."	"EASY"	"Koriandergrün: gewöhnlicher lokaler Bezugsweg über den Bereich »frische Kräuterabteilung«."	"OPTIONAL"	""	"GENERAL_LOCAL"	"Die Beschaffung von „Koriandergrün“ erfolgt in Rostock über die Kräuterkühlung der Obst- und Gemüseabteilung eines gewöhnlichen großen Rostocker Supermarkts."	"EASY"	"Koriandergrün: gewöhnlicher lokaler Bezugsweg über den Bereich »Koriandergrün«."	"OPTIONAL"	""	"FORM_SENSITIVE|RATING_RECONCILED_V2|TOBIAS_ROSTOCK_PROFILE"	"PROPOSED_FOR_HUMAN_REVIEW"
"CINNAMON"	"Zimt"	"APPLICABLE"	"Getrocknete Zimtrinde als Stange oder gemahlen; Ceylon- und Cassia-Typen sind umfasst."	"GENERAL_LOCAL"	"Katalogpfad Gewürz oder trockenes Würzmittel. Warengruppe Gewürz, formrelevanter Prüfhinweis aus der vollständigen Definition: »Ceylon- und Cassia-Typen sind umfasst«. Regelweg in Bornheim über ortsübliche Vollsortimenter rund um Bornheim, konkret im Bereich »Gewürz- und Trockenwürzregal«."	"EASY"	"Zimt: gewöhnlicher lokaler Bezugsweg über den Bereich »Gewürz- und Trockenwürzregal«."	"OPTIONAL"	""	"GENERAL_LOCAL"	"Tobias sucht „Zimt“ in Rostock über das Gewürz- oder Backregal eines gewöhnlichen großen Rostocker Supermarkts gesucht."	"EASY"	"Zimt: gewöhnlicher lokaler Bezugsweg über den Bereich »Zimt«."	"OPTIONAL"	""	"TOBIAS_ROSTOCK_PROFILE"	"PROPOSED_FOR_HUMAN_REVIEW"
"CITRUS_FRUIT"	"Zitrusfrucht"	"APPLICABLE"	"Offene Vorgabe für Zitrusfrüchte; Saft, Fruchtfleisch und unbehandelte Schale können je nach Wahl genutzt werden."	"GENERAL_LOCAL"	"Katalogpfad Obst. Warengruppe Obst, formrelevanter Prüfhinweis aus der vollständigen Definition: »Saft, Fruchtfleisch und unbehandelte Schale können je nach Wahl genutzt werden«. Regelweg in Bornheim über ortsübliche Vollsortimenter rund um Bornheim, konkret im Bereich »Obst- und Gemüseabteilung«."	"EASY"	"Zitrusfrucht: gewöhnlicher lokaler Bezugsweg über den Bereich »Obst- und Gemüseabteilung«."	"OPTIONAL"	""	"GENERAL_LOCAL"	"Für „Zitrusfrucht“ wird das Angebot über die Obstabteilung eines gewöhnlichen großen Rostocker Supermarkts kontrolliert."	"EASY"	"Zitrusfrucht: gewöhnlicher lokaler Bezugsweg über den Bereich »Zitrusfrucht«."	"OPTIONAL"	""	"TOBIAS_ROSTOCK_PROFILE"	"PROPOSED_FOR_HUMAN_REVIEW"
"CLAMS"	"Venusmuscheln"	"APPLICABLE"	"Venusmuscheln beziehungsweise vergleichbare kleine essbare Muscheln; frisch, tiefgekühlt oder ausgelöst verwendbar."	"GENERAL_BROAD"	"Deutsche See – frische Venusmuscheln belegt: Deutsche See führt frische, von Hand gesammelte Venusmuscheln mit 50 bis 60 Tieren je Korb aktuell verfügbar und liefert sie gekühlt zum Wunschtermin. Der Bezug erfolgt über Deutschland und Österreich; gekühlte GO!-Express-Lieferung zum Wunschtermin; maßgeblich ist CHILLED_SHIPPING. Der Nachweis gilt für lebende frische Venusmuscheln; Tagesbestand und kurze Haltbarkeit müssen unmittelbar vor dem Termin kontrolliert werden."	"PLANNED"	"Venusmuscheln: Deutsche See führt frische, von Hand gesammelte Venusmuscheln mit 50 bis 60 Tieren je Korb aktuell verfügbar und liefert sie gekühlt zum Wunschtermin."	"REQUIRED"	"AV2N-A-0045"	"GENERAL_BROAD"	"Deutsche See – frische Venusmuscheln belegt: Deutsche See führt frische, von Hand gesammelte Venusmuscheln mit 50 bis 60 Tieren je Korb aktuell verfügbar und liefert sie gekühlt zum Wunschtermin. Der Bezug erfolgt über Deutschland und Österreich; gekühlte GO!-Express-Lieferung zum Wunschtermin; maßgeblich ist CHILLED_SHIPPING. Der Nachweis gilt für lebende frische Venusmuscheln; Tagesbestand und kurze Haltbarkeit müssen unmittelbar vor dem Termin kontrolliert werden."	"PLANNED"	"Venusmuscheln: Deutsche See führt frische, von Hand gesammelte Venusmuscheln mit 50 bis 60 Tieren je Korb aktuell verfügbar und liefert sie gekühlt zum Wunschtermin."	"REQUIRED"	"AV2N-A-0045"	"BORDERLINE_PLANNED|EVIDENCE_REQUIRED|FORM_SENSITIVE|RESEARCH_REQUIRED|TOBIAS_ROSTOCK_PROFILE"	"PROPOSED_FOR_HUMAN_REVIEW"
"CLOUDBERRY"	"Moltebeere"	"APPLICABLE"	"Moltebeeren (Rubus chamaemorus), frisch oder ungesüßt tiefgekühlt. Nicht gesüßte Moltebeerkonfitüre, Likör oder lediglich Moltebeer-Aroma."	"NICHE_IMPORT"	"Katalogpfad Beeren → Obst. Warengruppe Obst, formrelevanter Prüfhinweis aus der vollständigen Definition: »Nicht gesüßte Moltebeerkonfitüre, Likör oder lediglich Moltebeer-Aroma«. Nur der schmale Händlerweg über Schweden-Markt – Beeren tiefgekühlt ist positiv belegt; Tiefkühlversand begrenzt Form, Bestand oder Logistik."	"DIFFICULT"	"Moltebeere: Nur der schmale Händlerweg über Schweden-Markt – Beeren tiefgekühlt ist positiv belegt; Tiefkühlversand begrenzt Form, Bestand oder Logistik."	"REQUIRED"	"AV2N-A-0046"	"NICHE_IMPORT"	"Tobias prüft „Moltebeere“ in Rostock über Schweden-Markt – Beeren tiefgekühlt, wobei die Evidenz eine vor dem Einkauf erneut zu prüfende Verfügbarkeit und Tiefkühlversand ausweist."	"DIFFICULT"	"Moltebeere: Rostocker Bezugsweg über Schweden-Markt – Beeren tiefgekühlt; dokumentiert sind eine vor dem Einkauf erneut zu prüfende Verfügbarkeit und Tiefkühlversand."	"REQUIRED"	"AV2N-A-0046"	"EVIDENCE_REQUIRED|FORM_OR_LOGISTICS_RISK|FORM_OR_ROUTE_FRAGILE|FORM_SENSITIVE|RESEARCH_REQUIRED|TOBIAS_ROSTOCK_PROFILE"	"PROPOSED_FOR_HUMAN_REVIEW"
"CLOUDBERRY_PRESERVES"	"Moltebeerkonfitüre/-kompott"	"APPLICABLE"	"Gesüßte Moltebeerzubereitung wie Konfitüre, Kompott oder vergleichbarer Fruchtaufstrich. Nicht bloßes Moltebeer-Aroma oder Moltebeerlikör."	"NICHE_IMPORT"	"Katalogpfad Moltebeere → konservierte pflanzliche Zutat → Beeren → Obst. Warengruppe konservierte Pflanzenware, formrelevanter Prüfhinweis aus der vollständigen Definition: »Nicht bloßes Moltebeer-Aroma oder Moltebeerlikör«. Nur der schmale Händlerweg über Arctic Delice – Berry Products ist positiv belegt; Standardversand begrenzt Form, Bestand oder Logistik."	"DIFFICULT"	"Moltebeerkonfitüre/-kompott: Nur der schmale Händlerweg über Arctic Delice – Berry Products ist positiv belegt; Standardversand begrenzt Form, Bestand oder Logistik."	"REQUIRED"	"AV2N-A-0047"	"NICHE_IMPORT"	"Tobias prüft „Moltebeerkonfitüre/-kompott“ in Rostock über Arctic Delice – Berry Products, wobei die Evidenz beim Abruf verfügbaren Bestand und Standardversand ausweist."	"DIFFICULT"	"Moltebeerkonfitüre/-kompott: Rostocker Bezugsweg über Arctic Delice – Berry Products; dokumentiert sind beim Abruf verfügbaren Bestand und Standardversand."	"REQUIRED"	"AV2N-A-0047"	"FORM_OR_LOGISTICS_RISK|RATING_RECONCILED_V2|RESEARCH_REQUIRED|TOBIAS_ROSTOCK_PROFILE"	"PROPOSED_FOR_HUMAN_REVIEW"
"CLOVES"	"Gewürznelken"	"APPLICABLE"	"Getrocknete Blütenknospen mit sehr intensivem warm-süßlichem Aroma; ganz oder gemahlen sparsam verwenden."	"GENERAL_LOCAL"	"Katalogpfad Gewürz oder trockenes Würzmittel. Warengruppe Gewürz, formrelevanter Prüfhinweis aus der vollständigen Definition: »ganz oder gemahlen sparsam verwenden«. Regelweg in Bornheim über den regulären Bornheimer Regalweg »Gewürz- und Trockenwürzregal«."	"EASY"	"Gewürznelken: gewöhnlicher lokaler Bezugsweg über den Bereich »Gewürz- und Trockenwürzregal«."	"OPTIONAL"	""	"GENERAL_LOCAL"	"Die Rostocker Warenprüfung für „Gewürznelken“ erfolgt über das Gewürz- oder Backregal eines gewöhnlichen großen Rostocker Supermarkts."	"EASY"	"Gewürznelken: gewöhnlicher lokaler Bezugsweg über den Bereich »Gewürznelken«."	"OPTIONAL"	""	"TOBIAS_ROSTOCK_PROFILE"	"PROPOSED_FOR_HUMAN_REVIEW"
"COCKLES"	"Herzmuscheln"	"APPLICABLE"	"Essbare Herzmuscheln (Cockles), frisch, tiefgekühlt oder naturbelassen konserviert; nicht Venusmuscheln, Miesmuscheln oder Jakobsmuscheln."	"NICHE_IMPORT"	"Katalogpfad Muscheln → Weichtiere → Schalen- und Krustentiere → wirbellose Tiere. Warengruppe Fisch oder Meeresfrucht, formrelevanter Prüfhinweis aus der vollständigen Definition: »nicht Venusmuscheln, Miesmuscheln oder Jakobsmuscheln«. Die Prüfungen bei Deutsche See – Fisch und Meeresfrüchte ergaben keinen aktuellen Exakttreffer; Kühlversand und die enge Produktform begrenzen den Markt."	"DIFFICULT"	"Für echte Herzmuscheln ist aktuell kein positiver formgenauer Endkundenweg belegt; andere Muschelarten zählen nicht als Ersatz."	"REQUIRED"	"AV2N-A-0048"	"NICHE_IMPORT"	"Tobias prüft „Herzmuscheln“ in Rostock über Deutsche See, wobei die Evidenz keinen aktuellen formgenauen Treffer und Kühlversand ausweist."	"DIFFICULT"	"Für echte Herzmuscheln ist aktuell kein positiver formgenauer Endkundenweg belegt; andere Muschelarten zählen nicht als Ersatz."	"REQUIRED"	"AV2N-A-0048"	"EVIDENCE_REQUIRED|FORM_OR_LOGISTICS_RISK|FORM_OR_ROUTE_FRAGILE|FORM_SENSITIVE|RESEARCH_REQUIRED|TOBIAS_ROSTOCK_PROFILE"	"PROPOSED_FOR_HUMAN_REVIEW"
"COCOA_POWDER"	"Kakaopulver"	"APPLICABLE"	"Entfettetes oder teilentfettetes Kakaopulver, ungesüßt und zum Backen oder Würzen geeignet; kein kakaohaltiges Getränkepulver."	"GENERAL_LOCAL"	"Katalogpfad Kakao oder Schokolade. Warengruppe Süßungs- oder Kakaoware, formrelevanter Prüfhinweis aus der vollständigen Definition: »kein kakaohaltiges Getränkepulver«. Regelweg in Bornheim über ortsübliche Vollsortimenter rund um Bornheim, konkret im Bereich »Backzutaten-, Süßwaren- oder Kakaoregal«."	"EASY"	"Kakaopulver: gewöhnlicher lokaler Bezugsweg über den Bereich »Backzutaten-, Süßwaren- oder Kakaoregal«."	"OPTIONAL"	""	"GENERAL_LOCAL"	"Der konkrete Bezug von „Kakaopulver“ läuft über das Back-, Süßwaren- oder Brotregal eines gewöhnlichen großen Rostocker Supermarkts."	"EASY"	"Kakaopulver: gewöhnlicher lokaler Bezugsweg über den Bereich »Kakaopulver«."	"OPTIONAL"	""	"TOBIAS_ROSTOCK_PROFILE"	"PROPOSED_FOR_HUMAN_REVIEW"
"COCOA_PRODUCTS"	"Kakao oder Schokolade"	"APPLICABLE"	"Offene Familie für Kakaoerzeugnisse von Kakaopulver bis Schokoladenprodukten; konkrete Form und Süße bleiben offen."	"GENERAL_LOCAL"	"Katalogpfad eigenständige Katalogwurzel. Warengruppe Süßungs- oder Kakaoware, formrelevanter Prüfhinweis aus der vollständigen Definition: »konkrete Form und Süße bleiben offen«. Regelweg in Bornheim über nahe Supermarktfilialen in Bornheim mit dem Bereich »Backzutaten-, Süßwaren- oder Kakaoregal«."	"EASY"	"Kakao oder Schokolade: gewöhnlicher lokaler Bezugsweg über den Bereich »Backzutaten-, Süßwaren- oder Kakaoregal«."	"OPTIONAL"	""	"GENERAL_LOCAL"	"Kakao oder Schokolade: Gewöhnliche große Rostocker Supermärkte führen die offene Familie aus Kakaopulver und Schokoladenprodukten regulär im Back- und Süßwarenregal; Form und Süße werden erst durch das jeweilige Rezept festgelegt."	"EASY"	"Kakaopulver und Schokoladenprodukte gehören in gewöhnlichen großen Rostocker Supermärkten zum regulären Back- und Süßwarenregal."	"OPTIONAL"	""	"TOBIAS_ROSTOCK_PROFILE"	"PROPOSED_FOR_HUMAN_REVIEW"
"COCONUT"	"Kokosnuss"	"APPLICABLE"	"Kokosnuss beziehungsweise frisches Kokosfleisch; Kokosmilch, -wasser und -öl sind getrennte Produktformen."	"GENERAL_BROAD"	"Katalogpfad Kokoszutat → Tropenfrucht → Obst. Warengruppe Kokoszubereitung, formrelevanter Prüfhinweis aus der vollständigen Definition: »Kokosmilch, -wasser und -öl sind getrennte Produktformen«. Allgemein planbarer, aber nicht lokal garantierter Weg über eine konkrete Vorbestellung oder Bestandsabfrage für Kokoszubereitung."	"PLANNED"	"Kokosnuss ist über eine konkrete Vorbestellung oder Bestandsabfrage für Kokoszubereitung im allgemeinen deutschen Handel planbar, lokal aber kein verlässlicher Standardartikel."	"OPTIONAL"	""	"GENERAL_BROAD"	"Für „Kokosnuss“ führt der Rostocker Marktweg über gut sortierte Vollsortimenter und etablierte deutsche Frucht- oder Frischehändler."	"PLANNED"	"Kokosnuss: Rostocker Bezugsweg über gut sortierte Vollsortimenter und etablierte deutsche Frucht- oder Frischehändler."	"OPTIONAL"	""	"FORM_SENSITIVE|TOBIAS_ROSTOCK_PROFILE"	"PROPOSED_FOR_HUMAN_REVIEW"
"COCONUT_CREAM"	"Kokoscreme"	"APPLICABLE"	"Dickflüssige, fettreiche Kokosextraktion mit höherem Fettanteil als Kokosmilch; nicht gesüßte Cream of Coconut."	"GENERAL_BROAD"	"Katalogpfad Kokoszutat. Warengruppe Kokoszubereitung, formrelevanter Prüfhinweis aus der vollständigen Definition: »nicht gesüßte Cream of Coconut«. Allgemein planbarer, aber nicht lokal garantierter Weg über eine reguläre Onlinebestellung im allgemeinen Handel mit formgenauer Artikelsuche."	"PLANNED"	"Kokoscreme ist über eine reguläre Onlinebestellung im allgemeinen Handel mit formgenauer Artikelsuche im allgemeinen deutschen Handel planbar, lokal aber kein verlässlicher Standardartikel."	"OPTIONAL"	""	"GENERAL_BROAD"	"Tobias prüft „Kokoscreme“ in Rostock über gut sortierte Vollsortimenter und etablierte deutsche Händler für Kokosprodukte."	"PLANNED"	"Kokoscreme: Rostocker Bezugsweg über gut sortierte Vollsortimenter und etablierte deutsche Händler für Kokosprodukte."	"OPTIONAL"	""	"RATING_RECONCILED_V2|TOBIAS_ROSTOCK_PROFILE"	"PROPOSED_FOR_HUMAN_REVIEW"
"COCONUT_FLAKES"	"Kokosraspeln"	"APPLICABLE"	"Getrocknete Kokosraspeln oder -chips, bevorzugt ungesüßt; nicht frisches Kokosfleisch."	"GENERAL_LOCAL"	"Katalogpfad Kokoszutat. Warengruppe Kokoszubereitung, formrelevanter Prüfhinweis aus der vollständigen Definition: »nicht frisches Kokosfleisch«. Regelweg in Bornheim über den regulären Bornheimer Regalweg »Asia-, Konserven- oder Kochzutatenregal«."	"EASY"	"Kokosraspeln: gewöhnlicher lokaler Bezugsweg über den Bereich »Asia-, Konserven- oder Kochzutatenregal«."	"OPTIONAL"	""	"GENERAL_LOCAL"	"Tobias prüft „Kokosraspeln“ in Rostock über das international ausgerichtete Kochzutatenregal eines gewöhnlichen großen Rostocker Supermarkts."	"EASY"	"Kokosraspeln: Rostocker Bezugsweg über das international ausgerichtete Kochzutatenregal eines gewöhnlichen großen Rostocker Supermarkts."	"OPTIONAL"	""	"FORM_SENSITIVE|TOBIAS_ROSTOCK_PROFILE"	"PROPOSED_FOR_HUMAN_REVIEW"
"COCONUT_MILK"	"Kokosmilch"	"APPLICABLE"	"Weiße Emulsion aus zerkleinertem Kokosfleisch und Wasser; nicht Kokosdrink oder Kokoswasser."	"GENERAL_LOCAL"	"Katalogpfad Kokoszutat. Warengruppe Kokoszubereitung, formrelevanter Prüfhinweis aus der vollständigen Definition: »nicht Kokosdrink oder Kokoswasser«. Regelweg in Bornheim über nahe Supermarktfilialen in Bornheim mit dem Bereich »Asia-, Konserven- oder Kochzutatenregal«."	"EASY"	"Kokosmilch: gewöhnlicher lokaler Bezugsweg über den Bereich »Asia-, Konserven- oder Kochzutatenregal«."	"OPTIONAL"	""	"GENERAL_LOCAL"	"Für „Kokosmilch“ führt der Rostocker Marktweg über das international ausgerichtete Kochzutatenregal eines gewöhnlichen großen Rostocker Supermarkts."	"EASY"	"Kokosmilch: Rostocker Bezugsweg über das international ausgerichtete Kochzutatenregal eines gewöhnlichen großen Rostocker Supermarkts."	"OPTIONAL"	""	"TOBIAS_ROSTOCK_PROFILE"	"PROPOSED_FOR_HUMAN_REVIEW"
"COCONUT_OIL"	"Kokosöl"	"APPLICABLE"	"Bei Raumtemperatur häufig festes Kokosfett; raffiniert neutral oder nativ kokosaromatisch verwendbar."	"GENERAL_LOCAL"	"Katalogpfad Kokoszutat → Speiseöl → Kochfett. Warengruppe Speiseöl oder Kochfett, formrelevanter Prüfhinweis aus der vollständigen Definition: »raffiniert neutral oder nativ kokosaromatisch verwendbar«. Regelweg in Bornheim über nahe Supermarktfilialen in Bornheim mit dem Bereich »Öl- und Kochfettregal«."	"EASY"	"Kokosöl: gewöhnlicher lokaler Bezugsweg über den Bereich »Öl- und Kochfettregal«."	"OPTIONAL"	""	"GENERAL_LOCAL"	"Die Beschaffung von „Kokosöl“ erfolgt in Rostock über das international ausgerichtete Kochzutatenregal eines gewöhnlichen großen Rostocker Supermarkts."	"EASY"	"Kokosöl: gewöhnlicher lokaler Bezugsweg über den Bereich »Kokosöl«."	"OPTIONAL"	""	"TOBIAS_ROSTOCK_PROFILE"	"PROPOSED_FOR_HUMAN_REVIEW"
"COCONUT_PRODUCTS"	"Kokoszutat"	"APPLICABLE"	"Offene Familie für Kokosfrucht, Kokoswasser, daraus gewonnene Emulsionen, Fett und weitere verarbeitete Kokosprodukte."	"GENERAL_LOCAL"	"Katalogpfad eigenständige Katalogwurzel. Warengruppe Kokoszutat, formrelevanter Prüfhinweis aus der vollständigen Definition: »daraus gewonnene Emulsionen, Fett und weitere verarbeitete Kokosprodukte«. Regelweg in Bornheim über die gewöhnliche Bornheimer Auslage »Asia-, Backzutaten- oder Konservenregal«."	"EASY"	"Kokoszutat: gewöhnlicher lokaler Bezugsweg über den Bereich »Asia-, Backzutaten- oder Konservenregal«."	"OPTIONAL"	""	"GENERAL_LOCAL"	"Beim Einkauf von „Kokoszutat“ nutzt Tobias das international ausgerichtete Kochzutatenregal eines gewöhnlichen großen Rostocker Supermarkts."	"EASY"	"Kokoszutat: gewöhnlicher lokaler Bezugsweg über den Bereich »Kokoszutat«."	"OPTIONAL"	""	"RATING_RECONCILED_V2|TOBIAS_ROSTOCK_PROFILE"	"PROPOSED_FOR_HUMAN_REVIEW"
"COCONUT_VINEGAR"	"Kokosessig"	"APPLICABLE"	"Offene Kokosessigfamilie für natürlich fermentierten Essig auf Kokoswasser- und/oder Kokospalmensaftbasis. Nicht gewöhnlicher Branntweinessig mit Kokosaroma."	"SPECIALTY_BROAD"	"King Kao und Asia Foodstore sind unabhängig breit über mehrere asiatische Länderküchen und Warengruppen sortiert; beide führen reguläre Kokosessigvarianten verschiedener Ausprägung mit gewöhnlichem Paketversand. Das spricht für eine etablierte Kategorie im breiten Asia-Spezialmarkt statt für einen einzelnen philippinischen Nischenimport."	"SPECIALTY"	"Kokosessig wird von unabhängig breit sortierten Asia-Händlern als reguläre haltbare Flaschenware geführt; neutraler Branntweinessig mit Aroma zählt nicht."	"REQUIRED"	"AV2N-A-0049|AV2N-A-0050"	"SPECIALTY_BROAD"	"King Kao und Asia Foodstore sind unabhängig breit über mehrere asiatische Länderküchen und Warengruppen sortiert; beide führen reguläre Kokosessigvarianten verschiedener Ausprägung mit gewöhnlichem Paketversand. Das spricht für eine etablierte Kategorie im breiten Asia-Spezialmarkt statt für einen einzelnen philippinischen Nischenimport."	"SPECIALTY"	"Kokosessig wird von unabhängig breit sortierten Asia-Händlern als reguläre haltbare Flaschenware geführt; neutraler Branntweinessig mit Aroma zählt nicht."	"REQUIRED"	"AV2N-A-0049|AV2N-A-0050"	"EVIDENCE_REQUIRED|RESEARCH_REQUIRED|SPECIALTY_MARKET_BREADTH|TOBIAS_ROSTOCK_PROFILE"	"PROPOSED_FOR_HUMAN_REVIEW"
"COCONUT_WATER"	"Kokoswasser"	"APPLICABLE"	"Klare Flüssigkeit aus dem Inneren junger Kokosnüsse; nicht Kokosmilch oder gesüßter Kokosdrink."	"GENERAL_LOCAL"	"Katalogpfad Kokoszutat. Warengruppe Kokosgetränk, formrelevanter Prüfhinweis aus der vollständigen Definition: »nicht Kokosmilch oder gesüßter Kokosdrink«. Regelweg in Bornheim über nahe Supermarktfilialen in Bornheim mit dem Bereich »Saft-, Wasser- oder internationales Getränkeregal«."	"EASY"	"Kokoswasser: gewöhnlicher lokaler Bezugsweg über den Bereich »Saft-, Wasser- oder internationales Getränkeregal«."	"OPTIONAL"	""	"GENERAL_LOCAL"	"Tobias prüft „Kokoswasser“ in Rostock über Saft-, Wasser- oder internationales Getränkeregal gewöhnlicher großer Rostocker Supermärkte."	"EASY"	"Kokoswasser: Rostocker Bezugsweg über Saft-, Wasser- oder internationales Getränkeregal gewöhnlicher großer Rostocker Supermärkte."	"OPTIONAL"	""	"RATING_RECONCILED_V2|TOBIAS_ROSTOCK_PROFILE"	"PROPOSED_FOR_HUMAN_REVIEW"
"COD"	"Kabeljau"	"APPLICABLE"	"Kabeljau als mildes, blättriges Weißfischfleisch; frisch oder tiefgekühlt, nicht gesalzen und getrocknet."	"GENERAL_LOCAL"	"Katalogpfad weißfleischiger Fisch → Fisch → Fisch und Meeresfrüchte. Warengruppe Fisch oder Meeresfrucht, formrelevanter Prüfhinweis aus der vollständigen Definition: »frisch oder tiefgekühlt, nicht gesalzen und getrocknet«. Regelweg in Bornheim über den regulären Bornheimer Regalweg »Fischkühlung, Fischtheke oder Tiefkühlabteilung«."	"EASY"	"Kabeljau: gewöhnlicher lokaler Bezugsweg über den Bereich »Fischkühlung, Fischtheke oder Tiefkühlabteilung«."	"OPTIONAL"	""	"GENERAL_LOCAL"	"Tobias prüft „Kabeljau“ in Rostock über die Fischkühlung, Tiefkühltruhe oder Fischtheke eines gewöhnlichen großen Rostocker Supermarkts."	"EASY"	"Kabeljau: Rostocker Bezugsweg über die Fischkühlung, Tiefkühltruhe oder Fischtheke eines gewöhnlichen großen Rostocker Supermarkts."	"OPTIONAL"	""	"FORM_SENSITIVE|TOBIAS_ROSTOCK_PROFILE"	"PROPOSED_FOR_HUMAN_REVIEW"
"COFFEE"	"Kaffee"	"APPLICABLE"	"Gebrühter Kaffee oder gemahlene beziehungsweise ganze geröstete Kaffeebohnen als bitter-röstige Kochzutat."	"GENERAL_LOCAL"	"Katalogpfad eigenständige Katalogwurzel. Warengruppe Kaffee, formrelevanter Prüfhinweis aus der vollständigen Definition: »gemahlene beziehungsweise ganze geröstete Kaffeebohnen als bitter-röstige Kochzutat«. Regelweg in Bornheim über die gewöhnliche Bornheimer Auslage »Kaffeeregal«."	"EASY"	"Kaffee: Breiter allgemeiner Supermarkt- und Discounterstandard."	"OPTIONAL"	"AV2E-008"	"GENERAL_LOCAL"	"Kaffee: Breiter allgemeiner Supermarkt- und Discounterstandard."	"EASY"	"Kaffee: Breiter allgemeiner Supermarkt- und Discounterstandard."	"OPTIONAL"	"AV2E-008"	"REFERENCE_ANCHOR|REFERENCE_ANCHOR_V2|TOBIAS_ROSTOCK_PROFILE"	"RATING_APPROVED_NOTE_PROPOSED_REFERENCE_ANCHOR_V2"
"COGNAC"	"Cognac"	"APPLICABLE"	"Geschützter französischer Weinbrand aus Cognac mit charakteristisch gereiftem Aroma; nicht beliebiger Brandy oder Weinbrand."	"GENERAL_BROAD"	"Geografisch echter Cognac über allgemeinen Spirituosenversand; Conalco führt Landy Cognac XO No. 1 lagernd und kurzfristig deutschlandweit lieferbar."	"PLANNED"	"Cognac: Geografisch echter Cognac über allgemeinen Spirituosenversand; Conalco führt Landy Cognac XO No. 1 lagernd und kurzfristig deutschlandweit lieferbar."	"REQUIRED"	"AV2N-A-0051"	"GENERAL_BROAD"	"Geografisch echter Cognac im allgemeinen Spirituosenversand; Conalco listet Landy Cognac XO No. 1 lagernd und deutschlandweit lieferbar."	"PLANNED"	"Cognac: Geografisch echter Cognac im allgemeinen Spirituosenversand; Conalco listet Landy Cognac XO No. 1 lagernd und deutschlandweit lieferbar."	"REQUIRED"	"AV2N-A-0051"	"BORDERLINE_PLANNED|EVIDENCE_REQUIRED|RESEARCH_REQUIRED|TOBIAS_ROSTOCK_PROFILE"	"PROPOSED_FOR_HUMAN_REVIEW"
"COM_ME"	"Mẻ oder Cơm mẻ"	"APPLICABLE"	"Milchsauer fermentierte vietnamesische Reiswürze mit breiig-cremiger Konsistenz und ausgeprägter, komplexer Säure. Als Säuerungs- und Würzmittel gemeint; nicht Reisessig, Reiswein oder fermentierter süßer Reis."	"NO_REAL_ROUTE"	"Katalogpfad fermentierte Würzzutat → fertige Sauce oder Würzpaste → Reisprodukt → Sauce, Würzmittel oder Paste. Warengruppe Sauce oder Würzpaste, formrelevanter Prüfhinweis aus der vollständigen Definition: »nicht Reisessig, Reiswein oder fermentierter süßer Reis«. Der v2-Anker hält fest: Kein realistischer wiederholbarer deutscher oder sinnvoller EU-Endkundenweg für die exakte fermentierte Reiswürze."	"UNAVAILABLE"	"Mẻ oder Cơm mẻ: Kein realistischer wiederholbarer deutscher oder sinnvoller EU-Endkundenweg für die exakte fermentierte Reiswürze."	"REQUIRED"	"AV2E-093"	"NO_REAL_ROUTE"	"Mẻ oder Cơm mẻ: Kein realistischer wiederholbarer deutscher oder sinnvoller EU-Endkundenweg für die exakte fermentierte Reiswürze."	"UNAVAILABLE"	"Mẻ oder Cơm mẻ: Kein realistischer wiederholbarer deutscher oder sinnvoller EU-Endkundenweg für die exakte fermentierte Reiswürze."	"REQUIRED"	"AV2E-093"	"EVIDENCE_REQUIRED|FORM_OR_ROUTE_FRAGILE|NEGATIVE_ROUTE_SEARCH|REFERENCE_ANCHOR|REFERENCE_ANCHOR_V2|RESEARCH_REQUIRED|TOBIAS_ROSTOCK_PROFILE"	"RATING_APPROVED_NOTE_PROPOSED_REFERENCE_ANCHOR_V2"
"CONDENSED_MILK"	"gezuckerte Kondensmilch"	"APPLICABLE"	"Stark eingedickte und gezuckerte Kuhmilch mit sirupartiger Konsistenz; nicht ungesüßte Kondensmilch."	"GENERAL_LOCAL"	"Katalogpfad Milchprodukte → Süßungsmittel. Warengruppe Milchprodukt, formrelevanter Prüfhinweis aus der vollständigen Definition: »nicht ungesüßte Kondensmilch«. Regelweg in Bornheim über nahe Supermarktfilialen in Bornheim mit dem Bereich »Molkereikühlregal«."	"EASY"	"gezuckerte Kondensmilch: gewöhnlicher lokaler Bezugsweg über den Bereich »Molkereikühlregal«."	"OPTIONAL"	""	"GENERAL_LOCAL"	"Die Beschaffung von „gezuckerte Kondensmilch“ erfolgt in Rostock über die Molkereikühlung eines gewöhnlichen großen Rostocker Supermarkts."	"EASY"	"gezuckerte Kondensmilch: gewöhnlicher lokaler Bezugsweg über den Bereich »gezuckerte Kondensmilch«."	"OPTIONAL"	""	"TOBIAS_ROSTOCK_PROFILE"	"PROPOSED_FOR_HUMAN_REVIEW"
"CONFECTIONERY"	"Süßware"	"NOT_APPLICABLE_STRUCTURE"	""	""	""	""	""	""	""	""	""	""	""	""	""	""	"APPROVED_NOT_APPLICABLE"
"COOKED_HAM"	"Kochschinken"	"APPLICABLE"	"Gepökelter und gegarter Schinken mit saftiger Textur; nicht luftgetrockneter Rohschinken."	"GENERAL_LOCAL"	"Katalogpfad Schinken → gepökeltes oder luftgetrocknetes Fleisch → Schweinefleisch → Fleisch. Warengruppe Wurst oder Pökelfleisch, formrelevanter Prüfhinweis aus der vollständigen Definition: »nicht luftgetrockneter Rohschinken«. Regelweg in Bornheim über den Bereich »Wurstkühlung oder Bedientheke« eines gewöhnlichen Bornheimer Vollsortimenters."	"EASY"	"Kochschinken: gewöhnlicher lokaler Bezugsweg über den Bereich »Wurstkühlung oder Bedientheke«."	"OPTIONAL"	""	"GENERAL_LOCAL"	"Der konkrete Bezug von „Kochschinken“ läuft über die Fleischkühlung oder Bedientheke eines gewöhnlichen großen Rostocker Supermarkts."	"EASY"	"Kochschinken: gewöhnlicher lokaler Bezugsweg über den Bereich »Kochschinken«."	"OPTIONAL"	""	"TOBIAS_ROSTOCK_PROFILE"	"PROPOSED_FOR_HUMAN_REVIEW"
"COOKING_ALCOHOL"	"Kochalkohol"	"APPLICABLE"	"Offene Vorgabe für alkoholische Getränke, deren Aroma beim Kochen genutzt wird; Bier, Wein und Spirituosen sind mögliche Wege."	"GENERAL_LOCAL"	"Katalogpfad eigenständige Katalogwurzel. Warengruppe Kochalkohol, formrelevanter Prüfhinweis aus der vollständigen Definition: »Bier, Wein und Spirituosen sind mögliche Wege«. Regelweg in Bornheim über den regulären Bornheimer Regalweg »Getränke-, Wein- oder Spirituosenregal«."	"EASY"	"Kochalkohol: gewöhnlicher lokaler Bezugsweg über den Bereich »Getränke-, Wein- oder Spirituosenregal«."	"OPTIONAL"	""	"GENERAL_LOCAL"	"Für „Kochalkohol“ führt der Rostocker Marktweg über das Spirituosen- oder Weinregal eines gewöhnlichen großen Rostocker Supermarkts."	"EASY"	"Kochalkohol: Rostocker Bezugsweg über das Spirituosen- oder Weinregal eines gewöhnlichen großen Rostocker Supermarkts."	"OPTIONAL"	""	"TOBIAS_ROSTOCK_PROFILE"	"PROPOSED_FOR_HUMAN_REVIEW"
"COOKING_FATS"	"Kochfett"	"APPLICABLE"	"Offene Vorgabe für zum Braten, Garen oder Verfeinern geeignete Fette und Öle; tierische und pflanzliche Formen sind umfasst."	"GENERAL_LOCAL"	"Katalogpfad eigenständige Katalogwurzel. Warengruppe Speiseöl oder Kochfett, formrelevanter Prüfhinweis aus der vollständigen Definition: »tierische und pflanzliche Formen sind umfasst«. Regelweg in Bornheim über ortsübliche Vollsortimenter rund um Bornheim, konkret im Bereich »Öl- und Kochfettregal«."	"EASY"	"Kochfett: gewöhnlicher lokaler Bezugsweg über den Bereich »Öl- und Kochfettregal«."	"OPTIONAL"	""	"GENERAL_LOCAL"	"Tobias prüft „Kochfett“ in Rostock über das Öl- oder Kochfettregal eines gewöhnlichen großen Rostocker Supermarkts."	"EASY"	"Kochfett: Rostocker Bezugsweg über das Öl- oder Kochfettregal eines gewöhnlichen großen Rostocker Supermarkts."	"OPTIONAL"	""	"TOBIAS_ROSTOCK_PROFILE"	"PROPOSED_FOR_HUMAN_REVIEW"
"CORIANDER_ROOT"	"Korianderwurzel"	"APPLICABLE"	"Wurzelansatz des Korianders mit konzentriert erdig-pfeffrigem Aroma, besonders für Würzpasten und Marinaden. Gemeint sind frische oder tiefgekühlte Wurzeln, nicht Koriandergrün oder -saat."	"NICHE_IMPORT"	"Katalogpfad Gewürz oder trockenes Würzmittel. Warengruppe Gewürz, formrelevanter Prüfhinweis aus der vollständigen Definition: »Gemeint sind frische oder tiefgekühlte Wurzeln, nicht Koriandergrün oder -saat«. Der v2-Anker hält den Engpass fest: Exakte frische Wurzel nur bei wenigen Frischeimporteuren Koriandergrün mit Wurzelrest ist kein sicherer Ersatz."	"DIFFICULT"	"Korianderwurzel: Exakte frische Wurzel nur bei wenigen Frischeimporteuren; Koriandergrün mit Wurzelrest ist kein sicherer Ersatz."	"REQUIRED"	"AV2E-078"	"NICHE_IMPORT"	"Korianderwurzel: Exakte frische Wurzel nur bei wenigen Frischeimporteuren; Koriandergrün mit Wurzelrest ist kein sicherer Ersatz."	"DIFFICULT"	"Korianderwurzel: Exakte frische Wurzel nur bei wenigen Frischeimporteuren; Koriandergrün mit Wurzelrest ist kein sicherer Ersatz."	"REQUIRED"	"AV2E-078"	"EVIDENCE_REQUIRED|FORM_OR_LOGISTICS_RISK|FORM_OR_ROUTE_FRAGILE|FORM_SENSITIVE|REFERENCE_ANCHOR|REFERENCE_ANCHOR_V2|RESEARCH_REQUIRED|TOBIAS_ROSTOCK_PROFILE"	"RATING_APPROVED_NOTE_PROPOSED_REFERENCE_ANCHOR_V2"
"CORIANDER_SEED"	"Koriandersaat"	"APPLICABLE"	"Getrocknete Korianderfrüchte mit warmem, zitrisch-nussigem Aroma; ganz oder gemahlen, nicht Koriandergrün."	"GENERAL_LOCAL"	"Katalogpfad Gewürz oder trockenes Würzmittel. Warengruppe Gewürz, formrelevanter Prüfhinweis aus der vollständigen Definition: »ganz oder gemahlen, nicht Koriandergrün«. Regelweg in Bornheim über den lokalen Supermarktbereich »Gewürz- und Trockenwürzregal« in Bornheim."	"EASY"	"Koriandersaat: Gewöhnliches Gewürzregal größerer wie auch vieler kleinerer Supermärkte."	"OPTIONAL"	"AV2E-009"	"GENERAL_LOCAL"	"Koriandersaat: Gewöhnliches Gewürzregal größerer wie auch vieler kleinerer Supermärkte."	"EASY"	"Koriandersaat: Gewöhnliches Gewürzregal größerer wie auch vieler kleinerer Supermärkte."	"OPTIONAL"	"AV2E-009"	"REFERENCE_ANCHOR|REFERENCE_ANCHOR_V2|TOBIAS_ROSTOCK_PROFILE"	"RATING_APPROVED_NOTE_PROPOSED_REFERENCE_ANCHOR_V2"
"CORN"	"Mais"	"APPLICABLE"	"Mais als Körnerprodukt, frisch, tiefgekühlt oder schlicht konserviert; Mehl, Stärke und Polenta sind getrennte Formen."	"GENERAL_LOCAL"	"Katalogpfad Getreide oder Pseudogetreide → stärkehaltige Zutat oder Sättigungsbeilage. Warengruppe Getreide- oder Stärkeware, formrelevanter Prüfhinweis aus der vollständigen Definition: »Mehl, Stärke und Polenta sind getrennte Formen«. Regelweg in Bornheim über nahe Supermarktfilialen in Bornheim mit dem Bereich »Reis-, Mehl-, Nudel- oder Trockenwarenregal«."	"EASY"	"Mais: gewöhnlicher lokaler Bezugsweg über den Bereich »Reis-, Mehl-, Nudel- oder Trockenwarenregal«."	"OPTIONAL"	""	"GENERAL_LOCAL"	"Für „Mais“ führt der Rostocker Marktweg über den Gemüse- oder Tiefkühlgemüsebereich eines gewöhnlichen großen Rostocker Supermarkts."	"EASY"	"Mais: Rostocker Bezugsweg über den Gemüse- oder Tiefkühlgemüsebereich eines gewöhnlichen großen Rostocker Supermarkts."	"OPTIONAL"	""	"FORM_SENSITIVE|TOBIAS_ROSTOCK_PROFILE"	"PROPOSED_FOR_HUMAN_REVIEW"
"CORNMEAL"	"Maismehl"	"APPLICABLE"	"Gemahlener Mais mit feiner bis grober Körnung; nicht reine Maisstärke und nicht zwingend vorgekochte Polenta."	"GENERAL_BROAD"	"Katalogpfad Mais → Getreide oder Pseudogetreide → stärkehaltige Zutat oder Sättigungsbeilage. Warengruppe Getreide- oder Stärkeware, formrelevanter Prüfhinweis aus der vollständigen Definition: »nicht reine Maisstärke und nicht zwingend vorgekochte Polenta«. Allgemein planbarer, aber nicht lokal garantierter Weg über eine geplante Fahrt zu einem großen Markt mit dem Sortiment »Reis-, Mehl-, Nudel- oder Trockenwarenregal«."	"PLANNED"	"Maismehl ist über eine geplante Fahrt zu einem großen Markt mit dem Sortiment »Reis-, Mehl-, Nudel- oder Trockenwarenregal« im allgemeinen deutschen Handel planbar, lokal aber kein verlässlicher Standardartikel."	"OPTIONAL"	""	"GENERAL_BROAD"	"Der konkrete Bezug von „Maismehl“ läuft über gut sortierte Vollsortimenter und etablierte deutsche Gemüse- oder Frischehändler."	"PLANNED"	"Maismehl: Der konkrete Bezug von „Maismehl“ läuft über gut sortierte Vollsortimenter und etablierte deutsche Gemüse- oder Frischehändler."	"OPTIONAL"	""	"TOBIAS_ROSTOCK_PROFILE"	"PROPOSED_FOR_HUMAN_REVIEW"
"CORNSTARCH"	"Maisstärke"	"APPLICABLE"	"Feine geschmacksneutrale Stärke aus Mais zum Binden und für Teige; nicht Maismehl."	"GENERAL_LOCAL"	"Katalogpfad Stärke oder Bindemittel → stärkehaltige Zutat oder Sättigungsbeilage. Warengruppe Getreide- oder Stärkeware, formrelevanter Prüfhinweis aus der vollständigen Definition: »Mais zum Binden und für Teige; nicht Maismehl«. Regelweg in Bornheim über die gewöhnliche Bornheimer Auslage »Reis-, Mehl-, Nudel- oder Trockenwarenregal«."	"EASY"	"Maisstärke: gewöhnlicher lokaler Bezugsweg über den Bereich »Reis-, Mehl-, Nudel- oder Trockenwarenregal«."	"OPTIONAL"	""	"GENERAL_LOCAL"	"Beim Einkauf von „Maisstärke“ nutzt Tobias das Getreide-, Mehl-, Reis- oder Teigwarenregal eines gewöhnlichen großen Rostocker Supermarkts."	"EASY"	"Maisstärke: gewöhnlicher lokaler Bezugsweg über den Bereich »Maisstärke«."	"OPTIONAL"	""	"TOBIAS_ROSTOCK_PROFILE"	"PROPOSED_FOR_HUMAN_REVIEW"
"COUSCOUS"	"Couscous"	"APPLICABLE"	"Kleine angefeuchtete und gerollte Hartweizengrießkörner; gemeint ist das trockene Grundprodukt, nicht das fertige Gericht."	"GENERAL_LOCAL"	"Katalogpfad Getreide oder Pseudogetreide → stärkehaltige Zutat oder Sättigungsbeilage. Warengruppe Getreide- oder Stärkeware, formrelevanter Prüfhinweis aus der vollständigen Definition: »gemeint ist das trockene Grundprodukt, nicht das fertige Gericht«. Regelweg in Bornheim über ortsübliche Vollsortimenter rund um Bornheim, konkret im Bereich »Reis-, Mehl-, Nudel- oder Trockenwarenregal«."	"EASY"	"Couscous: gewöhnlicher lokaler Bezugsweg über den Bereich »Reis-, Mehl-, Nudel- oder Trockenwarenregal«."	"OPTIONAL"	""	"GENERAL_LOCAL"	"Für „Couscous“ wird das Angebot über das Getreide-, Mehl-, Reis- oder Teigwarenregal eines gewöhnlichen großen Rostocker Supermarkts kontrolliert."	"EASY"	"Couscous: gewöhnlicher lokaler Bezugsweg über den Bereich »Couscous«."	"OPTIONAL"	""	"TOBIAS_ROSTOCK_PROFILE"	"PROPOSED_FOR_HUMAN_REVIEW"
"CRAB"	"Krabben oder Krebsfleisch"	"APPLICABLE"	"Essbares Fleisch von Krabben oder Krebsen; ganzes Tier, Scheren- oder ausgelöstes Fleisch sind möglich."	"GENERAL_BROAD"	"Deutsche See – Soft Shell Crabs belegt: Die verfügbare Produktseite dokumentiert ganze Soft-Shell-Krabben, roh nach der Häutung tiefgefroren und einzeln entnehmbar; damit ist eine zulässige ganze Krabbenform konkret bestellbar. Der Bezug erfolgt über Deutschland und Österreich; tiefgekühlte GO!-Express-Lieferung zum Wunschtermin; maßgeblich ist FROZEN_SHIPPING. Belegt ist eine ganze Mangrovenkrabbe mit weicher Schale, nicht jedes Krebsfleisch; große Packung und Tiefkühlzustellung erfordern Planung."	"PLANNED"	"Krabben oder Krebsfleisch: Die verfügbare Produktseite dokumentiert ganze Soft-Shell-Krabben, roh nach der Häutung tiefgefroren und einzeln entnehmbar; damit ist eine zulässige ganze Krabbenform konkret bestellbar."	"REQUIRED"	"AV2N-A-0052"	"GENERAL_BROAD"	"Deutsche See – Soft Shell Crabs belegt: Die verfügbare Produktseite dokumentiert ganze Soft-Shell-Krabben, roh nach der Häutung tiefgefroren und einzeln entnehmbar; damit ist eine zulässige ganze Krabbenform konkret bestellbar. Der Bezug erfolgt über Deutschland und Österreich; tiefgekühlte GO!-Express-Lieferung zum Wunschtermin; maßgeblich ist FROZEN_SHIPPING. Belegt ist eine ganze Mangrovenkrabbe mit weicher Schale, nicht jedes Krebsfleisch; große Packung und Tiefkühlzustellung erfordern Planung."	"PLANNED"	"Krabben oder Krebsfleisch: Die verfügbare Produktseite dokumentiert ganze Soft-Shell-Krabben, roh nach der Häutung tiefgefroren und einzeln entnehmbar; damit ist eine zulässige ganze Krabbenform konkret bestellbar."	"REQUIRED"	"AV2N-A-0052"	"BORDERLINE_PLANNED|EVIDENCE_REQUIRED|RESEARCH_REQUIRED|TOBIAS_ROSTOCK_PROFILE"	"PROPOSED_FOR_HUMAN_REVIEW"
"CRANBERRY"	"Cranberry"	"APPLICABLE"	"Herb-saure Cranberry; frisch, ungesüßt tiefgekühlt oder getrocknet verwendbar, wobei Trockenware oft gesüßt ist."	"GENERAL_LOCAL"	"Katalogpfad Beeren → Obst. Warengruppe Obst, formrelevanter Prüfhinweis aus der vollständigen Definition: »frisch, ungesüßt tiefgekühlt oder getrocknet verwendbar, wobei Trockenware oft gesüßt ist«. Regelweg in Bornheim über die gewöhnliche Bornheimer Auslage »Obst- und Gemüseabteilung«."	"EASY"	"Cranberry: gewöhnlicher lokaler Bezugsweg über den Bereich »Obst- und Gemüseabteilung«."	"OPTIONAL"	""	"GENERAL_LOCAL"	"Der konkrete Bezug von „Cranberry“ läuft über den Obst- oder Tiefkühlobstbereich eines gewöhnlichen großen Rostocker Supermarkts."	"EASY"	"Cranberry: gewöhnlicher lokaler Bezugsweg über den Bereich »Cranberry«."	"OPTIONAL"	""	"FORM_SENSITIVE|TOBIAS_ROSTOCK_PROFILE"	"PROPOSED_FOR_HUMAN_REVIEW"
"CRAYFISH"	"Flusskrebse"	"APPLICABLE"	"Kleine Süßwasserkrebse mit festem, süßlichem Fleisch; ganz oder als ausgelöstes Schwanzfleisch verwendbar."	"GENERAL_BROAD"	"Deutsche See – Louisiana-Flusskrebse in Weißweinsud belegt: Deutsche See bietet ganze gekochte Louisiana-Flusskrebse in Weißweinsud aktuell verfügbar und tiefgekühlt an; die ganze zulässige Flusskrebsform bleibt erkennbar. Der Bezug erfolgt über Deutschland und Österreich; tiefgekühlte GO!-Express-Lieferung zum Wunschtermin; maßgeblich ist FROZEN_SHIPPING. Die positive Route betrifft die gegarte und gewürzte Form im Sud, nicht rohes Schwanzfleisch; Tiefkühltermin und Packung sind einzuplanen."	"PLANNED"	"Flusskrebse: Deutsche See bietet ganze gekochte Louisiana-Flusskrebse in Weißweinsud aktuell verfügbar und tiefgekühlt an; die ganze zulässige Flusskrebsform bleibt erkennbar."	"REQUIRED"	"AV2N-A-0053"	"GENERAL_BROAD"	"Deutsche See – Louisiana-Flusskrebse in Weißweinsud belegt: Deutsche See bietet ganze gekochte Louisiana-Flusskrebse in Weißweinsud aktuell verfügbar und tiefgekühlt an; die ganze zulässige Flusskrebsform bleibt erkennbar. Der Bezug erfolgt über Deutschland und Österreich; tiefgekühlte GO!-Express-Lieferung zum Wunschtermin; maßgeblich ist FROZEN_SHIPPING. Die positive Route betrifft die gegarte und gewürzte Form im Sud, nicht rohes Schwanzfleisch; Tiefkühltermin und Packung sind einzuplanen."	"PLANNED"	"Flusskrebse: Deutsche See bietet ganze gekochte Louisiana-Flusskrebse in Weißweinsud aktuell verfügbar und tiefgekühlt an; die ganze zulässige Flusskrebsform bleibt erkennbar."	"REQUIRED"	"AV2N-A-0053"	"BORDERLINE_PLANNED|EVIDENCE_REQUIRED|RESEARCH_REQUIRED|TOBIAS_ROSTOCK_PROFILE"	"PROPOSED_FOR_HUMAN_REVIEW"
"CREAM"	"Sahne"	"APPLICABLE"	"Flüssiger Milchrahm zum Kochen oder Schlagen; Fettstufe bleibt offen, gesäuerte Produkte sind getrennt."	"GENERAL_LOCAL"	"Katalogpfad frisches Milchprodukt → Milchprodukte. Warengruppe Milchprodukt, formrelevanter Prüfhinweis aus der vollständigen Definition: »Fettstufe bleibt offen, gesäuerte Produkte sind getrennt«. Regelweg in Bornheim über den Bereich »Molkereikühlregal« eines gewöhnlichen Bornheimer Vollsortimenters."	"EASY"	"Sahne: gewöhnlicher lokaler Bezugsweg über den Bereich »Molkereikühlregal«."	"OPTIONAL"	""	"GENERAL_LOCAL"	"Beim Einkauf von „Sahne“ nutzt Tobias die Molkereikühlung eines gewöhnlichen großen Rostocker Supermarkts."	"EASY"	"Sahne: gewöhnlicher lokaler Bezugsweg über den Bereich »Sahne«."	"OPTIONAL"	""	"TOBIAS_ROSTOCK_PROFILE"	"PROPOSED_FOR_HUMAN_REVIEW"
"CREAM_CHEESE"	"Frischkäse"	"APPLICABLE"	"Ungereifter streichfähiger Frischkäse mit mild-säuerlichem Geschmack; natur oder neutral gewürzt verwendbar."	"GENERAL_LOCAL"	"Katalogpfad Käse → frisches Milchprodukt → gesäuertes Milchprodukt → Milchprodukte. Warengruppe Käse, formrelevanter Prüfhinweis aus der vollständigen Definition: »natur oder neutral gewürzt verwendbar«. Regelweg in Bornheim über nahe Supermarktfilialen in Bornheim mit dem Bereich »Käsekühlung oder Käsetheke«."	"EASY"	"Frischkäse: gewöhnlicher lokaler Bezugsweg über den Bereich »Käsekühlung oder Käsetheke«."	"OPTIONAL"	""	"GENERAL_LOCAL"	"Für „Frischkäse“ wird das Angebot über die Käsekühlung oder Käsetheke eines gewöhnlichen großen Rostocker Supermarkts kontrolliert."	"EASY"	"Frischkäse: gewöhnlicher lokaler Bezugsweg über den Bereich »Frischkäse«."	"OPTIONAL"	""	"FORM_SENSITIVE|TOBIAS_ROSTOCK_PROFILE"	"PROPOSED_FOR_HUMAN_REVIEW"
"CREME_FRAICHE"	"Crème fraîche"	"APPLICABLE"	"Fettreicher gesäuerter Rahm mit cremiger Konsistenz und guter Kochstabilität; nicht saure Sahne."	"GENERAL_LOCAL"	"Katalogpfad gesäuertes Milchprodukt → Milchprodukte. Warengruppe Milchprodukt, formrelevanter Prüfhinweis aus der vollständigen Definition: »nicht saure Sahne«. Regelweg in Bornheim über das örtliche Sortiment »Molkereikühlregal« beim Wocheneinkauf in Bornheim."	"EASY"	"Crème fraîche: gewöhnlicher lokaler Bezugsweg über den Bereich »Molkereikühlregal«."	"OPTIONAL"	""	"GENERAL_LOCAL"	"Für „Crème fraîche“ wird das Angebot über die Molkereikühlung eines gewöhnlichen großen Rostocker Supermarkts kontrolliert."	"EASY"	"Crème fraîche: gewöhnlicher lokaler Bezugsweg über den Bereich »Crème fraîche«."	"OPTIONAL"	""	"TOBIAS_ROSTOCK_PROFILE"	"PROPOSED_FOR_HUMAN_REVIEW"
"CRISPBREAD"	"Knäckebrot"	"APPLICABLE"	"Trockenes, knuspriges Dauerbrot mit dünner oder luftiger Struktur; Getreidemischung bleibt offen."	"GENERAL_LOCAL"	"Katalogpfad Brot oder Fladenbrot → Backware → stärkehaltige Zutat oder Sättigungsbeilage. Warengruppe Getreide- oder Stärkeware, formrelevanter Prüfhinweis aus der vollständigen Definition: »Getreidemischung bleibt offen«. Regelweg in Bornheim über die gewöhnliche Bornheimer Auslage »Reis-, Mehl-, Nudel- oder Trockenwarenregal«."	"EASY"	"Knäckebrot: gewöhnlicher lokaler Bezugsweg über den Bereich »Reis-, Mehl-, Nudel- oder Trockenwarenregal«."	"OPTIONAL"	""	"GENERAL_LOCAL"	"Tobias sucht „Knäckebrot“ in Rostock über das Back-, Süßwaren- oder Brotregal eines gewöhnlichen großen Rostocker Supermarkts gesucht."	"EASY"	"Knäckebrot: gewöhnlicher lokaler Bezugsweg über den Bereich »Knäckebrot«."	"OPTIONAL"	""	"TOBIAS_ROSTOCK_PROFILE"	"PROPOSED_FOR_HUMAN_REVIEW"
"CROISSANT"	"Croissant"	"APPLICABLE"	"Ungefüllte klassische Croissant-Viennoiserie mit blättriger, fettreicher Teigstruktur; nicht Pain au chocolat, gefülltes Croissant oder beliebiges Hörnchen."	"GENERAL_LOCAL"	"Katalogpfad Backware. Warengruppe Back- oder Brotwaren, formrelevanter Prüfhinweis aus der vollständigen Definition: »nicht Pain au chocolat, gefülltes Croissant oder beliebiges Hörnchen«. Regelweg in Bornheim über den regulären Bornheimer Regalweg »Brot-, Backwaren- oder Backzutatenbereich«."	"EASY"	"Croissant: gewöhnlicher lokaler Bezugsweg über den Bereich »Brot-, Backwaren- oder Backzutatenbereich«."	"OPTIONAL"	""	"GENERAL_LOCAL"	"Die Rostocker Warenprüfung für „Croissant“ erfolgt über das Back-, Süßwaren- oder Brotregal eines gewöhnlichen großen Rostocker Supermarkts."	"EASY"	"Croissant: gewöhnlicher lokaler Bezugsweg über den Bereich »Croissant«."	"OPTIONAL"	""	"TOBIAS_ROSTOCK_PROFILE"	"PROPOSED_FOR_HUMAN_REVIEW"
"CRUSTACEANS"	"Krustentiere"	"APPLICABLE"	"Offene Vorgabe für Krebstiere wie Garnelen, Krabben, Hummer oder Flusskrebse; nicht Muscheln oder Tintenfische."	"GENERAL_LOCAL"	"Katalogpfad wirbellose Tiere → Schalen- und Krustentiere → Fisch und Meeresfrüchte. Warengruppe Fisch oder Meeresfrucht, formrelevanter Prüfhinweis aus der vollständigen Definition: »nicht Muscheln oder Tintenfische«. Regelweg in Bornheim über die regulären lokalen Sortimente REWE ja! – Eismeergarnelen 100 g sowie EDEKA – Eismeer-Garnelen 225 g."	"EASY"	"Krustentiere: gewöhnlicher lokaler Bezugsweg über die regulären lokalen Sortimente REWE ja! – Eismeergarnelen 100 g sowie EDEKA – Eismeer-Garnelen 225 g."	"REQUIRED"	"AV2N-QA-0013|AV2N-QA-0014"	"GENERAL_LOCAL"	"REWE – Costa Garnelen Natur 215 g belegt: REWE führt mit Costa Garnelen Natur eine klar bezeichnete tiefgekühlte Krebstierware im gewöhnlichen Sortiment; mehrere reguläre Rostocker REWE-Filialen bilden den lokalen Prüfweg für Tobias. Der Bezug erfolgt über Rostocker REWE-Filiale nach Standortwahl; kein filialübergreifend zugesicherter Bestand; maßgeblich ist STANDARD_LOCAL. Preis und Bestand erscheinen erst nach Standortwahl; kein heute garantierter Bestand in einer bestimmten Rostocker Filiale."	"EASY"	"Krustentiere: REWE führt mit Costa Garnelen Natur eine klar bezeichnete tiefgekühlte Krebstierware im gewöhnlichen Sortiment; mehrere reguläre Rostocker REWE-Filialen bilden den lokalen Prüfweg für Tobias."	"OPTIONAL"	"AV2N-A-0054"	"BORDERLINE_PLANNED|EVIDENCE_REQUIRED|RATING_RECONCILED_V2|TOBIAS_ROSTOCK_PROFILE"	"PROPOSED_FOR_HUMAN_REVIEW"
"CUCUMBER"	"Gurke"	"APPLICABLE"	"Frische Salatgurke mit hohem Wassergehalt und knackiger Textur; Einlege- und fermentierte Gurken sind getrennt."	"GENERAL_LOCAL"	"Katalogpfad Fruchtgemüse → Gemüse. Warengruppe Gemüse oder Pilz, formrelevanter Prüfhinweis aus der vollständigen Definition: »Einlege- und fermentierte Gurken sind getrennt«. Regelweg in Bornheim über ortsübliche Vollsortimenter rund um Bornheim, konkret im Bereich »Obst- und Gemüseabteilung«."	"EASY"	"Gurke: gewöhnlicher lokaler Bezugsweg über den Bereich »Obst- und Gemüseabteilung«."	"OPTIONAL"	""	"GENERAL_LOCAL"	"Die Rostocker Warenprüfung für „Gurke“ erfolgt über die Gemüseabteilung eines gewöhnlichen großen Rostocker Supermarkts."	"EASY"	"Gurke: gewöhnlicher lokaler Bezugsweg über den Bereich »Gurke«."	"OPTIONAL"	""	"FORM_SENSITIVE|TOBIAS_ROSTOCK_PROFILE"	"PROPOSED_FOR_HUMAN_REVIEW"
"CULANTRO"	"Culantro oder Sägeblattkoriander"	"APPLICABLE"	"Langblättriges Würzkraut mit gezähntem Rand und kräftigem korianderähnlichem Aroma; roh oder in Suppen und Eintöpfen verwendbar. Botanisch und kulinarisch nicht mit Koriandergrün gleichsetzen."	"NICHE_IMPORT"	"Katalogpfad Kräuter und Würzblätter. Warengruppe frisches Würzkraut, formrelevanter Prüfhinweis aus der vollständigen Definition: »Botanisch und kulinarisch nicht mit Koriandergrün gleichsetzen«. Die Prüfungen bei AsianBrand – Frischgemüse sowie Asia Moin – Obst und Gemüse ergaben keinen aktuellen Exakttreffer; Frischeversand und die enge Produktform begrenzen den Markt."	"DIFFICULT"	"Frische Culantro-Blätter sind in den geprüften Asia-Frischesortimenten nicht formgenau belegt; Koriandergrün und Saatgut sind kein Ersatz."	"REQUIRED"	"AV2N-A-0055|AV2N-A-0056"	"NICHE_IMPORT"	"Tobias prüft „Culantro oder Sägeblattkoriander“ in Rostock über AsianBrand – Frischgemüse, wobei die Evidenz keinen aktuellen formgenauen Treffer und Frischeversand ausweist."	"DIFFICULT"	"Frische Culantro-Blätter sind in den geprüften Asia-Frischesortimenten nicht formgenau belegt; Koriandergrün und Saatgut sind kein Ersatz."	"REQUIRED"	"AV2N-A-0057"	"EVIDENCE_REQUIRED|FORM_OR_LOGISTICS_RISK|RATING_RECONCILED_V2|RESEARCH_REQUIRED|TOBIAS_ROSTOCK_PROFILE"	"PROPOSED_FOR_HUMAN_REVIEW"
"CULTURED_DAIRY"	"gesäuertes Milchprodukt"	"APPLICABLE"	"Offene Vorgabe für durch Milchsäurekulturen gesäuerte Milchprodukte; Fettgehalt und Konsistenz bleiben wählbar."	"GENERAL_LOCAL"	"Katalogpfad Milchprodukte. Warengruppe Milchprodukt, formrelevanter Prüfhinweis aus der vollständigen Definition: »Fettgehalt und Konsistenz bleiben wählbar«. Regelweg in Bornheim über den regulären Bornheimer Regalweg »Molkereikühlregal«."	"EASY"	"gesäuertes Milchprodukt: gewöhnlicher lokaler Bezugsweg über den Bereich »Molkereikühlregal«."	"OPTIONAL"	""	"GENERAL_LOCAL"	"Der konkrete Bezug von „gesäuertes Milchprodukt“ läuft über die Molkereikühlung eines gewöhnlichen großen Rostocker Supermarkts."	"EASY"	"gesäuertes Milchprodukt: gewöhnlicher lokaler Bezugsweg über den Bereich »gesäuertes Milchprodukt«."	"OPTIONAL"	""	"TOBIAS_ROSTOCK_PROFILE"	"PROPOSED_FOR_HUMAN_REVIEW"
"CUMIN"	"Kreuzkümmel"	"APPLICABLE"	"Kreuzkümmelsamen mit warm-erdigem, intensiv würzigem Aroma; nicht echter Kümmel."	"GENERAL_LOCAL"	"Katalogpfad Gewürz oder trockenes Würzmittel. Warengruppe Gewürz, formrelevanter Prüfhinweis aus der vollständigen Definition: »nicht echter Kümmel«. Regelweg in Bornheim über den lokalen Supermarktbereich »Gewürz- und Trockenwürzregal« in Bornheim."	"EASY"	"Kreuzkümmel: gewöhnlicher lokaler Bezugsweg über den Bereich »Gewürz- und Trockenwürzregal«."	"OPTIONAL"	""	"GENERAL_LOCAL"	"Für „Kreuzkümmel“ führt der Rostocker Marktweg über das Gewürz- oder Backregal eines gewöhnlichen großen Rostocker Supermarkts."	"EASY"	"Kreuzkümmel: Rostocker Bezugsweg über das Gewürz- oder Backregal eines gewöhnlichen großen Rostocker Supermarkts."	"OPTIONAL"	""	"TOBIAS_ROSTOCK_PROFILE"	"PROPOSED_FOR_HUMAN_REVIEW"
"CURED_MEAT"	"gepökeltes oder luftgetrocknetes Fleisch"	"APPLICABLE"	"Offene Familie gepökelter, getrockneter oder vergleichbar gereifter Fleischprodukte; Tierart und Produktform bleiben offen."	"GENERAL_LOCAL"	"Katalogpfad Fleisch. Warengruppe Wurst oder Pökelfleisch, formrelevanter Prüfhinweis aus der vollständigen Definition: »Tierart und Produktform bleiben offen«. Regelweg in Bornheim über ortsübliche Vollsortimenter rund um Bornheim, konkret im Bereich »Wurstkühlung oder Bedientheke«."	"EASY"	"gepökeltes oder luftgetrocknetes Fleisch: gewöhnlicher lokaler Bezugsweg über den Bereich »Wurstkühlung oder Bedientheke«."	"OPTIONAL"	""	"GENERAL_LOCAL"	"Tobias sucht „gepökeltes oder luftgetrocknetes Fleisch“ in Rostock über die Fleischkühlung oder Bedientheke eines gewöhnlichen großen Rostocker Supermarkts gesucht."	"EASY"	"gepökeltes oder luftgetrocknetes Fleisch: gewöhnlicher lokaler Bezugsweg über den Bereich »gepökeltes oder luftgetrocknetes Fleisch«."	"OPTIONAL"	""	"RATING_RECONCILED_V2|TOBIAS_ROSTOCK_PROFILE"	"PROPOSED_FOR_HUMAN_REVIEW"
"CURRY_LEAVES"	"Curryblätter"	"APPLICABLE"	"Aromatische Blätter des Currybaums mit zitrisch-röstigem Aroma; frisch oder tiefgekühlt bevorzugt, nicht Currypulver."	"SPECIALTY_BROAD"	"Katalogpfad Kräuter und Würzblätter. Warengruppe frisches Würzkraut, formrelevanter Prüfhinweis aus der vollständigen Definition: »frisch oder tiefgekühlt bevorzugt, nicht Currypulver«. Breiter einschlägiger Spezialmarkt über den freigegebenen v2-Anker mit dem Kerngrund »Im großen indisch-asiatischen Spezialmarkt grundsätzlich etabliert«."	"SPECIALTY"	"Curryblätter: Im großen indisch-asiatischen Spezialmarkt grundsätzlich etabliert; für Tobias bleibt die exakte frische/TK-Form wegen kleinerer lokaler Auswahl und Frischelogistik schwierig."	"REQUIRED"	"AV2E-041"	"NICHE_IMPORT"	"Curryblätter: Im großen indisch-asiatischen Spezialmarkt grundsätzlich etabliert; für Tobias bleibt die exakte frische/TK-Form wegen kleinerer lokaler Auswahl und Frischelogistik schwierig."	"DIFFICULT"	"Curryblätter: Im großen indisch-asiatischen Spezialmarkt grundsätzlich etabliert; für Tobias bleibt die exakte frische/TK-Form wegen kleinerer lokaler Auswahl und Frischelogistik schwierig."	"REQUIRED"	"AV2E-042"	"EVIDENCE_REQUIRED|FORM_OR_LOGISTICS_RISK|FORM_SENSITIVE|PERSON_DIFFERENCE|REFERENCE_ANCHOR|REFERENCE_ANCHOR_V2|RESEARCH_REQUIRED|TOBIAS_ROSTOCK_PROFILE"	"RATING_APPROVED_NOTE_PROPOSED_REFERENCE_ANCHOR_V2"
"CURRY_POWDER"	"Currypulver"	"APPLICABLE"	"Zusammengesetzte Gewürzmischung nach Currypulver-Art; Zusammensetzung, Farbe und Schärfe können variieren."	"GENERAL_LOCAL"	"Katalogpfad Gewürzmischung → Gewürz oder trockenes Würzmittel. Warengruppe Gewürz, formrelevanter Prüfhinweis aus der vollständigen Definition: »Zusammensetzung, Farbe und Schärfe können variieren«. Regelweg in Bornheim über ortsübliche Vollsortimenter rund um Bornheim, konkret im Bereich »Gewürz- und Trockenwürzregal«."	"EASY"	"Currypulver: gewöhnlicher lokaler Bezugsweg über den Bereich »Gewürz- und Trockenwürzregal«."	"OPTIONAL"	""	"GENERAL_LOCAL"	"Die Beschaffung von „Currypulver“ erfolgt in Rostock über das Gewürz- oder Backregal eines gewöhnlichen großen Rostocker Supermarkts."	"EASY"	"Currypulver: gewöhnlicher lokaler Bezugsweg über den Bereich »Currypulver«."	"OPTIONAL"	""	"TOBIAS_ROSTOCK_PROFILE"	"PROPOSED_FOR_HUMAN_REVIEW"
"CUTTLEFISH"	"Sepia"	"APPLICABLE"	"Sepia beziehungsweise echter Tintenfisch mit festem Fleisch und essbarer Tinte; nicht Kalmar oder Oktopus."	"GENERAL_BROAD"	"Send a Fish – Mini Sepia Tintenfisch M belegt: Send a Fish bietet ganze gereinigte rohe Mini-Sepia (Sepia pharaonis) im Warenkorb mit Lieferdatum an und verschickt sie bei minus 20 Grad Celsius mit Trockeneis. Der Bezug erfolgt über Deutschland, Österreich und Niederlande; GO!-Express über Nacht zum Wunschtermin; maßgeblich ist FROZEN_SHIPPING. Die Ware ist glasiert und leicht vorgesalzen; sie belegt echte Sepia, nicht Kalmar oder Oktopus, und verlangt durchgehende Tiefkühlung."	"PLANNED"	"Sepia: Send a Fish bietet ganze gereinigte rohe Mini-Sepia (Sepia pharaonis) im Warenkorb mit Lieferdatum an und verschickt sie bei minus 20 Grad Celsius mit Trockeneis."	"REQUIRED"	"AV2N-A-0058"	"GENERAL_BROAD"	"Send a Fish – Mini Sepia Tintenfisch M belegt: Send a Fish bietet ganze gereinigte rohe Mini-Sepia (Sepia pharaonis) im Warenkorb mit Lieferdatum an und verschickt sie bei minus 20 Grad Celsius mit Trockeneis. Der Bezug erfolgt über Deutschland, Österreich und Niederlande; GO!-Express über Nacht zum Wunschtermin; maßgeblich ist FROZEN_SHIPPING. Die Ware ist glasiert und leicht vorgesalzen; sie belegt echte Sepia, nicht Kalmar oder Oktopus, und verlangt durchgehende Tiefkühlung."	"PLANNED"	"Sepia: Send a Fish bietet ganze gereinigte rohe Mini-Sepia (Sepia pharaonis) im Warenkorb mit Lieferdatum an und verschickt sie bei minus 20 Grad Celsius mit Trockeneis."	"OPTIONAL"	"AV2N-A-0058"	"BORDERLINE_PLANNED|EVIDENCE_REQUIRED|RATING_RECONCILED_V2|TOBIAS_ROSTOCK_PROFILE"	"PROPOSED_FOR_HUMAN_REVIEW"
"DAIKON"	"Daikon"	"APPLICABLE"	"Großer milder weißer Rettich ostasiatischer Sorten; roh, gegart oder eingelegt verwendbar."	"GENERAL_BROAD"	"Katalogpfad Rettich → Wurzel- und Knollengemüse → Gemüse. Warengruppe Gemüse oder Pilz, formrelevanter Prüfhinweis aus der vollständigen Definition: »roh, gegart oder eingelegt verwendbar«. Allgemein planbarer, aber nicht lokal garantierter Weg über eine gezielte Filial- oder Bestellprüfung für Gemüse oder Pilz im allgemeinen deutschen Handel."	"PLANNED"	"Daikon ist über eine gezielte Filial- oder Bestellprüfung für Gemüse oder Pilz im allgemeinen deutschen Handel planbar, lokal aber kein verlässlicher Standardartikel."	"OPTIONAL"	""	"GENERAL_BROAD"	"Für „Daikon“ führt der Rostocker Marktweg über gut sortierte Vollsortimenter und etablierte deutsche Händler für haltbare Gemüseformen."	"PLANNED"	"Daikon: Rostocker Bezugsweg über gut sortierte Vollsortimenter und etablierte deutsche Händler für haltbare Gemüseformen."	"OPTIONAL"	""	"TOBIAS_ROSTOCK_PROFILE"	"PROPOSED_FOR_HUMAN_REVIEW"
"DAING"	"Daing"	"APPLICABLE"	"Philippinische Familie getrockneter Fische in typischerweise aufgeschnittener beziehungsweise butterfly-artiger Form; Fischart und Salzgrad können variieren. Kein Synonym für eine bestimmte Fischart."	"NICHE_IMPORT"	"Katalogpfad getrockneter Fisch → konservierter Fisch → Fisch → Fisch und Meeresfrüchte. Warengruppe konservierter Fisch, formrelevanter Prüfhinweis aus der vollständigen Definition: »Kein Synonym für eine bestimmte Fischart«. Nur der schmale Händlerweg über Filipino Asian Store – Tuyo dried salted herring ist positiv belegt; Standardversand begrenzt Form, Bestand oder Logistik."	"DIFFICULT"	"Daing: Nur der schmale Händlerweg über Filipino Asian Store – Tuyo dried salted herring ist positiv belegt; Standardversand begrenzt Form, Bestand oder Logistik."	"REQUIRED"	"AV2N-A-0059"	"NICHE_IMPORT"	"Tobias prüft „Daing“ in Rostock über Filipino Asian Store – Tuyo dried salted herring, wobei die Evidenz beim Abruf verfügbaren Bestand und Standardversand ausweist."	"DIFFICULT"	"Daing: Rostocker Bezugsweg über Filipino Asian Store – Tuyo dried salted herring; dokumentiert sind beim Abruf verfügbaren Bestand und Standardversand."	"REQUIRED"	"AV2N-A-0059"	"EVIDENCE_REQUIRED|FORM_OR_LOGISTICS_RISK|FORM_OR_ROUTE_FRAGILE|RESEARCH_REQUIRED|TOBIAS_ROSTOCK_PROFILE"	"PROPOSED_FOR_HUMAN_REVIEW"
"DAIRY_PRODUCTS"	"Milchprodukte"	"NOT_APPLICABLE_STRUCTURE"	""	""	""	""	""	""	""	""	""	""	""	""	""	""	"APPROVED_NOT_APPLICABLE"
"DANABLU"	"Danablu"	"APPLICABLE"	"Dänischer, mit Blauschimmel gereifter Kuhmilchkäse mit geschützter geografischer Angabe; kräftig, pikant und deutlich salzig."	"GENERAL_BROAD"	"Castello Danablu ist im nationalen REWE-Katalog und bei einem unabhängigen deutschen Kühlversender gelistet; die exakte Käseform ist damit planbar, aber nicht lokaler Standard."	"PLANNED"	"Exakter Castello Danablu ist im REWE-Katalog und bei einem unabhängigen deutschen Kühlversender gelistet; der lokale Bestand muss geplant werden."	"REQUIRED"	"AV2N-A-0060|AV2N-P-0007"	"GENERAL_BROAD"	"Castello Danablu ist im nationalen REWE-Katalog und bei einem unabhängigen deutschen Kühlversender gelistet; die exakte Käseform ist damit planbar, aber nicht lokaler Standard."	"PLANNED"	"Exakter Castello Danablu ist im REWE-Katalog und bei einem unabhängigen deutschen Kühlversender gelistet; der lokale Bestand muss geplant werden."	"REQUIRED"	"AV2N-A-0060|AV2N-P-0007"	"EVIDENCE_REQUIRED|FORM_SENSITIVE|NARROW_IMPORT_ROUTE|NICHE_IMPORT|RATING_RECONCILED_V2|RESEARCH_REQUIRED|TOBIAS_ROSTOCK_PROFILE"	"PROPOSED_FOR_HUMAN_REVIEW"
"DANBO"	"Danbo"	"APPLICABLE"	"Dänischer halbfester Kuhmilchkäse mit geschützter geografischer Angabe; je nach Reifegrad mild bis kräftiger, typischerweise leicht säuerlich. Nicht als Gouda-Variante modellieren."	"GENERAL_BROAD"	"HIT – Danbo mit Kümmel an der Käsetheke belegt formgenau: HIT listet echten dänischen Danbo mit Kümmel im regulären Hart- und Schnittkäsesortiment seiner allgemeinen Käsetheken. Für Georgia in Bornheim gilt: Allgemeines deutsches HIT-Markthallennetz; konkrete Theke in Bornheim oder Rostock vorab prüfen; Logistik STANDARD_LOCAL. Thekenbestand und konkrete Filiale bleiben variabel; Herstellerportfolio und parallele REWE-Listung stützen die Wiederholbarkeit."	"PLANNED"	"Danbo: HIT listet echten dänischen Danbo mit Kümmel im regulären Hart- und Schnittkäsesortiment seiner allgemeinen Käsetheken."	"REQUIRED"	"AV2N-A-0061|AV2N-P-0008"	"GENERAL_BROAD"	"HIT – Danbo mit Kümmel an der Käsetheke belegt formgenau: HIT listet echten dänischen Danbo mit Kümmel im regulären Hart- und Schnittkäsesortiment seiner allgemeinen Käsetheken. Für Tobias in Rostock gilt: Allgemeines deutsches HIT-Markthallennetz; konkrete Theke in Bornheim oder Rostock vorab prüfen; Logistik STANDARD_LOCAL. Thekenbestand und konkrete Filiale bleiben variabel; Herstellerportfolio und parallele REWE-Listung stützen die Wiederholbarkeit."	"PLANNED"	"Danbo: HIT listet echten dänischen Danbo mit Kümmel im regulären Hart- und Schnittkäsesortiment seiner allgemeinen Käsetheken."	"OPTIONAL"	"AV2N-A-0061|AV2N-P-0008"	"BORDERLINE_PLANNED|EVIDENCE_REQUIRED|TOBIAS_ROSTOCK_PROFILE"	"PROPOSED_FOR_HUMAN_REVIEW"
"DARK_CHOCOLATE"	"Zartbitterschokolade"	"APPLICABLE"	"Schokolade mit hohem Kakaoanteil und ohne prägende Milchkomponente; Kakaoanteil und Süße bleiben offen."	"GENERAL_LOCAL"	"Katalogpfad Schokolade → Kakao oder Schokolade → Süßware. Warengruppe Süßungs- oder Kakaoware, formrelevanter Prüfhinweis aus der vollständigen Definition: »Kakaoanteil und Süße bleiben offen«. Regelweg in Bornheim über den lokalen Supermarktbereich »Backzutaten-, Süßwaren- oder Kakaoregal« in Bornheim."	"EASY"	"Zartbitterschokolade: gewöhnlicher lokaler Bezugsweg über den Bereich »Backzutaten-, Süßwaren- oder Kakaoregal«."	"OPTIONAL"	""	"GENERAL_LOCAL"	"Tobias prüft „Zartbitterschokolade“ in Rostock über das Back-, Süßwaren- oder Brotregal eines gewöhnlichen großen Rostocker Supermarkts."	"EASY"	"Zartbitterschokolade: Rostocker Bezugsweg über das Back-, Süßwaren- oder Brotregal eines gewöhnlichen großen Rostocker Supermarkts."	"OPTIONAL"	""	"TOBIAS_ROSTOCK_PROFILE"	"PROPOSED_FOR_HUMAN_REVIEW"
"DARK_SOY_SAUCE"	"dunkle Sojasauce"	"APPLICABLE"	"Dunkle, häufig dickere und leicht süßliche Sojasauce vor allem für Farbe und Tiefe; nicht helle Sojasauce."	"SPECIALTY_BROAD"	"Katalogpfad Sojasauce → fermentierte Würzzutat → fertige Sauce oder Würzpaste → Sauce, Würzmittel oder Paste. Warengruppe Sauce oder Würzpaste, formrelevanter Prüfhinweis aus der vollständigen Definition: »nicht helle Sojasauce«. Breiter einschlägiger Spezialmarkt über die voneinander unabhängigen Händler AsiaFoodland – dunkle Sojasauce sowie REWE – Asia-Saucen."	"SPECIALTY"	"dunkle Sojasauce ist im einschlägigen Spezialmarkt breit etabliert; dokumentierte reguläre Wege sind die voneinander unabhängigen Händler AsiaFoodland – dunkle Sojasauce sowie REWE – Asia-Saucen."	"REQUIRED"	"AV2N-A-0062|AV2N-A-0063"	"SPECIALTY_BROAD"	"Dunkle Sojasauce ist über AsiaFoodland und das REWE-Asia-Sortiment im breiten Spezialmarkt belegt; konkrete Listungen bleiben vor dem Einkauf zu prüfen."	"SPECIALTY"	"Dunkle Sojasauce ist über AsiaFoodland und das REWE-Asia-Sortiment im breiten Spezialmarkt belegt; konkrete Listungen bleiben vor dem Einkauf zu prüfen."	"REQUIRED"	"AV2N-A-0062|AV2N-A-0063"	"EVIDENCE_REQUIRED|RESEARCH_REQUIRED|SPECIALTY_MARKET_BREADTH|TOBIAS_ROSTOCK_PROFILE"	"PROPOSED_FOR_HUMAN_REVIEW"
"DASHI"	"Dashi"	"APPLICABLE"	"Japanischer klarer Würzfond, typischerweise auf Kombu und/oder Bonitoflocken; Instant- und frisch angesetzte Varianten sind umfasst."	"SPECIALTY_BROAD"	"Katalogpfad Brühe oder Fond. Warengruppe Brühe oder Fond, formrelevanter Prüfhinweis aus der vollständigen Definition: »Instant- und frisch angesetzte Varianten sind umfasst«. Breiter einschlägiger Spezialmarkt über die voneinander unabhängigen Händler Asia4Friends – Gewürze sowie AsiaFoodland – japanische Lebensmittel."	"SPECIALTY"	"Dashi ist im einschlägigen Spezialmarkt breit etabliert; dokumentierte reguläre Wege sind die voneinander unabhängigen Händler Asia4Friends – Gewürze sowie AsiaFoodland – japanische Lebensmittel."	"REQUIRED"	"AV2N-A-0064|AV2N-A-0065"	"SPECIALTY_BROAD"	"Tobias prüft „Dashi“ in Rostock über Asia4Friends – Gewürze und AsiaFoodland – japanische Lebensmittel, wobei die Evidenz eine vor dem Einkauf erneut zu prüfende Verfügbarkeit und Standardversand ausweist."	"SPECIALTY"	"Dashi: Rostocker Bezugsweg über Asia4Friends – Gewürze und AsiaFoodland – japanische Lebensmittel; dokumentiert sind eine vor dem Einkauf erneut zu prüfende Verfügbarkeit und Standardversand."	"REQUIRED"	"AV2N-A-0064|AV2N-A-0065"	"EVIDENCE_REQUIRED|FORM_SENSITIVE|RESEARCH_REQUIRED|SPECIALTY_MARKET_BREADTH|TOBIAS_ROSTOCK_PROFILE"	"PROPOSED_FOR_HUMAN_REVIEW"
"DATE"	"Dattel"	"APPLICABLE"	"Dattel mit dichtem, karamellig-süßem Fruchtfleisch; frisch oder getrocknet verwendbar."	"GENERAL_LOCAL"	"Katalogpfad Obst. Warengruppe Obst, formrelevanter Prüfhinweis aus der vollständigen Definition: »frisch oder getrocknet verwendbar«. Regelweg in Bornheim über die gewöhnliche Bornheimer Auslage »Obst- und Gemüseabteilung«."	"EASY"	"Dattel: gewöhnlicher lokaler Bezugsweg über den Bereich »Obst- und Gemüseabteilung«."	"OPTIONAL"	""	"GENERAL_LOCAL"	"Der konkrete Bezug von „Dattel“ läuft über die Obstabteilung eines gewöhnlichen großen Rostocker Supermarkts."	"EASY"	"Dattel: gewöhnlicher lokaler Bezugsweg über den Bereich »Dattel«."	"OPTIONAL"	""	"FORM_SENSITIVE|TOBIAS_ROSTOCK_PROFILE"	"PROPOSED_FOR_HUMAN_REVIEW"
"DATE_SYRUP"	"Dattelsirup"	"APPLICABLE"	"Dunkler konzentrierter Sirup aus Datteln mit fruchtig-karamelligem Geschmack; nicht Melasse."	"GENERAL_BROAD"	"Katalogpfad Sirup → Süßungsmittel. Warengruppe Süßungs- oder Kakaoware, formrelevanter Prüfhinweis aus der vollständigen Definition: »konzentrierter Sirup aus Datteln mit fruchtig-karamelligem Geschmack; nicht Melasse«. Für Georgias Bornheim-Profil besteht ein planbarer Weg über nahe türkisch-arabische Lebensmittelmärkte; die regionale Nähe allein begründet keinen EASY-Wert."	"PLANNED"	"Dattelsirup: Georgia hat einen konkreten breiteren türkisch-/arabischen Fachmarktweg; Tobias benötigt eher den einschlägigen Spezialhandel. Keine Seite erhält EASY allein aus Demografie."	"REQUIRED"	"AV2E-026"	"SPECIALTY_BROAD"	"Dattelsirup: Georgia hat einen konkreten breiteren türkisch-/arabischen Fachmarktweg; Tobias benötigt eher den einschlägigen Spezialhandel. Keine Seite erhält EASY allein aus Demografie."	"SPECIALTY"	"Dattelsirup: Georgia hat einen konkreten breiteren türkisch-/arabischen Fachmarktweg; Tobias benötigt eher den einschlägigen Spezialhandel. Keine Seite erhält EASY allein aus Demografie."	"REQUIRED"	"AV2E-027"	"PERSON_DIFFERENCE|REFERENCE_ANCHOR|REFERENCE_ANCHOR_V2|RESEARCH_REQUIRED|SPECIALTY_MARKET_BREADTH|TOBIAS_ROSTOCK_PROFILE"	"RATING_APPROVED_NOTE_PROPOSED_REFERENCE_ANCHOR_V2"
"DIJON_MUSTARD"	"Dijon-Senf"	"APPLICABLE"	"Feiner bis glatter, deutlich scharfer Senf nach Dijon-Art; nicht körniger Senf und nicht zwingend AOP-Herkunft."	"GENERAL_LOCAL"	"Katalogpfad Senf → fertige Sauce oder Würzpaste → Sauce, Würzmittel oder Paste. Warengruppe Sauce oder Würzpaste, formrelevanter Prüfhinweis aus der vollständigen Definition: »nicht körniger Senf und nicht zwingend AOP-Herkunft«. Regelweg in Bornheim über nahe Supermarktfilialen in Bornheim mit dem Bereich »Saucen-, Würzpasten- und Feinkostregal«."	"EASY"	"Dijon-Senf: gewöhnlicher lokaler Bezugsweg über den Bereich »Saucen-, Würzpasten- und Feinkostregal«."	"OPTIONAL"	""	"GENERAL_LOCAL"	"Die Rostocker Warenprüfung für „Dijon-Senf“ erfolgt über das Saucen-, Essig- oder Feinkostregal eines gewöhnlichen großen Rostocker Supermarkts."	"EASY"	"Dijon-Senf: gewöhnlicher lokaler Bezugsweg über den Bereich »Dijon-Senf«."	"OPTIONAL"	""	"RATING_RECONCILED_V2|TOBIAS_ROSTOCK_PROFILE"	"PROPOSED_FOR_HUMAN_REVIEW"
"DILL"	"Dill"	"APPLICABLE"	"Frische Dillspitzen mit anisartig-grünem Aroma; Stiele können mitverwendet werden, Dillsaat ist nicht gemeint."	"GENERAL_LOCAL"	"Katalogpfad Kräuter und Würzblätter. Warengruppe frisches Würzkraut, formrelevanter Prüfhinweis aus der vollständigen Definition: »Stiele können mitverwendet werden, Dillsaat ist nicht gemeint«. Regelweg in Bornheim über das örtliche Sortiment »frische Kräuterabteilung« beim Wocheneinkauf in Bornheim."	"EASY"	"Dill: gewöhnlicher lokaler Bezugsweg über den Bereich »frische Kräuterabteilung«."	"OPTIONAL"	""	"GENERAL_LOCAL"	"Beim Einkauf von „Dill“ nutzt Tobias die Kräuterkühlung der Obst- und Gemüseabteilung eines gewöhnlichen großen Rostocker Supermarkts."	"EASY"	"Dill: gewöhnlicher lokaler Bezugsweg über den Bereich »Dill«."	"OPTIONAL"	""	"FORM_SENSITIVE|RATING_RECONCILED_V2|TOBIAS_ROSTOCK_PROFILE"	"PROPOSED_FOR_HUMAN_REVIEW"
"DOENJANG"	"Doenjang"	"APPLICABLE"	"Koreanische fermentierte Sojabohnenpaste mit kräftigem, salzig-erdigem Umami; nicht Miso oder Gochujang."	"SPECIALTY_BROAD"	"Katalogpfad fermentierte Würzzutat → fertige Sauce oder Würzpaste → Sauce, Würzmittel oder Paste. Warengruppe Sauce oder Würzpaste, formrelevanter Prüfhinweis aus der vollständigen Definition: »nicht Miso oder Gochujang«. Breiter einschlägiger Spezialmarkt über die voneinander unabhängigen Händler Asia4Friends – Saucen sowie AsiaFoodland – Saucen und Pasten."	"SPECIALTY"	"Doenjang ist im einschlägigen Spezialmarkt breit etabliert; dokumentierte reguläre Wege sind die voneinander unabhängigen Händler Asia4Friends – Saucen sowie AsiaFoodland – Saucen und Pasten."	"REQUIRED"	"AV2N-A-0066|AV2N-A-0067"	"SPECIALTY_BROAD"	"Für „Doenjang“ führt der Rostocker Marktweg über Asia4Friends – Saucen und AsiaFoodland – Saucen und Pasten, wobei die Evidenz eine vor dem Einkauf erneut zu prüfende Verfügbarkeit und Standardversand ausweist."	"SPECIALTY"	"Doenjang: Rostocker Bezugsweg über Asia4Friends – Saucen und AsiaFoodland – Saucen und Pasten; dokumentiert sind eine vor dem Einkauf erneut zu prüfende Verfügbarkeit und Standardversand."	"REQUIRED"	"AV2N-A-0066|AV2N-A-0067"	"EVIDENCE_REQUIRED|RESEARCH_REQUIRED|SPECIALTY_MARKET_BREADTH|TOBIAS_ROSTOCK_PROFILE"	"PROPOSED_FOR_HUMAN_REVIEW"
"DOUBANJIANG"	"Doubanjiang"	"APPLICABLE"	"Chinesische fermentierte Bohnen-Chili-Paste, häufig auf Saubohnenbasis; salzig, scharf und ausgeprägt umamireich."	"SPECIALTY_BROAD"	"Katalogpfad Chilisauce oder -paste → fermentierte Würzzutat → fertige Sauce oder Würzpaste → Sauce, Würzmittel oder Paste. Warengruppe Sauce oder Würzpaste, formrelevanter Prüfhinweis aus der vollständigen Definition: »salzig, scharf und ausgeprägt umamireich«. Breiter einschlägiger Spezialmarkt über den freigegebenen v2-Anker mit dem Kerngrund »Breit in chinesisch-asiatischen Spezialsortimenten geführt mehrere Marken und unabhängige Händler«."	"SPECIALTY"	"Doubanjiang: Breit in chinesisch-asiatischen Spezialsortimenten geführt; mehrere Marken und unabhängige Händler."	"REQUIRED"	"AV2E-059"	"SPECIALTY_BROAD"	"Doubanjiang: Breite chinesische Lebensmittel-Fachsortimente führen fermentierte Bohnen-Chili-Paste, häufig aus Saubohnen, in Gläsern oder Bechern; diese Marktbreite liegt außerhalb gewöhnlicher Rostocker Saucenregale."	"SPECIALTY"	"Doubanjiang: Breit in chinesisch-asiatischen Spezialsortimenten geführt; mehrere Marken und unabhängige Händler."	"REQUIRED"	"AV2E-059"	"EVIDENCE_REQUIRED|REFERENCE_ANCHOR|REFERENCE_ANCHOR_V2|RESEARCH_REQUIRED|SPECIALTY_MARKET_BREADTH|TOBIAS_ROSTOCK_PROFILE"	"RATING_APPROVED_NOTE_PROPOSED_REFERENCE_ANCHOR_V2"
"DRAGON_FRUIT"	"Drachenfrucht"	"APPLICABLE"	"Mild-süße Pitahaya mit saftigem, samenreichem Fruchtfleisch; rote und weiße Sorten sind umfasst."	"GENERAL_BROAD"	"Katalogpfad Tropenfrucht → Obst. Warengruppe Obst, formrelevanter Prüfhinweis aus der vollständigen Definition: »rote und weiße Sorten sind umfasst«. Allgemein planbarer, aber nicht lokal garantierter Weg über eine geplante Fahrt zu einem großen Markt mit dem Sortiment »Obst- und Gemüseabteilung«."	"PLANNED"	"Drachenfrucht ist über eine geplante Fahrt zu einem großen Markt mit dem Sortiment »Obst- und Gemüseabteilung« im allgemeinen deutschen Handel planbar, lokal aber kein verlässlicher Standardartikel."	"OPTIONAL"	""	"GENERAL_BROAD"	"Die Beschaffung von „Drachenfrucht“ erfolgt in Rostock über gut sortierte Vollsortimenter und etablierte deutsche Frucht- oder Frischehändler."	"PLANNED"	"Drachenfrucht: Die Beschaffung von „Drachenfrucht“ erfolgt in Rostock über gut sortierte Vollsortimenter und etablierte deutsche Frucht- oder Frischehändler."	"OPTIONAL"	""	"TOBIAS_ROSTOCK_PROFILE"	"PROPOSED_FOR_HUMAN_REVIEW"
"DRIED_APRICOT"	"getrocknete Aprikosen"	"APPLICABLE"	"Getrocknete Aprikosen mit konzentrierter Süße und zäher Textur; geschwefelte und ungeschwefelte Ware ist möglich."	"GENERAL_LOCAL"	"Katalogpfad Aprikose → Trockenfrüchte → Steinobst → Obst. Warengruppe Trockenfrucht, formrelevanter Prüfhinweis aus der vollständigen Definition: »geschwefelte und ungeschwefelte Ware ist möglich«. Regelweg in Bornheim über den lokalen Supermarktbereich »Trockenfrucht- und Backzutatenregal« in Bornheim."	"EASY"	"getrocknete Aprikosen: gewöhnlicher lokaler Bezugsweg über den Bereich »Trockenfrucht- und Backzutatenregal«."	"OPTIONAL"	""	"GENERAL_LOCAL"	"Tobias prüft „getrocknete Aprikosen“ in Rostock über das Trockenobst-, Tiefkühlobst- oder Obstkonservenregal eines gewöhnlichen großen Rostocker Supermarkts."	"EASY"	"getrocknete Aprikosen: Rostocker Bezugsweg über das Trockenobst-, Tiefkühlobst- oder Obstkonservenregal eines gewöhnlichen großen Rostocker Supermarkts."	"OPTIONAL"	""	"TOBIAS_ROSTOCK_PROFILE"	"PROPOSED_FOR_HUMAN_REVIEW"
"DRIED_CHILI"	"getrocknete Chili"	"APPLICABLE"	"Ganze oder grob zerteilte getrocknete Chili mit konzentriertem Aroma; Pulver und feine Flocken sind damit nicht gemeint."	"GENERAL_BROAD"	"Katalogpfad Gewürz oder trockenes Würzmittel. Warengruppe Gewürz, formrelevanter Prüfhinweis aus der vollständigen Definition: »Pulver und feine Flocken sind damit nicht gemeint«. Allgemein planbarer, aber nicht lokal garantierter Weg über eine vorab zu prüfendes Sortiment im Bereich »Gewürz- und Trockenwürzregal« eines großen Bornheimer Markts."	"PLANNED"	"getrocknete Chili ist über ein vorab zu prüfendes Sortiment im Bereich »Gewürz- und Trockenwürzregal« eines großen Bornheimer Markts im allgemeinen deutschen Handel planbar, lokal aber kein verlässlicher Standardartikel."	"OPTIONAL"	""	"GENERAL_BROAD"	"Die Beschaffung von „getrocknete Chili“ erfolgt in Rostock über gut sortierte Vollsortimenter und etablierte deutsche Gewürzhändler."	"PLANNED"	"getrocknete Chili: Die Beschaffung von „getrocknete Chili“ erfolgt in Rostock über gut sortierte Vollsortimenter und etablierte deutsche Gewürzhändler."	"OPTIONAL"	""	"TOBIAS_ROSTOCK_PROFILE"	"PROPOSED_FOR_HUMAN_REVIEW"
"DRIED_FISH"	"getrockneter Fisch"	"APPLICABLE"	"Offene Familie von Fischprodukten, deren wesentliche Konservierung durch Trocknung erfolgt; Salz kann, muss aber nicht beteiligt sein. Nicht bloß geräucherter oder konservierter Fisch ohne maßgebliche Trocknung."	"SPECIALTY_BROAD"	"Katalogpfad konservierter Fisch → Fisch → Fisch und Meeresfrüchte. Warengruppe konservierter Fisch, formrelevanter Prüfhinweis aus der vollständigen Definition: »Nicht bloß geräucherter oder konservierter Fisch ohne maßgebliche Trocknung«. Breiter einschlägiger Spezialmarkt über die voneinander unabhängigen Händler Filipino Asian Store – Tuyo dried salted herring sowie Asia4Friends – Fisch und Meeresfrüchte."	"SPECIALTY"	"getrockneter Fisch ist im einschlägigen Spezialmarkt breit etabliert; dokumentierte reguläre Wege sind die voneinander unabhängigen Händler Filipino Asian Store – Tuyo dried salted herring sowie Asia4Friends – Fisch und Meeresfrüchte."	"REQUIRED"	"AV2N-A-0068|AV2N-A-0069"	"SPECIALTY_BROAD"	"Tobias prüft „getrockneter Fisch“ in Rostock über Asia4Friends – Fisch und Meeresfrüchte und Filipino Asian Store – Tuyo dried salted herring, wobei die Evidenz eine vor dem Einkauf erneut zu prüfende Verfügbarkeit und Standardversand ausweist."	"SPECIALTY"	"getrockneter Fisch: Rostocker Bezugsweg über Asia4Friends – Fisch und Meeresfrüchte und Filipino Asian Store – Tuyo dried salted herring; dokumentiert sind eine vor dem Einkauf erneut zu prüfende Verfügbarkeit und Standardversand."	"REQUIRED"	"AV2N-A-0068|AV2N-A-0069"	"EVIDENCE_REQUIRED|RESEARCH_REQUIRED|SPECIALTY_MARKET_BREADTH|TOBIAS_ROSTOCK_PROFILE"	"PROPOSED_FOR_HUMAN_REVIEW"
"DRIED_FRUIT"	"Trockenfrüchte"	"APPLICABLE"	"Offene Vorgabe für durch Trocknung konzentriertes Obst; Sorte, Stückgröße und eventuelle Süßung bleiben wählbar."	"GENERAL_LOCAL"	"Katalogpfad Obst. Warengruppe Trockenfrucht, formrelevanter Prüfhinweis aus der vollständigen Definition: »Sorte, Stückgröße und eventuelle Süßung bleiben wählbar«. Regelweg in Bornheim über ortsübliche Vollsortimenter rund um Bornheim, konkret im Bereich »Trockenfrucht- und Backzutatenregal«."	"EASY"	"Trockenfrüchte: gewöhnlicher lokaler Bezugsweg über den Bereich »Trockenfrucht- und Backzutatenregal«."	"OPTIONAL"	""	"GENERAL_LOCAL"	"Für „Trockenfrüchte“ führt der Rostocker Marktweg über das Trockenobst-, Tiefkühlobst- oder Obstkonservenregal eines gewöhnlichen großen Rostocker Supermarkts."	"EASY"	"Trockenfrüchte: Rostocker Bezugsweg über das Trockenobst-, Tiefkühlobst- oder Obstkonservenregal eines gewöhnlichen großen Rostocker Supermarkts."	"OPTIONAL"	""	"TOBIAS_ROSTOCK_PROFILE"	"PROPOSED_FOR_HUMAN_REVIEW"
"DRIED_SHRIMP"	"getrocknete Garnelen"	"APPLICABLE"	"Durch Trocknung haltbar gemachte Garnelen, ganz oder grob zerkleinert; sie liefern konzentriertes Umami für Brühen, Füllungen, Toppings und Würzpasten. Nicht Garnelenpulver oder fermentierte Garnelenpaste."	"SPECIALTY_BROAD"	"Katalogpfad Garnelen → Krustentiere → wirbellose Tiere → Schalen- und Krustentiere. Warengruppe Fisch oder Meeresfrucht, formrelevanter Prüfhinweis aus der vollständigen Definition: »Nicht Garnelenpulver oder fermentierte Garnelenpaste«. Breiter einschlägiger Spezialmarkt über den freigegebenen v2-Anker mit dem Kerngrund »Regulärer Artikel vieler unabhängiger Asia-Händler haltbar und ohne enge nationale Importabhängigkeit«."	"SPECIALTY"	"getrocknete Garnelen: Regulärer Artikel vieler unabhängiger Asia-Händler; haltbar und ohne enge nationale Importabhängigkeit."	"REQUIRED"	"AV2E-058"	"SPECIALTY_BROAD"	"getrocknete Garnelen: Regulärer Artikel vieler unabhängiger Asia-Händler; haltbar und ohne enge nationale Importabhängigkeit."	"SPECIALTY"	"getrocknete Garnelen: Regulärer Artikel vieler unabhängiger Asia-Händler; haltbar und ohne enge nationale Importabhängigkeit."	"REQUIRED"	"AV2E-058"	"EVIDENCE_REQUIRED|REFERENCE_ANCHOR|REFERENCE_ANCHOR_V2|RESEARCH_REQUIRED|SPECIALTY_MARKET_BREADTH|TOBIAS_ROSTOCK_PROFILE"	"RATING_APPROVED_NOTE_PROPOSED_REFERENCE_ANCHOR_V2"
"DRIED_WILD_MUSHROOMS"	"getrocknete Waldpilze"	"APPLICABLE"	"Getrocknete aromatische Waldpilze, einzeln oder gemischt; nicht auf eine einzelne Pilzart festgelegt."	"GENERAL_BROAD"	"Katalogpfad Pilze → Gemüse. Warengruppe getrockneter Speisepilz, formrelevanter Prüfhinweis aus der vollständigen Definition: »nicht auf eine einzelne Pilzart festgelegt«. Vom Bornheimer Profil aus trägt „internationales Trockenwaren- oder Asia-Regal über einen größeren Vollsortimenter mit geprüftem Sortiment“ den Bezug."	"PLANNED"	"getrocknete Waldpilze: Vom Bornheimer Profil aus trägt „internationales Trockenwaren- oder Asia-Regal über einen größeren Vollsortimenter mit geprüftem Sortiment“ den Bezug."	"OPTIONAL"	""	"GENERAL_BROAD"	"Tobias prüft „getrocknete Waldpilze“ in Rostock über gut sortierte Vollsortimenter und etablierte deutsche Händler für konservierte Pilze."	"PLANNED"	"getrocknete Waldpilze: Rostocker Bezugsweg über gut sortierte Vollsortimenter und etablierte deutsche Händler für konservierte Pilze."	"OPTIONAL"	""	"TOBIAS_ROSTOCK_PROFILE"	"PROPOSED_FOR_HUMAN_REVIEW"
"DUCK"	"Ente"	"APPLICABLE"	"Entenfleisch ohne Festlegung auf Brust, Keule oder ganzes Tier; Haut und Fett können prägende Bestandteile sein."	"GENERAL_BROAD"	"Die offene Entenfleischform wird durch rohe Entenbrust mit Haut und Fettschicht konkret abgedeckt. GOURMET VERSAND zeigt den vakuumierten Zuschnitt aktuell bestellbar und liefert ihn tiefgekühlt per Express nach Bornheim."	"PLANNED"	"Ente: Die offene Entenfleischform wird durch rohe Entenbrust mit Haut und Fettschicht konkret abgedeckt. GOURMET VERSAND zeigt den vakuumierten Zuschnitt aktuell bestellbar und liefert ihn tiefgekühlt per Express nach Bornheim."	"REQUIRED"	"AV2N-A-0070"	"GENERAL_BROAD"	"Für Rostock belegt GOURMET VERSAND rohe Entenbrust mit Haut und Fettschicht als aktuell bestellbaren Entenzuschnitt. Der deutschlandweite Tiefkühl-Express erfordert eine terminierte Bestellung."	"PLANNED"	"Ente: Für Rostock belegt GOURMET VERSAND rohe Entenbrust mit Haut und Fettschicht als aktuell bestellbaren Entenzuschnitt. Der deutschlandweite Tiefkühl-Express erfordert eine terminierte Bestellung."	"OPTIONAL"	"AV2N-A-0070"	"BORDERLINE_PLANNED|EVIDENCE_REQUIRED|TOBIAS_ROSTOCK_PROFILE"	"PROPOSED_FOR_HUMAN_REVIEW"
"DUCK_BREAST"	"Entenbrust"	"APPLICABLE"	"Entenbrust mit dunklem Fleisch und typischer Fettschicht unter der Haut; mit oder ohne Haut verwendbar."	"GENERAL_BROAD"	"GOURMET VERSAND führt rohe vakuumierte Entenbrust mit Haut und der typischen Fettschicht aktuell als lieferbar. Nach Bornheim erfolgt ein planbarer Tiefkühl-Express; eine hautlose Variante ist für die offene Form nicht erforderlich."	"PLANNED"	"Entenbrust: GOURMET VERSAND führt rohe vakuumierte Entenbrust mit Haut und der typischen Fettschicht aktuell als lieferbar. Nach Bornheim erfolgt ein planbarer Tiefkühl-Express; eine hautlose Variante ist für die offene Form nicht erforderlich."	"REQUIRED"	"AV2N-A-0071"	"GENERAL_BROAD"	"Die formgenaue Route ist rohe Entenbrust mit Haut und Fettschicht bei GOURMET VERSAND. Aktueller Warenkorb und deutschlandweiter Tiefkühlversand tragen einen vorbereiteten Einkauf nach Rostock."	"PLANNED"	"Entenbrust: Die formgenaue Route ist rohe Entenbrust mit Haut und Fettschicht bei GOURMET VERSAND. Aktueller Warenkorb und deutschlandweiter Tiefkühlversand tragen einen vorbereiteten Einkauf nach Rostock."	"OPTIONAL"	"AV2N-A-0071"	"BORDERLINE_PLANNED|EVIDENCE_REQUIRED|TOBIAS_ROSTOCK_PROFILE"	"PROPOSED_FOR_HUMAN_REVIEW"
"DUCK_CONFIT"	"Entenconfit"	"APPLICABLE"	"Gesalzene Ententeile, typischerweise Keule beziehungsweise vergleichbare Teilstücke, langsam in Entenfett gegart und traditionell darin konserviert. Nicht bloß Entenfleisch oder eine frisch gebratene Entenkeule."	"GENERAL_BROAD"	"Vier bereits in Entenfett confierte Entenkeulen im 1,35-kg-Gebinde sind bei GOURMET VERSAND aktuell bestellbar. Die haltbare Dose kommt ungekühlt per Standardpaket und trennt sich klar von frischer Entenkeule."	"PLANNED"	"Entenconfit: Vier bereits in Entenfett confierte Entenkeulen im 1,35-kg-Gebinde sind bei GOURMET VERSAND aktuell bestellbar. Die haltbare Dose kommt ungekühlt per Standardpaket und trennt sich klar von frischer Entenkeule."	"REQUIRED"	"AV2N-A-0072"	"GENERAL_BROAD"	"GOURMET VERSAND weist ein 1,35-kg-Gebinde mit vier in Entenfett confierten Keulen als sofort lieferbar aus. Der ungekühlte Deutschlandversand erlaubt Tobias eine terminierte Standardbestellung."	"PLANNED"	"Entenconfit: GOURMET VERSAND weist ein 1,35-kg-Gebinde mit vier in Entenfett confierten Keulen als sofort lieferbar aus. Der ungekühlte Deutschlandversand erlaubt Tobias eine terminierte Standardbestellung."	"REQUIRED"	"AV2N-A-0072"	"BORDERLINE_PLANNED|EVIDENCE_REQUIRED|FORM_SENSITIVE|RESEARCH_REQUIRED|TOBIAS_ROSTOCK_PROFILE"	"PROPOSED_FOR_HUMAN_REVIEW"
"DUCK_EGG"	"Entenei"	"APPLICABLE"	"Größeres, fettreicheres Ei der Ente; frisch zu garen, nicht bereits gesalzen oder fermentiert."	"NICHE_IMPORT"	"Die gezielte Suche nach frischen Enteneiern fand keinen belastbaren deutschlandweiten Versandweg; mögliche Hof- und Marktangebote bleiben regional, saisonal und vorab zu verifizieren."	"DIFFICULT"	"Für frische Enteneier ergab die gezielte Endkundensuche keinen belastbaren Versandweg; mögliche Hof- oder Marktangebote bleiben regional und saisonal."	"REQUIRED"	"AV2N-A-0073"	"NICHE_IMPORT"	"Die gezielte Suche nach frischen Enteneiern fand keinen belastbaren deutschlandweiten Versandweg; mögliche Hof- und Marktangebote bleiben regional, saisonal und vorab zu verifizieren."	"DIFFICULT"	"Für frische Enteneier ergab die gezielte Endkundensuche keinen belastbaren Versandweg; mögliche Hof- oder Marktangebote bleiben regional und saisonal."	"REQUIRED"	"AV2N-A-0073"	"EVIDENCE_REQUIRED|FORM_OR_ROUTE_FRAGILE|FORM_SENSITIVE|RATING_RECONCILED_V2|RESEARCH_REQUIRED|TOBIAS_ROSTOCK_PROFILE"	"PROPOSED_FOR_HUMAN_REVIEW"
"DUCK_FAT"	"Entenfett"	"APPLICABLE"	"Ausgelassenes Entenfett mit charakteristischem Geflügelaroma zum Braten, Confieren oder Verfeinern."	"GENERAL_BROAD"	"Ausgelassenes, leicht gesalzenes Entenschmalz wird bei GOURMET VERSAND im 320-g-Glas aktuell lagernd angeboten. Der ungekühlte Paketversand nach Bornheim passt zur Kochfettform und braucht keine Kühlzustellung."	"PLANNED"	"Entenfett: Ausgelassenes, leicht gesalzenes Entenschmalz wird bei GOURMET VERSAND im 320-g-Glas aktuell lagernd angeboten. Der ungekühlte Paketversand nach Bornheim passt zur Kochfettform und braucht keine Kühlzustellung."	"REQUIRED"	"AV2N-A-0074"	"GENERAL_BROAD"	"Die belastbare Rostocker Route ist ein aktuell bestellbares 320-g-Glas Entenschmalz bei GOURMET VERSAND. Es wird ungekühlt verschickt; nur die leichte Salzung ist bei der Rezeptwahl zu berücksichtigen."	"PLANNED"	"Ein 320-g-Glas Entenschmalz ist bei GOURMET VERSAND aktuell bestellbar und wird ungekühlt versandt; lokaler Standardbestand ist nicht belegt."	"OPTIONAL"	"AV2N-A-0074"	"BORDERLINE_PLANNED|EVIDENCE_REQUIRED|TOBIAS_ROSTOCK_PROFILE"	"PROPOSED_FOR_HUMAN_REVIEW"
"DUCK_LEG"	"Entenkeule"	"APPLICABLE"	"Entenkeule mit dunklem, bindegewebsreichem Fleisch; für Braten, Schmoren oder Confieren geeignet."	"GENERAL_BROAD"	"Heine Delikatessen zeigt eine rohe, ungewürzte Barbarie-Entenkeule mit Haut und 300–400 g Stückgewicht als sofort verfügbar. Die tiefgekühlte Lieferung nach Bornheim erfordert einen festgelegten Versandtag."	"PLANNED"	"Entenkeule: Heine Delikatessen zeigt eine rohe, ungewürzte Barbarie-Entenkeule mit Haut und 300–400 g Stückgewicht als sofort verfügbar. Die tiefgekühlte Lieferung nach Bornheim erfordert einen festgelegten Versandtag."	"REQUIRED"	"AV2N-A-0075"	"GENERAL_BROAD"	"Eine rohe Barbarie-Entenkeule mit Haut ist bei Heine Delikatessen aktuell bestellbar und wird tiefgekühlt deutschlandweit zugestellt. Tages- oder Wunschtermin macht den Weg nach Rostock planbar."	"PLANNED"	"Entenkeule: Eine rohe Barbarie-Entenkeule mit Haut ist bei Heine Delikatessen aktuell bestellbar und wird tiefgekühlt deutschlandweit zugestellt. Tages- oder Wunschtermin macht den Weg nach Rostock planbar."	"OPTIONAL"	"AV2N-A-0075"	"BORDERLINE_PLANNED|EVIDENCE_REQUIRED|TOBIAS_ROSTOCK_PROFILE"	"PROPOSED_FOR_HUMAN_REVIEW"
"DULSE"	"Dulse"	"APPLICABLE"	"Essbare rote Meeresalge mit salzigem, leicht rauchig-umamireichem Geschmack; meist getrocknet erhältlich."	"GENERAL_BROAD"	"Getrocknete Arche-Dulse ist beim tatsächlichen Plattformverkäufer Miraherba und unabhängig bei Piccantino mit Standardversand gelistet; die Ware ist damit allgemein planbar."	"PLANNED"	"Getrocknete Dulse ist über unabhängige deutsche Naturkosthändler mit Standardversand planbar; die Plattformlistung wird dem tatsächlichen Verkäufer Miraherba zugerechnet."	"REQUIRED"	"AV2N-A-0076|AV2N-R-0001"	"GENERAL_BROAD"	"Getrocknete Arche-Dulse ist beim tatsächlichen Plattformverkäufer Miraherba und unabhängig bei Piccantino mit Standardversand gelistet; die Ware ist damit allgemein planbar."	"PLANNED"	"Getrocknete Dulse ist über unabhängige deutsche Naturkosthändler mit Standardversand planbar; die Plattformlistung wird dem tatsächlichen Verkäufer Miraherba zugerechnet."	"OPTIONAL"	"AV2N-A-0076|AV2N-R-0001"	"BORDERLINE_PLANNED|EVIDENCE_REQUIRED|TOBIAS_ROSTOCK_PROFILE"	"PROPOSED_FOR_HUMAN_REVIEW"
"DUMPLING_DOUGH"	"Dumpling-Teig"	"APPLICABLE"	"Ungeschnittener Teig zur Herstellung von Dumpling-Hüllen; Zusammensetzung und Dicke bleiben offen."	"GENERAL_BROAD"	"BÜRGER führt ungeschnittenen gekühlten Nudel-/Maultaschenteig im Regelsortiment. Die Eignung zum Zuschneiden eigener Dumpling-Hüllen ist eine sichtbare menschliche Forminferenz, keine Gleichsetzung mit vorgeschnittenen Wrappern."	"PLANNED"	"Ungeschnittener gekühlter Nudel- oder Maultaschenteig ist im allgemeinen Handel planbar; seine Nutzung für eigene Dumpling-Hüllen bleibt eine offene Forminferenz."	"REQUIRED"	"AV2N-A-0077|AV2N-P-0009"	"GENERAL_BROAD"	"BÜRGER führt ungeschnittenen gekühlten Nudel-/Maultaschenteig im Regelsortiment. Die Eignung zum Zuschneiden eigener Dumpling-Hüllen ist eine sichtbare menschliche Forminferenz, keine Gleichsetzung mit vorgeschnittenen Wrappern."	"PLANNED"	"Ungeschnittener gekühlter Nudel- oder Maultaschenteig ist im allgemeinen Handel planbar; seine Nutzung für eigene Dumpling-Hüllen bleibt eine offene Forminferenz."	"REQUIRED"	"AV2N-A-0077|AV2N-P-0009"	"EVIDENCE_REQUIRED|FORM_OR_ROUTE_FRAGILE|RATING_RECONCILED_V2|RESEARCH_REQUIRED|SPECIALTY_MARKET_BREADTH|TOBIAS_ROSTOCK_PROFILE"	"PROPOSED_FOR_HUMAN_REVIEW"
"DUMPLING_WRAPPERS"	"Teigblatt oder Dumpling-Hülle"	"APPLICABLE"	"Offene Vorgabe für dünne Teigblätter zum Füllen und Falten; Weizen-, Reis- und andere geeignete Hüllen sind möglich."	"SPECIALTY_BROAD"	"Katalogpfad stärkehaltige Zutat oder Sättigungsbeilage. Warengruppe Teigblatt oder Teigware, formrelevanter Prüfhinweis aus der vollständigen Definition: »Weizen-, Reis- und andere geeignete Hüllen sind möglich«. Breiter einschlägiger Spezialmarkt über den freigegebenen v2-Anker mit dem Kerngrund »Breit in Asia-Kühl-/TK-Sortimenten etabliert aber nicht allgemeiner Handel und wegen Kühlform nicht PLANNED«."	"SPECIALTY"	"Teigblatt oder Dumpling-Hülle: Breit in Asia-Kühl-/TK-Sortimenten etabliert aber nicht allgemeiner Handel und wegen Kühlform nicht PLANNED."	"REQUIRED"	"AV2E-055"	"SPECIALTY_BROAD"	"Teigblatt oder Dumpling-Hülle: Breit in Asia-Kühl-/TK-Sortimenten etabliert aber nicht allgemeiner Handel und wegen Kühlform nicht PLANNED."	"SPECIALTY"	"Teigblatt oder Dumpling-Hülle: Breit in Asia-Kühl-/TK-Sortimenten etabliert aber nicht allgemeiner Handel und wegen Kühlform nicht PLANNED."	"REQUIRED"	"AV2E-055"	"EVIDENCE_REQUIRED|REFERENCE_ANCHOR|REFERENCE_ANCHOR_V2|RESEARCH_REQUIRED|SPECIALTY_MARKET_BREADTH|TOBIAS_ROSTOCK_PROFILE"	"RATING_APPROVED_NOTE_PROPOSED_REFERENCE_ANCHOR_V2"
"EDAM"	"Edamer"	"APPLICABLE"	"Halbfester Kuhmilchkäse nach Edamer Art; umfasst Edam/Edamer als Produkttyp und ist nicht auf die geschützte Herkunftsbezeichnung Edam Holland beschränkt."	"GENERAL_LOCAL"	"Katalogpfad Käse → gesäuertes Milchprodukt → Milchprodukte. Warengruppe Käse, formrelevanter Prüfhinweis aus der vollständigen Definition: »umfasst Edam/Edamer als Produkttyp und ist nicht auf die geschützte Herkunftsbezeichnung Edam Holland beschränkt«. Regelweg in Bornheim über nahe Supermarktfilialen in Bornheim mit dem Bereich »Käsekühlung oder Käsetheke«."	"EASY"	"Edamer: gewöhnlicher lokaler Bezugsweg über den Bereich »Käsekühlung oder Käsetheke«."	"OPTIONAL"	""	"GENERAL_LOCAL"	"Der konkrete Bezug von „Edamer“ läuft über die Käsekühlung oder Käsetheke eines gewöhnlichen großen Rostocker Supermarkts."	"EASY"	"Edamer: gewöhnlicher lokaler Bezugsweg über den Bereich »Edamer«."	"OPTIONAL"	""	"RATING_RECONCILED_V2|TOBIAS_ROSTOCK_PROFILE"	"PROPOSED_FOR_HUMAN_REVIEW"
"EDAMAME"	"Edamame"	"APPLICABLE"	"Unreif geerntete grüne Sojabohnen, meist in der Schote blanchiert oder ausgelöst; nicht reife trockene Sojabohnen."	"GENERAL_BROAD"	"REWE Bio listet 500 g tiefgekühlte Edamame in der Schote als reguläre Produktseite. Für Georgia bleibt vor dem Einkauf die Bornheimer Marktauswahl nötig; diese Standortabhängigkeit trägt GENERAL_BROAD/PLANNED, nicht EASY."	"PLANNED"	"Edamame: REWE Bio listet 500 g tiefgekühlte Edamame in der Schote als reguläre Produktseite. Für Georgia bleibt vor dem Einkauf die Bornheimer Marktauswahl nötig; diese Standortabhängigkeit trägt GENERAL_BROAD/PLANNED, nicht EASY."	"OPTIONAL"	"AV2N-A-0078"	"GENERAL_BROAD"	"Die REWE-Produktseite belegt tiefgekühlte Edamame in der Schote im allgemeinen Filialnetz. Tobias muss vorab einen Rostocker Markt wählen, weil Preis und Bestand standortabhängig angezeigt werden."	"PLANNED"	"Edamame: Die REWE-Produktseite belegt tiefgekühlte Edamame in der Schote im allgemeinen Filialnetz. Tobias muss vorab einen Rostocker Markt wählen, weil Preis und Bestand standortabhängig angezeigt werden."	"REQUIRED"	"AV2N-A-0078"	"RATING_RECONCILED_V2|RESEARCH_REQUIRED|SPECIALTY_MARKET_BREADTH|TOBIAS_ROSTOCK_PROFILE"	"PROPOSED_FOR_HUMAN_REVIEW"
"EDIBLE_SNAILS"	"essbare Schnecken"	"APPLICABLE"	"Offene Familie essbarer Land-, Süßwasser- und Meeresschnecken als küchenfertige Zutat; Art und Lebensraum bleiben wählbar. Nicht Muscheln oder andere Weichtiergruppen."	"GENERAL_BROAD"	"Eine zulässige essbare Landschneckenform ist im allgemeinen Feinkostversand belegt: Gourmet Versand führt große Helix-lucorum-Weinbergschnecken in der Dose lagernd und deutschlandweit."	"PLANNED"	"essbare Schnecken: Gourmet Versand führt große Helix-lucorum-Weinbergschnecken in der Dose lagernd und deutschlandweit."	"REQUIRED"	"AV2N-A-0079"	"GENERAL_BROAD"	"Eine erlaubte Form essbarer Schnecken ist im allgemeinen Feinkostversand vorhanden: Gourmet Versand führt Helix-lucorum-Weinbergschnecken als lagernde Dosenware mit Deutschlandzustellung."	"PLANNED"	"essbare Schnecken: Eine erlaubte Form essbarer Schnecken ist im allgemeinen Feinkostversand vorhanden: Gourmet Versand führt Helix-lucorum-Weinbergschnecken als lagernde Dosenware mit Deutschlandzustellung."	"REQUIRED"	"AV2N-A-0079"	"BORDERLINE_PLANNED|EVIDENCE_REQUIRED|RESEARCH_REQUIRED|TOBIAS_ROSTOCK_PROFILE"	"PROPOSED_FOR_HUMAN_REVIEW"
"EEL"	"Aal"	"APPLICABLE"	"Aal als fettreicher Fisch mit festem Fleisch; frisch, geräuchert oder anderweitig verarbeitet nur bei entsprechender Produktwahl."	"GENERAL_BROAD"	"Katalogpfad fettreicher Fisch → Fisch → Fisch und Meeresfrüchte. Warengruppe Fisch oder Meeresfrucht, formrelevanter Prüfhinweis aus der vollständigen Definition: »frisch, geräuchert oder anderweitig verarbeitet nur bei entsprechender Produktwahl«. Fischfachhandel, Wochenmarkt oder etablierter Fischversand bieten robuste geplante Wege, ohne einen gewöhnlichen EASY-Supermarktbestand zu unterstellen."	"PLANNED"	"Aal: Fischhändler, Wochenmarkt oder etablierter Fischversand sind gezielte grundsätzlich robuste Wege; kein EASY-Supermarktstandard."	"REQUIRED"	"AV2E-019"	"GENERAL_BROAD"	"Aal: Fischhändler, Wochenmarkt oder etablierter Fischversand sind gezielte grundsätzlich robuste Wege; kein EASY-Supermarktstandard."	"PLANNED"	"Aal: Fischhändler, Wochenmarkt oder etablierter Fischversand sind gezielte grundsätzlich robuste Wege; kein EASY-Supermarktstandard."	"REQUIRED"	"AV2E-019"	"BORDERLINE_PLANNED|EVIDENCE_REQUIRED|FORM_SENSITIVE|REFERENCE_ANCHOR|REFERENCE_ANCHOR_V2|RESEARCH_REQUIRED|TOBIAS_ROSTOCK_PROFILE"	"RATING_APPROVED_NOTE_PROPOSED_REFERENCE_ANCHOR_V2"
"EGG"	"Ei"	"APPLICABLE"	"Ein einzelnes Hühnerei als allgemein verfügbare Kochzutat; Eier anderer Tierarten sind damit nicht gemeint."	"GENERAL_LOCAL"	"Katalogpfad Eier. Warengruppe Ei, formrelevanter Prüfhinweis aus der vollständigen Definition: »Eier anderer Tierarten sind damit nicht gemeint«. Regelweg in Bornheim über nahe Supermarktfilialen in Bornheim mit dem Bereich »Eierregal«."	"EASY"	"Ei: gewöhnlicher lokaler Bezugsweg über den Bereich »Eierregal«."	"OPTIONAL"	""	"GENERAL_LOCAL"	"Tobias prüft „Ei“ in Rostock über das Eier- oder Kühlregal eines gewöhnlichen großen Rostocker Supermarkts."	"EASY"	"Ei: Rostocker Bezugsweg über das Eier- oder Kühlregal eines gewöhnlichen großen Rostocker Supermarkts."	"OPTIONAL"	""	"TOBIAS_ROSTOCK_PROFILE"	"PROPOSED_FOR_HUMAN_REVIEW"
"EGG_NOODLES"	"Eiernudeln"	"APPLICABLE"	"Nudeln mit Ei als prägendem Teigbestandteil; Form und Dicke bleiben offen."	"GENERAL_LOCAL"	"Katalogpfad Nudeln → stärkehaltige Zutat oder Sättigungsbeilage. Warengruppe Getreide- oder Stärkeware, formrelevanter Prüfhinweis aus der vollständigen Definition: »Form und Dicke bleiben offen«. Regelweg in Bornheim über nahe Supermarktfilialen in Bornheim mit dem Bereich »Reis-, Mehl-, Nudel- oder Trockenwarenregal«."	"EASY"	"Eiernudeln: gewöhnlicher lokaler Bezugsweg über den Bereich »Reis-, Mehl-, Nudel- oder Trockenwarenregal«."	"OPTIONAL"	""	"GENERAL_LOCAL"	"Der konkrete Bezug von „Eiernudeln“ läuft über das Getreide-, Mehl-, Reis- oder Teigwarenregal eines gewöhnlichen großen Rostocker Supermarkts."	"EASY"	"Eiernudeln: gewöhnlicher lokaler Bezugsweg über den Bereich »Eiernudeln«."	"OPTIONAL"	""	"TOBIAS_ROSTOCK_PROFILE"	"PROPOSED_FOR_HUMAN_REVIEW"
"EGGPLANT"	"Aubergine"	"APPLICABLE"	"Aubergine mit schwammigem, beim Garen cremig werdendem Fruchtfleisch; Sorte und Farbe bleiben offen."	"GENERAL_LOCAL"	"Katalogpfad Fruchtgemüse → Gemüse. Warengruppe Gemüse oder Pilz, formrelevanter Prüfhinweis aus der vollständigen Definition: »Sorte und Farbe bleiben offen«. Regelweg in Bornheim über die gewöhnliche Bornheimer Auslage »Obst- und Gemüseabteilung«."	"EASY"	"Aubergine: gewöhnlicher lokaler Bezugsweg über den Bereich »Obst- und Gemüseabteilung«."	"OPTIONAL"	""	"GENERAL_LOCAL"	"Tobias prüft „Aubergine“ in Rostock über die Gemüseabteilung eines gewöhnlichen großen Rostocker Supermarkts."	"EASY"	"Aubergine: Rostocker Bezugsweg über die Gemüseabteilung eines gewöhnlichen großen Rostocker Supermarkts."	"OPTIONAL"	""	"TOBIAS_ROSTOCK_PROFILE"	"PROPOSED_FOR_HUMAN_REVIEW"
"EGGS"	"Eier"	"APPLICABLE"	"Offene Vorgabe für Vogeleier; Art, Größe und Zubereitungsfunktion werden bewusst nicht festgelegt."	"GENERAL_LOCAL"	"Katalogpfad eigenständige Katalogwurzel. Warengruppe Ei, formrelevanter Prüfhinweis aus der vollständigen Definition: »Art, Größe und Zubereitungsfunktion werden bewusst nicht festgelegt«. Regelweg in Bornheim über den regulären Bornheimer Regalweg »Eierregal«."	"EASY"	"Eier: gewöhnlicher lokaler Bezugsweg über den Bereich »Eierregal«."	"OPTIONAL"	""	"GENERAL_LOCAL"	"Tobias prüft „Eier“ in Rostock über das Eier- oder Kühlregal eines gewöhnlichen großen Rostocker Supermarkts."	"EASY"	"Eier: Rostocker Bezugsweg über das Eier- oder Kühlregal eines gewöhnlichen großen Rostocker Supermarkts."	"OPTIONAL"	""	"TOBIAS_ROSTOCK_PROFILE"	"PROPOSED_FOR_HUMAN_REVIEW"
"EGUSI_SEEDS"	"Egusi-Samen"	"APPLICABLE"	"Ölreiche Samen bestimmter westafrikanischer Melonenarten, meist gemahlen zum Binden und Aromatisieren; nicht Kürbiskerne."	"SPECIALTY_BROAD"	"Egusi ist als ganze oder gemahlene Trockenware bei unabhängigen, breit sortierten Afrika-Händlern regulär vertreten. Unterschiedliche Lieferanten und Produktformen zeigen eine typische westafrikanische Vorratsware statt eines einzelnen fragilen Importwegs."	"SPECIALTY"	"Egusi-Samen sind reguläre Trockenware breit sortierter Afrika-Läden; unabhängige ganze und gemahlene Produkte mit Standardversand belegen den breiten Spezialmarkt."	"REQUIRED"	"AV2N-A-0080|AV2N-A-0081"	"SPECIALTY_BROAD"	"Egusi ist als ganze oder gemahlene Trockenware bei unabhängigen, breit sortierten Afrika-Händlern regulär vertreten. Unterschiedliche Lieferanten und Produktformen zeigen eine typische westafrikanische Vorratsware statt eines einzelnen fragilen Importwegs."	"SPECIALTY"	"Egusi-Samen sind reguläre Trockenware breit sortierter Afrika-Läden; unabhängige ganze und gemahlene Produkte mit Standardversand belegen den breiten Spezialmarkt."	"REQUIRED"	"AV2N-A-0080|AV2N-A-0081"	"EVIDENCE_REQUIRED|RESEARCH_REQUIRED|SPECIALTY_MARKET_BREADTH|TOBIAS_ROSTOCK_PROFILE"	"PROPOSED_FOR_HUMAN_REVIEW"
"ELDERBERRY"	"Holunderbeeren"	"APPLICABLE"	"Reife Holunderbeeren mit herb-säuerlichem Aroma; nur gegart verwenden, nicht rohe unreife Beeren."	"GENERAL_BROAD"	"Holunderbeeren: GOURMET VERSAND weist ganze tiefgekühlte Holunderbeeren mit bundesweitem TK-Expressversand aktuell auf Lager aus. Profilbezug Georgia: Bornheim beziehungsweise der planbare allgemeine deutsche Bezug; Köln oder Düsseldorf werden nicht als lokaler EASY-Weg gewertet."	"PLANNED"	"Holunderbeeren: GOURMET VERSAND weist ganze tiefgekühlte Holunderbeeren mit bundesweitem TK-Expressversand aktuell auf Lager aus."	"OPTIONAL"	"AV2N-A-0082"	"GENERAL_BROAD"	"Holunderbeeren: GOURMET VERSAND weist ganze tiefgekühlte Holunderbeeren mit bundesweitem TK-Expressversand aktuell auf Lager aus. der Artikel kann je nach Rostocker Markt fehlen."	"PLANNED"	"Holunderbeeren: GOURMET VERSAND weist ganze tiefgekühlte Holunderbeeren mit bundesweitem TK-Expressversand aktuell auf Lager aus. der Artikel kann je nach Rostocker Markt fehlen."	"REQUIRED"	"AV2N-A-0082"	"RESEARCH_REQUIRED|TOBIAS_ROSTOCK_PROFILE"	"PROPOSED_FOR_HUMAN_REVIEW"
"ENDIVE"	"Endivie"	"APPLICABLE"	"Endivienblätter mit knackiger Textur und deutlicher Bitterkeit; glatte und krause Formen sind umfasst."	"GENERAL_LOCAL"	"Katalogpfad Blattsalat → Blattgemüse → Gemüse. Warengruppe Gemüse oder Pilz, formrelevanter Prüfhinweis aus der vollständigen Definition: »glatte und krause Formen sind umfasst«. Regelweg in Bornheim über den Bereich »Obst- und Gemüseabteilung« eines gewöhnlichen Bornheimer Vollsortimenters."	"EASY"	"Endivie: gewöhnlicher lokaler Bezugsweg über den Bereich »Obst- und Gemüseabteilung«."	"OPTIONAL"	""	"GENERAL_LOCAL"	"Für „Endivie“ führt der Rostocker Marktweg über die Gemüseabteilung eines gewöhnlichen großen Rostocker Supermarkts."	"EASY"	"Endivie: Rostocker Bezugsweg über die Gemüseabteilung eines gewöhnlichen großen Rostocker Supermarkts."	"OPTIONAL"	""	"TOBIAS_ROSTOCK_PROFILE"	"PROPOSED_FOR_HUMAN_REVIEW"
"ENOKI"	"Enoki"	"APPLICABLE"	"Langstielige, kleinhütige Enoki-Pilze mit zartem Biss und mildem Geschmack; kultivierte helle Ware ist üblich."	"SPECIALTY_BROAD"	"Frische Enoki werden über zwei unterschiedliche etablierte Fachkanäle geführt: einen breiten Asia-Frischehändler und einen unabhängigen Pilzfachhändler. Wiederkehrender Frische- und Kühlversand hängt damit nicht von einem einzelnen Importeur ab."	"SPECIALTY"	"Frische Enoki haben unabhängige Wege über einen breiten Asia-Frischehändler und einen Pilzfachhändler; wiederkehrender Frische- oder Kühlversand trägt den breiten Spezialmarkt."	"REQUIRED"	"AV2N-A-0083|AV2N-A-0084"	"SPECIALTY_BROAD"	"Frische Enoki werden über zwei unterschiedliche etablierte Fachkanäle geführt: einen breiten Asia-Frischehändler und einen unabhängigen Pilzfachhändler. Wiederkehrender Frische- und Kühlversand hängt damit nicht von einem einzelnen Importeur ab."	"SPECIALTY"	"Frische Enoki haben unabhängige Wege über einen breiten Asia-Frischehändler und einen Pilzfachhändler; wiederkehrender Frische- oder Kühlversand trägt den breiten Spezialmarkt."	"REQUIRED"	"AV2N-A-0083|AV2N-A-0084"	"EVIDENCE_REQUIRED|RESEARCH_REQUIRED|SPECIALTY_MARKET_BREADTH|TOBIAS_ROSTOCK_PROFILE"	"PROPOSED_FOR_HUMAN_REVIEW"
"ESCARGOT"	"Weinbergschnecken"	"APPLICABLE"	"Essbare Landschnecken nach Weinbergschnecken-/Escargot-Art, küchenfertig ausgelöst oder im Gehäuse; frisch, tiefgekühlt oder konserviert. Nicht Meer- oder Süßwasserschnecken."	"GENERAL_BROAD"	"Französische Weinbergschnecken als gekochte Dosenware im allgemeinen Feinkostversand; Marie Monde weist Helix pomatia aktuell mit kleinem Bestand und kurzer Lieferzeit aus."	"PLANNED"	"Weinbergschnecken: Französische Weinbergschnecken als gekochte Dosenware im allgemeinen Feinkostversand; Marie Monde weist Helix pomatia aktuell mit kleinem Bestand und kurzer Lieferzeit aus."	"REQUIRED"	"AV2N-A-0085"	"GENERAL_BROAD"	"Gekochte Weinbergschnecken in der Dose über allgemeinen französischen Feinkostversand; Marie Monde weist Helix pomatia aktuell mit kleinem Bestand aus."	"PLANNED"	"Weinbergschnecken: Gekochte Weinbergschnecken in der Dose über allgemeinen französischen Feinkostversand; Marie Monde weist Helix pomatia aktuell mit kleinem Bestand aus."	"REQUIRED"	"AV2N-A-0085"	"BORDERLINE_PLANNED|EVIDENCE_REQUIRED|FORM_SENSITIVE|RESEARCH_REQUIRED|TOBIAS_ROSTOCK_PROFILE"	"PROPOSED_FOR_HUMAN_REVIEW"
"EVAPORATED_MILK"	"Kondensmilch"	"APPLICABLE"	"Ungesüßte, durch Wasserentzug konzentrierte Milch; nicht gezuckerte Kondensmilch."	"GENERAL_BROAD"	"Katalogpfad frisches Milchprodukt → Milchprodukte. Warengruppe Milchprodukt, formrelevanter Prüfhinweis aus der vollständigen Definition: »nicht gezuckerte Kondensmilch«. Allgemein planbarer, aber nicht lokal garantierter Weg über einen vorbereiteten Einkauf im gut sortierten Bereich »Molkereikühlregal«."	"PLANNED"	"Kondensmilch ist über einen vorbereiteten Einkauf im gut sortierten Bereich »Molkereikühlregal« im allgemeinen deutschen Handel planbar, lokal aber kein verlässlicher Standardartikel."	"OPTIONAL"	""	"GENERAL_BROAD"	"Tobias prüft „Kondensmilch“ in Rostock über gut sortierte Vollsortimenter und etablierte deutsche Molkereihändler."	"PLANNED"	"Kondensmilch: Rostocker Bezugsweg über gut sortierte Vollsortimenter und etablierte deutsche Molkereihändler."	"OPTIONAL"	""	"RATING_RECONCILED_V2|TOBIAS_ROSTOCK_PROFILE"	"PROPOSED_FOR_HUMAN_REVIEW"
"FARRO"	"Emmer oder Farro"	"APPLICABLE"	"Emmer beziehungsweise als Farro verkauftes geschältes Weizenkorn mit nussigem Geschmack und festem Biss."	"GENERAL_BROAD"	"Katalogpfad Getreide oder Pseudogetreide → stärkehaltige Zutat oder Sättigungsbeilage. Violey führt Alce Nero Perl-Emmer unter der Originalbezeichnung Farro Perlato als lagernde Körnerware mit regulärem DHL-Versand nach Deutschland."	"PLANNED"	"Emmer oder Farro: Violey führt Alce Nero Perl-Emmer unter der Originalbezeichnung Farro Perlato als lagernde Körnerware mit regulärem DHL-Versand nach Deutschland."	"REQUIRED"	"AV2N-A-0086"	"GENERAL_BROAD"	"Emmer oder Farro: Violey listet Alce Nero Perl-Emmer unter der Originalbezeichnung Farro Perlato als lagernde Körnerware und versendet sie regulär per DHL innerhalb Deutschlands."	"PLANNED"	"Emmer oder Farro: Violey listet Alce Nero Perl-Emmer unter der Originalbezeichnung Farro Perlato als lagernde Körnerware und versendet sie regulär per DHL innerhalb Deutschlands."	"OPTIONAL"	"AV2N-A-0086"	"BORDERLINE_PLANNED|EVIDENCE_REQUIRED|TOBIAS_ROSTOCK_PROFILE"	"PROPOSED_FOR_HUMAN_REVIEW"
"FENALAR"	"Fenalår"	"APPLICABLE"	"Gesalzene und luftgetrocknete Keule von Schaf oder Lamm nach norwegischer Fenalår-Art. Nicht beliebiges Trockenfleisch, Schinken oder bereits zubereitetes Gericht."	"NICHE_IMPORT"	"Katalogpfad gepökeltes oder luftgetrocknetes Fleisch → Fleisch. Warengruppe Wurst oder Pökelfleisch, formrelevanter Prüfhinweis aus der vollständigen Definition: »Nicht beliebiges Trockenfleisch, Schinken oder bereits zubereitetes Gericht«. Die Prüfungen bei Norwegian Foodstore – Fenalår-Suche/Sortiment ergaben keinen aktuellen Exakttreffer; Importbeschränkung und die enge Produktform begrenzen den Markt."	"DIFFICULT"	"Für echtes Fenalår ist im geprüften deutschen und EU-Endkundenhandel kein positiver Produktweg belegt; allgemeines Trockenfleisch zählt nicht."	"REQUIRED"	"AV2N-A-0087"	"NICHE_IMPORT"	"Tobias prüft „Fenalår“ in Rostock über Norwegian Foodstore – Fenalår-Suche/Sortiment, wobei die Evidenz keinen aktuellen formgenauen Treffer und Importbeschränkungen ausweist."	"DIFFICULT"	"Für echtes Fenalår ist im geprüften deutschen und EU-Endkundenhandel kein positiver Produktweg belegt; allgemeines Trockenfleisch zählt nicht."	"REQUIRED"	"AV2N-A-0087"	"EVIDENCE_REQUIRED|FORM_OR_LOGISTICS_RISK|FORM_OR_ROUTE_FRAGILE|RESEARCH_REQUIRED|TOBIAS_ROSTOCK_PROFILE"	"PROPOSED_FOR_HUMAN_REVIEW"
"FENNEL"	"Fenchel"	"APPLICABLE"	"Fenchelknolle mit knackiger bis zarter Textur und mildem Anisaroma; Grün kann mitverwendet werden."	"GENERAL_LOCAL"	"Katalogpfad Stängelgemüse → Gemüse. Warengruppe Gemüse oder Pilz, formrelevanter Prüfhinweis aus der vollständigen Definition: »Grün kann mitverwendet werden«. Regelweg in Bornheim über das örtliche Sortiment »Obst- und Gemüseabteilung« beim Wocheneinkauf in Bornheim."	"EASY"	"Fenchel: gewöhnlicher lokaler Bezugsweg über den Bereich »Obst- und Gemüseabteilung«."	"OPTIONAL"	""	"GENERAL_LOCAL"	"Die Beschaffung von „Fenchel“ erfolgt in Rostock über die Gemüseabteilung eines gewöhnlichen großen Rostocker Supermarkts."	"EASY"	"Fenchel: gewöhnlicher lokaler Bezugsweg über den Bereich »Fenchel«."	"OPTIONAL"	""	"TOBIAS_ROSTOCK_PROFILE"	"PROPOSED_FOR_HUMAN_REVIEW"
"FENNEL_SEED"	"Fenchelsaat"	"APPLICABLE"	"Getrocknete Fenchelfrüchte mit süßlich-anisartigem Aroma; ganz oder gemahlen, nicht Fenchelknolle."	"GENERAL_LOCAL"	"Katalogpfad Gewürz oder trockenes Würzmittel. Warengruppe Gewürz, formrelevanter Prüfhinweis aus der vollständigen Definition: »ganz oder gemahlen, nicht Fenchelknolle«. Regelweg in Bornheim über den regulären Bornheimer Regalweg »Gewürz- und Trockenwürzregal«."	"EASY"	"Fenchelsaat: gewöhnlicher lokaler Bezugsweg über den Bereich »Gewürz- und Trockenwürzregal«."	"OPTIONAL"	""	"GENERAL_LOCAL"	"Beim Einkauf von „Fenchelsaat“ nutzt Tobias das Gewürz- oder Backregal eines gewöhnlichen großen Rostocker Supermarkts."	"EASY"	"Fenchelsaat: gewöhnlicher lokaler Bezugsweg über den Bereich »Fenchelsaat«."	"OPTIONAL"	""	"RATING_RECONCILED_V2|TOBIAS_ROSTOCK_PROFILE"	"PROPOSED_FOR_HUMAN_REVIEW"
"FENUGREEK"	"Bockshornklee"	"APPLICABLE"	"Bockshornkleesamen mit herb-würzigem, leicht bitterem Aroma; ganz oder gemahlen sparsam verwendbar."	"SPECIALTY_BROAD"	"Katalogpfad Gewürz oder trockenes Würzmittel. Warengruppe Gewürz, formrelevanter Prüfhinweis aus der vollständigen Definition: »ganz oder gemahlen sparsam verwendbar«. Breiter einschlägiger Spezialmarkt über den freigegebenen v2-Anker mit dem Kerngrund »Breit im indisch-/arabisch geprägten Gewürz- und Spezialhandel etabliert aber kein robuster allgemeiner Handelsstandard«."	"SPECIALTY"	"Bockshornklee: Breit im indisch-/arabisch geprägten Gewürz- und Spezialhandel etabliert aber kein robuster allgemeiner Handelsstandard."	"REQUIRED"	"AV2E-064"	"SPECIALTY_BROAD"	"Bockshornklee: Breit im indisch-/arabisch geprägten Gewürz- und Spezialhandel etabliert aber kein robuster allgemeiner Handelsstandard."	"SPECIALTY"	"Bockshornklee: Breit im indisch-/arabisch geprägten Gewürz- und Spezialhandel etabliert aber kein robuster allgemeiner Handelsstandard."	"REQUIRED"	"AV2E-064"	"EVIDENCE_REQUIRED|REFERENCE_ANCHOR|REFERENCE_ANCHOR_V2|RESEARCH_REQUIRED|SPECIALTY_MARKET_BREADTH|TOBIAS_ROSTOCK_PROFILE"	"RATING_APPROVED_NOTE_PROPOSED_REFERENCE_ANCHOR_V2"
"FERMENTED_BLACK_BEANS"	"fermentierte schwarze Bohnen"	"APPLICABLE"	"Salzig fermentierte schwarze Sojabohnen nach Douchi-Art; als Würzzutat gemeint, nicht gewöhnliche schwarze Bohnen."	"SPECIALTY_BROAD"	"Katalogpfad schwarze Bohnen → fermentierte Würzzutat → Bohnen → Sauce, Würzmittel oder Paste. Warengruppe Sauce oder Würzpaste, formrelevanter Prüfhinweis aus der vollständigen Definition: »als Würzzutat gemeint, nicht gewöhnliche schwarze Bohnen«. Breiter einschlägiger Spezialmarkt über den freigegebenen v2-Anker mit dem Kerngrund »Typischer Artikel des breiten chinesisch-asiatischen Spezialhandels aber kein allgemeiner deutscher Standard«."	"SPECIALTY"	"fermentierte schwarze Bohnen: Typischer Artikel des breiten chinesisch-asiatischen Spezialhandels aber kein allgemeiner deutscher Standard."	"REQUIRED"	"AV2E-060"	"SPECIALTY_BROAD"	"fermentierte schwarze Bohnen: Typischer Artikel des breiten chinesisch-asiatischen Spezialhandels aber kein allgemeiner deutscher Standard."	"SPECIALTY"	"fermentierte schwarze Bohnen: Typischer Artikel des breiten chinesisch-asiatischen Spezialhandels aber kein allgemeiner deutscher Standard."	"REQUIRED"	"AV2E-060"	"EVIDENCE_REQUIRED|REFERENCE_ANCHOR|REFERENCE_ANCHOR_V2|RESEARCH_REQUIRED|SPECIALTY_MARKET_BREADTH|TOBIAS_ROSTOCK_PROFILE"	"RATING_APPROVED_NOTE_PROPOSED_REFERENCE_ANCHOR_V2"
"FERMENTED_CUCUMBER"	"Salzgurke"	"APPLICABLE"	"Milchsauer in Salzlake fermentierte Gurke; bewusst von essigbasierter Gewürzgurke getrennt."	"GENERAL_BROAD"	"Violey – Marschland milchsaure Gurken belegt formgenau: Violey führt Gurken, die ausdrücklich milchsauer in Wasser, Salz und Dill vergoren wurden, als lagernde Glasware. Für Georgia in Bornheim gilt: Deutschlandweiter Standardversand nach Bornheim und Rostock; Logistik STANDARD_SHIPPING. Der Nachweis gilt für Salzlakefermentation und nicht für gewöhnliche essiggesäuerte Gewürzgurken; Einzelbestand bleibt endlich."	"PLANNED"	"Salzgurke: Violey führt Gurken, die ausdrücklich milchsauer in Wasser, Salz und Dill vergoren wurden, als lagernde Glasware."	"REQUIRED"	"AV2N-A-0088|AV2N-P-0010"	"GENERAL_BROAD"	"Violey – Marschland milchsaure Gurken belegt formgenau: Violey führt Gurken, die ausdrücklich milchsauer in Wasser, Salz und Dill vergoren wurden, als lagernde Glasware. Für Tobias in Rostock gilt: Deutschlandweiter Standardversand nach Bornheim und Rostock; Logistik STANDARD_SHIPPING. Der Nachweis gilt für Salzlakefermentation und nicht für gewöhnliche essiggesäuerte Gewürzgurken; Einzelbestand bleibt endlich."	"PLANNED"	"Salzgurke: Violey führt Gurken, die ausdrücklich milchsauer in Wasser, Salz und Dill vergoren wurden, als lagernde Glasware."	"OPTIONAL"	"AV2N-A-0088|AV2N-P-0010"	"BORDERLINE_PLANNED|EVIDENCE_REQUIRED|RATING_RECONCILED_V2|TOBIAS_ROSTOCK_PROFILE"	"PROPOSED_FOR_HUMAN_REVIEW"
"FERMENTED_SEASONINGS"	"fermentierte Würzzutat"	"APPLICABLE"	"Offene Familie fermentierter Würzsaucen, Pasten und vergleichbarer Zutaten; Rohstoff und Konsistenz bleiben offen."	"GENERAL_LOCAL"	"Katalogpfad Sauce, Würzmittel oder Paste. Warengruppe Sauce oder Würzpaste, formrelevanter Prüfhinweis aus der vollständigen Definition: »Rohstoff und Konsistenz bleiben offen«. Regelweg in Bornheim über den Bereich »Saucen-, Würzpasten- und Feinkostregal« eines gewöhnlichen Bornheimer Vollsortimenters."	"EASY"	"fermentierte Würzzutat: gewöhnlicher lokaler Bezugsweg über den Bereich »Saucen-, Würzpasten- und Feinkostregal«."	"OPTIONAL"	""	"GENERAL_LOCAL"	"Tobias prüft „fermentierte Würzzutat“ in Rostock über das Saucen-, Essig- oder Feinkostregal eines gewöhnlichen großen Rostocker Supermarkts."	"EASY"	"fermentierte Würzzutat: Rostocker Bezugsweg über das Saucen-, Essig- oder Feinkostregal eines gewöhnlichen großen Rostocker Supermarkts."	"OPTIONAL"	""	"RATING_RECONCILED_V2|TOBIAS_ROSTOCK_PROFILE"	"PROPOSED_FOR_HUMAN_REVIEW"
"FERMENTED_TOFU"	"fermentierter Tofu"	"APPLICABLE"	"In Lake gereifte Tofuwürfel mit kräftigem, salzigem Aroma und cremiger Textur; als Würzmittel, nicht als fester Tofublock."	"SPECIALTY_BROAD"	"Unabhängige panasiatische Vollsortimenter führen verschiedene Marken fermentierten Tofus regulär im Würzwarensortiment. Haltbare Gläser und Standardversand zeigen Kategorienbreite statt eines markengebundenen Einzelimports."	"SPECIALTY"	"Verschiedene Marken fermentierten Tofus sind reguläre Würzwaren unabhängiger panasiatischer Vollsortimenter; haltbare Gläser vermeiden einen fragilen Einzelimport."	"REQUIRED"	"AV2N-A-0089|AV2N-A-0090"	"SPECIALTY_BROAD"	"Unabhängige panasiatische Vollsortimenter führen verschiedene Marken fermentierten Tofus regulär im Würzwarensortiment. Haltbare Gläser und Standardversand zeigen Kategorienbreite statt eines markengebundenen Einzelimports."	"SPECIALTY"	"Verschiedene Marken fermentierten Tofus sind reguläre Würzwaren unabhängiger panasiatischer Vollsortimenter; haltbare Gläser vermeiden einen fragilen Einzelimport."	"REQUIRED"	"AV2N-A-0089|AV2N-A-0090"	"EVIDENCE_REQUIRED|RESEARCH_REQUIRED|SPECIALTY_MARKET_BREADTH|TOBIAS_ROSTOCK_PROFILE"	"PROPOSED_FOR_HUMAN_REVIEW"
"FETA"	"Feta"	"APPLICABLE"	"Salzlakenkäse nach Feta-Art aus Schafmilch mit möglichem Ziegenmilchanteil; krümelig, säuerlich und salzig."	"GENERAL_LOCAL"	"Katalogpfad Käse → gesäuertes Milchprodukt → Milchprodukte. Warengruppe Käse, formrelevanter Prüfhinweis aus der vollständigen Definition: »krümelig, säuerlich und salzig«. Regelweg in Bornheim über den regulären Bornheimer Regalweg »Käsekühlung oder Käsetheke«."	"EASY"	"Feta: gewöhnlicher lokaler Bezugsweg über den Bereich »Käsekühlung oder Käsetheke«."	"OPTIONAL"	""	"GENERAL_LOCAL"	"Tobias sucht „Feta“ in Rostock über die Käsekühlung oder Käsetheke eines gewöhnlichen großen Rostocker Supermarkts gesucht."	"EASY"	"Feta: gewöhnlicher lokaler Bezugsweg über den Bereich »Feta«."	"OPTIONAL"	""	"TOBIAS_ROSTOCK_PROFILE"	"PROPOSED_FOR_HUMAN_REVIEW"
"FIG"	"Feige"	"APPLICABLE"	"Feige mit weichem, samenreichem und honigartig süßem Fruchtfleisch; frisch oder ungesüßt getrocknet verwendbar."	"GENERAL_LOCAL"	"Katalogpfad Obst. Warengruppe Obst, formrelevanter Prüfhinweis aus der vollständigen Definition: »frisch oder ungesüßt getrocknet verwendbar«. Regelweg in Bornheim über nahe Supermarktfilialen in Bornheim mit dem Bereich »Obst- und Gemüseabteilung«."	"EASY"	"Feige: gewöhnlicher lokaler Bezugsweg über den Bereich »Obst- und Gemüseabteilung«."	"OPTIONAL"	""	"GENERAL_LOCAL"	"Tobias sucht „Feige“ in Rostock über die Obstabteilung eines gewöhnlichen großen Rostocker Supermarkts gesucht."	"EASY"	"Feige: gewöhnlicher lokaler Bezugsweg über den Bereich »Feige«."	"OPTIONAL"	""	"FORM_SENSITIVE|RATING_RECONCILED_V2|TOBIAS_ROSTOCK_PROFILE"	"PROPOSED_FOR_HUMAN_REVIEW"
"FINGERROOT"	"Fingerwurz"	"APPLICABLE"	"Fingerartige Rhizome von Boesenbergia rotunda mit erdig-zitrischem, leicht pfeffrig-kampferartigem Aroma; frisch, tiefgekühlt oder in Lake verwendbar. Nicht Ingwer oder Galgant."	"SPECIALTY_BROAD"	"Katalogpfad Gewürz oder trockenes Würzmittel. Warengruppe Gewürz, formrelevanter Prüfhinweis aus der vollständigen Definition: »Nicht Ingwer oder Galgant«. Breiter einschlägiger Spezialmarkt über die voneinander unabhängigen Händler Asia4Friends – frischer Krachai sowie Spicelands – frische Fingerwurz."	"SPECIALTY"	"Fingerwurz ist im einschlägigen Spezialmarkt breit etabliert; dokumentierte reguläre Wege sind die voneinander unabhängigen Händler Asia4Friends – frischer Krachai sowie Spicelands – frische Fingerwurz."	"REQUIRED"	"AV2N-A-0091|AV2N-A-0092"	"SPECIALTY_BROAD"	"Tobias prüft „Fingerwurz“ in Rostock über Asia4Friends – frischer Krachai und Spicelands – frische Fingerwurz, wobei die Evidenz eine vor dem Einkauf erneut zu prüfende Verfügbarkeit und Frischeversand ausweist."	"SPECIALTY"	"Fingerwurz: Rostocker Bezugsweg über Asia4Friends – frischer Krachai und Spicelands – frische Fingerwurz; dokumentiert sind eine vor dem Einkauf erneut zu prüfende Verfügbarkeit und Frischeversand."	"REQUIRED"	"AV2N-A-0091|AV2N-A-0092"	"EVIDENCE_REQUIRED|FORM_OR_ROUTE_FRAGILE|FORM_SENSITIVE|RATING_RECONCILED_V2|RESEARCH_REQUIRED|SPECIALTY_MARKET_BREADTH|TOBIAS_ROSTOCK_PROFILE"	"PROPOSED_FOR_HUMAN_REVIEW"
"FIRM_TOFU"	"fester Tofu"	"APPLICABLE"	"Fester gepresster Tofu, der schneiden, braten und marinieren verträgt; nicht Seidentofu."	"GENERAL_LOCAL"	"Katalogpfad Tofu → pflanzliches Proteinprodukt → Sojazutat → Hülsenfrüchte. Warengruppe pflanzliches Proteinprodukt, formrelevanter Prüfhinweis aus der vollständigen Definition: »nicht Seidentofu«. Regelweg in Bornheim über den lokalen Supermarktbereich »Kühlregal für Tofu und pflanzliche Proteinprodukte« in Bornheim."	"EASY"	"fester Tofu: gewöhnlicher lokaler Bezugsweg über den Bereich »Kühlregal für Tofu und pflanzliche Proteinprodukte«."	"OPTIONAL"	""	"GENERAL_LOCAL"	"Für „fester Tofu“ führt der Rostocker Marktweg über das Hülsenfrucht-, Konserven- oder Trockensortiment eines gewöhnlichen großen Rostocker Supermarkts."	"EASY"	"fester Tofu: Rostocker Bezugsweg über das Hülsenfrucht-, Konserven- oder Trockensortiment eines gewöhnlichen großen Rostocker Supermarkts."	"OPTIONAL"	""	"RATING_RECONCILED_V2|TOBIAS_ROSTOCK_PROFILE"	"PROPOSED_FOR_HUMAN_REVIEW"
"FISH"	"Fisch"	"APPLICABLE"	"Offene Vorgabe für Speisefisch; Art, Fettgehalt, Zuschnitt und Frisch- oder Konservenform bleiben echte Auswahlentscheidungen."	"GENERAL_LOCAL"	"Katalogpfad Fisch und Meeresfrüchte. Warengruppe Fisch oder Meeresfrucht, formrelevanter Prüfhinweis aus der vollständigen Definition: »Art, Fettgehalt, Zuschnitt und Frisch- oder Konservenform bleiben echte Auswahlentscheidungen«. Regelweg in Bornheim über ortsübliche Vollsortimenter rund um Bornheim, konkret im Bereich »Fischkühlung, Fischtheke oder Tiefkühlabteilung«."	"EASY"	"Fisch: Der offene Begriff kann durch gängigen frischen oder tiefgekühlten Speisefisch aus dem normalen Supermarkt erfüllt werden."	"OPTIONAL"	"AV2E-004"	"GENERAL_LOCAL"	"Fisch: Der offene Begriff kann durch gängigen frischen oder tiefgekühlten Speisefisch aus dem normalen Supermarkt erfüllt werden."	"EASY"	"Fisch: Der offene Begriff kann durch gängigen frischen oder tiefgekühlten Speisefisch aus dem normalen Supermarkt erfüllt werden."	"OPTIONAL"	"AV2E-004"	"FORM_SENSITIVE|REFERENCE_ANCHOR|REFERENCE_ANCHOR_V2|TOBIAS_ROSTOCK_PROFILE"	"RATING_APPROVED_NOTE_PROPOSED_REFERENCE_ANCHOR_V2"
"FISH_MINT"	"Fischminze"	"APPLICABLE"	"Frische Fischminzenblätter mit intensiv kräuterigem, zitrisch-fischigem Aroma; vor allem roh in Kräutertellern, Salaten und zu Fleisch- oder Suppengerichten. Trotz des Namens keine Minzart."	"NICHE_IMPORT"	"Katalogpfad Kräuter und Würzblätter. Warengruppe frisches Würzkraut, formrelevanter Prüfhinweis aus der vollständigen Definition: »Trotz des Namens keine Minzart«. Der v2-Anker hält den Engpass fest: Essbare lebende Pflanze beziehungsweise frische Blätter nur über wenige spezialisierte Pflanzen- oder Asia-Wege keine breite Spezialmarktware."	"DIFFICULT"	"Fischminze: Essbare lebende Pflanze beziehungsweise frische Blätter nur über wenige spezialisierte Pflanzen- oder Asia-Wege; keine breite Spezialmarktware."	"REQUIRED"	"AV2E-077"	"NICHE_IMPORT"	"Fischminze: Essbare lebende Pflanze beziehungsweise frische Blätter nur über wenige spezialisierte Pflanzen- oder Asia-Wege; keine breite Spezialmarktware."	"DIFFICULT"	"Fischminze: Essbare lebende Pflanze beziehungsweise frische Blätter nur über wenige spezialisierte Pflanzen- oder Asia-Wege; keine breite Spezialmarktware."	"REQUIRED"	"AV2E-077"	"EVIDENCE_REQUIRED|FORM_OR_LOGISTICS_RISK|FORM_OR_ROUTE_FRAGILE|FORM_SENSITIVE|REFERENCE_ANCHOR|REFERENCE_ANCHOR_V2|RESEARCH_REQUIRED|TOBIAS_ROSTOCK_PROFILE"	"RATING_APPROVED_NOTE_PROPOSED_REFERENCE_ANCHOR_V2"
"FISH_ROE"	"Fischrogen"	"APPLICABLE"	"Offene Vorgabe für essbare Fischeier; Fischart, Körnung, Salzgrad und Verarbeitung bleiben offen."	"GENERAL_BROAD"	"Deutsche See – Kaviar- und Fischrogen-Kategorie belegt: Die aktuelle Kategorie bündelt mehrere essbare Fischrogenarten, darunter Forellen- und Keta-Lachsrogen, mit konkreten Produktseiten und gekühlter Wunschzustellung. Der Bezug erfolgt über Deutschland und Österreich; gekühlte GO!-Express-Lieferung zum Wunschtermin; maßgeblich ist CHILLED_SHIPPING. Art, Körnung, Salzgrad und Einzelbestand sind je Rezept und Liefertermin gesondert auszuwählen."	"PLANNED"	"Fischrogen: Die aktuelle Kategorie bündelt mehrere essbare Fischrogenarten, darunter Forellen- und Keta-Lachsrogen, mit konkreten Produktseiten und gekühlter Wunschzustellung."	"OPTIONAL"	"AV2N-A-0093"	"GENERAL_BROAD"	"Deutsche See – Kaviar- und Fischrogen-Kategorie belegt: Die aktuelle Kategorie bündelt mehrere essbare Fischrogenarten, darunter Forellen- und Keta-Lachsrogen, mit konkreten Produktseiten und gekühlter Wunschzustellung. Der Bezug erfolgt über Deutschland und Österreich; gekühlte GO!-Express-Lieferung zum Wunschtermin; maßgeblich ist CHILLED_SHIPPING. Art, Körnung, Salzgrad und Einzelbestand sind je Rezept und Liefertermin gesondert auszuwählen."	"PLANNED"	"Fischrogen: Die aktuelle Kategorie bündelt mehrere essbare Fischrogenarten, darunter Forellen- und Keta-Lachsrogen, mit konkreten Produktseiten und gekühlter Wunschzustellung."	"REQUIRED"	"AV2N-A-0093"	"RESEARCH_REQUIRED|TOBIAS_ROSTOCK_PROFILE"	"PROPOSED_FOR_HUMAN_REVIEW"
"FISH_SAUCE"	"Fischsauce"	"APPLICABLE"	"Salzige fermentierte Würzsauce aus Fisch und Salz mit intensivem Umami; nicht Fischfond."	"GENERAL_BROAD"	"Katalogpfad fermentierte Würzzutat → fertige Sauce oder Würzpaste → Sauce, Würzmittel oder Paste. Warengruppe Sauce oder Würzpaste, formrelevanter Prüfhinweis aus der vollständigen Definition: »nicht Fischfond«. Allgemein planbarer, aber nicht lokal garantierter Weg über eine gezielte Filial- oder Bestellprüfung für Sauce oder Würzpaste im allgemeinen deutschen Handel."	"PLANNED"	"Fischsauce ist über eine gezielte Filial- oder Bestellprüfung für Sauce oder Würzpaste im allgemeinen deutschen Handel planbar, lokal aber kein verlässlicher Standardartikel."	"OPTIONAL"	""	"GENERAL_BROAD"	"Die Beschaffung von „Fischsauce“ erfolgt in Rostock über gut sortierte Vollsortimenter und etablierte deutsche Feinkost- oder Würzsaucenhändler."	"PLANNED"	"Fischsauce: Die Beschaffung von „Fischsauce“ erfolgt in Rostock über gut sortierte Vollsortimenter und etablierte deutsche Feinkost- oder Würzsaucenhändler."	"OPTIONAL"	""	"TOBIAS_ROSTOCK_PROFILE"	"PROPOSED_FOR_HUMAN_REVIEW"
"FISH_STOCK"	"Fischfond"	"APPLICABLE"	"Brühe oder Fond auf Basis von Fischgräten und -abschnitten; nicht Dashi oder Fischsauce."	"GENERAL_BROAD"	"Katalogpfad Brühe oder Fond. Warengruppe Brühe oder Fond, formrelevanter Prüfhinweis aus der vollständigen Definition: »nicht Dashi oder Fischsauce«. Allgemein planbarer, aber nicht lokal garantierter Weg über einen vorbereiteten Einkauf im gut sortierten Bereich »Brühen-, Fond- und Suppenregal«."	"PLANNED"	"Fischfond ist über einen vorbereiteten Einkauf im gut sortierten Bereich »Brühen-, Fond- und Suppenregal« im allgemeinen deutschen Handel planbar, lokal aber kein verlässlicher Standardartikel."	"OPTIONAL"	""	"GENERAL_BROAD"	"Für „Fischfond“ führt der Rostocker Marktweg über gut sortierte Vollsortimenter und etablierte deutsche Fonds- oder Feinkosthändler."	"PLANNED"	"Fischfond: Rostocker Bezugsweg über gut sortierte Vollsortimenter und etablierte deutsche Fonds- oder Feinkosthändler."	"OPTIONAL"	""	"TOBIAS_ROSTOCK_PROFILE"	"PROPOSED_FOR_HUMAN_REVIEW"
"FIVE_SPICE"	"Fünf-Gewürze-Pulver"	"APPLICABLE"	"Chinesisch geprägte Gewürzmischung mit typischerweise Sternanis, Fenchel, Zimt, Nelke und Szechuanpfeffer; Mischungen variieren."	"GENERAL_BROAD"	"Katalogpfad Gewürzmischung → Gewürz oder trockenes Würzmittel. Warengruppe Gewürz, formrelevanter Prüfhinweis aus der vollständigen Definition: »Mischungen variieren«. Allgemein planbarer, aber nicht lokal garantierter Weg über eine konkrete Vorbestellung oder Bestandsabfrage für Gewürz."	"PLANNED"	"Fünf-Gewürze-Pulver ist über eine konkrete Vorbestellung oder Bestandsabfrage für Gewürz im allgemeinen deutschen Handel planbar, lokal aber kein verlässlicher Standardartikel."	"OPTIONAL"	""	"GENERAL_BROAD"	"Beim Einkauf von „Fünf-Gewürze-Pulver“ nutzt Tobias gut sortierte Vollsortimenter und etablierte deutsche Gewürzhändler."	"PLANNED"	"Fünf-Gewürze-Pulver: Beim Einkauf von „Fünf-Gewürze-Pulver“ nutzt Tobias gut sortierte Vollsortimenter und etablierte deutsche Gewürzhändler."	"OPTIONAL"	""	"TOBIAS_ROSTOCK_PROFILE"	"PROPOSED_FOR_HUMAN_REVIEW"
"FLATBREAD"	"Fladenbrot"	"APPLICABLE"	"Offene Familie flacher Brote, weich oder knusprig und mit oder ohne Triebmittel; konkrete Küche und Getreide bleiben offen."	"GENERAL_LOCAL"	"Weiches oder knuspriges Fladenbrot gehört in gewöhnlichen Bornheimer Vollsortimentern zum Brot- und Backwarenregal; abgepackte Varianten stehen bei internationalen Backwaren."	"EASY"	"Fladenbrot: Weiches oder knuspriges Fladenbrot gehört in gewöhnlichen Bornheimer Vollsortimentern zum Brot- und Backwarenregal; abgepackte Varianten stehen bei internationalen Backwaren."	"OPTIONAL"	""	"GENERAL_LOCAL"	"Für „Fladenbrot“ führt der Rostocker Marktweg über das Back-, Süßwaren- oder Brotregal eines gewöhnlichen großen Rostocker Supermarkts."	"EASY"	"Fladenbrot: Rostocker Bezugsweg über das Back-, Süßwaren- oder Brotregal eines gewöhnlichen großen Rostocker Supermarkts."	"OPTIONAL"	""	"RATING_RECONCILED_V2|TOBIAS_ROSTOCK_PROFILE"	"PROPOSED_FOR_HUMAN_REVIEW"
"FLATBROD"	"Flatbrød"	"APPLICABLE"	"Sehr dünnes, trockenes und knuspriges norwegisches Fladenbrot nach Flatbrød-Art. Traditionelle Getreidebasis kann variieren. Nicht generisches Knäckebrot oder beliebiges weiches Fladenbrot."	"NICHE_IMPORT"	"Katalogpfad Fladenbrot → Brot oder Fladenbrot → Backware → stärkehaltige Zutat oder Sättigungsbeilage. Warengruppe Getreide- oder Stärkeware, formrelevanter Prüfhinweis aus der vollständigen Definition: »Nicht generisches Knäckebrot oder beliebiges weiches Fladenbrot«. Der v2-Anker hält den Engpass fest: Enges norwegisches Importsortiment einzelne Listings und schwankender Bestand genügen nicht für breite Spezialmarktpräsenz."	"DIFFICULT"	"Flatbrød: Enges norwegisches Importsortiment; einzelne Listings und schwankender Bestand genügen nicht für breite Spezialmarktpräsenz."	"REQUIRED"	"AV2E-082"	"NICHE_IMPORT"	"Flatbrød: Enges norwegisches Importsortiment; einzelne Listings und schwankender Bestand genügen nicht für breite Spezialmarktpräsenz."	"DIFFICULT"	"Flatbrød: Enges norwegisches Importsortiment; einzelne Listings und schwankender Bestand genügen nicht für breite Spezialmarktpräsenz."	"REQUIRED"	"AV2E-082"	"EVIDENCE_REQUIRED|FORM_OR_LOGISTICS_RISK|FORM_OR_ROUTE_FRAGILE|REFERENCE_ANCHOR|REFERENCE_ANCHOR_V2|RESEARCH_REQUIRED|TOBIAS_ROSTOCK_PROFILE"	"RATING_APPROVED_NOTE_PROPOSED_REFERENCE_ANCHOR_V2"
"FLAXSEED"	"Leinsamen"	"APPLICABLE"	"Leinsamen mit nussigem Geschmack und hoher Quell- beziehungsweise Bindefähigkeit; ganz oder geschrotet verwendbar."	"GENERAL_LOCAL"	"Katalogpfad Kerne und Samen. Warengruppe Nuss, Saat oder Mus, formrelevanter Prüfhinweis aus der vollständigen Definition: »ganz oder geschrotet verwendbar«. Regelweg in Bornheim über den regulären Bornheimer Regalweg »Nuss-, Saaten- oder Nussmusregal«."	"EASY"	"Leinsamen: gewöhnlicher lokaler Bezugsweg über den Bereich »Nuss-, Saaten- oder Nussmusregal«."	"OPTIONAL"	""	"GENERAL_LOCAL"	"Beim Einkauf von „Leinsamen“ nutzt Tobias das Nuss-, Saaten-, Back- oder Brotaufstrichregal eines gewöhnlichen großen Rostocker Supermarkts."	"EASY"	"Leinsamen: gewöhnlicher lokaler Bezugsweg über den Bereich »Leinsamen«."	"OPTIONAL"	""	"TOBIAS_ROSTOCK_PROFILE"	"PROPOSED_FOR_HUMAN_REVIEW"
"FLEUR_DE_SEL"	"Fleur de sel"	"APPLICABLE"	"Feine, an der Oberfläche von Salzgärten abgeschöpfte Meersalzkristalle nach Fleur-de-sel-Art; nicht gewöhnliches Tafelsalz und nicht beliebiges grobes Meersalz. Keine Herkunft aus Guérande wird vorausgesetzt."	"GENERAL_BROAD"	"Handgeschöpfte Salzblüten über allgemeinen Gewürzversand; Ankerkraut führt Fleur de Sel als lagernde Oberflächenkristalle mit Deutschlandlieferung."	"PLANNED"	"Fleur de sel: Handgeschöpfte Salzblüten über allgemeinen Gewürzversand; Ankerkraut führt Fleur de Sel als lagernde Oberflächenkristalle mit Deutschlandlieferung."	"REQUIRED"	"AV2N-A-0094"	"GENERAL_BROAD"	"Handgeschöpfte Salzblüten sind bei Ankerkraut als lagernde Oberflächenkristalle mit Deutschlandversand gelistet."	"PLANNED"	"Fleur de sel: Handgeschöpfte Salzblüten sind bei Ankerkraut als lagernde Oberflächenkristalle mit Deutschlandversand gelistet."	"OPTIONAL"	"AV2N-A-0094"	"BORDERLINE_PLANNED|EVIDENCE_REQUIRED|TOBIAS_ROSTOCK_PROFILE"	"PROPOSED_FOR_HUMAN_REVIEW"
"FLOUR"	"Mehl"	"APPLICABLE"	"Offene Vorgabe für fein gemahlenes Getreide, Pseudogetreide oder Hülsenfrüchte; Rohstoff und Backeigenschaften bleiben wählbar."	"GENERAL_LOCAL"	"Katalogpfad stärkehaltige Zutat oder Sättigungsbeilage. Warengruppe Getreide- oder Stärkeware, formrelevanter Prüfhinweis aus der vollständigen Definition: »Rohstoff und Backeigenschaften bleiben wählbar«. Regelweg in Bornheim über nahe Supermarktfilialen in Bornheim mit dem Bereich »Reis-, Mehl-, Nudel- oder Trockenwarenregal«."	"EASY"	"Mehl: gewöhnlicher lokaler Bezugsweg über den Bereich »Reis-, Mehl-, Nudel- oder Trockenwarenregal«."	"OPTIONAL"	""	"GENERAL_LOCAL"	"Tobias prüft „Mehl“ in Rostock über das Getreide-, Mehl-, Reis- oder Teigwarenregal eines gewöhnlichen großen Rostocker Supermarkts."	"EASY"	"Mehl: Rostocker Bezugsweg über das Getreide-, Mehl-, Reis- oder Teigwarenregal eines gewöhnlichen großen Rostocker Supermarkts."	"OPTIONAL"	""	"TOBIAS_ROSTOCK_PROFILE"	"PROPOSED_FOR_HUMAN_REVIEW"
"FLOWER_VEGETABLES"	"Blütengemüse"	"APPLICABLE"	"Offene Vorgabe für Gemüse, dessen Blütenstand oder Blütenknospe im Mittelpunkt steht, etwa Brokkoli oder Artischocke."	"GENERAL_LOCAL"	"Katalogpfad Gemüse. Warengruppe Gemüse oder Pilz, formrelevanter Prüfhinweis aus der vollständigen Definition: »Blütenknospe im Mittelpunkt steht, etwa Brokkoli oder Artischocke«. Regelweg in Bornheim über die gewöhnliche Bornheimer Auslage »Obst- und Gemüseabteilung«."	"EASY"	"Blütengemüse: gewöhnlicher lokaler Bezugsweg über den Bereich »Obst- und Gemüseabteilung«."	"OPTIONAL"	""	"GENERAL_LOCAL"	"Beim Einkauf von „Blütengemüse“ nutzt Tobias die Gemüseabteilung eines gewöhnlichen großen Rostocker Supermarkts."	"EASY"	"Blütengemüse: gewöhnlicher lokaler Bezugsweg über den Bereich »Blütengemüse«."	"OPTIONAL"	""	"TOBIAS_ROSTOCK_PROFILE"	"PROPOSED_FOR_HUMAN_REVIEW"
"FOIE_GRAS"	"Foie gras"	"APPLICABLE"	"Fettleberprodukt aus Ente oder Gans; umfasst rohe beziehungsweise zur weiteren Verarbeitung geeignete sowie klassische ganze oder Block-Produktformen. Nicht gewöhnliche Leber und nicht mit Leberpastete gleichsetzen."	"GENERAL_BROAD"	"GOURMET VERSAND führt eine ganze Entenstopfleber als 100-prozentige Foie gras im 180-g-Glas aktuell lagernd. Der 0–7-°C-Artikel erreicht Bornheim per gekühltem Express und belegt genau eine klassische ganze Produktform."	"PLANNED"	"Foie gras: GOURMET VERSAND führt eine ganze Entenstopfleber als 100-prozentige Foie gras im 180-g-Glas aktuell lagernd. Der 0–7-°C-Artikel erreicht Bornheim per gekühltem Express und belegt genau eine klassische ganze Produktform."	"REQUIRED"	"AV2N-A-0095"	"GENERAL_BROAD"	"Die konkrete Rostocker Route ist Rougié Entenstopfleber Entier im 180-g-Glas bei GOURMET VERSAND. Aktueller Bestand und 0–7-°C-Vorgabe verlangen einen terminierten Kühl-Express."	"PLANNED"	"Foie gras: Die konkrete Rostocker Route ist Rougié Entenstopfleber Entier im 180-g-Glas bei GOURMET VERSAND. Aktueller Bestand und 0–7-°C-Vorgabe verlangen einen terminierten Kühl-Express."	"REQUIRED"	"AV2N-A-0095"	"BORDERLINE_PLANNED|EVIDENCE_REQUIRED|RESEARCH_REQUIRED|TOBIAS_ROSTOCK_PROFILE"	"PROPOSED_FOR_HUMAN_REVIEW"
"FRANKFURT_GREEN_SAUCE"	"Frankfurter Grüne Soße"	"APPLICABLE"	"Frankfurter Kräutersauce mit charakteristischer Sieben-Kräuter-Basis; weitere Bestandteile und genaue Rezeptur können variieren. Gemeint ist die zubereitete Sauce, nicht lediglich das Kräuterpäckchen."	"NICHE_IMPORT"	"Katalogpfad fertige Sauce oder Würzpaste → Sauce, Würzmittel oder Paste. Warengruppe Sauce oder Würzpaste, formrelevanter Prüfhinweis aus der vollständigen Definition: »Gemeint ist die zubereitete Sauce, nicht lediglich das Kräuterpäckchen«. Nur der schmale Händlerweg über REWE – Wilhelm Brandenburg Grüne Soße ist positiv belegt; Kühlversand begrenzt Form, Bestand oder Logistik."	"DIFFICULT"	"Frankfurter Grüne Soße: Nur der schmale Händlerweg über REWE – Wilhelm Brandenburg Grüne Soße ist positiv belegt; Kühlversand begrenzt Form, Bestand oder Logistik."	"REQUIRED"	"AV2N-A-0096"	"NICHE_IMPORT"	"Tobias prüft „Frankfurter Grüne Soße“ in Rostock über REWE – Wilhelm Brandenburg Grüne Soße, wobei die Evidenz eine vor dem Einkauf erneut zu prüfende Verfügbarkeit und Kühlversand ausweist."	"DIFFICULT"	"Frankfurter Grüne Soße: Rostocker Bezugsweg über REWE – Wilhelm Brandenburg Grüne Soße; dokumentiert sind eine vor dem Einkauf erneut zu prüfende Verfügbarkeit und Kühlversand."	"REQUIRED"	"AV2N-A-0096"	"BORDERLINE_PLANNED|EVIDENCE_REQUIRED|FORM_OR_LOGISTICS_RISK|RATING_RECONCILED_V2|RESEARCH_REQUIRED|TOBIAS_ROSTOCK_PROFILE"	"PROPOSED_FOR_HUMAN_REVIEW"
"FREEKEH"	"Freekeh"	"APPLICABLE"	"Grün geernteter, gerösteter und gebrochener Weizen mit rauchig-nussigem Geschmack und festem Biss."	"GENERAL_BROAD"	"Katalogpfad Getreide oder Pseudogetreide → stärkehaltige Zutat oder Sättigungsbeilage. Warengruppe Getreide- oder Stärkeware, formrelevanter Prüfhinweis aus der vollständigen Definition: »gebrochener Weizen mit rauchig-nussigem Geschmack und festem Biss«. Allgemein planbarer, aber nicht lokal garantierter Weg über einen vorbereiteten Einkauf im gut sortierten Bereich »Reis-, Mehl-, Nudel- oder Trockenwarenregal«."	"PLANNED"	"Freekeh ist über einen vorbereiteten Einkauf im gut sortierten Bereich »Reis-, Mehl-, Nudel- oder Trockenwarenregal« im allgemeinen deutschen Handel planbar, lokal aber kein verlässlicher Standardartikel."	"OPTIONAL"	""	"GENERAL_BROAD"	"Der konkrete Bezug von „Freekeh“ läuft über gut sortierte Vollsortimenter und etablierte deutsche Bio- oder Trockenwarenhändler."	"PLANNED"	"Freekeh: Der konkrete Bezug von „Freekeh“ läuft über gut sortierte Vollsortimenter und etablierte deutsche Bio- oder Trockenwarenhändler."	"OPTIONAL"	""	"TOBIAS_ROSTOCK_PROFILE"	"PROPOSED_FOR_HUMAN_REVIEW"
"FRENCH_FRIES"	"Pommes frites"	"APPLICABLE"	"Pommes frites als eigenständige Kartoffel-Produktform: in Stäbchen geschnittene und frittierte beziehungsweise typischerweise vorfrittierte Kartoffeln. Umfasst auch handelsübliche tiefgekühlte Pommes; nicht beliebige Bratkartoffeln, Kartoffelspalten oder Chips."	"GENERAL_LOCAL"	"Katalogpfad Kartoffel → Wurzel- und Knollengemüse → stärkehaltige Zutat oder Sättigungsbeilage → Gemüse. Warengruppe tiefgekühlte Kartoffelbeilage, formrelevanter Prüfhinweis aus der vollständigen Definition: »nicht beliebige Bratkartoffeln, Kartoffelspalten oder Chips«. Regelweg in Bornheim über den regulären Bornheimer Regalweg »Tiefkühlregal für Kartoffelprodukte«."	"EASY"	"Pommes frites: gewöhnlicher lokaler Bezugsweg über den Bereich »Tiefkühlregal für Kartoffelprodukte«."	"OPTIONAL"	""	"GENERAL_LOCAL"	"Tobias prüft „Pommes frites“ in Rostock über Tiefkühlregal für Kartoffel- und Convenienceprodukte gewöhnlicher großer Rostocker Supermärkte."	"EASY"	"Pommes frites: Rostocker Bezugsweg über Tiefkühlregal für Kartoffel- und Convenienceprodukte gewöhnlicher großer Rostocker Supermärkte."	"OPTIONAL"	""	"FORM_SENSITIVE|TOBIAS_ROSTOCK_PROFILE"	"PROPOSED_FOR_HUMAN_REVIEW"
"FRESH_DAIRY_PRODUCTS"	"frisches Milchprodukt"	"APPLICABLE"	"Offene Vorgabe für frische, nicht gereifte Milchprodukte wie Milch, Sahne oder Frischkäse."	"GENERAL_LOCAL"	"Katalogpfad Milchprodukte. Warengruppe Milchprodukt, formrelevanter Prüfhinweis aus der vollständigen Definition: »nicht gereifte Milchprodukte wie Milch, Sahne oder Frischkäse«. Regelweg in Bornheim über nahe Supermarktfilialen in Bornheim mit dem Bereich »Molkereikühlregal«."	"EASY"	"frisches Milchprodukt: gewöhnlicher lokaler Bezugsweg über den Bereich »Molkereikühlregal«."	"OPTIONAL"	""	"GENERAL_LOCAL"	"Tobias sucht „frisches Milchprodukt“ in Rostock über die Molkereikühlung eines gewöhnlichen großen Rostocker Supermarkts gesucht."	"EASY"	"frisches Milchprodukt: gewöhnlicher lokaler Bezugsweg über den Bereich »frisches Milchprodukt«."	"OPTIONAL"	""	"FORM_SENSITIVE|TOBIAS_ROSTOCK_PROFILE"	"PROPOSED_FOR_HUMAN_REVIEW"
"FRESH_HERBS"	"Kräuter und Würzblätter"	"NOT_APPLICABLE_STRUCTURE"	""	""	""	""	""	""	""	""	""	""	""	""	""	""	"APPROVED_NOT_APPLICABLE"
"FRESH_TURMERIC"	"frischer Kurkuma"	"APPLICABLE"	"Frisches Kurkuma-Rhizom mit erdig-pfeffrigem Aroma und starker gelber Färbung; nicht getrocknetes Pulver."	"SPECIALTY_BROAD"	"Frische Kurkumawurzel ist bei mehreren unabhängigen Asia-Frischehändlern regulär erhältlich; zusätzliche allgemeine Gemüse- und Bio-Listings bleiben filialabhängig und erzwingen keine leichtere Stufe."	"SPECIALTY"	"Frische Kurkumawurzel ist über mehrere unabhängige Asia-Frischehändler regulär erhältlich; allgemeine Supermarktlistings bleiben filialabhängig."	"REQUIRED"	"AV2N-A-0097|AV2N-P-0011|AV2N-P-0012"	"SPECIALTY_BROAD"	"Frische Kurkumawurzel ist bei mehreren unabhängigen Asia-Frischehändlern regulär erhältlich; zusätzliche allgemeine Gemüse- und Bio-Listings bleiben filialabhängig und erzwingen keine leichtere Stufe."	"SPECIALTY"	"Frische Kurkumawurzel ist über mehrere unabhängige Asia-Frischehändler regulär erhältlich; allgemeine Supermarktlistings bleiben filialabhängig."	"REQUIRED"	"AV2N-A-0097|AV2N-P-0011|AV2N-P-0012"	"EVIDENCE_REQUIRED|FORM_SENSITIVE|RATING_RECONCILED_V2|RESEARCH_REQUIRED|SPECIALTY_MARKET_BREADTH|TOBIAS_ROSTOCK_PROFILE"	"PROPOSED_FOR_HUMAN_REVIEW"
"FRESHWATER_SNAILS"	"Süßwasserschnecken"	"APPLICABLE"	"Offene Vorgabe für essbare Süßwasserschnecken, ganz oder ausgelöst und küchenfertig gereinigt. Nicht Weinberg- oder Meeresschnecken und nicht bereits zubereitete Schneckensuppe."	"NICHE_IMPORT"	"Katalogpfad essbare Schnecken → Schalen- und Krustentiere → Weichtiere → Fisch und Meeresfrüchte. Warengruppe Fisch oder Meeresfrucht, formrelevanter Prüfhinweis aus der vollständigen Definition: »Nicht Weinberg- oder Meeresschnecken und nicht bereits zubereitete Schneckensuppe«. Der v2-Anker hält den Engpass fest: Exaktes TK-Schneckenfleisch über wenige Spezialimporteure und Tiefkühlversand enger Markt."	"DIFFICULT"	"Süßwasserschnecken: Exaktes TK-Schneckenfleisch über wenige Spezialimporteure und Tiefkühlversand; enger Markt."	"REQUIRED"	"AV2E-086"	"NICHE_IMPORT"	"Süßwasserschnecken: Exaktes TK-Schneckenfleisch über wenige Spezialimporteure und Tiefkühlversand; enger Markt."	"DIFFICULT"	"Süßwasserschnecken: Exaktes TK-Schneckenfleisch über wenige Spezialimporteure und Tiefkühlversand; enger Markt."	"REQUIRED"	"AV2E-086"	"EVIDENCE_REQUIRED|FORM_OR_LOGISTICS_RISK|FORM_OR_ROUTE_FRAGILE|REFERENCE_ANCHOR|REFERENCE_ANCHOR_V2|RESEARCH_REQUIRED|TOBIAS_ROSTOCK_PROFILE"	"RATING_APPROVED_NOTE_PROPOSED_REFERENCE_ANCHOR_V2"
"FRIED_ONIONS"	"Röstzwiebeln"	"APPLICABLE"	"Knusprig frittierte Röstzwiebeln als fertige Zutat beziehungsweise Topping; nicht lediglich frisch angebratene Zwiebel."	"GENERAL_LOCAL"	"Katalogpfad Zwiebel → Lauch- und Zwiebelgemüse → Gemüse. Warengruppe Röstzwiebel oder knuspriges Topping, formrelevanter Prüfhinweis aus der vollständigen Definition: »nicht lediglich frisch angebratene Zwiebel«. Regelweg in Bornheim über den Bereich »Topping-, Röstzwiebel- oder Feinkostregal« eines gewöhnlichen Bornheimer Vollsortimenters."	"EASY"	"Röstzwiebeln: gewöhnlicher lokaler Bezugsweg über den Bereich »Topping-, Röstzwiebel- oder Feinkostregal«."	"OPTIONAL"	""	"GENERAL_LOCAL"	"Tobias prüft „Röstzwiebeln“ in Rostock über Röstzwiebel-, Topping- oder Feinkostregal gewöhnlicher großer Rostocker Supermärkte."	"EASY"	"Röstzwiebeln: Rostocker Bezugsweg über Röstzwiebel-, Topping- oder Feinkostregal gewöhnlicher großer Rostocker Supermärkte."	"OPTIONAL"	""	"FORM_SENSITIVE|TOBIAS_ROSTOCK_PROFILE"	"PROPOSED_FOR_HUMAN_REVIEW"
"FROG_LEGS"	"Froschschenkel"	"APPLICABLE"	"Essbare Froschschenkel mit zartem, mildem Fleisch; frisch oder tiefgekühlt als ganze Schenkelpaare beziehungsweise Teilstücke verwendbar."	"NICHE_IMPORT"	"Katalogpfad Fleisch. Warengruppe Fleisch, formrelevanter Prüfhinweis aus der vollständigen Definition: »frisch oder tiefgekühlt als ganze Schenkelpaare beziehungsweise Teilstücke verwendbar«. Der v2-Anker hält den Engpass fest: Wenige TK-Spezialwege und notwendige Tiefkühllogistik keine breite Präsenz im allgemeinen Asia-/Feinkostmarkt."	"DIFFICULT"	"Froschschenkel: Wenige TK-Spezialwege und notwendige Tiefkühllogistik; keine breite Präsenz im allgemeinen Asia-/Feinkostmarkt."	"REQUIRED"	"AV2E-085"	"NICHE_IMPORT"	"Froschschenkel: Wenige TK-Spezialwege und notwendige Tiefkühllogistik; keine breite Präsenz im allgemeinen Asia-/Feinkostmarkt."	"DIFFICULT"	"Froschschenkel: Wenige TK-Spezialwege und notwendige Tiefkühllogistik; keine breite Präsenz im allgemeinen Asia-/Feinkostmarkt."	"REQUIRED"	"AV2E-085"	"EVIDENCE_REQUIRED|FORM_OR_LOGISTICS_RISK|FORM_OR_ROUTE_FRAGILE|FORM_SENSITIVE|REFERENCE_ANCHOR|REFERENCE_ANCHOR_V2|RESEARCH_REQUIRED|TOBIAS_ROSTOCK_PROFILE"	"RATING_APPROVED_NOTE_PROPOSED_REFERENCE_ANCHOR_V2"
"FRUIT"	"Obst"	"APPLICABLE"	"Offene Vorgabe für kulinarisch als Obst verwendete Früchte; Art, Säure, Süße und Textur bleiben bewusst wählbar."	"GENERAL_LOCAL"	"Katalogpfad eigenständige Katalogwurzel. Warengruppe Obst, formrelevanter Prüfhinweis aus der vollständigen Definition: »Art, Säure, Süße und Textur bleiben bewusst wählbar«. Regelweg in Bornheim über den lokalen Supermarktbereich »Obst- und Gemüseabteilung« in Bornheim."	"EASY"	"Obst: gewöhnlicher lokaler Bezugsweg über den Bereich »Obst- und Gemüseabteilung«."	"OPTIONAL"	""	"GENERAL_LOCAL"	"Tobias prüft „Obst“ in Rostock über die Obstabteilung eines gewöhnlichen großen Rostocker Supermarkts."	"EASY"	"Obst: Rostocker Bezugsweg über die Obstabteilung eines gewöhnlichen großen Rostocker Supermarkts."	"OPTIONAL"	""	"TOBIAS_ROSTOCK_PROFILE"	"PROPOSED_FOR_HUMAN_REVIEW"
"FRUIT_DUMPLING"	"Obstknödel"	"APPLICABLE"	"Süßer gekochter oder gedämpfter Knödel mit Fruchtfüllung; Teig kann unter anderem Hefe-, Quark- oder Kartoffelteig sein, die verwendete Frucht variiert."	"GENERAL_BROAD"	"Das offene Konzept umfasst fruchtgefüllte Germknödel. REWE listet exakte TK-Hefeknödel mit Pflaumenfüllung im nationalen Kettenkatalog; das konkrete Sortiment bleibt standortabhängig. Der ausverkaufte MyBio-Marillenknödel ist daher nicht entscheidend."	"PLANNED"	"Die offene Obstknödelform umfasst fruchtgefüllte TK-Germknödel aus dem nationalen Supermarkt-Kettenkatalog; standortabhängiger TK-Bestand erfordert gezielte Planung."	"REQUIRED"	"AV2N-A-0098|AV2N-R-0002|AV2N-R-0009"	"GENERAL_BROAD"	"Das offene Konzept umfasst fruchtgefüllte Germknödel. REWE listet exakte TK-Hefeknödel mit Pflaumenfüllung im nationalen Kettenkatalog; das konkrete Sortiment bleibt standortabhängig. Der ausverkaufte MyBio-Marillenknödel ist daher nicht entscheidend."	"PLANNED"	"Die offene Obstknödelform umfasst fruchtgefüllte TK-Germknödel aus dem nationalen Supermarkt-Kettenkatalog; standortabhängiger TK-Bestand erfordert gezielte Planung."	"REQUIRED"	"AV2N-A-0098|AV2N-R-0002|AV2N-R-0009"	"EVIDENCE_REQUIRED|FORM_SENSITIVE|RATING_RECONCILED_V2"	"PROPOSED_FOR_HUMAN_REVIEW"
"FRUIT_VEGETABLES"	"Fruchtgemüse"	"APPLICABLE"	"Offene Vorgabe für botanische Früchte, die herzhaft als Gemüse verwendet werden, etwa Tomate, Paprika oder Kürbis."	"GENERAL_LOCAL"	"Katalogpfad Gemüse. Warengruppe Gemüse oder Pilz, formrelevanter Prüfhinweis aus der vollständigen Definition: »Gemüse verwendet werden, etwa Tomate, Paprika oder Kürbis«. Regelweg in Bornheim über ortsübliche Vollsortimenter rund um Bornheim, konkret im Bereich »Obst- und Gemüseabteilung«."	"EASY"	"Fruchtgemüse: gewöhnlicher lokaler Bezugsweg über den Bereich »Obst- und Gemüseabteilung«."	"OPTIONAL"	""	"GENERAL_LOCAL"	"Für „Fruchtgemüse“ wird das Angebot über die Gemüseabteilung eines gewöhnlichen großen Rostocker Supermarkts kontrolliert."	"EASY"	"Fruchtgemüse: gewöhnlicher lokaler Bezugsweg über den Bereich »Fruchtgemüse«."	"OPTIONAL"	""	"TOBIAS_ROSTOCK_PROFILE"	"PROPOSED_FOR_HUMAN_REVIEW"
"GAC_FRUIT"	"Gấc-Frucht"	"APPLICABLE"	"Reife Gấc-Frucht beziehungsweise ihr tief orange-rotes Fruchtfleisch um die Samen; vor allem zum Färben und mild-fruchtigen Aromatisieren von Klebreis und Festgebäck. Nicht Drachenfrucht oder bloße Lebensmittelfarbe."	"NICHE_IMPORT"	"Asia Moin führt tiefgekühltes Gấc-Fruchtfleisch aktuell mit Warenkorb und deutschem TK-Versand; ein einzelner enger Importweg trägt weiterhin DIFFICULT, widerlegt aber die frühere rein negative Evidenzlage."	"DIFFICULT"	"Tiefgekühltes Gấc-Fruchtfleisch ist über einen einzelnen deutschen Asia-Importshop lieferbar; TK-Versand und schmale Händlerbasis bleiben fragil."	"REQUIRED"	"AV2N-A-0099"	"NICHE_IMPORT"	"Asia Moin führt tiefgekühltes Gấc-Fruchtfleisch aktuell mit Warenkorb und deutschem TK-Versand; ein einzelner enger Importweg trägt weiterhin DIFFICULT, widerlegt aber die frühere rein negative Evidenzlage."	"DIFFICULT"	"Tiefgekühltes Gấc-Fruchtfleisch ist über einen einzelnen deutschen Asia-Importshop lieferbar; TK-Versand und schmale Händlerbasis bleiben fragil."	"REQUIRED"	"AV2N-A-0099"	"EVIDENCE_REQUIRED|FORM_OR_LOGISTICS_RISK|FORM_OR_ROUTE_FRAGILE|RESEARCH_REQUIRED|TOBIAS_ROSTOCK_PROFILE"	"PROPOSED_FOR_HUMAN_REVIEW"
"GALANGAL"	"Galgant"	"APPLICABLE"	"Südostasiatisches Rhizom mit zitrisch-pfeffrigem, harzigem Aroma; frisch oder tiefgekühlt, nicht mit Ingwer gleichsetzen."	"SPECIALTY_BROAD"	"Asia4Friends und Reissack sind unabhängig breit sortierte Asia-Vollsortimenter; frisches Galgant-Rhizom liegt bei beiden als reguläre Gemüseware in haushaltsüblicher 100-g-Form vor. Damit ist es kein einzelner nationaler Importkanal, auch wenn Versandtage und Frischegarantie Planung verlangen."	"SPECIALTY"	"Frischer Galgant ist reguläre Gemüseware unabhängig breit sortierter Asia-Händler; Versandtage sowie Kühl- oder Expressannahme müssen geplant werden."	"REQUIRED"	"AV2N-A-0100|AV2N-A-0101"	"SPECIALTY_BROAD"	"Asia4Friends und Reissack sind unabhängig breit sortierte Asia-Vollsortimenter; frisches Galgant-Rhizom liegt bei beiden als reguläre Gemüseware in haushaltsüblicher 100-g-Form vor. Damit ist es kein einzelner nationaler Importkanal, auch wenn Versandtage und Frischegarantie Planung verlangen."	"SPECIALTY"	"Frischer Galgant ist reguläre Gemüseware unabhängig breit sortierter Asia-Händler; Versandtage sowie Kühl- oder Expressannahme müssen geplant werden."	"REQUIRED"	"AV2N-A-0100|AV2N-A-0101"	"EVIDENCE_REQUIRED|FORM_SENSITIVE|RESEARCH_REQUIRED|SPECIALTY_MARKET_BREADTH|TOBIAS_ROSTOCK_PROFILE"	"PROPOSED_FOR_HUMAN_REVIEW"
"GAME_MEAT"	"Wildfleisch"	"APPLICABLE"	"Offene Vorgabe für Fleisch jagdbarer Wildtiere; Tierart, Zuschnitt und Intensität bleiben bewusst wählbar."	"GENERAL_BROAD"	"Katalogpfad Fleisch. Warengruppe Fleisch, formrelevanter Prüfhinweis aus der vollständigen Definition: »Tierart, Zuschnitt und Intensität bleiben bewusst wählbar«. Allgemein planbarer, aber nicht lokal garantierter Weg über eine gezielte Bestellung oder Sortimentsprüfung bei MeinMetzger – Wildfleisch."	"PLANNED"	"Wildfleisch ist über eine gezielte Bestellung oder Sortimentsprüfung bei MeinMetzger – Wildfleisch im allgemeinen deutschen Handel planbar, lokal aber kein verlässlicher Standardartikel."	"REQUIRED"	"AV2N-A-0102"	"GENERAL_BROAD"	"Für „Wildfleisch“ führt der Rostocker Marktweg über MeinMetzger – Wildfleisch, wobei die Evidenz ein dokumentiertes laufendes Angebot und Kühlversand ausweist."	"PLANNED"	"Wildfleisch: Rostocker Bezugsweg über MeinMetzger – Wildfleisch; dokumentiert sind ein dokumentiertes laufendes Angebot und Kühlversand."	"REQUIRED"	"AV2N-A-0102"	"BORDERLINE_PLANNED|EVIDENCE_REQUIRED|RESEARCH_REQUIRED|TOBIAS_ROSTOCK_PROFILE"	"PROPOSED_FOR_HUMAN_REVIEW"
"GARAM_MASALA"	"Garam Masala"	"APPLICABLE"	"Indische Gewürzmischung aus warm-aromatischen Gewürzen; Zusammensetzung und Verwendung als ganze oder gemahlene Mischung variieren."	"GENERAL_BROAD"	"Katalogpfad Gewürzmischung → Gewürz oder trockenes Würzmittel. Warengruppe Gewürz, formrelevanter Prüfhinweis aus der vollständigen Definition: »Zusammensetzung und Verwendung als ganze oder gemahlene Mischung variieren«. Die konkrete Einkaufsroute lautet für Georgia „Gewürz- und Trockenwürzregal nach formgenauer Sortimentsprüfung“."	"PLANNED"	"Garam Masala: Die konkrete Einkaufsroute lautet für Georgia „Gewürz- und Trockenwürzregal nach formgenauer Sortimentsprüfung“."	"OPTIONAL"	""	"GENERAL_BROAD"	"Für „Garam Masala“ wird das Angebot über gut sortierte Vollsortimenter und etablierte deutsche Gewürzhändler kontrolliert."	"PLANNED"	"Garam Masala: Für „Garam Masala“ wird das Angebot über gut sortierte Vollsortimenter und etablierte deutsche Gewürzhändler kontrolliert."	"OPTIONAL"	""	"TOBIAS_ROSTOCK_PROFILE"	"PROPOSED_FOR_HUMAN_REVIEW"
"GARLIC"	"Knoblauch"	"APPLICABLE"	"Knoblauchknolle mit schwefelig-scharfem, beim Garen süßlich-mildem Aroma; frisch gemeint, nicht Pulver."	"GENERAL_LOCAL"	"Katalogpfad Lauch- und Zwiebelgemüse → Gemüse. Warengruppe Gemüse oder Pilz, formrelevanter Prüfhinweis aus der vollständigen Definition: »frisch gemeint, nicht Pulver«. Regelweg in Bornheim über den regulären Bornheimer Regalweg »Obst- und Gemüseabteilung«."	"EASY"	"Frischer Knoblauch gehört zum gewöhnlichen Gemüseangebot nahezu jedes Supermarkts."	"OPTIONAL"	"AV2E-010"	"GENERAL_LOCAL"	"Frischer Knoblauch gehört zum gewöhnlichen Gemüseangebot nahezu jedes Supermarkts."	"EASY"	"Frischer Knoblauch gehört zum gewöhnlichen Gemüseangebot nahezu jedes Supermarkts."	"OPTIONAL"	"AV2E-010"	"FORM_SENSITIVE|REFERENCE_ANCHOR|REFERENCE_ANCHOR_V2|TOBIAS_ROSTOCK_PROFILE"	"RATING_APPROVED_NOTE_PROPOSED_REFERENCE_ANCHOR_V2"
"GARLIC_BUTTER"	"Knoblauchbutter"	"APPLICABLE"	"Butterzubereitung mit Knoblauch als prägendem Aroma; weitere Kräuter sind möglich, aber nicht erforderlich."	"GENERAL_LOCAL"	"Katalogpfad Butter → Kochfett → Milchprodukte. Warengruppe Milchprodukt, formrelevanter Prüfhinweis aus der vollständigen Definition: »weitere Kräuter sind möglich, aber nicht erforderlich«. Regelweg in Bornheim über ortsübliche Vollsortimenter rund um Bornheim, konkret im Bereich »Molkereikühlregal«."	"EASY"	"Knoblauchbutter: gewöhnlicher lokaler Bezugsweg über den Bereich »Molkereikühlregal«."	"OPTIONAL"	""	"GENERAL_LOCAL"	"Die Rostocker Warenprüfung für „Knoblauchbutter“ erfolgt über die Molkereikühlung eines gewöhnlichen großen Rostocker Supermarkts."	"EASY"	"Knoblauchbutter: gewöhnlicher lokaler Bezugsweg über den Bereich »Knoblauchbutter«."	"OPTIONAL"	""	"TOBIAS_ROSTOCK_PROFILE"	"PROPOSED_FOR_HUMAN_REVIEW"
"GARLIC_CHIVES"	"Knoblauch-Schnittlauch"	"APPLICABLE"	"Flaches asiatisches Schnittlauchgewächs mit deutlichem Knoblaucharoma; auch Knoblauch-Schnittlauch genannt."	"SPECIALTY_BROAD"	"Katalogpfad Lauch- und Zwiebelgemüse → Kräuter und Würzblätter → Gemüse. Warengruppe frisches Würzkraut, formrelevanter Prüfhinweis aus der vollständigen Definition: »auch Knoblauch-Schnittlauch genannt«. Breiter einschlägiger Spezialmarkt über den freigegebenen v2-Anker mit dem Kerngrund »das Bornheim-Profil hat Zugang zu großen Asia-Frischsortimenten«."	"SPECIALTY"	"Knoblauch-Schnittlauch: Georgia hat Zugang zu großen Asia-Frischsortimenten; Tobias hängt von wenigen frischen Versand- oder Zufallswegen ab."	"REQUIRED"	"AV2E-043"	"NICHE_IMPORT"	"Knoblauch-Schnittlauch: Georgia hat Zugang zu großen Asia-Frischsortimenten; Tobias hängt von wenigen frischen Versand- oder Zufallswegen ab."	"DIFFICULT"	"Knoblauch-Schnittlauch: Georgia hat Zugang zu großen Asia-Frischsortimenten; Tobias hängt von wenigen frischen Versand- oder Zufallswegen ab."	"REQUIRED"	"AV2E-044"	"EVIDENCE_REQUIRED|FORM_OR_LOGISTICS_RISK|PERSON_DIFFERENCE|REFERENCE_ANCHOR|REFERENCE_ANCHOR_V2|RESEARCH_REQUIRED|TOBIAS_ROSTOCK_PROFILE"	"RATING_APPROVED_NOTE_PROPOSED_REFERENCE_ANCHOR_V2"
"GARLIC_POWDER"	"Knoblauchpulver"	"APPLICABLE"	"Getrockneter gemahlener oder granulierter Knoblauch mit konzentriertem Aroma; nicht frischer Knoblauch oder Knoblauchsalz."	"GENERAL_LOCAL"	"Katalogpfad Gewürz oder trockenes Würzmittel. Warengruppe Gewürz, formrelevanter Prüfhinweis aus der vollständigen Definition: »nicht frischer Knoblauch oder Knoblauchsalz«. Regelweg in Bornheim über den lokalen Supermarktbereich »Gewürz- und Trockenwürzregal« in Bornheim."	"EASY"	"Knoblauchpulver: gewöhnlicher lokaler Bezugsweg über den Bereich »Gewürz- und Trockenwürzregal«."	"OPTIONAL"	""	"GENERAL_LOCAL"	"Für „Knoblauchpulver“ wird das Angebot über das Gewürz- oder Backregal eines gewöhnlichen großen Rostocker Supermarkts kontrolliert."	"EASY"	"Knoblauchpulver: gewöhnlicher lokaler Bezugsweg über den Bereich »Knoblauchpulver«."	"OPTIONAL"	""	"FORM_SENSITIVE|TOBIAS_ROSTOCK_PROFILE"	"PROPOSED_FOR_HUMAN_REVIEW"
"GHEE"	"Ghee"	"APPLICABLE"	"Geklärtes Butterreinfett mit nussigem Aroma und hoher Hitzetoleranz; nahezu frei von Wasser und Milcheiweiß."	"GENERAL_BROAD"	"Katalogpfad Kochfett → Milchprodukte. Warengruppe Speiseöl oder Kochfett, formrelevanter Prüfhinweis aus der vollständigen Definition: »nahezu frei von Wasser und Milcheiweiß«. Allgemein planbarer, aber nicht lokal garantierter Weg über einen vorbereiteten Einkauf im gut sortierten Bereich »Öl- und Kochfettregal«."	"PLANNED"	"Ghee ist über einen vorbereiteten Einkauf im gut sortierten Bereich »Öl- und Kochfettregal« im allgemeinen deutschen Handel planbar, lokal aber kein verlässlicher Standardartikel."	"OPTIONAL"	""	"GENERAL_BROAD"	"Für „Ghee“ führt der Rostocker Marktweg über gut sortierte Vollsortimenter und etablierte deutsche Molkereihändler."	"PLANNED"	"Ghee: Rostocker Bezugsweg über gut sortierte Vollsortimenter und etablierte deutsche Molkereihändler."	"OPTIONAL"	""	"TOBIAS_ROSTOCK_PROFILE"	"PROPOSED_FOR_HUMAN_REVIEW"
"GINGER"	"Ingwer"	"APPLICABLE"	"Frisches Ingwer-Rhizom mit zitrischer Schärfe; nicht getrocknetes Ingwerpulver oder eingelegter Ingwer."	"GENERAL_LOCAL"	"Katalogpfad Gewürz oder trockenes Würzmittel. Warengruppe frisches Wurzelgemüse, formrelevanter Prüfhinweis aus der vollständigen Definition: »nicht getrocknetes Ingwerpulver oder eingelegter Ingwer«. Regelweg in Bornheim über den Bereich »Obst- und Gemüseabteilung« eines gewöhnlichen Bornheimer Vollsortimenters."	"EASY"	"Ingwer: gewöhnlicher lokaler Bezugsweg über den Bereich »Obst- und Gemüseabteilung«."	"OPTIONAL"	""	"GENERAL_LOCAL"	"Tobias sucht „Ingwer“ in Rostock über die Gemüseabteilung eines gewöhnlichen großen Rostocker Supermarkts gesucht."	"EASY"	"Ingwer: gewöhnlicher lokaler Bezugsweg über den Bereich »Ingwer«."	"OPTIONAL"	""	"FORM_SENSITIVE|TOBIAS_ROSTOCK_PROFILE"	"PROPOSED_FOR_HUMAN_REVIEW"
"GIO_LUA"	"Giò lụa oder Chả lụa"	"APPLICABLE"	"Fein emulgierte vietnamesische Schweinewurst mit elastisch-glatter Textur, traditionell in Bananenblättern geformt und gedämpft. Gemeint ist die schlichte Giò-lụa-/Chả-lụa-Grundform, nicht gebratene Chả-Varianten oder grobe Sülzwurst."	"NICHE_IMPORT"	"Katalogpfad Schweinefleisch → Wurst → Fleisch. Warengruppe Wurst oder Pökelfleisch, formrelevanter Prüfhinweis aus der vollständigen Definition: »Gemeint ist die schlichte Giò-lụa-/Chả-lụa-Grundform, nicht gebratene Chả-Varianten oder grobe Sülzwurst«. Der v2-Anker hält den Engpass fest: Nationale vietnamesische Kühlware über wenige geeignete Händler Produktform und Kühlzustellung sind nicht breit robust."	"DIFFICULT"	"Giò lụa oder Chả lụa: Nationale vietnamesische Kühlware über wenige geeignete Händler; Produktform und Kühlzustellung sind nicht breit robust."	"REQUIRED"	"AV2E-091"	"NICHE_IMPORT"	"Giò lụa oder Chả lụa: Nationale vietnamesische Kühlware über wenige geeignete Händler; Produktform und Kühlzustellung sind nicht breit robust."	"DIFFICULT"	"Giò lụa oder Chả lụa: Nationale vietnamesische Kühlware über wenige geeignete Händler; Produktform und Kühlzustellung sind nicht breit robust."	"REQUIRED"	"AV2E-091"	"EVIDENCE_REQUIRED|FORM_OR_LOGISTICS_RISK|FORM_OR_ROUTE_FRAGILE|REFERENCE_ANCHOR|REFERENCE_ANCHOR_V2|RESEARCH_REQUIRED|TOBIAS_ROSTOCK_PROFILE"	"RATING_APPROVED_NOTE_PROPOSED_REFERENCE_ANCHOR_V2"
"GLASS_NOODLES"	"Glasnudeln"	"APPLICABLE"	"Transparente Nudeln aus Stärke, häufig Mungbohnen-, Süßkartoffel- oder Erbsenstärke; nicht Reisnudeln."	"GENERAL_LOCAL"	"Katalogpfad Nudeln → stärkehaltige Zutat oder Sättigungsbeilage. Warengruppe Getreide- oder Stärkeware, formrelevanter Prüfhinweis aus der vollständigen Definition: »nicht Reisnudeln«. Regelweg in Bornheim über den Bereich »Reis-, Mehl-, Nudel- oder Trockenwarenregal« eines gewöhnlichen Bornheimer Vollsortimenters."	"EASY"	"Glasnudeln: gewöhnlicher lokaler Bezugsweg über den Bereich »Reis-, Mehl-, Nudel- oder Trockenwarenregal«."	"OPTIONAL"	""	"GENERAL_LOCAL"	"Tobias sucht „Glasnudeln“ in Rostock über das Getreide-, Mehl-, Reis- oder Teigwarenregal eines gewöhnlichen großen Rostocker Supermarkts gesucht."	"EASY"	"Glasnudeln: gewöhnlicher lokaler Bezugsweg über den Bereich »Glasnudeln«."	"OPTIONAL"	""	"RATING_RECONCILED_V2|TOBIAS_ROSTOCK_PROFILE"	"PROPOSED_FOR_HUMAN_REVIEW"
"GNOCCHI"	"Gnocchi"	"APPLICABLE"	"Kleine weiche Klößchen, typischerweise auf Kartoffel- und Mehlbasis; gemeint ist das ungefüllte Grundprodukt."	"GENERAL_LOCAL"	"Katalogpfad stärkehaltige Zutat oder Sättigungsbeilage. Warengruppe Getreide- oder Stärkeware, formrelevanter Prüfhinweis aus der vollständigen Definition: »gemeint ist das ungefüllte Grundprodukt«. Regelweg in Bornheim über nahe Supermarktfilialen in Bornheim mit dem Bereich »Reis-, Mehl-, Nudel- oder Trockenwarenregal«."	"EASY"	"Gnocchi: gewöhnlicher lokaler Bezugsweg über den Bereich »Reis-, Mehl-, Nudel- oder Trockenwarenregal«."	"OPTIONAL"	""	"GENERAL_LOCAL"	"Die Rostocker Warenprüfung für „Gnocchi“ erfolgt über das Getreide-, Mehl-, Reis- oder Teigwarenregal eines gewöhnlichen großen Rostocker Supermarkts."	"EASY"	"Gnocchi: gewöhnlicher lokaler Bezugsweg über den Bereich »Gnocchi«."	"OPTIONAL"	""	"TOBIAS_ROSTOCK_PROFILE"	"PROPOSED_FOR_HUMAN_REVIEW"
"GOAT"	"Ziegenfleisch"	"APPLICABLE"	"Ziegenfleisch mit kräftigem Eigengeschmack; Zuschnitt und Alter des Tieres bleiben offen."	"SPECIALTY_BROAD"	"Unabhängige Wege bestehen über Fleischfeinkost, einen Ziegenhof und reguläre TK-Ziegenfleischsortimente im afrikanischen und südasiatischen Fachhandel. Das ist ein breiter Spezialmarkt, aber kein breiter allgemeiner deutscher Fleischhandel."	"SPECIALTY"	"Ziegenfleisch hat unabhängige Kühl-, Hof-TK- und afrikanisch/südasiatische TK-Spezialwege; Kühlkette und Fachmarkt schließen breiten allgemeinen Handel aus."	"REQUIRED"	"AV2N-A-0103|AV2N-A-0104|AV2N-R-0007|AV2N-R-0008|AV2N-R-0010|AV2N-R-0011"	"SPECIALTY_BROAD"	"Unabhängige Wege bestehen über Fleischfeinkost, einen Ziegenhof und reguläre TK-Ziegenfleischsortimente im afrikanischen und südasiatischen Fachhandel. Das ist ein breiter Spezialmarkt, aber kein breiter allgemeiner deutscher Fleischhandel."	"SPECIALTY"	"Ziegenfleisch hat unabhängige Kühl-, Hof-TK- und afrikanisch/südasiatische TK-Spezialwege; Kühlkette und Fachmarkt schließen breiten allgemeinen Handel aus."	"REQUIRED"	"AV2N-A-0103|AV2N-A-0104|AV2N-R-0007|AV2N-R-0008|AV2N-R-0010|AV2N-R-0011"	"EVIDENCE_REQUIRED|FORM_OR_LOGISTICS_RISK|RATING_RECONCILED_V2|SPECIALTY_MARKET_BREADTH"	"PROPOSED_FOR_HUMAN_REVIEW"
"GOAT_CHEESE"	"Ziegenkäse"	"APPLICABLE"	"Käse aus Ziegenmilch; Frischkäse, Weichkäse und gereifte feste Formen sind mögliche Ausprägungen."	"GENERAL_LOCAL"	"Katalogpfad Käse → gesäuertes Milchprodukt → Milchprodukte. Warengruppe Käse, formrelevanter Prüfhinweis aus der vollständigen Definition: »Frischkäse, Weichkäse und gereifte feste Formen sind mögliche Ausprägungen«. Regelweg in Bornheim über nahe Supermarktfilialen in Bornheim mit dem Bereich »Käsekühlung oder Käsetheke«."	"EASY"	"Ziegenkäse: gewöhnlicher lokaler Bezugsweg über den Bereich »Käsekühlung oder Käsetheke«."	"OPTIONAL"	""	"GENERAL_LOCAL"	"Die Rostocker Warenprüfung für „Ziegenkäse“ erfolgt über die Käsekühlung oder Käsetheke eines gewöhnlichen großen Rostocker Supermarkts."	"EASY"	"Ziegenkäse: gewöhnlicher lokaler Bezugsweg über den Bereich »Ziegenkäse«."	"OPTIONAL"	""	"FORM_SENSITIVE|RATING_RECONCILED_V2|TOBIAS_ROSTOCK_PROFILE"	"PROPOSED_FOR_HUMAN_REVIEW"
"GOCHUGARU"	"Gochugaru"	"APPLICABLE"	"Koreanische grobe Chiliflocken mit fruchtigem Aroma und meist mittlerer Schärfe; nicht beliebige Chiliflocken."	"SPECIALTY_BROAD"	"Katalogpfad Chiliflocken → getrocknete Chili → Gewürz oder trockenes Würzmittel. Warengruppe Gewürz, formrelevanter Prüfhinweis aus der vollständigen Definition: »nicht beliebige Chiliflocken«. Breiter einschlägiger Spezialmarkt über den freigegebenen v2-Anker mit dem Kerngrund »Bei vielen breit aufgestellten Asia-/Korea-Händlern regulär erhältlich im allgemeinen Handel aber nicht zuverlässig«."	"SPECIALTY"	"Gochugaru: Bei vielen breit aufgestellten Asia-/Korea-Händlern regulär erhältlich im allgemeinen Handel aber nicht zuverlässig."	"REQUIRED"	"AV2E-051"	"SPECIALTY_BROAD"	"Gochugaru: Mehrere koreanische Lebensmittel-Fachhändler führen die charakteristisch groben roten Chiliflocken in haushaltsüblichen Beuteln; das reguläre Rostocker Gewürzregal sichert diese koreanische Ausprägung nicht."	"SPECIALTY"	"Gochugaru: Bei vielen breit aufgestellten Asia-/Korea-Händlern regulär erhältlich im allgemeinen Handel aber nicht zuverlässig."	"REQUIRED"	"AV2E-051"	"EVIDENCE_REQUIRED|REFERENCE_ANCHOR|REFERENCE_ANCHOR_V2|RESEARCH_REQUIRED|SPECIALTY_MARKET_BREADTH|TOBIAS_ROSTOCK_PROFILE"	"RATING_APPROVED_NOTE_PROPOSED_REFERENCE_ANCHOR_V2"
"GOCHUJANG"	"Gochujang"	"APPLICABLE"	"Koreanische fermentierte rote Chilipaste mit dicklicher Konsistenz sowie süß-scharfem, salzigem und umamireichem Profil."	"SPECIALTY_BROAD"	"Katalogpfad Chilisauce oder -paste → fermentierte Würzzutat → fertige Sauce oder Würzpaste → Sauce, Würzmittel oder Paste. Warengruppe Sauce oder Würzpaste, formrelevanter Prüfhinweis aus der vollständigen Definition: »dicklicher Konsistenz sowie süß-scharfem, salzigem und umamireichem Profil«. Breiter einschlägiger Spezialmarkt über den freigegebenen v2-Anker mit dem Kerngrund »Regulärer Sortimentsartikel vieler unabhängiger breit aufgestellter Asia- und Korea-Händler nicht bloß ein nationaler Nischenimport«."	"SPECIALTY"	"Gochujang: Regulärer Sortimentsartikel vieler unabhängiger breit aufgestellter Asia- und Korea-Händler; nicht bloß ein nationaler Nischenimport."	"REQUIRED"	"AV2E-050"	"SPECIALTY_BROAD"	"Gochujang: Koreanische Lebensmittel-Spezialsortimente bieten die dicke fermentierte rote Chilipaste in mehreren Packungsgrößen und Marken; ihre Breite begründet den Fachhandelsweg jenseits des normalen Rostocker Saucenregals."	"SPECIALTY"	"Gochujang: Regulärer Sortimentsartikel vieler unabhängiger breit aufgestellter Asia- und Korea-Händler; nicht bloß ein nationaler Nischenimport."	"REQUIRED"	"AV2E-050"	"EVIDENCE_REQUIRED|REFERENCE_ANCHOR|REFERENCE_ANCHOR_V2|RESEARCH_REQUIRED|SPECIALTY_MARKET_BREADTH|TOBIAS_ROSTOCK_PROFILE"	"RATING_APPROVED_NOTE_PROPOSED_REFERENCE_ANCHOR_V2"
"GOOSE"	"Gans"	"APPLICABLE"	"Gänsefleisch ohne Festlegung auf Brust, Keule oder ganzes Tier; fettreiche Haut ist ein typischer Bestandteil."	"GENERAL_BROAD"	"Gourmetfleisch.de zeigt Gänsebrust der Handelsklasse A mit Haut aktuell als verfügbar. Die Brust erfüllt die offene Gänsefleischform; nach Bornheim wird sie tiefgekühlt geliefert."	"PLANNED"	"Gans: Gourmetfleisch.de zeigt Gänsebrust der Handelsklasse A mit Haut aktuell als verfügbar. Die Brust erfüllt die offene Gänsefleischform; nach Bornheim wird sie tiefgekühlt geliefert."	"REQUIRED"	"AV2N-A-0105"	"GENERAL_BROAD"	"Für Tobias belegt Gourmetfleisch.de eine aktuell bestellbare Gänsebrust HKL-A mit Haut. Der deutschlandweite Tiefkühlversand macht diesen zulässigen Gänsezuschnitt in Rostock erreichbar."	"PLANNED"	"Gans: Für Tobias belegt Gourmetfleisch.de eine aktuell bestellbare Gänsebrust HKL-A mit Haut. Der deutschlandweite Tiefkühlversand macht diesen zulässigen Gänsezuschnitt in Rostock erreichbar."	"REQUIRED"	"AV2N-A-0105"	"BORDERLINE_PLANNED|EVIDENCE_REQUIRED|RESEARCH_REQUIRED|TOBIAS_ROSTOCK_PROFILE"	"PROPOSED_FOR_HUMAN_REVIEW"
"GOOSEBERRY"	"Stachelbeere"	"APPLICABLE"	"Stachelbeere mit fester Schale und süß-säuerlichem bis herbem Fruchtfleisch; Farbe und Reifegrad bleiben offen."	"GENERAL_BROAD"	"Katalogpfad Beeren → Obst. Warengruppe Obst, formrelevanter Prüfhinweis aus der vollständigen Definition: »Farbe und Reifegrad bleiben offen«. Allgemein planbarer, aber nicht lokal garantierter Weg über einen vorbereiteten Einkauf im gut sortierten Bereich »Obst- und Gemüseabteilung«."	"PLANNED"	"Stachelbeere ist über einen vorbereiteten Einkauf im gut sortierten Bereich »Obst- und Gemüseabteilung« im allgemeinen deutschen Handel planbar, lokal aber kein verlässlicher Standardartikel."	"OPTIONAL"	""	"GENERAL_BROAD"	"Beim Einkauf von „Stachelbeere“ nutzt Tobias gut sortierte Vollsortimenter und etablierte deutsche Frucht- oder Frischehändler."	"PLANNED"	"Stachelbeere: Beim Einkauf von „Stachelbeere“ nutzt Tobias gut sortierte Vollsortimenter und etablierte deutsche Frucht- oder Frischehändler."	"OPTIONAL"	""	"TOBIAS_ROSTOCK_PROFILE"	"PROPOSED_FOR_HUMAN_REVIEW"
"GOUDA"	"Gouda"	"APPLICABLE"	"Halbfester bis fester Kuhmilchkäse nach Gouda-Art; Reifegrad reicht von mild-cremig bis kristallin-würzig."	"GENERAL_LOCAL"	"Katalogpfad Käse → gesäuertes Milchprodukt → Milchprodukte. Warengruppe Käse, formrelevanter Prüfhinweis aus der vollständigen Definition: »Reifegrad reicht von mild-cremig bis kristallin-würzig«. Regelweg in Bornheim über den regulären Bornheimer Regalweg »Käsekühlung oder Käsetheke«."	"EASY"	"Gouda: gewöhnlicher lokaler Bezugsweg über den Bereich »Käsekühlung oder Käsetheke«."	"OPTIONAL"	""	"GENERAL_LOCAL"	"Tobias prüft „Gouda“ in Rostock über die Käsekühlung oder Käsetheke eines gewöhnlichen großen Rostocker Supermarkts."	"EASY"	"Gouda: Rostocker Bezugsweg über die Käsekühlung oder Käsetheke eines gewöhnlichen großen Rostocker Supermarkts."	"OPTIONAL"	""	"TOBIAS_ROSTOCK_PROFILE"	"PROPOSED_FOR_HUMAN_REVIEW"
"GRAINS"	"Getreide oder Pseudogetreide"	"APPLICABLE"	"Offene Vorgabe für Getreide und kulinarisch vergleichbare Pseudogetreide; Art und Verarbeitungsgrad bleiben wählbar."	"GENERAL_LOCAL"	"Katalogpfad stärkehaltige Zutat oder Sättigungsbeilage. Warengruppe Getreide- oder Stärkeware, formrelevanter Prüfhinweis aus der vollständigen Definition: »Art und Verarbeitungsgrad bleiben wählbar«. Regelweg in Bornheim über die gewöhnliche Bornheimer Auslage »Reis-, Mehl-, Nudel- oder Trockenwarenregal«."	"EASY"	"Getreide oder Pseudogetreide: gewöhnlicher lokaler Bezugsweg über den Bereich »Reis-, Mehl-, Nudel- oder Trockenwarenregal«."	"OPTIONAL"	""	"GENERAL_LOCAL"	"Tobias prüft „Getreide oder Pseudogetreide“ in Rostock über das Getreide-, Mehl-, Reis- oder Teigwarenregal eines gewöhnlichen großen Rostocker Supermarkts."	"EASY"	"Getreide oder Pseudogetreide: Rostocker Bezugsweg über das Getreide-, Mehl-, Reis- oder Teigwarenregal eines gewöhnlichen großen Rostocker Supermarkts."	"OPTIONAL"	""	"TOBIAS_ROSTOCK_PROFILE"	"PROPOSED_FOR_HUMAN_REVIEW"
"GRAPE"	"Weintrauben"	"APPLICABLE"	"Frische Weintrauben als süße, saftige Frucht; helle und dunkle sowie kernlose und kernhaltige Sorten sind umfasst."	"GENERAL_LOCAL"	"Katalogpfad Obst. Warengruppe Obst, formrelevanter Prüfhinweis aus der vollständigen Definition: »helle und dunkle sowie kernlose und kernhaltige Sorten sind umfasst«. Regelweg in Bornheim über das örtliche Sortiment »Obst- und Gemüseabteilung« beim Wocheneinkauf in Bornheim."	"EASY"	"Weintrauben: gewöhnlicher lokaler Bezugsweg über den Bereich »Obst- und Gemüseabteilung«."	"OPTIONAL"	""	"GENERAL_LOCAL"	"Die Rostocker Warenprüfung für „Weintrauben“ erfolgt über die Obstabteilung eines gewöhnlichen großen Rostocker Supermarkts."	"EASY"	"Weintrauben: gewöhnlicher lokaler Bezugsweg über den Bereich »Weintrauben«."	"OPTIONAL"	""	"FORM_SENSITIVE|TOBIAS_ROSTOCK_PROFILE"	"PROPOSED_FOR_HUMAN_REVIEW"
"GRAPEFRUIT"	"Grapefruit"	"APPLICABLE"	"Große Zitrusfrucht mit saftigem, deutlich bitter-säuerlichem Fruchtfleisch; Farbe und Sorte bleiben offen."	"GENERAL_LOCAL"	"Katalogpfad Zitrusfrucht → Obst. Warengruppe Obst, formrelevanter Prüfhinweis aus der vollständigen Definition: »Farbe und Sorte bleiben offen«. Regelweg in Bornheim über die gewöhnliche Bornheimer Auslage »Obst- und Gemüseabteilung«."	"EASY"	"Grapefruit: gewöhnlicher lokaler Bezugsweg über den Bereich »Obst- und Gemüseabteilung«."	"OPTIONAL"	""	"GENERAL_LOCAL"	"Tobias prüft „Grapefruit“ in Rostock über die Obstabteilung eines gewöhnlichen großen Rostocker Supermarkts."	"EASY"	"Grapefruit: Rostocker Bezugsweg über die Obstabteilung eines gewöhnlichen großen Rostocker Supermarkts."	"OPTIONAL"	""	"TOBIAS_ROSTOCK_PROFILE"	"PROPOSED_FOR_HUMAN_REVIEW"
"GRAVLAX"	"Gravlax"	"APPLICABLE"	"Mit Salz, Zucker und meist Dill trocken gebeizter roher Lachs; nicht geräuchert und nicht gegart."	"GENERAL_BROAD"	"Deutsche See – Gravedlachs gebeizt in Scheiben belegt formgenau: Deutsche See führt ungeräucherten, mit Salz, Zucker und Dill gebeizten Atlantiklachs in Scheiben als verfügbaren Artikel. Für Georgia in Bornheim gilt: Deutschlandweiter gekühlter Wunschterminversand nach Bornheim und Rostock; Logistik CHILLED_SHIPPING. Die etwa 540-g-Gewichtsware erfordert terminierten Kühlversand und besitzt mindestens vier Tage Resthaltbarkeit."	"PLANNED"	"Gravlax: Deutsche See führt ungeräucherten, mit Salz, Zucker und Dill gebeizten Atlantiklachs in Scheiben als verfügbaren Artikel."	"REQUIRED"	"AV2N-A-0106|AV2N-P-0013"	"GENERAL_BROAD"	"Deutsche See – Gravedlachs gebeizt in Scheiben belegt formgenau: Deutsche See führt ungeräucherten, mit Salz, Zucker und Dill gebeizten Atlantiklachs in Scheiben als verfügbaren Artikel. Für Tobias in Rostock gilt: Deutschlandweiter gekühlter Wunschterminversand nach Bornheim und Rostock; Logistik CHILLED_SHIPPING. Die etwa 540-g-Gewichtsware erfordert terminierten Kühlversand und besitzt mindestens vier Tage Resthaltbarkeit."	"PLANNED"	"Gravlax: Deutsche See führt ungeräucherten, mit Salz, Zucker und Dill gebeizten Atlantiklachs in Scheiben als verfügbaren Artikel."	"OPTIONAL"	"AV2N-A-0106|AV2N-P-0013"	"BORDERLINE_PLANNED|EVIDENCE_REQUIRED|RATING_RECONCILED_V2|TOBIAS_ROSTOCK_PROFILE"	"PROPOSED_FOR_HUMAN_REVIEW"
"GREEK_YOGURT"	"griechischer Joghurt"	"APPLICABLE"	"Abgetropfter beziehungsweise besonders proteinreicher Joghurt mit dichter, cremiger Textur; Fettstufe bleibt offen, natur gemeint."	"GENERAL_LOCAL"	"Katalogpfad Joghurt → gesäuertes Milchprodukt → frisches Milchprodukt → Milchprodukte. Warengruppe Milchprodukt, formrelevanter Prüfhinweis aus der vollständigen Definition: »Fettstufe bleibt offen, natur gemeint«. Regelweg in Bornheim über die gewöhnliche Bornheimer Auslage »Molkereikühlregal«."	"EASY"	"griechischer Joghurt: gewöhnlicher lokaler Bezugsweg über den Bereich »Molkereikühlregal«."	"OPTIONAL"	""	"GENERAL_LOCAL"	"Tobias prüft „griechischer Joghurt“ in Rostock über die Molkereikühlung eines gewöhnlichen großen Rostocker Supermarkts."	"EASY"	"griechischer Joghurt: Rostocker Bezugsweg über die Molkereikühlung eines gewöhnlichen großen Rostocker Supermarkts."	"OPTIONAL"	""	"TOBIAS_ROSTOCK_PROFILE"	"PROPOSED_FOR_HUMAN_REVIEW"
"GREEN_ASPARAGUS"	"grüner Spargel"	"APPLICABLE"	"Grüner oberirdisch gewachsener Spargel mit kräftigerem, grasig-nussigem Aroma; Schälen ist meist nur am unteren Ende nötig."	"GENERAL_LOCAL"	"Katalogpfad Spargel → Stängelgemüse → Gemüse. Warengruppe Gemüse oder Pilz, formrelevanter Prüfhinweis aus der vollständigen Definition: »Schälen ist meist nur am unteren Ende nötig«. Regelweg in Bornheim über den lokalen Supermarktbereich »Obst- und Gemüseabteilung« in Bornheim."	"EASY"	"grüner Spargel: gewöhnlicher lokaler Bezugsweg über den Bereich »Obst- und Gemüseabteilung«."	"OPTIONAL"	""	"GENERAL_LOCAL"	"Die Rostocker Warenprüfung für „grüner Spargel“ erfolgt über die Gemüseabteilung eines gewöhnlichen großen Rostocker Supermarkts."	"EASY"	"grüner Spargel: gewöhnlicher lokaler Bezugsweg über den Bereich »grüner Spargel«."	"OPTIONAL"	""	"TOBIAS_ROSTOCK_PROFILE"	"PROPOSED_FOR_HUMAN_REVIEW"
"GREEN_BEANS"	"grüne Bohnen"	"APPLICABLE"	"Junge essbare Bohnenhülsen mit knackiger Textur; vor dem Verzehr garen, nicht trockene Bohnenkerne."	"GENERAL_LOCAL"	"Katalogpfad Hülsen- und Schotengemüse → Gemüse. Warengruppe Gemüse oder Pilz, formrelevanter Prüfhinweis aus der vollständigen Definition: »vor dem Verzehr garen, nicht trockene Bohnenkerne«. Regelweg in Bornheim über den lokalen Supermarktbereich »Obst- und Gemüseabteilung« in Bornheim."	"EASY"	"grüne Bohnen: gewöhnlicher lokaler Bezugsweg über den Bereich »Obst- und Gemüseabteilung«."	"OPTIONAL"	""	"GENERAL_LOCAL"	"Tobias prüft „grüne Bohnen“ in Rostock über die Gemüseabteilung eines gewöhnlichen großen Rostocker Supermarkts."	"EASY"	"grüne Bohnen: Rostocker Bezugsweg über die Gemüseabteilung eines gewöhnlichen großen Rostocker Supermarkts."	"OPTIONAL"	""	"TOBIAS_ROSTOCK_PROFILE"	"PROPOSED_FOR_HUMAN_REVIEW"
"GREEN_BELL_PEPPER"	"grüne Paprika"	"APPLICABLE"	"Unreif grün geerntete Gemüsepaprika mit herberem, grasigem Geschmack; nicht scharfe grüne Chili."	"GENERAL_LOCAL"	"Katalogpfad Paprika → Fruchtgemüse → Gemüse. Warengruppe Gemüse oder Pilz, formrelevanter Prüfhinweis aus der vollständigen Definition: »nicht scharfe grüne Chili«. Regelweg in Bornheim über die gewöhnliche Bornheimer Auslage »Obst- und Gemüseabteilung«."	"EASY"	"grüne Paprika: gewöhnlicher lokaler Bezugsweg über den Bereich »Obst- und Gemüseabteilung«."	"OPTIONAL"	""	"GENERAL_LOCAL"	"Für „grüne Paprika“ führt der Rostocker Marktweg über die Gemüseabteilung eines gewöhnlichen großen Rostocker Supermarkts."	"EASY"	"grüne Paprika: Rostocker Bezugsweg über die Gemüseabteilung eines gewöhnlichen großen Rostocker Supermarkts."	"OPTIONAL"	""	"TOBIAS_ROSTOCK_PROFILE"	"PROPOSED_FOR_HUMAN_REVIEW"
"GREEN_PAPAYA"	"grüne Papaya"	"APPLICABLE"	"Unreife feste Papaya mit mildem Geschmack, als knackiges Gemüse verwendbar; nicht reife süße Papaya."	"SPECIALTY_BROAD"	"Exakte unreife grüne Papaya ist reguläre Frischware unabhängiger breiter Asia- und Südasien-Händler. Getrennte Frischesortimente belegen den einschlägigen Spezialmarkt; Reifegrad und Frischeversand bleiben formkritisch."	"SPECIALTY"	"Unreife grüne Papaya ist reguläre Frischware unabhängiger breiter Asia- und Südasien-Händler; Frischeversand und Reifegrad erfordern Planung, ohne den Markt auf einen Nischenweg zu verengen."	"REQUIRED"	"AV2N-A-0107|AV2N-A-0108"	"SPECIALTY_BROAD"	"Exakte unreife grüne Papaya ist reguläre Frischware unabhängiger breiter Asia- und Südasien-Händler. Getrennte Frischesortimente belegen den einschlägigen Spezialmarkt; Reifegrad und Frischeversand bleiben formkritisch."	"SPECIALTY"	"Unreife grüne Papaya ist reguläre Frischware unabhängiger breiter Asia- und Südasien-Händler; Frischeversand und Reifegrad erfordern Planung, ohne den Markt auf einen Nischenweg zu verengen."	"REQUIRED"	"AV2N-A-0107|AV2N-A-0108"	"EVIDENCE_REQUIRED|RESEARCH_REQUIRED|SPECIALTY_MARKET_BREADTH|TOBIAS_ROSTOCK_PROFILE"	"PROPOSED_FOR_HUMAN_REVIEW"
"GREEN_PEAS"	"grüne Erbsen"	"APPLICABLE"	"Junge grüne Erbsen, frisch oder tiefgekühlt, mit süßlichem Geschmack; nicht getrocknete Spalterbsen."	"GENERAL_LOCAL"	"Katalogpfad Erbsen → Hülsen- und Schotengemüse → Hülsenfrüchte → Gemüse. Warengruppe Gemüse oder Pilz, formrelevanter Prüfhinweis aus der vollständigen Definition: »nicht getrocknete Spalterbsen«. Regelweg in Bornheim über die gewöhnliche Bornheimer Auslage »Obst- und Gemüseabteilung«."	"EASY"	"grüne Erbsen: gewöhnlicher lokaler Bezugsweg über den Bereich »Obst- und Gemüseabteilung«."	"OPTIONAL"	""	"GENERAL_LOCAL"	"Die Beschaffung von „grüne Erbsen“ erfolgt in Rostock über den Gemüse- oder Tiefkühlgemüsebereich eines gewöhnlichen großen Rostocker Supermarkts."	"EASY"	"grüne Erbsen: gewöhnlicher lokaler Bezugsweg über den Bereich »grüne Erbsen«."	"OPTIONAL"	""	"FORM_SENSITIVE|TOBIAS_ROSTOCK_PROFILE"	"PROPOSED_FOR_HUMAN_REVIEW"
"GREEN_PEPPER"	"grüne Pfefferkörner"	"APPLICABLE"	"Unreif geerntete Pfefferfrüchte, frisch, gefriergetrocknet oder in Lake; milder und frischer als schwarzer Pfeffer."	"GENERAL_LOCAL"	"Katalogpfad Pfeffer → Gewürz oder trockenes Würzmittel. Warengruppe Pfeffer in frischer, trockener oder eingelegter Form, formrelevanter Prüfhinweis aus der vollständigen Definition: »milder und frischer als schwarzer Pfeffer«. Regelweg in Bornheim über ortsübliche Vollsortimenter rund um Bornheim, konkret im Bereich »Gewürzregal, Frischetheke oder Lake- und Feinkostregal«."	"EASY"	"grüne Pfefferkörner: gewöhnlicher lokaler Bezugsweg über den Bereich »Gewürzregal, Frischetheke oder Lake- und Feinkostregal«."	"OPTIONAL"	""	"GENERAL_LOCAL"	"Grüne Pfefferkörner: gewöhnliche große Rostocker Supermärkte führen sie je nach Produktform im Gewürz- oder Feinkostregal, insbesondere gefriergetrocknet oder in Lake; die frische Variante ist keine Pflicht."	"EASY"	"Grüne Pfefferkörner: gewöhnliche große Rostocker Supermärkte führen sie je nach Produktform im Gewürz- oder Feinkostregal, insbesondere gefriergetrocknet oder in Lake; die frische Variante ist keine Pflicht."	"OPTIONAL"	""	"FORM_SENSITIVE|RATING_RECONCILED_V2|TOBIAS_ROSTOCK_PROFILE"	"PROPOSED_FOR_HUMAN_REVIEW"
"GREEN_RICE_FLAKES"	"Cốm oder grüne Reisflocken"	"APPLICABLE"	"Aus jungen, noch grünen Klebreiskörnern geröstete und flachgestampfte vietnamesische Reisflocken mit zart nussigem, leicht süßlichem Aroma. Pur, in Süßspeisen, Kuchen oder als Panierung verwendbar; nicht gefärbte reife Reisflocken."	"NICHE_IMPORT"	"Katalogpfad Reisprodukt → stärkehaltige Zutat oder Sättigungsbeilage. Warengruppe Getreide- oder Stärkeware, formrelevanter Prüfhinweis aus der vollständigen Definition: »nicht gefärbte reife Reisflocken«. Nur der schmale Händlerweg über AsiaFoodland – grüne Reisflocken ist positiv belegt; Standardversand begrenzt Form, Bestand oder Logistik."	"DIFFICULT"	"Cốm oder grüne Reisflocken: Nur der schmale Händlerweg über AsiaFoodland – grüne Reisflocken ist positiv belegt; Standardversand begrenzt Form, Bestand oder Logistik."	"REQUIRED"	"AV2N-A-0109"	"NICHE_IMPORT"	"Tobias prüft „Cốm oder grüne Reisflocken“ in Rostock über AsiaFoodland – grüne Reisflocken, wobei die Evidenz beim Abruf verfügbaren Bestand und Standardversand ausweist."	"DIFFICULT"	"Cốm oder grüne Reisflocken: Rostocker Bezugsweg über AsiaFoodland – grüne Reisflocken; dokumentiert sind beim Abruf verfügbaren Bestand und Standardversand."	"REQUIRED"	"AV2N-A-0109"	"EVIDENCE_REQUIRED|FORM_OR_LOGISTICS_RISK|FORM_OR_ROUTE_FRAGILE|RESEARCH_REQUIRED|TOBIAS_ROSTOCK_PROFILE"	"PROPOSED_FOR_HUMAN_REVIEW"
"GREEN_SPLIT_PEAS"	"grüne Schälerbsen"	"APPLICABLE"	"Getrocknete grüne geschälte und halbierte Erbsen mit mild-erdigem Geschmack; nicht gelbe Schälerbsen oder frische grüne Erbsen."	"GENERAL_LOCAL"	"Katalogpfad Spalterbsen → Erbsen → Hülsenfrüchte. Warengruppe Hülsenfrucht, formrelevanter Prüfhinweis aus der vollständigen Definition: »nicht gelbe Schälerbsen oder frische grüne Erbsen«. Regelweg in Bornheim über nahe Supermarktfilialen in Bornheim mit dem Bereich »Hülsenfrucht-, Konserven- oder Trockenwarenregal«."	"EASY"	"grüne Schälerbsen: gewöhnlicher lokaler Bezugsweg über den Bereich »Hülsenfrucht-, Konserven- oder Trockenwarenregal«."	"OPTIONAL"	""	"GENERAL_LOCAL"	"Die Beschaffung von „grüne Schälerbsen“ erfolgt in Rostock über das Hülsenfrucht-, Konserven- oder Trockensortiment eines gewöhnlichen großen Rostocker Supermarkts."	"EASY"	"grüne Schälerbsen: gewöhnlicher lokaler Bezugsweg über den Bereich »grüne Schälerbsen«."	"OPTIONAL"	""	"FORM_SENSITIVE|RATING_RECONCILED_V2|TOBIAS_ROSTOCK_PROFILE"	"PROPOSED_FOR_HUMAN_REVIEW"
"GREEN_TEA"	"grüner Tee"	"APPLICABLE"	"Nicht oder nur wenig oxidierter Tee mit grasigem bis nussigem Profil; Sorte, Blattgrad und Röstung bleiben offen."	"GENERAL_LOCAL"	"Katalogpfad Tee. Warengruppe Tee, formrelevanter Prüfhinweis aus der vollständigen Definition: »Sorte, Blattgrad und Röstung bleiben offen«. Regelweg in Bornheim über nahe Supermarktfilialen in Bornheim mit dem Bereich »Tee- und Aufgussregal«."	"EASY"	"grüner Tee: gewöhnlicher lokaler Bezugsweg über den Bereich »Tee- und Aufgussregal«."	"OPTIONAL"	""	"GENERAL_LOCAL"	"Tobias prüft „grüner Tee“ in Rostock über das Kaffee- oder Teeregal eines gewöhnlichen großen Rostocker Supermarkts."	"EASY"	"grüner Tee: Rostocker Bezugsweg über das Kaffee- oder Teeregal eines gewöhnlichen großen Rostocker Supermarkts."	"OPTIONAL"	""	"RATING_RECONCILED_V2|TOBIAS_ROSTOCK_PROFILE"	"PROPOSED_FOR_HUMAN_REVIEW"
"GRUYERE"	"Gruyère"	"APPLICABLE"	"Fester gereifter Kuhmilchkäse nach Gruyère-Art mit nussig-würzigem Aroma und guter Schmelzeignung."	"GENERAL_BROAD"	"Formatta – Schweizer Gruyère AOP sechs Monate belegt formgenau: Formatta bietet formgenauen Schweizer Gruyère AOP aus Rohmilch, sechs Monate gereift, als aktuell lieferbare Ware an. Für Georgia in Bornheim gilt: Deutschlandweiter Kühlversand in Thermobox; 1–3 Werktage; Logistik CHILLED_SHIPPING. Käsefachversand, Thermobox und Versandkosten bleiben nötig; Käse nach Gruyère-Art wird nicht mitgezählt."	"PLANNED"	"Gruyère: Formatta bietet formgenauen Schweizer Gruyère AOP aus Rohmilch, sechs Monate gereift, als aktuell lieferbare Ware an."	"REQUIRED"	"AV2N-A-0110|AV2N-P-0014"	"GENERAL_BROAD"	"Formatta – Schweizer Gruyère AOP sechs Monate belegt formgenau: Formatta bietet formgenauen Schweizer Gruyère AOP aus Rohmilch, sechs Monate gereift, als aktuell lieferbare Ware an. Für Tobias in Rostock gilt: Deutschlandweiter Kühlversand in Thermobox; 1–3 Werktage; Logistik CHILLED_SHIPPING. Käsefachversand, Thermobox und Versandkosten bleiben nötig; Käse nach Gruyère-Art wird nicht mitgezählt."	"PLANNED"	"Gruyère: Formatta bietet formgenauen Schweizer Gruyère AOP aus Rohmilch, sechs Monate gereift, als aktuell lieferbare Ware an."	"OPTIONAL"	"AV2N-A-0110|AV2N-P-0014"	"BORDERLINE_PLANNED|EVIDENCE_REQUIRED|TOBIAS_ROSTOCK_PROFILE"	"PROPOSED_FOR_HUMAN_REVIEW"
"GUAVA"	"Guave"	"APPLICABLE"	"Tropische Frucht mit intensiv duftendem, süß-säuerlichem Fruchtfleisch und vielen essbaren Kernen."	"GENERAL_BROAD"	"Guave: Obstwelt bietet ganze frische rote Guaven mit Warenkorb und bundesweitem Frischeversand in mehreren Mengen an. Profilbezug Georgia: Bornheim beziehungsweise der planbare allgemeine deutsche Bezug; Köln oder Düsseldorf werden nicht als lokaler EASY-Weg gewertet."	"PLANNED"	"Guave: Obstwelt bietet ganze frische rote Guaven mit Warenkorb und bundesweitem Frischeversand in mehreren Mengen an."	"REQUIRED"	"AV2N-A-0111"	"GENERAL_BROAD"	"Guave: Obstwelt bietet ganze frische rote Guaven mit Warenkorb und bundesweitem Frischeversand in mehreren Mengen an. vor Ort in Rostock ist der Bestand erneut abzufragen."	"PLANNED"	"Guave: Obstwelt bietet ganze frische rote Guaven mit Warenkorb und bundesweitem Frischeversand in mehreren Mengen an. vor Ort in Rostock ist der Bestand erneut abzufragen."	"REQUIRED"	"AV2N-A-0111"	"BORDERLINE_PLANNED|EVIDENCE_REQUIRED|RESEARCH_REQUIRED|TOBIAS_ROSTOCK_PROFILE"	"PROPOSED_FOR_HUMAN_REVIEW"
"HABANERO"	"Habanero"	"APPLICABLE"	"Sehr scharfe frische Chili mit ausgeprägt fruchtigem Aroma; Farbe und konkrete Habanero-Sorte bleiben offen."	"GENERAL_BROAD"	"Katalogpfad frische Chili → Fruchtgemüse → Gemüse. Warengruppe Gemüse oder Pilz, formrelevanter Prüfhinweis aus der vollständigen Definition: »Farbe und konkrete Habanero-Sorte bleiben offen«. Allgemein planbarer, aber nicht lokal garantierter Weg über eine konkrete Vorbestellung oder Bestandsabfrage für Gemüse oder Pilz."	"PLANNED"	"Habanero ist über eine konkrete Vorbestellung oder Bestandsabfrage für Gemüse oder Pilz im allgemeinen deutschen Handel planbar, lokal aber kein verlässlicher Standardartikel."	"OPTIONAL"	""	"GENERAL_BROAD"	"Tobias sucht „Habanero“ in Rostock über gut sortierte Vollsortimenter und etablierte deutsche Gemüse- oder Frischehändler gesucht."	"PLANNED"	"Habanero: Tobias sucht „Habanero“ in Rostock über gut sortierte Vollsortimenter und etablierte deutsche Gemüse- oder Frischehändler gesucht."	"OPTIONAL"	""	"FORM_SENSITIVE|TOBIAS_ROSTOCK_PROFILE"	"PROPOSED_FOR_HUMAN_REVIEW"
"HADDOCK"	"Schellfisch"	"APPLICABLE"	"Schellfisch mit mildem, magerem und blättrigem Fleisch; frisch oder tiefgekühlt, nicht automatisch geräuchert."	"GENERAL_BROAD"	"Katalogpfad weißfleischiger Fisch → Fisch → Fisch und Meeresfrüchte. Warengruppe Fisch oder Meeresfrucht, formrelevanter Prüfhinweis aus der vollständigen Definition: »frisch oder tiefgekühlt, nicht automatisch geräuchert«. Allgemein planbarer, aber nicht lokal garantierter Weg über den im v2-Anker festgehaltenen Planweg: Über Fischtheke, Fischfachhandel oder allgemeinen Fischversand planbar."	"PLANNED"	"Schellfisch: Über Fischtheke, Fischfachhandel oder allgemeinen Fischversand planbar; Rostock verbessert die Chance, nicht die Marktklasse."	"REQUIRED"	"AV2E-020"	"GENERAL_BROAD"	"Schellfisch: Über Fischtheke, Fischfachhandel oder allgemeinen Fischversand planbar; Rostock verbessert die Chance, nicht die Marktklasse."	"PLANNED"	"Schellfisch: Über Fischtheke, Fischfachhandel oder allgemeinen Fischversand planbar; Rostock verbessert die Chance, nicht die Marktklasse."	"REQUIRED"	"AV2E-020"	"BORDERLINE_PLANNED|EVIDENCE_REQUIRED|FORM_SENSITIVE|REFERENCE_ANCHOR|REFERENCE_ANCHOR_V2|RESEARCH_REQUIRED|TOBIAS_ROSTOCK_PROFILE"	"RATING_APPROVED_NOTE_PROPOSED_REFERENCE_ANCHOR_V2"
"HAKE"	"Seehecht"	"APPLICABLE"	"Seehecht als magerer Weißfisch mit zartem, grobblättrigem Fleisch; Zuschnitt bleibt offen."	"GENERAL_BROAD"	"1aFisch – Seehecht-Loin ohne Haut belegt: 1aFisch kennzeichnet das frische handfiletierte Seehecht-Loin ohne Haut als sofort versandfertig, nennt einen Liefertermin und verschickt Frischfisch gekühlt binnen 24 Stunden. Der Bezug erfolgt über Deutschland; gekühlter 24-Stunden-Express mit nächstem Liefertermin; maßgeblich ist CHILLED_SHIPPING. Der positive Weg ist ein etwa 250 Gramm schweres grätenfreies Rückenfilet; Fang- und Liefertermin beeinflussen den kurzfristigen Bestand."	"PLANNED"	"Seehecht: 1aFisch kennzeichnet das frische handfiletierte Seehecht-Loin ohne Haut als sofort versandfertig, nennt einen Liefertermin und verschickt Frischfisch gekühlt binnen 24 Stunden."	"REQUIRED"	"AV2N-A-0112"	"GENERAL_BROAD"	"1aFisch – Seehecht-Loin ohne Haut belegt: 1aFisch kennzeichnet das frische handfiletierte Seehecht-Loin ohne Haut als sofort versandfertig, nennt einen Liefertermin und verschickt Frischfisch gekühlt binnen 24 Stunden. Der Bezug erfolgt über Deutschland; gekühlter 24-Stunden-Express mit nächstem Liefertermin; maßgeblich ist CHILLED_SHIPPING. Der positive Weg ist ein etwa 250 Gramm schweres grätenfreies Rückenfilet; Fang- und Liefertermin beeinflussen den kurzfristigen Bestand."	"PLANNED"	"Seehecht: 1aFisch kennzeichnet das frische handfiletierte Seehecht-Loin ohne Haut als sofort versandfertig, nennt einen Liefertermin und verschickt Frischfisch gekühlt binnen 24 Stunden."	"REQUIRED"	"AV2N-A-0112"	"BORDERLINE_PLANNED|EVIDENCE_REQUIRED|RESEARCH_REQUIRED|TOBIAS_ROSTOCK_PROFILE"	"PROPOSED_FOR_HUMAN_REVIEW"
"HALIBUT"	"Heilbutt"	"APPLICABLE"	"Heilbutt mit festem, mildem und vergleichsweise fleischigem Weißfischfilet; schwarzer und weißer Heilbutt sind umfasst."	"GENERAL_BROAD"	"Deutsche See – weißes Heilbuttfilet TK belegt: Das verfügbare Produkt ist weißes Heilbuttfilet mit Haut, vakuumverpackt und tiefgefroren; Art und konkreter Filetzuschnitt sind ausgewiesen. Der Bezug erfolgt über Deutschland und Österreich; tiefgekühlte GO!-Express-Lieferung zum Wunschtermin; maßgeblich ist FROZEN_SHIPPING. Nachgewiesen ist weißer Heilbutt als Tiefkühlfilet, nicht jede schwarze Heilbuttform; die Tiefkühlzustellung ist einzuplanen."	"PLANNED"	"Heilbutt: Das verfügbare Produkt ist weißes Heilbuttfilet mit Haut, vakuumverpackt und tiefgefroren; Art und konkreter Filetzuschnitt sind ausgewiesen."	"REQUIRED"	"AV2N-A-0113"	"GENERAL_BROAD"	"Deutsche See – weißes Heilbuttfilet TK belegt: Das verfügbare Produkt ist weißes Heilbuttfilet mit Haut, vakuumverpackt und tiefgefroren; Art und konkreter Filetzuschnitt sind ausgewiesen. Der Bezug erfolgt über Deutschland und Österreich; tiefgekühlte GO!-Express-Lieferung zum Wunschtermin; maßgeblich ist FROZEN_SHIPPING. Nachgewiesen ist weißer Heilbutt als Tiefkühlfilet, nicht jede schwarze Heilbuttform; die Tiefkühlzustellung ist einzuplanen."	"PLANNED"	"Heilbutt: Das verfügbare Produkt ist weißes Heilbuttfilet mit Haut, vakuumverpackt und tiefgefroren; Art und konkreter Filetzuschnitt sind ausgewiesen."	"REQUIRED"	"AV2N-A-0113"	"BORDERLINE_PLANNED|EVIDENCE_REQUIRED|RESEARCH_REQUIRED|TOBIAS_ROSTOCK_PROFILE"	"PROPOSED_FOR_HUMAN_REVIEW"
"HALLOUMI"	"Halloumi"	"APPLICABLE"	"Fester Salzlakenkäse mit hoher Hitzestabilität und charakteristischem Biss; meist aus Schaf-, Ziegen- und/oder Kuhmilch."	"GENERAL_LOCAL"	"Katalogpfad Käse → gesäuertes Milchprodukt → Milchprodukte. Warengruppe Käse, formrelevanter Prüfhinweis aus der vollständigen Definition: »meist aus Schaf-, Ziegen- und/oder Kuhmilch«. Regelweg in Bornheim über den Bereich »Käsekühlung oder Käsetheke« eines gewöhnlichen Bornheimer Vollsortimenters."	"EASY"	"Halloumi: gewöhnlicher lokaler Bezugsweg über den Bereich »Käsekühlung oder Käsetheke«."	"OPTIONAL"	""	"GENERAL_LOCAL"	"Für „Halloumi“ führt der Rostocker Marktweg über die Käsekühlung oder Käsetheke eines gewöhnlichen großen Rostocker Supermarkts."	"EASY"	"Halloumi: Rostocker Bezugsweg über die Käsekühlung oder Käsetheke eines gewöhnlichen großen Rostocker Supermarkts."	"OPTIONAL"	""	"TOBIAS_ROSTOCK_PROFILE"	"PROPOSED_FOR_HUMAN_REVIEW"
"HAM"	"Schinken"	"APPLICABLE"	"Offene Schinkenfamilie aus gepökeltem Fleisch; gekochte, geräucherte und luftgetrocknete Ausprägungen sind umfasst."	"GENERAL_LOCAL"	"Katalogpfad gepökeltes oder luftgetrocknetes Fleisch → Schweinefleisch → Fleisch. Warengruppe Wurst oder Pökelfleisch, formrelevanter Prüfhinweis aus der vollständigen Definition: »gekochte, geräucherte und luftgetrocknete Ausprägungen sind umfasst«. Regelweg in Bornheim über die gewöhnliche Bornheimer Auslage »Wurstkühlung oder Bedientheke«."	"EASY"	"Schinken: gewöhnlicher lokaler Bezugsweg über den Bereich »Wurstkühlung oder Bedientheke«."	"OPTIONAL"	""	"GENERAL_LOCAL"	"Die Rostocker Warenprüfung für „Schinken“ erfolgt über die Fleischkühlung oder Bedientheke eines gewöhnlichen großen Rostocker Supermarkts."	"EASY"	"Schinken: gewöhnlicher lokaler Bezugsweg über den Bereich »Schinken«."	"OPTIONAL"	""	"TOBIAS_ROSTOCK_PROFILE"	"PROPOSED_FOR_HUMAN_REVIEW"
"HARISSA"	"Harissa"	"APPLICABLE"	"Nordafrikanische Chilipaste mit Gewürzen und häufig Knoblauch; Schärfe, Ölanteil und genaue Zusammensetzung variieren."	"GENERAL_BROAD"	"Katalogpfad Chilisauce oder -paste → fertige Sauce oder Würzpaste → Sauce, Würzmittel oder Paste. Warengruppe Sauce oder Würzpaste, formrelevanter Prüfhinweis aus der vollständigen Definition: »Schärfe, Ölanteil und genaue Zusammensetzung variieren«. Allgemein planbarer, aber nicht lokal garantierter Weg über den im v2-Anker festgehaltenen Planweg: Für das Bornheim-Profil konkret planbarer regionaler Fachmarkt."	"PLANNED"	"Harissa: Für Georgia konkret planbarer regionaler Fachmarkt; für Tobias breit verfügbarer aber gezielt einschlägiger Spezialmarkt."	"REQUIRED"	"AV2E-028"	"SPECIALTY_BROAD"	"Harissa: Levantinisch-nordafrikanische Lebensmittel-Fachsortimente führen fertige Chilipaste in ausreichender Marktbreite; der Einkauf bleibt auf diesen Spezialhandel ausgerichtet, obwohl Schärfe und Ölanteil markenabhängig variieren."	"SPECIALTY"	"Harissa: Für Georgia konkret planbarer regionaler Fachmarkt; für Tobias breit verfügbarer aber gezielt einschlägiger Spezialmarkt."	"REQUIRED"	"AV2E-029"	"PERSON_DIFFERENCE|REFERENCE_ANCHOR|REFERENCE_ANCHOR_V2|RESEARCH_REQUIRED|SPECIALTY_MARKET_BREADTH|TOBIAS_ROSTOCK_PROFILE"	"RATING_APPROVED_NOTE_PROPOSED_REFERENCE_ANCHOR_V2"
"HARZER_CHEESE"	"Harzer Käse"	"APPLICABLE"	"Kräftig gereifter, sehr fettarmer Sauermilchkäse nach Harzer Art; nicht generisch jeder Sauermilchkäse oder Handkäse."	"GENERAL_LOCAL"	"Katalogpfad Käse → gesäuertes Milchprodukt → Milchprodukte. Warengruppe Käse, formrelevanter Prüfhinweis aus der vollständigen Definition: »nicht generisch jeder Sauermilchkäse oder Handkäse«. Regelweg in Bornheim über den lokalen Supermarktbereich »Käsekühlung oder Käsetheke« in Bornheim."	"EASY"	"Harzer Käse: gewöhnlicher lokaler Bezugsweg über den Bereich »Käsekühlung oder Käsetheke«."	"OPTIONAL"	""	"GENERAL_LOCAL"	"Die Beschaffung von „Harzer Käse“ erfolgt in Rostock über die Käsekühlung oder Käsetheke eines gewöhnlichen großen Rostocker Supermarkts."	"EASY"	"Harzer Käse: gewöhnlicher lokaler Bezugsweg über den Bereich »Harzer Käse«."	"OPTIONAL"	""	"TOBIAS_ROSTOCK_PROFILE"	"PROPOSED_FOR_HUMAN_REVIEW"
"HAZELNUT"	"Haselnüsse"	"APPLICABLE"	"Haselnusskerne mit süßlich-nussigem Aroma; roh, geröstet, ganz oder gemahlen verwendbar."	"GENERAL_LOCAL"	"Katalogpfad Nüsse. Warengruppe Nuss, Saat oder Mus, formrelevanter Prüfhinweis aus der vollständigen Definition: »roh, geröstet, ganz oder gemahlen verwendbar«. Regelweg in Bornheim über den Bereich »Nuss-, Saaten- oder Nussmusregal« eines gewöhnlichen Bornheimer Vollsortimenters."	"EASY"	"Haselnüsse: gewöhnlicher lokaler Bezugsweg über den Bereich »Nuss-, Saaten- oder Nussmusregal«."	"OPTIONAL"	""	"GENERAL_LOCAL"	"Für „Haselnüsse“ wird das Angebot über das Nuss-, Saaten-, Back- oder Brotaufstrichregal eines gewöhnlichen großen Rostocker Supermarkts kontrolliert."	"EASY"	"Haselnüsse: gewöhnlicher lokaler Bezugsweg über den Bereich »Haselnüsse«."	"OPTIONAL"	""	"TOBIAS_ROSTOCK_PROFILE"	"PROPOSED_FOR_HUMAN_REVIEW"
"HEMP_SEEDS"	"Hanfsamen"	"APPLICABLE"	"Geschälte oder ungeschälte Hanfsamen mit mild-nussigem Geschmack; als Saat, nicht als Rauschmittel gemeint."	"GENERAL_BROAD"	"Katalogpfad Kerne und Samen. Warengruppe Nuss, Saat oder Mus, formrelevanter Prüfhinweis aus der vollständigen Definition: »als Saat, nicht als Rauschmittel gemeint«. Allgemein planbarer, aber nicht lokal garantierter Weg über einen vorbereiteten Einkauf im gut sortierten Bereich »Nuss-, Saaten- oder Nussmusregal«."	"PLANNED"	"Hanfsamen ist über einen vorbereiteten Einkauf im gut sortierten Bereich »Nuss-, Saaten- oder Nussmusregal« im allgemeinen deutschen Handel planbar, lokal aber kein verlässlicher Standardartikel."	"OPTIONAL"	""	"GENERAL_BROAD"	"Die Beschaffung von „Hanfsamen“ erfolgt in Rostock über gut sortierte Vollsortimenter und etablierte deutsche Nuss- oder Biohändler."	"PLANNED"	"Hanfsamen: Die Beschaffung von „Hanfsamen“ erfolgt in Rostock über gut sortierte Vollsortimenter und etablierte deutsche Nuss- oder Biohändler."	"OPTIONAL"	""	"TOBIAS_ROSTOCK_PROFILE"	"PROPOSED_FOR_HUMAN_REVIEW"
"HERB_BUTTER"	"Kräuterbutter"	"APPLICABLE"	"Butterzubereitung mit frischen oder getrockneten Kräutern; Kräutermischung und weitere milde Würzung bleiben offen."	"GENERAL_LOCAL"	"Katalogpfad Butter → Kochfett → Milchprodukte. Warengruppe Milchprodukt, formrelevanter Prüfhinweis aus der vollständigen Definition: »Kräutermischung und weitere milde Würzung bleiben offen«. Regelweg in Bornheim über den regulären Bornheimer Regalweg »Molkereikühlregal«."	"EASY"	"Kräuterbutter: gewöhnlicher lokaler Bezugsweg über den Bereich »Molkereikühlregal«."	"OPTIONAL"	""	"GENERAL_LOCAL"	"Für „Kräuterbutter“ führt der Rostocker Marktweg über die Molkereikühlung eines gewöhnlichen großen Rostocker Supermarkts."	"EASY"	"Kräuterbutter: Rostocker Bezugsweg über die Molkereikühlung eines gewöhnlichen großen Rostocker Supermarkts."	"OPTIONAL"	""	"FORM_SENSITIVE|TOBIAS_ROSTOCK_PROFILE"	"PROPOSED_FOR_HUMAN_REVIEW"
"HERBES_DE_PROVENCE"	"Kräuter der Provence"	"APPLICABLE"	"Getrocknete Kräutermischung nach Herbes-de-Provence-Art, typischerweise mit Thymian, Rosmarin, Oregano, Bohnenkraut und/oder vergleichbaren mediterranen Kräutern. Zusammensetzung kann variieren; nicht mit Fines herbes gleichsetzen."	"GENERAL_LOCAL"	"Katalogpfad Gewürzmischung → Gewürz oder trockenes Würzmittel. Warengruppe Gewürz, formrelevanter Prüfhinweis aus der vollständigen Definition: »nicht mit Fines herbes gleichsetzen«. Regelweg in Bornheim über den lokalen Supermarktbereich »Gewürz- und Trockenwürzregal« in Bornheim."	"EASY"	"Kräuter der Provence: gewöhnlicher lokaler Bezugsweg über den Bereich »Gewürz- und Trockenwürzregal«."	"OPTIONAL"	""	"GENERAL_LOCAL"	"Der konkrete Bezug von „Kräuter der Provence“ läuft über das Gewürz- oder Backregal eines gewöhnlichen großen Rostocker Supermarkts."	"EASY"	"Kräuter der Provence: gewöhnlicher lokaler Bezugsweg über den Bereich »Kräuter der Provence«."	"OPTIONAL"	""	"TOBIAS_ROSTOCK_PROFILE"	"PROPOSED_FOR_HUMAN_REVIEW"
"HERRING"	"Hering"	"APPLICABLE"	"Hering als fettreicher Fisch; frisch oder schlicht tiefgekühlt gemeint, spezifische Reife- und Einlegeformen sind getrennt."	"GENERAL_BROAD"	"Deutsche See – Heringsfilets TK belegt: Deutsche See führt vier bis sechs verfügbare Heringsfilets mit Haut tiefgekühlt in einer Mehrkammerpackung; die schlichte Fischform ist weder gereift noch eingelegt. Der Bezug erfolgt über Deutschland und Österreich; tiefgekühlte GO!-Express-Lieferung zum Wunschtermin; maßgeblich ist FROZEN_SHIPPING. Der Beleg gilt für naturbelassene Tiefkühlfilets, nicht für frischen ganzen Hering; die Kühlkette bleibt erforderlich."	"PLANNED"	"Hering: Deutsche See führt vier bis sechs verfügbare Heringsfilets mit Haut tiefgekühlt in einer Mehrkammerpackung; die schlichte Fischform ist weder gereift noch eingelegt."	"REQUIRED"	"AV2N-A-0114"	"GENERAL_BROAD"	"Deutsche See – Heringsfilets TK belegt: Deutsche See führt vier bis sechs verfügbare Heringsfilets mit Haut tiefgekühlt in einer Mehrkammerpackung; die schlichte Fischform ist weder gereift noch eingelegt. Der Bezug erfolgt über Deutschland und Österreich; tiefgekühlte GO!-Express-Lieferung zum Wunschtermin; maßgeblich ist FROZEN_SHIPPING. Der Beleg gilt für naturbelassene Tiefkühlfilets, nicht für frischen ganzen Hering; die Kühlkette bleibt erforderlich."	"PLANNED"	"Hering: Deutsche See führt vier bis sechs verfügbare Heringsfilets mit Haut tiefgekühlt in einer Mehrkammerpackung; die schlichte Fischform ist weder gereift noch eingelegt."	"REQUIRED"	"AV2N-A-0114"	"BORDERLINE_PLANNED|EVIDENCE_REQUIRED|FORM_SENSITIVE|RATING_RECONCILED_V2|TOBIAS_ROSTOCK_PROFILE"	"PROPOSED_FOR_HUMAN_REVIEW"
"HERVE_CHEESE"	"Herve-Käse"	"APPLICABLE"	"Belgischer AOP-Weichkäse aus Kuhmilch mit gewaschener Rinde. Umfasst die mildere und die kräftigere/pikante Herve-Ausprägung; charakteristisch würzig und teils sehr intensiv. Nicht mit beliebigem Limburger oder Romadur gleichsetzen."	"NICHE_IMPORT"	"Katalogpfad Käse → gesäuertes Milchprodukt → Milchprodukte. Warengruppe Käse, formrelevanter Prüfhinweis aus der vollständigen Definition: »Nicht mit beliebigem Limburger oder Romadur gleichsetzen«. Nur der schmale Händlerweg über Tölzer Kasladen – Herve ist positiv belegt; Kühlversand begrenzt Form, Bestand oder Logistik."	"DIFFICULT"	"Herve-Käse: Nur der schmale Händlerweg über Tölzer Kasladen – Herve ist positiv belegt; Kühlversand begrenzt Form, Bestand oder Logistik."	"REQUIRED"	"AV2N-A-0115"	"NICHE_IMPORT"	"Tobias prüft „Herve-Käse“ in Rostock über Tölzer Kasladen – Herve, wobei die Evidenz eine vor dem Einkauf erneut zu prüfende Verfügbarkeit und Kühlversand ausweist."	"DIFFICULT"	"Herve-Käse: Rostocker Bezugsweg über Tölzer Kasladen – Herve; dokumentiert sind eine vor dem Einkauf erneut zu prüfende Verfügbarkeit und Kühlversand."	"REQUIRED"	"AV2N-A-0115"	"BORDERLINE_PLANNED|EVIDENCE_REQUIRED|FORM_OR_LOGISTICS_RISK|RATING_RECONCILED_V2|RESEARCH_REQUIRED|TOBIAS_ROSTOCK_PROFILE"	"PROPOSED_FOR_HUMAN_REVIEW"
"HIJIKI"	"Hijiki"	"APPLICABLE"	"Dunkle fadenförmige Meeresalge der ostasiatischen Küche mit kräftigem Meeresaroma; üblicherweise getrocknet und eingeweicht."	"SPECIALTY_BROAD"	"Getrocknetes Hijiki wird über einen panasiatischen Vollsortimenter und einen unabhängigen Algenfachhändler mit getrennten Produkten und Lieferketten geführt. Das belegt etablierten Algen-Spezialhandel statt nur eines Japan-Importeurs."	"SPECIALTY"	"Getrocknetes Hijiki hat unabhängige Wege über einen panasiatischen Vollsortimenter und einen Algenfachhändler; getrennte Produkte mit Standardversand tragen den breiten Spezialmarkt."	"REQUIRED"	"AV2N-A-0116|AV2N-A-0117"	"SPECIALTY_BROAD"	"Getrocknetes Hijiki wird über einen panasiatischen Vollsortimenter und einen unabhängigen Algenfachhändler mit getrennten Produkten und Lieferketten geführt. Das belegt etablierten Algen-Spezialhandel statt nur eines Japan-Importeurs."	"SPECIALTY"	"Getrocknetes Hijiki hat unabhängige Wege über einen panasiatischen Vollsortimenter und einen Algenfachhändler; getrennte Produkte mit Standardversand tragen den breiten Spezialmarkt."	"REQUIRED"	"AV2N-A-0116|AV2N-A-0117"	"EVIDENCE_REQUIRED|RESEARCH_REQUIRED|SPECIALTY_MARKET_BREADTH|TOBIAS_ROSTOCK_PROFILE"	"PROPOSED_FOR_HUMAN_REVIEW"
"HOISIN_SAUCE"	"Hoisinsauce"	"APPLICABLE"	"Dicke süß-salzige chinesische Würzsauce auf fermentierter Bohnenbasis; nicht Austernsauce oder Pflaumensauce."	"GENERAL_BROAD"	"Katalogpfad fermentierte Würzzutat → fertige Sauce oder Würzpaste → Sauce, Würzmittel oder Paste. Warengruppe Sauce oder Würzpaste, formrelevanter Prüfhinweis aus der vollständigen Definition: »nicht Austernsauce oder Pflaumensauce«. Allgemein planbarer, aber nicht lokal garantierter Weg über einen vorbereiteten Einkauf im gut sortierten Bereich »Saucen-, Würzpasten- und Feinkostregal«."	"PLANNED"	"Hoisinsauce ist über einen vorbereiteten Einkauf im gut sortierten Bereich »Saucen-, Würzpasten- und Feinkostregal« im allgemeinen deutschen Handel planbar, lokal aber kein verlässlicher Standardartikel."	"OPTIONAL"	""	"GENERAL_BROAD"	"Beim Einkauf von „Hoisinsauce“ nutzt Tobias gut sortierte Vollsortimenter und etablierte deutsche Feinkost- oder Würzsaucenhändler."	"PLANNED"	"Hoisinsauce: Beim Einkauf von „Hoisinsauce“ nutzt Tobias gut sortierte Vollsortimenter und etablierte deutsche Feinkost- oder Würzsaucenhändler."	"OPTIONAL"	""	"TOBIAS_ROSTOCK_PROFILE"	"PROPOSED_FOR_HUMAN_REVIEW"
"HOKKAIDO_SQUASH"	"Hokkaido-Kürbis"	"APPLICABLE"	"Orangefarbener Hokkaido-Kürbis mit essbarer Schale und nussig-süßlichem, dichtem Fruchtfleisch."	"GENERAL_LOCAL"	"Katalogpfad Kürbis → Fruchtgemüse → Gemüse. Warengruppe Gemüse oder Pilz, formrelevanter Prüfhinweis aus der vollständigen Definition: »Hokkaido-Kürbis mit essbarer Schale und nussig-süßlichem, dichtem Fruchtfleisch«. Regelweg in Bornheim über nahe Supermarktfilialen in Bornheim mit dem Bereich »Obst- und Gemüseabteilung«."	"EASY"	"Hokkaido-Kürbis: gewöhnlicher lokaler Bezugsweg über den Bereich »Obst- und Gemüseabteilung«."	"OPTIONAL"	""	"GENERAL_LOCAL"	"Die Beschaffung von „Hokkaido-Kürbis“ erfolgt in Rostock über die Gemüseabteilung eines gewöhnlichen großen Rostocker Supermarkts."	"EASY"	"Hokkaido-Kürbis: gewöhnlicher lokaler Bezugsweg über den Bereich »Hokkaido-Kürbis«."	"OPTIONAL"	""	"TOBIAS_ROSTOCK_PROFILE"	"PROPOSED_FOR_HUMAN_REVIEW"
"HOLY_BASIL"	"Krapao"	"APPLICABLE"	"Frische Blätter von Ocimum tenuiflorum mit pfeffrig-nelkenartigem Aroma, besonders für Pad Krapao. Nicht mit Thai-Basilikum verwechseln; getrockneter Tulsi-Tee ist keine gleichwertige Kochzutat."	"NICHE_IMPORT"	"Katalogpfad Basilikum → Kräuter und Würzblätter. Warengruppe frisches Würzkraut, formrelevanter Prüfhinweis aus der vollständigen Definition: »getrockneter Tulsi-Tee ist keine gleichwertige Kochzutat«. Der v2-Anker hält den Engpass fest: Exaktes Holy Basil ist deutlich seltener als Thai-Basilikum/Horapa und hängt von wenigen frischen Spezialwegen ab."	"DIFFICULT"	"Krapao: Exaktes Holy Basil ist deutlich seltener als Thai-Basilikum/Horapa und hängt von wenigen frischen Spezialwegen ab."	"REQUIRED"	"AV2E-080"	"NICHE_IMPORT"	"Krapao: Exaktes Holy Basil ist deutlich seltener als Thai-Basilikum/Horapa und hängt von wenigen frischen Spezialwegen ab."	"DIFFICULT"	"Krapao: Exaktes Holy Basil ist deutlich seltener als Thai-Basilikum/Horapa und hängt von wenigen frischen Spezialwegen ab."	"REQUIRED"	"AV2E-080"	"EVIDENCE_REQUIRED|FORM_OR_LOGISTICS_RISK|FORM_OR_ROUTE_FRAGILE|FORM_SENSITIVE|REFERENCE_ANCHOR|REFERENCE_ANCHOR_V2|RESEARCH_REQUIRED|TOBIAS_ROSTOCK_PROFILE"	"RATING_APPROVED_NOTE_PROPOSED_REFERENCE_ANCHOR_V2"
"HONEY"	"Honig"	"APPLICABLE"	"Von Bienen erzeugtes flüssiges bis kristallines Süßungsmittel; Blütentyp und Aromaintensität bleiben offen."	"GENERAL_LOCAL"	"Katalogpfad Süßungsmittel. Warengruppe Süßungs- oder Kakaoware, formrelevanter Prüfhinweis aus der vollständigen Definition: »Blütentyp und Aromaintensität bleiben offen«. Regelweg in Bornheim über das örtliche Sortiment »Backzutaten-, Süßwaren- oder Kakaoregal« beim Wocheneinkauf in Bornheim."	"EASY"	"Honig: gewöhnlicher lokaler Bezugsweg über den Bereich »Backzutaten-, Süßwaren- oder Kakaoregal«."	"OPTIONAL"	""	"GENERAL_LOCAL"	"Die Beschaffung von „Honig“ erfolgt in Rostock über das Back-, Süßwaren- oder Brotregal eines gewöhnlichen großen Rostocker Supermarkts."	"EASY"	"Honig: gewöhnlicher lokaler Bezugsweg über den Bereich »Honig«."	"OPTIONAL"	""	"TOBIAS_ROSTOCK_PROFILE"	"PROPOSED_FOR_HUMAN_REVIEW"
"HONEYDEW_MELON"	"Honigmelone"	"APPLICABLE"	"Helle Honigmelone mit glatter Schale und süßem, saftigem Fruchtfleisch; nicht Cantaloupe."	"GENERAL_LOCAL"	"Katalogpfad Melone → Obst. Warengruppe Obst, formrelevanter Prüfhinweis aus der vollständigen Definition: »nicht Cantaloupe«. Regelweg in Bornheim über nahe Supermarktfilialen in Bornheim mit dem Bereich »Obst- und Gemüseabteilung«."	"EASY"	"Honigmelone: gewöhnlicher lokaler Bezugsweg über den Bereich »Obst- und Gemüseabteilung«."	"OPTIONAL"	""	"GENERAL_LOCAL"	"Für „Honigmelone“ führt der Rostocker Marktweg über die Obstabteilung eines gewöhnlichen großen Rostocker Supermarkts."	"EASY"	"Honigmelone: Rostocker Bezugsweg über die Obstabteilung eines gewöhnlichen großen Rostocker Supermarkts."	"OPTIONAL"	""	"TOBIAS_ROSTOCK_PROFILE"	"PROPOSED_FOR_HUMAN_REVIEW"
"HORSERADISH"	"Meerrettich"	"APPLICABLE"	"Scharfe Meerrettichwurzel, frisch gerieben oder als möglichst schlichte Zubereitung; Schärfe verfliegt bei Hitze."	"GENERAL_LOCAL"	"Katalogpfad Wurzel- und Knollengemüse → Gemüse. Warengruppe Gemüse oder Pilz, formrelevanter Prüfhinweis aus der vollständigen Definition: »Schärfe verfliegt bei Hitze«. Regelweg in Bornheim über den Bereich »Obst- und Gemüseabteilung« eines gewöhnlichen Bornheimer Vollsortimenters."	"EASY"	"Meerrettich: gewöhnlicher lokaler Bezugsweg über den Bereich »Obst- und Gemüseabteilung«."	"OPTIONAL"	""	"GENERAL_LOCAL"	"Beim Einkauf von „Meerrettich“ nutzt Tobias die Gemüseabteilung eines gewöhnlichen großen Rostocker Supermarkts."	"EASY"	"Meerrettich: gewöhnlicher lokaler Bezugsweg über den Bereich »Meerrettich«."	"OPTIONAL"	""	"FORM_SENSITIVE|TOBIAS_ROSTOCK_PROFILE"	"PROPOSED_FOR_HUMAN_REVIEW"
"HOT_MUSTARD"	"scharfer Senf"	"APPLICABLE"	"Senf mit ausgeprägt stechender Schärfe; Körnung und verwendete Senfsaat bleiben offen."	"GENERAL_LOCAL"	"Katalogpfad Senf → fertige Sauce oder Würzpaste → Sauce, Würzmittel oder Paste. Warengruppe Sauce oder Würzpaste, formrelevanter Prüfhinweis aus der vollständigen Definition: »Körnung und verwendete Senfsaat bleiben offen«. Regelweg in Bornheim über den Bereich »Saucen-, Würzpasten- und Feinkostregal« eines gewöhnlichen Bornheimer Vollsortimenters."	"EASY"	"scharfer Senf: gewöhnlicher lokaler Bezugsweg über den Bereich »Saucen-, Würzpasten- und Feinkostregal«."	"OPTIONAL"	""	"GENERAL_LOCAL"	"Für „scharfer Senf“ führt der Rostocker Marktweg über das Saucen-, Essig- oder Feinkostregal eines gewöhnlichen großen Rostocker Supermarkts."	"EASY"	"scharfer Senf: Rostocker Bezugsweg über das Saucen-, Essig- oder Feinkostregal eines gewöhnlichen großen Rostocker Supermarkts."	"OPTIONAL"	""	"TOBIAS_ROSTOCK_PROFILE"	"PROPOSED_FOR_HUMAN_REVIEW"
"HOT_PAPRIKA_POWDER"	"Paprikapulver rosenscharf"	"APPLICABLE"	"Scharfes Paprikapulver nach rosenscharfer Art; nicht süßes oder geräuchertes Paprikapulver."	"GENERAL_LOCAL"	"Katalogpfad Paprikapulver → Gewürz oder trockenes Würzmittel. Warengruppe Gewürz, formrelevanter Prüfhinweis aus der vollständigen Definition: »nicht süßes oder geräuchertes Paprikapulver«. Regelweg in Bornheim über den Bereich »Gewürz- und Trockenwürzregal« eines gewöhnlichen Bornheimer Vollsortimenters."	"EASY"	"Paprikapulver rosenscharf: gewöhnlicher lokaler Bezugsweg über den Bereich »Gewürz- und Trockenwürzregal«."	"OPTIONAL"	""	"GENERAL_LOCAL"	"Tobias sucht „Paprikapulver rosenscharf“ in Rostock über das Gewürz- oder Backregal eines gewöhnlichen großen Rostocker Supermarkts gesucht."	"EASY"	"Paprikapulver rosenscharf: gewöhnlicher lokaler Bezugsweg über den Bereich »Paprikapulver rosenscharf«."	"OPTIONAL"	""	"TOBIAS_ROSTOCK_PROFILE"	"PROPOSED_FOR_HUMAN_REVIEW"
"IBERICO_HAM"	"Jamón ibérico"	"APPLICABLE"	"Spanischer luftgetrockneter Schinken vom iberischen Schwein; Qualitäts- und Fütterungsklassen können variieren. Nicht automatisch Jamón ibérico de bellota und nicht mit Jamón serrano gleichsetzen."	"GENERAL_BROAD"	"jamon.de – Jamón de Cebo 50 Prozent Ibérico 80 g belegt formgenau: jamon.de führt luftgetrockneten, 24 Monate gereiften und geschnittenen Schinken vom Iberischen Schwein mit klarem Lagerstatus. Für Georgia in Bornheim gilt: Deutschlandweiter Paketversand nach Bornheim und Rostock; bei früher Bestellung taggleicher Versand; Logistik STANDARD_SHIPPING. Belegt ist die Cebo-/50-Prozent-Ibérico-Klasse, nicht Bellota oder jede Qualitätsstufe; Serrano wird nicht substituiert."	"PLANNED"	"Jamón ibérico: jamon.de führt luftgetrockneten, 24 Monate gereiften und geschnittenen Schinken vom Iberischen Schwein mit klarem Lagerstatus."	"REQUIRED"	"AV2N-A-0118|AV2N-P-0015"	"GENERAL_BROAD"	"jamon.de – Jamón de Cebo 50 Prozent Ibérico 80 g belegt formgenau: jamon.de führt luftgetrockneten, 24 Monate gereiften und geschnittenen Schinken vom Iberischen Schwein mit klarem Lagerstatus. Für Tobias in Rostock gilt: Deutschlandweiter Paketversand nach Bornheim und Rostock; bei früher Bestellung taggleicher Versand; Logistik STANDARD_SHIPPING. Belegt ist die Cebo-/50-Prozent-Ibérico-Klasse, nicht Bellota oder jede Qualitätsstufe; Serrano wird nicht substituiert."	"PLANNED"	"Jamón ibérico: jamon.de führt luftgetrockneten, 24 Monate gereiften und geschnittenen Schinken vom Iberischen Schwein mit klarem Lagerstatus."	"REQUIRED"	"AV2N-A-0118|AV2N-P-0015"	"BORDERLINE_PLANNED|EVIDENCE_REQUIRED|RESEARCH_REQUIRED|TOBIAS_ROSTOCK_PROFILE"	"PROPOSED_FOR_HUMAN_REVIEW"
"INVERTEBRATES"	"wirbellose Tiere"	"APPLICABLE"	"Übergeordnete Familie essbarer wirbelloser Tiere wie Weichtiere und Krebstiere; weitere kulinarisch eigenständige Gruppen wie Insekten oder Ringelwürmer können separat darunter eingeordnet werden."	"GENERAL_LOCAL"	"Katalogpfad eigenständige Katalogwurzel. Warengruppe Fisch oder Meeresfrucht, formrelevanter Prüfhinweis aus der vollständigen Definition: »weitere kulinarisch eigenständige Gruppen wie Insekten oder Ringelwürmer können separat darunter eingeordnet werden«. Regelweg in Bornheim über die gewöhnliche Bornheimer Auslage »Fischkühlung, Fischtheke oder Tiefkühlabteilung«."	"EASY"	"wirbellose Tiere: gewöhnlicher lokaler Bezugsweg über den Bereich »Fischkühlung, Fischtheke oder Tiefkühlabteilung«."	"OPTIONAL"	""	"GENERAL_LOCAL"	"Für „wirbellose Tiere“ führt der Rostocker Marktweg über die Fischkühlung, Tiefkühltruhe oder Fischtheke eines gewöhnlichen großen Rostocker Supermarkts."	"EASY"	"wirbellose Tiere: Rostocker Bezugsweg über die Fischkühlung, Tiefkühltruhe oder Fischtheke eines gewöhnlichen großen Rostocker Supermarkts."	"OPTIONAL"	""	"TOBIAS_ROSTOCK_PROFILE"	"PROPOSED_FOR_HUMAN_REVIEW"
"JACKFRUIT"	"Jackfruit"	"APPLICABLE"	"Gemeint ist je nach Gericht junge grüne oder reife Jackfruit; für herzhafte Anwendungen meist junge Jackfruit."	"GENERAL_BROAD"	"Katalogpfad Tropenfrucht → Obst. Warengruppe Obst, formrelevanter Prüfhinweis aus der vollständigen Definition: »für herzhafte Anwendungen meist junge Jackfruit«. Allgemein planbarer, aber nicht lokal garantierter Weg über einen vorbereiteten Einkauf im gut sortierten Bereich »Obst- und Gemüseabteilung«."	"PLANNED"	"Jackfruit ist über einen vorbereiteten Einkauf im gut sortierten Bereich »Obst- und Gemüseabteilung« im allgemeinen deutschen Handel planbar, lokal aber kein verlässlicher Standardartikel."	"OPTIONAL"	""	"GENERAL_BROAD"	"Für „Jackfruit“ wird das Angebot über gut sortierte Vollsortimenter und etablierte deutsche Frucht- oder Frischehändler kontrolliert."	"PLANNED"	"Jackfruit: Für „Jackfruit“ wird das Angebot über gut sortierte Vollsortimenter und etablierte deutsche Frucht- oder Frischehändler kontrolliert."	"OPTIONAL"	""	"TOBIAS_ROSTOCK_PROFILE"	"PROPOSED_FOR_HUMAN_REVIEW"
"JALAPENO"	"Jalapeño"	"APPLICABLE"	"Dickfleischige frische Chili mit milder bis mittlerer Schärfe; grüne und reife rote Früchte sind umfasst."	"GENERAL_BROAD"	"Katalogpfad frische Chili → Fruchtgemüse → Gemüse. Warengruppe Gemüse oder Pilz, formrelevanter Prüfhinweis aus der vollständigen Definition: »grüne und reife rote Früchte sind umfasst«. Allgemein planbarer, aber nicht lokal garantierter Weg über eine vorab zu prüfendes Sortiment im Bereich »Obst- und Gemüseabteilung« eines großen Bornheimer Markts."	"PLANNED"	"Jalapeño ist über ein vorab zu prüfendes Sortiment im Bereich »Obst- und Gemüseabteilung« eines großen Bornheimer Markts im allgemeinen deutschen Handel planbar, lokal aber kein verlässlicher Standardartikel."	"OPTIONAL"	""	"GENERAL_BROAD"	"Die Rostocker Warenprüfung für „Jalapeño“ erfolgt über gut sortierte Vollsortimenter und etablierte deutsche Gemüse- oder Frischehändler."	"PLANNED"	"Jalapeño: Die Rostocker Warenprüfung für „Jalapeño“ erfolgt über gut sortierte Vollsortimenter und etablierte deutsche Gemüse- oder Frischehändler."	"OPTIONAL"	""	"FORM_SENSITIVE|RATING_RECONCILED_V2|TOBIAS_ROSTOCK_PROFILE"	"PROPOSED_FOR_HUMAN_REVIEW"
"JASMINE_RICE"	"Jasminreis"	"APPLICABLE"	"Duftender südostasiatischer Langkornreis mit weicherem, leicht haftendem Korn; nicht Basmatireis."	"GENERAL_LOCAL"	"Katalogpfad Reis → Getreide oder Pseudogetreide → stärkehaltige Zutat oder Sättigungsbeilage. Warengruppe Getreide- oder Stärkeware, formrelevanter Prüfhinweis aus der vollständigen Definition: »nicht Basmatireis«. Regelweg in Bornheim über den Bereich »Reis-, Mehl-, Nudel- oder Trockenwarenregal« eines gewöhnlichen Bornheimer Vollsortimenters."	"EASY"	"Jasminreis: gewöhnlicher lokaler Bezugsweg über den Bereich »Reis-, Mehl-, Nudel- oder Trockenwarenregal«."	"OPTIONAL"	""	"GENERAL_LOCAL"	"Für „Jasminreis“ führt der Rostocker Marktweg über das Getreide-, Mehl-, Reis- oder Teigwarenregal eines gewöhnlichen großen Rostocker Supermarkts."	"EASY"	"Jasminreis: Rostocker Bezugsweg über das Getreide-, Mehl-, Reis- oder Teigwarenregal eines gewöhnlichen großen Rostocker Supermarkts."	"OPTIONAL"	""	"RATING_RECONCILED_V2|TOBIAS_ROSTOCK_PROFILE"	"PROPOSED_FOR_HUMAN_REVIEW"
"JENEVER"	"Jenever"	"APPLICABLE"	"Jenever/Genever: wacholderaromatisierte Spirituose mit Getreidedestillat beziehungsweise Moutwijn-Anteil; nicht mit Gin gleichsetzen."	"GENERAL_BROAD"	"Niederländischer Getreide-Wacholderschnaps im allgemeinen Spirituosenversand; Conalco listet Bokma Jonge Graanjenever aus Getreide und Wacholder lagernd."	"PLANNED"	"Jenever: Niederländischer Getreide-Wacholderschnaps im allgemeinen Spirituosenversand; Conalco listet Bokma Jonge Graanjenever aus Getreide und Wacholder lagernd."	"REQUIRED"	"AV2N-A-0119"	"GENERAL_BROAD"	"Niederländischer Getreide-Wacholderschnaps über allgemeinen Spirituosenversand; Bokma Jonge Graanjenever ist bei Conalco lagernd."	"PLANNED"	"Jenever: Niederländischer Getreide-Wacholderschnaps über allgemeinen Spirituosenversand; Bokma Jonge Graanjenever ist bei Conalco lagernd."	"REQUIRED"	"AV2N-A-0119"	"BORDERLINE_PLANNED|EVIDENCE_REQUIRED|RESEARCH_REQUIRED|TOBIAS_ROSTOCK_PROFILE"	"PROPOSED_FOR_HUMAN_REVIEW"
"JERK_SEASONING"	"Jerk-Gewürzmischung"	"APPLICABLE"	"Jamaikanisch geprägte Gewürzmischung mit typischerweise Piment, Thymian und Chili; trocken oder als Marinadenbasis verwendbar."	"GENERAL_BROAD"	"Katalogpfad Gewürzmischung → Gewürz oder trockenes Würzmittel. Warengruppe Gewürz, formrelevanter Prüfhinweis aus der vollständigen Definition: »trocken oder als Marinadenbasis verwendbar«. Allgemein planbarer, aber nicht lokal garantierter Weg über eine vorab zu prüfendes Sortiment im Bereich »Gewürz- und Trockenwürzregal« eines großen Bornheimer Markts."	"PLANNED"	"Jerk-Gewürzmischung ist über ein vorab zu prüfendes Sortiment im Bereich »Gewürz- und Trockenwürzregal« eines großen Bornheimer Markts im allgemeinen deutschen Handel planbar, lokal aber kein verlässlicher Standardartikel."	"OPTIONAL"	""	"GENERAL_BROAD"	"Der konkrete Bezug von „Jerk-Gewürzmischung“ läuft über gut sortierte Vollsortimenter und etablierte deutsche Gewürzhändler."	"PLANNED"	"Jerk-Gewürzmischung: Der konkrete Bezug von „Jerk-Gewürzmischung“ läuft über gut sortierte Vollsortimenter und etablierte deutsche Gewürzhändler."	"OPTIONAL"	""	"TOBIAS_ROSTOCK_PROFILE"	"PROPOSED_FOR_HUMAN_REVIEW"
"JERUSALEM_ARTICHOKE"	"Topinambur"	"APPLICABLE"	"Topinamburknolle mit nussig-süßlichem Geschmack und knackiger bis cremiger Textur; nicht Artischocke."	"GENERAL_BROAD"	"Katalogpfad Wurzel- und Knollengemüse → stärkehaltige Zutat oder Sättigungsbeilage → Gemüse. Warengruppe Gemüse oder Pilz, formrelevanter Prüfhinweis aus der vollständigen Definition: »nicht Artischocke«. Allgemein planbarer, aber nicht lokal garantierter Weg über eine reguläre Onlinebestellung im allgemeinen Handel mit formgenauer Artikelsuche."	"PLANNED"	"Topinambur ist über eine reguläre Onlinebestellung im allgemeinen Handel mit formgenauer Artikelsuche im allgemeinen deutschen Handel planbar, lokal aber kein verlässlicher Standardartikel."	"OPTIONAL"	""	"GENERAL_BROAD"	"Tobias prüft „Topinambur“ in Rostock über gut sortierte Vollsortimenter und etablierte deutsche Gemüse- oder Frischehändler."	"PLANNED"	"Topinambur: Rostocker Bezugsweg über gut sortierte Vollsortimenter und etablierte deutsche Gemüse- oder Frischehändler."	"OPTIONAL"	""	"TOBIAS_ROSTOCK_PROFILE"	"PROPOSED_FOR_HUMAN_REVIEW"
"JUNIPER_BERRIES"	"Wacholderbeeren"	"APPLICABLE"	"Getrocknete Wacholderbeeren als kräftiges Würzmittel insbesondere für Kohl-, Wild-, Fleisch-, Fisch- und Schmorgerichte; nicht Wacholderholz, Gin oder Wacholderextrakt."	"GENERAL_LOCAL"	"Katalogpfad Gewürz oder trockenes Würzmittel. Warengruppe Gewürz, formrelevanter Prüfhinweis aus der vollständigen Definition: »nicht Wacholderholz, Gin oder Wacholderextrakt«. Regelweg in Bornheim über das örtliche Sortiment »Gewürz- und Trockenwürzregal« beim Wocheneinkauf in Bornheim."	"EASY"	"Wacholderbeeren: gewöhnlicher lokaler Bezugsweg über den Bereich »Gewürz- und Trockenwürzregal«."	"OPTIONAL"	""	"GENERAL_LOCAL"	"Die Rostocker Warenprüfung für „Wacholderbeeren“ erfolgt über das Gewürz- oder Backregal eines gewöhnlichen großen Rostocker Supermarkts."	"EASY"	"Wacholderbeeren: gewöhnlicher lokaler Bezugsweg über den Bereich »Wacholderbeeren«."	"OPTIONAL"	""	"RATING_RECONCILED_V2|TOBIAS_ROSTOCK_PROFILE"	"PROPOSED_FOR_HUMAN_REVIEW"
"KAFFIR_LIME_LEAVES"	"Makrut-Limettenblätter"	"APPLICABLE"	"Aromatische Blätter der Makrut-Limette mit intensiv zitrischem Duft; frisch, tiefgekühlt oder getrocknet verwendbar."	"SPECIALTY_BROAD"	"Die ausdrücklich zulässige Trockenform ist reguläre Ware unabhängiger breiter Gewürzhändler in Deutschland und der EU. Getrennte Sortimente und Standardversand tragen Spezialmarktbreite, ohne Frischware oder Supermarktverfügbarkeit zu behaupten."	"SPECIALTY"	"Getrocknete Makrut-Limettenblätter sind reguläre Ware unabhängiger breiter Gewürzhändler in Deutschland und der EU; Standardversand belegt Spezialmarktbreite, nicht die frische Form."	"REQUIRED"	"AV2N-A-0120|AV2N-A-0121"	"SPECIALTY_BROAD"	"Die ausdrücklich zulässige Trockenform ist reguläre Ware unabhängiger breiter Gewürzhändler in Deutschland und der EU. Getrennte Sortimente und Standardversand tragen Spezialmarktbreite, ohne Frischware oder Supermarktverfügbarkeit zu behaupten."	"SPECIALTY"	"Getrocknete Makrut-Limettenblätter sind reguläre Ware unabhängiger breiter Gewürzhändler in Deutschland und der EU; Standardversand belegt Spezialmarktbreite, nicht die frische Form."	"REQUIRED"	"AV2N-A-0120|AV2N-A-0121"	"EVIDENCE_REQUIRED|FORM_SENSITIVE|RESEARCH_REQUIRED|SPECIALTY_MARKET_BREADTH|TOBIAS_ROSTOCK_PROFILE"	"PROPOSED_FOR_HUMAN_REVIEW"
"KALE"	"Grünkohl"	"APPLICABLE"	"Grünkohl mit robusten krausen oder glatten Blättern und kräftig-grünem Geschmack; Stiele je nach Zartheit mitverwenden."	"GENERAL_LOCAL"	"Katalogpfad Kohlgemüse → Blattgemüse → Gemüse. Warengruppe Gemüse oder Pilz, formrelevanter Prüfhinweis aus der vollständigen Definition: »Stiele je nach Zartheit mitverwenden«. Regelweg in Bornheim über den Bereich »Obst- und Gemüseabteilung« eines gewöhnlichen Bornheimer Vollsortimenters."	"EASY"	"Grünkohl: gewöhnlicher lokaler Bezugsweg über den Bereich »Obst- und Gemüseabteilung«."	"OPTIONAL"	""	"GENERAL_LOCAL"	"Für „Grünkohl“ wird das Angebot über die Gemüseabteilung eines gewöhnlichen großen Rostocker Supermarkts kontrolliert."	"EASY"	"Grünkohl: gewöhnlicher lokaler Bezugsweg über den Bereich »Grünkohl«."	"OPTIONAL"	""	"TOBIAS_ROSTOCK_PROFILE"	"PROPOSED_FOR_HUMAN_REVIEW"
"KASHMIRI_CHILI_POWDER"	"Kashmiri-Chilipulver"	"APPLICABLE"	"Leuchtend rotes Chilipulver nach Kashmiri-Art mit fruchtigem Aroma und meist moderater Schärfe."	"SPECIALTY_BROAD"	"Exaktes Kashmiri-Chilipulver verschiedener Marken erreicht den Markt über Südasien-Handel und einen unabhängigen breiten Gourmetkanal. Das überschreitet einen einzelnen Importweg, bleibt aber außerhalb gewöhnlicher Gewürzregale."	"SPECIALTY"	"Kashmiri-Chilipulver hat verschiedene Marken und Wege über Südasien- sowie breiten Gourmetfachhandel; die exakte Art bleibt Spezialware und ein Weg nutzt ein 1-kg-Gebinde."	"REQUIRED"	"AV2N-A-0122|AV2N-A-0123"	"SPECIALTY_BROAD"	"Exaktes Kashmiri-Chilipulver verschiedener Marken erreicht den Markt über Südasien-Handel und einen unabhängigen breiten Gourmetkanal. Das überschreitet einen einzelnen Importweg, bleibt aber außerhalb gewöhnlicher Gewürzregale."	"SPECIALTY"	"Kashmiri-Chilipulver hat verschiedene Marken und Wege über Südasien- sowie breiten Gourmetfachhandel; die exakte Art bleibt Spezialware und ein Weg nutzt ein 1-kg-Gebinde."	"REQUIRED"	"AV2N-A-0122|AV2N-A-0123"	"EVIDENCE_REQUIRED|RESEARCH_REQUIRED|SPECIALTY_MARKET_BREADTH|TOBIAS_ROSTOCK_PROFILE"	"PROPOSED_FOR_HUMAN_REVIEW"
"KASSELER"	"Kasseler"	"APPLICABLE"	"Gepökeltes und geräuchertes Schweinefleisch aus geeigneten Teilstücken wie Rücken, Nacken oder Rippe; nicht das fertig zubereitete Gericht."	"GENERAL_LOCAL"	"Katalogpfad gepökeltes oder luftgetrocknetes Fleisch → Schweinefleisch → Fleisch. Warengruppe Wurst oder Pökelfleisch, formrelevanter Prüfhinweis aus der vollständigen Definition: »nicht das fertig zubereitete Gericht«. Regelweg in Bornheim über das örtliche Sortiment »Wurstkühlung oder Bedientheke« beim Wocheneinkauf in Bornheim."	"EASY"	"Kasseler: gewöhnlicher lokaler Bezugsweg über den Bereich »Wurstkühlung oder Bedientheke«."	"OPTIONAL"	""	"GENERAL_LOCAL"	"Tobias prüft „Kasseler“ in Rostock über die Fleischkühlung oder Bedientheke eines gewöhnlichen großen Rostocker Supermarkts."	"EASY"	"Kasseler: Rostocker Bezugsweg über die Fleischkühlung oder Bedientheke eines gewöhnlichen großen Rostocker Supermarkts."	"OPTIONAL"	""	"TOBIAS_ROSTOCK_PROFILE"	"PROPOSED_FOR_HUMAN_REVIEW"
"KECAP_MANIS"	"Kecap Manis"	"APPLICABLE"	"Indonesische dicke süße Sojasauce mit Palmzucker beziehungsweise vergleichbarer Süße; nicht helle Sojasauce."	"SPECIALTY_BROAD"	"Katalogpfad Sojasauce → Süßungsmittel → fermentierte Würzzutat → fertige Sauce oder Würzpaste. Warengruppe Sauce oder Würzpaste, formrelevanter Prüfhinweis aus der vollständigen Definition: »nicht helle Sojasauce«. Breiter einschlägiger Spezialmarkt über den freigegebenen v2-Anker mit dem Kerngrund »Bei vielen breit aufgestellten Asia-Händlern regulär verfügbar allgemeine Supermarktpräsenz reicht nicht für PLANNED als sichere Regel«."	"SPECIALTY"	"Kecap Manis: Bei vielen breit aufgestellten Asia-Händlern regulär verfügbar; allgemeine Supermarktpräsenz reicht nicht für PLANNED als sichere Regel."	"REQUIRED"	"AV2E-061"	"SPECIALTY_BROAD"	"Kecap Manis: Bei vielen breit aufgestellten Asia-Händlern regulär verfügbar; allgemeine Supermarktpräsenz reicht nicht für PLANNED als sichere Regel."	"SPECIALTY"	"Kecap Manis: Bei vielen breit aufgestellten Asia-Händlern regulär verfügbar; allgemeine Supermarktpräsenz reicht nicht für PLANNED als sichere Regel."	"REQUIRED"	"AV2E-061"	"EVIDENCE_REQUIRED|REFERENCE_ANCHOR|REFERENCE_ANCHOR_V2|RESEARCH_REQUIRED|SPECIALTY_MARKET_BREADTH|TOBIAS_ROSTOCK_PROFILE"	"RATING_APPROVED_NOTE_PROPOSED_REFERENCE_ANCHOR_V2"
"KEFIR"	"Kefir"	"APPLICABLE"	"Fermentiertes Milchgetränk aus Kefirkulturen mit säuerlicher, leicht hefiger Note; nicht Buttermilch oder Joghurt."	"GENERAL_LOCAL"	"Katalogpfad gesäuertes Milchprodukt → Milchprodukte. Warengruppe Milchprodukt, formrelevanter Prüfhinweis aus der vollständigen Definition: »nicht Buttermilch oder Joghurt«. Regelweg in Bornheim über den lokalen Supermarktbereich »Molkereikühlregal« in Bornheim."	"EASY"	"Kefir: gewöhnlicher lokaler Bezugsweg über den Bereich »Molkereikühlregal«."	"OPTIONAL"	""	"GENERAL_LOCAL"	"Die Beschaffung von „Kefir“ erfolgt in Rostock über die Molkereikühlung eines gewöhnlichen großen Rostocker Supermarkts."	"EASY"	"Kefir: gewöhnlicher lokaler Bezugsweg über den Bereich »Kefir«."	"OPTIONAL"	""	"TOBIAS_ROSTOCK_PROFILE"	"PROPOSED_FOR_HUMAN_REVIEW"
"KETCHUP"	"Ketchup"	"APPLICABLE"	"Glatte süß-säuerliche Tomatenwürzsauce; Gewürzung und Süße können variieren, Bananenketchup bleibt getrennt."	"GENERAL_LOCAL"	"Katalogpfad fertige Sauce oder Würzpaste → Tomatenprodukt → Sauce, Würzmittel oder Paste. Warengruppe Sauce oder Würzpaste, formrelevanter Prüfhinweis aus der vollständigen Definition: »Gewürzung und Süße können variieren, Bananenketchup bleibt getrennt«. Regelweg in Bornheim über den regulären Bornheimer Regalweg »Saucen-, Würzpasten- und Feinkostregal«."	"EASY"	"Ketchup: gewöhnlicher lokaler Bezugsweg über den Bereich »Saucen-, Würzpasten- und Feinkostregal«."	"OPTIONAL"	""	"GENERAL_LOCAL"	"Die Beschaffung von „Ketchup“ erfolgt in Rostock über das Saucen-, Essig- oder Feinkostregal eines gewöhnlichen großen Rostocker Supermarkts."	"EASY"	"Ketchup: gewöhnlicher lokaler Bezugsweg über den Bereich »Ketchup«."	"OPTIONAL"	""	"TOBIAS_ROSTOCK_PROFILE"	"PROPOSED_FOR_HUMAN_REVIEW"
"KIDNEY_BEANS"	"Kidneybohnen"	"APPLICABLE"	"Nierenförmige rote Bohnen mit fester Schale und cremigem Inneren; getrocknet ausreichend garen oder vorgegart verwenden."	"GENERAL_LOCAL"	"Katalogpfad Bohnen → Hülsenfrüchte. Warengruppe Hülsenfrucht, formrelevanter Prüfhinweis aus der vollständigen Definition: »getrocknet ausreichend garen oder vorgegart verwenden«. Regelweg in Bornheim über ortsübliche Vollsortimenter rund um Bornheim, konkret im Bereich »Hülsenfrucht-, Konserven- oder Trockenwarenregal«."	"EASY"	"Kidneybohnen: gewöhnlicher lokaler Bezugsweg über den Bereich »Hülsenfrucht-, Konserven- oder Trockenwarenregal«."	"OPTIONAL"	""	"GENERAL_LOCAL"	"Beim Einkauf von „Kidneybohnen“ nutzt Tobias das Hülsenfrucht-, Konserven- oder Trockensortiment eines gewöhnlichen großen Rostocker Supermarkts."	"EASY"	"Kidneybohnen: gewöhnlicher lokaler Bezugsweg über den Bereich »Kidneybohnen«."	"OPTIONAL"	""	"TOBIAS_ROSTOCK_PROFILE"	"PROPOSED_FOR_HUMAN_REVIEW"
"KIMCHI"	"Kimchi"	"APPLICABLE"	"Koreanisches milchsauer fermentiertes Gemüse, meist Chinakohl oder Rettich, mit kräftiger Würzung; konkrete Sorte bleibt offen."	"GENERAL_BROAD"	"Asia4Friends bietet Kimchi Wang als 410-g-Glas fermentierten, gewürzten Chinakohls aktuell lagernd mit 1–3 Werktagen Lieferzeit an. Der haltbare Standardversand nach Bornheim deckt eine zulässige Kimchi-Sorte ab."	"PLANNED"	"Kimchi: Asia4Friends bietet Kimchi Wang als 410-g-Glas fermentierten, gewürzten Chinakohls aktuell lagernd mit 1–3 Werktagen Lieferzeit an. Der haltbare Standardversand nach Bornheim deckt eine zulässige Kimchi-Sorte ab."	"OPTIONAL"	"AV2N-A-0124"	"GENERAL_BROAD"	"Die Produktseite von Asia4Friends zeigt Kimchi Wang im 410-g-Glas mit aktuellem Lagerbestand und kurzer Lieferzeit. Tobias kann den Chinakohl-Kimchi per Standardpaket nach Rostock bestellen; eine Kühlzustellung ist dort nicht ausgewiesen."	"PLANNED"	"Kimchi: Die Produktseite von Asia4Friends zeigt Kimchi Wang im 410-g-Glas mit aktuellem Lagerbestand und kurzer Lieferzeit. Tobias kann den Chinakohl-Kimchi per Standardpaket nach Rostock bestellen; eine Kühlzustellung ist dort nicht ausgewiesen."	"REQUIRED"	"AV2N-A-0124"	"RATING_RECONCILED_V2|RESEARCH_REQUIRED|SPECIALTY_MARKET_BREADTH|TOBIAS_ROSTOCK_PROFILE"	"PROPOSED_FOR_HUMAN_REVIEW"
"KING_OYSTER_MUSHROOM"	"Kräuterseitlinge"	"APPLICABLE"	"Kräuterseitling mit dickem, festem Stiel und mildem, umamireichem Aroma; Stiel und Hut sind essbar."	"GENERAL_BROAD"	"Katalogpfad Pilze → Gemüse. Warengruppe Gemüse oder Pilz, formrelevanter Prüfhinweis aus der vollständigen Definition: »Stiel und Hut sind essbar«. Allgemein planbarer, aber nicht lokal garantierter Weg über einen vorbereiteten Einkauf im gut sortierten Bereich »Obst- und Gemüseabteilung«."	"PLANNED"	"Kräuterseitlinge ist über einen vorbereiteten Einkauf im gut sortierten Bereich »Obst- und Gemüseabteilung« im allgemeinen deutschen Handel planbar, lokal aber kein verlässlicher Standardartikel."	"OPTIONAL"	""	"GENERAL_BROAD"	"Tobias prüft „Kräuterseitlinge“ in Rostock über gut sortierte Vollsortimenter und etablierte deutsche Pilz- oder Frischehändler."	"PLANNED"	"Kräuterseitlinge: Rostocker Bezugsweg über gut sortierte Vollsortimenter und etablierte deutsche Pilz- oder Frischehändler."	"OPTIONAL"	""	"TOBIAS_ROSTOCK_PROFILE"	"PROPOSED_FOR_HUMAN_REVIEW"
"KIWI"	"Kiwi"	"APPLICABLE"	"Kiwi mit saftigem süß-säuerlichem Fruchtfleisch und essbaren kleinen Samen; grüne und goldene Sorten sind umfasst."	"GENERAL_LOCAL"	"Katalogpfad Obst. Warengruppe Obst, formrelevanter Prüfhinweis aus der vollständigen Definition: »grüne und goldene Sorten sind umfasst«. Regelweg in Bornheim über das örtliche Sortiment »Obst- und Gemüseabteilung« beim Wocheneinkauf in Bornheim."	"EASY"	"Kiwi: gewöhnlicher lokaler Bezugsweg über den Bereich »Obst- und Gemüseabteilung«."	"OPTIONAL"	""	"GENERAL_LOCAL"	"Die Beschaffung von „Kiwi“ erfolgt in Rostock über die Obstabteilung eines gewöhnlichen großen Rostocker Supermarkts."	"EASY"	"Kiwi: gewöhnlicher lokaler Bezugsweg über den Bereich »Kiwi«."	"OPTIONAL"	""	"TOBIAS_ROSTOCK_PROFILE"	"PROPOSED_FOR_HUMAN_REVIEW"
"KLIPPFISH"	"Klippfisch"	"APPLICABLE"	"Stark gesalzener und anschließend getrockneter Fisch nach Klippfisch-/Klippfisk-Art, häufig Kabeljau oder anderer geeigneter Weißfisch; vor der Zubereitung typischerweise zu wässern. Nicht mit ungesalzenem Stockfisch gleichsetzen."	"SPECIALTY_BROAD"	"Katalogpfad konservierter Fisch → Fisch → Fisch und Meeresfrüchte. Warengruppe konservierter Fisch, formrelevanter Prüfhinweis aus der vollständigen Definition: »Nicht mit ungesalzenem Stockfisch gleichsetzen«. Breiter einschlägiger Spezialmarkt über den freigegebenen v2-Anker mit dem Kerngrund »Im portugiesisch-/spanisch geprägten Spezialmarkt breit als gesalzener Trockenfisch etabliert klare Abgrenzung zu ungesalzenem Stockfisch«."	"SPECIALTY"	"Klippfisch: Im portugiesisch-/spanisch geprägten Spezialmarkt breit als gesalzener Trockenfisch etabliert; klare Abgrenzung zu ungesalzenem Stockfisch."	"REQUIRED"	"AV2E-062"	"SPECIALTY_BROAD"	"Klippfisch: Portugiesisch und nordisch ausgerichtete Seafood-Fachsortimente führen stark gesalzenen, getrockneten Kabeljau oder vergleichbaren Weißfisch; die haltbare Ware ist über breiten Spezialhandel erhältlich, nicht über jede Rostocker Fischtheke."	"SPECIALTY"	"Klippfisch: Im portugiesisch-/spanisch geprägten Spezialmarkt breit als gesalzener Trockenfisch etabliert; klare Abgrenzung zu ungesalzenem Stockfisch."	"REQUIRED"	"AV2E-062"	"EVIDENCE_REQUIRED|REFERENCE_ANCHOR|REFERENCE_ANCHOR_V2|RESEARCH_REQUIRED|SPECIALTY_MARKET_BREADTH|TOBIAS_ROSTOCK_PROFILE"	"RATING_APPROVED_NOTE_PROPOSED_REFERENCE_ANCHOR_V2"
"KOHLRABI"	"Kohlrabi"	"APPLICABLE"	"Knackige verdickte Kohlrabi-Sprossachse mit mild-kohligem Geschmack; Blätter können mitverwendet werden."	"GENERAL_LOCAL"	"Katalogpfad Kohlgemüse → Gemüse. Warengruppe Gemüse oder Pilz, formrelevanter Prüfhinweis aus der vollständigen Definition: »Blätter können mitverwendet werden«. Regelweg in Bornheim über den Bereich »Obst- und Gemüseabteilung« eines gewöhnlichen Bornheimer Vollsortimenters."	"EASY"	"Kohlrabi: gewöhnlicher lokaler Bezugsweg über den Bereich »Obst- und Gemüseabteilung«."	"OPTIONAL"	""	"GENERAL_LOCAL"	"Der konkrete Bezug von „Kohlrabi“ läuft über die Gemüseabteilung eines gewöhnlichen großen Rostocker Supermarkts."	"EASY"	"Kohlrabi: gewöhnlicher lokaler Bezugsweg über den Bereich »Kohlrabi«."	"OPTIONAL"	""	"TOBIAS_ROSTOCK_PROFILE"	"PROPOSED_FOR_HUMAN_REVIEW"
"KOLACHE"	"Kolatschen"	"APPLICABLE"	"Rundes mitteleuropäisches Hefeteiggebäck der tschechischen Koláč-Familie mit typischerweise zentraler Füllung, etwa Mohn, Quark, Pflaumenmus oder Obst. Nicht beliebiges Hefegebäck und nicht Trdelník."	"NICHE_IMPORT"	"Katalogpfad Backware → Süßware. Warengruppe Back- oder Brotwaren, formrelevanter Prüfhinweis aus der vollständigen Definition: »Nicht beliebiges Hefegebäck und nicht Trdelník«. Nur der schmale Händlerweg über Luisa Minimarkt Prag – Chemnitz ist positiv belegt; Sonderfahrt begrenzt Form, Bestand oder Logistik."	"DIFFICULT"	"Kolatschen: Nur der schmale Händlerweg über Luisa Minimarkt Prag – Chemnitz ist positiv belegt; Sonderfahrt begrenzt Form, Bestand oder Logistik."	"REQUIRED"	"AV2N-A-0125"	"NICHE_IMPORT"	"Kolatschen sind nur über den entfernten tschechischen Spezialmarkt Luisa in Chemnitz positiv belegt; die Sonderfahrt macht den Weg schwierig."	"DIFFICULT"	"Kolatschen sind nur über den entfernten tschechischen Spezialmarkt Luisa in Chemnitz positiv belegt; die Sonderfahrt macht den Weg schwierig."	"REQUIRED"	"AV2N-A-0125"	"EVIDENCE_REQUIRED|FORM_OR_LOGISTICS_RISK|FORM_OR_ROUTE_FRAGILE|RESEARCH_REQUIRED|TOBIAS_ROSTOCK_PROFILE"	"PROPOSED_FOR_HUMAN_REVIEW"
"KOMBU"	"Kombu"	"APPLICABLE"	"Dicke getrocknete Braunalge, besonders zum Ansetzen umamireicher Fonds wie Dashi; nicht Nori oder Wakame."	"SPECIALTY_BROAD"	"Katalogpfad Algen → Gemüse. Warengruppe Alge, formrelevanter Prüfhinweis aus der vollständigen Definition: »nicht Nori oder Wakame«. Breiter einschlägiger Spezialmarkt über den freigegebenen v2-Anker mit dem Kerngrund »Breit im japanisch-asiatischen Spezialmarkt etabliert viele unabhängige Händler und Marken«."	"SPECIALTY"	"Kombu: Breit im japanisch-asiatischen Spezialmarkt etabliert; viele unabhängige Händler und Marken."	"REQUIRED"	"AV2E-057"	"SPECIALTY_BROAD"	"Kombu: Mehrere japanische und ostasiatische Lebensmittel-Fachhändler führen dicke getrocknete Braunalgenblätter für Dashi in unterschiedlichen Packungsgrößen; das begründet einen breiten Spezialmarktweg."	"SPECIALTY"	"Kombu: Breit im japanisch-asiatischen Spezialmarkt etabliert; viele unabhängige Händler und Marken."	"REQUIRED"	"AV2E-057"	"EVIDENCE_REQUIRED|REFERENCE_ANCHOR|REFERENCE_ANCHOR_V2|RESEARCH_REQUIRED|SPECIALTY_MARKET_BREADTH|TOBIAS_ROSTOCK_PROFILE"	"RATING_APPROVED_NOTE_PROPOSED_REFERENCE_ANCHOR_V2"
"LA_LOT_LEAVES"	"Lá-lốt-Blätter"	"APPLICABLE"	"Als Lá lốt gehandelte herzförmige Pfefferblätter mit warm-würzigem Aroma, besonders zum Umwickeln und Grillen von Fleischfüllungen. Nicht mit Betelblättern zum Kauen oder gewöhnlichem Pfefferblatt gleichsetzen."	"NICHE_IMPORT"	"Katalogpfad Kräuter und Würzblätter. Warengruppe frisches Würzkraut, formrelevanter Prüfhinweis aus der vollständigen Definition: »Nicht mit Betelblättern zum Kauen oder gewöhnlichem Pfefferblatt gleichsetzen«. Der v2-Anker hält den Engpass fest: Wenige vietnamesisch orientierte Frischehändler, schwankender Bestand und Frischelogistik."	"DIFFICULT"	"Lá-lốt-Blätter: Wenige vietnamesisch orientierte Frischehändler, schwankender Bestand und Frischelogistik."	"REQUIRED"	"AV2E-079"	"NICHE_IMPORT"	"Lá-lốt-Blätter: Wenige vietnamesisch orientierte Frischehändler, schwankender Bestand und Frischelogistik."	"DIFFICULT"	"Lá-lốt-Blätter: Wenige vietnamesisch orientierte Frischehändler, schwankender Bestand und Frischelogistik."	"REQUIRED"	"AV2E-079"	"EVIDENCE_REQUIRED|FORM_OR_LOGISTICS_RISK|FORM_OR_ROUTE_FRAGILE|REFERENCE_ANCHOR|REFERENCE_ANCHOR_V2|RESEARCH_REQUIRED|TOBIAS_ROSTOCK_PROFILE"	"RATING_APPROVED_NOTE_PROPOSED_REFERENCE_ANCHOR_V2"
"LAKSA_PASTE"	"Laksa-Paste"	"APPLICABLE"	"Fertige südostasiatische Gewürzpaste für Laksa mit Chili, Aromaten und Gewürzen; regional unterschiedliche Stile sind umfasst."	"SPECIALTY_BROAD"	"Unabhängige deutsche und europäische panasiatische Vollsortimenter führen verschiedene Laksa-Pasten regulär bei den Currypasten. Getrennte Importkanäle und haltbare Haushaltsgebinde repräsentieren den breiten Asia-Spezialmarkt."	"SPECIALTY"	"Verschiedene Laksa-Pasten sind reguläre Sortimentsware unabhängiger deutscher und europäischer panasiatischer Vollsortimenter; haltbare Haushaltsgebinde tragen den breiten Spezialmarkt."	"REQUIRED"	"AV2N-A-0126|AV2N-A-0127"	"SPECIALTY_BROAD"	"Unabhängige deutsche und europäische panasiatische Vollsortimenter führen verschiedene Laksa-Pasten regulär bei den Currypasten. Getrennte Importkanäle und haltbare Haushaltsgebinde repräsentieren den breiten Asia-Spezialmarkt."	"SPECIALTY"	"Verschiedene Laksa-Pasten sind reguläre Sortimentsware unabhängiger deutscher und europäischer panasiatischer Vollsortimenter; haltbare Haushaltsgebinde tragen den breiten Spezialmarkt."	"REQUIRED"	"AV2N-A-0126|AV2N-A-0127"	"EVIDENCE_REQUIRED|RESEARCH_REQUIRED|SPECIALTY_MARKET_BREADTH|TOBIAS_ROSTOCK_PROFILE"	"PROPOSED_FOR_HUMAN_REVIEW"
"LAMB"	"Lamm"	"APPLICABLE"	"Lammfleisch ohne Festlegung auf Zuschnitt oder Garmethode; gemeint ist Fleisch vom jungen Schaf."	"GENERAL_BROAD"	"Katalogpfad Fleisch. Warengruppe Fleisch, formrelevanter Prüfhinweis aus der vollständigen Definition: »gemeint ist Fleisch vom jungen Schaf«. Allgemein planbarer, aber nicht lokal garantierter Weg über eine gezielte Bestellung oder Sortimentsprüfung bei MeinMetzger – Lammfleisch."	"PLANNED"	"Lamm ist über eine gezielte Bestellung oder Sortimentsprüfung bei MeinMetzger – Lammfleisch im allgemeinen deutschen Handel planbar, lokal aber kein verlässlicher Standardartikel."	"REQUIRED"	"AV2N-A-0128"	"GENERAL_BROAD"	"Tobias prüft „Lamm“ in Rostock über MeinMetzger – Lammfleisch, wobei die Evidenz ein dokumentiertes laufendes Angebot und Kühlversand ausweist."	"PLANNED"	"Lamm: Rostocker Bezugsweg über MeinMetzger – Lammfleisch; dokumentiert sind ein dokumentiertes laufendes Angebot und Kühlversand."	"OPTIONAL"	"AV2N-A-0128"	"BORDERLINE_PLANNED|EVIDENCE_REQUIRED|TOBIAS_ROSTOCK_PROFILE"	"PROPOSED_FOR_HUMAN_REVIEW"
"LAMB_CHOP"	"Lammkotelett"	"APPLICABLE"	"Lammkotelett mit Knochen aus Rücken oder Rippenbereich; zum kurzen Braten oder Grillen geeignet."	"GENERAL_BROAD"	"Katalogpfad Lamm → Fleisch. Warengruppe Fleisch, formrelevanter Prüfhinweis aus der vollständigen Definition: »zum kurzen Braten oder Grillen geeignet«. Allgemein planbarer, aber nicht lokal garantierter Weg über eine gezielte Bestellung oder Sortimentsprüfung bei MeinMetzger – Lammkotelett Stiel portioniert."	"PLANNED"	"Lammkotelett ist über eine gezielte Bestellung oder Sortimentsprüfung bei MeinMetzger – Lammkotelett Stiel portioniert im allgemeinen deutschen Handel planbar, lokal aber kein verlässlicher Standardartikel."	"REQUIRED"	"AV2N-A-0130"	"GENERAL_BROAD"	"Tobias prüft „Lammkotelett“ in Rostock über MeinMetzger – Lammkotelett Stiel portioniert, wobei die Evidenz beim Abruf verfügbaren Bestand und Kühlversand ausweist."	"PLANNED"	"Lammkotelett: Rostocker Bezugsweg über MeinMetzger – Lammkotelett Stiel portioniert; dokumentiert sind beim Abruf verfügbaren Bestand und Kühlversand."	"OPTIONAL"	"AV2N-A-0130"	"BORDERLINE_PLANNED|EVIDENCE_REQUIRED|TOBIAS_ROSTOCK_PROFILE"	"PROPOSED_FOR_HUMAN_REVIEW"
"LAMB_LEG"	"Lammkeule"	"APPLICABLE"	"Lammkeule als großer, relativ magerer Braten- oder Schmorcut; ganz oder ausgelöst verwendbar."	"GENERAL_BROAD"	"Katalogpfad Lamm → Fleisch. Warengruppe Fleisch, formrelevanter Prüfhinweis aus der vollständigen Definition: »ganz oder ausgelöst verwendbar«. Allgemein planbarer, aber nicht lokal garantierter Weg über eine gezielte Bestellung oder Sortimentsprüfung bei MeinMetzger – Lammkeule nur mit Röhrenknochen."	"PLANNED"	"Lammkeule ist über eine gezielte Bestellung oder Sortimentsprüfung bei MeinMetzger – Lammkeule nur mit Röhrenknochen im allgemeinen deutschen Handel planbar, lokal aber kein verlässlicher Standardartikel."	"REQUIRED"	"AV2N-A-0131"	"GENERAL_BROAD"	"Tobias prüft „Lammkeule“ in Rostock über MeinMetzger – Lammkeule nur mit Röhrenknochen, wobei die Evidenz beim Abruf verfügbaren Bestand und Kühlversand ausweist."	"PLANNED"	"Lammkeule: Rostocker Bezugsweg über MeinMetzger – Lammkeule nur mit Röhrenknochen; dokumentiert sind beim Abruf verfügbaren Bestand und Kühlversand."	"OPTIONAL"	"AV2N-A-0131"	"BORDERLINE_PLANNED|EVIDENCE_REQUIRED|TOBIAS_ROSTOCK_PROFILE"	"PROPOSED_FOR_HUMAN_REVIEW"
"LAMB_MINCE"	"Lammhack"	"APPLICABLE"	"Zerkleinertes Lammfleisch mit charakteristischem Eigengeschmack; nicht gemischtes Hackfleisch."	"GENERAL_BROAD"	"Katalogpfad Lamm → Hackfleisch → Fleisch. Warengruppe Fleisch, formrelevanter Prüfhinweis aus der vollständigen Definition: »nicht gemischtes Hackfleisch«. Allgemein planbarer, aber nicht lokal garantierter Weg über eine gezielte Bestellung oder Sortimentsprüfung bei MeinMetzger – reines Lammhackfleisch."	"PLANNED"	"Lammhack ist über eine gezielte Bestellung oder Sortimentsprüfung bei MeinMetzger – reines Lammhackfleisch im allgemeinen deutschen Handel planbar, lokal aber kein verlässlicher Standardartikel."	"REQUIRED"	"AV2N-A-0132"	"GENERAL_BROAD"	"Tobias prüft „Lammhack“ in Rostock über MeinMetzger – reines Lammhackfleisch, wobei die Evidenz beim Abruf verfügbaren Bestand und Kühlversand ausweist."	"PLANNED"	"Lammhack: Rostocker Bezugsweg über MeinMetzger – reines Lammhackfleisch; dokumentiert sind beim Abruf verfügbaren Bestand und Kühlversand."	"OPTIONAL"	"AV2N-A-0132"	"BORDERLINE_PLANNED|EVIDENCE_REQUIRED|TOBIAS_ROSTOCK_PROFILE"	"PROPOSED_FOR_HUMAN_REVIEW"
"LAMB_SHOULDER"	"Lammschulter"	"APPLICABLE"	"Kollagenreiche Lammschulter mit kräftigem Geschmack; besonders für langsames Braten oder Schmoren geeignet."	"GENERAL_BROAD"	"Katalogpfad Lamm → Fleisch. Warengruppe Fleisch, formrelevanter Prüfhinweis aus der vollständigen Definition: »besonders für langsames Braten oder Schmoren geeignet«. Allgemein planbarer, aber nicht lokal garantierter Weg über eine gezielte Bestellung oder Sortimentsprüfung bei MeinMetzger – Lammschulterbraten mit Knochen."	"PLANNED"	"Lammschulter ist über eine gezielte Bestellung oder Sortimentsprüfung bei MeinMetzger – Lammschulterbraten mit Knochen im allgemeinen deutschen Handel planbar, lokal aber kein verlässlicher Standardartikel."	"REQUIRED"	"AV2N-A-0133"	"GENERAL_BROAD"	"Tobias prüft „Lammschulter“ in Rostock über MeinMetzger – Lammschulterbraten mit Knochen, wobei die Evidenz beim Abruf verfügbaren Bestand und Kühlversand ausweist."	"PLANNED"	"Lammschulter: Rostocker Bezugsweg über MeinMetzger – Lammschulterbraten mit Knochen; dokumentiert sind beim Abruf verfügbaren Bestand und Kühlversand."	"OPTIONAL"	"AV2N-A-0133"	"BORDERLINE_PLANNED|EVIDENCE_REQUIRED|TOBIAS_ROSTOCK_PROFILE"	"PROPOSED_FOR_HUMAN_REVIEW"
"LAMBIC"	"Lambic"	"APPLICABLE"	"Traditioneller belgischer Bierstil aus spontan vergorener Würze. Gemeint ist der Grundstil; Gueuze, Kriek und andere Frucht- oder Blendvarianten sind nicht automatisch eingeschlossen."	"SPECIALTY_BROAD"	"Zwei unabhängige spezialisierte Bierhändler tragen den Markt: Belgoshop und Beyond Beer führen jeweils Cantillon Grand Cru Bruocsella als reines, ungeblendetes dreijähriges Lambic aktuell bestellbar; ein allgemeiner Getränkeweg ist nicht belegt."	"SPECIALTY"	"Lambic: Zwei unabhängige spezialisierte Bierhändler tragen den Markt: Belgoshop und Beyond Beer führen jeweils Cantillon Grand Cru Bruocsella als reines, ungeblendetes dreijähriges Lambic aktuell bestellbar; ein allgemeiner Getränkeweg ist nicht belegt."	"REQUIRED"	"AV2N-A-0129|AV2N-A-0129B"	"SPECIALTY_BROAD"	"Belgoshop und Beyond Beer bilden zwei voneinander unabhängige Spezialbierwege; beide listen Cantillon Grand Cru Bruocsella als reines, ungeblendetes dreijähriges Lambic aktuell positiv, während ein allgemeiner Rostocker Getränkeweg fehlt."	"SPECIALTY"	"Lambic: Belgoshop und Beyond Beer bilden zwei voneinander unabhängige Spezialbierwege; beide listen Cantillon Grand Cru Bruocsella als reines, ungeblendetes dreijähriges Lambic aktuell positiv, während ein allgemeiner Rostocker Getränkeweg fehlt."	"REQUIRED"	"AV2N-A-0129|AV2N-A-0129B"	"BORDERLINE_PLANNED|EVIDENCE_REQUIRED|RESEARCH_REQUIRED|TOBIAS_ROSTOCK_PROFILE"	"PROPOSED_FOR_HUMAN_REVIEW"
"LAMBS_LETTUCE"	"Feldsalat"	"APPLICABLE"	"Feldsalat mit kleinen zarten Blättern und mild-nussigem Geschmack; überwiegend roh verwendet."	"GENERAL_LOCAL"	"Katalogpfad Blattsalat → Blattgemüse → Gemüse. Warengruppe Gemüse oder Pilz, formrelevanter Prüfhinweis aus der vollständigen Definition: »überwiegend roh verwendet«. Regelweg in Bornheim über den Bereich »Obst- und Gemüseabteilung« eines gewöhnlichen Bornheimer Vollsortimenters."	"EASY"	"Feldsalat: gewöhnlicher lokaler Bezugsweg über den Bereich »Obst- und Gemüseabteilung«."	"OPTIONAL"	""	"GENERAL_LOCAL"	"Tobias sucht „Feldsalat“ in Rostock über die Gemüseabteilung eines gewöhnlichen großen Rostocker Supermarkts gesucht."	"EASY"	"Feldsalat: gewöhnlicher lokaler Bezugsweg über den Bereich »Feldsalat«."	"OPTIONAL"	""	"TOBIAS_ROSTOCK_PROFILE"	"PROPOSED_FOR_HUMAN_REVIEW"
"LAND_SNAILS"	"Landschnecken"	"APPLICABLE"	"Essbare Landschnecken als küchenfertige Zutat; umfasst Weinbergschnecken und mögliche weitere terrestrische Arten. Nicht Süßwasser- oder Meeresschnecken."	"GENERAL_BROAD"	"Landschnecken in Dosenform über allgemeinen Feinkostversand; Culina bietet Weinbergschnecken ohne Haus im Warenkorb an und versendet mit ausgewiesener Deutschland-Lieferfrist."	"PLANNED"	"Landschnecken in Dosenform über allgemeinen Feinkostversand; Culina bietet Weinbergschnecken ohne Haus im Warenkorb an und versendet mit ausgewiesener Deutschland-Lieferfrist."	"REQUIRED"	"AV2N-A-0134"	"GENERAL_BROAD"	"Konservierte Landschnecken über allgemeinen Feinkostversand; Culina bietet Weinbergschnecken ohne Haus als Dosenware an und nennt eine Deutschland-Lieferfrist von ungefähr einer Woche."	"PLANNED"	"Landschnecken: Konservierte Landschnecken über allgemeinen Feinkostversand; Culina bietet Weinbergschnecken ohne Haus als Dosenware an und nennt eine Deutschland-Lieferfrist von ungefähr einer Woche."	"REQUIRED"	"AV2N-A-0134"	"BORDERLINE_PLANNED|EVIDENCE_REQUIRED|RESEARCH_REQUIRED|TOBIAS_ROSTOCK_PROFILE"	"PROPOSED_FOR_HUMAN_REVIEW"
"LARD"	"Schweineschmalz"	"APPLICABLE"	"Ausgelassenes Schweinefett zum Braten, Backen oder Verfeinern; natur gemeint, nicht fertiger Griebenschmalzaufstrich."	"GENERAL_LOCAL"	"Katalogpfad Kochfett. Warengruppe Speiseöl oder Kochfett, formrelevanter Prüfhinweis aus der vollständigen Definition: »natur gemeint, nicht fertiger Griebenschmalzaufstrich«. Regelweg in Bornheim über das örtliche Sortiment »Öl- und Kochfettregal« beim Wocheneinkauf in Bornheim."	"EASY"	"Schweineschmalz: gewöhnlicher lokaler Bezugsweg über den Bereich »Öl- und Kochfettregal«."	"OPTIONAL"	""	"GENERAL_LOCAL"	"Tobias prüft „Schweineschmalz“ in Rostock über das Öl- oder Kochfettregal eines gewöhnlichen großen Rostocker Supermarkts."	"EASY"	"Schweineschmalz: Rostocker Bezugsweg über das Öl- oder Kochfettregal eines gewöhnlichen großen Rostocker Supermarkts."	"OPTIONAL"	""	"TOBIAS_ROSTOCK_PROFILE"	"PROPOSED_FOR_HUMAN_REVIEW"
"LASAGNE_SHEETS"	"Lasagneplatten"	"APPLICABLE"	"Breite flache Weizenpastablätter für geschichtete Gerichte; frisch, getrocknet oder vorgekocht verwendbar."	"GENERAL_LOCAL"	"Katalogpfad Weizenpasta → Nudeln → stärkehaltige Zutat oder Sättigungsbeilage. Warengruppe Getreide- oder Stärkeware, formrelevanter Prüfhinweis aus der vollständigen Definition: »frisch, getrocknet oder vorgekocht verwendbar«. Regelweg in Bornheim über den lokalen Supermarktbereich »Reis-, Mehl-, Nudel- oder Trockenwarenregal« in Bornheim."	"EASY"	"Lasagneplatten: gewöhnlicher lokaler Bezugsweg über den Bereich »Reis-, Mehl-, Nudel- oder Trockenwarenregal«."	"OPTIONAL"	""	"GENERAL_LOCAL"	"Die Beschaffung von „Lasagneplatten“ erfolgt in Rostock über das Getreide-, Mehl-, Reis- oder Teigwarenregal eines gewöhnlichen großen Rostocker Supermarkts."	"EASY"	"Lasagneplatten: gewöhnlicher lokaler Bezugsweg über den Bereich »Lasagneplatten«."	"OPTIONAL"	""	"FORM_SENSITIVE|TOBIAS_ROSTOCK_PROFILE"	"PROPOSED_FOR_HUMAN_REVIEW"
"LEAFY_GREENS"	"Blattgemüse"	"APPLICABLE"	"Offene Vorgabe für Gemüse, dessen Blätter kulinarisch im Mittelpunkt stehen; Salate und Kochgemüse sind möglich."	"GENERAL_LOCAL"	"Katalogpfad Gemüse. Warengruppe Gemüse oder Pilz, formrelevanter Prüfhinweis aus der vollständigen Definition: »Salate und Kochgemüse sind möglich«. Regelweg in Bornheim über nahe Supermarktfilialen in Bornheim mit dem Bereich »Obst- und Gemüseabteilung«."	"EASY"	"Blattgemüse: gewöhnlicher lokaler Bezugsweg über den Bereich »Obst- und Gemüseabteilung«."	"OPTIONAL"	""	"GENERAL_LOCAL"	"Die Rostocker Warenprüfung für „Blattgemüse“ erfolgt über die Gemüseabteilung eines gewöhnlichen großen Rostocker Supermarkts."	"EASY"	"Blattgemüse: gewöhnlicher lokaler Bezugsweg über den Bereich »Blattgemüse«."	"OPTIONAL"	""	"TOBIAS_ROSTOCK_PROFILE"	"PROPOSED_FOR_HUMAN_REVIEW"
"LEBERKAESE"	"Leberkäse"	"APPLICABLE"	"Fein zerkleinertes, gebackenes Fleisch- oder Brühwursterzeugnis nach Leberkäse- beziehungsweise Fleischkäse-Art; konkrete Fleischmischung kann variieren. Nicht gewöhnlicher Hackbraten."	"GENERAL_LOCAL"	"Katalogpfad Wurst → Fleisch. Warengruppe Wurst oder Pökelfleisch, formrelevanter Prüfhinweis aus der vollständigen Definition: »Nicht gewöhnlicher Hackbraten«. Regelweg in Bornheim über das örtliche Sortiment »Wurstkühlung oder Bedientheke« beim Wocheneinkauf in Bornheim."	"EASY"	"Leberkäse: gewöhnlicher lokaler Bezugsweg über den Bereich »Wurstkühlung oder Bedientheke«."	"OPTIONAL"	""	"GENERAL_LOCAL"	"Für „Leberkäse“ führt der Rostocker Marktweg über die Fleischkühlung oder Bedientheke eines gewöhnlichen großen Rostocker Supermarkts."	"EASY"	"Leberkäse: Rostocker Bezugsweg über die Fleischkühlung oder Bedientheke eines gewöhnlichen großen Rostocker Supermarkts."	"OPTIONAL"	""	"TOBIAS_ROSTOCK_PROFILE"	"PROPOSED_FOR_HUMAN_REVIEW"
"LEEK"	"Lauch"	"APPLICABLE"	"Lauch mit mild-süßlichem Zwiebelaroma; weißer und grüner Teil sind je nach Gericht verwendbar."	"GENERAL_LOCAL"	"Katalogpfad Lauch- und Zwiebelgemüse → Gemüse. Warengruppe Gemüse oder Pilz, formrelevanter Prüfhinweis aus der vollständigen Definition: »weißer und grüner Teil sind je nach Gericht verwendbar«. Regelweg in Bornheim über ortsübliche Vollsortimenter rund um Bornheim, konkret im Bereich »Obst- und Gemüseabteilung«."	"EASY"	"Lauch: gewöhnlicher lokaler Bezugsweg über den Bereich »Obst- und Gemüseabteilung«."	"OPTIONAL"	""	"GENERAL_LOCAL"	"Tobias prüft „Lauch“ in Rostock über die Gemüseabteilung eines gewöhnlichen großen Rostocker Supermarkts."	"EASY"	"Lauch: Rostocker Bezugsweg über die Gemüseabteilung eines gewöhnlichen großen Rostocker Supermarkts."	"OPTIONAL"	""	"TOBIAS_ROSTOCK_PROFILE"	"PROPOSED_FOR_HUMAN_REVIEW"
"LEFSE"	"Lefse"	"APPLICABLE"	"Weiches norwegisches Fladenbrot nach Lefse-Art; je nach Variante auf Kartoffel- oder Mehlbasis. Gemeint ist die Lefse selbst, nicht eine bestimmte süße oder herzhafte Füllung beziehungsweise ein fertig belegtes Gericht."	"NICHE_IMPORT"	"Katalogpfad Fladenbrot → Brot oder Fladenbrot → Backware → stärkehaltige Zutat oder Sättigungsbeilage. Warengruppe Getreide- oder Stärkeware, formrelevanter Prüfhinweis aus der vollständigen Definition: »Gemeint ist die Lefse selbst, nicht eine bestimmte süße oder herzhafte Füllung beziehungsweise ein fertig belegtes Gericht«. Der v2-Anker hält den Engpass fest: Enger norwegischer Fertigproduktimport mit wenigen Händlern und periodischem Bestand."	"DIFFICULT"	"Lefse: Enger norwegischer Fertigproduktimport mit wenigen Händlern und periodischem Bestand."	"REQUIRED"	"AV2E-083"	"NICHE_IMPORT"	"Lefse: Enger norwegischer Fertigproduktimport mit wenigen Händlern und periodischem Bestand."	"DIFFICULT"	"Lefse: Enger norwegischer Fertigproduktimport mit wenigen Händlern und periodischem Bestand."	"REQUIRED"	"AV2E-083"	"EVIDENCE_REQUIRED|FORM_OR_LOGISTICS_RISK|FORM_OR_ROUTE_FRAGILE|REFERENCE_ANCHOR|REFERENCE_ANCHOR_V2|RESEARCH_REQUIRED|TOBIAS_ROSTOCK_PROFILE"	"RATING_APPROVED_NOTE_PROPOSED_REFERENCE_ANCHOR_V2"
"LEGUMES"	"Hülsenfrüchte"	"APPLICABLE"	"Offene Vorgabe für Hülsenfrüchte wie Bohnen, Linsen, Erbsen oder Kichererbsen; Produktform bleibt wählbar."	"GENERAL_LOCAL"	"Katalogpfad eigenständige Katalogwurzel. Warengruppe Hülsenfrucht, formrelevanter Prüfhinweis aus der vollständigen Definition: »Produktform bleibt wählbar«. Regelweg in Bornheim über die gewöhnliche Bornheimer Auslage »Hülsenfrucht-, Konserven- oder Trockenwarenregal«."	"EASY"	"Hülsenfrüchte: gewöhnlicher lokaler Bezugsweg über den Bereich »Hülsenfrucht-, Konserven- oder Trockenwarenregal«."	"OPTIONAL"	""	"GENERAL_LOCAL"	"Für „Hülsenfrüchte“ wird das Angebot über das Hülsenfrucht-, Konserven- oder Trockensortiment eines gewöhnlichen großen Rostocker Supermarkts kontrolliert."	"EASY"	"Hülsenfrüchte: gewöhnlicher lokaler Bezugsweg über den Bereich »Hülsenfrüchte«."	"OPTIONAL"	""	"TOBIAS_ROSTOCK_PROFILE"	"PROPOSED_FOR_HUMAN_REVIEW"
"LEMON"	"Zitrone"	"APPLICABLE"	"Zitrone mit aromatischer Schale und deutlich saurem Saft; Fruchtfleisch und unbehandelte Schale sind ebenfalls nutzbar."	"GENERAL_LOCAL"	"Katalogpfad Zitrusfrucht → Obst. Warengruppe Obst, formrelevanter Prüfhinweis aus der vollständigen Definition: »Fruchtfleisch und unbehandelte Schale sind ebenfalls nutzbar«. Regelweg in Bornheim über den lokalen Supermarktbereich »Obst- und Gemüseabteilung« in Bornheim."	"EASY"	"Zitrone: gewöhnlicher lokaler Bezugsweg über den Bereich »Obst- und Gemüseabteilung«."	"OPTIONAL"	""	"GENERAL_LOCAL"	"Beim Einkauf von „Zitrone“ nutzt Tobias die Obstabteilung eines gewöhnlichen großen Rostocker Supermarkts."	"EASY"	"Zitrone: gewöhnlicher lokaler Bezugsweg über den Bereich »Zitrone«."	"OPTIONAL"	""	"TOBIAS_ROSTOCK_PROFILE"	"PROPOSED_FOR_HUMAN_REVIEW"
"LEMONGRASS"	"Zitronengras"	"APPLICABLE"	"Faserige aromatische Halme mit klarem Zitronenduft; meist angedrückt, fein geschnitten oder zum Mitkochen verwendet."	"GENERAL_BROAD"	"Katalogpfad Kräuter und Würzblätter. Warengruppe frisches Würzkraut, formrelevanter Prüfhinweis aus der vollständigen Definition: »meist angedrückt, fein geschnitten oder zum Mitkochen verwendet«. Allgemein planbarer, aber nicht lokal garantierter Weg über eine vorab zu prüfendes Sortiment im Bereich »frische Kräuterabteilung« eines großen Bornheimer Markts."	"PLANNED"	"Zitronengras ist über ein vorab zu prüfendes Sortiment im Bereich »frische Kräuterabteilung« eines großen Bornheimer Markts im allgemeinen deutschen Handel planbar, lokal aber kein verlässlicher Standardartikel."	"OPTIONAL"	""	"GENERAL_BROAD"	"Tobias prüft „Zitronengras“ in Rostock über gut sortierte Vollsortimenter, Kräutergärtnereien und etablierte deutsche Frischehändler."	"PLANNED"	"Zitronengras: Rostocker Bezugsweg über gut sortierte Vollsortimenter, Kräutergärtnereien und etablierte deutsche Frischehändler."	"OPTIONAL"	""	"FORM_SENSITIVE|RATING_RECONCILED_V2|TOBIAS_ROSTOCK_PROFILE"	"PROPOSED_FOR_HUMAN_REVIEW"
"LENTILS"	"Linsen"	"APPLICABLE"	"Linsen als kleine trockene Hülsenfrüchte; Sorte, Farbe und Formstabilität bleiben offen."	"GENERAL_LOCAL"	"Katalogpfad Hülsenfrüchte. Warengruppe Hülsenfrucht, formrelevanter Prüfhinweis aus der vollständigen Definition: »Sorte, Farbe und Formstabilität bleiben offen«. Regelweg in Bornheim über den regulären Bornheimer Regalweg »Hülsenfrucht-, Konserven- oder Trockenwarenregal«."	"EASY"	"Linsen: gewöhnlicher lokaler Bezugsweg über den Bereich »Hülsenfrucht-, Konserven- oder Trockenwarenregal«."	"OPTIONAL"	""	"GENERAL_LOCAL"	"Der konkrete Bezug von „Linsen“ läuft über das Hülsenfrucht-, Konserven- oder Trockensortiment eines gewöhnlichen großen Rostocker Supermarkts."	"EASY"	"Linsen: gewöhnlicher lokaler Bezugsweg über den Bereich »Linsen«."	"OPTIONAL"	""	"TOBIAS_ROSTOCK_PROFILE"	"PROPOSED_FOR_HUMAN_REVIEW"
"LETTUCE"	"Kopfsalat"	"APPLICABLE"	"Kopfsalat mit zarten bis knackigen Blättern und mildem Geschmack; nicht die gesamte Blattsalatfamilie."	"GENERAL_LOCAL"	"Katalogpfad Blattsalat → Blattgemüse → Gemüse. Warengruppe Gemüse oder Pilz, formrelevanter Prüfhinweis aus der vollständigen Definition: »nicht die gesamte Blattsalatfamilie«. Regelweg in Bornheim über das örtliche Sortiment »Obst- und Gemüseabteilung« beim Wocheneinkauf in Bornheim."	"EASY"	"Kopfsalat: gewöhnlicher lokaler Bezugsweg über den Bereich »Obst- und Gemüseabteilung«."	"OPTIONAL"	""	"GENERAL_LOCAL"	"Für „Kopfsalat“ führt der Rostocker Marktweg über die Gemüseabteilung eines gewöhnlichen großen Rostocker Supermarkts."	"EASY"	"Kopfsalat: Rostocker Bezugsweg über die Gemüseabteilung eines gewöhnlichen großen Rostocker Supermarkts."	"OPTIONAL"	""	"TOBIAS_ROSTOCK_PROFILE"	"PROPOSED_FOR_HUMAN_REVIEW"
"LIEGE_SYRUP"	"Sirop de Liège"	"APPLICABLE"	"Dick eingekochter belgischer Apfel-/Birnen-Fruchtsirup beziehungsweise Fruchtaufstrich nach Lütticher Tradition. Kein Markenbegriff; Zuckerzusatz und konkrete Fruchtanteile können variieren. Nicht mit dünnflüssigem Getränkesirup oder beliebigem Fruchtsirup gleichsetzen."	"NICHE_IMPORT"	"Katalogpfad konservierte pflanzliche Zutat → Sirup → Süßungsmittel. Warengruppe konservierte Pflanzenware, formrelevanter Prüfhinweis aus der vollständigen Definition: »Nicht mit dünnflüssigem Getränkesirup oder beliebigem Fruchtsirup gleichsetzen«. Nur der schmale Händlerweg über Belgoshop – Meurens Original Lütticher Sirup ist positiv belegt; Standardversand begrenzt Form, Bestand oder Logistik."	"DIFFICULT"	"Sirop de Liège: Nur der schmale Händlerweg über Belgoshop – Meurens Original Lütticher Sirup ist positiv belegt; Standardversand begrenzt Form, Bestand oder Logistik."	"REQUIRED"	"AV2N-A-0135"	"NICHE_IMPORT"	"Tobias prüft „Sirop de Liège“ in Rostock über Belgoshop – Meurens Original Lütticher Sirup, wobei die Evidenz ein dokumentiertes laufendes Angebot und Standardversand ausweist."	"DIFFICULT"	"Sirop de Liège: Rostocker Bezugsweg über Belgoshop – Meurens Original Lütticher Sirup; dokumentiert sind ein dokumentiertes laufendes Angebot und Standardversand."	"REQUIRED"	"AV2N-A-0135"	"BORDERLINE_PLANNED|EVIDENCE_REQUIRED|FORM_OR_LOGISTICS_RISK|RATING_RECONCILED_V2|RESEARCH_REQUIRED|TOBIAS_ROSTOCK_PROFILE"	"PROPOSED_FOR_HUMAN_REVIEW"
"LIEGE_WAFFLE"	"Lütticher Waffel"	"APPLICABLE"	"Kleinere, kompakte belgische Waffel nach Lütticher Art mit eingebackenem Perl- beziehungsweise Hagelzucker und typischerweise karamellisierten Rändern. Nicht mit der größeren, luftigen Brüsseler Waffel gleichsetzen."	"GENERAL_BROAD"	"Morgenmarkt – Gut & Günstig Lütticher Zuckerwaffeln 550 g belegt formgenau: Morgenmarkt bietet belgische Lütticher Zuckerwaffeln der allgemeinen Handelsmarke Gut & Günstig als sofort verfügbare 550-g-Packung an. Für Georgia in Bornheim gilt: Deutscher Online-Lebensmittelversand nach Bornheim und Rostock; Logistik STANDARD_SHIPPING. Die Seite nennt Zuckeranteil und Herkunft, aber die Stückchenform nur im Produktnamen; die bestehende REWE-Seite belegt ergänzend ausdrücklich Perlzucker."	"PLANNED"	"Lütticher Waffel: Morgenmarkt bietet belgische Lütticher Zuckerwaffeln der allgemeinen Handelsmarke Gut & Günstig als sofort verfügbare 550-g-Packung an."	"REQUIRED"	"AV2N-A-0136|AV2N-P-0016"	"GENERAL_BROAD"	"Morgenmarkt – Gut & Günstig Lütticher Zuckerwaffeln 550 g belegt formgenau: Morgenmarkt bietet belgische Lütticher Zuckerwaffeln der allgemeinen Handelsmarke Gut & Günstig als sofort verfügbare 550-g-Packung an. Für Tobias in Rostock gilt: Deutscher Online-Lebensmittelversand nach Bornheim und Rostock; Logistik STANDARD_SHIPPING. Die Seite nennt Zuckeranteil und Herkunft, aber die Stückchenform nur im Produktnamen; die bestehende REWE-Seite belegt ergänzend ausdrücklich Perlzucker."	"PLANNED"	"Lütticher Waffel: Morgenmarkt bietet belgische Lütticher Zuckerwaffeln der allgemeinen Handelsmarke Gut & Günstig als sofort verfügbare 550-g-Packung an."	"REQUIRED"	"AV2N-A-0136|AV2N-P-0016"	"BORDERLINE_PLANNED|EVIDENCE_REQUIRED|RATING_RECONCILED_V2|RESEARCH_REQUIRED|SPECIALTY_MARKET_BREADTH|TOBIAS_ROSTOCK_PROFILE"	"PROPOSED_FOR_HUMAN_REVIEW"
"LIGHT_SOY_SAUCE"	"helle Sojasauce"	"APPLICABLE"	"Dünnflüssige salzige Sojasauce für Würze und Umami; nicht die süßlichere dunkle Sojasauce."	"GENERAL_BROAD"	"Katalogpfad Sojasauce → fermentierte Würzzutat → fertige Sauce oder Würzpaste → Sauce, Würzmittel oder Paste. Warengruppe Sauce oder Würzpaste, formrelevanter Prüfhinweis aus der vollständigen Definition: »nicht die süßlichere dunkle Sojasauce«. Für den Warenzugang nutzt Georgia „Saucen-, Würzpasten- und Feinkostregal über eine deutsche Versandroute mit geprüftem Artikel“."	"PLANNED"	"helle Sojasauce: Für den Warenzugang nutzt Georgia „Saucen-, Würzpasten- und Feinkostregal über eine deutsche Versandroute mit geprüftem Artikel“."	"OPTIONAL"	""	"GENERAL_BROAD"	"Für „helle Sojasauce“ wird das Angebot über gut sortierte Vollsortimenter und etablierte deutsche Feinkost- oder Würzsaucenhändler kontrolliert."	"PLANNED"	"helle Sojasauce: Für „helle Sojasauce“ wird das Angebot über gut sortierte Vollsortimenter und etablierte deutsche Feinkost- oder Würzsaucenhändler kontrolliert."	"OPTIONAL"	""	"RATING_RECONCILED_V2|TOBIAS_ROSTOCK_PROFILE"	"PROPOSED_FOR_HUMAN_REVIEW"
"LIME"	"Limette"	"APPLICABLE"	"Limette mit intensiv aromatischer Schale und saurem Saft; konkrete Sorte bleibt offen."	"GENERAL_LOCAL"	"Katalogpfad Zitrusfrucht → Obst. Warengruppe Obst, formrelevanter Prüfhinweis aus der vollständigen Definition: »konkrete Sorte bleibt offen«. Regelweg in Bornheim über den lokalen Supermarktbereich »Obst- und Gemüseabteilung« in Bornheim."	"EASY"	"Limette: gewöhnlicher lokaler Bezugsweg über den Bereich »Obst- und Gemüseabteilung«."	"OPTIONAL"	""	"GENERAL_LOCAL"	"Für „Limette“ wird das Angebot über die Obstabteilung eines gewöhnlichen großen Rostocker Supermarkts kontrolliert."	"EASY"	"Limette: gewöhnlicher lokaler Bezugsweg über den Bereich »Limette«."	"OPTIONAL"	""	"TOBIAS_ROSTOCK_PROFILE"	"PROPOSED_FOR_HUMAN_REVIEW"
"LINGONBERRY"	"Preiselbeeren"	"APPLICABLE"	"Preiselbeeren mit herber Säure; frisch oder ungesüßt tiefgekühlt gemeint, nicht Konfitüre."	"GENERAL_BROAD"	"Katalogpfad Beeren → Obst. Warengruppe Obst, formrelevanter Prüfhinweis aus der vollständigen Definition: »frisch oder ungesüßt tiefgekühlt gemeint, nicht Konfitüre«. Allgemein planbarer, aber nicht lokal garantierter Weg über eine konkrete Vorbestellung oder Bestandsabfrage für Obst."	"PLANNED"	"Preiselbeeren ist über eine konkrete Vorbestellung oder Bestandsabfrage für Obst im allgemeinen deutschen Handel planbar, lokal aber kein verlässlicher Standardartikel."	"OPTIONAL"	""	"GENERAL_BROAD"	"Der konkrete Bezug von „Preiselbeeren“ läuft über gut sortierte Vollsortimenter und etablierte deutsche Frucht- oder Frischehändler."	"PLANNED"	"Preiselbeeren: Der konkrete Bezug von „Preiselbeeren“ läuft über gut sortierte Vollsortimenter und etablierte deutsche Frucht- oder Frischehändler."	"OPTIONAL"	""	"FORM_SENSITIVE|RATING_RECONCILED_V2|TOBIAS_ROSTOCK_PROFILE"	"PROPOSED_FOR_HUMAN_REVIEW"
"LINGONBERRY_PRESERVES"	"Preiselbeer-Konfitüre/-kompott"	"APPLICABLE"	"Gesüßte Preiselbeerzubereitung wie Konfitüre, Kompott oder gerührte Preiselbeeren; nicht die ungesüßte frische Beere."	"GENERAL_LOCAL"	"Katalogpfad Preiselbeeren → konservierte pflanzliche Zutat → Beeren → Obst. Warengruppe konservierte Pflanzenware, formrelevanter Prüfhinweis aus der vollständigen Definition: »nicht die ungesüßte frische Beere«. Regelweg in Bornheim über die gewöhnliche Bornheimer Auslage »Konserven-, Glas- oder internationales Feinkostregal«."	"EASY"	"Preiselbeer-Konfitüre/-kompott: gewöhnlicher lokaler Bezugsweg über den Bereich »Konserven-, Glas- oder internationales Feinkostregal«."	"OPTIONAL"	""	"GENERAL_LOCAL"	"Die Beschaffung von „Preiselbeer-Konfitüre/-kompott“ erfolgt in Rostock über das Konserven-, Sauergemüse- oder Feinkostregal eines gewöhnlichen großen Rostocker Supermarkts."	"EASY"	"Preiselbeer-Konfitüre/-kompott: gewöhnlicher lokaler Bezugsweg über den Bereich »Preiselbeer-Konfitüre/-kompott«."	"OPTIONAL"	""	"FORM_SENSITIVE|RATING_RECONCILED_V2|TOBIAS_ROSTOCK_PROFILE"	"PROPOSED_FOR_HUMAN_REVIEW"
"LIQUORICE"	"Lakritz"	"APPLICABLE"	"Lakritzware mit süßen und salzigen Ausprägungen, auch als Kochzutat verwendbar; nicht Süßholzwurzel oder reiner Lakritzextrakt."	"GENERAL_LOCAL"	"Katalogpfad Süßware. Warengruppe Süßungs- oder Kakaoware, formrelevanter Prüfhinweis aus der vollständigen Definition: »nicht Süßholzwurzel oder reiner Lakritzextrakt«. Regelweg in Bornheim über den lokalen Supermarktbereich »Backzutaten-, Süßwaren- oder Kakaoregal« in Bornheim."	"EASY"	"Lakritz: Gewöhnliche Lakritzware ist im allgemeinen Süßwarensortiment zuverlässig erhältlich."	"OPTIONAL"	"AV2E-012"	"GENERAL_LOCAL"	"Lakritz: Gewöhnliche Lakritzware ist im allgemeinen Süßwarensortiment zuverlässig erhältlich."	"EASY"	"Lakritz: Gewöhnliche Lakritzware ist im allgemeinen Süßwarensortiment zuverlässig erhältlich."	"OPTIONAL"	"AV2E-012"	"REFERENCE_ANCHOR|REFERENCE_ANCHOR_V2|TOBIAS_ROSTOCK_PROFILE"	"RATING_APPROVED_NOTE_PROPOSED_REFERENCE_ANCHOR_V2"
"LIVER_PATE"	"Leberpastete"	"APPLICABLE"	"Streichfähige Pastete auf Leberbasis; umfasst typische Schweine-, Geflügel- und vergleichbare Leberpasteten, nicht reine Leber und nicht automatisch Leberwurst."	"GENERAL_LOCAL"	"Katalogpfad Innereien → Fleisch. Warengruppe Fleisch, formrelevanter Prüfhinweis aus der vollständigen Definition: »umfasst typische Schweine-, Geflügel- und vergleichbare Leberpasteten, nicht reine Leber und nicht automatisch Leberwurst«. Regelweg in Bornheim über ortsübliche Vollsortimenter rund um Bornheim, konkret im Bereich »Fleischkühlung oder Bedientheke«."	"EASY"	"Leberpastete: gewöhnlicher lokaler Bezugsweg über den Bereich »Fleischkühlung oder Bedientheke«."	"OPTIONAL"	""	"GENERAL_LOCAL"	"Die Beschaffung von „Leberpastete“ erfolgt in Rostock über die Fleischkühlung oder Bedientheke eines gewöhnlichen großen Rostocker Supermarkts."	"EASY"	"Leberpastete: gewöhnlicher lokaler Bezugsweg über den Bereich »Leberpastete«."	"OPTIONAL"	""	"TOBIAS_ROSTOCK_PROFILE"	"PROPOSED_FOR_HUMAN_REVIEW"
"LIVER_SAUSAGE"	"Leberwurst"	"APPLICABLE"	"Leberhaltige Koch- oder Streichwurst; Tierart, Körnung und Rezeptur können variieren. Nicht mit Leberpastete gleichsetzen."	"GENERAL_LOCAL"	"Katalogpfad Innereien → Wurst → Fleisch. Warengruppe Wurst oder Pökelfleisch, formrelevanter Prüfhinweis aus der vollständigen Definition: »Nicht mit Leberpastete gleichsetzen«. Regelweg in Bornheim über die gewöhnliche Bornheimer Auslage »Wurstkühlung oder Bedientheke«."	"EASY"	"Leberwurst: gewöhnlicher lokaler Bezugsweg über den Bereich »Wurstkühlung oder Bedientheke«."	"OPTIONAL"	""	"GENERAL_LOCAL"	"Beim Einkauf von „Leberwurst“ nutzt Tobias die Fleischkühlung oder Bedientheke eines gewöhnlichen großen Rostocker Supermarkts."	"EASY"	"Leberwurst: gewöhnlicher lokaler Bezugsweg über den Bereich »Leberwurst«."	"OPTIONAL"	""	"TOBIAS_ROSTOCK_PROFILE"	"PROPOSED_FOR_HUMAN_REVIEW"
"LOBSTER"	"Hummer"	"APPLICABLE"	"Hummer mit festem, süßlichem Fleisch aus Schwanz und Scheren; ganz, ausgelöst, frisch oder tiefgekühlt verwendbar."	"SPECIALTY_BROAD"	"Katalogpfad Krustentiere → wirbellose Tiere → Schalen- und Krustentiere → Fisch und Meeresfrüchte. Warengruppe Fisch oder Meeresfrucht, formrelevanter Prüfhinweis aus der vollständigen Definition: »ganz, ausgelöst, frisch oder tiefgekühlt verwendbar«. Breiter einschlägiger Spezialmarkt über den freigegebenen v2-Anker mit dem Kerngrund »Hummer verlangt den einschlägigen Seafood-Spezialmarkt und besitzt keinen hinreichend breiten allgemeinen PLANNED-Weg«."	"SPECIALTY"	"Hummer: Hummer verlangt den einschlägigen Seafood-Spezialmarkt und besitzt keinen hinreichend breiten allgemeinen PLANNED-Weg."	"REQUIRED"	"AV2E-017"	"SPECIALTY_BROAD"	"Hummer: Hummer verlangt den einschlägigen Seafood-Spezialmarkt und besitzt keinen hinreichend breiten allgemeinen PLANNED-Weg."	"SPECIALTY"	"Hummer: Hummer verlangt den einschlägigen Seafood-Spezialmarkt und besitzt keinen hinreichend breiten allgemeinen PLANNED-Weg."	"REQUIRED"	"AV2E-017"	"EVIDENCE_REQUIRED|FORM_SENSITIVE|REFERENCE_ANCHOR|REFERENCE_ANCHOR_V2|RESEARCH_REQUIRED|SPECIALTY_MARKET_BREADTH|TOBIAS_ROSTOCK_PROFILE"	"RATING_APPROVED_NOTE_PROPOSED_REFERENCE_ANCHOR_V2"
"LONGGANISA"	"Longganisa"	"APPLICABLE"	"Offene philippinische Wurstfamilie mit regional stark unterschiedlichen Rezepturen, von süßlichen bis kräftig knoblauchbetonten Varianten. Üblicherweise, aber nicht zwingend, aus Schweinefleisch; keine bestimmte regionale Longganisa wird vorausgesetzt."	"NICHE_IMPORT"	"Katalogpfad Wurst → Fleisch. Warengruppe Wurst oder Pökelfleisch, formrelevanter Prüfhinweis aus der vollständigen Definition: »keine bestimmte regionale Longganisa wird vorausgesetzt«. Der v2-Anker hält den Engpass fest: Philippinische Kühl-/TK-Wurst über wenige nationale Spezialhändler wechselnde Sorten, Bestand und Kühlweg verhindern breite Spezialmarktannahme."	"DIFFICULT"	"Die offene Longganisa-Wurstfamilie bleibt auf wenige philippinische Kühl- und TK-Händler mit wechselnden Sorten und Beständen beschränkt."	"REQUIRED"	"AV2E-074"	"NICHE_IMPORT"	"Die offene Longganisa-Wurstfamilie bleibt auf wenige philippinische Kühl- und TK-Händler mit wechselnden Sorten und Beständen beschränkt."	"DIFFICULT"	"Die offene Longganisa-Wurstfamilie bleibt auf wenige philippinische Kühl- und TK-Händler mit wechselnden Sorten und Beständen beschränkt."	"REQUIRED"	"AV2E-074"	"EVIDENCE_REQUIRED|FORM_OR_LOGISTICS_RISK|FORM_OR_ROUTE_FRAGILE|REFERENCE_ANCHOR|REFERENCE_ANCHOR_V2|RESEARCH_REQUIRED|TOBIAS_ROSTOCK_PROFILE"	"RATING_APPROVED_NOTE_PROPOSED_REFERENCE_ANCHOR_V2"
"LOTUS_ROOT"	"Lotuswurzel"	"APPLICABLE"	"Rhizom der Lotuspflanze mit charakteristischen Hohlkammern und knackiger Textur; frisch, tiefgekühlt oder schlicht konserviert."	"SPECIALTY_BROAD"	"Die zulässige in Wasser konservierte Lotuswurzel ist reguläre Gemüsekonserve unabhängiger breiter panasiatischer Händler. Getrennte Sortimentswege und Standardversand vermeiden die Fragilität eines reinen Frischimports."	"SPECIALTY"	"In Wasser konservierte Lotuswurzel ist reguläre Gemüsekonserve unabhängiger breiter panasiatischer Händler; getrennte Wege und Standardversand tragen den breiten Spezialmarkt."	"REQUIRED"	"AV2N-A-0137|AV2N-A-0138"	"SPECIALTY_BROAD"	"Die zulässige in Wasser konservierte Lotuswurzel ist reguläre Gemüsekonserve unabhängiger breiter panasiatischer Händler. Getrennte Sortimentswege und Standardversand vermeiden die Fragilität eines reinen Frischimports."	"SPECIALTY"	"In Wasser konservierte Lotuswurzel ist reguläre Gemüsekonserve unabhängiger breiter panasiatischer Händler; getrennte Wege und Standardversand tragen den breiten Spezialmarkt."	"REQUIRED"	"AV2N-A-0137|AV2N-A-0138"	"EVIDENCE_REQUIRED|FORM_SENSITIVE|RESEARCH_REQUIRED|SPECIALTY_MARKET_BREADTH|TOBIAS_ROSTOCK_PROFILE"	"PROPOSED_FOR_HUMAN_REVIEW"
"LOTUS_SEEDS"	"Lotussamen"	"APPLICABLE"	"Essbare reife Lotussamen mit mild-nussigem, leicht süßlichem Geschmack; frisch, getrocknet oder vorgegart für Suppen, Reisgerichte, Füllungen und Süßspeisen. Nicht Lotuswurzel oder der bittere Keim als eigenes Produkt."	"SPECIALTY_BROAD"	"Unabhängige panasiatische Vollsortimenter führen getrocknete essbare Lotussamen verschiedener Marken in Haushaltsgebinden. Reguläre Trockenwarensortimente und Standardversand zeigen Spezialmarktbreite statt eines einzelnen Importeurs."	"SPECIALTY"	"Getrocknete Lotussamen verschiedener Marken sind reguläre Trockenware unabhängiger panasiatischer Vollsortimenter; Standardversand trägt die Spezialmarktbreite, ohne eine Keimentfernung zu unterstellen."	"REQUIRED"	"AV2N-A-0139|AV2N-A-0140"	"SPECIALTY_BROAD"	"Unabhängige panasiatische Vollsortimenter führen getrocknete essbare Lotussamen verschiedener Marken in Haushaltsgebinden. Reguläre Trockenwarensortimente und Standardversand zeigen Spezialmarktbreite statt eines einzelnen Importeurs."	"SPECIALTY"	"Getrocknete Lotussamen verschiedener Marken sind reguläre Trockenware unabhängiger panasiatischer Vollsortimenter; Standardversand trägt die Spezialmarktbreite, ohne eine Keimentfernung zu unterstellen."	"REQUIRED"	"AV2N-A-0139|AV2N-A-0140"	"EVIDENCE_REQUIRED|FORM_SENSITIVE|RESEARCH_REQUIRED|SPECIALTY_MARKET_BREADTH|TOBIAS_ROSTOCK_PROFILE"	"PROPOSED_FOR_HUMAN_REVIEW"
"LOVAGE"	"Liebstöckel"	"APPLICABLE"	"Liebstöckelblätter mit kräftigem sellerieartig-würzigem Aroma; frisch oder sparsam getrocknet, nicht Maggi-Würze."	"GENERAL_BROAD"	"Ankerkraut – Liebstöckel getrocknet und gerebelt 15 g belegt formgenau: Ankerkraut führt reinen getrockneten und gerebelten Liebstöckel im 15-g-Glas als auf Lager und in den Warenkorb legbar. Für Georgia in Bornheim gilt: Deutschlandweiter Standardversand nach Bornheim und Rostock; 5–10 Werktage; Logistik STANDARD_SHIPPING. Die Route belegt sparsam dosierbare Trockenblätter, nicht frischen Kerbel und nicht flüssige Maggi-Würze."	"PLANNED"	"Liebstöckel: Ankerkraut führt reinen getrockneten und gerebelten Liebstöckel im 15-g-Glas als auf Lager und in den Warenkorb legbar."	"OPTIONAL"	"AV2N-A-0141|AV2N-P-0017"	"GENERAL_BROAD"	"Ankerkraut – Liebstöckel getrocknet und gerebelt 15 g belegt formgenau: Ankerkraut führt reinen getrockneten und gerebelten Liebstöckel im 15-g-Glas als auf Lager und in den Warenkorb legbar. Für Tobias in Rostock gilt: Deutschlandweiter Standardversand nach Bornheim und Rostock; 5–10 Werktage; Logistik STANDARD_SHIPPING. Die Route belegt sparsam dosierbare Trockenblätter, nicht frischen Kerbel und nicht flüssige Maggi-Würze."	"PLANNED"	"Liebstöckel: Ankerkraut führt reinen getrockneten und gerebelten Liebstöckel im 15-g-Glas als auf Lager und in den Warenkorb legbar."	"REQUIRED"	"AV2N-A-0141|AV2N-P-0017"	"FORM_SENSITIVE|RESEARCH_REQUIRED|TOBIAS_ROSTOCK_PROFILE"	"PROPOSED_FOR_HUMAN_REVIEW"
"LUPIN"	"Lupinen"	"APPLICABLE"	"Essbare, fachgerecht entbitterte Lupinensamen beziehungsweise schlichtes Lupinenprodukt; nicht rohe bittere Samen."	"GENERAL_BROAD"	"Katalogpfad Hülsenfrüchte. Warengruppe Hülsenfrucht, formrelevanter Prüfhinweis aus der vollständigen Definition: »nicht rohe bittere Samen«. Allgemein planbarer, aber nicht lokal garantierter Weg über einen vorbereiteten Einkauf im gut sortierten Bereich »Hülsenfrucht-, Konserven- oder Trockenwarenregal«."	"PLANNED"	"Lupinen ist über einen vorbereiteten Einkauf im gut sortierten Bereich »Hülsenfrucht-, Konserven- oder Trockenwarenregal« im allgemeinen deutschen Handel planbar, lokal aber kein verlässlicher Standardartikel."	"OPTIONAL"	""	"GENERAL_BROAD"	"Tobias sucht „Lupinen“ in Rostock über gut sortierte Vollsortimenter und etablierte deutsche Bio- oder Trockenwarenhändler gesucht."	"PLANNED"	"Lupinen: Tobias sucht „Lupinen“ in Rostock über gut sortierte Vollsortimenter und etablierte deutsche Bio- oder Trockenwarenhändler gesucht."	"OPTIONAL"	""	"TOBIAS_ROSTOCK_PROFILE"	"PROPOSED_FOR_HUMAN_REVIEW"
"LUTEFISK"	"Lutefisk"	"APPLICABLE"	"Aus getrocknetem Weißfisch durch Wässern und Laugenbehandlung hergestelltes und anschließend gründlich gespültes, küchenfertiges Fischprodukt nach Lutefisk-Art. Nicht trockener Stockfisch, Lauge oder das fertig zubereitete Gericht."	"NICHE_IMPORT"	"Katalogpfad konservierter Fisch → Fisch → Fisch und Meeresfrüchte. Warengruppe konservierter Fisch, formrelevanter Prüfhinweis aus der vollständigen Definition: »Nicht trockener Stockfisch, Lauge oder das fertig zubereitete Gericht«. Die Prüfungen bei Scandinavian Online Store – Food ergaben keinen aktuellen Exakttreffer; Importbeschränkung und die enge Produktform begrenzen den Markt."	"DIFFICULT"	"Für küchenfertigen Lutefisk ist im geprüften deutschen und erreichbaren EU-Endkundenhandel kein aktueller positiver Produktweg belegt."	"REQUIRED"	"AV2N-A-0142"	"NICHE_IMPORT"	"Tobias prüft „Lutefisk“ in Rostock über Scandinavian Online Store – Food, wobei die Evidenz keinen aktuellen formgenauen Treffer und Importbeschränkungen ausweist."	"DIFFICULT"	"Für küchenfertigen Lutefisk ist im geprüften deutschen und erreichbaren EU-Endkundenhandel kein aktueller positiver Produktweg belegt."	"REQUIRED"	"AV2N-A-0142"	"EVIDENCE_REQUIRED|FORM_OR_LOGISTICS_RISK|FORM_OR_ROUTE_FRAGILE|RESEARCH_REQUIRED|TOBIAS_ROSTOCK_PROFILE"	"PROPOSED_FOR_HUMAN_REVIEW"
"LYCHEE"	"Litschi"	"APPLICABLE"	"Litschi mit saftigem, floral-süßem Fruchtfleisch; frisch oder schlicht konserviert, ohne Schale und Kern."	"GENERAL_BROAD"	"Katalogpfad Tropenfrucht → Obst. Warengruppe Obst, formrelevanter Prüfhinweis aus der vollständigen Definition: »frisch oder schlicht konserviert, ohne Schale und Kern«. Allgemein planbarer, aber nicht lokal garantierter Weg über einen vorbereiteten Einkauf im gut sortierten Bereich »Obst- und Gemüseabteilung«."	"PLANNED"	"Litschi ist über einen vorbereiteten Einkauf im gut sortierten Bereich »Obst- und Gemüseabteilung« im allgemeinen deutschen Handel planbar, lokal aber kein verlässlicher Standardartikel."	"OPTIONAL"	""	"GENERAL_BROAD"	"Tobias sucht „Litschi“ in Rostock über gut sortierte Vollsortimenter und etablierte deutsche Frucht- oder Frischehändler gesucht."	"PLANNED"	"Litschi: Tobias sucht „Litschi“ in Rostock über gut sortierte Vollsortimenter und etablierte deutsche Frucht- oder Frischehändler gesucht."	"OPTIONAL"	""	"FORM_SENSITIVE|TOBIAS_ROSTOCK_PROFILE"	"PROPOSED_FOR_HUMAN_REVIEW"
"MACADAMIA"	"Macadamianüsse"	"APPLICABLE"	"Sehr fettreiche, cremig-knackige Macadamianüsse mit mild-buttrigem Geschmack; natur oder geröstet verwendbar."	"GENERAL_LOCAL"	"Katalogpfad Nüsse. Warengruppe Nuss, Saat oder Mus, formrelevanter Prüfhinweis aus der vollständigen Definition: »natur oder geröstet verwendbar«. Regelweg in Bornheim über den regulären Bornheimer Regalweg »Nuss-, Saaten- oder Nussmusregal«."	"EASY"	"Macadamianüsse: gewöhnlicher lokaler Bezugsweg über den Bereich »Nuss-, Saaten- oder Nussmusregal«."	"OPTIONAL"	""	"GENERAL_LOCAL"	"Der konkrete Bezug von „Macadamianüsse“ läuft über das Nuss-, Saaten-, Back- oder Brotaufstrichregal eines gewöhnlichen großen Rostocker Supermarkts."	"EASY"	"Macadamianüsse: gewöhnlicher lokaler Bezugsweg über den Bereich »Macadamianüsse«."	"OPTIONAL"	""	"RATING_RECONCILED_V2|TOBIAS_ROSTOCK_PROFILE"	"PROPOSED_FOR_HUMAN_REVIEW"
"MACAPUNO"	"Macapuno"	"APPLICABLE"	"Weiches bis gelatinöses Endosperm einer besonderen Kokosnussausprägung; frisch, tiefgekühlt oder konserviert verwendbar. Nicht gewöhnliches Kokosfleisch, Kokoscreme oder bloß mit Kokos aromatisierte Süßware."	"SPECIALTY_BROAD"	"Katalogpfad Kokosnuss → Kokoszutat → Tropenfrucht → Obst. Warengruppe Obst, formrelevanter Prüfhinweis aus der vollständigen Definition: »Nicht gewöhnliches Kokosfleisch, Kokoscreme oder bloß mit Kokos aromatisierte Süßware«. Breiter einschlägiger Spezialmarkt über die voneinander unabhängigen Händler PinoyFood – Manila Macapuno sowie Pilipino Business – Macapuno Coco Sport."	"SPECIALTY"	"Macapuno ist im einschlägigen Spezialmarkt breit etabliert; dokumentierte reguläre Wege sind die voneinander unabhängigen Händler PinoyFood – Manila Macapuno sowie Pilipino Business – Macapuno Coco Sport."	"REQUIRED"	"AV2N-A-0143|AV2N-A-0144"	"SPECIALTY_BROAD"	"Tobias prüft „Macapuno“ in Rostock über Pilipino Business – Macapuno Coco Sport und PinoyFood – Manila Macapuno, wobei die Evidenz verfügbaren Bestand in einem laufenden Fachsortiment und Standardversand ausweist."	"SPECIALTY"	"Macapuno: Rostocker Bezugsweg über Pilipino Business – Macapuno Coco Sport und PinoyFood – Manila Macapuno; dokumentiert ist verfügbarer Bestand in einem laufenden Fachsortiment und Standardversand."	"REQUIRED"	"AV2N-A-0143|AV2N-A-0144"	"EVIDENCE_REQUIRED|FORM_OR_LOGISTICS_RISK|FORM_OR_ROUTE_FRAGILE|FORM_SENSITIVE|RATING_RECONCILED_V2|RESEARCH_REQUIRED|TOBIAS_ROSTOCK_PROFILE"	"PROPOSED_FOR_HUMAN_REVIEW"
"MACKEREL"	"Makrele"	"APPLICABLE"	"Makrele als fettreicher Fisch mit kräftigem Eigengeschmack; frisch oder tiefgekühlt, nicht automatisch geräuchert."	"GENERAL_BROAD"	"Deutsche See – Makrele TK belegt: Die aktuell verfügbare Makrele ist ausgenommen, mit Kopf und Haut tiefgefroren; sie belegt ausdrücklich die unveredelte Kochform statt Räucherware. Der Bezug erfolgt über Deutschland und Österreich; tiefgekühlte GO!-Express-Lieferung zum Wunschtermin; maßgeblich ist FROZEN_SHIPPING. Gewicht und Stückgröße schwanken naturbedingt; die Tiefkühlzustellung muss terminiert werden."	"PLANNED"	"Makrele: Die aktuell verfügbare Makrele ist ausgenommen, mit Kopf und Haut tiefgefroren; sie belegt ausdrücklich die unveredelte Kochform statt Räucherware."	"REQUIRED"	"AV2N-A-0145"	"GENERAL_BROAD"	"Deutsche See – Makrele TK belegt: Die aktuell verfügbare Makrele ist ausgenommen, mit Kopf und Haut tiefgefroren; sie belegt ausdrücklich die unveredelte Kochform statt Räucherware. Der Bezug erfolgt über Deutschland und Österreich; tiefgekühlte GO!-Express-Lieferung zum Wunschtermin; maßgeblich ist FROZEN_SHIPPING. Gewicht und Stückgröße schwanken naturbedingt; die Tiefkühlzustellung muss terminiert werden."	"PLANNED"	"Makrele: Die aktuell verfügbare Makrele ist ausgenommen, mit Kopf und Haut tiefgefroren; sie belegt ausdrücklich die unveredelte Kochform statt Räucherware."	"REQUIRED"	"AV2N-A-0145"	"BORDERLINE_PLANNED|EVIDENCE_REQUIRED|FORM_SENSITIVE|RATING_RECONCILED_V2|TOBIAS_ROSTOCK_PROFILE"	"PROPOSED_FOR_HUMAN_REVIEW"
"MAGGI_SEASONING"	"Maggi-Würze"	"APPLICABLE"	"Dunkle flüssige Würzsauce nach Maggi-Art mit salzig-würzigem Umami; nicht Liebstöckel, Sojasauce oder Brühwürfel."	"GENERAL_LOCAL"	"Katalogpfad fertige Sauce oder Würzpaste → Sauce, Würzmittel oder Paste. Warengruppe Sauce oder Würzpaste, formrelevanter Prüfhinweis aus der vollständigen Definition: »nicht Liebstöckel, Sojasauce oder Brühwürfel«. Regelweg in Bornheim über den regulären Bornheimer Regalweg »Saucen-, Würzpasten- und Feinkostregal«."	"EASY"	"Maggi-Würze: gewöhnlicher lokaler Bezugsweg über den Bereich »Saucen-, Würzpasten- und Feinkostregal«."	"OPTIONAL"	""	"GENERAL_LOCAL"	"Beim Einkauf von „Maggi-Würze“ nutzt Tobias das Saucen-, Essig- oder Feinkostregal eines gewöhnlichen großen Rostocker Supermarkts."	"EASY"	"Maggi-Würze: gewöhnlicher lokaler Bezugsweg über den Bereich »Maggi-Würze«."	"OPTIONAL"	""	"TOBIAS_ROSTOCK_PROFILE"	"PROPOSED_FOR_HUMAN_REVIEW"
"MAITAKE"	"Maitake"	"APPLICABLE"	"Maitake beziehungsweise Klapperschwamm mit vielgliedrigen Büscheln und kräftig-würzigem Pilzaroma."	"GENERAL_BROAD"	"Maitake: Obstwelt bietet frische Maitake beziehungsweise Klapperschwämme mit Warenkorb und bundesweitem Frischeversand an. Profilbezug Georgia: Bornheim beziehungsweise der planbare allgemeine deutsche Bezug; Köln oder Düsseldorf werden nicht als lokaler EASY-Weg gewertet."	"PLANNED"	"Maitake: Obstwelt bietet frische Maitake beziehungsweise Klapperschwämme mit Warenkorb und bundesweitem Frischeversand an."	"REQUIRED"	"AV2N-A-0146"	"GENERAL_BROAD"	"Maitake: Obstwelt bietet frische Maitake beziehungsweise Klapperschwämme mit Warenkorb und bundesweitem Frischeversand an. eine konkrete Rostocker Abholstelle muss aktuell ausgewählt werden."	"PLANNED"	"Maitake: Obstwelt bietet frische Maitake beziehungsweise Klapperschwämme mit Warenkorb und bundesweitem Frischeversand an. eine konkrete Rostocker Abholstelle muss aktuell ausgewählt werden."	"REQUIRED"	"AV2N-A-0146"	"BORDERLINE_PLANNED|EVIDENCE_REQUIRED|RESEARCH_REQUIRED|TOBIAS_ROSTOCK_PROFILE"	"PROPOSED_FOR_HUMAN_REVIEW"
"MALT_VINEGAR"	"Malzessig"	"APPLICABLE"	"Essig aus vermälztem Getreide mit malzig-röstigem Aroma; nicht Bier oder chinesischer schwarzer Essig."	"GENERAL_BROAD"	"Katalogpfad Essig. Die REWE-Produktseite für Sarson's Malzessig nennt Gerstenmalzessig und Gerstenmalzextrakt; Georgia kann das konkrete Kettenprodukt im Raum Bornheim standortbezogen prüfen."	"PLANNED"	"Malzessig: Die REWE-Produktseite für Sarson's Malzessig nennt Gerstenmalzessig und Gerstenmalzextrakt; Georgia kann das konkrete Kettenprodukt im Raum Bornheim standortbezogen prüfen."	"REQUIRED"	"AV2N-A-0147"	"GENERAL_BROAD"	"Malzessig: REWE nennt für Sarson's Malzessig Gerstenmalzessig und Gerstenmalzextrakt; das konkrete Kettenprodukt kann Tobias standortbezogen im Rostocker Essigsortiment prüfen."	"PLANNED"	"Malzessig: REWE nennt für Sarson's Malzessig Gerstenmalzessig und Gerstenmalzextrakt; das konkrete Kettenprodukt kann Tobias standortbezogen im Rostocker Essigsortiment prüfen."	"REQUIRED"	"AV2N-A-0147"	"BORDERLINE_PLANNED|EVIDENCE_REQUIRED|RESEARCH_REQUIRED|TOBIAS_ROSTOCK_PROFILE"	"PROPOSED_FOR_HUMAN_REVIEW"
"MAM_NEM"	"Mắm nêm"	"APPLICABLE"	"Kräftige vietnamesische Würzpaste aus salzfermentiertem, weitgehend unfiltriertem Fisch, häufig Sardellen. Handelsprodukte können bereits mit Ananas, Zucker, Chili oder Aromaten abgeschmeckt sein; nicht flüssige Fischsauce."	"SPECIALTY_BROAD"	"Katalogpfad fermentierte Würzzutat → fertige Sauce oder Würzpaste → Sauce, Würzmittel oder Paste. Warengruppe Sauce oder Würzpaste, formrelevanter Prüfhinweis aus der vollständigen Definition: »nicht flüssige Fischsauce«. Breiter einschlägiger Spezialmarkt über den freigegebenen v2-Anker mit dem Kerngrund »Exakte Produkte sind bei mehreren unabhängigen deutschen, niederländischen und breiter aufgestellten Asia-Händlern regulär gelistet damit breiter Spezialmarkt, nicht bloß ein einzelner Vietnam-Importeur«."	"SPECIALTY"	"Mắm nêm: Exakte Produkte sind bei mehreren unabhängigen deutschen, niederländischen und breiter aufgestellten Asia-Händlern regulär gelistet; damit breiter Spezialmarkt, nicht bloß ein einzelner Vietnam-Importeur."	"REQUIRED"	"AV2E-067"	"SPECIALTY_BROAD"	"Mắm nêm: Exakte Produkte sind bei mehreren unabhängigen deutschen, niederländischen und breiter aufgestellten Asia-Händlern regulär gelistet; damit breiter Spezialmarkt, nicht bloß ein einzelner Vietnam-Importeur."	"SPECIALTY"	"Mắm nêm: Exakte Produkte sind bei mehreren unabhängigen deutschen, niederländischen und breiter aufgestellten Asia-Händlern regulär gelistet; damit breiter Spezialmarkt, nicht bloß ein einzelner Vietnam-Importeur."	"REQUIRED"	"AV2E-067"	"EVIDENCE_REQUIRED|REFERENCE_ANCHOR|REFERENCE_ANCHOR_V2|RESEARCH_REQUIRED|SPECIALTY_MARKET_BREADTH|TOBIAS_ROSTOCK_PROFILE"	"RATING_APPROVED_NOTE_PROPOSED_REFERENCE_ANCHOR_V2"
"MAM_RUOC"	"Mắm ruốc"	"APPLICABLE"	"Vietnamesische fermentierte Garnelenpaste mit intensiv salzigem Aroma, meist sparsam als Würze verwendet. Nicht mit Mắm tôm gleichsetzen; regionale Produktbezeichnungen und Übergänge können sich jedoch überschneiden."	"NICHE_IMPORT"	"Katalogpfad Garnelenpaste → fermentierte Würzzutat → fertige Sauce oder Würzpaste → Sauce, Würzmittel oder Paste. Warengruppe Sauce oder Würzpaste, formrelevanter Prüfhinweis aus der vollständigen Definition: »regionale Produktbezeichnungen und Übergänge können sich jedoch überschneiden«. Der v2-Anker hält den Engpass fest: Nur wenige vietnamesisch ausgerichtete Händler führen die exakte fermentierte Würze der Markt ist national nischig."	"DIFFICULT"	"Mắm ruốc: Nur wenige vietnamesisch ausgerichtete Händler führen die exakte fermentierte Würze; der Markt ist national nischig."	"REQUIRED"	"AV2E-072"	"NICHE_IMPORT"	"Mắm ruốc: Nur wenige vietnamesisch ausgerichtete Händler führen die exakte fermentierte Würze; der Markt ist national nischig."	"DIFFICULT"	"Mắm ruốc: Nur wenige vietnamesisch ausgerichtete Händler führen die exakte fermentierte Würze; der Markt ist national nischig."	"REQUIRED"	"AV2E-072"	"EVIDENCE_REQUIRED|FORM_OR_LOGISTICS_RISK|FORM_OR_ROUTE_FRAGILE|REFERENCE_ANCHOR|REFERENCE_ANCHOR_V2|RESEARCH_REQUIRED|TOBIAS_ROSTOCK_PROFILE"	"RATING_APPROVED_NOTE_PROPOSED_REFERENCE_ANCHOR_V2"
"MAM_TOM"	"Mắm tôm"	"APPLICABLE"	"Sehr kräftige vietnamesische fermentierte Garnelenpaste, besonders als Dip zu Bún đậu und als Würze zu Chả cá bekannt. Nicht mit Mắm ruốc gleichsetzen; regionale Produktbezeichnungen und Übergänge können sich jedoch überschneiden."	"SPECIALTY_BROAD"	"Katalogpfad Garnelenpaste → fermentierte Würzzutat → fertige Sauce oder Würzpaste → Sauce, Würzmittel oder Paste. Warengruppe Sauce oder Würzpaste, formrelevanter Prüfhinweis aus der vollständigen Definition: »regionale Produktbezeichnungen und Übergänge können sich jedoch überschneiden«. Breiter einschlägiger Spezialmarkt über den freigegebenen v2-Anker mit dem Kerngrund »Exakte Mắm-tôm-Produkte werden von mehreren unabhängigen deutschen Asia-Händlern regulär angeboten national geprägt aber inzwischen ausreichend breit im einschlägigen Spezialmarkt«."	"SPECIALTY"	"Mắm tôm: Exakte Mắm-tôm-Produkte werden von mehreren unabhängigen deutschen Asia-Händlern regulär angeboten; national geprägt aber inzwischen ausreichend breit im einschlägigen Spezialmarkt."	"REQUIRED"	"AV2E-068"	"SPECIALTY_BROAD"	"Mắm tôm: Exakte Mắm-tôm-Produkte werden von mehreren unabhängigen deutschen Asia-Händlern regulär angeboten; national geprägt aber inzwischen ausreichend breit im einschlägigen Spezialmarkt."	"SPECIALTY"	"Mắm tôm: Exakte Mắm-tôm-Produkte werden von mehreren unabhängigen deutschen Asia-Händlern regulär angeboten; national geprägt aber inzwischen ausreichend breit im einschlägigen Spezialmarkt."	"REQUIRED"	"AV2E-068"	"EVIDENCE_REQUIRED|REFERENCE_ANCHOR|REFERENCE_ANCHOR_V2|RESEARCH_REQUIRED|SPECIALTY_MARKET_BREADTH|TOBIAS_ROSTOCK_PROFILE"	"RATING_APPROVED_NOTE_PROPOSED_REFERENCE_ANCHOR_V2"
"MANCHEGO"	"Manchego"	"APPLICABLE"	"Spanischer Käse aus Manchega-Schafmilch aus La Mancha; nicht generisch jeder Schafskäse."	"GENERAL_BROAD"	"jamon.de – Manchego Curado D.O. zwölf Monate 200 g belegt formgenau: jamon.de führt D.O.-Manchego aus Milch von Manchega-Schafen als festen, zwölf Monate gereiften 200-g-Käse auf Lager. Für Georgia in Bornheim gilt: Deutschlandweiter Versand vakuumierter Kühlware nach Bornheim und Rostock; Logistik CHILLED_SHIPPING. Die Curado-Ausführung belegt nicht jede Manchego-Reifestufe; Vakuum- und Kühltransport bleiben erforderlich."	"PLANNED"	"Manchego: jamon.de führt D.O.-Manchego aus Milch von Manchega-Schafen als festen, zwölf Monate gereiften 200-g-Käse auf Lager."	"REQUIRED"	"AV2N-A-0148|AV2N-P-0018"	"GENERAL_BROAD"	"jamon.de – Manchego Curado D.O. zwölf Monate 200 g belegt formgenau: jamon.de führt D.O.-Manchego aus Milch von Manchega-Schafen als festen, zwölf Monate gereiften 200-g-Käse auf Lager. Für Tobias in Rostock gilt: Deutschlandweiter Versand vakuumierter Kühlware nach Bornheim und Rostock; Logistik CHILLED_SHIPPING. Die Curado-Ausführung belegt nicht jede Manchego-Reifestufe; Vakuum- und Kühltransport bleiben erforderlich."	"PLANNED"	"Manchego: jamon.de führt D.O.-Manchego aus Milch von Manchega-Schafen als festen, zwölf Monate gereiften 200-g-Käse auf Lager."	"OPTIONAL"	"AV2N-A-0148|AV2N-P-0018"	"BORDERLINE_PLANNED|EVIDENCE_REQUIRED|TOBIAS_ROSTOCK_PROFILE"	"PROPOSED_FOR_HUMAN_REVIEW"
"MANDARIN"	"Mandarine"	"APPLICABLE"	"Mandarine als leicht schälbare, süß-aromatische Zitrusfrucht; Clementinen und ähnliche handelsübliche Formen sind umfasst."	"GENERAL_LOCAL"	"Katalogpfad Zitrusfrucht → Obst. Warengruppe Obst, formrelevanter Prüfhinweis aus der vollständigen Definition: »Clementinen und ähnliche handelsübliche Formen sind umfasst«. Regelweg in Bornheim über ortsübliche Vollsortimenter rund um Bornheim, konkret im Bereich »Obst- und Gemüseabteilung«."	"EASY"	"Mandarine: gewöhnlicher lokaler Bezugsweg über den Bereich »Obst- und Gemüseabteilung«."	"OPTIONAL"	""	"GENERAL_LOCAL"	"Der konkrete Bezug von „Mandarine“ läuft über die Obstabteilung eines gewöhnlichen großen Rostocker Supermarkts."	"EASY"	"Mandarine: gewöhnlicher lokaler Bezugsweg über den Bereich »Mandarine«."	"OPTIONAL"	""	"TOBIAS_ROSTOCK_PROFILE"	"PROPOSED_FOR_HUMAN_REVIEW"
"MANGO"	"Mango"	"APPLICABLE"	"Mango mit saftigem, süß-aromatischem Fruchtfleisch; Sorte und Reifegrad bleiben offen."	"GENERAL_LOCAL"	"Katalogpfad Tropenfrucht → Obst. Warengruppe Obst, formrelevanter Prüfhinweis aus der vollständigen Definition: »Sorte und Reifegrad bleiben offen«. Regelweg in Bornheim über das örtliche Sortiment »Obst- und Gemüseabteilung« beim Wocheneinkauf in Bornheim."	"EASY"	"Mango: gewöhnlicher lokaler Bezugsweg über den Bereich »Obst- und Gemüseabteilung«."	"OPTIONAL"	""	"GENERAL_LOCAL"	"Tobias sucht „Mango“ in Rostock über die Obstabteilung eines gewöhnlichen großen Rostocker Supermarkts gesucht."	"EASY"	"Mango: gewöhnlicher lokaler Bezugsweg über den Bereich »Mango«."	"OPTIONAL"	""	"TOBIAS_ROSTOCK_PROFILE"	"PROPOSED_FOR_HUMAN_REVIEW"
"MAPLE_SYRUP"	"Ahornsirup"	"APPLICABLE"	"Eingekochter Saft des Zuckerahorns mit karamellig-holzigem Aroma; nicht künstlich aromatisierter Pancake-Sirup."	"GENERAL_LOCAL"	"Katalogpfad Sirup → Süßungsmittel. Warengruppe Süßungs- oder Kakaoware, formrelevanter Prüfhinweis aus der vollständigen Definition: »nicht künstlich aromatisierter Pancake-Sirup«. Regelweg in Bornheim über ortsübliche Vollsortimenter rund um Bornheim, konkret im Bereich »Backzutaten-, Süßwaren- oder Kakaoregal«."	"EASY"	"Ahornsirup: gewöhnlicher lokaler Bezugsweg über den Bereich »Backzutaten-, Süßwaren- oder Kakaoregal«."	"OPTIONAL"	""	"GENERAL_LOCAL"	"Für „Ahornsirup“ wird das Angebot über das Back-, Süßwaren- oder Brotregal eines gewöhnlichen großen Rostocker Supermarkts kontrolliert."	"EASY"	"Ahornsirup: gewöhnlicher lokaler Bezugsweg über den Bereich »Ahornsirup«."	"OPTIONAL"	""	"TOBIAS_ROSTOCK_PROFILE"	"PROPOSED_FOR_HUMAN_REVIEW"
"MARJORAM"	"Majoran"	"APPLICABLE"	"Majoranblätter mit warmem, leicht süßlichem und herbem Aroma; frisch oder getrocknet verwendbar."	"GENERAL_LOCAL"	"Katalogpfad Kräuter und Würzblätter. Warengruppe frisches Würzkraut, formrelevanter Prüfhinweis aus der vollständigen Definition: »frisch oder getrocknet verwendbar«. Regelweg in Bornheim über den Bereich »frische Kräuterabteilung« eines gewöhnlichen Bornheimer Vollsortimenters."	"EASY"	"Majoran: gewöhnlicher lokaler Bezugsweg über den Bereich »frische Kräuterabteilung«."	"OPTIONAL"	""	"GENERAL_LOCAL"	"Für „Majoran“ wird das Angebot über die Kräuterkühlung der Obst- und Gemüseabteilung eines gewöhnlichen großen Rostocker Supermarkts kontrolliert."	"EASY"	"Majoran: gewöhnlicher lokaler Bezugsweg über den Bereich »Majoran«."	"OPTIONAL"	""	"FORM_SENSITIVE|RATING_RECONCILED_V2|TOBIAS_ROSTOCK_PROFILE"	"PROPOSED_FOR_HUMAN_REVIEW"
"MARSALA"	"Marsala"	"APPLICABLE"	"Aufgespriteter sizilianischer Wein nach Marsala-Art, trocken bis süß; als Kochwein, nicht beliebiger Likörwein."	"GENERAL_BROAD"	"Marsala DOC als aufgespriteter Koch- und Dessertwein über allgemeinen Weinversand; Weinquelle listet einen semisecco Marsala konkret lagernd mit kurzer Deutschland-Lieferzeit."	"PLANNED"	"Marsala DOC als aufgespriteter Koch- und Dessertwein über allgemeinen Weinversand; Weinquelle listet einen semisecco Marsala konkret lagernd mit kurzer Deutschland-Lieferzeit."	"REQUIRED"	"AV2N-A-0149"	"GENERAL_BROAD"	"Marsala DOC ist bei Weinquelle als semisecco Koch- und Dessertwein lagernd und mit kurzer Deutschlandlieferzeit ausgewiesen."	"PLANNED"	"Marsala DOC ist bei Weinquelle als semisecco Koch- und Dessertwein lagernd und mit kurzer Deutschlandlieferzeit ausgewiesen."	"REQUIRED"	"AV2N-A-0149"	"BORDERLINE_PLANNED|EVIDENCE_REQUIRED|RESEARCH_REQUIRED|TOBIAS_ROSTOCK_PROFILE"	"PROPOSED_FOR_HUMAN_REVIEW"
"MARZIPAN"	"Marzipan"	"APPLICABLE"	"Süße Mandel-Zucker-Masse einschließlich als Backzutat verwendbarer Marzipanmasse; nicht Persipan oder bloßes Mandelaroma."	"GENERAL_LOCAL"	"Katalogpfad Mandeln → Süßware → Nüsse. Warengruppe Nuss, Saat oder Mus, formrelevanter Prüfhinweis aus der vollständigen Definition: »nicht Persipan oder bloßes Mandelaroma«. Regelweg in Bornheim über das örtliche Sortiment »Nuss-, Saaten- oder Nussmusregal« beim Wocheneinkauf in Bornheim."	"EASY"	"Marzipan: gewöhnlicher lokaler Bezugsweg über den Bereich »Nuss-, Saaten- oder Nussmusregal«."	"OPTIONAL"	""	"GENERAL_LOCAL"	"Der konkrete Bezug von „Marzipan“ läuft über das Back-, Süßwaren- oder Brotregal eines gewöhnlichen großen Rostocker Supermarkts."	"EASY"	"Marzipan: gewöhnlicher lokaler Bezugsweg über den Bereich »Marzipan«."	"OPTIONAL"	""	"TOBIAS_ROSTOCK_PROFILE"	"PROPOSED_FOR_HUMAN_REVIEW"
"MASA_HARINA"	"Masa Harina"	"APPLICABLE"	"Nixtamalisiertes Maismehl für Tortillas und ähnliche Teige; nicht gewöhnliches Maismehl oder Maisstärke."	"SPECIALTY_BROAD"	"Nixtamalisiertes Maismehl ist Grundkategorie mehrerer etablierter deutscher Mexiko-Vollsortimenter mit verschiedenen Marken in Haushaltsgebinden. Das repräsentiert den Mexiko-Spezialmarkt, nicht gewöhnliches Maismehl oder nur einen Importeur."	"SPECIALTY"	"Nixtamalisiertes Masa Harina ist Grundsortiment mehrerer etablierter deutscher Mexiko-Vollsortimenter; verschiedene Marken und Standardversand tragen den breiten Spezialmarkt."	"REQUIRED"	"AV2N-A-0150|AV2N-A-0151"	"SPECIALTY_BROAD"	"Nixtamalisiertes Maismehl ist Grundkategorie mehrerer etablierter deutscher Mexiko-Vollsortimenter mit verschiedenen Marken in Haushaltsgebinden. Das repräsentiert den Mexiko-Spezialmarkt, nicht gewöhnliches Maismehl oder nur einen Importeur."	"SPECIALTY"	"Nixtamalisiertes Masa Harina ist Grundsortiment mehrerer etablierter deutscher Mexiko-Vollsortimenter; verschiedene Marken und Standardversand tragen den breiten Spezialmarkt."	"REQUIRED"	"AV2N-A-0150|AV2N-A-0151"	"EVIDENCE_REQUIRED|RESEARCH_REQUIRED|SPECIALTY_MARKET_BREADTH|TOBIAS_ROSTOCK_PROFILE"	"PROPOSED_FOR_HUMAN_REVIEW"
"MASCARPONE"	"Mascarpone"	"APPLICABLE"	"Sehr fettreicher, milder italienischer Frischkäse aus Rahm mit dichter cremiger Textur."	"GENERAL_LOCAL"	"Katalogpfad Käse → gesäuertes Milchprodukt → Milchprodukte. Warengruppe Käse, formrelevanter Prüfhinweis aus der vollständigen Definition: »italienischer Frischkäse aus Rahm mit dichter cremiger Textur«. Regelweg in Bornheim über nahe Supermarktfilialen in Bornheim mit dem Bereich »Käsekühlung oder Käsetheke«."	"EASY"	"Mascarpone: gewöhnlicher lokaler Bezugsweg über den Bereich »Käsekühlung oder Käsetheke«."	"OPTIONAL"	""	"GENERAL_LOCAL"	"Beim Einkauf von „Mascarpone“ nutzt Tobias die Käsekühlung oder Käsetheke eines gewöhnlichen großen Rostocker Supermarkts."	"EASY"	"Mascarpone: gewöhnlicher lokaler Bezugsweg über den Bereich »Mascarpone«."	"OPTIONAL"	""	"FORM_SENSITIVE|TOBIAS_ROSTOCK_PROFILE"	"PROPOSED_FOR_HUMAN_REVIEW"
"MASSAMAN_CURRY_PASTE"	"Massaman-Currypaste"	"APPLICABLE"	"Fertige Thai-Currypaste nach Massaman-Art mit warmen Gewürzen, Chili und Aromaten; Markenrezepturen variieren."	"SPECIALTY_BROAD"	"Katalogpfad fertige Currypaste → fertige Sauce oder Würzpaste → Sauce, Würzmittel oder Paste. Warengruppe Sauce oder Würzpaste, formrelevanter Prüfhinweis aus der vollständigen Definition: »Markenrezepturen variieren«. Breiter einschlägiger Spezialmarkt über die voneinander unabhängigen Händler Asia4Friends – Currypasten sowie AsiaFoodland – Thai-Currypasten."	"SPECIALTY"	"Massaman-Currypaste ist im einschlägigen Spezialmarkt breit etabliert; dokumentierte reguläre Wege sind die voneinander unabhängigen Händler Asia4Friends – Currypasten sowie AsiaFoodland – Thai-Currypasten."	"REQUIRED"	"AV2N-A-0152|AV2N-A-0153"	"SPECIALTY_BROAD"	"Tobias prüft „Massaman-Currypaste“ in Rostock über Asia4Friends – Currypasten und AsiaFoodland – Thai-Currypasten, wobei die Evidenz ein dokumentiertes laufendes Angebot und Standardversand ausweist."	"SPECIALTY"	"Massaman-Currypaste: Rostocker Bezugsweg über Asia4Friends – Currypasten und AsiaFoodland – Thai-Currypasten; dokumentiert sind ein dokumentiertes laufendes Angebot und Standardversand."	"REQUIRED"	"AV2N-A-0152|AV2N-A-0153"	"EVIDENCE_REQUIRED|RESEARCH_REQUIRED|SPECIALTY_MARKET_BREADTH|TOBIAS_ROSTOCK_PROFILE"	"PROPOSED_FOR_HUMAN_REVIEW"
"MATCHA"	"Matcha"	"APPLICABLE"	"Fein vermahlener japanischer Grüntee mit intensiv grasigem, herbem Umami; kein gesüßtes Matcha-Getränkepulver."	"GENERAL_BROAD"	"Katalogpfad grüner Tee → Tee. Warengruppe Tee, formrelevanter Prüfhinweis aus der vollständigen Definition: »kein gesüßtes Matcha-Getränkepulver«. Allgemein planbarer, aber nicht lokal garantierter Weg über eine gezielte Filial- oder Bestellprüfung für Tee im allgemeinen deutschen Handel."	"PLANNED"	"Matcha ist über eine gezielte Filial- oder Bestellprüfung für Tee im allgemeinen deutschen Handel planbar, lokal aber kein verlässlicher Standardartikel."	"OPTIONAL"	""	"GENERAL_BROAD"	"Tobias prüft „Matcha“ in Rostock über gut sortierte Vollsortimenter und etablierte deutsche Kaffee- oder Teehändler."	"PLANNED"	"Matcha: Rostocker Bezugsweg über gut sortierte Vollsortimenter und etablierte deutsche Kaffee- oder Teehändler."	"OPTIONAL"	""	"TOBIAS_ROSTOCK_PROFILE"	"PROPOSED_FOR_HUMAN_REVIEW"
"MATJES"	"Matjes"	"APPLICABLE"	"Mild gesalzener und enzymatisch gereifter Hering beziehungsweise Matjes. Umfasst klassische norddeutsche und niederländische Matjesformen; nicht automatisch essigsauer und nicht auf Hollandse Nieuwe beschränkt."	"GENERAL_LOCAL"	"Katalogpfad Hering → konservierter Fisch → fettreicher Fisch → Fisch. Warengruppe konservierter Fisch, formrelevanter Prüfhinweis aus der vollständigen Definition: »nicht automatisch essigsauer und nicht auf Hollandse Nieuwe beschränkt«. Regelweg in Bornheim über den lokalen Supermarktbereich »Fischkonserven- oder internationales Trockenwarenregal« in Bornheim."	"EASY"	"Matjes: gewöhnlicher lokaler Bezugsweg über den Bereich »Fischkonserven- oder internationales Trockenwarenregal«."	"OPTIONAL"	""	"GENERAL_LOCAL"	"Beim Einkauf von „Matjes“ nutzt Tobias das Fischkonserven- oder haltbare Seafood-Regal eines gewöhnlichen großen Rostocker Supermarkts."	"EASY"	"Matjes: gewöhnlicher lokaler Bezugsweg über den Bereich »Matjes«."	"OPTIONAL"	""	"RATING_RECONCILED_V2|TOBIAS_ROSTOCK_PROFILE"	"PROPOSED_FOR_HUMAN_REVIEW"
"MAYONNAISE"	"Mayonnaise"	"APPLICABLE"	"Kalte Emulsionssauce aus Öl und Ei beziehungsweise Eigelb mit Säure; Würzung und Ölsorte bleiben offen."	"GENERAL_LOCAL"	"Katalogpfad fertige Sauce oder Würzpaste → Sauce, Würzmittel oder Paste. Warengruppe Sauce oder Würzpaste, formrelevanter Prüfhinweis aus der vollständigen Definition: »Würzung und Ölsorte bleiben offen«. Regelweg in Bornheim über ortsübliche Vollsortimenter rund um Bornheim, konkret im Bereich »Saucen-, Würzpasten- und Feinkostregal«."	"EASY"	"Mayonnaise: gewöhnlicher lokaler Bezugsweg über den Bereich »Saucen-, Würzpasten- und Feinkostregal«."	"OPTIONAL"	""	"GENERAL_LOCAL"	"Für „Mayonnaise“ wird das Angebot über das Saucen-, Essig- oder Feinkostregal eines gewöhnlichen großen Rostocker Supermarkts kontrolliert."	"EASY"	"Mayonnaise: gewöhnlicher lokaler Bezugsweg über den Bereich »Mayonnaise«."	"OPTIONAL"	""	"TOBIAS_ROSTOCK_PROFILE"	"PROPOSED_FOR_HUMAN_REVIEW"
"MEAT"	"Fleisch"	"APPLICABLE"	"Offene Vorgabe für Fleisch von Säugetieren; Tierart, Zuschnitt, Fettanteil und Garmethode bleiben wählbar."	"GENERAL_LOCAL"	"Katalogpfad eigenständige Katalogwurzel. Warengruppe Fleisch, formrelevanter Prüfhinweis aus der vollständigen Definition: »Tierart, Zuschnitt, Fettanteil und Garmethode bleiben wählbar«. Regelweg in Bornheim über das örtliche Sortiment »Fleischkühlung oder Bedientheke« beim Wocheneinkauf in Bornheim."	"EASY"	"Fleisch: gewöhnlicher lokaler Bezugsweg über den Bereich »Fleischkühlung oder Bedientheke«."	"OPTIONAL"	""	"GENERAL_LOCAL"	"Tobias prüft „Fleisch“ in Rostock über die Fleischkühlung oder Bedientheke eines gewöhnlichen großen Rostocker Supermarkts."	"EASY"	"Fleisch: Rostocker Bezugsweg über die Fleischkühlung oder Bedientheke eines gewöhnlichen großen Rostocker Supermarkts."	"OPTIONAL"	""	"TOBIAS_ROSTOCK_PROFILE"	"PROPOSED_FOR_HUMAN_REVIEW"
"MEAT_ASPIC"	"Fleischsülze"	"APPLICABLE"	"Kalt schnittfähiges Fleischprodukt aus gegarten Fleischstücken in natürlichem oder zugesetztem Aspik beziehungsweise Gelee; umfasst unter anderem tschechische Tlačenka und vergleichbare Fleischsülzen. Keine beliebige Fisch-, Gemüse- oder Dessertsülze."	"GENERAL_LOCAL"	"Katalogpfad Fleisch. Warengruppe Fleisch, formrelevanter Prüfhinweis aus der vollständigen Definition: »Keine beliebige Fisch-, Gemüse- oder Dessertsülze«. Regelweg in Bornheim über den lokalen Supermarktbereich »Fleischkühlung oder Bedientheke« in Bornheim."	"EASY"	"Fleischsülze: gewöhnlicher lokaler Bezugsweg über den Bereich »Fleischkühlung oder Bedientheke«."	"OPTIONAL"	""	"GENERAL_LOCAL"	"Für „Fleischsülze“ wird das Angebot über die Fleischkühlung oder Bedientheke eines gewöhnlichen großen Rostocker Supermarkts kontrolliert."	"EASY"	"Fleischsülze: gewöhnlicher lokaler Bezugsweg über den Bereich »Fleischsülze«."	"OPTIONAL"	""	"RATING_RECONCILED_V2|TOBIAS_ROSTOCK_PROFILE"	"PROPOSED_FOR_HUMAN_REVIEW"
"MELONS"	"Melone"	"APPLICABLE"	"Offene Vorgabe für süße Melonenfrüchte; Wasser-, Honig- und Cantaloupe-Melonen sind mögliche Ausprägungen."	"GENERAL_LOCAL"	"Katalogpfad Obst. Warengruppe Obst, formrelevanter Prüfhinweis aus der vollständigen Definition: »Wasser-, Honig- und Cantaloupe-Melonen sind mögliche Ausprägungen«. Regelweg in Bornheim über die gewöhnliche Bornheimer Auslage »Obst- und Gemüseabteilung«."	"EASY"	"Melone: gewöhnlicher lokaler Bezugsweg über den Bereich »Obst- und Gemüseabteilung«."	"OPTIONAL"	""	"GENERAL_LOCAL"	"Die Rostocker Warenprüfung für „Melone“ erfolgt über die Obstabteilung eines gewöhnlichen großen Rostocker Supermarkts."	"EASY"	"Melone: gewöhnlicher lokaler Bezugsweg über den Bereich »Melone«."	"OPTIONAL"	""	"TOBIAS_ROSTOCK_PROFILE"	"PROPOSED_FOR_HUMAN_REVIEW"
"MEMBRILLO"	"Quittenpaste"	"APPLICABLE"	"Feste bis schnittfähige süße Quittenpaste (dulce de membrillo) aus eingekochter Quitte; nicht frische Quitte, Quittengelee oder beliebige Fruchtkonfitüre."	"SPECIALTY_BROAD"	"Schnittfeste Quittenpaste ist mit verschiedenen Marken und Gebinden im lateinisch-iberischen Lebensmittelhandel sowie einem unabhängigen breiten Bio-Feinkostkanal vertreten. Diese Kanalbreite überschreitet einen einzelnen Spanien-Importeur."	"SPECIALTY"	"Schnittfeste Quittenpaste hat verschiedene Marken und Gebinde im lateinisch-iberischen Lebensmittelhandel sowie breiten Bio-Feinkosthandel; Standardversand trägt die Spezialmarktbreite."	"REQUIRED"	"AV2N-A-0154|AV2N-A-0155"	"SPECIALTY_BROAD"	"Schnittfeste Quittenpaste ist mit verschiedenen Marken und Gebinden im lateinisch-iberischen Lebensmittelhandel sowie einem unabhängigen breiten Bio-Feinkostkanal vertreten. Diese Kanalbreite überschreitet einen einzelnen Spanien-Importeur."	"SPECIALTY"	"Schnittfeste Quittenpaste hat verschiedene Marken und Gebinde im lateinisch-iberischen Lebensmittelhandel sowie breiten Bio-Feinkosthandel; Standardversand trägt die Spezialmarktbreite."	"REQUIRED"	"AV2N-A-0154|AV2N-A-0155"	"BORDERLINE_PLANNED|EVIDENCE_REQUIRED|FORM_SENSITIVE|RATING_RECONCILED_V2|RESEARCH_REQUIRED|SPECIALTY_MARKET_BREADTH|TOBIAS_ROSTOCK_PROFILE"	"PROPOSED_FOR_HUMAN_REVIEW"
"MERGUEZ"	"Merguez"	"APPLICABLE"	"Kräftig gewürzte nordafrikanische Bratwurst, typischerweise aus Lamm- und/oder Rindfleisch mit Chili; nicht Schweinewurst."	"GENERAL_BROAD"	"Katalogpfad Wurst → Fleisch. REWE führt Schwamm Merguez aus 65 Prozent Rind und 28 Prozent Lamm mit Harissa als gekühlten Servicethekenartikel; Georgia prüft den Marktbestand im Raum Bornheim."	"PLANNED"	"Merguez: REWE führt Schwamm Merguez aus 65 Prozent Rind und 28 Prozent Lamm mit Harissa als gekühlten Servicethekenartikel; Georgia prüft den Marktbestand im Raum Bornheim."	"REQUIRED"	"AV2N-A-0156"	"GENERAL_BROAD"	"Merguez: Das REWE-Listing Schwamm Merguez weist Rind, Lamm und Harissa aus und trifft die nordafrikanische Wurstform; Tobias benötigt dafür eine vorherige Bestandsprüfung an einer Rostocker Servicetheke."	"PLANNED"	"Merguez: Das REWE-Listing Schwamm Merguez weist Rind, Lamm und Harissa aus und trifft die nordafrikanische Wurstform; Tobias benötigt dafür eine vorherige Bestandsprüfung an einer Rostocker Servicetheke."	"OPTIONAL"	"AV2N-A-0156"	"BORDERLINE_PLANNED|EVIDENCE_REQUIRED|TOBIAS_ROSTOCK_PROFILE"	"PROPOSED_FOR_HUMAN_REVIEW"
"MILK"	"Milch"	"APPLICABLE"	"Flüssige Kuhmilch als Kochzutat; Fettstufe bleibt offen, Pflanzendrinks und gesäuerte Milchprodukte sind getrennt."	"GENERAL_LOCAL"	"Katalogpfad frisches Milchprodukt → Milchprodukte. Warengruppe Milchprodukt, formrelevanter Prüfhinweis aus der vollständigen Definition: »Fettstufe bleibt offen, Pflanzendrinks und gesäuerte Milchprodukte sind getrennt«. Regelweg in Bornheim über das örtliche Sortiment »Molkereikühlregal« beim Wocheneinkauf in Bornheim."	"EASY"	"Milch: gewöhnlicher lokaler Bezugsweg über den Bereich »Molkereikühlregal«."	"OPTIONAL"	""	"GENERAL_LOCAL"	"Beim Einkauf von „Milch“ nutzt Tobias die Molkereikühlung eines gewöhnlichen großen Rostocker Supermarkts."	"EASY"	"Milch: gewöhnlicher lokaler Bezugsweg über den Bereich »Milch«."	"OPTIONAL"	""	"TOBIAS_ROSTOCK_PROFILE"	"PROPOSED_FOR_HUMAN_REVIEW"
"MILK_CHOCOLATE"	"Milchschokolade"	"APPLICABLE"	"Schokolade mit Milchbestandteilen und deutlicher Süße; Kakaoanteil und konkrete Milchform können variieren."	"GENERAL_LOCAL"	"Katalogpfad Schokolade → Kakao oder Schokolade → Süßware. Warengruppe Süßungs- oder Kakaoware, formrelevanter Prüfhinweis aus der vollständigen Definition: »Kakaoanteil und konkrete Milchform können variieren«. Regelweg in Bornheim über das örtliche Sortiment »Backzutaten-, Süßwaren- oder Kakaoregal« beim Wocheneinkauf in Bornheim."	"EASY"	"Milchschokolade: gewöhnlicher lokaler Bezugsweg über den Bereich »Backzutaten-, Süßwaren- oder Kakaoregal«."	"OPTIONAL"	""	"GENERAL_LOCAL"	"Tobias sucht „Milchschokolade“ in Rostock über das Back-, Süßwaren- oder Brotregal eines gewöhnlichen großen Rostocker Supermarkts gesucht."	"EASY"	"Milchschokolade: gewöhnlicher lokaler Bezugsweg über den Bereich »Milchschokolade«."	"OPTIONAL"	""	"TOBIAS_ROSTOCK_PROFILE"	"PROPOSED_FOR_HUMAN_REVIEW"
"MILKFISH"	"Milchfisch oder Bangus"	"APPLICABLE"	"Milchfisch (Chanos chanos), auf den Philippinen Bangus; frischer oder tiefgekühlter ganzer Fisch, Stück oder Filet. Nicht automatisch getrocknete, geräucherte oder anderweitig konservierte Bangus-Produkte."	"NICHE_IMPORT"	"Katalogpfad Fisch → Fisch und Meeresfrüchte. Warengruppe Fisch oder Meeresfrucht, formrelevanter Prüfhinweis aus der vollständigen Definition: »Nicht automatisch getrocknete, geräucherte oder anderweitig konservierte Bangus-Produkte«. Nur der schmale Händlerweg über Filipino Asian Store – philippinische Lebensmittel ist positiv belegt; Tiefkühlversand begrenzt Form, Bestand oder Logistik."	"DIFFICULT"	"Milchfisch oder Bangus: Nur der schmale Händlerweg über Filipino Asian Store – philippinische Lebensmittel ist positiv belegt; Tiefkühlversand begrenzt Form, Bestand oder Logistik."	"REQUIRED"	"AV2N-A-0157"	"NICHE_IMPORT"	"Der positive Nischenweg führt über einen philippinischen Lebensmittelhändler mit tiefgekühltem Milchfisch; schwankende Verfügbarkeit und die geführte Kühlkette begrenzen die Route."	"DIFFICULT"	"Milchfisch oder Bangus: Der positive Nischenweg führt über einen philippinischen Lebensmittelhändler mit tiefgekühltem Milchfisch; schwankende Verfügbarkeit und die geführte Kühlkette begrenzen die Route."	"REQUIRED"	"AV2N-A-0157"	"EVIDENCE_REQUIRED|FORM_SENSITIVE|RATING_RECONCILED_V2|RESEARCH_REQUIRED|SPECIALTY_MARKET_BREADTH|TOBIAS_ROSTOCK_PROFILE"	"PROPOSED_FOR_HUMAN_REVIEW"
"MILLET"	"Hirse"	"APPLICABLE"	"Glutenfreie kleine Hirsekörner mit mild-nussigem Geschmack; Sorte und geschälte Produktform bleiben offen."	"GENERAL_BROAD"	"Katalogpfad Getreide oder Pseudogetreide → stärkehaltige Zutat oder Sättigungsbeilage. Warengruppe Getreide- oder Stärkeware, formrelevanter Prüfhinweis aus der vollständigen Definition: »Sorte und geschälte Produktform bleiben offen«. Allgemein planbarer, aber nicht lokal garantierter Weg über eine konkrete Vorbestellung oder Bestandsabfrage für Getreide- oder Stärkeware."	"PLANNED"	"Hirse ist über eine konkrete Vorbestellung oder Bestandsabfrage für Getreide- oder Stärkeware im allgemeinen deutschen Handel planbar, lokal aber kein verlässlicher Standardartikel."	"OPTIONAL"	""	"GENERAL_BROAD"	"Die Rostocker Warenprüfung für „Hirse“ erfolgt über gut sortierte Vollsortimenter und etablierte deutsche Bio- oder Trockenwarenhändler."	"PLANNED"	"Hirse: Die Rostocker Warenprüfung für „Hirse“ erfolgt über gut sortierte Vollsortimenter und etablierte deutsche Bio- oder Trockenwarenhändler."	"OPTIONAL"	""	"TOBIAS_ROSTOCK_PROFILE"	"PROPOSED_FOR_HUMAN_REVIEW"
"MINCED_MEAT"	"Hackfleisch"	"APPLICABLE"	"Offene Vorgabe für zerkleinertes rohes Fleisch; Tierart und Fettanteil sind bewusst nicht festgelegt."	"GENERAL_LOCAL"	"Katalogpfad Fleisch. Warengruppe Fleisch, formrelevanter Prüfhinweis aus der vollständigen Definition: »Tierart und Fettanteil sind bewusst nicht festgelegt«. Regelweg in Bornheim über nahe Supermarktfilialen in Bornheim mit dem Bereich »Fleischkühlung oder Bedientheke«."	"EASY"	"Hackfleisch: gewöhnlicher lokaler Bezugsweg über den Bereich »Fleischkühlung oder Bedientheke«."	"OPTIONAL"	""	"GENERAL_LOCAL"	"Der konkrete Bezug von „Hackfleisch“ läuft über die Fleischkühlung oder Bedientheke eines gewöhnlichen großen Rostocker Supermarkts."	"EASY"	"Hackfleisch: gewöhnlicher lokaler Bezugsweg über den Bereich »Hackfleisch«."	"OPTIONAL"	""	"TOBIAS_ROSTOCK_PROFILE"	"PROPOSED_FOR_HUMAN_REVIEW"
"MINT"	"Minze"	"APPLICABLE"	"Frische Minzblätter mit kühlendem, aromatischem Geschmack; konkrete Minzart bleibt offen."	"GENERAL_LOCAL"	"Katalogpfad Kräuter und Würzblätter. Warengruppe frisches Würzkraut, formrelevanter Prüfhinweis aus der vollständigen Definition: »konkrete Minzart bleibt offen«. Regelweg in Bornheim über die gewöhnliche Bornheimer Auslage »frische Kräuterabteilung«."	"EASY"	"Minze: gewöhnlicher lokaler Bezugsweg über den Bereich »frische Kräuterabteilung«."	"OPTIONAL"	""	"GENERAL_LOCAL"	"Der konkrete Bezug von „Minze“ läuft über die Kräuterkühlung der Obst- und Gemüseabteilung eines gewöhnlichen großen Rostocker Supermarkts."	"EASY"	"Minze: gewöhnlicher lokaler Bezugsweg über den Bereich »Minze«."	"OPTIONAL"	""	"FORM_SENSITIVE|TOBIAS_ROSTOCK_PROFILE"	"PROPOSED_FOR_HUMAN_REVIEW"
"MIRABELLE"	"Mirabelle"	"APPLICABLE"	"Kleine gelbe Mirabellenpflaume mit süßem, intensiv aromatischem Fruchtfleisch; frisch oder ungesüßt tiefgekühlt."	"GENERAL_BROAD"	"Katalogpfad Steinobst → Obst. Warengruppe Obst, formrelevanter Prüfhinweis aus der vollständigen Definition: »frisch oder ungesüßt tiefgekühlt«. Allgemein planbarer, aber nicht lokal garantierter Weg über eine vorab zu prüfendes Sortiment im Bereich »Obst- und Gemüseabteilung« eines großen Bornheimer Markts."	"PLANNED"	"Mirabelle ist über ein vorab zu prüfendes Sortiment im Bereich »Obst- und Gemüseabteilung« eines großen Bornheimer Markts im allgemeinen deutschen Handel planbar, lokal aber kein verlässlicher Standardartikel."	"OPTIONAL"	""	"GENERAL_BROAD"	"Die Rostocker Warenprüfung für „Mirabelle“ erfolgt über gut sortierte Vollsortimenter und etablierte deutsche Frucht- oder Frischehändler."	"PLANNED"	"Mirabelle: Die Rostocker Warenprüfung für „Mirabelle“ erfolgt über gut sortierte Vollsortimenter und etablierte deutsche Frucht- oder Frischehändler."	"OPTIONAL"	""	"FORM_SENSITIVE|TOBIAS_ROSTOCK_PROFILE"	"PROPOSED_FOR_HUMAN_REVIEW"
"MIRIN"	"Mirin"	"APPLICABLE"	"Süßer japanischer Reiswürzwein mit Alkohol und ausgeprägter Süße; nicht Reisessig oder bloß gesüßter Sirup."	"SPECIALTY_BROAD"	"Katalogpfad Kochalkohol → Süßungsmittel. Warengruppe Kochalkohol, formrelevanter Prüfhinweis aus der vollständigen Definition: »nicht Reisessig oder bloß gesüßter Sirup«. Breiter einschlägiger Spezialmarkt über die voneinander unabhängigen Händler Asia4Friends – Saucen sowie AsiaFoodland – japanische Lebensmittel."	"SPECIALTY"	"Mirin ist im einschlägigen Spezialmarkt breit etabliert; dokumentierte reguläre Wege sind die voneinander unabhängigen Händler Asia4Friends – Saucen sowie AsiaFoodland – japanische Lebensmittel."	"REQUIRED"	"AV2N-A-0158|AV2N-A-0159"	"SPECIALTY_BROAD"	"Tobias prüft „Mirin“ in Rostock über Asia4Friends – Saucen und AsiaFoodland – japanische Lebensmittel, wobei die Evidenz eine vor dem Einkauf erneut zu prüfende Verfügbarkeit und Standardversand ausweist."	"SPECIALTY"	"Mirin: Rostocker Bezugsweg über Asia4Friends – Saucen und AsiaFoodland – japanische Lebensmittel; dokumentiert sind eine vor dem Einkauf erneut zu prüfende Verfügbarkeit und Standardversand."	"REQUIRED"	"AV2N-A-0158|AV2N-A-0159"	"RATING_RECONCILED_V2|RESEARCH_REQUIRED|SPECIALTY_MARKET_BREADTH|TOBIAS_ROSTOCK_PROFILE"	"PROPOSED_FOR_HUMAN_REVIEW"
"MISO"	"Miso"	"APPLICABLE"	"Japanische fermentierte Würzpaste auf Sojabohnenbasis, häufig mit Reis oder Gerste; Farbe, Salzgehalt und Reifegrad bleiben offen."	"GENERAL_BROAD"	"Katalogpfad fermentierte Würzzutat → fertige Sauce oder Würzpaste → Sauce, Würzmittel oder Paste. Warengruppe Sauce oder Würzpaste, formrelevanter Prüfhinweis aus der vollständigen Definition: »Farbe, Salzgehalt und Reifegrad bleiben offen«. Allgemein planbarer, aber nicht lokal garantierter Weg über eine gezielte Filial- oder Bestellprüfung für Sauce oder Würzpaste im allgemeinen deutschen Handel."	"PLANNED"	"Miso: Mehrere Produkte sind in großen allgemeinen Handelsketten und im breiten deutschen Onlinehandel gelistet; dennoch kein verlässlicher Standard jedes lokalen Markts."	"OPTIONAL"	"AV2E-013"	"GENERAL_BROAD"	"Miso: Mehrere Produkte sind in großen allgemeinen Handelsketten und im breiten deutschen Onlinehandel gelistet; dennoch kein verlässlicher Standard jedes lokalen Markts."	"PLANNED"	"Miso: Mehrere Produkte sind in großen allgemeinen Handelsketten und im breiten deutschen Onlinehandel gelistet; dennoch kein verlässlicher Standard jedes lokalen Markts."	"REQUIRED"	"AV2E-013"	"REFERENCE_ANCHOR|REFERENCE_ANCHOR_V2|RESEARCH_REQUIRED|TOBIAS_ROSTOCK_PROFILE"	"RATING_APPROVED_NOTE_PROPOSED_REFERENCE_ANCHOR_V2"
"MOLASSES"	"Melasse"	"APPLICABLE"	"Dunkler zähflüssiger Rückstand der Zuckerherstellung mit kräftig karamellig-herbem Aroma; nicht heller Sirup."	"GENERAL_BROAD"	"Katalogpfad Süßungsmittel. Warengruppe Süßungs- oder Kakaoware, formrelevanter Prüfhinweis aus der vollständigen Definition: »nicht heller Sirup«. Allgemein planbarer, aber nicht lokal garantierter Weg über eine reguläre Onlinebestellung im allgemeinen Handel mit formgenauer Artikelsuche."	"PLANNED"	"Melasse ist über eine reguläre Onlinebestellung im allgemeinen Handel mit formgenauer Artikelsuche im allgemeinen deutschen Handel planbar, lokal aber kein verlässlicher Standardartikel."	"OPTIONAL"	""	"GENERAL_BROAD"	"Die Beschaffung von „Melasse“ erfolgt in Rostock über gut sortierte Vollsortimenter und etablierte deutsche Back- oder Süßwarenhändler."	"PLANNED"	"Melasse: Die Beschaffung von „Melasse“ erfolgt in Rostock über gut sortierte Vollsortimenter und etablierte deutsche Back- oder Süßwarenhändler."	"OPTIONAL"	""	"TOBIAS_ROSTOCK_PROFILE"	"PROPOSED_FOR_HUMAN_REVIEW"
"MOLE_PASTE"	"Mole-Paste"	"APPLICABLE"	"Konzentrierte mexikanische Würzpaste für Mole-Saucen mit Chili, Gewürzen und weiteren variablen Zutaten; nicht fertige Sauce."	"SPECIALTY_BROAD"	"Konzentrierte Mole-Paste ist reguläre Kategorie unabhängiger etablierter Mexiko-Vollsortimenter mit verschiedenen Marken und Stilen. Getrennte Sortimente zeigen, dass es sich nicht um zwei Listungen desselben Importwegs handelt."	"SPECIALTY"	"Konzentrierte Mole-Paste ist reguläre Kategorie etablierter Mexiko-Vollsortimenter; verschiedene Marken, Stile und Haushaltsgebinde tragen einen breiten Spezialmarkt."	"REQUIRED"	"AV2N-A-0160|AV2N-A-0161"	"SPECIALTY_BROAD"	"Konzentrierte Mole-Paste ist reguläre Kategorie unabhängiger etablierter Mexiko-Vollsortimenter mit verschiedenen Marken und Stilen. Getrennte Sortimente zeigen, dass es sich nicht um zwei Listungen desselben Importwegs handelt."	"SPECIALTY"	"Konzentrierte Mole-Paste ist reguläre Kategorie etablierter Mexiko-Vollsortimenter; verschiedene Marken, Stile und Haushaltsgebinde tragen einen breiten Spezialmarkt."	"REQUIRED"	"AV2N-A-0160|AV2N-A-0161"	"EVIDENCE_REQUIRED|RESEARCH_REQUIRED|SPECIALTY_MARKET_BREADTH|TOBIAS_ROSTOCK_PROFILE"	"PROPOSED_FOR_HUMAN_REVIEW"
"MOLLUSCS"	"Weichtiere"	"APPLICABLE"	"Offene Vorgabe für essbare Weichtiere wie Muscheln, Schnecken, Oktopus oder Kalmar; aquatische und terrestrische Formen sind umfasst. Krebstiere, Insekten und Würmer sind nicht gemeint."	"GENERAL_BROAD"	"Katalogpfad wirbellose Tiere. Warengruppe Fisch oder Meeresfrucht, formrelevanter Prüfhinweis aus der vollständigen Definition: »Krebstiere, Insekten und Würmer sind nicht gemeint«. Allgemein planbarer, aber nicht lokal garantierter Weg über eine gezielte Bestellung oder Sortimentsprüfung bei Deutsche See – Miesmuscheln."	"PLANNED"	"Weichtiere ist über eine gezielte Bestellung oder Sortimentsprüfung bei Deutsche See – Miesmuscheln im allgemeinen deutschen Handel planbar, lokal aber kein verlässlicher Standardartikel."	"REQUIRED"	"AV2N-A-0162"	"GENERAL_BROAD"	"Tobias prüft „Weichtiere“ in Rostock über Deutsche See – Miesmuscheln, wobei die Evidenz beim Abruf verfügbaren Bestand und Kühlversand ausweist."	"PLANNED"	"Weichtiere: Rostocker Bezugsweg über Deutsche See – Miesmuscheln; dokumentiert sind beim Abruf verfügbaren Bestand und Kühlversand."	"REQUIRED"	"AV2N-A-0162"	"RATING_RECONCILED_V2|TOBIAS_ROSTOCK_PROFILE"	"PROPOSED_FOR_HUMAN_REVIEW"
"MONKFISH"	"Seeteufel"	"APPLICABLE"	"Seeteufel mit festem, magerem und nahezu grätenfreiem Fleisch; meist als Schwanzfilet erhältlich."	"GENERAL_BROAD"	"Deutsche See – Seeteufel handfiletierte Portionen TK belegt: Deutsche See verkauft verfügbare handfiletierte Seeteufelportionen tiefgekühlt; der nahezu grätenfreie Filetzuschnitt trifft die maßgebliche Fleischform. Der Bezug erfolgt über Deutschland und Österreich; tiefgekühlte GO!-Express-Lieferung zum Wunschtermin; maßgeblich ist FROZEN_SHIPPING. Die Produktseite belegt portioniertes Tiefkühlfilet, keinen ganzen Schwanz; Warenkorbstatus und Wunschliefertermin bleiben zu prüfen."	"PLANNED"	"Seeteufel: Deutsche See verkauft verfügbare handfiletierte Seeteufelportionen tiefgekühlt; der nahezu grätenfreie Filetzuschnitt trifft die maßgebliche Fleischform."	"REQUIRED"	"AV2N-A-0163"	"GENERAL_BROAD"	"Deutsche See – Seeteufel handfiletierte Portionen TK belegt: Deutsche See verkauft verfügbare handfiletierte Seeteufelportionen tiefgekühlt; der nahezu grätenfreie Filetzuschnitt trifft die maßgebliche Fleischform. Der Bezug erfolgt über Deutschland und Österreich; tiefgekühlte GO!-Express-Lieferung zum Wunschtermin; maßgeblich ist FROZEN_SHIPPING. Die Produktseite belegt portioniertes Tiefkühlfilet, keinen ganzen Schwanz; Warenkorbstatus und Wunschliefertermin bleiben zu prüfen."	"PLANNED"	"Seeteufel: Deutsche See verkauft verfügbare handfiletierte Seeteufelportionen tiefgekühlt; der nahezu grätenfreie Filetzuschnitt trifft die maßgebliche Fleischform."	"OPTIONAL"	"AV2N-A-0163"	"BORDERLINE_PLANNED|EVIDENCE_REQUIRED|RATING_RECONCILED_V2|TOBIAS_ROSTOCK_PROFILE"	"PROPOSED_FOR_HUMAN_REVIEW"
"MOOSE"	"Elchfleisch"	"APPLICABLE"	"Elchfleisch als frisches oder tiefgekühltes Fleischstück beziehungsweise geeignetes Gulasch-/Geschnetzeltesfleisch. Nicht Elchwurst, Trockenfleisch oder ein bereits zubereitetes Wildgericht."	"NICHE_IMPORT"	"Katalogpfad Wildfleisch → Fleisch. Warengruppe Fleisch, formrelevanter Prüfhinweis aus der vollständigen Definition: »Nicht Elchwurst, Trockenfleisch oder ein bereits zubereitetes Wildgericht«. Nur der schmale Händlerweg über Nordvild – Elchfleisch ist positiv belegt; Tiefkühlversand begrenzt Form, Bestand oder Logistik."	"DIFFICULT"	"Elchfleisch: Nur der schmale Händlerweg über Nordvild – Elchfleisch ist positiv belegt; Tiefkühlversand begrenzt Form, Bestand oder Logistik."	"REQUIRED"	"AV2N-A-0164"	"NICHE_IMPORT"	"Tobias prüft „Elchfleisch“ in Rostock über Nordvild – Elchfleisch, wobei die Evidenz ein dokumentiertes laufendes Angebot und Tiefkühlversand ausweist."	"DIFFICULT"	"Elchfleisch: Rostocker Bezugsweg über Nordvild – Elchfleisch; dokumentiert sind ein dokumentiertes laufendes Angebot und Tiefkühlversand."	"REQUIRED"	"AV2N-A-0164"	"EVIDENCE_REQUIRED|FORM_OR_LOGISTICS_RISK|FORM_OR_ROUTE_FRAGILE|FORM_SENSITIVE|RESEARCH_REQUIRED|TOBIAS_ROSTOCK_PROFILE"	"PROPOSED_FOR_HUMAN_REVIEW"
"MORCILLA"	"Morcilla"	"APPLICABLE"	"Spanische Blutwurstfamilie mit regional stark variierenden Rezepturen, etwa mit Zwiebel, Reis oder Nüssen; Schweineblut ist charakteristisch. Nicht generisch jede Blutwurst und nicht auf Morcilla de Burgos beschränkt."	"SPECIALTY_BROAD"	"Der Spanische Gourmet führt Morcilla im spezialisierten spanischen Versandhandel, Mitte Meer im breiten iberischen Supermarkt- und Versandformat. Die unterschiedlichen Händlerformate und regulären gekühlten Sortimente zeigen eine etablierte Kategorie des spanischen Spezialmarkts statt eines einzelnen produktspezifischen Importeurs."	"SPECIALTY"	"Morcilla ist in unterschiedlichen breit sortierten spanisch-iberischen Spezialhandelsformaten regulär erhältlich; Kühlversand und regionale Rezeptur verlangen Planung."	"REQUIRED"	"AV2N-A-0165|AV2N-A-0166"	"SPECIALTY_BROAD"	"Der Spanische Gourmet führt Morcilla im spezialisierten spanischen Versandhandel, Mitte Meer im breiten iberischen Supermarkt- und Versandformat. Die unterschiedlichen Händlerformate und regulären gekühlten Sortimente zeigen eine etablierte Kategorie des spanischen Spezialmarkts statt eines einzelnen produktspezifischen Importeurs."	"SPECIALTY"	"Morcilla ist in unterschiedlichen breit sortierten spanisch-iberischen Spezialhandelsformaten regulär erhältlich; Kühlversand und regionale Rezeptur verlangen Planung."	"REQUIRED"	"AV2N-A-0165|AV2N-A-0166"	"BORDERLINE_PLANNED|EVIDENCE_REQUIRED|RATING_RECONCILED_V2|RESEARCH_REQUIRED|SPECIALTY_MARKET_BREADTH|TOBIAS_ROSTOCK_PROFILE"	"PROPOSED_FOR_HUMAN_REVIEW"
"MOREL"	"Morcheln"	"APPLICABLE"	"Morcheln mit wabenartigem Hut und intensivem Waldpilzaroma; nur vollständig gegart verwenden."	"GENERAL_BROAD"	"Waldfrüchte Zwicknagl – getrocknete Morcheln belegt formgenau: Der etablierte Pilzhandel führt echte Morcheln als naturbelassene Trockenware in mehreren Haushaltsgrößen mit positivem Lagerstatus. Für Georgia in Bornheim gilt: Deutschlandweiter Standardversand nach Bornheim und Rostock; 2–3 Werktage; Logistik STANDARD_SHIPPING. Die haltbare Form ist hochpreisig und muss eingeweicht sowie vollständig gegart werden; frische Saisonmorcheln werden nicht behauptet."	"PLANNED"	"Morcheln: Der etablierte Pilzhandel führt echte Morcheln als naturbelassene Trockenware in mehreren Haushaltsgrößen mit positivem Lagerstatus."	"REQUIRED"	"AV2N-A-0167|AV2N-P-0019"	"GENERAL_BROAD"	"Waldfrüchte Zwicknagl – getrocknete Morcheln belegt formgenau: Der etablierte Pilzhandel führt echte Morcheln als naturbelassene Trockenware in mehreren Haushaltsgrößen mit positivem Lagerstatus. Für Tobias in Rostock gilt: Deutschlandweiter Standardversand nach Bornheim und Rostock; 2–3 Werktage; Logistik STANDARD_SHIPPING. Die haltbare Form ist hochpreisig und muss eingeweicht sowie vollständig gegart werden; frische Saisonmorcheln werden nicht behauptet."	"PLANNED"	"Morcheln: Der etablierte Pilzhandel führt echte Morcheln als naturbelassene Trockenware in mehreren Haushaltsgrößen mit positivem Lagerstatus."	"REQUIRED"	"AV2N-A-0167|AV2N-P-0019"	"BORDERLINE_PLANNED|EVIDENCE_REQUIRED|RESEARCH_REQUIRED|TOBIAS_ROSTOCK_PROFILE"	"PROPOSED_FOR_HUMAN_REVIEW"
"MORINGA_LEAVES"	"Moringablätter oder Malunggay"	"APPLICABLE"	"Blätter von Moringa oleifera, auf den Philippinen Malunggay; frisch, tiefgekühlt oder als kulinarisch verwendete getrocknete Blattform. Nicht Samen, Öl oder Nahrungsergänzungskapseln."	"SPECIALTY_BROAD"	"Katalogpfad Blattgemüse → Gemüse. Warengruppe Gemüse oder Pilz, formrelevanter Prüfhinweis aus der vollständigen Definition: »Nicht Samen, Öl oder Nahrungsergänzungskapseln«. Breiter einschlägiger Spezialmarkt über die voneinander unabhängigen Händler Asia Foodstore – Moringablätter zerkleinert sowie 1000Kräuter – Moringablätter geschnitten."	"SPECIALTY"	"Moringablätter oder Malunggay ist im einschlägigen Spezialmarkt breit etabliert; dokumentierte reguläre Wege sind die voneinander unabhängigen Händler Asia Foodstore – Moringablätter zerkleinert sowie 1000Kräuter – Moringablätter geschnitten."	"REQUIRED"	"AV2N-A-0168|AV2N-A-0169"	"SPECIALTY_BROAD"	"Tobias prüft „Moringablätter oder Malunggay“ in Rostock über 1000Kräuter – Moringablätter geschnitten und Asia Foodstore – Moringablätter zerkleinert, wobei die Evidenz beim Abruf verfügbaren Bestand und Standardversand ausweist."	"SPECIALTY"	"Moringablätter oder Malunggay: Rostocker Bezugsweg über 1000Kräuter – Moringablätter geschnitten und Asia Foodstore – Moringablätter zerkleinert; dokumentiert sind beim Abruf verfügbaren Bestand und Standardversand."	"REQUIRED"	"AV2N-A-0168|AV2N-A-0169"	"EVIDENCE_REQUIRED|FORM_OR_LOGISTICS_RISK|FORM_SENSITIVE|RATING_RECONCILED_V2|RESEARCH_REQUIRED|TOBIAS_ROSTOCK_PROFILE"	"PROPOSED_FOR_HUMAN_REVIEW"
"MOZZARELLA"	"Mozzarella"	"APPLICABLE"	"Milder Pasta-filata-Käse mit elastischer bis weicher Textur; Kuh- und Büffelmilchvarianten sind umfasst."	"GENERAL_LOCAL"	"Katalogpfad Käse → gesäuertes Milchprodukt → Milchprodukte. Warengruppe Käse, formrelevanter Prüfhinweis aus der vollständigen Definition: »Kuh- und Büffelmilchvarianten sind umfasst«. Regelweg in Bornheim über nahe Supermarktfilialen in Bornheim mit dem Bereich »Käsekühlung oder Käsetheke«."	"EASY"	"Mozzarella: gewöhnlicher lokaler Bezugsweg über den Bereich »Käsekühlung oder Käsetheke«."	"OPTIONAL"	""	"GENERAL_LOCAL"	"Für „Mozzarella“ wird das Angebot über die Käsekühlung oder Käsetheke eines gewöhnlichen großen Rostocker Supermarkts kontrolliert."	"EASY"	"Mozzarella: gewöhnlicher lokaler Bezugsweg über den Bereich »Mozzarella«."	"OPTIONAL"	""	"TOBIAS_ROSTOCK_PROFILE"	"PROPOSED_FOR_HUMAN_REVIEW"
"MSG"	"Mononatriumglutamat"	"APPLICABLE"	"Reines Mononatriumglutamat als kristalline Umami-Würze; kein vollständiger Gewürzmix oder Brühpulver."	"GENERAL_BROAD"	"Katalogpfad Gewürz oder trockenes Würzmittel. Warengruppe Gewürz, formrelevanter Prüfhinweis aus der vollständigen Definition: »kein vollständiger Gewürzmix oder Brühpulver«. Allgemein planbarer, aber nicht lokal garantierter Weg über eine reguläre Onlinebestellung im allgemeinen Handel mit formgenauer Artikelsuche."	"PLANNED"	"Mononatriumglutamat ist über eine reguläre Onlinebestellung im allgemeinen Handel mit formgenauer Artikelsuche im allgemeinen deutschen Handel planbar, lokal aber kein verlässlicher Standardartikel."	"OPTIONAL"	"AV2N-A-0171"	"GENERAL_BROAD"	"Tobias prüft „Mononatriumglutamat“ in Rostock über Asia4Friends – Gewürze, wobei die Evidenz ein dokumentiertes laufendes Angebot und Standardversand ausweist."	"PLANNED"	"Mononatriumglutamat: Rostocker Bezugsweg über Asia4Friends – Gewürze; dokumentiert sind ein dokumentiertes laufendes Angebot und Standardversand."	"REQUIRED"	"AV2N-A-0171"	"RATING_RECONCILED_V2|RESEARCH_REQUIRED|SPECIALTY_MARKET_BREADTH|TOBIAS_ROSTOCK_PROFILE"	"PROPOSED_FOR_HUMAN_REVIEW"
"MULBERRY"	"Maulbeeren"	"APPLICABLE"	"Maulbeeren mit süßem, mild-säuerlichem Aroma; frisch oder getrocknet verwendbar."	"GENERAL_BROAD"	"Katalogpfad Beeren → Obst. Warengruppe Obst, formrelevanter Prüfhinweis aus der vollständigen Definition: »frisch oder getrocknet verwendbar«. Allgemein planbarer, aber nicht lokal garantierter Weg über eine geplante Fahrt zu einem großen Markt mit dem Sortiment »Obst- und Gemüseabteilung«."	"PLANNED"	"Maulbeeren ist über eine geplante Fahrt zu einem großen Markt mit dem Sortiment »Obst- und Gemüseabteilung« im allgemeinen deutschen Handel planbar, lokal aber kein verlässlicher Standardartikel."	"OPTIONAL"	""	"GENERAL_BROAD"	"Tobias prüft „Maulbeeren“ in Rostock über gut sortierte Vollsortimenter und etablierte deutsche Frucht- oder Frischehändler."	"PLANNED"	"Maulbeeren: Rostocker Bezugsweg über gut sortierte Vollsortimenter und etablierte deutsche Frucht- oder Frischehändler."	"OPTIONAL"	""	"FORM_SENSITIVE|TOBIAS_ROSTOCK_PROFILE"	"PROPOSED_FOR_HUMAN_REVIEW"
"MUNG_BEANS"	"Mungbohnen"	"APPLICABLE"	"Kleine grüne Mungbohnen mit mildem Geschmack; ganz, geschält oder vorgegart verwendbar, nicht ihre Sprossen."	"GENERAL_BROAD"	"Katalogpfad Bohnen → Hülsenfrüchte. Warengruppe Hülsenfrucht, formrelevanter Prüfhinweis aus der vollständigen Definition: »ganz, geschält oder vorgegart verwendbar, nicht ihre Sprossen«. Allgemein planbarer, aber nicht lokal garantierter Weg über einen vorbereiteten Einkauf im gut sortierten Bereich »Hülsenfrucht-, Konserven- oder Trockenwarenregal«."	"PLANNED"	"Mungbohnen ist über einen vorbereiteten Einkauf im gut sortierten Bereich »Hülsenfrucht-, Konserven- oder Trockenwarenregal« im allgemeinen deutschen Handel planbar, lokal aber kein verlässlicher Standardartikel."	"OPTIONAL"	""	"GENERAL_BROAD"	"Tobias prüft „Mungbohnen“ in Rostock über gut sortierte Vollsortimenter und etablierte deutsche Bio- oder Trockenwarenhändler."	"PLANNED"	"Mungbohnen: Rostocker Bezugsweg über gut sortierte Vollsortimenter und etablierte deutsche Bio- oder Trockenwarenhändler."	"OPTIONAL"	""	"TOBIAS_ROSTOCK_PROFILE"	"PROPOSED_FOR_HUMAN_REVIEW"
"MUOI_TOM"	"Muối tôm"	"APPLICABLE"	"Vietnamesische trockene Würzmischung aus Salz, Chili und getrockneten Garnelen, häufig zusätzlich mit Knoblauch, Zucker oder Zitronengras. Besonders als Dip für Obst und Gemüse sowie zum Würzen von Reispapiersnacks verwendet."	"SPECIALTY_BROAD"	"Katalogpfad Gewürzmischung → Gewürz oder trockenes Würzmittel. Warengruppe Gewürz, formrelevanter Prüfhinweis aus der vollständigen Definition: »Besonders als Dip für Obst und Gemüse sowie zum Würzen von Reispapiersnacks verwendet«. Breiter einschlägiger Spezialmarkt über die voneinander unabhängigen Händler Asia Foodstore – Muoi Tom sowie Nagofa – Muoi Tom Tay Ninh."	"SPECIALTY"	"Muối tôm ist im einschlägigen Spezialmarkt breit etabliert; dokumentierte reguläre Wege sind die voneinander unabhängigen Händler Asia Foodstore – Muoi Tom sowie Nagofa – Muoi Tom Tay Ninh."	"REQUIRED"	"AV2N-A-0172|AV2N-A-0173"	"SPECIALTY_BROAD"	"Tobias prüft „Muối tôm“ in Rostock über Asia Foodstore – Muoi Tom und Nagofa – Muoi Tom Tay Ninh, wobei die Evidenz eine vor dem Einkauf erneut zu prüfende Verfügbarkeit und Standardversand ausweist."	"SPECIALTY"	"Muối tôm: Rostocker Bezugsweg über Asia Foodstore – Muoi Tom und Nagofa – Muoi Tom Tay Ninh; dokumentiert sind eine vor dem Einkauf erneut zu prüfende Verfügbarkeit und Standardversand."	"REQUIRED"	"AV2N-A-0172|AV2N-A-0173"	"EVIDENCE_REQUIRED|FORM_OR_ROUTE_FRAGILE|RATING_RECONCILED_V2|RESEARCH_REQUIRED|SPECIALTY_MARKET_BREADTH|TOBIAS_ROSTOCK_PROFILE"	"PROPOSED_FOR_HUMAN_REVIEW"
"MUSHROOM_STOCK"	"Pilzfond"	"APPLICABLE"	"Brühe oder Fond mit Pilzen als prägender Aromabasis; selbst gekocht oder als schlichtes Fertigprodukt verwendbar."	"GENERAL_BROAD"	"Katalogpfad Brühe oder Fond. Warengruppe Brühe oder Fond, formrelevanter Prüfhinweis aus der vollständigen Definition: »selbst gekocht oder als schlichtes Fertigprodukt verwendbar«. Allgemein planbarer, aber nicht lokal garantierter Weg über eine gezielte Filial- oder Bestellprüfung für Brühe oder Fond im allgemeinen deutschen Handel."	"PLANNED"	"Pilzfond ist über eine gezielte Filial- oder Bestellprüfung für Brühe oder Fond im allgemeinen deutschen Handel planbar, lokal aber kein verlässlicher Standardartikel."	"OPTIONAL"	""	"GENERAL_BROAD"	"Die Beschaffung von „Pilzfond“ erfolgt in Rostock über gut sortierte Vollsortimenter und etablierte deutsche Fonds- oder Feinkosthändler."	"PLANNED"	"Pilzfond: Die Beschaffung von „Pilzfond“ erfolgt in Rostock über gut sortierte Vollsortimenter und etablierte deutsche Fonds- oder Feinkosthändler."	"OPTIONAL"	""	"TOBIAS_ROSTOCK_PROFILE"	"PROPOSED_FOR_HUMAN_REVIEW"
"MUSHROOMS"	"Pilze"	"APPLICABLE"	"Offene Vorgabe für essbare Pilze; Art, Kultur- oder Waldpilz und frisch oder getrocknet bleiben wählbar."	"GENERAL_LOCAL"	"Katalogpfad Gemüse. Warengruppe Gemüse oder Pilz, formrelevanter Prüfhinweis aus der vollständigen Definition: »Art, Kultur- oder Waldpilz und frisch oder getrocknet bleiben wählbar«. Regelweg in Bornheim über den regulären Bornheimer Regalweg »Obst- und Gemüseabteilung«."	"EASY"	"Pilze: gewöhnlicher lokaler Bezugsweg über den Bereich »Obst- und Gemüseabteilung«."	"OPTIONAL"	""	"GENERAL_LOCAL"	"Beim Einkauf von „Pilze“ nutzt Tobias den Pilzbereich der Obst- und Gemüseabteilung eines gewöhnlichen großen Rostocker Supermarkts."	"EASY"	"Pilze: gewöhnlicher lokaler Bezugsweg über den Bereich »Pilze«."	"OPTIONAL"	""	"FORM_SENSITIVE|TOBIAS_ROSTOCK_PROFILE"	"PROPOSED_FOR_HUMAN_REVIEW"
"MUSSELS"	"Miesmuscheln"	"APPLICABLE"	"Miesmuscheln mit dunkler Schale und saftigem, jodig-süßlichem Fleisch; frisch, tiefgekühlt oder ausgelöst verwendbar."	"GENERAL_BROAD"	"Katalogpfad Muscheln → Weichtiere → Schalen- und Krustentiere → wirbellose Tiere. Warengruppe Fisch oder Meeresfrucht, formrelevanter Prüfhinweis aus der vollständigen Definition: »frisch, tiefgekühlt oder ausgelöst verwendbar«. Allgemein planbarer, aber nicht lokal garantierter Weg über eine gezielte Bestellung oder Sortimentsprüfung bei Deutsche See – Miesmuscheln."	"PLANNED"	"Miesmuscheln ist über eine gezielte Bestellung oder Sortimentsprüfung bei Deutsche See – Miesmuscheln im allgemeinen deutschen Handel planbar, lokal aber kein verlässlicher Standardartikel."	"REQUIRED"	"AV2N-A-0174"	"GENERAL_BROAD"	"Tobias prüft „Miesmuscheln“ in Rostock über Deutsche See – Miesmuscheln, wobei die Evidenz beim Abruf verfügbaren Bestand und Kühlversand ausweist."	"PLANNED"	"Miesmuscheln: Rostocker Bezugsweg über Deutsche See – Miesmuscheln; dokumentiert sind beim Abruf verfügbaren Bestand und Kühlversand."	"REQUIRED"	"AV2N-A-0174"	"BORDERLINE_PLANNED|EVIDENCE_REQUIRED|FORM_SENSITIVE|RATING_RECONCILED_V2|TOBIAS_ROSTOCK_PROFILE"	"PROPOSED_FOR_HUMAN_REVIEW"
"MUSTARD"	"Senf"	"APPLICABLE"	"Verzehrfertige Senfzubereitung aus Senfsaat, Flüssigkeit und Würzung; Schärfe und Körnung bleiben offen."	"GENERAL_LOCAL"	"Katalogpfad fertige Sauce oder Würzpaste → Sauce, Würzmittel oder Paste. Warengruppe Sauce oder Würzpaste, formrelevanter Prüfhinweis aus der vollständigen Definition: »Schärfe und Körnung bleiben offen«. Regelweg in Bornheim über ortsübliche Vollsortimenter rund um Bornheim, konkret im Bereich »Saucen-, Würzpasten- und Feinkostregal«."	"EASY"	"Senf: gewöhnlicher lokaler Bezugsweg über den Bereich »Saucen-, Würzpasten- und Feinkostregal«."	"OPTIONAL"	""	"GENERAL_LOCAL"	"Der konkrete Bezug von „Senf“ läuft über das Saucen-, Essig- oder Feinkostregal eines gewöhnlichen großen Rostocker Supermarkts."	"EASY"	"Senf: gewöhnlicher lokaler Bezugsweg über den Bereich »Senf«."	"OPTIONAL"	""	"TOBIAS_ROSTOCK_PROFILE"	"PROPOSED_FOR_HUMAN_REVIEW"
"MUSTARD_SEED"	"Senfsaat"	"APPLICABLE"	"Ganze Senfsamen mit nussiger bis stechend-scharfer Wirkung; gelbe, braune und schwarze Saat sind umfasst."	"GENERAL_LOCAL"	"Katalogpfad Gewürz oder trockenes Würzmittel. Warengruppe Gewürz, formrelevanter Prüfhinweis aus der vollständigen Definition: »gelbe, braune und schwarze Saat sind umfasst«. Regelweg in Bornheim über die gewöhnliche Bornheimer Auslage »Gewürz- und Trockenwürzregal«."	"EASY"	"Senfsaat: gewöhnlicher lokaler Bezugsweg über den Bereich »Gewürz- und Trockenwürzregal«."	"OPTIONAL"	""	"GENERAL_LOCAL"	"Tobias prüft „Senfsaat“ in Rostock über das Gewürz- oder Backregal eines gewöhnlichen großen Rostocker Supermarkts."	"EASY"	"Senfsaat: Rostocker Bezugsweg über das Gewürz- oder Backregal eines gewöhnlichen großen Rostocker Supermarkts."	"OPTIONAL"	""	"RATING_RECONCILED_V2|TOBIAS_ROSTOCK_PROFILE"	"PROPOSED_FOR_HUMAN_REVIEW"
"MYCOPROTEIN"	"Mykoprotein"	"APPLICABLE"	"Pilzproteinbasierte Fleischalternative; Marke, Produktform und Würzung können variieren."	"GENERAL_BROAD"	"Katalogpfad pflanzliches Proteinprodukt. Warengruppe pflanzliches Proteinprodukt, formrelevanter Prüfhinweis aus der vollständigen Definition: »Marke, Produktform und Würzung können variieren«. Allgemein planbarer, aber nicht lokal garantierter Weg über eine gezielte Filial- oder Bestellprüfung für pflanzliches Proteinprodukt im allgemeinen deutschen Handel."	"PLANNED"	"Mykoprotein ist über eine gezielte Filial- oder Bestellprüfung für pflanzliches Proteinprodukt im allgemeinen deutschen Handel planbar, lokal aber kein verlässlicher Standardartikel."	"OPTIONAL"	""	"GENERAL_BROAD"	"Tobias prüft „Mykoprotein“ in Rostock über gut sortierte Vollsortimenter und etablierte deutsche Bio- oder Pflanzensortimente."	"PLANNED"	"Mykoprotein: Rostocker Bezugsweg über gut sortierte Vollsortimenter und etablierte deutsche Bio- oder Pflanzensortimente."	"OPTIONAL"	""	"TOBIAS_ROSTOCK_PROFILE"	"PROPOSED_FOR_HUMAN_REVIEW"
"NAM_PRIK_PAO"	"Nam Prik Pao"	"APPLICABLE"	"Geröstete thailändische Chilipaste mit Öl, süßlich-rauchigem Profil und kräftigem Umami; häufig mit Schalotten, Knoblauch, Tamarinde sowie Garnelen- oder Fischbestandteilen. Nicht bloß Chiliöl oder Sriracha."	"SPECIALTY_BROAD"	"Katalogpfad Chilisauce oder -paste → fertige Sauce oder Würzpaste → Sauce, Würzmittel oder Paste. Warengruppe Sauce oder Würzpaste, formrelevanter Prüfhinweis aus der vollständigen Definition: »Nicht bloß Chiliöl oder Sriracha«. Breiter einschlägiger Spezialmarkt über die voneinander unabhängigen Händler Asia4Friends – Nam Prik Pao 227 g sowie My-Asia-Shop – Mae Pranom Nam Prik Pao 513 g."	"SPECIALTY"	"Nam Prik Pao ist im einschlägigen Spezialmarkt breit etabliert; dokumentierte reguläre Wege sind die voneinander unabhängigen Händler Asia4Friends – Nam Prik Pao 227 g sowie My-Asia-Shop – Mae Pranom Nam Prik Pao 513 g."	"REQUIRED"	"AV2N-N-0001|AV2N-N-0002"	"SPECIALTY_BROAD"	"Tobias prüft „Nam Prik Pao“ in Rostock über Asia4Friends – Nam Prik Pao 227 g und My-Asia-Shop – Mae Pranom Nam Prik Pao 513 g, wobei die Evidenz beim Abruf verfügbaren Bestand und Standardversand ausweist."	"SPECIALTY"	"Nam Prik Pao: Rostocker Bezugsweg über Asia4Friends – Nam Prik Pao 227 g und My-Asia-Shop – Mae Pranom Nam Prik Pao 513 g; dokumentiert sind beim Abruf verfügbaren Bestand und Standardversand."	"REQUIRED"	"AV2N-N-0003|AV2N-N-0004"	"EVIDENCE_REQUIRED|RESEARCH_REQUIRED|SPECIALTY_MARKET_BREADTH|TOBIAS_ROSTOCK_PROFILE"	"PROPOSED_FOR_HUMAN_REVIEW"
"NAPA_CABBAGE"	"Chinakohl"	"APPLICABLE"	"Chinakohl mit hellen knackigen Rippen und zarten Blättern; roh, gegart oder fermentiert verwendbar."	"GENERAL_LOCAL"	"Katalogpfad Kohlgemüse → Gemüse. Warengruppe Gemüse oder Pilz, formrelevanter Prüfhinweis aus der vollständigen Definition: »roh, gegart oder fermentiert verwendbar«. Regelweg in Bornheim über nahe Supermarktfilialen in Bornheim mit dem Bereich »Obst- und Gemüseabteilung«."	"EASY"	"Chinakohl: gewöhnlicher lokaler Bezugsweg über den Bereich »Obst- und Gemüseabteilung«."	"OPTIONAL"	""	"GENERAL_LOCAL"	"Die Beschaffung von „Chinakohl“ erfolgt in Rostock über die Gemüseabteilung eines gewöhnlichen großen Rostocker Supermarkts."	"EASY"	"Chinakohl: gewöhnlicher lokaler Bezugsweg über den Bereich »Chinakohl«."	"OPTIONAL"	""	"TOBIAS_ROSTOCK_PROFILE"	"PROPOSED_FOR_HUMAN_REVIEW"
"NATA_DE_COCO"	"Nata de coco"	"APPLICABLE"	"Kaubares, transparentes Cellulosegel aus fermentativ verarbeiteter Kokosrohware; typischerweise gesüßt als Dessert-, Getränke- oder Fruchtsalatzutat angeboten. Nicht mit Agar-, Konjak- oder beliebigem Kokosgelee gleichsetzen."	"SPECIALTY_BROAD"	"Katalogpfad Kokoszutat. Warengruppe Kokoszubereitung, formrelevanter Prüfhinweis aus der vollständigen Definition: »Nicht mit Agar-, Konjak- oder beliebigem Kokosgelee gleichsetzen«. Breiter einschlägiger Spezialmarkt über die voneinander unabhängigen Händler Asiafoodland – Monika Nata de coco 220 g sowie Pinoyfood – coconut products including Nata de coco."	"SPECIALTY"	"Nata de coco ist im einschlägigen Spezialmarkt breit etabliert; dokumentierte reguläre Wege sind die voneinander unabhängigen Händler Asiafoodland – Monika Nata de coco 220 g sowie Pinoyfood – coconut products including Nata de coco."	"REQUIRED"	"AV2N-N-0005|AV2N-N-0006"	"SPECIALTY_BROAD"	"Tobias prüft „Nata de coco“ in Rostock über Asiafoodland – Monika Nata de coco 220 g und Pinoyfood – coconut products including Nata de coco, wobei die Evidenz eine vor dem Einkauf erneut zu prüfende Verfügbarkeit und Standardversand ausweist."	"SPECIALTY"	"Nata de coco: Rostocker Bezugsweg über Asiafoodland – Monika Nata de coco 220 g und Pinoyfood – coconut products including Nata de coco; dokumentiert sind eine vor dem Einkauf erneut zu prüfende Verfügbarkeit und Standardversand."	"REQUIRED"	"AV2N-N-0007|AV2N-N-0008"	"EVIDENCE_REQUIRED|RESEARCH_REQUIRED|SPECIALTY_MARKET_BREADTH|TOBIAS_ROSTOCK_PROFILE"	"PROPOSED_FOR_HUMAN_REVIEW"
"NATTO"	"Nattō"	"APPLICABLE"	"Japanische fermentierte Sojabohnen mit klebrigen Fäden und kräftigem, erdig-würzigem Aroma."	"SPECIALTY_BROAD"	"Katalogpfad pflanzliches Proteinprodukt → Sojazutat → Hülsenfrüchte. Warengruppe pflanzliches Proteinprodukt, formrelevanter Prüfhinweis aus der vollständigen Definition: »fermentierte Sojabohnen mit klebrigen Fäden und kräftigem, erdig-würzigem Aroma«. Breiter einschlägiger Spezialmarkt über den freigegebenen v2-Anker mit dem Kerngrund »das Bornheim-Profil kann große japanisch-asiatische Kühl-/TK-Sortimente gezielt erreichen«."	"SPECIALTY"	"Nattō: Georgia kann große japanisch-asiatische Kühl-/TK-Sortimente gezielt erreichen; Tobias hängt von wenigen geeigneten Kühlwegen ab."	"REQUIRED"	"AV2E-047"	"NICHE_IMPORT"	"Nattō: Georgia kann große japanisch-asiatische Kühl-/TK-Sortimente gezielt erreichen; Tobias hängt von wenigen geeigneten Kühlwegen ab."	"DIFFICULT"	"Nattō: Georgia kann große japanisch-asiatische Kühl-/TK-Sortimente gezielt erreichen; Tobias hängt von wenigen geeigneten Kühlwegen ab."	"REQUIRED"	"AV2E-048"	"EVIDENCE_REQUIRED|FORM_OR_LOGISTICS_RISK|PERSON_DIFFERENCE|REFERENCE_ANCHOR|REFERENCE_ANCHOR_V2|RESEARCH_REQUIRED|TOBIAS_ROSTOCK_PROFILE"	"RATING_APPROVED_NOTE_PROPOSED_REFERENCE_ANCHOR_V2"
"NDUJA"	"’Nduja"	"APPLICABLE"	"Weiche streichfähige kalabrische Schweinewurst mit hohem Chili- und Fettanteil; nicht feste Chorizo."	"GENERAL_BROAD"	"Katalogpfad gepökeltes oder luftgetrocknetes Fleisch → Schweinefleisch → Wurst → Fleisch. Warengruppe Wurst oder Pökelfleisch, formrelevanter Prüfhinweis aus der vollständigen Definition: »nicht feste Chorizo«. Allgemein planbarer, aber nicht lokal garantierter Weg über eine geplante Fahrt zu einem großen Markt mit dem Sortiment »Wurstkühlung oder Bedientheke«."	"PLANNED"	"’Nduja ist über eine geplante Fahrt zu einem großen Markt mit dem Sortiment »Wurstkühlung oder Bedientheke« im allgemeinen deutschen Handel planbar, lokal aber kein verlässlicher Standardartikel."	"OPTIONAL"	""	"GENERAL_BROAD"	"’Nduja: Mitte Meer führt Nduja di Spilinga als streichfähige kalabrische Schweinewurstpaste im Glas bestellbar; DHL liefert auf das deutsche Festland in 3–4 Werktagen, sodass Rostock über einen eingeplanten Versandweg erreichbar ist."	"PLANNED"	"’Nduja: Mitte Meer führt Nduja di Spilinga als streichfähige kalabrische Schweinewurstpaste im Glas bestellbar; DHL liefert auf das deutsche Festland in 3–4 Werktagen, sodass Rostock über einen eingeplanten Versandweg erreichbar ist."	"REQUIRED"	"AV2N-N-0009"	"RESEARCH_REQUIRED|TOBIAS_ROSTOCK_PROFILE"	"PROPOSED_FOR_HUMAN_REVIEW"
"NECTARINE"	"Nektarine"	"APPLICABLE"	"Glattschalige Steinfrucht aus der Pfirsichfamilie mit saftigem süß-säuerlichem Fleisch."	"GENERAL_BROAD"	"Katalogpfad Steinobst → Obst. Warengruppe Obst, formrelevanter Prüfhinweis aus der vollständigen Definition: »Steinfrucht aus der Pfirsichfamilie mit saftigem süß-säuerlichem Fleisch«. Allgemein planbarer, aber nicht lokal garantierter Weg über einen vorbereiteten Einkauf im gut sortierten Bereich »Obst- und Gemüseabteilung«."	"PLANNED"	"Nektarine ist über einen vorbereiteten Einkauf im gut sortierten Bereich »Obst- und Gemüseabteilung« im allgemeinen deutschen Handel planbar, lokal aber kein verlässlicher Standardartikel."	"OPTIONAL"	""	"GENERAL_BROAD"	"Für „Nektarine“ führt der Rostocker Marktweg über gut sortierte Vollsortimenter und etablierte deutsche Frucht- oder Frischehändler."	"PLANNED"	"Nektarine: Rostocker Bezugsweg über gut sortierte Vollsortimenter und etablierte deutsche Frucht- oder Frischehändler."	"OPTIONAL"	""	"RATING_RECONCILED_V2|TOBIAS_ROSTOCK_PROFILE"	"PROPOSED_FOR_HUMAN_REVIEW"
"NEUTRAL_OIL"	"neutrales Pflanzenöl"	"APPLICABLE"	"Raffiniertes Pflanzenöl mit wenig Eigengeschmack und guter Hitzetoleranz; konkrete Ölpflanze bleibt offen."	"GENERAL_LOCAL"	"Katalogpfad Speiseöl → Kochfett. Warengruppe Speiseöl oder Kochfett, formrelevanter Prüfhinweis aus der vollständigen Definition: »konkrete Ölpflanze bleibt offen«. Regelweg in Bornheim über die gewöhnliche Bornheimer Auslage »Öl- und Kochfettregal«."	"EASY"	"neutrales Pflanzenöl: gewöhnlicher lokaler Bezugsweg über den Bereich »Öl- und Kochfettregal«."	"OPTIONAL"	""	"GENERAL_LOCAL"	"Für „neutrales Pflanzenöl“ führt der Rostocker Marktweg über das Öl- oder Kochfettregal eines gewöhnlichen großen Rostocker Supermarkts."	"EASY"	"neutrales Pflanzenöl: Rostocker Bezugsweg über das Öl- oder Kochfettregal eines gewöhnlichen großen Rostocker Supermarkts."	"OPTIONAL"	""	"TOBIAS_ROSTOCK_PROFILE"	"PROPOSED_FOR_HUMAN_REVIEW"
"NEW_POTATOES"	"Frühkartoffeln"	"APPLICABLE"	"Jung geerntete Kartoffeln mit dünner Schale und wachsiger Textur; Sorte bleibt offen."	"GENERAL_LOCAL"	"Katalogpfad Kartoffel → Wurzel- und Knollengemüse → stärkehaltige Zutat oder Sättigungsbeilage → Gemüse. Warengruppe Gemüse oder Pilz, formrelevanter Prüfhinweis aus der vollständigen Definition: »Sorte bleibt offen«. Regelweg in Bornheim über das örtliche Sortiment »Obst- und Gemüseabteilung« beim Wocheneinkauf in Bornheim."	"EASY"	"Frühkartoffeln: gewöhnlicher lokaler Bezugsweg über den Bereich »Obst- und Gemüseabteilung«."	"OPTIONAL"	""	"GENERAL_LOCAL"	"Beim Einkauf von „Frühkartoffeln“ nutzt Tobias die Gemüseabteilung eines gewöhnlichen großen Rostocker Supermarkts."	"EASY"	"Frühkartoffeln: gewöhnlicher lokaler Bezugsweg über den Bereich »Frühkartoffeln«."	"OPTIONAL"	""	"TOBIAS_ROSTOCK_PROFILE"	"PROPOSED_FOR_HUMAN_REVIEW"
"NIPA_PALM_VINEGAR"	"Nipapalmenessig"	"APPLICABLE"	"Natürlich fermentierter Essig aus dem Saft der Nipapalme. Gemeint ist die generische Produktart; regionale Produkte wie Sukang Paombong sind mögliche Ausprägungen, aber keine Voraussetzung."	"NICHE_IMPORT"	"Katalogpfad Essig. Warengruppe Speiseessig, formrelevanter Prüfhinweis aus der vollständigen Definition: »regionale Produkte wie Sukang Paombong sind mögliche Ausprägungen, aber keine Voraussetzung«. Der v2-Anker hält den Engpass fest: Enge philippinische Importware mit erheblicher Verwechslungsgefahr zu Kokos- oder Zuckerrohressig."	"DIFFICULT"	"Nipapalmenessig: Enge philippinische Importware mit erheblicher Verwechslungsgefahr zu Kokos- oder Zuckerrohressig."	"REQUIRED"	"AV2E-089"	"NICHE_IMPORT"	"Nipapalmenessig: Enge philippinische Importware mit erheblicher Verwechslungsgefahr zu Kokos- oder Zuckerrohressig."	"DIFFICULT"	"Nipapalmenessig: Enge philippinische Importware mit erheblicher Verwechslungsgefahr zu Kokos- oder Zuckerrohressig."	"REQUIRED"	"AV2E-089"	"EVIDENCE_REQUIRED|FORM_OR_LOGISTICS_RISK|FORM_OR_ROUTE_FRAGILE|REFERENCE_ANCHOR|REFERENCE_ANCHOR_V2|RESEARCH_REQUIRED|TOBIAS_ROSTOCK_PROFILE"	"RATING_APPROVED_NOTE_PROPOSED_REFERENCE_ANCHOR_V2"
"NOODLES"	"Nudeln"	"APPLICABLE"	"Offene Vorgabe für geformte Nudeln aus Getreide oder Stärke; Rohstoff, Form und Küchentradition bleiben wählbar."	"GENERAL_LOCAL"	"Katalogpfad stärkehaltige Zutat oder Sättigungsbeilage. Warengruppe Getreide- oder Stärkeware, formrelevanter Prüfhinweis aus der vollständigen Definition: »Rohstoff, Form und Küchentradition bleiben wählbar«. Regelweg in Bornheim über den Bereich »Reis-, Mehl-, Nudel- oder Trockenwarenregal« eines gewöhnlichen Bornheimer Vollsortimenters."	"EASY"	"Nudeln: gewöhnlicher lokaler Bezugsweg über den Bereich »Reis-, Mehl-, Nudel- oder Trockenwarenregal«."	"OPTIONAL"	""	"GENERAL_LOCAL"	"Beim Einkauf von „Nudeln“ nutzt Tobias das Getreide-, Mehl-, Reis- oder Teigwarenregal eines gewöhnlichen großen Rostocker Supermarkts."	"EASY"	"Nudeln: gewöhnlicher lokaler Bezugsweg über den Bereich »Nudeln«."	"OPTIONAL"	""	"TOBIAS_ROSTOCK_PROFILE"	"PROPOSED_FOR_HUMAN_REVIEW"
"NORA_PEPPER"	"Ñora-Paprika"	"APPLICABLE"	"Kleine runde, reif rot geerntete und getrocknete spanische Paprika (ñora), meist eingeweicht beziehungsweise ausgeschabt als Würzzutat verwendet; nicht Paprikapulver und nicht generische getrocknete Chili."	"SPECIALTY_BROAD"	"Katalogpfad konservierte pflanzliche Zutat → Gewürz oder trockenes Würzmittel. Warengruppe konservierte Pflanzenware, formrelevanter Prüfhinweis aus der vollständigen Definition: »nicht Paprikapulver und nicht generische getrocknete Chili«. Breiter einschlägiger Spezialmarkt über die voneinander unabhängigen Händler Mitte Meer – getrocknete Ñora-Paprika sowie Gewürze der Welt – Ñora/Niora geschrotet."	"SPECIALTY"	"Ñora-Paprika ist im einschlägigen Spezialmarkt breit etabliert; dokumentierte reguläre Wege sind die voneinander unabhängigen Händler Mitte Meer – getrocknete Ñora-Paprika sowie Gewürze der Welt – Ñora/Niora geschrotet."	"REQUIRED"	"AV2N-N-0010|AV2N-N-0011"	"SPECIALTY_BROAD"	"Tobias prüft „Ñora-Paprika“ in Rostock über Gewürze der Welt – Ñora/Niora geschrotet und Mitte Meer – getrocknete Ñora-Paprika, wobei die Evidenz ein dokumentiertes laufendes Angebot und Standardversand ausweist."	"SPECIALTY"	"Ñora-Paprika: Rostocker Bezugsweg über Gewürze der Welt – Ñora/Niora geschrotet und Mitte Meer – getrocknete Ñora-Paprika; dokumentiert sind ein dokumentiertes laufendes Angebot und Standardversand."	"REQUIRED"	"AV2N-N-0012|AV2N-N-0013"	"EVIDENCE_REQUIRED|RATING_RECONCILED_V2|TOBIAS_ROSTOCK_PROFILE"	"PROPOSED_FOR_HUMAN_REVIEW"
"NORI"	"Nori"	"APPLICABLE"	"Dünne getrocknete Blätter aus roten Meeresalgen, typischerweise geröstet; nicht Kombu oder Wakame."	"GENERAL_BROAD"	"Katalogpfad Algen → Gemüse. Warengruppe getrocknete Alge, formrelevanter Prüfhinweis aus der vollständigen Definition: »nicht Kombu oder Wakame«. Allgemein planbarer, aber nicht lokal garantierter Weg über eine konkrete Vorbestellung oder Bestandsabfrage für getrocknete Alge."	"PLANNED"	"Nori ist über eine konkrete Vorbestellung oder Bestandsabfrage für getrocknete Alge im allgemeinen deutschen Handel planbar, lokal aber kein verlässlicher Standardartikel."	"OPTIONAL"	""	"GENERAL_BROAD"	"Tobias prüft „Nori“ in Rostock über gut sortierte Vollsortimenter und etablierte deutsche Händler für haltbare Algenprodukte."	"PLANNED"	"Nori: Rostocker Bezugsweg über gut sortierte Vollsortimenter und etablierte deutsche Händler für haltbare Algenprodukte."	"OPTIONAL"	""	"TOBIAS_ROSTOCK_PROFILE"	"PROPOSED_FOR_HUMAN_REVIEW"
"NORTH_SEA_SHRIMP"	"Nordseekrabbe"	"APPLICABLE"	"Kleine graue Nordseegarnele (Crangon crangon), in Deutschland üblicherweise als Nordseekrabbe bezeichnet; typischerweise bereits gekocht und geschält erhältlich. Nicht beliebige Garnelen und trotz des deutschen Namens keine echte Krabbe."	"GENERAL_BROAD"	"Katalogpfad Garnelen → Krustentiere → wirbellose Tiere → Schalen- und Krustentiere. Warengruppe Fisch oder Meeresfrucht, formrelevanter Prüfhinweis aus der vollständigen Definition: »Nicht beliebige Garnelen und trotz des deutschen Namens keine echte Krabbe«. Gezielter Fischhandel oder verbreiteter deutscher Seafood-Versand tragen den planbaren Weg; regionale Nähe macht die Ware nicht zum Supermarktstandard."	"PLANNED"	"Nordseekrabbe: Gezielter Fischhandel beziehungsweise verbreiteter deutscher Seafood-Versand; regionale Nähe macht daraus keinen Supermarktstandard."	"REQUIRED"	"AV2E-021"	"GENERAL_BROAD"	"Gekochte und geschälte Nordseegarnelen werden über eine geplante Bestandsprüfung an gut sortierten Fischtheken oder einen etablierten Seafood-Versand gesucht; die exakte Crangon-Art muss ausgewiesen sein."	"PLANNED"	"Nordseekrabbe: Gezielter Fischhandel beziehungsweise verbreiteter deutscher Seafood-Versand; regionale Nähe macht daraus keinen Supermarktstandard."	"REQUIRED"	"AV2E-021"	"BORDERLINE_PLANNED|EVIDENCE_REQUIRED|REFERENCE_ANCHOR|REFERENCE_ANCHOR_V2|RESEARCH_REQUIRED|TOBIAS_ROSTOCK_PROFILE"	"RATING_APPROVED_NOTE_PROPOSED_REFERENCE_ANCHOR_V2"
"NORTHERN_PRAWN"	"Eismeergarnele"	"APPLICABLE"	"Eismeergarnele beziehungsweise Nordische Garnele (Pandalus borealis), frisch oder tiefgekühlt und je nach Produkt geschält oder ungeschält. Nicht mit der Nordseekrabbe (Crangon crangon) oder beliebigen Warmwassergarnelen gleichsetzen."	"GENERAL_BROAD"	"Köser – Cocktail-Krabben Pandalus borealis belegt: Köser weist seine sofort verfügbaren Cocktail-Krabben als Pandalus borealis aus; sie sind gekocht, einzeln schockgefrostet und werden ohne Unterbrechung der Kühlkette in Trockeneis geliefert. Der Bezug erfolgt über Deutschland und ausgewählte EU-Länder; Express am Wunschtag in Trockeneis-Isolierung; maßgeblich ist FROZEN_SHIPPING. Belegt ist eine gekochte geschälte Kilopackung, nicht rohe Ware; Menge und Expresskosten machen den Bezug planungsbedürftig."	"PLANNED"	"Eismeergarnele: Köser weist seine sofort verfügbaren Cocktail-Krabben als Pandalus borealis aus; sie sind gekocht, einzeln schockgefrostet und werden ohne Unterbrechung der Kühlkette in Trockeneis geliefert."	"REQUIRED"	"AV2N-N-0014"	"GENERAL_BROAD"	"Köser – Cocktail-Krabben Pandalus borealis belegt: Köser weist seine sofort verfügbaren Cocktail-Krabben als Pandalus borealis aus; sie sind gekocht, einzeln schockgefrostet und werden ohne Unterbrechung der Kühlkette in Trockeneis geliefert. Der Bezug erfolgt über Deutschland und ausgewählte EU-Länder; Express am Wunschtag in Trockeneis-Isolierung; maßgeblich ist FROZEN_SHIPPING. Belegt ist eine gekochte geschälte Kilopackung, nicht rohe Ware; Menge und Expresskosten machen den Bezug planungsbedürftig."	"PLANNED"	"Eismeergarnele: Köser weist seine sofort verfügbaren Cocktail-Krabben als Pandalus borealis aus; sie sind gekocht, einzeln schockgefrostet und werden ohne Unterbrechung der Kühlkette in Trockeneis geliefert."	"REQUIRED"	"AV2N-N-0015"	"BORDERLINE_PLANNED|EVIDENCE_REQUIRED|FORM_SENSITIVE|RESEARCH_REQUIRED|TOBIAS_ROSTOCK_PROFILE"	"PROPOSED_FOR_HUMAN_REVIEW"
"NORWEGIAN_WAFFLE"	"Norwegische Waffel"	"APPLICABLE"	"Dünne, weiche Waffel nach norwegischer Art, typischerweise herzförmig, leicht süß und mit Kardamom aromatisiert. Gemeint ist die Waffel selbst, ohne vorausgesetzte Beläge."	"NICHE_IMPORT"	"Katalogpfad Waffel → Backware. Warengruppe Back- oder Brotwaren, formrelevanter Prüfhinweis aus der vollständigen Definition: »Gemeint ist die Waffel selbst, ohne vorausgesetzte Beläge«. Nur der schmale Händlerweg über Norwegian Foodstore – Norwegian bakery range ist positiv belegt; Importbeschränkung begrenzt Form, Bestand oder Logistik."	"DIFFICULT"	"Norwegische Waffel: Nur der schmale Händlerweg über Norwegian Foodstore – Norwegian bakery range ist positiv belegt; Importbeschränkung begrenzt Form, Bestand oder Logistik."	"REQUIRED"	"AV2N-N-0016"	"NICHE_IMPORT"	"Tobias prüft „Norwegische Waffel“ in Rostock über Norwegian Foodstore – Norwegian bakery range, wobei die Evidenz eine vor dem Einkauf erneut zu prüfende Verfügbarkeit und Importbeschränkungen ausweist."	"DIFFICULT"	"Norwegische Waffel: Rostocker Bezugsweg über Norwegian Foodstore – Norwegian bakery range; dokumentiert sind eine vor dem Einkauf erneut zu prüfende Verfügbarkeit und Importbeschränkungen."	"REQUIRED"	"AV2N-N-0017"	"EVIDENCE_REQUIRED|FORM_OR_LOGISTICS_RISK|FORM_OR_ROUTE_FRAGILE|RESEARCH_REQUIRED|TOBIAS_ROSTOCK_PROFILE"	"PROPOSED_FOR_HUMAN_REVIEW"
"NUT_AND_SEED_PASTES"	"Nuss- oder Samenpaste"	"APPLICABLE"	"Offene Familie fein vermahlener Nuss- oder Samenpasten; Rohstoff, Röstung und Süßung bleiben offen."	"GENERAL_LOCAL"	"Katalogpfad Sauce, Würzmittel oder Paste. Warengruppe Nuss- oder Saatenpaste, formrelevanter Prüfhinweis aus der vollständigen Definition: »Rohstoff, Röstung und Süßung bleiben offen«. Regelweg in Bornheim über nahe Supermarktfilialen in Bornheim mit dem Bereich »Aufstrich-, Nussmus- oder Feinkostregal«."	"EASY"	"Nuss- oder Samenpaste: gewöhnlicher lokaler Bezugsweg über den Bereich »Aufstrich-, Nussmus- oder Feinkostregal«."	"OPTIONAL"	""	"GENERAL_LOCAL"	"Tobias prüft „Nuss- oder Samenpaste“ in Rostock über Brotaufstrich-, Nussmus- oder Bio-Regal gewöhnlicher großer Rostocker Supermärkte."	"EASY"	"Nuss- oder Samenpaste: Rostocker Bezugsweg über Brotaufstrich-, Nussmus- oder Bio-Regal gewöhnlicher großer Rostocker Supermärkte."	"OPTIONAL"	""	"RATING_RECONCILED_V2|TOBIAS_ROSTOCK_PROFILE"	"PROPOSED_FOR_HUMAN_REVIEW"
"NUTMEG"	"Muskatnuss"	"APPLICABLE"	"Muskatnuss als intensiv warm-würziger Samenkern, frisch gerieben oder gemahlen; sparsam dosieren."	"GENERAL_LOCAL"	"Katalogpfad Gewürz oder trockenes Würzmittel. Warengruppe Gewürz, formrelevanter Prüfhinweis aus der vollständigen Definition: »sparsam dosieren«. Regelweg in Bornheim über nahe Supermarktfilialen in Bornheim mit dem Bereich »Gewürz- und Trockenwürzregal«."	"EASY"	"Muskatnuss: gewöhnlicher lokaler Bezugsweg über den Bereich »Gewürz- und Trockenwürzregal«."	"OPTIONAL"	""	"GENERAL_LOCAL"	"Für „Muskatnuss“ führt der Rostocker Marktweg über das Gewürz- oder Backregal eines gewöhnlichen großen Rostocker Supermarkts."	"EASY"	"Muskatnuss: Rostocker Bezugsweg über das Gewürz- oder Backregal eines gewöhnlichen großen Rostocker Supermarkts."	"OPTIONAL"	""	"FORM_SENSITIVE|TOBIAS_ROSTOCK_PROFILE"	"PROPOSED_FOR_HUMAN_REVIEW"
"NUTRITIONAL_YEAST"	"Hefeflocken"	"APPLICABLE"	"Inaktive getrocknete Hefeflocken mit nussig-käsigem Umami; keine aktive Backhefe."	"GENERAL_BROAD"	"Katalogpfad Gewürz oder trockenes Würzmittel. Warengruppe Gewürz, formrelevanter Prüfhinweis aus der vollständigen Definition: »keine aktive Backhefe«. Allgemein planbarer, aber nicht lokal garantierter Weg über eine gezielte Filial- oder Bestellprüfung für Gewürz im allgemeinen deutschen Handel."	"PLANNED"	"Hefeflocken: Breit im Bio-, Drogerie- und allgemeinen deutschen Onlinehandel etabliert, lokal aber nicht universell."	"OPTIONAL"	"AV2E-024"	"GENERAL_BROAD"	"Hefeflocken: Breit im Bio-, Drogerie- und allgemeinen deutschen Onlinehandel etabliert, lokal aber nicht universell."	"PLANNED"	"Hefeflocken: Breit im Bio-, Drogerie- und allgemeinen deutschen Onlinehandel etabliert, lokal aber nicht universell."	"REQUIRED"	"AV2E-024"	"REFERENCE_ANCHOR|REFERENCE_ANCHOR_V2|RESEARCH_REQUIRED|TOBIAS_ROSTOCK_PROFILE"	"RATING_APPROVED_NOTE_PROPOSED_REFERENCE_ANCHOR_V2"
"NUTS"	"Nüsse"	"APPLICABLE"	"Offene Vorgabe für kulinarisch als Nüsse verwendete Kerne; Sorte, Röstung und Zerkleinerung bleiben wählbar."	"GENERAL_LOCAL"	"Katalogpfad eigenständige Katalogwurzel. Warengruppe Nuss, Saat oder Mus, formrelevanter Prüfhinweis aus der vollständigen Definition: »Sorte, Röstung und Zerkleinerung bleiben wählbar«. Regelweg in Bornheim über den Bereich »Nuss-, Saaten- oder Nussmusregal« eines gewöhnlichen Bornheimer Vollsortimenters."	"EASY"	"Nüsse: gewöhnlicher lokaler Bezugsweg über den Bereich »Nuss-, Saaten- oder Nussmusregal«."	"OPTIONAL"	""	"GENERAL_LOCAL"	"Tobias sucht „Nüsse“ in Rostock über das Nuss-, Saaten-, Back- oder Brotaufstrichregal eines gewöhnlichen großen Rostocker Supermarkts gesucht."	"EASY"	"Nüsse: gewöhnlicher lokaler Bezugsweg über den Bereich »Nüsse«."	"OPTIONAL"	""	"TOBIAS_ROSTOCK_PROFILE"	"PROPOSED_FOR_HUMAN_REVIEW"
"OAT_DRINK"	"Haferdrink"	"APPLICABLE"	"Flüssiger Pflanzendrink auf Haferbasis; gesüßte und ungesüßte sowie baristataugliche Varianten sind umfasst."	"GENERAL_LOCAL"	"Katalogpfad pflanzlicher Drink. Warengruppe Pflanzendrink, formrelevanter Prüfhinweis aus der vollständigen Definition: »gesüßte und ungesüßte sowie baristataugliche Varianten sind umfasst«. Regelweg in Bornheim über das örtliche Sortiment »Regal für haltbare oder gekühlte Pflanzendrinks« beim Wocheneinkauf in Bornheim."	"EASY"	"Haferdrink: gewöhnlicher lokaler Bezugsweg über den Bereich »Regal für haltbare oder gekühlte Pflanzendrinks«."	"OPTIONAL"	""	"GENERAL_LOCAL"	"Für „Haferdrink“ führt der Rostocker Marktweg über das Pflanzendrinkregal eines gewöhnlichen großen Rostocker Supermarkts."	"EASY"	"Haferdrink: Rostocker Bezugsweg über das Pflanzendrinkregal eines gewöhnlichen großen Rostocker Supermarkts."	"OPTIONAL"	""	"TOBIAS_ROSTOCK_PROFILE"	"PROPOSED_FOR_HUMAN_REVIEW"
"OATS"	"Hafer"	"APPLICABLE"	"Hafer als ganzes Korn, Grütze oder Flocken; konkrete Verarbeitungsform bleibt wählbar."	"GENERAL_LOCAL"	"Katalogpfad Getreide oder Pseudogetreide → stärkehaltige Zutat oder Sättigungsbeilage. Warengruppe Getreide- oder Stärkeware, formrelevanter Prüfhinweis aus der vollständigen Definition: »konkrete Verarbeitungsform bleibt wählbar«. Regelweg in Bornheim über das örtliche Sortiment »Reis-, Mehl-, Nudel- oder Trockenwarenregal« beim Wocheneinkauf in Bornheim."	"EASY"	"Hafer: gewöhnlicher lokaler Bezugsweg über den Bereich »Reis-, Mehl-, Nudel- oder Trockenwarenregal«."	"OPTIONAL"	""	"GENERAL_LOCAL"	"Für „Hafer“ wird das Angebot über das Getreide-, Mehl-, Reis- oder Teigwarenregal eines gewöhnlichen großen Rostocker Supermarkts kontrolliert."	"EASY"	"Hafer: gewöhnlicher lokaler Bezugsweg über den Bereich »Hafer«."	"OPTIONAL"	""	"TOBIAS_ROSTOCK_PROFILE"	"PROPOSED_FOR_HUMAN_REVIEW"
"OCTOPUS"	"Oktopus"	"APPLICABLE"	"Oktopus mit festen Armen und kollagenreichem Fleisch, das durch geeignete Garung zart wird; nicht Kalmar."	"GENERAL_BROAD"	"Deutsche See – Mini Pulpo Octopus TK belegt: Die Produktseite bietet Mini-Pulpo als rohen, geputzten und einzeln entnehmbaren Oktopus tiefgekühlt an; der Artikel ist aktuell verfügbar. Der Bezug erfolgt über Deutschland und Österreich; tiefgekühlte GO!-Express-Lieferung zum Wunschtermin; maßgeblich ist FROZEN_SHIPPING. Die Ware ist glasiert und vorgesalzen; sie belegt kleine ganze Oktopusse, andere Größen oder vorgekochte Arme nicht."	"PLANNED"	"Oktopus: Die Produktseite bietet Mini-Pulpo als rohen, geputzten und einzeln entnehmbaren Oktopus tiefgekühlt an; der Artikel ist aktuell verfügbar."	"REQUIRED"	"AV2N-N-0018"	"GENERAL_BROAD"	"Deutsche See – Mini Pulpo Octopus TK belegt: Die Produktseite bietet Mini-Pulpo als rohen, geputzten und einzeln entnehmbaren Oktopus tiefgekühlt an; der Artikel ist aktuell verfügbar. Der Bezug erfolgt über Deutschland und Österreich; tiefgekühlte GO!-Express-Lieferung zum Wunschtermin; maßgeblich ist FROZEN_SHIPPING. Die Ware ist glasiert und vorgesalzen; sie belegt kleine ganze Oktopusse, andere Größen oder vorgekochte Arme nicht."	"PLANNED"	"Oktopus: Die Produktseite bietet Mini-Pulpo als rohen, geputzten und einzeln entnehmbaren Oktopus tiefgekühlt an; der Artikel ist aktuell verfügbar."	"REQUIRED"	"AV2N-N-0019"	"BORDERLINE_PLANNED|EVIDENCE_REQUIRED|RESEARCH_REQUIRED|TOBIAS_ROSTOCK_PROFILE"	"PROPOSED_FOR_HUMAN_REVIEW"
"OFFAL"	"Innereien"	"APPLICABLE"	"Offene Vorgabe für essbare Innereien und verwandte Schlachtteile; Tierart und Organ bleiben bewusst wählbar."	"GENERAL_BROAD"	"Katalogpfad Fleisch. Warengruppe Fleisch, formrelevanter Prüfhinweis aus der vollständigen Definition: »Tierart und Organ bleiben bewusst wählbar«. Allgemein planbarer, aber nicht lokal garantierter Weg über eine gezielte Bestellung oder Sortimentsprüfung bei MeinMetzger – Innereien."	"PLANNED"	"Innereien ist über eine gezielte Bestellung oder Sortimentsprüfung bei MeinMetzger – Innereien im allgemeinen deutschen Handel planbar, lokal aber kein verlässlicher Standardartikel."	"REQUIRED"	"AV2N-N-0020"	"GENERAL_BROAD"	"Für „Innereien“ wird das Angebot über Vorbestellung an einer gut sortierten Fleischtheke oder etablierter deutscher Metzgereiversand kontrolliert."	"PLANNED"	"Innereien: Für „Innereien“ wird das Angebot über Vorbestellung an einer gut sortierten Fleischtheke oder etablierter deutscher Metzgereiversand kontrolliert."	"OPTIONAL"	""	"BORDERLINE_PLANNED|EVIDENCE_REQUIRED|RATING_RECONCILED_V2|TOBIAS_ROSTOCK_PROFILE"	"PROPOSED_FOR_HUMAN_REVIEW"
"OILS"	"Speiseöl"	"APPLICABLE"	"Offene Vorgabe für flüssige Speiseöle; Rohstoff, Raffination, Eigengeschmack und Hitzetoleranz bleiben offen."	"GENERAL_LOCAL"	"Katalogpfad Kochfett. Warengruppe Speiseöl oder Kochfett, formrelevanter Prüfhinweis aus der vollständigen Definition: »Rohstoff, Raffination, Eigengeschmack und Hitzetoleranz bleiben offen«. Regelweg in Bornheim über den regulären Bornheimer Regalweg »Öl- und Kochfettregal«."	"EASY"	"Speiseöl: gewöhnlicher lokaler Bezugsweg über den Bereich »Öl- und Kochfettregal«."	"OPTIONAL"	""	"GENERAL_LOCAL"	"Die Beschaffung von „Speiseöl“ erfolgt in Rostock über das Öl- oder Kochfettregal eines gewöhnlichen großen Rostocker Supermarkts."	"EASY"	"Speiseöl: gewöhnlicher lokaler Bezugsweg über den Bereich »Speiseöl«."	"OPTIONAL"	""	"TOBIAS_ROSTOCK_PROFILE"	"PROPOSED_FOR_HUMAN_REVIEW"
"OILY_FISH"	"fettreicher Fisch"	"APPLICABLE"	"Offene Vorgabe für fettreiche Fischarten mit kräftigerem Geschmack und saftigem Fleisch."	"GENERAL_LOCAL"	"Katalogpfad Fisch → Fisch und Meeresfrüchte. Warengruppe Fisch oder Meeresfrucht, formrelevanter Prüfhinweis aus der vollständigen Definition: »fettreiche Fischarten mit kräftigerem Geschmack und saftigem Fleisch«. Regelweg in Bornheim über die regulären lokalen Sortimente REWE – Lachsfilet aus der Servicetheke sowie EDEKA – Bio norwegische Lachsfilets."	"EASY"	"fettreicher Fisch: gewöhnlicher lokaler Bezugsweg über die regulären lokalen Sortimente REWE – Lachsfilet aus der Servicetheke sowie EDEKA – Bio norwegische Lachsfilets."	"REQUIRED"	"AV2N-N-0021|AV2N-QA-0001|AV2N-QA-0002"	"GENERAL_LOCAL"	"Die Beschaffung von „fettreicher Fisch“ erfolgt in Rostock über die Fischkühlung, Tiefkühltruhe oder Fischtheke eines gewöhnlichen großen Rostocker Supermarkts."	"EASY"	"fettreicher Fisch: gewöhnlicher lokaler Bezugsweg über den Bereich »fettreicher Fisch«."	"OPTIONAL"	""	"BORDERLINE_PLANNED|EVIDENCE_REQUIRED|RATING_RECONCILED_V2|TOBIAS_ROSTOCK_PROFILE"	"PROPOSED_FOR_HUMAN_REVIEW"
"OKRA"	"Okra"	"APPLICABLE"	"Junge Okraschoten mit grasig-mildem Geschmack; ihre Samen und Schleimstoffe entwickeln beim Garen eine charakteristische Bindung."	"SPECIALTY_BROAD"	"Katalogpfad Fruchtgemüse → Hülsen- und Schotengemüse → Gemüse. Warengruppe Gemüse oder Pilz, formrelevanter Prüfhinweis aus der vollständigen Definition: »ihre Samen und Schleimstoffe entwickeln beim Garen eine charakteristische Bindung«. Breiter einschlägiger Spezialmarkt über die voneinander unabhängigen Händler FrischeParadies – fruit and vegetable direct shop sowie Spice Mart – fresh produce with fresh okra."	"SPECIALTY"	"Okra ist im einschlägigen Spezialmarkt breit etabliert; dokumentierte reguläre Wege sind die voneinander unabhängigen Händler FrischeParadies – fruit and vegetable direct shop sowie Spice Mart – fresh produce with fresh okra."	"REQUIRED"	"AV2N-N-0022|AV2N-N-0023"	"SPECIALTY_BROAD"	"Tobias prüft „Okra“ in Rostock über FrischeParadies – fruit and vegetable direct shop und Spice Mart – fresh produce with fresh okra, wobei die Evidenz eine vor dem Einkauf erneut zu prüfende Verfügbarkeit und Frischeversand ausweist."	"SPECIALTY"	"Okra: Rostocker Bezugsweg über FrischeParadies – fruit and vegetable direct shop und Spice Mart – fresh produce with fresh okra; dokumentiert sind eine vor dem Einkauf erneut zu prüfende Verfügbarkeit und Frischeversand."	"REQUIRED"	"AV2N-N-0024|AV2N-N-0025"	"RATING_RECONCILED_V2|RESEARCH_REQUIRED|SPECIALTY_MARKET_BREADTH|TOBIAS_ROSTOCK_PROFILE"	"PROPOSED_FOR_HUMAN_REVIEW"
"OLIVE_OIL"	"Olivenöl"	"APPLICABLE"	"Speiseöl aus Oliven; natives aromatisches und raffiniertes milderes Öl sind je nach Anwendung möglich."	"GENERAL_LOCAL"	"Katalogpfad Speiseöl → Kochfett. Warengruppe Speiseöl oder Kochfett, formrelevanter Prüfhinweis aus der vollständigen Definition: »natives aromatisches und raffiniertes milderes Öl sind je nach Anwendung möglich«. Regelweg in Bornheim über das örtliche Sortiment »Öl- und Kochfettregal« beim Wocheneinkauf in Bornheim."	"EASY"	"Olivenöl: gewöhnlicher lokaler Bezugsweg über den Bereich »Öl- und Kochfettregal«."	"OPTIONAL"	""	"GENERAL_LOCAL"	"Beim Einkauf von „Olivenöl“ nutzt Tobias das Öl- oder Kochfettregal eines gewöhnlichen großen Rostocker Supermarkts."	"EASY"	"Olivenöl: gewöhnlicher lokaler Bezugsweg über den Bereich »Olivenöl«."	"OPTIONAL"	""	"TOBIAS_ROSTOCK_PROFILE"	"PROPOSED_FOR_HUMAN_REVIEW"
"OLIVES"	"Oliven"	"APPLICABLE"	"Essfertig entbitterte Oliven in Lake oder Öl; Farbe, Sorte, Entsteinung und Würzung bleiben offen."	"GENERAL_LOCAL"	"Katalogpfad konservierte pflanzliche Zutat. Warengruppe konservierte Pflanzenware, formrelevanter Prüfhinweis aus der vollständigen Definition: »Farbe, Sorte, Entsteinung und Würzung bleiben offen«. Regelweg in Bornheim über nahe Supermarktfilialen in Bornheim mit dem Bereich »Konserven-, Glas- oder internationales Feinkostregal«."	"EASY"	"Oliven: gewöhnlicher lokaler Bezugsweg über den Bereich »Konserven-, Glas- oder internationales Feinkostregal«."	"OPTIONAL"	""	"GENERAL_LOCAL"	"Beim Einkauf von „Oliven“ nutzt Tobias das Konserven-, Sauergemüse- oder Feinkostregal eines gewöhnlichen großen Rostocker Supermarkts."	"EASY"	"Oliven: gewöhnlicher lokaler Bezugsweg über den Bereich »Oliven«."	"OPTIONAL"	""	"TOBIAS_ROSTOCK_PROFILE"	"PROPOSED_FOR_HUMAN_REVIEW"
"OLOMOUC_TVARUZKY"	"Olmützer Quargel"	"APPLICABLE"	"Olomoucké tvarůžky: tschechischer g.g.A.-Schmierkäse aus Sauermilchquark mit höchstens 1 % Fett, kräftigem bis sehr scharfem Aroma und ausgeprägter Reifungsnote. Nicht mit beliebigem Harzer Käse oder Quark gleichsetzen."	"NICHE_IMPORT"	"Katalogpfad Käse → gesäuertes Milchprodukt → Milchprodukte. Warengruppe Käse, formrelevanter Prüfhinweis aus der vollständigen Definition: »Nicht mit beliebigem Harzer Käse oder Quark gleichsetzen«. Nur der schmale Händlerweg über A.W. Loštice – Olomoucké tvarůžky manufacturer ist positiv belegt; Kühlversand begrenzt Form, Bestand oder Logistik."	"DIFFICULT"	"Olmützer Quargel: Nur der schmale Händlerweg über A.W. Loštice – Olomoucké tvarůžky manufacturer ist positiv belegt; Kühlversand begrenzt Form, Bestand oder Logistik."	"REQUIRED"	"AV2N-N-0026"	"NICHE_IMPORT"	"Tobias prüft „Olmützer Quargel“ in Rostock über A.W. Loštice – Olomoucké tvarůžky manufacturer, wobei die Evidenz ein dokumentiertes laufendes Angebot und Kühlversand ausweist."	"DIFFICULT"	"Olmützer Quargel: Rostocker Bezugsweg über A.W. Loštice – Olomoucké tvarůžky manufacturer; dokumentiert sind ein dokumentiertes laufendes Angebot und Kühlversand."	"REQUIRED"	"AV2N-N-0027"	"EVIDENCE_REQUIRED|FORM_OR_LOGISTICS_RISK|FORM_OR_ROUTE_FRAGILE|RESEARCH_REQUIRED|TOBIAS_ROSTOCK_PROFILE"	"PROPOSED_FOR_HUMAN_REVIEW"
"ONION"	"Zwiebel"	"APPLICABLE"	"Küchenzwiebel mit schwefelig-scharfem, beim Garen süßlichem Aroma; gelbe beziehungsweise braune Standardsorte gemeint."	"GENERAL_LOCAL"	"Katalogpfad Lauch- und Zwiebelgemüse → Gemüse. Warengruppe Gemüse oder Pilz, formrelevanter Prüfhinweis aus der vollständigen Definition: »gelbe beziehungsweise braune Standardsorte gemeint«. Regelweg in Bornheim über die gewöhnliche Bornheimer Auslage »Obst- und Gemüseabteilung«."	"EASY"	"Zwiebel: Gewöhnlicher lokaler Supermarkt- und Discounterstandard mit sehr hoher Trefferwahrscheinlichkeit."	"OPTIONAL"	"AV2E-001"	"GENERAL_LOCAL"	"Zwiebel: Gewöhnlicher lokaler Supermarkt- und Discounterstandard mit sehr hoher Trefferwahrscheinlichkeit."	"EASY"	"Zwiebel: Gewöhnlicher lokaler Supermarkt- und Discounterstandard mit sehr hoher Trefferwahrscheinlichkeit."	"OPTIONAL"	"AV2E-001"	"REFERENCE_ANCHOR|REFERENCE_ANCHOR_V2|TOBIAS_ROSTOCK_PROFILE"	"RATING_APPROVED_NOTE_PROPOSED_REFERENCE_ANCHOR_V2"
"ONION_POWDER"	"Zwiebelpulver"	"APPLICABLE"	"Getrocknete gemahlene oder granulierte Zwiebel mit konzentriertem Aroma; nicht frische Zwiebel oder Zwiebelsalz."	"GENERAL_LOCAL"	"Katalogpfad Gewürz oder trockenes Würzmittel. Warengruppe Gewürz, formrelevanter Prüfhinweis aus der vollständigen Definition: »nicht frische Zwiebel oder Zwiebelsalz«. Regelweg in Bornheim über nahe Supermarktfilialen in Bornheim mit dem Bereich »Gewürz- und Trockenwürzregal«."	"EASY"	"Zwiebelpulver: gewöhnlicher lokaler Bezugsweg über den Bereich »Gewürz- und Trockenwürzregal«."	"OPTIONAL"	""	"GENERAL_LOCAL"	"Die Beschaffung von „Zwiebelpulver“ erfolgt in Rostock über das Gewürz- oder Backregal eines gewöhnlichen großen Rostocker Supermarkts."	"EASY"	"Zwiebelpulver: gewöhnlicher lokaler Bezugsweg über den Bereich »Zwiebelpulver«."	"OPTIONAL"	""	"FORM_SENSITIVE|TOBIAS_ROSTOCK_PROFILE"	"PROPOSED_FOR_HUMAN_REVIEW"
"OOLONG_TEA"	"Oolongtee"	"APPLICABLE"	"Teiloxidierter Tee zwischen grünem und schwarzem Tee; Stil reicht von floral-leicht bis dunkel geröstet."	"GENERAL_BROAD"	"Katalogpfad Tee. Warengruppe Tee, formrelevanter Prüfhinweis aus der vollständigen Definition: »Stil reicht von floral-leicht bis dunkel geröstet«. Allgemein planbarer, aber nicht lokal garantierter Weg über eine gezielte Filial- oder Bestellprüfung für Tee im allgemeinen deutschen Handel."	"PLANNED"	"Oolongtee ist über eine gezielte Filial- oder Bestellprüfung für Tee im allgemeinen deutschen Handel planbar, lokal aber kein verlässlicher Standardartikel."	"OPTIONAL"	""	"GENERAL_BROAD"	"Für „Oolongtee“ führt der Rostocker Marktweg über gut sortierte Vollsortimenter und etablierte deutsche Kaffee- oder Teehändler."	"PLANNED"	"Oolongtee: Rostocker Bezugsweg über gut sortierte Vollsortimenter und etablierte deutsche Kaffee- oder Teehändler."	"OPTIONAL"	""	"TOBIAS_ROSTOCK_PROFILE"	"PROPOSED_FOR_HUMAN_REVIEW"
"ORANGE"	"Orange"	"APPLICABLE"	"Süße Orange mit saftigem Fruchtfleisch und aromatischer Schale; Blutorange bleibt als eigene Ausprägung getrennt."	"GENERAL_LOCAL"	"Katalogpfad Zitrusfrucht → Obst. Warengruppe Obst, formrelevanter Prüfhinweis aus der vollständigen Definition: »Blutorange bleibt als eigene Ausprägung getrennt«. Regelweg in Bornheim über nahe Supermarktfilialen in Bornheim mit dem Bereich »Obst- und Gemüseabteilung«."	"EASY"	"Orange: gewöhnlicher lokaler Bezugsweg über den Bereich »Obst- und Gemüseabteilung«."	"OPTIONAL"	""	"GENERAL_LOCAL"	"Tobias prüft „Orange“ in Rostock über die Obstabteilung eines gewöhnlichen großen Rostocker Supermarkts."	"EASY"	"Orange: Rostocker Bezugsweg über die Obstabteilung eines gewöhnlichen großen Rostocker Supermarkts."	"OPTIONAL"	""	"TOBIAS_ROSTOCK_PROFILE"	"PROPOSED_FOR_HUMAN_REVIEW"
"OREGANO"	"Oregano"	"APPLICABLE"	"Oregano mit kräftig-herbem, warmem Kräuteraroma; frisch oder getrocknet verwendbar."	"GENERAL_LOCAL"	"Katalogpfad Kräuter und Würzblätter. Warengruppe frisches Würzkraut, formrelevanter Prüfhinweis aus der vollständigen Definition: »frisch oder getrocknet verwendbar«. Regelweg in Bornheim über den Bereich »frische Kräuterabteilung« eines gewöhnlichen Bornheimer Vollsortimenters."	"EASY"	"Oregano: gewöhnlicher lokaler Bezugsweg über den Bereich »frische Kräuterabteilung«."	"OPTIONAL"	""	"GENERAL_LOCAL"	"Tobias sucht „Oregano“ in Rostock über die Kräuterkühlung der Obst- und Gemüseabteilung eines gewöhnlichen großen Rostocker Supermarkts gesucht."	"EASY"	"Oregano: gewöhnlicher lokaler Bezugsweg über den Bereich »Oregano«."	"OPTIONAL"	""	"FORM_SENSITIVE|TOBIAS_ROSTOCK_PROFILE"	"PROPOSED_FOR_HUMAN_REVIEW"
"ORZO"	"Kritharaki oder Orzo"	"APPLICABLE"	"Kleine reisförmige Weizenpasta, auch Kritharaki genannt; trotz der Form kein Reis."	"GENERAL_BROAD"	"Katalogpfad Weizenpasta → Nudeln → stärkehaltige Zutat oder Sättigungsbeilage. Warengruppe Getreide- oder Stärkeware, formrelevanter Prüfhinweis aus der vollständigen Definition: »trotz der Form kein Reis«. Allgemein planbarer, aber nicht lokal garantierter Weg über eine reguläre Onlinebestellung im allgemeinen Handel mit formgenauer Artikelsuche."	"PLANNED"	"Kritharaki oder Orzo ist über eine reguläre Onlinebestellung im allgemeinen Handel mit formgenauer Artikelsuche im allgemeinen deutschen Handel planbar, lokal aber kein verlässlicher Standardartikel."	"OPTIONAL"	""	"GENERAL_BROAD"	"Für „Kritharaki oder Orzo“ führt der Rostocker Marktweg über gut sortierte Vollsortimenter und etablierte deutsche Bio- oder Trockenwarenhändler."	"PLANNED"	"Kritharaki oder Orzo: Rostocker Bezugsweg über gut sortierte Vollsortimenter und etablierte deutsche Bio- oder Trockenwarenhändler."	"OPTIONAL"	""	"TOBIAS_ROSTOCK_PROFILE"	"PROPOSED_FOR_HUMAN_REVIEW"
"OXTAIL"	"Ochsenschwanz"	"APPLICABLE"	"Quergeschnittener Rinderschwanz mit Knochen, Fett und viel Kollagen; für langsames Schmoren oder Brühen geeignet."	"GENERAL_BROAD"	"Katalogpfad Rindfleisch → Fleisch. Warengruppe Fleisch, formrelevanter Prüfhinweis aus der vollständigen Definition: »für langsames Schmoren oder Brühen geeignet«. Der formtreue Bezug beginnt in Bornheim bei „Fleischkühlung oder Bedientheke per bestandsgeprüfter Abholung“."	"PLANNED"	"Ochsenschwanz: Der formtreue Bezug beginnt in Bornheim bei „Fleischkühlung oder Bedientheke per bestandsgeprüfter Abholung“."	"OPTIONAL"	""	"GENERAL_BROAD"	"Tobias prüft „Ochsenschwanz“ in Rostock über MeinMetzger – Ochsenschwanz vom Simmentaler Rind, wobei die Evidenz beim Abruf verfügbaren Bestand und Kühlversand ausweist."	"PLANNED"	"Ochsenschwanz: Rostocker Bezugsweg über MeinMetzger – Ochsenschwanz vom Simmentaler Rind; dokumentiert sind beim Abruf verfügbaren Bestand und Kühlversand."	"REQUIRED"	"AV2N-N-0028"	"RESEARCH_REQUIRED|TOBIAS_ROSTOCK_PROFILE"	"PROPOSED_FOR_HUMAN_REVIEW"
"OYSTER"	"Austern"	"APPLICABLE"	"Auster als essbare Muschel mit jodig-salzigem Geschmack; lebend in der Schale oder ausgelöst verwendbar."	"GENERAL_BROAD"	"Deutsche See – Fines de Claire Austern belegt: Deutsche See kennzeichnet zwölf Fines-de-Claire-Austern aus Frankreich als frisch, lebend und aktuell verfügbar; die Schalenware wird gekühlt zugestellt. Der Bezug erfolgt über Deutschland und Österreich; gekühlte GO!-Express-Lieferung zum Wunschtermin; maßgeblich ist CHILLED_SHIPPING. Lebende Austern sind kurz haltbar und der Bestand kann sich rasch ändern; ausgelöste Austern belegt diese Route nicht."	"PLANNED"	"Austern: Deutsche See kennzeichnet zwölf Fines-de-Claire-Austern aus Frankreich als frisch, lebend und aktuell verfügbar; die Schalenware wird gekühlt zugestellt."	"REQUIRED"	"AV2N-N-0029"	"GENERAL_BROAD"	"Deutsche See – Fines de Claire Austern belegt: Deutsche See kennzeichnet zwölf Fines-de-Claire-Austern aus Frankreich als frisch, lebend und aktuell verfügbar; die Schalenware wird gekühlt zugestellt. Der Bezug erfolgt über Deutschland und Österreich; gekühlte GO!-Express-Lieferung zum Wunschtermin; maßgeblich ist CHILLED_SHIPPING. Lebende Austern sind kurz haltbar und der Bestand kann sich rasch ändern; ausgelöste Austern belegt diese Route nicht."	"PLANNED"	"Austern: Deutsche See kennzeichnet zwölf Fines-de-Claire-Austern aus Frankreich als frisch, lebend und aktuell verfügbar; die Schalenware wird gekühlt zugestellt."	"REQUIRED"	"AV2N-N-0030"	"BORDERLINE_PLANNED|EVIDENCE_REQUIRED|RESEARCH_REQUIRED|TOBIAS_ROSTOCK_PROFILE"	"PROPOSED_FOR_HUMAN_REVIEW"
"OYSTER_MUSHROOM"	"Austernpilze"	"APPLICABLE"	"Austernseitling mit breitem Hut, zart-faseriger Textur und mildem Umami; nicht Kräuterseitling."	"GENERAL_LOCAL"	"Katalogpfad Pilze → Gemüse. Warengruppe Gemüse oder Pilz, formrelevanter Prüfhinweis aus der vollständigen Definition: »nicht Kräuterseitling«. Regelweg in Bornheim über ortsübliche Vollsortimenter rund um Bornheim, konkret im Bereich »Obst- und Gemüseabteilung«."	"EASY"	"Austernpilze: gewöhnlicher lokaler Bezugsweg über den Bereich »Obst- und Gemüseabteilung«."	"OPTIONAL"	""	"GENERAL_LOCAL"	"Für „Austernpilze“ wird das Angebot über den Pilzbereich der Obst- und Gemüseabteilung eines gewöhnlichen großen Rostocker Supermarkts kontrolliert."	"EASY"	"Austernpilze: gewöhnlicher lokaler Bezugsweg über den Bereich »Austernpilze«."	"OPTIONAL"	""	"RATING_RECONCILED_V2|TOBIAS_ROSTOCK_PROFILE"	"PROPOSED_FOR_HUMAN_REVIEW"
"OYSTER_SAUCE"	"Austernsauce"	"APPLICABLE"	"Dicke salzig-süßliche Würzsauce mit Austernextrakt und Umami; vegetarische Pilzvarianten sind nicht gemeint."	"GENERAL_BROAD"	"Katalogpfad fertige Sauce oder Würzpaste → Sauce, Würzmittel oder Paste. Warengruppe Sauce oder Würzpaste, formrelevanter Prüfhinweis aus der vollständigen Definition: »vegetarische Pilzvarianten sind nicht gemeint«. Allgemein planbarer, aber nicht lokal garantierter Weg über eine gezielte Filial- oder Bestellprüfung für Sauce oder Würzpaste im allgemeinen deutschen Handel."	"PLANNED"	"Austernsauce ist über eine gezielte Filial- oder Bestellprüfung für Sauce oder Würzpaste im allgemeinen deutschen Handel planbar, lokal aber kein verlässlicher Standardartikel."	"OPTIONAL"	""	"GENERAL_BROAD"	"Tobias sucht „Austernsauce“ in Rostock über gut sortierte Vollsortimenter und etablierte deutsche Feinkost- oder Würzsaucenhändler gesucht."	"PLANNED"	"Austernsauce: Tobias sucht „Austernsauce“ in Rostock über gut sortierte Vollsortimenter und etablierte deutsche Feinkost- oder Würzsaucenhändler gesucht."	"OPTIONAL"	""	"TOBIAS_ROSTOCK_PROFILE"	"PROPOSED_FOR_HUMAN_REVIEW"
"PADRON_PEPPER"	"Padrón-Paprika"	"APPLICABLE"	"Kleine grüne Paprika der Padrón-/Pemento-de-Herbón-Tradition; überwiegend mild, einzelne Früchte deutlich scharf. Gemeint ist die frische ganze Paprika, nicht ein fertiges Tapasgericht."	"GENERAL_BROAD"	"Padrón-Paprika: FrischeParadies führt frische ganze Pimientos de Padrón im 200-g-Beutel mit bundesweiter Frischezustellung oder Marktabholung. Profilbezug Georgia: Bornheim beziehungsweise der planbare allgemeine deutsche Bezug; Köln oder Düsseldorf werden nicht als lokaler EASY-Weg gewertet."	"PLANNED"	"Padrón-Paprika: FrischeParadies führt frische ganze Pimientos de Padrón im 200-g-Beutel mit bundesweiter Frischezustellung oder Marktabholung."	"REQUIRED"	"AV2N-N-0031"	"GENERAL_BROAD"	"Padrón-Paprika: FrischeParadies führt frische ganze Pimientos de Padrón im 200-g-Beutel mit bundesweiter Frischezustellung oder Marktabholung. der Artikel kann je nach Rostocker Markt fehlen."	"PLANNED"	"Padrón-Paprika: FrischeParadies führt frische ganze Pimientos de Padrón im 200-g-Beutel mit bundesweiter Frischezustellung oder Marktabholung. der Artikel kann je nach Rostocker Markt fehlen."	"REQUIRED"	"AV2N-N-0032"	"BORDERLINE_PLANNED|EVIDENCE_REQUIRED|FORM_SENSITIVE|RESEARCH_REQUIRED|TOBIAS_ROSTOCK_PROFILE"	"PROPOSED_FOR_HUMAN_REVIEW"
"PAK_CHOI"	"Pak Choi"	"APPLICABLE"	"Asiatisches Kohlgemüse mit saftigen hellen Stielen und dunklen Blättern; beide Teile sind essbar."	"GENERAL_BROAD"	"Katalogpfad Kohlgemüse → Blattgemüse → Gemüse. Warengruppe Gemüse oder Pilz, formrelevanter Prüfhinweis aus der vollständigen Definition: »beide Teile sind essbar«. Allgemein planbarer, aber nicht lokal garantierter Weg über eine reguläre Onlinebestellung im allgemeinen Handel mit formgenauer Artikelsuche."	"PLANNED"	"Pak Choi ist über eine reguläre Onlinebestellung im allgemeinen Handel mit formgenauer Artikelsuche im allgemeinen deutschen Handel planbar, lokal aber kein verlässlicher Standardartikel."	"OPTIONAL"	""	"GENERAL_BROAD"	"Für „Pak Choi“ führt der Rostocker Marktweg über gut sortierte Vollsortimenter und etablierte deutsche Gemüse- oder Frischehändler."	"PLANNED"	"Pak Choi: Rostocker Bezugsweg über gut sortierte Vollsortimenter und etablierte deutsche Gemüse- oder Frischehändler."	"OPTIONAL"	""	"TOBIAS_ROSTOCK_PROFILE"	"PROPOSED_FOR_HUMAN_REVIEW"
"PALM_SUGAR"	"Palmzucker"	"APPLICABLE"	"Aus Palmensaft eingekochter Zucker mit karamelligem Aroma; Block-, Pasten- und Granulatformen sind umfasst."	"SPECIALTY_BROAD"	"Katalogpfad Süßungsmittel. Warengruppe Süßungs- oder Kakaoware, formrelevanter Prüfhinweis aus der vollständigen Definition: »Block-, Pasten- und Granulatformen sind umfasst«. Breiter einschlägiger Spezialmarkt über die voneinander unabhängigen Händler Asiafoodland – palm sugar slices 200 g sowie Asiashoponline – Nesia palm sugar 250 g."	"SPECIALTY"	"Palmzucker ist im einschlägigen Spezialmarkt breit etabliert; dokumentierte reguläre Wege sind die voneinander unabhängigen Händler Asiafoodland – palm sugar slices 200 g sowie Asiashoponline – Nesia palm sugar 250 g."	"REQUIRED"	"AV2N-N-0033|AV2N-N-0034"	"SPECIALTY_BROAD"	"Tobias prüft „Palmzucker“ in Rostock über Asiafoodland – palm sugar slices 200 g und Asiashoponline – Nesia palm sugar 250 g, wobei die Evidenz eine vor dem Einkauf erneut zu prüfende Verfügbarkeit und Standardversand ausweist."	"SPECIALTY"	"Palmzucker: Rostocker Bezugsweg über Asiafoodland – palm sugar slices 200 g und Asiashoponline – Nesia palm sugar 250 g; dokumentiert sind eine vor dem Einkauf erneut zu prüfende Verfügbarkeit und Standardversand."	"REQUIRED"	"AV2N-N-0035|AV2N-N-0036"	"EVIDENCE_REQUIRED|RESEARCH_REQUIRED|SPECIALTY_MARKET_BREADTH|TOBIAS_ROSTOCK_PROFILE"	"PROPOSED_FOR_HUMAN_REVIEW"
"PANCETTA"	"Pancetta"	"APPLICABLE"	"Italienischer gepökelter, meist ungeräucherter Schweinebauch; gerollt oder flach und roh zu garen beziehungsweise gereift."	"GENERAL_BROAD"	"Katalogpfad gepökeltes oder luftgetrocknetes Fleisch → Schweinebauch → Fleisch → Schweinefleisch. Warengruppe Wurst oder Pökelfleisch, formrelevanter Prüfhinweis aus der vollständigen Definition: »gerollt oder flach und roh zu garen beziehungsweise gereift«. Allgemein planbarer, aber nicht lokal garantierter Weg über eine gezielte Bestellung oder Sortimentsprüfung bei MeinMetzger – original Pancetta."	"PLANNED"	"Pancetta ist über eine gezielte Bestellung oder Sortimentsprüfung bei MeinMetzger – original Pancetta im allgemeinen deutschen Handel planbar, lokal aber kein verlässlicher Standardartikel."	"REQUIRED"	"AV2N-N-0037"	"GENERAL_BROAD"	"Der konkrete Bezug von „Pancetta“ läuft über Vorbestellung an einer gut sortierten Fleischtheke oder etablierter deutscher Metzgereiversand."	"PLANNED"	"Pancetta: Der konkrete Bezug von „Pancetta“ läuft über Vorbestellung an einer gut sortierten Fleischtheke oder etablierter deutscher Metzgereiversand."	"OPTIONAL"	""	"BORDERLINE_PLANNED|EVIDENCE_REQUIRED|RATING_RECONCILED_V2|TOBIAS_ROSTOCK_PROFILE"	"PROPOSED_FOR_HUMAN_REVIEW"
"PANDAN_LEAVES"	"Pandanblätter"	"APPLICABLE"	"Lange aromatische Pandanblätter mit süßlich-grünem, vanilleähnlichem Duft; meist zum Mitgaren oder Extrahieren."	"SPECIALTY_BROAD"	"Katalogpfad Kräuter und Würzblätter. Warengruppe frisches Würzkraut, formrelevanter Prüfhinweis aus der vollständigen Definition: »meist zum Mitgaren oder Extrahieren«. Breiter einschlägiger Spezialmarkt über den freigegebenen v2-Anker mit dem Kerngrund »Frisch oder TK bei vielen südostasiatisch orientierten Spezialhändlern üblich Produktform und Kühlung bleiben zu beachten«."	"SPECIALTY"	"Pandanblätter: Frisch oder TK bei vielen südostasiatisch orientierten Spezialhändlern üblich; Produktform und Kühlung bleiben zu beachten."	"REQUIRED"	"AV2E-054"	"SPECIALTY_BROAD"	"Pandanblätter: Frisch oder TK bei vielen südostasiatisch orientierten Spezialhändlern üblich; Produktform und Kühlung bleiben zu beachten."	"SPECIALTY"	"Pandanblätter: Frisch oder TK bei vielen südostasiatisch orientierten Spezialhändlern üblich; Produktform und Kühlung bleiben zu beachten."	"REQUIRED"	"AV2E-054"	"EVIDENCE_REQUIRED|REFERENCE_ANCHOR|REFERENCE_ANCHOR_V2|RESEARCH_REQUIRED|SPECIALTY_MARKET_BREADTH|TOBIAS_ROSTOCK_PROFILE"	"RATING_APPROVED_NOTE_PROPOSED_REFERENCE_ANCHOR_V2"
"PANEER"	"Paneer"	"APPLICABLE"	"Ungereifter indischer Frischkäse mit fester, nicht schmelzender Textur; typischerweise aus Kuh- oder Büffelmilch."	"SPECIALTY_BROAD"	"Katalogpfad Käse → gesäuertes Milchprodukt → Milchprodukte. Warengruppe Käse, formrelevanter Prüfhinweis aus der vollständigen Definition: »typischerweise aus Kuh- oder Büffelmilch«. Breiter einschlägiger Spezialmarkt über die voneinander unabhängigen Händler FrischeParadies – cheese direct shop sowie Spice Mart – fresh Paneer range."	"SPECIALTY"	"Paneer ist im einschlägigen Spezialmarkt breit etabliert; dokumentierte reguläre Wege sind die voneinander unabhängigen Händler FrischeParadies – cheese direct shop sowie Spice Mart – fresh Paneer range."	"REQUIRED"	"AV2N-N-0038|AV2N-N-0039"	"SPECIALTY_BROAD"	"Tobias prüft „Paneer“ in Rostock über FrischeParadies – cheese direct shop und Spice Mart – fresh Paneer range, wobei die Evidenz eine vor dem Einkauf erneut zu prüfende Verfügbarkeit und Kühlversand ausweist."	"SPECIALTY"	"Paneer: Rostocker Bezugsweg über FrischeParadies – cheese direct shop und Spice Mart – fresh Paneer range; dokumentiert sind eine vor dem Einkauf erneut zu prüfende Verfügbarkeit und Kühlversand."	"REQUIRED"	"AV2N-N-0040|AV2N-N-0041"	"FORM_SENSITIVE|RATING_RECONCILED_V2|RESEARCH_REQUIRED|SPECIALTY_MARKET_BREADTH|TOBIAS_ROSTOCK_PROFILE"	"PROPOSED_FOR_HUMAN_REVIEW"
"PANGASIUS"	"Pangasius"	"APPLICABLE"	"Milder weißfleischiger Süßwasserfisch, meist als grätenarmes Filet erhältlich."	"GENERAL_LOCAL"	"Katalogpfad weißfleischiger Fisch → Fisch → Fisch und Meeresfrüchte. Warengruppe Fisch oder Meeresfrucht, formrelevanter Prüfhinweis aus der vollständigen Definition: »weißfleischiger Süßwasserfisch, meist als grätenarmes Filet erhältlich«. Regelweg in Bornheim über den Bereich »Fischkühlung, Fischtheke oder Tiefkühlabteilung« eines gewöhnlichen Bornheimer Vollsortimenters."	"EASY"	"Pangasius: gewöhnlicher lokaler Bezugsweg über den Bereich »Fischkühlung, Fischtheke oder Tiefkühlabteilung«."	"OPTIONAL"	""	"GENERAL_LOCAL"	"Beim Einkauf von „Pangasius“ nutzt Tobias die Fischkühlung, Tiefkühltruhe oder Fischtheke eines gewöhnlichen großen Rostocker Supermarkts."	"EASY"	"Pangasius: gewöhnlicher lokaler Bezugsweg über den Bereich »Pangasius«."	"OPTIONAL"	""	"RATING_RECONCILED_V2|TOBIAS_ROSTOCK_PROFILE"	"PROPOSED_FOR_HUMAN_REVIEW"
"PANKO"	"Panko"	"APPLICABLE"	"Grobe luftige japanische Weißbrotbrösel für besonders knusprige Panaden; nicht feine Semmelbrösel."	"GENERAL_BROAD"	"Katalogpfad Semmelbrösel → stärkehaltige Zutat oder Sättigungsbeilage. Warengruppe Getreide- oder Stärkeware, formrelevanter Prüfhinweis aus der vollständigen Definition: »nicht feine Semmelbrösel«. Allgemein planbarer, aber nicht lokal garantierter Weg über eine geplante Fahrt zu einem großen Markt mit dem Sortiment »Reis-, Mehl-, Nudel- oder Trockenwarenregal«."	"PLANNED"	"Panko ist über eine geplante Fahrt zu einem großen Markt mit dem Sortiment »Reis-, Mehl-, Nudel- oder Trockenwarenregal« im allgemeinen deutschen Handel planbar, lokal aber kein verlässlicher Standardartikel."	"OPTIONAL"	""	"GENERAL_BROAD"	"Die Beschaffung von „Panko“ erfolgt in Rostock über gut sortierte Vollsortimenter und etablierte deutsche Bio- oder Trockenwarenhändler."	"PLANNED"	"Panko: Die Beschaffung von „Panko“ erfolgt in Rostock über gut sortierte Vollsortimenter und etablierte deutsche Bio- oder Trockenwarenhändler."	"OPTIONAL"	""	"TOBIAS_ROSTOCK_PROFILE"	"PROPOSED_FOR_HUMAN_REVIEW"
"PAPAYA"	"Papaya"	"APPLICABLE"	"Reife Papaya mit weichem, süß-mildem Fruchtfleisch; grüne unreife Papaya bleibt getrennt."	"GENERAL_BROAD"	"Katalogpfad Tropenfrucht → Obst. Warengruppe Obst, formrelevanter Prüfhinweis aus der vollständigen Definition: »grüne unreife Papaya bleibt getrennt«. Allgemein planbarer, aber nicht lokal garantierter Weg über eine geplante Fahrt zu einem großen Markt mit dem Sortiment »Obst- und Gemüseabteilung«."	"PLANNED"	"Papaya ist über eine geplante Fahrt zu einem großen Markt mit dem Sortiment »Obst- und Gemüseabteilung« im allgemeinen deutschen Handel planbar, lokal aber kein verlässlicher Standardartikel."	"OPTIONAL"	""	"GENERAL_BROAD"	"Die Beschaffung von „Papaya“ erfolgt in Rostock über gut sortierte Vollsortimenter und etablierte deutsche Frucht- oder Frischehändler."	"PLANNED"	"Papaya: Die Beschaffung von „Papaya“ erfolgt in Rostock über gut sortierte Vollsortimenter und etablierte deutsche Frucht- oder Frischehändler."	"OPTIONAL"	""	"TOBIAS_ROSTOCK_PROFILE"	"PROPOSED_FOR_HUMAN_REVIEW"
"PAPRIKA_POWDER"	"Paprikapulver"	"APPLICABLE"	"Paprikapulver als Gewürzfamilie mit süßen, scharfen und geräucherten Varianten; nicht frische Paprika."	"GENERAL_LOCAL"	"Katalogpfad Gewürz oder trockenes Würzmittel. Warengruppe Gewürz, formrelevanter Prüfhinweis aus der vollständigen Definition: »nicht frische Paprika«. Regelweg in Bornheim über den Bereich »Gewürz- und Trockenwürzregal« eines gewöhnlichen Bornheimer Vollsortimenters."	"EASY"	"Paprikapulver: gewöhnlicher lokaler Bezugsweg über den Bereich »Gewürz- und Trockenwürzregal«."	"OPTIONAL"	""	"GENERAL_LOCAL"	"Beim Einkauf von „Paprikapulver“ nutzt Tobias das Gewürz- oder Backregal eines gewöhnlichen großen Rostocker Supermarkts."	"EASY"	"Paprikapulver: gewöhnlicher lokaler Bezugsweg über den Bereich »Paprikapulver«."	"OPTIONAL"	""	"FORM_SENSITIVE|TOBIAS_ROSTOCK_PROFILE"	"PROPOSED_FOR_HUMAN_REVIEW"
"PARMESAN"	"Parmesan"	"APPLICABLE"	"Sehr harter, lange gereifter italienischer Kuhmilchkäse nach Parmesan-Art; würzig, salzig und umamireich."	"GENERAL_LOCAL"	"Katalogpfad Käse → gesäuertes Milchprodukt → Milchprodukte. Warengruppe Käse, formrelevanter Prüfhinweis aus der vollständigen Definition: »würzig, salzig und umamireich«. Regelweg in Bornheim über den lokalen Supermarktbereich »Käsekühlung oder Käsetheke« in Bornheim."	"EASY"	"Parmesan: gewöhnlicher lokaler Bezugsweg über den Bereich »Käsekühlung oder Käsetheke«."	"OPTIONAL"	""	"GENERAL_LOCAL"	"Der konkrete Bezug von „Parmesan“ läuft über die Käsekühlung oder Käsetheke eines gewöhnlichen großen Rostocker Supermarkts."	"EASY"	"Parmesan: gewöhnlicher lokaler Bezugsweg über den Bereich »Parmesan«."	"OPTIONAL"	""	"TOBIAS_ROSTOCK_PROFILE"	"PROPOSED_FOR_HUMAN_REVIEW"
"PARSLEY"	"Petersilie"	"APPLICABLE"	"Frische Petersilienblätter mit grün-würzigem Aroma; glatte und krause Formen sind umfasst, nicht Petersilienwurzel."	"GENERAL_LOCAL"	"Katalogpfad Kräuter und Würzblätter. Warengruppe frisches Würzkraut, formrelevanter Prüfhinweis aus der vollständigen Definition: »glatte und krause Formen sind umfasst, nicht Petersilienwurzel«. Regelweg in Bornheim über nahe Supermarktfilialen in Bornheim mit dem Bereich »frische Kräuterabteilung«."	"EASY"	"Petersilie: gewöhnlicher lokaler Bezugsweg über den Bereich »frische Kräuterabteilung«."	"OPTIONAL"	""	"GENERAL_LOCAL"	"Die Rostocker Warenprüfung für „Petersilie“ erfolgt über die Kräuterkühlung der Obst- und Gemüseabteilung eines gewöhnlichen großen Rostocker Supermarkts."	"EASY"	"Petersilie: gewöhnlicher lokaler Bezugsweg über den Bereich »Petersilie«."	"OPTIONAL"	""	"FORM_SENSITIVE|TOBIAS_ROSTOCK_PROFILE"	"PROPOSED_FOR_HUMAN_REVIEW"
"PARSLEY_ROOT"	"Petersilienwurzel"	"APPLICABLE"	"Essbare Wurzel der Wurzelpetersilie; aromatisches Wurzelgemüse. Nicht mit Pastinake und nicht mit Petersilienblättern gleichsetzen."	"GENERAL_LOCAL"	"Katalogpfad Wurzel- und Knollengemüse → Gemüse. Warengruppe Gemüse oder Pilz, formrelevanter Prüfhinweis aus der vollständigen Definition: »Nicht mit Pastinake und nicht mit Petersilienblättern gleichsetzen«. Regelweg in Bornheim über ortsübliche Vollsortimenter rund um Bornheim, konkret im Bereich »Obst- und Gemüseabteilung«."	"EASY"	"Petersilienwurzel: gewöhnlicher lokaler Bezugsweg über den Bereich »Obst- und Gemüseabteilung«."	"OPTIONAL"	""	"GENERAL_LOCAL"	"Der konkrete Bezug von „Petersilienwurzel“ läuft über die Gemüseabteilung eines gewöhnlichen großen Rostocker Supermarkts."	"EASY"	"Petersilienwurzel: gewöhnlicher lokaler Bezugsweg über den Bereich »Petersilienwurzel«."	"OPTIONAL"	""	"TOBIAS_ROSTOCK_PROFILE"	"PROPOSED_FOR_HUMAN_REVIEW"
"PARSNIP"	"Pastinake"	"APPLICABLE"	"Pastinake mit süßlich-erdigem, leicht würzigem Wurzelfleisch; nicht Petersilienwurzel."	"GENERAL_LOCAL"	"Katalogpfad Wurzel- und Knollengemüse → Gemüse. Warengruppe Gemüse oder Pilz, formrelevanter Prüfhinweis aus der vollständigen Definition: »nicht Petersilienwurzel«. Regelweg in Bornheim über den lokalen Supermarktbereich »Obst- und Gemüseabteilung« in Bornheim."	"EASY"	"Pastinake: gewöhnlicher lokaler Bezugsweg über den Bereich »Obst- und Gemüseabteilung«."	"OPTIONAL"	""	"GENERAL_LOCAL"	"Tobias sucht „Pastinake“ in Rostock über die Gemüseabteilung eines gewöhnlichen großen Rostocker Supermarkts gesucht."	"EASY"	"Pastinake: gewöhnlicher lokaler Bezugsweg über den Bereich »Pastinake«."	"OPTIONAL"	""	"TOBIAS_ROSTOCK_PROFILE"	"PROPOSED_FOR_HUMAN_REVIEW"
"PASSION_FRUIT"	"Passionsfrucht"	"APPLICABLE"	"Passionsfrucht mit aromatischem süß-saurem Fruchtmark und knackigen essbaren Kernen."	"GENERAL_BROAD"	"Jamoona Fresh – frische Passionsfrucht 500 g belegt formgenau: Jamoona führt ganze frische Passiflora-edulis-Früchte mit essbarem kernreichem Fruchtfleisch und konkret ausgewiesenem Bestand. Für Georgia in Bornheim gilt: Deutschlandweiter Frischeversand nach Bornheim und Rostock; 2–3 Werktage oder Express; Logistik FRESH_SHIPPING. Niedriger Momentanbestand und Versand nur Montag bis Donnerstag bleiben frischebedingt; die parallele REWE-Listung stützt die allgemeine Marktbreite."	"PLANNED"	"Passionsfrucht: Jamoona führt ganze frische Passiflora-edulis-Früchte mit essbarem kernreichem Fruchtfleisch und konkret ausgewiesenem Bestand."	"REQUIRED"	"AV2N-N-0042|AV2N-P-0020"	"GENERAL_BROAD"	"Jamoona Fresh – frische Passionsfrucht 500 g belegt formgenau: Jamoona führt ganze frische Passiflora-edulis-Früchte mit essbarem kernreichem Fruchtfleisch und konkret ausgewiesenem Bestand. Für Tobias in Rostock gilt: Deutschlandweiter Frischeversand nach Bornheim und Rostock; 2–3 Werktage oder Express; Logistik FRESH_SHIPPING. Niedriger Momentanbestand und Versand nur Montag bis Donnerstag bleiben frischebedingt; die parallele REWE-Listung stützt die allgemeine Marktbreite."	"PLANNED"	"Passionsfrucht: Jamoona führt ganze frische Passiflora-edulis-Früchte mit essbarem kernreichem Fruchtfleisch und konkret ausgewiesenem Bestand."	"OPTIONAL"	"AV2N-P-0020"	"BORDERLINE_PLANNED|EVIDENCE_REQUIRED|RATING_RECONCILED_V2|TOBIAS_ROSTOCK_PROFILE"	"PROPOSED_FOR_HUMAN_REVIEW"
"PASTIS"	"Pastis"	"APPLICABLE"	"Anisbetonte französische Spirituose nach Pastis-Art, typischerweise zusätzlich mit Süßholz und weiteren Kräutern beziehungsweise Gewürzen aromatisiert. Nicht Absinth oder beliebiger Anislikör."	"GENERAL_BROAD"	"Pastis: Weinquelle führt Pastis Ardent lagernd als anisbetonte Spirituose mit Kräutern und Süßholz; der deutschlandweite Versand in üblicherweise 1–3 Werktagen ist ein planbarer, nicht lokal garantierter Getränkeweg nach Bornheim."	"PLANNED"	"Pastis: Weinquelle führt Pastis Ardent lagernd als anisbetonte Spirituose mit Kräutern und Süßholz; der deutschlandweite Versand in üblicherweise 1–3 Werktagen ist ein planbarer, nicht lokal garantierter Getränkeweg nach Bornheim."	"REQUIRED"	"AV2N-N-0043"	"GENERAL_BROAD"	"Tobias prüft „Pastis“ in Rostock über große Getränkefachmärkte und etablierte deutsche Spirituosen- oder Weinversender."	"PLANNED"	"Pastis: Rostocker Bezugsweg über große Getränkefachmärkte und etablierte deutsche Spirituosen- oder Weinversender."	"OPTIONAL"	""	"BORDERLINE_PLANNED|EVIDENCE_REQUIRED|TOBIAS_ROSTOCK_PROFILE"	"PROPOSED_FOR_HUMAN_REVIEW"
"PEA_EGGPLANT"	"Erbsenaubergine"	"APPLICABLE"	"Erbsengroße, traubenartig wachsende Früchte von Solanum torvum mit knackigem Biss und deutlich herber Note, besonders für Currys. Keine Miniaturform der gewöhnlichen Aubergine."	"NICHE_IMPORT"	"Katalogpfad Fruchtgemüse → Gemüse. Warengruppe Gemüse oder Pilz, formrelevanter Prüfhinweis aus der vollständigen Definition: »Keine Miniaturform der gewöhnlichen Aubergine«. Der v2-Anker hält den Engpass fest: Exakte frische Solanum-torvum-Ware über wenige Frischeimporteure Bestand und Zustellung sind fragil."	"DIFFICULT"	"Erbsenaubergine: Exakte frische Solanum-torvum-Ware über wenige Frischeimporteure; Bestand und Zustellung sind fragil."	"REQUIRED"	"AV2E-088"	"NICHE_IMPORT"	"Erbsenaubergine: Exakte frische Solanum-torvum-Ware über wenige Frischeimporteure; Bestand und Zustellung sind fragil."	"DIFFICULT"	"Erbsenaubergine: Exakte frische Solanum-torvum-Ware über wenige Frischeimporteure; Bestand und Zustellung sind fragil."	"REQUIRED"	"AV2E-088"	"EVIDENCE_REQUIRED|FORM_OR_LOGISTICS_RISK|FORM_OR_ROUTE_FRAGILE|REFERENCE_ANCHOR|REFERENCE_ANCHOR_V2|RESEARCH_REQUIRED|TOBIAS_ROSTOCK_PROFILE"	"RATING_APPROVED_NOTE_PROPOSED_REFERENCE_ANCHOR_V2"
"PEACH"	"Pfirsich"	"APPLICABLE"	"Pfirsich mit samtiger Schale und saftigem süß-aromatischem Fruchtfleisch; weiß- und gelbfleischige Sorten sind umfasst."	"GENERAL_LOCAL"	"Katalogpfad Steinobst → Obst. Warengruppe Obst, formrelevanter Prüfhinweis aus der vollständigen Definition: »weiß- und gelbfleischige Sorten sind umfasst«. Regelweg in Bornheim über ortsübliche Vollsortimenter rund um Bornheim, konkret im Bereich »Obst- und Gemüseabteilung«."	"EASY"	"Pfirsich: gewöhnlicher lokaler Bezugsweg über den Bereich »Obst- und Gemüseabteilung«."	"OPTIONAL"	""	"GENERAL_LOCAL"	"Für „Pfirsich“ führt der Rostocker Marktweg über die Obstabteilung eines gewöhnlichen großen Rostocker Supermarkts."	"EASY"	"Pfirsich: Rostocker Bezugsweg über die Obstabteilung eines gewöhnlichen großen Rostocker Supermarkts."	"OPTIONAL"	""	"TOBIAS_ROSTOCK_PROFILE"	"PROPOSED_FOR_HUMAN_REVIEW"
"PEANUT"	"Erdnüsse"	"APPLICABLE"	"Erdnusskerne mit kräftig-nussigem Aroma; roh, geröstet, ganz oder gehackt verwendbar."	"GENERAL_LOCAL"	"Katalogpfad Nüsse. Warengruppe Nuss, Saat oder Mus, formrelevanter Prüfhinweis aus der vollständigen Definition: »roh, geröstet, ganz oder gehackt verwendbar«. Regelweg in Bornheim über den regulären Bornheimer Regalweg »Nuss-, Saaten- oder Nussmusregal«."	"EASY"	"Erdnüsse: gewöhnlicher lokaler Bezugsweg über den Bereich »Nuss-, Saaten- oder Nussmusregal«."	"OPTIONAL"	""	"GENERAL_LOCAL"	"Die Rostocker Warenprüfung für „Erdnüsse“ erfolgt über das Nuss-, Saaten-, Back- oder Brotaufstrichregal eines gewöhnlichen großen Rostocker Supermarkts."	"EASY"	"Erdnüsse: gewöhnlicher lokaler Bezugsweg über den Bereich »Erdnüsse«."	"OPTIONAL"	""	"TOBIAS_ROSTOCK_PROFILE"	"PROPOSED_FOR_HUMAN_REVIEW"
"PEANUT_BUTTER"	"Erdnussbutter"	"APPLICABLE"	"Streichfähige Erdnusspaste, glatt oder stückig; ungesüßte und leicht gesüßte Varianten sind umfasst."	"GENERAL_LOCAL"	"Katalogpfad Nuss- oder Samenpaste → Erdnüsse → Sauce, Würzmittel oder Paste → Nüsse. Warengruppe Nuss- oder Saatenpaste, formrelevanter Prüfhinweis aus der vollständigen Definition: »ungesüßte und leicht gesüßte Varianten sind umfasst«. Regelweg in Bornheim über ortsübliche Vollsortimenter rund um Bornheim, konkret im Bereich »Aufstrich-, Nussmus- oder Feinkostregal«."	"EASY"	"Erdnussbutter: gewöhnlicher lokaler Bezugsweg über den Bereich »Aufstrich-, Nussmus- oder Feinkostregal«."	"OPTIONAL"	""	"GENERAL_LOCAL"	"Tobias prüft „Erdnussbutter“ in Rostock über das Nuss-, Saaten-, Back- oder Brotaufstrichregal eines gewöhnlichen großen Rostocker Supermarkts."	"EASY"	"Erdnussbutter: Rostocker Bezugsweg über das Nuss-, Saaten-, Back- oder Brotaufstrichregal eines gewöhnlichen großen Rostocker Supermarkts."	"OPTIONAL"	""	"TOBIAS_ROSTOCK_PROFILE"	"PROPOSED_FOR_HUMAN_REVIEW"
"PEANUT_SATAY_SAUCE"	"Erdnuss-Satay-Sauce"	"APPLICABLE"	"Fertige erdnussbasierte Satay-/Pindasaus; typischerweise süß-salzig und kräftig nussig, konkrete Würzung und Schärfe können variieren. Nicht mit reinem Erdnussmus oder Erdnussbutter gleichsetzen."	"GENERAL_BROAD"	"Katalogpfad fertige Sauce oder Würzpaste → Sauce, Würzmittel oder Paste. Warengruppe Sauce oder Würzpaste, formrelevanter Prüfhinweis aus der vollständigen Definition: »Nicht mit reinem Erdnussmus oder Erdnussbutter gleichsetzen«. Allgemein planbarer, aber nicht lokal garantierter Weg über einen vorbereiteten Einkauf im gut sortierten Bereich »Saucen-, Würzpasten- und Feinkostregal«."	"PLANNED"	"Erdnuss-Satay-Sauce ist über einen vorbereiteten Einkauf im gut sortierten Bereich »Saucen-, Würzpasten- und Feinkostregal« im allgemeinen deutschen Handel planbar, lokal aber kein verlässlicher Standardartikel."	"OPTIONAL"	""	"GENERAL_BROAD"	"Die Rostocker Warenprüfung für „Erdnuss-Satay-Sauce“ erfolgt über gut sortierte Vollsortimenter und etablierte deutsche Feinkost- oder Würzsaucenhändler."	"PLANNED"	"Erdnuss-Satay-Sauce: Die Rostocker Warenprüfung für „Erdnuss-Satay-Sauce“ erfolgt über gut sortierte Vollsortimenter und etablierte deutsche Feinkost- oder Würzsaucenhändler."	"OPTIONAL"	""	"RATING_RECONCILED_V2|TOBIAS_ROSTOCK_PROFILE"	"PROPOSED_FOR_HUMAN_REVIEW"
"PEAR"	"Birne"	"APPLICABLE"	"Birne als saftiges Kernobst; Sorte, Festigkeit und Verhältnis von Süße zu Säure bleiben offen."	"GENERAL_LOCAL"	"Katalogpfad Kernobst → Obst. Warengruppe Obst, formrelevanter Prüfhinweis aus der vollständigen Definition: »Sorte, Festigkeit und Verhältnis von Süße zu Säure bleiben offen«. Regelweg in Bornheim über das örtliche Sortiment »Obst- und Gemüseabteilung« beim Wocheneinkauf in Bornheim."	"EASY"	"Birne: gewöhnlicher lokaler Bezugsweg über den Bereich »Obst- und Gemüseabteilung«."	"OPTIONAL"	""	"GENERAL_LOCAL"	"Die Beschaffung von „Birne“ erfolgt in Rostock über die Obstabteilung eines gewöhnlichen großen Rostocker Supermarkts."	"EASY"	"Birne: gewöhnlicher lokaler Bezugsweg über den Bereich »Birne«."	"OPTIONAL"	""	"TOBIAS_ROSTOCK_PROFILE"	"PROPOSED_FOR_HUMAN_REVIEW"
"PEARL_BARLEY"	"Graupen"	"APPLICABLE"	"Geschälte und rund geschliffene Gerstenkörner, auch Graupen; schneller garend und weicher als ganze Gerste."	"GENERAL_LOCAL"	"Katalogpfad Gerste → Getreide oder Pseudogetreide → stärkehaltige Zutat oder Sättigungsbeilage. Warengruppe Getreide- oder Stärkeware, formrelevanter Prüfhinweis aus der vollständigen Definition: »schneller garend und weicher als ganze Gerste«. Regelweg in Bornheim über die gewöhnliche Bornheimer Auslage »Reis-, Mehl-, Nudel- oder Trockenwarenregal«."	"EASY"	"Graupen: gewöhnlicher lokaler Bezugsweg über den Bereich »Reis-, Mehl-, Nudel- oder Trockenwarenregal«."	"OPTIONAL"	""	"GENERAL_LOCAL"	"Der konkrete Bezug von „Graupen“ läuft über das Getreide-, Mehl-, Reis- oder Teigwarenregal eines gewöhnlichen großen Rostocker Supermarkts."	"EASY"	"Graupen: gewöhnlicher lokaler Bezugsweg über den Bereich »Graupen«."	"OPTIONAL"	""	"RATING_RECONCILED_V2|TOBIAS_ROSTOCK_PROFILE"	"PROPOSED_FOR_HUMAN_REVIEW"
"PEAS"	"Erbsen"	"APPLICABLE"	"Offene Vorgabe für Erbsenkerne; frisch, getrocknet oder gespalten sind mögliche Wege, essbare Hülsen nicht automatisch."	"GENERAL_LOCAL"	"Katalogpfad Hülsenfrüchte. Warengruppe Hülsenfrucht, formrelevanter Prüfhinweis aus der vollständigen Definition: »frisch, getrocknet oder gespalten sind mögliche Wege, essbare Hülsen nicht automatisch«. Regelweg in Bornheim über das örtliche Sortiment »Hülsenfrucht-, Konserven- oder Trockenwarenregal« beim Wocheneinkauf in Bornheim."	"EASY"	"Erbsen: gewöhnlicher lokaler Bezugsweg über den Bereich »Hülsenfrucht-, Konserven- oder Trockenwarenregal«."	"OPTIONAL"	""	"GENERAL_LOCAL"	"Tobias sucht „Erbsen“ in Rostock über das Hülsenfrucht-, Konserven- oder Trockensortiment eines gewöhnlichen großen Rostocker Supermarkts gesucht."	"EASY"	"Erbsen: gewöhnlicher lokaler Bezugsweg über den Bereich »Erbsen«."	"OPTIONAL"	""	"FORM_SENSITIVE|TOBIAS_ROSTOCK_PROFILE"	"PROPOSED_FOR_HUMAN_REVIEW"
"PECAN"	"Pekannüsse"	"APPLICABLE"	"Pekannusskerne mit buttrigem, mild-süßlichem Aroma; natur oder geröstet verwendbar."	"GENERAL_LOCAL"	"Katalogpfad Nüsse. Warengruppe Nuss, Saat oder Mus, formrelevanter Prüfhinweis aus der vollständigen Definition: »natur oder geröstet verwendbar«. Regelweg in Bornheim über den regulären Bornheimer Regalweg »Nuss-, Saaten- oder Nussmusregal«."	"EASY"	"Pekannüsse: gewöhnlicher lokaler Bezugsweg über den Bereich »Nuss-, Saaten- oder Nussmusregal«."	"OPTIONAL"	""	"GENERAL_LOCAL"	"Für „Pekannüsse“ führt der Rostocker Marktweg über das Nuss-, Saaten-, Back- oder Brotaufstrichregal eines gewöhnlichen großen Rostocker Supermarkts."	"EASY"	"Pekannüsse: Rostocker Bezugsweg über das Nuss-, Saaten-, Back- oder Brotaufstrichregal eines gewöhnlichen großen Rostocker Supermarkts."	"OPTIONAL"	""	"RATING_RECONCILED_V2|TOBIAS_ROSTOCK_PROFILE"	"PROPOSED_FOR_HUMAN_REVIEW"
"PECORINO"	"Pecorino"	"APPLICABLE"	"Harter bis halbfester italienischer Schafmilchkäse; Herkunft, Reifegrad und Salzintensität bleiben offen."	"GENERAL_BROAD"	"Viani – Pecorino Romano DOP 200 g belegt formgenau: Viani bietet Pecorino Romano DOP als festen italienischen Hartkäse aus Schafmilch sofort verfügbar an. Für Georgia in Bornheim gilt: Deutschlandweiter Kühlversand nach Bornheim und Rostock mit Frischezuschlag; Logistik CHILLED_SHIPPING. Der Beleg deckt die Romano-Unterart der offenen Pecorino-Familie; andere regionale Reifegrade und Zuschnitte bleiben variabel."	"PLANNED"	"Pecorino: Viani bietet Pecorino Romano DOP als festen italienischen Hartkäse aus Schafmilch sofort verfügbar an."	"REQUIRED"	"AV2N-N-0044|AV2N-P-0021"	"GENERAL_BROAD"	"Viani – Pecorino Romano DOP 200 g belegt formgenau: Viani bietet Pecorino Romano DOP als festen italienischen Hartkäse aus Schafmilch sofort verfügbar an. Für Tobias in Rostock gilt: Deutschlandweiter Kühlversand nach Bornheim und Rostock mit Frischezuschlag; Logistik CHILLED_SHIPPING. Der Beleg deckt die Romano-Unterart der offenen Pecorino-Familie; andere regionale Reifegrade und Zuschnitte bleiben variabel."	"PLANNED"	"Pecorino: Viani bietet Pecorino Romano DOP als festen italienischen Hartkäse aus Schafmilch sofort verfügbar an."	"OPTIONAL"	"AV2N-P-0021"	"BORDERLINE_PLANNED|EVIDENCE_REQUIRED|TOBIAS_ROSTOCK_PROFILE"	"PROPOSED_FOR_HUMAN_REVIEW"
"PENNE"	"Penne"	"APPLICABLE"	"Kurze röhrenförmige Weizenpasta mit schrägen Enden; glatt oder geriffelt verwendbar."	"GENERAL_LOCAL"	"Katalogpfad Weizenpasta → Nudeln → stärkehaltige Zutat oder Sättigungsbeilage. Warengruppe Getreide- oder Stärkeware, formrelevanter Prüfhinweis aus der vollständigen Definition: »glatt oder geriffelt verwendbar«. Regelweg in Bornheim über den regulären Bornheimer Regalweg »Reis-, Mehl-, Nudel- oder Trockenwarenregal«."	"EASY"	"Penne: gewöhnlicher lokaler Bezugsweg über den Bereich »Reis-, Mehl-, Nudel- oder Trockenwarenregal«."	"OPTIONAL"	""	"GENERAL_LOCAL"	"Tobias sucht „Penne“ in Rostock über das Getreide-, Mehl-, Reis- oder Teigwarenregal eines gewöhnlichen großen Rostocker Supermarkts gesucht."	"EASY"	"Penne: gewöhnlicher lokaler Bezugsweg über den Bereich »Penne«."	"OPTIONAL"	""	"TOBIAS_ROSTOCK_PROFILE"	"PROPOSED_FOR_HUMAN_REVIEW"
"PEPPER"	"Pfeffer"	"APPLICABLE"	"Echter Pfeffer und seine Reife- beziehungsweise Verarbeitungsformen; Szechuanpfeffer bleibt eigenständig."	"GENERAL_LOCAL"	"Katalogpfad Gewürz oder trockenes Würzmittel. Warengruppe Gewürz, formrelevanter Prüfhinweis aus der vollständigen Definition: »Szechuanpfeffer bleibt eigenständig«. Regelweg in Bornheim über das örtliche Sortiment »Gewürz- und Trockenwürzregal« beim Wocheneinkauf in Bornheim."	"EASY"	"Pfeffer: gewöhnlicher lokaler Bezugsweg über den Bereich »Gewürz- und Trockenwürzregal«."	"OPTIONAL"	""	"GENERAL_LOCAL"	"Für „Pfeffer“ wird das Angebot über das Gewürz- oder Backregal eines gewöhnlichen großen Rostocker Supermarkts kontrolliert."	"EASY"	"Pfeffer: gewöhnlicher lokaler Bezugsweg über den Bereich »Pfeffer«."	"OPTIONAL"	""	"TOBIAS_ROSTOCK_PROFILE"	"PROPOSED_FOR_HUMAN_REVIEW"
"PERILLA_LEAVES"	"Perillablätter"	"APPLICABLE"	"Frische Perillablätter mit kräftig kräuterigem, leicht minzig-anisigem und teils erdigem Aroma; grüne und violette kulinarische Formen sind umfasst. Nicht vietnamesischer Koriander oder Minze."	"NICHE_IMPORT"	"Katalogpfad Kräuter und Würzblätter. Warengruppe frisches Würzkraut, formrelevanter Prüfhinweis aus der vollständigen Definition: »Nicht vietnamesischer Koriander oder Minze«. Nur der schmale Händlerweg über Asia Moin – fresh vegetables with Perilla/Shiso bunch ist positiv belegt; Kühlversand begrenzt Form, Bestand oder Logistik."	"DIFFICULT"	"Perillablätter: Nur der schmale Händlerweg über Asia Moin – fresh vegetables with Perilla/Shiso bunch ist positiv belegt; Kühlversand begrenzt Form, Bestand oder Logistik."	"REQUIRED"	"AV2N-N-0045"	"NICHE_IMPORT"	"Perillablätter: Das konkrete Frischeangebot von Asia Moin eröffnet einen engen Versandweg für grüne oder violette Blätter; Kühlzustellung und wechselnder Frischbestand begrenzen ihn."	"DIFFICULT"	"Perillablätter: Das konkrete Frischeangebot von Asia Moin eröffnet einen engen Versandweg für grüne oder violette Blätter; Kühlzustellung und wechselnder Frischbestand begrenzen ihn."	"REQUIRED"	"AV2N-N-0046"	"EVIDENCE_REQUIRED|FORM_OR_LOGISTICS_RISK|FORM_SENSITIVE|RATING_RECONCILED_V2|RESEARCH_REQUIRED|TOBIAS_ROSTOCK_PROFILE"	"PROPOSED_FOR_HUMAN_REVIEW"
"PERSIMMON"	"Kaki"	"APPLICABLE"	"Kaki mit süßem orangefarbenem Fruchtfleisch; feste nichtadstringierende und weichreife Sorten sind umfasst."	"GENERAL_LOCAL"	"Katalogpfad Obst. Warengruppe Obst, formrelevanter Prüfhinweis aus der vollständigen Definition: »feste nichtadstringierende und weichreife Sorten sind umfasst«. Regelweg in Bornheim über den Bereich »Obst- und Gemüseabteilung« eines gewöhnlichen Bornheimer Vollsortimenters."	"EASY"	"Kaki: gewöhnlicher lokaler Bezugsweg über den Bereich »Obst- und Gemüseabteilung«."	"OPTIONAL"	""	"GENERAL_LOCAL"	"Beim Einkauf von „Kaki“ nutzt Tobias die Obstabteilung eines gewöhnlichen großen Rostocker Supermarkts."	"EASY"	"Kaki: gewöhnlicher lokaler Bezugsweg über den Bereich »Kaki«."	"OPTIONAL"	""	"RATING_RECONCILED_V2|TOBIAS_ROSTOCK_PROFILE"	"PROPOSED_FOR_HUMAN_REVIEW"
"PESTO"	"Pesto"	"APPLICABLE"	"Rohe oder wenig erhitzte Kräuter- beziehungsweise Pflanzenpaste mit Öl; Zutatenbasis bleibt offen, nicht nur Pesto Genovese."	"GENERAL_LOCAL"	"Katalogpfad fertige Sauce oder Würzpaste → Sauce, Würzmittel oder Paste. Warengruppe Sauce oder Würzpaste, formrelevanter Prüfhinweis aus der vollständigen Definition: »Zutatenbasis bleibt offen, nicht nur Pesto Genovese«. Regelweg in Bornheim über das örtliche Sortiment »Saucen-, Würzpasten- und Feinkostregal« beim Wocheneinkauf in Bornheim."	"EASY"	"Pesto: gewöhnlicher lokaler Bezugsweg über den Bereich »Saucen-, Würzpasten- und Feinkostregal«."	"OPTIONAL"	""	"GENERAL_LOCAL"	"Tobias sucht „Pesto“ in Rostock über das Saucen-, Essig- oder Feinkostregal eines gewöhnlichen großen Rostocker Supermarkts gesucht."	"EASY"	"Pesto: gewöhnlicher lokaler Bezugsweg über den Bereich »Pesto«."	"OPTIONAL"	""	"TOBIAS_ROSTOCK_PROFILE"	"PROPOSED_FOR_HUMAN_REVIEW"
"PICKLED_CHILI"	"eingelegte Chili"	"APPLICABLE"	"In Essig- oder Gewürzlake eingelegte ganze oder geschnittene Chili; Sorte und Schärfe bleiben offen, trockene Formen sind nicht gemeint."	"GENERAL_LOCAL"	"Katalogpfad konservierte pflanzliche Zutat. Warengruppe konservierte Pflanzenware, formrelevanter Prüfhinweis aus der vollständigen Definition: »Sorte und Schärfe bleiben offen, trockene Formen sind nicht gemeint«. Regelweg in Bornheim über die gewöhnliche Bornheimer Auslage »Konserven-, Glas- oder internationales Feinkostregal«."	"EASY"	"eingelegte Chili: gewöhnlicher lokaler Bezugsweg über den Bereich »Konserven-, Glas- oder internationales Feinkostregal«."	"OPTIONAL"	""	"GENERAL_LOCAL"	"Für „eingelegte Chili“ wird das Angebot über das Konserven-, Sauergemüse- oder Feinkostregal eines gewöhnlichen großen Rostocker Supermarkts kontrolliert."	"EASY"	"eingelegte Chili: gewöhnlicher lokaler Bezugsweg über den Bereich »eingelegte Chili«."	"OPTIONAL"	""	"RATING_RECONCILED_V2|TOBIAS_ROSTOCK_PROFILE"	"PROPOSED_FOR_HUMAN_REVIEW"
"PICKLED_CUCUMBER"	"Gewürzgurke"	"APPLICABLE"	"Essigbasierte Gewürzgurke mit süß-säuerlicher bis würziger Lake; nicht milchsauer fermentierte Salzgurke."	"GENERAL_LOCAL"	"Katalogpfad Gurke → konservierte pflanzliche Zutat → Fruchtgemüse → Gemüse. Warengruppe konservierte Pflanzenware, formrelevanter Prüfhinweis aus der vollständigen Definition: »nicht milchsauer fermentierte Salzgurke«. Regelweg in Bornheim über das örtliche Sortiment »Konserven-, Glas- oder internationales Feinkostregal« beim Wocheneinkauf in Bornheim."	"EASY"	"Gewürzgurke: gewöhnlicher lokaler Bezugsweg über den Bereich »Konserven-, Glas- oder internationales Feinkostregal«."	"OPTIONAL"	""	"GENERAL_LOCAL"	"Der konkrete Bezug von „Gewürzgurke“ läuft über das Konserven-, Sauergemüse- oder Feinkostregal eines gewöhnlichen großen Rostocker Supermarkts."	"EASY"	"Gewürzgurke: gewöhnlicher lokaler Bezugsweg über den Bereich »Gewürzgurke«."	"OPTIONAL"	""	"TOBIAS_ROSTOCK_PROFILE"	"PROPOSED_FOR_HUMAN_REVIEW"
"PICKLED_GINGER"	"eingelegter Ingwer"	"APPLICABLE"	"Dünn geschnittener, süß-säuerlich eingelegter Ingwer nach Gari-Art; nicht frisches Ingwer-Rhizom."	"GENERAL_BROAD"	"Katalogpfad Ingwer → konservierte pflanzliche Zutat → Gewürz oder trockenes Würzmittel. Warengruppe konservierte Pflanzenware, formrelevanter Prüfhinweis aus der vollständigen Definition: »nicht frisches Ingwer-Rhizom«. Georgia kann die Ware über „Konserven-, Glas- oder internationales Feinkostregal über einen reservierten Marktartikel“ beziehen."	"PLANNED"	"eingelegter Ingwer: Georgia kann die Ware über „Konserven-, Glas- oder internationales Feinkostregal über einen reservierten Marktartikel“ beziehen."	"OPTIONAL"	""	"GENERAL_BROAD"	"Tobias prüft „eingelegter Ingwer“ in Rostock über gut sortierte Vollsortimenter und etablierte deutsche Händler für konservierte Gemüsewaren."	"PLANNED"	"eingelegter Ingwer: Rostocker Bezugsweg über gut sortierte Vollsortimenter und etablierte deutsche Händler für konservierte Gemüsewaren."	"OPTIONAL"	""	"FORM_SENSITIVE|RATING_RECONCILED_V2|TOBIAS_ROSTOCK_PROFILE"	"PROPOSED_FOR_HUMAN_REVIEW"
"PICKLED_HERRING"	"eingelegter Hering"	"APPLICABLE"	"Hering in essig- oder säurebasierter Würzlake; süße, zwiebelige und cremig weiterverarbeitete Varianten sind möglich."	"GENERAL_LOCAL"	"Katalogpfad Hering → konservierter Fisch → fettreicher Fisch → Fisch. Warengruppe konservierter Fisch, formrelevanter Prüfhinweis aus der vollständigen Definition: »süße, zwiebelige und cremig weiterverarbeitete Varianten sind möglich«. Regelweg in Bornheim über die gewöhnliche Bornheimer Auslage »Fischkonserven- oder internationales Trockenwarenregal«."	"EASY"	"eingelegter Hering: gewöhnlicher lokaler Bezugsweg über den Bereich »Fischkonserven- oder internationales Trockenwarenregal«."	"OPTIONAL"	""	"GENERAL_LOCAL"	"Für „eingelegter Hering“ wird das Angebot über das Fischkonserven- oder haltbare Seafood-Regal eines gewöhnlichen großen Rostocker Supermarkts kontrolliert."	"EASY"	"eingelegter Hering: gewöhnlicher lokaler Bezugsweg über den Bereich »eingelegter Hering«."	"OPTIONAL"	""	"RATING_RECONCILED_V2|TOBIAS_ROSTOCK_PROFILE"	"PROPOSED_FOR_HUMAN_REVIEW"
"PICKLED_MUSHROOMS"	"eingelegte Pilze"	"APPLICABLE"	"In Essiglake eingelegte Speisepilze; eine Fermentation wird nicht vorausgesetzt."	"GENERAL_BROAD"	"Katalogpfad Pilze → Gemüse. Warengruppe konservierte Pflanzenware, formrelevanter Prüfhinweis aus der vollständigen Definition: »eine Fermentation wird nicht vorausgesetzt«. Allgemein planbarer, aber nicht lokal garantierter Weg über eine konkrete Vorbestellung oder Bestandsabfrage für konservierte Pflanzenware."	"PLANNED"	"eingelegte Pilze ist über eine konkrete Vorbestellung oder Bestandsabfrage für konservierte Pflanzenware im allgemeinen deutschen Handel planbar, lokal aber kein verlässlicher Standardartikel."	"OPTIONAL"	""	"GENERAL_BROAD"	"Für „eingelegte Pilze“ führt der Rostocker Marktweg über gut sortierte Vollsortimenter und etablierte deutsche Händler für konservierte Pilze."	"PLANNED"	"eingelegte Pilze: Rostocker Bezugsweg über gut sortierte Vollsortimenter und etablierte deutsche Händler für konservierte Pilze."	"OPTIONAL"	""	"RATING_RECONCILED_V2|TOBIAS_ROSTOCK_PROFILE"	"PROPOSED_FOR_HUMAN_REVIEW"
"PICKLED_SAUSAGE"	"eingelegte Wurst"	"APPLICABLE"	"Verzehrfertige Wurst, die über längere Zeit in einer überwiegend essig- beziehungsweise säurebasierten Lake eingelegt wird. Umfasst unter anderem tschechischen Utopenec und vergleichbare eingelegte Wurstprodukte. Nicht bloß mit Essig angemachte Wurst und nicht nur kurz in Essigsud gegarte Wurst."	"NICHE_IMPORT"	"Katalogpfad Wurst → Fleisch. Warengruppe Wurst oder Pökelfleisch, formrelevanter Prüfhinweis aus der vollständigen Definition: »Nicht bloß mit Essig angemachte Wurst und nicht nur kurz in Essigsud gegarte Wurst«. Der v2-Anker hält den Engpass fest: Konkrete mittel-/osteuropäische Fertigprodukte nur über enge nationale Spezialsortimente keine breite allgemeine Verfügbarkeit."	"DIFFICULT"	"eingelegte Wurst: Konkrete mittel-/osteuropäische Fertigprodukte nur über enge nationale Spezialsortimente; keine breite allgemeine Verfügbarkeit."	"REQUIRED"	"AV2E-092"	"NICHE_IMPORT"	"eingelegte Wurst: Konkrete mittel-/osteuropäische Fertigprodukte nur über enge nationale Spezialsortimente; keine breite allgemeine Verfügbarkeit."	"DIFFICULT"	"eingelegte Wurst: Konkrete mittel-/osteuropäische Fertigprodukte nur über enge nationale Spezialsortimente; keine breite allgemeine Verfügbarkeit."	"REQUIRED"	"AV2E-092"	"EVIDENCE_REQUIRED|FORM_OR_LOGISTICS_RISK|FORM_OR_ROUTE_FRAGILE|REFERENCE_ANCHOR|REFERENCE_ANCHOR_V2|RESEARCH_REQUIRED|TOBIAS_ROSTOCK_PROFILE"	"RATING_APPROVED_NOTE_PROPOSED_REFERENCE_ANCHOR_V2"
"PIKEPERCH"	"Zander"	"APPLICABLE"	"Zander als magerer Süßwasserfisch mit festem, mildem Fleisch und wenigen Gräten."	"GENERAL_BROAD"	"Deutsche See – Zander handfiletierte Portionen TK belegt formgenau: Deutsche See weist handfiletierte Zanderportionen mit Haut als verfügbaren Tiefkühlartikel mit Warenkorb aus. Für Georgia in Bornheim gilt: Deutschlandweiter Tiefkühl-Wunschterminversand nach Bornheim und Rostock; Mindestbestellwert 49 Euro; Logistik FROZEN_SHIPPING. Mindestbestellwert, Wunschtermin und geschlossene Tiefkühlkette müssen eingeplant werden; praktisch grätenfrei bedeutet keine absolute Grätenfreiheit."	"PLANNED"	"Zander: Deutsche See weist handfiletierte Zanderportionen mit Haut als verfügbaren Tiefkühlartikel mit Warenkorb aus."	"REQUIRED"	"AV2N-N-0047|AV2N-P-0022"	"GENERAL_BROAD"	"Deutsche See – Zander handfiletierte Portionen TK belegt formgenau: Deutsche See weist handfiletierte Zanderportionen mit Haut als verfügbaren Tiefkühlartikel mit Warenkorb aus. Für Tobias in Rostock gilt: Deutschlandweiter Tiefkühl-Wunschterminversand nach Bornheim und Rostock; Mindestbestellwert 49 Euro; Logistik FROZEN_SHIPPING. Mindestbestellwert, Wunschtermin und geschlossene Tiefkühlkette müssen eingeplant werden; praktisch grätenfrei bedeutet keine absolute Grätenfreiheit."	"PLANNED"	"Zander: Deutsche See weist handfiletierte Zanderportionen mit Haut als verfügbaren Tiefkühlartikel mit Warenkorb aus."	"REQUIRED"	"AV2N-N-0048|AV2N-P-0022"	"BORDERLINE_PLANNED|EVIDENCE_REQUIRED|RATING_RECONCILED_V2|TOBIAS_ROSTOCK_PROFILE"	"PROPOSED_FOR_HUMAN_REVIEW"
"PILSNER_LAGER"	"Pilsner"	"APPLICABLE"	"Helles untergäriges Lagerbier nach Pilsner Art mit deutlich hopfenbetontem Profil. Gemeint ist der Bierstil, nicht eine bestimmte Marke; Pilsner Urquell ist historischer Referenztyp."	"GENERAL_LOCAL"	"Katalogpfad Bier → Kochalkohol. Warengruppe Bier, formrelevanter Prüfhinweis aus der vollständigen Definition: »Pilsner Urquell ist historischer Referenztyp«. Regelweg in Bornheim über die regulären lokalen Sortimente REWE – Krombacher Pils 0,5 l sowie EDEKA – Ratskrone Pilsener. Die Produktbelege führen in das gewöhnliche lokale Bier- und Getränkeregal in Bornheim."	"EASY"	"Pilsner: gewöhnlicher lokaler Bezugsweg über die regulären lokalen Sortimente REWE – Krombacher Pils 0,5 l sowie EDEKA – Ratskrone Pilsener. Die Produktbelege führen in das gewöhnliche lokale Bier- und Getränkeregal in Bornheim."	"REQUIRED"	"AV2N-N-0049|AV2N-QA-0003|AV2N-QA-0004"	"GENERAL_LOCAL"	"Pilsner: im Bier- und Getränkeregal gewöhnlicher großer Rostocker Supermärkte ist helles, untergäriges Lagerbier nach Pilsner Art ohne Vorbestellung verfügbar; keine bestimmte Marke ist verlangt."	"EASY"	"Pilsner: im Bier- und Getränkeregal gewöhnlicher großer Rostocker Supermärkte ist helles, untergäriges Lagerbier nach Pilsner Art ohne Vorbestellung verfügbar; keine bestimmte Marke ist verlangt."	"OPTIONAL"	""	"BORDERLINE_PLANNED|EVIDENCE_REQUIRED|RATING_RECONCILED_V2|TOBIAS_ROSTOCK_PROFILE"	"PROPOSED_FOR_HUMAN_REVIEW"
"PIMENT_D_ESPELETTE"	"Piment d’Espelette"	"APPLICABLE"	"Getrocknetes, fein gemahlenes Piment-d’Espelette-Gewürz nach französisch-baskischer Art; nicht generisches Chilipulver oder die frische ganze Schote."	"GENERAL_BROAD"	"Piment d’Espelette: Boomers bietet das AOP-Gewürz aus Espelette luftgetrocknet und fein gemahlen lagernd mit DHL-Lieferung in 1–3 Werktagen an; damit besteht für Bornheim ein vorbereiteter Gewürzversand statt lokaler Bestandszusage."	"PLANNED"	"Piment d’Espelette: Boomers bietet das AOP-Gewürz aus Espelette luftgetrocknet und fein gemahlen lagernd mit DHL-Lieferung in 1–3 Werktagen an; damit besteht für Bornheim ein vorbereiteter Gewürzversand statt lokaler Bestandszusage."	"REQUIRED"	"AV2N-N-0050"	"GENERAL_BROAD"	"Piment d’Espelette: Boomers bietet das AOP-Gewürz aus Espelette luftgetrocknet und fein gemahlen lagernd an; DHL-Zustellung in 1–3 Werktagen eröffnet Rostock eine konkrete Vorbestellroute."	"PLANNED"	"Piment d’Espelette: Boomers bietet das AOP-Gewürz aus Espelette luftgetrocknet und fein gemahlen lagernd an; DHL-Zustellung in 1–3 Werktagen eröffnet Rostock eine konkrete Vorbestellroute."	"REQUIRED"	"AV2N-N-0051"	"BORDERLINE_PLANNED|EVIDENCE_REQUIRED|FORM_SENSITIVE|RESEARCH_REQUIRED|TOBIAS_ROSTOCK_PROFILE"	"PROPOSED_FOR_HUMAN_REVIEW"
"PINE_NUT"	"Pinienkerne"	"APPLICABLE"	"Ölreiche Samen von Pinien mit mild-harzigem, buttrigem Aroma; roh oder geröstet verwendbar."	"GENERAL_LOCAL"	"Katalogpfad Nüsse → Kerne und Samen. Warengruppe Nuss, Saat oder Mus, formrelevanter Prüfhinweis aus der vollständigen Definition: »roh oder geröstet verwendbar«. Regelweg in Bornheim über den lokalen Supermarktbereich »Nuss-, Saaten- oder Nussmusregal« in Bornheim."	"EASY"	"Pinienkerne: gewöhnlicher lokaler Bezugsweg über den Bereich »Nuss-, Saaten- oder Nussmusregal«."	"OPTIONAL"	""	"GENERAL_LOCAL"	"Die Beschaffung von „Pinienkerne“ erfolgt in Rostock über das Nuss-, Saaten-, Back- oder Brotaufstrichregal eines gewöhnlichen großen Rostocker Supermarkts."	"EASY"	"Pinienkerne: gewöhnlicher lokaler Bezugsweg über den Bereich »Pinienkerne«."	"OPTIONAL"	""	"TOBIAS_ROSTOCK_PROFILE"	"PROPOSED_FOR_HUMAN_REVIEW"
"PINEAPPLE"	"Ananas"	"APPLICABLE"	"Ananas mit saftigem süß-säuerlichem Fruchtfleisch; frisch, tiefgekühlt oder schlicht konserviert verwendbar."	"GENERAL_LOCAL"	"Katalogpfad Tropenfrucht → Obst. Warengruppe Obst, formrelevanter Prüfhinweis aus der vollständigen Definition: »frisch, tiefgekühlt oder schlicht konserviert verwendbar«. Regelweg in Bornheim über das örtliche Sortiment »Obst- und Gemüseabteilung« beim Wocheneinkauf in Bornheim."	"EASY"	"Ananas: gewöhnlicher lokaler Bezugsweg über den Bereich »Obst- und Gemüseabteilung«."	"OPTIONAL"	""	"GENERAL_LOCAL"	"Tobias sucht „Ananas“ in Rostock über den Obst- oder Tiefkühlobstbereich eines gewöhnlichen großen Rostocker Supermarkts gesucht."	"EASY"	"Ananas: gewöhnlicher lokaler Bezugsweg über den Bereich »Ananas«."	"OPTIONAL"	""	"FORM_SENSITIVE|TOBIAS_ROSTOCK_PROFILE"	"PROPOSED_FOR_HUMAN_REVIEW"
"PINNEKJOTT"	"Pinnekjøtt"	"APPLICABLE"	"Gesalzene und getrocknete Rippen vom Schaf oder Lamm nach Pinnekjøtt-Art; geräucherte Varianten sind möglich, werden aber nicht vorausgesetzt. Gemeint ist das noch zuzubereitende Fleischprodukt, nicht das vollständige Weihnachtsgericht."	"NICHE_IMPORT"	"Katalogpfad gepökeltes oder luftgetrocknetes Fleisch → Fleisch. Warengruppe Wurst oder Pökelfleisch, formrelevanter Prüfhinweis aus der vollständigen Definition: »Gemeint ist das noch zuzubereitende Fleischprodukt, nicht das vollständige Weihnachtsgericht«. Der v2-Anker hält den Engpass fest: Saisonaler norwegischer Fleischimport über wenige Spezialhändler genaue Produktform und Lieferfenster sind fragil."	"DIFFICULT"	"Pinnekjøtt: Saisonaler norwegischer Fleischimport über wenige Spezialhändler; genaue Produktform und Lieferfenster sind fragil."	"REQUIRED"	"AV2E-084"	"NICHE_IMPORT"	"Pinnekjøtt: Saisonaler norwegischer Fleischimport über wenige Spezialhändler; genaue Produktform und Lieferfenster sind fragil."	"DIFFICULT"	"Pinnekjøtt: Saisonaler norwegischer Fleischimport über wenige Spezialhändler; genaue Produktform und Lieferfenster sind fragil."	"REQUIRED"	"AV2E-084"	"EVIDENCE_REQUIRED|FORM_OR_LOGISTICS_RISK|FORM_OR_ROUTE_FRAGILE|REFERENCE_ANCHOR|REFERENCE_ANCHOR_V2|RESEARCH_REQUIRED|TOBIAS_ROSTOCK_PROFILE"	"RATING_APPROVED_NOTE_PROPOSED_REFERENCE_ANCHOR_V2"
"PINTO_BEANS"	"Pintobohnen"	"APPLICABLE"	"Gesprenkelte Pintobohnen mit erdig-cremigem Geschmack; getrocknet oder vorgegart verwendbar."	"GENERAL_BROAD"	"Katalogpfad Bohnen → Hülsenfrüchte. Warengruppe Hülsenfrucht, formrelevanter Prüfhinweis aus der vollständigen Definition: »getrocknet oder vorgegart verwendbar«. Allgemein planbarer, aber nicht lokal garantierter Weg über eine geplante Fahrt zu einem großen Markt mit dem Sortiment »Hülsenfrucht-, Konserven- oder Trockenwarenregal«."	"PLANNED"	"Pintobohnen ist über eine geplante Fahrt zu einem großen Markt mit dem Sortiment »Hülsenfrucht-, Konserven- oder Trockenwarenregal« im allgemeinen deutschen Handel planbar, lokal aber kein verlässlicher Standardartikel."	"OPTIONAL"	""	"GENERAL_BROAD"	"Beim Einkauf von „Pintobohnen“ nutzt Tobias gut sortierte Vollsortimenter und etablierte deutsche Bio- oder Trockenwarenhändler."	"PLANNED"	"Pintobohnen: Beim Einkauf von „Pintobohnen“ nutzt Tobias gut sortierte Vollsortimenter und etablierte deutsche Bio- oder Trockenwarenhändler."	"OPTIONAL"	""	"RATING_RECONCILED_V2|TOBIAS_ROSTOCK_PROFILE"	"PROPOSED_FOR_HUMAN_REVIEW"
"PIQUILLO_PEPPER"	"Piquillo-Paprika"	"APPLICABLE"	"Geröstete und geschälte rote Piquillo-Paprika als küchenfertiges Produkt, typischerweise im Glas oder in der Dose; nicht rohe rote Paprika."	"SPECIALTY_BROAD"	"Katalogpfad geröstete Paprika → konservierte pflanzliche Zutat → rote Paprika → Paprika. Warengruppe konservierte Pflanzenware, formrelevanter Prüfhinweis aus der vollständigen Definition: »nicht rohe rote Paprika«. Breiter einschlägiger Spezialmarkt über die voneinander unabhängigen Händler FrischeParadies – fruit and vegetable direct shop sowie BOS FOOD – Pimiento Piquillo El Carrascal 225 g."	"SPECIALTY"	"Piquillo-Paprika ist im einschlägigen Spezialmarkt breit etabliert; dokumentierte reguläre Wege sind die voneinander unabhängigen Händler FrischeParadies – fruit and vegetable direct shop sowie BOS FOOD – Pimiento Piquillo El Carrascal 225 g."	"REQUIRED"	"AV2N-N-0052|AV2N-N-0053"	"SPECIALTY_BROAD"	"Tobias prüft „Piquillo-Paprika“ in Rostock über BOS FOOD – Pimiento Piquillo El Carrascal 225 g und FrischeParadies – fruit and vegetable direct shop, wobei die Evidenz eine vor dem Einkauf erneut zu prüfende Verfügbarkeit und Frischeversand sowie Standardversand ausweist."	"SPECIALTY"	"Piquillo-Paprika: Rostocker Bezugsweg über BOS FOOD – Pimiento Piquillo El Carrascal 225 g und FrischeParadies – fruit and vegetable direct shop; dokumentiert sind eine vor dem Einkauf erneut zu prüfende Verfügbarkeit und Frischeversand sowie Standardversand."	"REQUIRED"	"AV2N-N-0054|AV2N-N-0055"	"BORDERLINE_PLANNED|EVIDENCE_REQUIRED|RATING_RECONCILED_V2|RESEARCH_REQUIRED|SPECIALTY_MARKET_BREADTH|TOBIAS_ROSTOCK_PROFILE"	"PROPOSED_FOR_HUMAN_REVIEW"
"PISTACHIO"	"Pistazien"	"APPLICABLE"	"Grüne Pistazienkerne mit süßlich-nussigem Aroma; ungesalzen, roh oder geröstet verwendbar."	"GENERAL_LOCAL"	"Katalogpfad Nüsse. Warengruppe Nuss, Saat oder Mus, formrelevanter Prüfhinweis aus der vollständigen Definition: »ungesalzen, roh oder geröstet verwendbar«. Regelweg in Bornheim über den lokalen Supermarktbereich »Nuss-, Saaten- oder Nussmusregal« in Bornheim."	"EASY"	"Pistazien: gewöhnlicher lokaler Bezugsweg über den Bereich »Nuss-, Saaten- oder Nussmusregal«."	"OPTIONAL"	""	"GENERAL_LOCAL"	"Beim Einkauf von „Pistazien“ nutzt Tobias das Nuss-, Saaten-, Back- oder Brotaufstrichregal eines gewöhnlichen großen Rostocker Supermarkts."	"EASY"	"Pistazien: gewöhnlicher lokaler Bezugsweg über den Bereich »Pistazien«."	"OPTIONAL"	""	"TOBIAS_ROSTOCK_PROFILE"	"PROPOSED_FOR_HUMAN_REVIEW"
"PITA"	"Pita"	"APPLICABLE"	"Rundes weiches Fladenbrot, häufig mit beim Backen entstehender Tasche; nicht Tortilla."	"GENERAL_LOCAL"	"Abgepackte Pitataschen werden im Brot- und Backwarenbereich gewöhnlicher Bornheimer Vollsortimenter bei Fladenbroten geführt."	"EASY"	"Pita: Abgepackte Pitataschen werden im Brot- und Backwarenbereich gewöhnlicher Bornheimer Vollsortimenter bei Fladenbroten geführt."	"OPTIONAL"	""	"GENERAL_LOCAL"	"Die Rostocker Warenprüfung für „Pita“ erfolgt über das Back-, Süßwaren- oder Brotregal eines gewöhnlichen großen Rostocker Supermarkts."	"EASY"	"Pita: gewöhnlicher lokaler Bezugsweg über den Bereich »Pita«."	"OPTIONAL"	""	"TOBIAS_ROSTOCK_PROFILE"	"PROPOSED_FOR_HUMAN_REVIEW"
"PLA_RA"	"Pla Ra"	"APPLICABLE"	"Thailändischer, besonders mit Isan verbundener salzfermentierter Süßwasserfisch; je nach Produkt als Fischstücke, Paste oder gekochte flüssige Würze erhältlich. Nicht Fischsauce oder Garnelenpaste."	"SPECIALTY_BROAD"	"Katalogpfad fermentierte Würzzutat → fertige Sauce oder Würzpaste → Sauce, Würzmittel oder Paste. Warengruppe Sauce oder Würzpaste, formrelevanter Prüfhinweis aus der vollständigen Definition: »Nicht Fischsauce oder Garnelenpaste«. Breiter einschlägiger Spezialmarkt über die voneinander unabhängigen Händler Asia Foodstore – Nongporn Pla Ra fermented fish sauce sowie MyThaiFood – Mea E-Pim fermented Pla-ra sauce."	"SPECIALTY"	"Pla Ra ist im einschlägigen Spezialmarkt breit etabliert; dokumentierte reguläre Wege sind die voneinander unabhängigen Händler Asia Foodstore – Nongporn Pla Ra fermented fish sauce sowie MyThaiFood – Mea E-Pim fermented Pla-ra sauce."	"REQUIRED"	"AV2N-N-0056|AV2N-N-0057"	"SPECIALTY_BROAD"	"Tobias prüft „Pla Ra“ in Rostock über Asia Foodstore – Nongporn Pla Ra fermented fish sauce und MyThaiFood – Mea E-Pim fermented Pla-ra sauce, wobei die Evidenz verfügbaren Bestand in einem laufenden Fachsortiment und Standardversand ausweist."	"SPECIALTY"	"Pla Ra: Rostocker Bezugsweg über Asia Foodstore – Nongporn Pla Ra fermented fish sauce und MyThaiFood – Mea E-Pim fermented Pla-ra sauce; dokumentiert ist verfügbarer Bestand in einem laufenden Fachsortiment und Standardversand."	"REQUIRED"	"AV2N-N-0058|AV2N-N-0059"	"EVIDENCE_REQUIRED|RESEARCH_REQUIRED|SPECIALTY_MARKET_BREADTH|TOBIAS_ROSTOCK_PROFILE"	"PROPOSED_FOR_HUMAN_REVIEW"
"PLAICE"	"Scholle"	"APPLICABLE"	"Scholle als magerer Plattfisch mit zartem, mildem Fleisch; ganz oder als Filet verwendbar."	"GENERAL_BROAD"	"Deutsche See – Scholle ohne Kopf belegt formgenau: Deutsche See bietet eine ganze ausgenommene Scholle ohne Kopf mit Haut und Gräten als aktuell verfügbaren Artikel an. Für Georgia in Bornheim gilt: Deutschlandweiter gekühlter Wunschterminversand nach Bornheim und Rostock; Logistik FRESH_SHIPPING. Frischware soll spätestens am Folgetag verbraucht werden; Liefertermin, Mindestbestellwert und Kühlkette bleiben erforderlich."	"PLANNED"	"Scholle: Deutsche See bietet eine ganze ausgenommene Scholle ohne Kopf mit Haut und Gräten als aktuell verfügbaren Artikel an."	"REQUIRED"	"AV2N-N-0060|AV2N-P-0023"	"GENERAL_BROAD"	"Deutsche See – Scholle ohne Kopf belegt formgenau: Deutsche See bietet eine ganze ausgenommene Scholle ohne Kopf mit Haut und Gräten als aktuell verfügbaren Artikel an. Für Tobias in Rostock gilt: Deutschlandweiter gekühlter Wunschterminversand nach Bornheim und Rostock; Logistik FRESH_SHIPPING. Frischware soll spätestens am Folgetag verbraucht werden; Liefertermin, Mindestbestellwert und Kühlkette bleiben erforderlich."	"PLANNED"	"Scholle: Deutsche See bietet eine ganze ausgenommene Scholle ohne Kopf mit Haut und Gräten als aktuell verfügbaren Artikel an."	"REQUIRED"	"AV2N-N-0061|AV2N-P-0023"	"BORDERLINE_PLANNED|EVIDENCE_REQUIRED|RATING_RECONCILED_V2|TOBIAS_ROSTOCK_PROFILE"	"PROPOSED_FOR_HUMAN_REVIEW"
"PLANT_DRINKS"	"pflanzlicher Drink"	"NOT_APPLICABLE_STRUCTURE"	""	""	""	""	""	""	""	""	""	""	""	""	""	""	"APPROVED_NOT_APPLICABLE"
"PLANT_PROTEIN_PRODUCTS"	"pflanzliches Proteinprodukt"	"APPLICABLE"	"Offene Vorgabe für verarbeitete pflanzliche Proteinprodukte wie Tofu, Seitan oder Mykoprotein; Rohstoff bleibt wählbar."	"GENERAL_LOCAL"	"Katalogpfad eigenständige Katalogwurzel. Warengruppe pflanzliches Proteinprodukt, formrelevanter Prüfhinweis aus der vollständigen Definition: »Rohstoff bleibt wählbar«. Regelweg in Bornheim über den lokalen Supermarktbereich »Kühlregal für Tofu und pflanzliche Proteinprodukte« in Bornheim."	"EASY"	"pflanzliches Proteinprodukt: gewöhnlicher lokaler Bezugsweg über den Bereich »Kühlregal für Tofu und pflanzliche Proteinprodukte«."	"OPTIONAL"	""	"GENERAL_LOCAL"	"Tobias prüft „pflanzliches Proteinprodukt“ in Rostock über die Kühl- oder Bioabteilung eines gewöhnlichen großen Rostocker Supermarkts."	"EASY"	"pflanzliches Proteinprodukt: Rostocker Bezugsweg über die Kühl- oder Bioabteilung eines gewöhnlichen großen Rostocker Supermarkts."	"OPTIONAL"	""	"RATING_RECONCILED_V2|TOBIAS_ROSTOCK_PROFILE"	"PROPOSED_FOR_HUMAN_REVIEW"
"PLANTAIN"	"Kochbanane"	"APPLICABLE"	"Stärkereiche Kochbanane, meist gegart verwendet; grüne und reife süßere Stadien sind umfasst, nicht Dessertbanane."	"SPECIALTY_BROAD"	"Katalogpfad stärkehaltige Zutat oder Sättigungsbeilage → Tropenfrucht → Obst. Warengruppe Obst, formrelevanter Prüfhinweis aus der vollständigen Definition: »grüne und reife süßere Stadien sind umfasst, nicht Dessertbanane«. Breiter einschlägiger Spezialmarkt über die voneinander unabhängigen Händler FrischeParadies – fruit and vegetable direct shop sowie Spice Mart – fresh green plantain."	"SPECIALTY"	"Kochbanane ist im einschlägigen Spezialmarkt breit etabliert; dokumentierte reguläre Wege sind die voneinander unabhängigen Händler FrischeParadies – fruit and vegetable direct shop sowie Spice Mart – fresh green plantain."	"REQUIRED"	"AV2N-N-0062|AV2N-N-0063"	"SPECIALTY_BROAD"	"Tobias prüft „Kochbanane“ in Rostock über FrischeParadies – fruit and vegetable direct shop und Spice Mart – fresh green plantain, wobei die Evidenz eine vor dem Einkauf erneut zu prüfende Verfügbarkeit und Frischeversand ausweist."	"SPECIALTY"	"Kochbanane: Rostocker Bezugsweg über FrischeParadies – fruit and vegetable direct shop und Spice Mart – fresh green plantain; dokumentiert sind eine vor dem Einkauf erneut zu prüfende Verfügbarkeit und Frischeversand."	"REQUIRED"	"AV2N-N-0064|AV2N-N-0065"	"RATING_RECONCILED_V2|RESEARCH_REQUIRED|SPECIALTY_MARKET_BREADTH|TOBIAS_ROSTOCK_PROFILE"	"PROPOSED_FOR_HUMAN_REVIEW"
"PLUM"	"Pflaume"	"APPLICABLE"	"Pflaume beziehungsweise Zwetschge als saftige Steinfrucht; Sorte, Süße und Festigkeit bleiben offen."	"GENERAL_LOCAL"	"Katalogpfad Steinobst → Obst. Warengruppe Obst, formrelevanter Prüfhinweis aus der vollständigen Definition: »Sorte, Süße und Festigkeit bleiben offen«. Regelweg in Bornheim über ortsübliche Vollsortimenter rund um Bornheim, konkret im Bereich »Obst- und Gemüseabteilung«."	"EASY"	"Pflaume: gewöhnlicher lokaler Bezugsweg über den Bereich »Obst- und Gemüseabteilung«."	"OPTIONAL"	""	"GENERAL_LOCAL"	"Für „Pflaume“ wird das Angebot über die Obstabteilung eines gewöhnlichen großen Rostocker Supermarkts kontrolliert."	"EASY"	"Pflaume: gewöhnlicher lokaler Bezugsweg über den Bereich »Pflaume«."	"OPTIONAL"	""	"TOBIAS_ROSTOCK_PROFILE"	"PROPOSED_FOR_HUMAN_REVIEW"
"PLUM_BUTTER"	"Pflaumenmus"	"APPLICABLE"	"Dick eingekochte Pflaumenzubereitung nach Powidl-/Pflaumenmus-Art; als Füllung, Aufstrich oder süß-fruchtige Kochzutat. Zuckerzusatz kann je nach Produkt variieren. Nicht mit Trockenpflaumen oder beliebiger Pflaumenmarmelade gleichsetzen."	"GENERAL_LOCAL"	"Katalogpfad Pflaume → konservierte pflanzliche Zutat → Steinobst → Obst. Warengruppe konservierte Pflanzenware, formrelevanter Prüfhinweis aus der vollständigen Definition: »Nicht mit Trockenpflaumen oder beliebiger Pflaumenmarmelade gleichsetzen«. Regelweg in Bornheim über den lokalen Supermarktbereich »Konserven-, Glas- oder internationales Feinkostregal« in Bornheim."	"EASY"	"Pflaumenmus: gewöhnlicher lokaler Bezugsweg über den Bereich »Konserven-, Glas- oder internationales Feinkostregal«."	"OPTIONAL"	""	"GENERAL_LOCAL"	"Tobias sucht „Pflaumenmus“ in Rostock über das Konserven-, Sauergemüse- oder Feinkostregal eines gewöhnlichen großen Rostocker Supermarkts gesucht."	"EASY"	"Pflaumenmus: gewöhnlicher lokaler Bezugsweg über den Bereich »Pflaumenmus«."	"OPTIONAL"	""	"TOBIAS_ROSTOCK_PROFILE"	"PROPOSED_FOR_HUMAN_REVIEW"
"POBLANO"	"Poblano"	"APPLICABLE"	"Große dunkelgrüne mexikanische Chili mit milder bis mittlerer Schärfe; getrocknet heißt sie Ancho."	"NICHE_IMPORT"	"Katalogpfad frische Chili → Fruchtgemüse → Gemüse. Warengruppe Gemüse oder Pilz, formrelevanter Prüfhinweis aus der vollständigen Definition: »getrocknet heißt sie Ancho«. Die formtreuen Seiten bei México Mágico – fresh Poblano listing sind aktuell ausverkauft; Frischeversand und wenige Händler machen den Weg fragil."	"DIFFICULT"	"Frische Poblano-Schoten sind nur über einen derzeit ausverkauften mexikanischen Nischenweg belegt; getrocknete Ancho-Chilis sind kein Ersatz."	"REQUIRED"	"AV2N-N-0066"	"NICHE_IMPORT"	"Tobias prüft „Poblano“ in Rostock über México Mágico – fresh Poblano listing, wobei die Evidenz nur einen beim Abruf ausverkauften Formtreffer und Frischeversand ausweist."	"DIFFICULT"	"Frische Poblano-Schoten sind nur über einen derzeit ausverkauften mexikanischen Nischenweg belegt; getrocknete Ancho-Chilis sind kein Ersatz."	"REQUIRED"	"AV2N-N-0067"	"EVIDENCE_REQUIRED|FORM_OR_LOGISTICS_RISK|FORM_OR_ROUTE_FRAGILE|RESEARCH_REQUIRED|TOBIAS_ROSTOCK_PROFILE"	"PROPOSED_FOR_HUMAN_REVIEW"
"POD_VEGETABLES"	"Hülsen- und Schotengemüse"	"APPLICABLE"	"Offene Vorgabe für Gemüse aus jungen Hülsen, Schoten oder darin enthaltenen frischen Samen."	"GENERAL_LOCAL"	"Katalogpfad Gemüse. Warengruppe Gemüse oder Pilz, formrelevanter Prüfhinweis aus der vollständigen Definition: »jungen Hülsen, Schoten oder darin enthaltenen frischen Samen«. Regelweg in Bornheim über die gewöhnliche Bornheimer Auslage »Obst- und Gemüseabteilung«."	"EASY"	"Hülsen- und Schotengemüse: gewöhnlicher lokaler Bezugsweg über den Bereich »Obst- und Gemüseabteilung«."	"OPTIONAL"	""	"GENERAL_LOCAL"	"Die Rostocker Warenprüfung für „Hülsen- und Schotengemüse“ erfolgt über die Gemüseabteilung eines gewöhnlichen großen Rostocker Supermarkts."	"EASY"	"Hülsen- und Schotengemüse: gewöhnlicher lokaler Bezugsweg über den Bereich »Hülsen- und Schotengemüse«."	"OPTIONAL"	""	"FORM_SENSITIVE|TOBIAS_ROSTOCK_PROFILE"	"PROPOSED_FOR_HUMAN_REVIEW"
"POINTED_CABBAGE"	"Spitzkohl"	"APPLICABLE"	"Zarter kegelförmiger Spitzkohl mit milderem Geschmack als Weißkohl; roh und gegart verwendbar."	"GENERAL_LOCAL"	"Katalogpfad Kohlgemüse → Gemüse. Warengruppe Gemüse oder Pilz, formrelevanter Prüfhinweis aus der vollständigen Definition: »roh und gegart verwendbar«. Regelweg in Bornheim über nahe Supermarktfilialen in Bornheim mit dem Bereich »Obst- und Gemüseabteilung«."	"EASY"	"Spitzkohl: gewöhnlicher lokaler Bezugsweg über den Bereich »Obst- und Gemüseabteilung«."	"OPTIONAL"	""	"GENERAL_LOCAL"	"Tobias prüft „Spitzkohl“ in Rostock über die Gemüseabteilung eines gewöhnlichen großen Rostocker Supermarkts."	"EASY"	"Spitzkohl: Rostocker Bezugsweg über die Gemüseabteilung eines gewöhnlichen großen Rostocker Supermarkts."	"OPTIONAL"	""	"TOBIAS_ROSTOCK_PROFILE"	"PROPOSED_FOR_HUMAN_REVIEW"
"POLENTA"	"Polenta"	"APPLICABLE"	"Maisgrieß beziehungsweise daraus gegarte schnittfeste oder cremige Polenta; Körnung und Vorbehandlung bleiben offen."	"GENERAL_LOCAL"	"Katalogpfad Mais → Getreide oder Pseudogetreide → stärkehaltige Zutat oder Sättigungsbeilage. Warengruppe Getreide- oder Stärkeware, formrelevanter Prüfhinweis aus der vollständigen Definition: »Körnung und Vorbehandlung bleiben offen«. Regelweg in Bornheim über die regulären lokalen Sortimente REWE – Bio Polenta 500 g sowie dmBio – Maisgrieß Polenta 500 g."	"EASY"	"Polenta: gewöhnlicher lokaler Bezugsweg über die regulären lokalen Sortimente REWE – Bio Polenta 500 g sowie dmBio – Maisgrieß Polenta 500 g."	"REQUIRED"	"AV2N-N-0068|AV2N-QA-0005|AV2N-QA-0006"	"GENERAL_LOCAL"	"Polenta: das Getreide-, Maisgrieß- und Trockenwarenregal gewöhnlicher großer Rostocker Supermärkte führt Maisgrieß regulär; vorgegarte Polenta kann ergänzend im Conveniencebereich liegen, Körnung und Vorbehandlung bleiben offen."	"EASY"	"Polenta: das Getreide-, Maisgrieß- und Trockenwarenregal gewöhnlicher großer Rostocker Supermärkte führt Maisgrieß regulär; vorgegarte Polenta kann ergänzend im Conveniencebereich liegen, Körnung und Vorbehandlung bleiben offen."	"OPTIONAL"	""	"BORDERLINE_PLANNED|EVIDENCE_REQUIRED|RATING_RECONCILED_V2|TOBIAS_ROSTOCK_PROFILE"	"PROPOSED_FOR_HUMAN_REVIEW"
"POLLOCK"	"Köhler (Seelachs)"	"APPLICABLE"	"Gemeint ist Köhler beziehungsweise Seelachs (Pollachius virens), nicht Alaska-Seelachs (Gadus chalcogrammus)."	"GENERAL_BROAD"	"Katalogpfad weißfleischiger Fisch → Fisch → Fisch und Meeresfrüchte. Warengruppe Fisch oder Meeresfrucht, formrelevanter Prüfhinweis aus der vollständigen Definition: »beziehungsweise Seelachs (Pollachius virens), nicht Alaska-Seelachs (Gadus chalcogrammus)«. Allgemein planbarer, aber nicht lokal garantierter Weg über eine gezielte Bestellung oder Sortimentsprüfung bei Deutsche See – Pollachius virens Seelachs fillets."	"PLANNED"	"Köhler (Seelachs) ist über eine gezielte Bestellung oder Sortimentsprüfung bei Deutsche See – Pollachius virens Seelachs fillets im allgemeinen deutschen Handel planbar, lokal aber kein verlässlicher Standardartikel."	"REQUIRED"	"AV2N-N-0069"	"GENERAL_BROAD"	"Tobias prüft „Köhler (Seelachs)“ in Rostock über Deutsche See – Pollachius virens Seelachs fillets, wobei die Evidenz ein dokumentiertes laufendes Angebot und Tiefkühlversand ausweist."	"PLANNED"	"Köhler (Seelachs): Rostocker Bezugsweg über Deutsche See – Pollachius virens Seelachs fillets; dokumentiert sind ein dokumentiertes laufendes Angebot und Tiefkühlversand."	"REQUIRED"	"AV2N-N-0070"	"RATING_RECONCILED_V2|TOBIAS_ROSTOCK_PROFILE"	"PROPOSED_FOR_HUMAN_REVIEW"
"POME_FRUIT"	"Kernobst"	"APPLICABLE"	"Offene Vorgabe für Kernobst wie Apfel, Birne oder Quitte; Sorte und Reifegrad bleiben wählbar."	"GENERAL_LOCAL"	"Katalogpfad Obst. Warengruppe Obst, formrelevanter Prüfhinweis aus der vollständigen Definition: »Sorte und Reifegrad bleiben wählbar«. Regelweg in Bornheim über ortsübliche Vollsortimenter rund um Bornheim, konkret im Bereich »Obst- und Gemüseabteilung«."	"EASY"	"Kernobst: gewöhnlicher lokaler Bezugsweg über den Bereich »Obst- und Gemüseabteilung«."	"OPTIONAL"	""	"GENERAL_LOCAL"	"Der konkrete Bezug von „Kernobst“ läuft über die Obstabteilung eines gewöhnlichen großen Rostocker Supermarkts."	"EASY"	"Kernobst: gewöhnlicher lokaler Bezugsweg über den Bereich »Kernobst«."	"OPTIONAL"	""	"TOBIAS_ROSTOCK_PROFILE"	"PROPOSED_FOR_HUMAN_REVIEW"
"POMEGRANATE"	"Granatapfel"	"APPLICABLE"	"Granatapfel mit saftig-säuerlichen Samenhüllen; gemeint sind Frucht und Kerne, nicht Sirup."	"GENERAL_LOCAL"	"Katalogpfad Obst. Warengruppe Obst, formrelevanter Prüfhinweis aus der vollständigen Definition: »gemeint sind Frucht und Kerne, nicht Sirup«. Regelweg in Bornheim über ortsübliche Vollsortimenter rund um Bornheim, konkret im Bereich »Obst- und Gemüseabteilung«."	"EASY"	"Granatapfel: gewöhnlicher lokaler Bezugsweg über den Bereich »Obst- und Gemüseabteilung«."	"OPTIONAL"	""	"GENERAL_LOCAL"	"Tobias sucht „Granatapfel“ in Rostock über die Obstabteilung eines gewöhnlichen großen Rostocker Supermarkts gesucht."	"EASY"	"Granatapfel: gewöhnlicher lokaler Bezugsweg über den Bereich »Granatapfel«."	"OPTIONAL"	""	"RATING_RECONCILED_V2|TOBIAS_ROSTOCK_PROFILE"	"PROPOSED_FOR_HUMAN_REVIEW"
"POMEGRANATE_MOLASSES"	"Granatapfelmelasse"	"APPLICABLE"	"Dick eingekochter Granatapfelsaft mit intensiver süß-saurer Fruchtigkeit; nicht Zuckerrohrmelasse."	"GENERAL_BROAD"	"Katalogpfad Sirup → Süßungsmittel. Warengruppe Süßungs- oder Kakaoware, formrelevanter Prüfhinweis aus der vollständigen Definition: »nicht Zuckerrohrmelasse«. Allgemein planbarer, aber nicht lokal garantierter Weg über den im v2-Anker festgehaltenen Planweg: Für das Bornheim-Profil über breiteren nahöstlichen Fachmarkt planbar."	"PLANNED"	"Granatapfelmelasse: Für Georgia über breiteren nahöstlichen Fachmarkt planbar; für Tobias typisches Produkt des breiten Spezialmarkts."	"REQUIRED"	"AV2E-036"	"SPECIALTY_BROAD"	"Granatapfelmelasse: Levantinische und türkische Lebensmittel-Fachsortimente führen dick eingekochten Granatapfelsaft in Flaschen verschiedener Hersteller; diese Spezialmarktbreite trägt die sirupartige Produktform."	"SPECIALTY"	"Granatapfelmelasse: Für Georgia über breiteren nahöstlichen Fachmarkt planbar; für Tobias typisches Produkt des breiten Spezialmarkts."	"REQUIRED"	"AV2E-037"	"PERSON_DIFFERENCE|REFERENCE_ANCHOR|REFERENCE_ANCHOR_V2|RESEARCH_REQUIRED|SPECIALTY_MARKET_BREADTH|TOBIAS_ROSTOCK_PROFILE"	"RATING_APPROVED_NOTE_PROPOSED_REFERENCE_ANCHOR_V2"
"POMELO"	"Pomelo"	"APPLICABLE"	"Sehr große Zitrusfrucht mit dickem Mesokarp und mild bitter-säuerlichen Fruchtsegmenten; nicht Grapefruit."	"GENERAL_BROAD"	"Katalogpfad Zitrusfrucht → Obst. Warengruppe Obst, formrelevanter Prüfhinweis aus der vollständigen Definition: »nicht Grapefruit«. Allgemein planbarer, aber nicht lokal garantierter Weg über eine gezielte Filial- oder Bestellprüfung für Obst im allgemeinen deutschen Handel."	"PLANNED"	"Pomelo ist über eine gezielte Filial- oder Bestellprüfung für Obst im allgemeinen deutschen Handel planbar, lokal aber kein verlässlicher Standardartikel."	"OPTIONAL"	""	"GENERAL_BROAD"	"Für „Pomelo“ wird das Angebot über gut sortierte Vollsortimenter und etablierte deutsche Frucht- oder Frischehändler kontrolliert."	"PLANNED"	"Pomelo: Für „Pomelo“ wird das Angebot über gut sortierte Vollsortimenter und etablierte deutsche Frucht- oder Frischehändler kontrolliert."	"OPTIONAL"	""	"TOBIAS_ROSTOCK_PROFILE"	"PROPOSED_FOR_HUMAN_REVIEW"
"PONZU"	"Ponzu"	"APPLICABLE"	"Japanische zitrusbetonte Würzsauce, meist mit Sojasauce und Dashi-Komponenten; konkrete Zitrusfrucht kann variieren."	"SPECIALTY_BROAD"	"Katalogpfad fertige Sauce oder Würzpaste → Sauce, Würzmittel oder Paste. Warengruppe Sauce oder Würzpaste, formrelevanter Prüfhinweis aus der vollständigen Definition: »konkrete Zitrusfrucht kann variieren«. Breiter einschlägiger Spezialmarkt über die voneinander unabhängigen Händler Asiafoodland – Asian food direct shop sowie Deutsche See – Ponzu with Yuzu and Sudachi."	"SPECIALTY"	"Ponzu ist im einschlägigen Spezialmarkt breit etabliert; dokumentierte reguläre Wege sind die voneinander unabhängigen Händler Asiafoodland – Asian food direct shop sowie Deutsche See – Ponzu with Yuzu and Sudachi."	"REQUIRED"	"AV2N-N-0071|AV2N-N-0072"	"SPECIALTY_BROAD"	"Tobias prüft „Ponzu“ in Rostock über Asiafoodland – Asian food direct shop und Deutsche See – Ponzu with Yuzu and Sudachi, wobei die Evidenz verfügbaren Bestand in einem laufenden Fachsortiment und Standardversand ausweist."	"SPECIALTY"	"Ponzu: Rostocker Bezugsweg über Asiafoodland – Asian food direct shop und Deutsche See – Ponzu with Yuzu and Sudachi; dokumentiert ist verfügbarer Bestand in einem laufenden Fachsortiment und Standardversand."	"REQUIRED"	"AV2N-N-0073|AV2N-N-0074"	"RATING_RECONCILED_V2|RESEARCH_REQUIRED|SPECIALTY_MARKET_BREADTH|TOBIAS_ROSTOCK_PROFILE"	"PROPOSED_FOR_HUMAN_REVIEW"
"POPPY_SEEDS"	"Mohn"	"APPLICABLE"	"Mohnsamen mit nussigem Aroma; ganz, gemahlen oder als ungesüßte Mohnmasse verwendbar."	"GENERAL_LOCAL"	"Katalogpfad Kerne und Samen. Warengruppe Nuss, Saat oder Mus, formrelevanter Prüfhinweis aus der vollständigen Definition: »ganz, gemahlen oder als ungesüßte Mohnmasse verwendbar«. Regelweg in Bornheim über nahe Supermarktfilialen in Bornheim mit dem Bereich »Nuss-, Saaten- oder Nussmusregal«."	"EASY"	"Mohn: gewöhnlicher lokaler Bezugsweg über den Bereich »Nuss-, Saaten- oder Nussmusregal«."	"OPTIONAL"	""	"GENERAL_LOCAL"	"Mohn: Die Backregale gewöhnlicher großer Rostocker Supermärkte führen Mohnsamen regelmäßig ganz, gemahlen oder als ungesüßte Mohnmasse; die konkrete Produktform richtet sich nach dem Rezept."	"EASY"	"Mohnsamen sind ganz, gemahlen oder als ungesüßte Mohnmasse regulär in den Backregalen großer Rostocker Supermärkte erhältlich."	"OPTIONAL"	""	"RATING_RECONCILED_V2|TOBIAS_ROSTOCK_PROFILE"	"PROPOSED_FOR_HUMAN_REVIEW"
"PORCINI"	"Steinpilze"	"APPLICABLE"	"Steinpilze mit festem Fleisch und intensiv nussig-umamireichem Waldpilzaroma; frisch oder getrocknet verwendbar."	"GENERAL_BROAD"	"Katalogpfad Pilze → Gemüse. Warengruppe Gemüse oder Pilz, formrelevanter Prüfhinweis aus der vollständigen Definition: »frisch oder getrocknet verwendbar«. Allgemein planbarer, aber nicht lokal garantierter Weg über eine geplante Fahrt zu einem großen Markt mit dem Sortiment »Obst- und Gemüseabteilung«."	"PLANNED"	"Steinpilze ist über eine geplante Fahrt zu einem großen Markt mit dem Sortiment »Obst- und Gemüseabteilung« im allgemeinen deutschen Handel planbar, lokal aber kein verlässlicher Standardartikel."	"OPTIONAL"	""	"GENERAL_BROAD"	"Für „Steinpilze“ führt der Rostocker Marktweg über gut sortierte Vollsortimenter und etablierte deutsche Pilz- oder Frischehändler."	"PLANNED"	"Steinpilze: Rostocker Bezugsweg über gut sortierte Vollsortimenter und etablierte deutsche Pilz- oder Frischehändler."	"OPTIONAL"	""	"FORM_SENSITIVE|TOBIAS_ROSTOCK_PROFILE"	"PROPOSED_FOR_HUMAN_REVIEW"
"PORK"	"Schweinefleisch"	"APPLICABLE"	"Offene Vorgabe für Schweinefleisch; Zuschnitt, Fettanteil und geeignete Garmethode bleiben bewusst wählbar."	"GENERAL_LOCAL"	"Katalogpfad Fleisch. Warengruppe Fleisch, formrelevanter Prüfhinweis aus der vollständigen Definition: »Zuschnitt, Fettanteil und geeignete Garmethode bleiben bewusst wählbar«. Regelweg in Bornheim über nahe Supermarktfilialen in Bornheim mit dem Bereich »Fleischkühlung oder Bedientheke«."	"EASY"	"Schweinefleisch: gewöhnlicher lokaler Bezugsweg über den Bereich »Fleischkühlung oder Bedientheke«."	"OPTIONAL"	""	"GENERAL_LOCAL"	"Tobias sucht „Schweinefleisch“ in Rostock über die Fleischkühlung oder Bedientheke eines gewöhnlichen großen Rostocker Supermarkts gesucht."	"EASY"	"Schweinefleisch: gewöhnlicher lokaler Bezugsweg über den Bereich »Schweinefleisch«."	"OPTIONAL"	""	"TOBIAS_ROSTOCK_PROFILE"	"PROPOSED_FOR_HUMAN_REVIEW"
"PORK_BELLY"	"Schweinebauch"	"APPLICABLE"	"Durchwachsener Schweinebauch mit Schichten aus Fleisch und Fett; mit oder ohne Schwarte verwendbar."	"GENERAL_LOCAL"	"Katalogpfad Schweinefleisch → Fleisch. Warengruppe Fleisch, formrelevanter Prüfhinweis aus der vollständigen Definition: »mit oder ohne Schwarte verwendbar«. Regelweg in Bornheim über den Bereich »Fleischkühlung oder Bedientheke« eines gewöhnlichen Bornheimer Vollsortimenters."	"EASY"	"Schweinebauch: gewöhnlicher lokaler Bezugsweg über den Bereich »Fleischkühlung oder Bedientheke«."	"OPTIONAL"	""	"GENERAL_LOCAL"	"Die Rostocker Warenprüfung für „Schweinebauch“ erfolgt über die Fleischkühlung oder Bedientheke eines gewöhnlichen großen Rostocker Supermarkts."	"EASY"	"Schweinebauch: gewöhnlicher lokaler Bezugsweg über den Bereich »Schweinebauch«."	"OPTIONAL"	""	"TOBIAS_ROSTOCK_PROFILE"	"PROPOSED_FOR_HUMAN_REVIEW"
"PORK_CHEEK"	"Schweinebäckchen"	"APPLICABLE"	"Kleiner, kollagenreicher Zuschnitt aus der Schweinebacke; durch langsames Garen besonders zart."	"GENERAL_BROAD"	"Katalogpfad Schweinefleisch → Fleisch. Warengruppe Fleisch, formrelevanter Prüfhinweis aus der vollständigen Definition: »durch langsames Garen besonders zart«. Allgemein planbarer, aber nicht lokal garantierter Weg über eine vorab zu prüfendes Sortiment im Bereich »Fleischkühlung oder Bedientheke« eines großen Bornheimer Markts."	"PLANNED"	"Schweinebäckchen ist über ein vorab zu prüfendes Sortiment im Bereich »Fleischkühlung oder Bedientheke« eines großen Bornheimer Markts im allgemeinen deutschen Handel planbar, lokal aber kein verlässlicher Standardartikel."	"OPTIONAL"	""	"GENERAL_BROAD"	"Tobias sucht „Schweinebäckchen“ in Rostock über Vorbestellung an einer gut sortierten Fleischtheke oder etablierter deutscher Metzgereiversand gesucht."	"PLANNED"	"Schweinebäckchen: Tobias sucht „Schweinebäckchen“ in Rostock über Vorbestellung an einer gut sortierten Fleischtheke oder etablierter deutscher Metzgereiversand gesucht."	"OPTIONAL"	""	"TOBIAS_ROSTOCK_PROFILE"	"PROPOSED_FOR_HUMAN_REVIEW"
"PORK_CHOP"	"Schweinekotelett"	"APPLICABLE"	"Schweinekotelett aus dem Rücken mit Rippen- oder Wirbelknochen; zum Braten oder Grillen geeignet."	"GENERAL_LOCAL"	"Katalogpfad Schweinefleisch → Fleisch. Warengruppe Fleisch, formrelevanter Prüfhinweis aus der vollständigen Definition: »zum Braten oder Grillen geeignet«. Regelweg in Bornheim über den lokalen Supermarktbereich »Fleischkühlung oder Bedientheke« in Bornheim."	"EASY"	"Schweinekotelett: gewöhnlicher lokaler Bezugsweg über den Bereich »Fleischkühlung oder Bedientheke«."	"OPTIONAL"	""	"GENERAL_LOCAL"	"Tobias prüft „Schweinekotelett“ in Rostock über die Fleischkühlung oder Bedientheke eines gewöhnlichen großen Rostocker Supermarkts."	"EASY"	"Schweinekotelett: Rostocker Bezugsweg über die Fleischkühlung oder Bedientheke eines gewöhnlichen großen Rostocker Supermarkts."	"OPTIONAL"	""	"TOBIAS_ROSTOCK_PROFILE"	"PROPOSED_FOR_HUMAN_REVIEW"
"PORK_CUTLET"	"Schweineschnitzel"	"APPLICABLE"	"Dünne magere Schweinefleischscheibe für Schnitzel; paniert oder unpaniert, gemeint ist der Zuschnitt."	"GENERAL_LOCAL"	"Katalogpfad Schweinefleisch → Fleisch. Warengruppe Fleisch, formrelevanter Prüfhinweis aus der vollständigen Definition: »paniert oder unpaniert, gemeint ist der Zuschnitt«. Regelweg in Bornheim über den Bereich »Fleischkühlung oder Bedientheke« eines gewöhnlichen Bornheimer Vollsortimenters."	"EASY"	"Schweineschnitzel: gewöhnlicher lokaler Bezugsweg über den Bereich »Fleischkühlung oder Bedientheke«."	"OPTIONAL"	""	"GENERAL_LOCAL"	"Für „Schweineschnitzel“ führt der Rostocker Marktweg über die Fleischkühlung oder Bedientheke eines gewöhnlichen großen Rostocker Supermarkts."	"EASY"	"Schweineschnitzel: Rostocker Bezugsweg über die Fleischkühlung oder Bedientheke eines gewöhnlichen großen Rostocker Supermarkts."	"OPTIONAL"	""	"TOBIAS_ROSTOCK_PROFILE"	"PROPOSED_FOR_HUMAN_REVIEW"
"PORK_KNUCKLE"	"Schweinshaxe"	"APPLICABLE"	"Schweinshaxe mit Knochen, Schwarte und viel Bindegewebe; für langes Braten, Kochen oder Schmoren geeignet."	"GENERAL_LOCAL"	"Katalogpfad Schweinefleisch → Fleisch. Warengruppe Fleisch, formrelevanter Prüfhinweis aus der vollständigen Definition: »für langes Braten, Kochen oder Schmoren geeignet«. Regelweg in Bornheim über den Bereich »Fleischkühlung oder Bedientheke« eines gewöhnlichen Bornheimer Vollsortimenters."	"EASY"	"Schweinshaxe: gewöhnlicher lokaler Bezugsweg über den Bereich »Fleischkühlung oder Bedientheke«."	"OPTIONAL"	""	"GENERAL_LOCAL"	"Die Beschaffung von „Schweinshaxe“ erfolgt in Rostock über die Fleischkühlung oder Bedientheke eines gewöhnlichen großen Rostocker Supermarkts."	"EASY"	"Schweinshaxe: gewöhnlicher lokaler Bezugsweg über den Bereich »Schweinshaxe«."	"OPTIONAL"	""	"TOBIAS_ROSTOCK_PROFILE"	"PROPOSED_FOR_HUMAN_REVIEW"
"PORK_LIVER"	"Schweineleber"	"APPLICABLE"	"Schweineleber mit kräftigem, mineralischem Geschmack und weicher Textur; nicht Leberwurst."	"GENERAL_BROAD"	"Katalogpfad Innereien → Schweinefleisch → Fleisch. Warengruppe Fleisch, formrelevanter Prüfhinweis aus der vollständigen Definition: »nicht Leberwurst«. Im Rheinland führt der passende Einkaufsweg über „Fleischkühlung oder Bedientheke mit bestätigter Abholoption“."	"PLANNED"	"Schweineleber: Im Rheinland führt der passende Einkaufsweg über „Fleischkühlung oder Bedientheke mit bestätigter Abholoption“."	"OPTIONAL"	""	"GENERAL_BROAD"	"Die Rostocker Warenprüfung für „Schweineleber“ erfolgt über Vorbestellung an einer gut sortierten Fleischtheke oder etablierter deutscher Metzgereiversand."	"PLANNED"	"Schweineleber: Die Rostocker Warenprüfung für „Schweineleber“ erfolgt über Vorbestellung an einer gut sortierten Fleischtheke oder etablierter deutscher Metzgereiversand."	"OPTIONAL"	""	"RATING_RECONCILED_V2|TOBIAS_ROSTOCK_PROFILE"	"PROPOSED_FOR_HUMAN_REVIEW"
"PORK_LOIN"	"Schweinerücken"	"APPLICABLE"	"Magerer Schweinerücken als Kotelettstrang oder ausgelöstes Stück; nicht Schweinefilet."	"GENERAL_LOCAL"	"Katalogpfad Schweinefleisch → Fleisch. Warengruppe Fleisch, formrelevanter Prüfhinweis aus der vollständigen Definition: »nicht Schweinefilet«. Regelweg in Bornheim über ortsübliche Vollsortimenter rund um Bornheim, konkret im Bereich »Fleischkühlung oder Bedientheke«."	"EASY"	"Schweinerücken: gewöhnlicher lokaler Bezugsweg über den Bereich »Fleischkühlung oder Bedientheke«."	"OPTIONAL"	""	"GENERAL_LOCAL"	"Beim Einkauf von „Schweinerücken“ nutzt Tobias die Fleischkühlung oder Bedientheke eines gewöhnlichen großen Rostocker Supermarkts."	"EASY"	"Schweinerücken: gewöhnlicher lokaler Bezugsweg über den Bereich »Schweinerücken«."	"OPTIONAL"	""	"TOBIAS_ROSTOCK_PROFILE"	"PROPOSED_FOR_HUMAN_REVIEW"
"PORK_MINCE"	"Schweinehack"	"APPLICABLE"	"Zerkleinertes Schweinefleisch mit variablem Fettanteil; nicht gemischtes Hackfleisch."	"GENERAL_LOCAL"	"Katalogpfad Hackfleisch → Schweinefleisch → Fleisch. Warengruppe Fleisch, formrelevanter Prüfhinweis aus der vollständigen Definition: »nicht gemischtes Hackfleisch«. Regelweg in Bornheim über nahe Supermarktfilialen in Bornheim mit dem Bereich »Fleischkühlung oder Bedientheke«."	"EASY"	"Schweinehack: gewöhnlicher lokaler Bezugsweg über den Bereich »Fleischkühlung oder Bedientheke«."	"OPTIONAL"	""	"GENERAL_LOCAL"	"Für „Schweinehack“ wird das Angebot über die Fleischkühlung oder Bedientheke eines gewöhnlichen großen Rostocker Supermarkts kontrolliert."	"EASY"	"Schweinehack: gewöhnlicher lokaler Bezugsweg über den Bereich »Schweinehack«."	"OPTIONAL"	""	"TOBIAS_ROSTOCK_PROFILE"	"PROPOSED_FOR_HUMAN_REVIEW"
"PORK_NECK"	"Schweinenacken"	"APPLICABLE"	"Gut marmorierter Schweinenacken mit saftigem Fleisch; zum Grillen, Braten oder Schmoren geeignet."	"GENERAL_LOCAL"	"Katalogpfad Schweinefleisch → Fleisch. Warengruppe Fleisch, formrelevanter Prüfhinweis aus der vollständigen Definition: »zum Grillen, Braten oder Schmoren geeignet«. Regelweg in Bornheim über den Bereich »Fleischkühlung oder Bedientheke« eines gewöhnlichen Bornheimer Vollsortimenters."	"EASY"	"Schweinenacken: gewöhnlicher lokaler Bezugsweg über den Bereich »Fleischkühlung oder Bedientheke«."	"OPTIONAL"	""	"GENERAL_LOCAL"	"Der konkrete Bezug von „Schweinenacken“ läuft über die Fleischkühlung oder Bedientheke eines gewöhnlichen großen Rostocker Supermarkts."	"EASY"	"Schweinenacken: gewöhnlicher lokaler Bezugsweg über den Bereich »Schweinenacken«."	"OPTIONAL"	""	"TOBIAS_ROSTOCK_PROFILE"	"PROPOSED_FOR_HUMAN_REVIEW"
"PORK_RIBS"	"Schweinerippchen"	"APPLICABLE"	"Fleischige Schweinerippen mit Knochen und Bindegewebe; Rippenabschnitt und Zuschnitt bleiben offen."	"GENERAL_LOCAL"	"Katalogpfad Schweinefleisch → Fleisch. Warengruppe Fleisch, formrelevanter Prüfhinweis aus der vollständigen Definition: »Rippenabschnitt und Zuschnitt bleiben offen«. Regelweg in Bornheim über ortsübliche Vollsortimenter rund um Bornheim, konkret im Bereich »Fleischkühlung oder Bedientheke«."	"EASY"	"Schweinerippchen: gewöhnlicher lokaler Bezugsweg über den Bereich »Fleischkühlung oder Bedientheke«."	"OPTIONAL"	""	"GENERAL_LOCAL"	"Tobias sucht „Schweinerippchen“ in Rostock über die Fleischkühlung oder Bedientheke eines gewöhnlichen großen Rostocker Supermarkts gesucht."	"EASY"	"Schweinerippchen: gewöhnlicher lokaler Bezugsweg über den Bereich »Schweinerippchen«."	"OPTIONAL"	""	"TOBIAS_ROSTOCK_PROFILE"	"PROPOSED_FOR_HUMAN_REVIEW"
"PORK_SHOULDER"	"Schweineschulter"	"APPLICABLE"	"Durchwachsene Schweineschulter mit Bindegewebe; besonders für Braten, Schmoren oder Zupffleisch geeignet."	"GENERAL_LOCAL"	"Katalogpfad Schweinefleisch → Fleisch. Warengruppe Fleisch, formrelevanter Prüfhinweis aus der vollständigen Definition: »besonders für Braten, Schmoren oder Zupffleisch geeignet«. Regelweg in Bornheim über nahe Supermarktfilialen in Bornheim mit dem Bereich »Fleischkühlung oder Bedientheke«."	"EASY"	"Schweineschulter: gewöhnlicher lokaler Bezugsweg über den Bereich »Fleischkühlung oder Bedientheke«."	"OPTIONAL"	""	"GENERAL_LOCAL"	"Die Rostocker Warenprüfung für „Schweineschulter“ erfolgt über die Fleischkühlung oder Bedientheke eines gewöhnlichen großen Rostocker Supermarkts."	"EASY"	"Schweineschulter: gewöhnlicher lokaler Bezugsweg über den Bereich »Schweineschulter«."	"OPTIONAL"	""	"TOBIAS_ROSTOCK_PROFILE"	"PROPOSED_FOR_HUMAN_REVIEW"
"PORK_STOCK"	"Schweinefond"	"APPLICABLE"	"Brühe oder Fond auf Basis von Schweinefleisch und/oder -knochen; nicht fertige Suppe."	"GENERAL_BROAD"	"Katalogpfad Brühe oder Fond. Warengruppe Brühe oder Fond, formrelevanter Prüfhinweis aus der vollständigen Definition: »nicht fertige Suppe«. Allgemein planbarer, aber nicht lokal garantierter Weg über eine konkrete Vorbestellung oder Bestandsabfrage für Brühe oder Fond."	"PLANNED"	"Schweinefond ist über eine konkrete Vorbestellung oder Bestandsabfrage für Brühe oder Fond im allgemeinen deutschen Handel planbar, lokal aber kein verlässlicher Standardartikel."	"OPTIONAL"	""	"GENERAL_BROAD"	"Beim Einkauf von „Schweinefond“ nutzt Tobias gut sortierte Vollsortimenter und etablierte deutsche Fonds- oder Feinkosthändler."	"PLANNED"	"Schweinefond: Beim Einkauf von „Schweinefond“ nutzt Tobias gut sortierte Vollsortimenter und etablierte deutsche Fonds- oder Feinkosthändler."	"OPTIONAL"	""	"TOBIAS_ROSTOCK_PROFILE"	"PROPOSED_FOR_HUMAN_REVIEW"
"PORK_TENDERLOIN"	"Schweinefilet"	"APPLICABLE"	"Sehr mageres und zartes Schweinefilet für kurze bis mittlere Garung; nicht Schweinerücken."	"GENERAL_LOCAL"	"Katalogpfad Schweinefleisch → Fleisch. Warengruppe Fleisch, formrelevanter Prüfhinweis aus der vollständigen Definition: »nicht Schweinerücken«. Regelweg in Bornheim über den regulären Bornheimer Regalweg »Fleischkühlung oder Bedientheke«."	"EASY"	"Schweinefilet: gewöhnlicher lokaler Bezugsweg über den Bereich »Fleischkühlung oder Bedientheke«."	"OPTIONAL"	""	"GENERAL_LOCAL"	"Tobias prüft „Schweinefilet“ in Rostock über die Fleischkühlung oder Bedientheke eines gewöhnlichen großen Rostocker Supermarkts."	"EASY"	"Schweinefilet: Rostocker Bezugsweg über die Fleischkühlung oder Bedientheke eines gewöhnlichen großen Rostocker Supermarkts."	"OPTIONAL"	""	"TOBIAS_ROSTOCK_PROFILE"	"PROPOSED_FOR_HUMAN_REVIEW"
"PORK_TONGUE"	"Schweinezunge"	"APPLICABLE"	"Schweinezunge als festes, nach langem Garen zartes Muskelfleisch; vor dem Servieren üblicherweise gehäutet."	"GENERAL_BROAD"	"Katalogpfad Innereien → Schweinefleisch → Fleisch. Warengruppe Fleisch, formrelevanter Prüfhinweis aus der vollständigen Definition: »vor dem Servieren üblicherweise gehäutet«. Allgemein planbarer, aber nicht lokal garantierter Weg über eine konkrete Vorbestellung oder Bestandsabfrage für Fleisch."	"PLANNED"	"Schweinezunge ist über eine konkrete Vorbestellung oder Bestandsabfrage für Fleisch im allgemeinen deutschen Handel planbar, lokal aber kein verlässlicher Standardartikel."	"OPTIONAL"	""	"GENERAL_BROAD"	"Tobias prüft „Schweinezunge“ in Rostock über Vorbestellung an einer gut sortierten Fleischtheke oder etablierter deutscher Metzgereiversand."	"PLANNED"	"Schweinezunge: Rostocker Bezugsweg über Vorbestellung an einer gut sortierten Fleischtheke oder etablierter deutscher Metzgereiversand."	"OPTIONAL"	""	"TOBIAS_ROSTOCK_PROFILE"	"PROPOSED_FOR_HUMAN_REVIEW"
"PORT_WINE"	"Portwein"	"APPLICABLE"	"Aufgespriteter portugiesischer Wein nach Portwein-Art mit deutlicher Süße und konzentriertem Fruchtaroma."	"GENERAL_BROAD"	"Portwein: Weinquelles eigene Portwein-Kategorie zeigt ein breites markenübergreifendes Sortiment mit zahlreichen lagernden portugiesischen Likörweinen; Versand nach Bornheim dauert üblicherweise 1–3 Werktage und muss eingeplant werden."	"PLANNED"	"Portwein: Weinquelles eigene Portwein-Kategorie zeigt ein breites markenübergreifendes Sortiment mit zahlreichen lagernden portugiesischen Likörweinen; Versand nach Bornheim dauert üblicherweise 1–3 Werktage und muss eingeplant werden."	"REQUIRED"	"AV2N-N-0075"	"GENERAL_BROAD"	"Für „Portwein“ führt der Rostocker Marktweg über große Getränkefachmärkte und etablierte deutsche Spirituosen- oder Weinversender."	"PLANNED"	"Portwein: Rostocker Bezugsweg über große Getränkefachmärkte und etablierte deutsche Spirituosen- oder Weinversender."	"OPTIONAL"	""	"BORDERLINE_PLANNED|EVIDENCE_REQUIRED|TOBIAS_ROSTOCK_PROFILE"	"PROPOSED_FOR_HUMAN_REVIEW"
"POTATO"	"Kartoffel"	"APPLICABLE"	"Kartoffel als stärkehaltige Knolle; Sorte, Kochtyp und Zubereitungsform bleiben offen."	"GENERAL_LOCAL"	"Katalogpfad Wurzel- und Knollengemüse → stärkehaltige Zutat oder Sättigungsbeilage → Gemüse. Warengruppe Gemüse oder Pilz, formrelevanter Prüfhinweis aus der vollständigen Definition: »Sorte, Kochtyp und Zubereitungsform bleiben offen«. Regelweg in Bornheim über nahe Supermarktfilialen in Bornheim mit dem Bereich »Obst- und Gemüseabteilung«."	"EASY"	"Kartoffel: Gewöhnlicher lokaler Supermarkt- und Discounterstandard mit alltäglichen Ausweichquellen."	"OPTIONAL"	"AV2E-002"	"GENERAL_LOCAL"	"Kartoffel: Gewöhnlicher lokaler Supermarkt- und Discounterstandard mit alltäglichen Ausweichquellen."	"EASY"	"Kartoffel: Gewöhnlicher lokaler Supermarkt- und Discounterstandard mit alltäglichen Ausweichquellen."	"OPTIONAL"	"AV2E-002"	"REFERENCE_ANCHOR|REFERENCE_ANCHOR_V2|TOBIAS_ROSTOCK_PROFILE"	"RATING_APPROVED_NOTE_PROPOSED_REFERENCE_ANCHOR_V2"
"POTATO_DUMPLING"	"Kartoffelknödel"	"APPLICABLE"	"Gekochter kartoffelbasierter Knödel als fertige Beilage; nicht mit Gnocchi gleichsetzen."	"GENERAL_LOCAL"	"Katalogpfad Kartoffel → Wurzel- und Knollengemüse → stärkehaltige Zutat oder Sättigungsbeilage → Gemüse. Warengruppe Knödel oder fertige Beilage, formrelevanter Prüfhinweis aus der vollständigen Definition: »nicht mit Gnocchi gleichsetzen«. Regelweg in Bornheim über das örtliche Sortiment »Kühl-, Trockenwaren- oder Fertigbeilagenregal« beim Wocheneinkauf in Bornheim."	"EASY"	"Kartoffelknödel: gewöhnlicher lokaler Bezugsweg über den Bereich »Kühl-, Trockenwaren- oder Fertigbeilagenregal«."	"OPTIONAL"	""	"GENERAL_LOCAL"	"Die Beschaffung von „Kartoffelknödel“ erfolgt in Rostock über die Gemüseabteilung eines gewöhnlichen großen Rostocker Supermarkts."	"EASY"	"Kartoffelknödel: gewöhnlicher lokaler Bezugsweg über den Bereich »Kartoffelknödel«."	"OPTIONAL"	""	"RATING_RECONCILED_V2|TOBIAS_ROSTOCK_PROFILE"	"PROPOSED_FOR_HUMAN_REVIEW"
"POTATO_STARCH"	"Kartoffelstärke"	"APPLICABLE"	"Feine geschmacksneutrale Stärke aus Kartoffeln zum Binden und für Teige; nicht Kartoffelmehl aus ganzen Knollen."	"GENERAL_LOCAL"	"Katalogpfad Stärke oder Bindemittel → stärkehaltige Zutat oder Sättigungsbeilage. Warengruppe Getreide- oder Stärkeware, formrelevanter Prüfhinweis aus der vollständigen Definition: »nicht Kartoffelmehl aus ganzen Knollen«. Regelweg in Bornheim über den regulären Bornheimer Regalweg »Reis-, Mehl-, Nudel- oder Trockenwarenregal«."	"EASY"	"Kartoffelstärke: gewöhnlicher lokaler Bezugsweg über den Bereich »Reis-, Mehl-, Nudel- oder Trockenwarenregal«."	"OPTIONAL"	""	"GENERAL_LOCAL"	"Die Rostocker Warenprüfung für „Kartoffelstärke“ erfolgt über das Getreide-, Mehl-, Reis- oder Teigwarenregal eines gewöhnlichen großen Rostocker Supermarkts."	"EASY"	"Kartoffelstärke: gewöhnlicher lokaler Bezugsweg über den Bereich »Kartoffelstärke«."	"OPTIONAL"	""	"TOBIAS_ROSTOCK_PROFILE"	"PROPOSED_FOR_HUMAN_REVIEW"
"POULTRY"	"Geflügel"	"APPLICABLE"	"Offene Vorgabe für Geflügelfleisch wie Hähnchen, Ente, Gans oder Pute; Tierart und Zuschnitt bleiben wählbar."	"GENERAL_LOCAL"	"Katalogpfad Fleisch. Warengruppe Fleisch, formrelevanter Prüfhinweis aus der vollständigen Definition: »Tierart und Zuschnitt bleiben wählbar«. Regelweg in Bornheim über den regulären Bornheimer Regalweg »Fleischkühlung oder Bedientheke«."	"EASY"	"Geflügel: gewöhnlicher lokaler Bezugsweg über den Bereich »Fleischkühlung oder Bedientheke«."	"OPTIONAL"	""	"GENERAL_LOCAL"	"Für „Geflügel“ führt der Rostocker Marktweg über die Fleischkühlung oder Bedientheke eines gewöhnlichen großen Rostocker Supermarkts."	"EASY"	"Geflügel: Rostocker Bezugsweg über die Fleischkühlung oder Bedientheke eines gewöhnlichen großen Rostocker Supermarkts."	"OPTIONAL"	""	"TOBIAS_ROSTOCK_PROFILE"	"PROPOSED_FOR_HUMAN_REVIEW"
"PRESERVED_FISH"	"konservierter Fisch"	"APPLICABLE"	"Offene Familie durch Salz, Trocknung, Räuchern, Einlegen oder Konservieren haltbar gemachter Fischprodukte."	"GENERAL_LOCAL"	"Katalogpfad Fisch → Fisch und Meeresfrüchte. Warengruppe konservierter Fisch, formrelevanter Prüfhinweis aus der vollständigen Definition: »Trocknung, Räuchern, Einlegen oder Konservieren haltbar gemachter Fischprodukte«. Regelweg in Bornheim über das örtliche Sortiment »Fischkonserven- oder internationales Trockenwarenregal« beim Wocheneinkauf in Bornheim."	"EASY"	"konservierter Fisch: gewöhnlicher lokaler Bezugsweg über den Bereich »Fischkonserven- oder internationales Trockenwarenregal«."	"OPTIONAL"	""	"GENERAL_LOCAL"	"Der konkrete Bezug von „konservierter Fisch“ läuft über das Fischkonserven- oder haltbare Seafood-Regal eines gewöhnlichen großen Rostocker Supermarkts."	"EASY"	"konservierter Fisch: gewöhnlicher lokaler Bezugsweg über den Bereich »konservierter Fisch«."	"OPTIONAL"	""	"RATING_RECONCILED_V2|TOBIAS_ROSTOCK_PROFILE"	"PROPOSED_FOR_HUMAN_REVIEW"
"PRESERVED_LEMON"	"Salzzitrone"	"APPLICABLE"	"In Salzlake gereifte ganze oder geteilte Zitrone mit weicher Schale und intensiv salzig-zitrischem Aroma."	"SPECIALTY_BROAD"	"Goldhahn & Sampson und Genussland sind unabhängige, breit sortierte Feinkosthändler statt enge Herkunftslandimporteure; sie führen verschiedene Marken ganzer Salzzitronen im haltbaren Glas mit Standardversand. Die Kategorie ist damit über mehrere Feinkostsortimente und Lieferketten vertreten."	"SPECIALTY"	"Ganze Salzzitronen im Glas sind bei unabhängig breit sortierten Feinkosthändlern über verschiedene Marken und gewöhnlichen Paketversand etabliert."	"REQUIRED"	"AV2N-N-0076|AV2N-N-0077"	"SPECIALTY_BROAD"	"Goldhahn & Sampson und Genussland sind unabhängige, breit sortierte Feinkosthändler statt enge Herkunftslandimporteure; sie führen verschiedene Marken ganzer Salzzitronen im haltbaren Glas mit Standardversand. Die Kategorie ist damit über mehrere Feinkostsortimente und Lieferketten vertreten."	"SPECIALTY"	"Ganze Salzzitronen im Glas sind bei unabhängig breit sortierten Feinkosthändlern über verschiedene Marken und gewöhnlichen Paketversand etabliert."	"REQUIRED"	"AV2N-N-0078|AV2N-N-0079"	"RATING_RECONCILED_V2|RESEARCH_REQUIRED|SPECIALTY_MARKET_BREADTH|TOBIAS_ROSTOCK_PROFILE"	"PROPOSED_FOR_HUMAN_REVIEW"
"PRESERVED_PRODUCE"	"konservierte pflanzliche Zutat"	"APPLICABLE"	"Offene Vorgabe für eingelegtes, fermentiertes, getrocknetes oder anderweitig konserviertes pflanzliches Produkt."	"GENERAL_LOCAL"	"Katalogpfad eigenständige Katalogwurzel. Warengruppe konservierte Pflanzenware, formrelevanter Prüfhinweis aus der vollständigen Definition: »eingelegtes, fermentiertes, getrocknetes oder anderweitig konserviertes pflanzliches Produkt«. Regelweg in Bornheim über das örtliche Sortiment »Konserven-, Glas- oder internationales Feinkostregal« beim Wocheneinkauf in Bornheim."	"EASY"	"konservierte pflanzliche Zutat: gewöhnlicher lokaler Bezugsweg über den Bereich »Konserven-, Glas- oder internationales Feinkostregal«."	"OPTIONAL"	""	"GENERAL_LOCAL"	"Die Rostocker Warenprüfung für „konservierte pflanzliche Zutat“ erfolgt über das Konserven-, Sauergemüse- oder Feinkostregal eines gewöhnlichen großen Rostocker Supermarkts."	"EASY"	"konservierte pflanzliche Zutat: gewöhnlicher lokaler Bezugsweg über den Bereich »konservierte pflanzliche Zutat«."	"OPTIONAL"	""	"RATING_RECONCILED_V2|TOBIAS_ROSTOCK_PROFILE"	"PROPOSED_FOR_HUMAN_REVIEW"
"PRETZEL"	"Laugenbrezel"	"APPLICABLE"	"Herzhafte Laugenbrezel als gebackenes Einzelprodukt; nicht süße Brezel, Salzbrezel-Snack oder beliebiges Laugengebäck."	"GENERAL_LOCAL"	"Gebackene einzelne Brezeln kommen in Bornheim aus Backstation oder Bäckereitheke eines gewöhnlichen Vollsortimenters."	"EASY"	"Laugenbrezel: Gebackene einzelne Brezeln kommen in Bornheim aus Backstation oder Bäckereitheke eines gewöhnlichen Vollsortimenters."	"OPTIONAL"	""	"GENERAL_LOCAL"	"Tobias prüft „Laugenbrezel“ in Rostock über das Back-, Süßwaren- oder Brotregal eines gewöhnlichen großen Rostocker Supermarkts."	"EASY"	"Laugenbrezel: Rostocker Bezugsweg über das Back-, Süßwaren- oder Brotregal eines gewöhnlichen großen Rostocker Supermarkts."	"OPTIONAL"	""	"TOBIAS_ROSTOCK_PROFILE"	"PROPOSED_FOR_HUMAN_REVIEW"
"PROSCIUTTO"	"Prosciutto"	"APPLICABLE"	"Italienischer luftgetrockneter Rohschinken nach Prosciutto-crudo-Art; dünn geschnitten oder als Kochzutat verwendbar."	"GENERAL_LOCAL"	"Katalogpfad Schinken → gepökeltes oder luftgetrocknetes Fleisch → Schweinefleisch → Fleisch. Warengruppe Wurst oder Pökelfleisch, formrelevanter Prüfhinweis aus der vollständigen Definition: »dünn geschnitten oder als Kochzutat verwendbar«. Regelweg in Bornheim über das örtliche Sortiment »Wurstkühlung oder Bedientheke« beim Wocheneinkauf in Bornheim."	"EASY"	"Prosciutto: gewöhnlicher lokaler Bezugsweg über den Bereich »Wurstkühlung oder Bedientheke«."	"OPTIONAL"	""	"GENERAL_LOCAL"	"Die Beschaffung von „Prosciutto“ erfolgt in Rostock über die Fleischkühlung oder Bedientheke eines gewöhnlichen großen Rostocker Supermarkts."	"EASY"	"Prosciutto: gewöhnlicher lokaler Bezugsweg über den Bereich »Prosciutto«."	"OPTIONAL"	""	"TOBIAS_ROSTOCK_PROFILE"	"PROPOSED_FOR_HUMAN_REVIEW"
"PRUNE"	"Trockenpflaumen"	"APPLICABLE"	"Getrocknete Pflaume mit konzentrierter Süße und weicher bis zäher Textur; entsteint oder mit Stein verwendbar."	"GENERAL_LOCAL"	"Katalogpfad Trockenfrüchte → Pflaume → Obst → Steinobst. Warengruppe Trockenfrucht, formrelevanter Prüfhinweis aus der vollständigen Definition: »entsteint oder mit Stein verwendbar«. Regelweg in Bornheim über das örtliche Sortiment »Trockenfrucht- und Backzutatenregal« beim Wocheneinkauf in Bornheim."	"EASY"	"Trockenpflaumen: gewöhnlicher lokaler Bezugsweg über den Bereich »Trockenfrucht- und Backzutatenregal«."	"OPTIONAL"	""	"GENERAL_LOCAL"	"Die Beschaffung von „Trockenpflaumen“ erfolgt in Rostock über das Trockenobst-, Tiefkühlobst- oder Obstkonservenregal eines gewöhnlichen großen Rostocker Supermarkts."	"EASY"	"Trockenpflaumen: gewöhnlicher lokaler Bezugsweg über den Bereich »Trockenpflaumen«."	"OPTIONAL"	""	"TOBIAS_ROSTOCK_PROFILE"	"PROPOSED_FOR_HUMAN_REVIEW"
"PUL_BIBER"	"Pul Biber"	"APPLICABLE"	"Türkisch geprägte grobe Chiliflocken, häufig mild bis mittelscharf und leicht ölig; Aleppo-Stil ist eine mögliche Ausprägung."	"GENERAL_BROAD"	"Katalogpfad Chiliflocken → getrocknete Chili → Gewürz oder trockenes Würzmittel. Warengruppe Gewürz, formrelevanter Prüfhinweis aus der vollständigen Definition: »Aleppo-Stil ist eine mögliche Ausprägung«. Allgemein planbarer, aber nicht lokal garantierter Weg über den im v2-Anker festgehaltenen Planweg: Georgias erreichbares türkisches Fachsortiment kann einen robusten geplanten Weg tragen."	"PLANNED"	"Pul Biber: Georgias erreichbares türkisches Fachsortiment kann einen robusten geplanten Weg tragen; Tobias bleibt auf breiten Spezialhandel angewiesen."	"REQUIRED"	"AV2E-030"	"SPECIALTY_BROAD"	"Pul Biber: Georgias erreichbares türkisches Fachsortiment kann einen robusten geplanten Weg tragen; Tobias bleibt auf breiten Spezialhandel angewiesen."	"SPECIALTY"	"Pul Biber: Georgias erreichbares türkisches Fachsortiment kann einen robusten geplanten Weg tragen; Tobias bleibt auf breiten Spezialhandel angewiesen."	"REQUIRED"	"AV2E-031"	"PERSON_DIFFERENCE|REFERENCE_ANCHOR|REFERENCE_ANCHOR_V2|RESEARCH_REQUIRED|SPECIALTY_MARKET_BREADTH|TOBIAS_ROSTOCK_PROFILE"	"RATING_APPROVED_NOTE_PROPOSED_REFERENCE_ANCHOR_V2"
"PUMPERNICKEL"	"Pumpernickel"	"APPLICABLE"	"Sehr dunkles, dichtes Vollkorn-Roggenbrot nach Pumpernickel-Art mit charakteristisch langer Backzeit; nicht beliebiges dunkles Roggenbrot."	"GENERAL_LOCAL"	"Haltbares Pumpernickel steht als abgepacktes Vollkornbrot im Brotregal gewöhnlicher Bornheimer Vollsortimenter."	"EASY"	"Pumpernickel: Haltbares Pumpernickel steht als abgepacktes Vollkornbrot im Brotregal gewöhnlicher Bornheimer Vollsortimenter."	"OPTIONAL"	""	"GENERAL_LOCAL"	"Für „Pumpernickel“ führt der Rostocker Marktweg über das Back-, Süßwaren- oder Brotregal eines gewöhnlichen großen Rostocker Supermarkts."	"EASY"	"Pumpernickel: Rostocker Bezugsweg über das Back-, Süßwaren- oder Brotregal eines gewöhnlichen großen Rostocker Supermarkts."	"OPTIONAL"	""	"TOBIAS_ROSTOCK_PROFILE"	"PROPOSED_FOR_HUMAN_REVIEW"
"PUMPKIN"	"Kürbis"	"APPLICABLE"	"Speisekürbis mit festem bis cremigem Fruchtfleisch; die konkrete Sorte bleibt wählbar."	"GENERAL_LOCAL"	"Katalogpfad Fruchtgemüse → Gemüse. Warengruppe Gemüse oder Pilz, formrelevanter Prüfhinweis aus der vollständigen Definition: »die konkrete Sorte bleibt wählbar«. Regelweg in Bornheim über den regulären Bornheimer Regalweg »Obst- und Gemüseabteilung«."	"EASY"	"Kürbis: gewöhnlicher lokaler Bezugsweg über den Bereich »Obst- und Gemüseabteilung«."	"OPTIONAL"	""	"GENERAL_LOCAL"	"Beim Einkauf von „Kürbis“ nutzt Tobias die Gemüseabteilung eines gewöhnlichen großen Rostocker Supermarkts."	"EASY"	"Kürbis: gewöhnlicher lokaler Bezugsweg über den Bereich »Kürbis«."	"OPTIONAL"	""	"TOBIAS_ROSTOCK_PROFILE"	"PROPOSED_FOR_HUMAN_REVIEW"
"PUMPKIN_SEEDS"	"Kürbiskerne"	"APPLICABLE"	"Grüne geschälte oder ganze Kürbiskerne mit nussigem Aroma; roh oder geröstet verwendbar."	"GENERAL_LOCAL"	"Katalogpfad Kerne und Samen. Warengruppe Nuss, Saat oder Mus, formrelevanter Prüfhinweis aus der vollständigen Definition: »roh oder geröstet verwendbar«. Regelweg in Bornheim über ortsübliche Vollsortimenter rund um Bornheim, konkret im Bereich »Nuss-, Saaten- oder Nussmusregal«."	"EASY"	"Kürbiskerne: gewöhnlicher lokaler Bezugsweg über den Bereich »Nuss-, Saaten- oder Nussmusregal«."	"OPTIONAL"	""	"GENERAL_LOCAL"	"Für „Kürbiskerne“ wird das Angebot über das Nuss-, Saaten-, Back- oder Brotaufstrichregal eines gewöhnlichen großen Rostocker Supermarkts kontrolliert."	"EASY"	"Kürbiskerne: gewöhnlicher lokaler Bezugsweg über den Bereich »Kürbiskerne«."	"OPTIONAL"	""	"TOBIAS_ROSTOCK_PROFILE"	"PROPOSED_FOR_HUMAN_REVIEW"
"PURSLANE"	"Portulak"	"APPLICABLE"	"Portulak mit fleischigen Blättern, frischer Säure und leicht salzigem Geschmack; roh oder kurz gegart verwendbar."	"NICHE_IMPORT"	"Die exakte Sommerportulak-Seite von Biobote ist ausverkauft; eine zweite Gemüsekistenroute ist regional, saisonal und als Portulak/Postelein formunscharf. Für Georgia in Bornheim fehlt ein breiter positiver Frischeweg."	"DIFFICULT"	"Portulak: Die exakte Sommerportulak-Seite von Biobote ist ausverkauft; eine zweite Gemüsekistenroute ist regional, saisonal und als Portulak/Postelein formunscharf. Für Georgia in Bornheim fehlt ein breiter positiver Frischeweg."	"REQUIRED"	"AV2N-N-0080|AV2N-N-0081"	"NICHE_IMPORT"	"Für Tobias in Rostock ist die konkrete Sommerportulak-Seite ohne Bestand; daneben bleibt nur ein regionales, saisonales Portulak/Postelein-Angebot ohne belastbaren Rostock-Weg. Frischeform und Liefergebiet verengen die Route."	"DIFFICULT"	"Portulak: Für Tobias in Rostock ist die konkrete Sommerportulak-Seite ohne Bestand; daneben bleibt nur ein regionales, saisonales Portulak/Postelein-Angebot ohne belastbaren Rostock-Weg. Frischeform und Liefergebiet verengen die Route."	"REQUIRED"	"AV2N-N-0082|AV2N-N-0083"	"FORM_SENSITIVE|RATING_RECONCILED_V2|RESEARCH_REQUIRED|SEASONAL_FRESH_ROUTE|TOBIAS_ROSTOCK_PROFILE"	"PROPOSED_FOR_HUMAN_REVIEW"
"QUAIL"	"Wachtel"	"APPLICABLE"	"Wachtelfleisch als kleines, aromatisches Geflügel; ganz oder in Teilstücken verwendbar."	"GENERAL_BROAD"	"Katalogpfad Geflügel → Fleisch. Warengruppe Fleisch, formrelevanter Prüfhinweis aus der vollständigen Definition: »ganz oder in Teilstücken verwendbar«. Allgemein planbarer, aber nicht lokal garantierter Weg über eine gezielte Bestellung oder Sortimentsprüfung bei MeinMetzger – Wachtelbrüstchen."	"PLANNED"	"Wachtel ist über eine gezielte Bestellung oder Sortimentsprüfung bei MeinMetzger – Wachtelbrüstchen im allgemeinen deutschen Handel planbar, lokal aber kein verlässlicher Standardartikel."	"REQUIRED"	"AV2N-N-0084"	"GENERAL_BROAD"	"Tobias prüft „Wachtel“ in Rostock über MeinMetzger – Wachtelbrüstchen, wobei die Evidenz beim Abruf verfügbaren Bestand und Kühlversand ausweist."	"PLANNED"	"Wachtel: Rostocker Bezugsweg über MeinMetzger – Wachtelbrüstchen; dokumentiert sind beim Abruf verfügbaren Bestand und Kühlversand."	"REQUIRED"	"AV2N-N-0085"	"BORDERLINE_PLANNED|EVIDENCE_REQUIRED|RESEARCH_REQUIRED|TOBIAS_ROSTOCK_PROFILE"	"PROPOSED_FOR_HUMAN_REVIEW"
"QUAIL_EGG"	"Wachtelei"	"APPLICABLE"	"Kleines gesprenkeltes Wachtelei mit höherem Eigelbanteil; frisch zu garen, nicht eingelegt."	"GENERAL_BROAD"	"Katalogpfad Eier. REWE führt Feine Welt Wachteleier aus Auslaufhaltung als gekühlte Zwölferpackung mit Durchgarhinweis; die konkrete allgemeine Kettenroute lässt sich für Georgia im Raum Bornheim vorab auf Bestand prüfen."	"PLANNED"	"Wachtelei: REWE führt Feine Welt Wachteleier aus Auslaufhaltung als gekühlte Zwölferpackung mit Durchgarhinweis; die konkrete allgemeine Kettenroute lässt sich für Georgia im Raum Bornheim vorab auf Bestand prüfen."	"REQUIRED"	"AV2N-N-0086"	"GENERAL_BROAD"	"Wachtelei: REWE listet Feine Welt Wachteleier aus Auslaufhaltung als gekühlte Zwölferpackung mit Durchgarhinweis; Tobias kann die konkrete Rostocker Filialverfügbarkeit vorab abfragen."	"PLANNED"	"Wachtelei: REWE listet Feine Welt Wachteleier aus Auslaufhaltung als gekühlte Zwölferpackung mit Durchgarhinweis; Tobias kann die konkrete Rostocker Filialverfügbarkeit vorab abfragen."	"REQUIRED"	"AV2N-N-0087"	"BORDERLINE_PLANNED|EVIDENCE_REQUIRED|FORM_SENSITIVE|RESEARCH_REQUIRED|TOBIAS_ROSTOCK_PROFILE"	"PROPOSED_FOR_HUMAN_REVIEW"
"QUARK"	"Quark"	"APPLICABLE"	"Frischer säuerlicher Milchbruch mit magerer bis cremiger Konsistenz; Fettstufe bleibt offen."	"GENERAL_LOCAL"	"Katalogpfad gesäuertes Milchprodukt → Milchprodukte. Warengruppe Milchprodukt, formrelevanter Prüfhinweis aus der vollständigen Definition: »Fettstufe bleibt offen«. Regelweg in Bornheim über den lokalen Supermarktbereich »Molkereikühlregal« in Bornheim."	"EASY"	"Quark: gewöhnlicher lokaler Bezugsweg über den Bereich »Molkereikühlregal«."	"OPTIONAL"	""	"GENERAL_LOCAL"	"Für „Quark“ wird das Angebot über die Molkereikühlung eines gewöhnlichen großen Rostocker Supermarkts kontrolliert."	"EASY"	"Quark: gewöhnlicher lokaler Bezugsweg über den Bereich »Quark«."	"OPTIONAL"	""	"FORM_SENSITIVE|TOBIAS_ROSTOCK_PROFILE"	"PROPOSED_FOR_HUMAN_REVIEW"
"QUINCE"	"Quitte"	"APPLICABLE"	"Quitte mit festem, roh herbem und beim Garen floral-aromatischem Fruchtfleisch; meist gegart verwendet."	"GENERAL_BROAD"	"Katalogpfad Kernobst → Obst. Warengruppe Obst, formrelevanter Prüfhinweis aus der vollständigen Definition: »meist gegart verwendet«. Allgemein planbarer, aber nicht lokal garantierter Weg über eine konkrete Vorbestellung oder Bestandsabfrage für Obst."	"PLANNED"	"Quitte ist über eine konkrete Vorbestellung oder Bestandsabfrage für Obst im allgemeinen deutschen Handel planbar, lokal aber kein verlässlicher Standardartikel."	"OPTIONAL"	""	"GENERAL_BROAD"	"Quitte: Bauer Lümmel weist frische Birnenquitten auf Lager aus und nennt bundesweiten GO-Overnight-Frischeversand während der Herbstsaison. der Artikel kann je nach Rostocker Markt fehlen."	"PLANNED"	"Quitte: Bauer Lümmel weist frische Birnenquitten auf Lager aus und nennt bundesweiten GO-Overnight-Frischeversand während der Herbstsaison. der Artikel kann je nach Rostocker Markt fehlen."	"REQUIRED"	"AV2N-N-0088"	"RESEARCH_REQUIRED|TOBIAS_ROSTOCK_PROFILE"	"PROPOSED_FOR_HUMAN_REVIEW"
"QUINOA"	"Quinoa"	"APPLICABLE"	"Glutenfreies Pseudogetreide mit kleinen Samen und leicht nussigem Geschmack; helle, rote und schwarze Sorten sind umfasst."	"GENERAL_LOCAL"	"Katalogpfad Getreide oder Pseudogetreide → stärkehaltige Zutat oder Sättigungsbeilage. Warengruppe Getreide- oder Stärkeware, formrelevanter Prüfhinweis aus der vollständigen Definition: »helle, rote und schwarze Sorten sind umfasst«. Regelweg in Bornheim über den Bereich »Reis-, Mehl-, Nudel- oder Trockenwarenregal« eines gewöhnlichen Bornheimer Vollsortimenters."	"EASY"	"Quinoa: gewöhnlicher lokaler Bezugsweg über den Bereich »Reis-, Mehl-, Nudel- oder Trockenwarenregal«."	"OPTIONAL"	""	"GENERAL_LOCAL"	"Tobias prüft „Quinoa“ in Rostock über das Getreide-, Mehl-, Reis- oder Teigwarenregal eines gewöhnlichen großen Rostocker Supermarkts."	"EASY"	"Quinoa: Rostocker Bezugsweg über das Getreide-, Mehl-, Reis- oder Teigwarenregal eines gewöhnlichen großen Rostocker Supermarkts."	"OPTIONAL"	""	"TOBIAS_ROSTOCK_PROFILE"	"PROPOSED_FOR_HUMAN_REVIEW"
"RABBIT"	"Kaninchen"	"APPLICABLE"	"Kaninchenfleisch mit magerem, mildem Geschmack; ganzes Tier oder Teilstücke sind verwendbar, unabhängig von Haus- oder Wildhaltung."	"GENERAL_BROAD"	"Katalogpfad Wildfleisch → Fleisch. Warengruppe Fleisch, formrelevanter Prüfhinweis aus der vollständigen Definition: »ganzes Tier oder Teilstücke sind verwendbar, unabhängig von Haus- oder Wildhaltung«. Allgemein planbarer, aber nicht lokal garantierter Weg über eine gezielte Bestellung oder Sortimentsprüfung bei MeinMetzger – ganzes Kaninchen."	"PLANNED"	"Kaninchen ist über eine gezielte Bestellung oder Sortimentsprüfung bei MeinMetzger – ganzes Kaninchen im allgemeinen deutschen Handel planbar, lokal aber kein verlässlicher Standardartikel."	"REQUIRED"	"AV2N-N-0089"	"GENERAL_BROAD"	"Tobias prüft „Kaninchen“ in Rostock über MeinMetzger – ganzes Kaninchen, wobei die Evidenz beim Abruf verfügbaren Bestand und Kühlversand ausweist."	"PLANNED"	"Kaninchen: Rostocker Bezugsweg über MeinMetzger – ganzes Kaninchen; dokumentiert sind beim Abruf verfügbaren Bestand und Kühlversand."	"REQUIRED"	"AV2N-N-0090"	"BORDERLINE_PLANNED|EVIDENCE_REQUIRED|RESEARCH_REQUIRED|TOBIAS_ROSTOCK_PROFILE"	"PROPOSED_FOR_HUMAN_REVIEW"
"RADICCHIO"	"Radicchio"	"APPLICABLE"	"Rot-weißer Blattsalat aus der Zichorienfamilie mit markanter Bitterkeit; roh oder gegart verwendbar."	"GENERAL_LOCAL"	"Katalogpfad Blattsalat → Blattgemüse → Gemüse. Warengruppe Gemüse oder Pilz, formrelevanter Prüfhinweis aus der vollständigen Definition: »roh oder gegart verwendbar«. Regelweg in Bornheim über nahe Supermarktfilialen in Bornheim mit dem Bereich »Obst- und Gemüseabteilung«."	"EASY"	"Radicchio: gewöhnlicher lokaler Bezugsweg über den Bereich »Obst- und Gemüseabteilung«."	"OPTIONAL"	""	"GENERAL_LOCAL"	"Für „Radicchio“ wird das Angebot über die Gemüseabteilung eines gewöhnlichen großen Rostocker Supermarkts kontrolliert."	"EASY"	"Radicchio: gewöhnlicher lokaler Bezugsweg über den Bereich »Radicchio«."	"OPTIONAL"	""	"TOBIAS_ROSTOCK_PROFILE"	"PROPOSED_FOR_HUMAN_REVIEW"
"RADISH"	"Rettich"	"APPLICABLE"	"Offene Rettichvorgabe von kleinen Radieschen bis größeren weißen oder schwarzen Rettichen; Schärfe und Form bleiben wählbar."	"GENERAL_LOCAL"	"Katalogpfad Wurzel- und Knollengemüse → Gemüse. Warengruppe Gemüse oder Pilz, formrelevanter Prüfhinweis aus der vollständigen Definition: »Schärfe und Form bleiben wählbar«. Regelweg in Bornheim über den lokalen Supermarktbereich »Obst- und Gemüseabteilung« in Bornheim."	"EASY"	"Rettich: gewöhnlicher lokaler Bezugsweg über den Bereich »Obst- und Gemüseabteilung«."	"OPTIONAL"	""	"GENERAL_LOCAL"	"Der konkrete Bezug von „Rettich“ läuft über die Gemüseabteilung eines gewöhnlichen großen Rostocker Supermarkts."	"EASY"	"Rettich: gewöhnlicher lokaler Bezugsweg über den Bereich »Rettich«."	"OPTIONAL"	""	"TOBIAS_ROSTOCK_PROFILE"	"PROPOSED_FOR_HUMAN_REVIEW"
"RAISIN"	"Rosinen"	"APPLICABLE"	"Getrocknete Weintrauben mit konzentrierter Süße; helle und dunkle sowie kleine und große Formen sind umfasst."	"GENERAL_LOCAL"	"Katalogpfad Trockenfrüchte → Weintrauben → Obst. Warengruppe Trockenfrucht, formrelevanter Prüfhinweis aus der vollständigen Definition: »helle und dunkle sowie kleine und große Formen sind umfasst«. Regelweg in Bornheim über den lokalen Supermarktbereich »Trockenfrucht- und Backzutatenregal« in Bornheim."	"EASY"	"Rosinen: gewöhnlicher lokaler Bezugsweg über den Bereich »Trockenfrucht- und Backzutatenregal«."	"OPTIONAL"	""	"GENERAL_LOCAL"	"Beim Einkauf von „Rosinen“ nutzt Tobias das Trockenobst-, Tiefkühlobst- oder Obstkonservenregal eines gewöhnlichen großen Rostocker Supermarkts."	"EASY"	"Rosinen: gewöhnlicher lokaler Bezugsweg über den Bereich »Rosinen«."	"OPTIONAL"	""	"TOBIAS_ROSTOCK_PROFILE"	"PROPOSED_FOR_HUMAN_REVIEW"
"RAKFISK"	"Rakfisk"	"APPLICABLE"	"Professionell hergestellter, gesalzener und fermentierter Süßwasserfisch nach Rakfisk-Art. Gemeint ist ein handelsübliches verzehrfertiges Produkt; keine Aufforderung zur häuslichen Fischfermentation."	"NO_REAL_ROUTE"	"Katalogpfad konservierter Fisch → Fisch → Fisch und Meeresfrüchte. Warengruppe konservierter Fisch, formrelevanter Prüfhinweis aus der vollständigen Definition: »keine Aufforderung zur häuslichen Fischfermentation«. Der v2-Anker hält fest: Kein realistischer wiederholbarer deutscher/EU-Weg innerhalb des normalen Vorlaufs gekühlte Herkunftslandware reicht nicht."	"UNAVAILABLE"	"Rakfisk: Kein realistischer wiederholbarer deutscher/EU-Weg innerhalb des normalen Vorlaufs; gekühlte Herkunftslandware reicht nicht."	"REQUIRED"	"AV2E-094"	"NO_REAL_ROUTE"	"Rakfisk: Kein realistischer wiederholbarer deutscher/EU-Weg innerhalb des normalen Vorlaufs; gekühlte Herkunftslandware reicht nicht."	"UNAVAILABLE"	"Rakfisk: Kein realistischer wiederholbarer deutscher/EU-Weg innerhalb des normalen Vorlaufs; gekühlte Herkunftslandware reicht nicht."	"REQUIRED"	"AV2E-094"	"EVIDENCE_REQUIRED|FORM_OR_ROUTE_FRAGILE|NEGATIVE_ROUTE_SEARCH|REFERENCE_ANCHOR|REFERENCE_ANCHOR_V2|RESEARCH_REQUIRED|TOBIAS_ROSTOCK_PROFILE"	"RATING_APPROVED_NOTE_PROPOSED_REFERENCE_ANCHOR_V2"
"RAMEN_NOODLES"	"Ramennudeln"	"APPLICABLE"	"Japanische Weizennudeln für Ramen, typischerweise alkalisch und elastisch; frisch, getrocknet oder vorgegart verwendbar."	"GENERAL_LOCAL"	"Katalogpfad Nudeln → stärkehaltige Zutat oder Sättigungsbeilage. Warengruppe Getreide- oder Stärkeware, formrelevanter Prüfhinweis aus der vollständigen Definition: »frisch, getrocknet oder vorgegart verwendbar«. Regelweg in Bornheim über nahe Supermarktfilialen in Bornheim mit dem Bereich »Reis-, Mehl-, Nudel- oder Trockenwarenregal«."	"EASY"	"Ramennudeln: gewöhnlicher lokaler Bezugsweg über den Bereich »Reis-, Mehl-, Nudel- oder Trockenwarenregal«."	"OPTIONAL"	""	"GENERAL_LOCAL"	"Für „Ramennudeln“ führt der Rostocker Marktweg über das Getreide-, Mehl-, Reis- oder Teigwarenregal eines gewöhnlichen großen Rostocker Supermarkts."	"EASY"	"Ramennudeln: Rostocker Bezugsweg über das Getreide-, Mehl-, Reis- oder Teigwarenregal eines gewöhnlichen großen Rostocker Supermarkts."	"OPTIONAL"	""	"FORM_SENSITIVE|RATING_RECONCILED_V2|TOBIAS_ROSTOCK_PROFILE"	"PROPOSED_FOR_HUMAN_REVIEW"
"RAS_EL_HANOUT"	"Ras el-Hanout"	"APPLICABLE"	"Nordafrikanische Gewürzmischung aus zahlreichen warmen, erdigen und floralen Gewürzen; Rezeptur variiert stark."	"SPECIALTY_BROAD"	"Katalogpfad Gewürzmischung → Gewürz oder trockenes Würzmittel. Warengruppe Gewürz, formrelevanter Prüfhinweis aus der vollständigen Definition: »Rezeptur variiert stark«. Breiter einschlägiger Spezialmarkt über die voneinander unabhängigen Händler Mitte Meer – Mediterranean direct shop sowie Miori – Ras el Hanout blend."	"SPECIALTY"	"Ras el-Hanout ist im einschlägigen Spezialmarkt breit etabliert; dokumentierte reguläre Wege sind die voneinander unabhängigen Händler Mitte Meer – Mediterranean direct shop sowie Miori – Ras el Hanout blend."	"REQUIRED"	"AV2N-N-0091|AV2N-N-0092"	"SPECIALTY_BROAD"	"Tobias prüft „Ras el-Hanout“ in Rostock über Miori – Ras el Hanout blend und Mitte Meer – Mediterranean direct shop, wobei die Evidenz verfügbaren Bestand in einem laufenden Fachsortiment und Standardversand ausweist."	"SPECIALTY"	"Ras el-Hanout: Rostocker Bezugsweg über Miori – Ras el Hanout blend und Mitte Meer – Mediterranean direct shop; dokumentiert ist verfügbarer Bestand in einem laufenden Fachsortiment und Standardversand."	"REQUIRED"	"AV2N-N-0093|AV2N-N-0094"	"RATING_RECONCILED_V2|RESEARCH_REQUIRED|SPECIALTY_MARKET_BREADTH|TOBIAS_ROSTOCK_PROFILE"	"PROPOSED_FOR_HUMAN_REVIEW"
"RASPBERRY"	"Himbeere"	"APPLICABLE"	"Himbeere mit zarter Struktur und süß-säuerlichem Aroma; frisch oder ungesüßt tiefgekühlt verwendbar."	"GENERAL_LOCAL"	"Katalogpfad Beeren → Obst. Warengruppe Obst, formrelevanter Prüfhinweis aus der vollständigen Definition: »frisch oder ungesüßt tiefgekühlt verwendbar«. Regelweg in Bornheim über nahe Supermarktfilialen in Bornheim mit dem Bereich »Obst- und Gemüseabteilung«."	"EASY"	"Himbeere: gewöhnlicher lokaler Bezugsweg über den Bereich »Obst- und Gemüseabteilung«."	"OPTIONAL"	""	"GENERAL_LOCAL"	"Die Rostocker Warenprüfung für „Himbeere“ erfolgt über den Obst- oder Tiefkühlobstbereich eines gewöhnlichen großen Rostocker Supermarkts."	"EASY"	"Himbeere: gewöhnlicher lokaler Bezugsweg über den Bereich »Himbeere«."	"OPTIONAL"	""	"FORM_SENSITIVE|TOBIAS_ROSTOCK_PROFILE"	"PROPOSED_FOR_HUMAN_REVIEW"
"RAZOR_CLAMS"	"Schwertmuscheln"	"APPLICABLE"	"Längliche Schwert- beziehungsweise Messermuscheln mit zartem, leicht süßlichem Fleisch; frisch oder ausgelöst verwendbar."	"NICHE_IMPORT"	"Katalogpfad Muscheln → Weichtiere → Schalen- und Krustentiere → wirbellose Tiere. Warengruppe Fisch oder Meeresfrucht, formrelevanter Prüfhinweis aus der vollständigen Definition: »frisch oder ausgelöst verwendbar«. Die formtreuen Seiten bei Honest Catch – precooked razor clams frozen sind aktuell ausverkauft; Tiefkühlversand und wenige Händler machen den Weg fragil."	"DIFFICULT"	"Schwertmuscheln sind nur über einen derzeit ausverkauften TK-Nischenweg belegt; Bestand und Tiefkühllogistik verhindern einen robusten Bezug."	"REQUIRED"	"AV2N-N-0095"	"NICHE_IMPORT"	"Tobias prüft „Schwertmuscheln“ in Rostock über Honest Catch – precooked razor clams frozen, wobei die Evidenz nur einen beim Abruf ausverkauften Formtreffer und Tiefkühlversand ausweist."	"DIFFICULT"	"Schwertmuscheln sind nur über einen derzeit ausverkauften TK-Nischenweg belegt; Bestand und Tiefkühllogistik verhindern einen robusten Bezug."	"REQUIRED"	"AV2N-N-0096"	"EVIDENCE_REQUIRED|FORM_OR_LOGISTICS_RISK|FORM_OR_ROUTE_FRAGILE|FORM_SENSITIVE|RESEARCH_REQUIRED|TOBIAS_ROSTOCK_PROFILE"	"PROPOSED_FOR_HUMAN_REVIEW"
"READY_CURRY_PASTE"	"fertige Currypaste"	"APPLICABLE"	"Offene Familie verzehrfertiger Currypasten mit bereits kombinierter Gewürz- und Aromatenbasis; Küche, Farbe und Schärfe bleiben offen."	"GENERAL_BROAD"	"Die formgenaue Asiafoodland-Kategorie umfasst aktuell 61 fertige Currypasten mit bereits kombinierter Gewürz- und Aromatenbasis. Rote, grüne, gelbe, Massaman- und Panang-Varianten werden deutschlandweit als haltbare Ware versandt."	"PLANNED"	"Fertige Currypasten sind als haltbare rote, grüne, gelbe, Massaman- und Panang-Varianten im breiten deutschen Asia-Handel planbar."	"OPTIONAL"	""	"GENERAL_BROAD"	"Asiafoodland bündelt 61 fertige Currypasten verschiedener Küchen und Schärfen in einer formgenauen Kategorie. Tobias kann lagernde rote, grüne, gelbe, Massaman- oder Panang-Paste per Standard-DHL nach Rostock bestellen."	"PLANNED"	"Fertige Currypasten sind als haltbare rote, grüne, gelbe, Massaman- und Panang-Varianten im breiten deutschen Asia-Handel planbar."	"REQUIRED"	"AV2N-N-0097"	"RATING_RECONCILED_V2|RESEARCH_REQUIRED|SPECIALTY_MARKET_BREADTH|TOBIAS_ROSTOCK_PROFILE"	"PROPOSED_FOR_HUMAN_REVIEW"
"READY_SAUCES_AND_PASTES"	"fertige Sauce oder Würzpaste"	"NOT_APPLICABLE_STRUCTURE"	""	""	""	""	""	""	""	""	""	""	""	""	""	""	"APPROVED_NOT_APPLICABLE"
"RED_BELL_PEPPER"	"rote Paprika"	"APPLICABLE"	"Reif rote Gemüsepaprika mit süßem, fruchtigem Geschmack; frisch gemeint, nicht geröstete Konserve."	"GENERAL_LOCAL"	"Katalogpfad Paprika → Fruchtgemüse → Gemüse. Warengruppe Gemüse oder Pilz, formrelevanter Prüfhinweis aus der vollständigen Definition: »frisch gemeint, nicht geröstete Konserve«. Regelweg in Bornheim über den regulären Bornheimer Regalweg »Obst- und Gemüseabteilung«."	"EASY"	"rote Paprika: gewöhnlicher lokaler Bezugsweg über den Bereich »Obst- und Gemüseabteilung«."	"OPTIONAL"	""	"GENERAL_LOCAL"	"Tobias sucht „rote Paprika“ in Rostock über die Gemüseabteilung eines gewöhnlichen großen Rostocker Supermarkts gesucht."	"EASY"	"rote Paprika: gewöhnlicher lokaler Bezugsweg über den Bereich »rote Paprika«."	"OPTIONAL"	""	"FORM_SENSITIVE|TOBIAS_ROSTOCK_PROFILE"	"PROPOSED_FOR_HUMAN_REVIEW"
"RED_CABBAGE"	"Rotkohl"	"APPLICABLE"	"Rotkohl mit festen violetten Blättern und leicht pfeffrigem Geschmack; roh, geschmort oder fermentiert verwendbar."	"GENERAL_LOCAL"	"Katalogpfad Kohlgemüse → Gemüse. Warengruppe Gemüse oder Pilz, formrelevanter Prüfhinweis aus der vollständigen Definition: »roh, geschmort oder fermentiert verwendbar«. Regelweg in Bornheim über ortsübliche Vollsortimenter rund um Bornheim, konkret im Bereich »Obst- und Gemüseabteilung«."	"EASY"	"Rotkohl: gewöhnlicher lokaler Bezugsweg über den Bereich »Obst- und Gemüseabteilung«."	"OPTIONAL"	""	"GENERAL_LOCAL"	"Die Rostocker Warenprüfung für „Rotkohl“ erfolgt über die Gemüseabteilung eines gewöhnlichen großen Rostocker Supermarkts."	"EASY"	"Rotkohl: gewöhnlicher lokaler Bezugsweg über den Bereich »Rotkohl«."	"OPTIONAL"	""	"FORM_SENSITIVE|TOBIAS_ROSTOCK_PROFILE"	"PROPOSED_FOR_HUMAN_REVIEW"
"RED_CURRANT"	"rote Johannisbeere"	"APPLICABLE"	"Rote Johannisbeere mit klarer Säure und saftigem Fruchtfleisch; frisch oder ungesüßt tiefgekühlt."	"GENERAL_BROAD"	"Katalogpfad Beeren → Obst. Warengruppe Obst, formrelevanter Prüfhinweis aus der vollständigen Definition: »frisch oder ungesüßt tiefgekühlt«. Die Beschaffung erfolgt formgenau über „Obst- und Gemüseabteilung über eine vorab geprüfte Händlerroute“."	"PLANNED"	"rote Johannisbeere: Die Beschaffung erfolgt formgenau über „Obst- und Gemüseabteilung über eine vorab geprüfte Händlerroute“."	"OPTIONAL"	""	"GENERAL_BROAD"	"Der konkrete Bezug von „rote Johannisbeere“ läuft über gut sortierte Vollsortimenter und etablierte deutsche Frucht- oder Frischehändler."	"PLANNED"	"rote Johannisbeere: Der konkrete Bezug von „rote Johannisbeere“ läuft über gut sortierte Vollsortimenter und etablierte deutsche Frucht- oder Frischehändler."	"OPTIONAL"	""	"FORM_SENSITIVE|RATING_RECONCILED_V2|TOBIAS_ROSTOCK_PROFILE"	"PROPOSED_FOR_HUMAN_REVIEW"
"RED_LENTILS"	"rote Linsen"	"APPLICABLE"	"Geschälte rote Linsen, die schnell garen und meist cremig zerfallen; nicht formstabile ganze Linsen."	"GENERAL_LOCAL"	"Katalogpfad Linsen → Hülsenfrüchte. Warengruppe Hülsenfrucht, formrelevanter Prüfhinweis aus der vollständigen Definition: »nicht formstabile ganze Linsen«. Regelweg in Bornheim über den regulären Bornheimer Regalweg »Hülsenfrucht-, Konserven- oder Trockenwarenregal«."	"EASY"	"rote Linsen: gewöhnlicher lokaler Bezugsweg über den Bereich »Hülsenfrucht-, Konserven- oder Trockenwarenregal«."	"OPTIONAL"	""	"GENERAL_LOCAL"	"Die Rostocker Warenprüfung für „rote Linsen“ erfolgt über das Hülsenfrucht-, Konserven- oder Trockensortiment eines gewöhnlichen großen Rostocker Supermarkts."	"EASY"	"rote Linsen: gewöhnlicher lokaler Bezugsweg über den Bereich »rote Linsen«."	"OPTIONAL"	""	"TOBIAS_ROSTOCK_PROFILE"	"PROPOSED_FOR_HUMAN_REVIEW"
"RED_ONION"	"rote Zwiebel"	"APPLICABLE"	"Rote Zwiebel mit milderer Schärfe und violetter Farbe; roh und gegart verwendbar."	"GENERAL_LOCAL"	"Katalogpfad Zwiebel → Lauch- und Zwiebelgemüse → Gemüse. Warengruppe Gemüse oder Pilz, formrelevanter Prüfhinweis aus der vollständigen Definition: »roh und gegart verwendbar«. Regelweg in Bornheim über das örtliche Sortiment »Obst- und Gemüseabteilung« beim Wocheneinkauf in Bornheim."	"EASY"	"rote Zwiebel: gewöhnlicher lokaler Bezugsweg über den Bereich »Obst- und Gemüseabteilung«."	"OPTIONAL"	""	"GENERAL_LOCAL"	"Tobias prüft „rote Zwiebel“ in Rostock über die Gemüseabteilung eines gewöhnlichen großen Rostocker Supermarkts."	"EASY"	"rote Zwiebel: Rostocker Bezugsweg über die Gemüseabteilung eines gewöhnlichen großen Rostocker Supermarkts."	"OPTIONAL"	""	"TOBIAS_ROSTOCK_PROFILE"	"PROPOSED_FOR_HUMAN_REVIEW"
"RED_WINE"	"Rotwein"	"APPLICABLE"	"Rotwein als Kochzutat; Rebsorte, Körper und Trockenheitsgrad bleiben offen, kein aromatisiertes Weingetränk."	"GENERAL_LOCAL"	"Katalogpfad Kochalkohol. Warengruppe Kochalkohol, formrelevanter Prüfhinweis aus der vollständigen Definition: »Rebsorte, Körper und Trockenheitsgrad bleiben offen, kein aromatisiertes Weingetränk«. Regelweg in Bornheim über das örtliche Sortiment »Getränke-, Wein- oder Spirituosenregal« beim Wocheneinkauf in Bornheim."	"EASY"	"Rotwein: gewöhnlicher lokaler Bezugsweg über den Bereich »Getränke-, Wein- oder Spirituosenregal«."	"OPTIONAL"	""	"GENERAL_LOCAL"	"Die Beschaffung von „Rotwein“ erfolgt in Rostock über das Spirituosen- oder Weinregal eines gewöhnlichen großen Rostocker Supermarkts."	"EASY"	"Rotwein: gewöhnlicher lokaler Bezugsweg über den Bereich »Rotwein«."	"OPTIONAL"	""	"TOBIAS_ROSTOCK_PROFILE"	"PROPOSED_FOR_HUMAN_REVIEW"
"RED_WINE_VINEGAR"	"Rotweinessig"	"APPLICABLE"	"Aus Rotwein vergorener Essig mit fruchtig-herber Säure; nicht Rotwein oder Balsamico."	"GENERAL_LOCAL"	"Katalogpfad Essig. Warengruppe Speiseessig, formrelevanter Prüfhinweis aus der vollständigen Definition: »nicht Rotwein oder Balsamico«. Regelweg in Bornheim über den Bereich »Essig- und Ölregal« eines gewöhnlichen Bornheimer Vollsortimenters."	"EASY"	"Rotweinessig: gewöhnlicher lokaler Bezugsweg über den Bereich »Essig- und Ölregal«."	"OPTIONAL"	""	"GENERAL_LOCAL"	"Die Rostocker Warenprüfung für „Rotweinessig“ erfolgt über das Saucen-, Essig- oder Feinkostregal eines gewöhnlichen großen Rostocker Supermarkts."	"EASY"	"Rotweinessig: gewöhnlicher lokaler Bezugsweg über den Bereich »Rotweinessig«."	"OPTIONAL"	""	"TOBIAS_ROSTOCK_PROFILE"	"PROPOSED_FOR_HUMAN_REVIEW"
"REDFISH"	"Rotbarsch"	"APPLICABLE"	"Rotbarsch mit festem, mildem und relativ magerem Fleisch; meist als Filet erhältlich."	"GENERAL_BROAD"	"Deutsche See – Rotbarschfilets TK belegt formgenau: Die Produktseite führt hautlose, portionierte und vakuumierte Rotbarschfilets als verfügbaren Tiefkühlartikel. Für Georgia in Bornheim gilt: Deutschlandweiter Tiefkühl-Wunschterminversand nach Bornheim und Rostock; Mindestbestellwert 49 Euro; Logistik FROZEN_SHIPPING. Wunschtermin, Mindestbestellwert und minus-18-Grad-Kette verhindern spontane Beschaffung, bleiben aber robust planbar."	"PLANNED"	"Rotbarsch: Die Produktseite führt hautlose, portionierte und vakuumierte Rotbarschfilets als verfügbaren Tiefkühlartikel."	"REQUIRED"	"AV2N-N-0098|AV2N-P-0024"	"GENERAL_BROAD"	"Deutsche See – Rotbarschfilets TK belegt formgenau: Die Produktseite führt hautlose, portionierte und vakuumierte Rotbarschfilets als verfügbaren Tiefkühlartikel. Für Tobias in Rostock gilt: Deutschlandweiter Tiefkühl-Wunschterminversand nach Bornheim und Rostock; Mindestbestellwert 49 Euro; Logistik FROZEN_SHIPPING. Wunschtermin, Mindestbestellwert und minus-18-Grad-Kette verhindern spontane Beschaffung, bleiben aber robust planbar."	"PLANNED"	"Rotbarsch: Die Produktseite führt hautlose, portionierte und vakuumierte Rotbarschfilets als verfügbaren Tiefkühlartikel."	"REQUIRED"	"AV2N-N-0099|AV2N-P-0024"	"BORDERLINE_PLANNED|EVIDENCE_REQUIRED|RATING_RECONCILED_V2|TOBIAS_ROSTOCK_PROFILE"	"PROPOSED_FOR_HUMAN_REVIEW"
"REINDEER"	"Rentierfleisch"	"APPLICABLE"	"Rentierfleisch als frisches oder tiefgekühltes Fleischstück beziehungsweise geeignetes Gulasch-/Geschnetzeltesfleisch. Nicht Rentierwurst, Trockenfleisch oder ein bereits zubereitetes Rentiergericht."	"NICHE_IMPORT"	"Katalogpfad Wildfleisch → Fleisch. Warengruppe Fleisch, formrelevanter Prüfhinweis aus der vollständigen Definition: »Nicht Rentierwurst, Trockenfleisch oder ein bereits zubereitetes Rentiergericht«. Nur der schmale Händlerweg über Swedish Wild – reindeer meat range ist positiv belegt; Tiefkühlversand begrenzt Form, Bestand oder Logistik."	"DIFFICULT"	"Rentierfleisch: Nur der schmale Händlerweg über Swedish Wild – reindeer meat range ist positiv belegt; Tiefkühlversand begrenzt Form, Bestand oder Logistik."	"REQUIRED"	"AV2N-N-0100"	"NICHE_IMPORT"	"Tobias prüft „Rentierfleisch“ in Rostock über Swedish Wild – reindeer meat range, wobei die Evidenz eine vor dem Einkauf erneut zu prüfende Verfügbarkeit und Tiefkühlversand ausweist."	"DIFFICULT"	"Rentierfleisch: Rostocker Bezugsweg über Swedish Wild – reindeer meat range; dokumentiert sind eine vor dem Einkauf erneut zu prüfende Verfügbarkeit und Tiefkühlversand."	"REQUIRED"	"AV2N-N-0101"	"EVIDENCE_REQUIRED|FORM_OR_LOGISTICS_RISK|FORM_OR_ROUTE_FRAGILE|FORM_SENSITIVE|RESEARCH_REQUIRED|TOBIAS_ROSTOCK_PROFILE"	"PROPOSED_FOR_HUMAN_REVIEW"
"REMOULADE"	"Remoulade"	"APPLICABLE"	"Würzige mayonnaiseartige Sauce mit typischerweise Gurken/Pickles, Senf, Kräutern und weiteren Würzzutaten; konkrete Rezepturen können variieren."	"GENERAL_LOCAL"	"Katalogpfad fertige Sauce oder Würzpaste → Sauce, Würzmittel oder Paste. Warengruppe Sauce oder Würzpaste, formrelevanter Prüfhinweis aus der vollständigen Definition: »konkrete Rezepturen können variieren«. Regelweg in Bornheim über die gewöhnliche Bornheimer Auslage »Saucen-, Würzpasten- und Feinkostregal«."	"EASY"	"Remoulade: gewöhnlicher lokaler Bezugsweg über den Bereich »Saucen-, Würzpasten- und Feinkostregal«."	"OPTIONAL"	""	"GENERAL_LOCAL"	"Tobias prüft „Remoulade“ in Rostock über das Saucen-, Essig- oder Feinkostregal eines gewöhnlichen großen Rostocker Supermarkts."	"EASY"	"Remoulade: Rostocker Bezugsweg über das Saucen-, Essig- oder Feinkostregal eines gewöhnlichen großen Rostocker Supermarkts."	"OPTIONAL"	""	"TOBIAS_ROSTOCK_PROFILE"	"PROPOSED_FOR_HUMAN_REVIEW"
"RENDANG_PASTE"	"Rendang-Paste"	"APPLICABLE"	"Konzentrierte Gewürzpaste für Rendang mit Chili, Aromaten und Gewürzen; nicht das fertige Schmorgericht."	"SPECIALTY_BROAD"	"Katalogpfad fertige Currypaste → fertige Sauce oder Würzpaste → Sauce, Würzmittel oder Paste. Warengruppe Sauce oder Würzpaste, formrelevanter Prüfhinweis aus der vollständigen Definition: »nicht das fertige Schmorgericht«. Breiter einschlägiger Spezialmarkt über die voneinander unabhängigen Händler Asiashoponline – Munik Rendang paste 39 g sowie My-Asia-Shop – Asian Home Gourmet Rendang paste."	"SPECIALTY"	"Rendang-Paste ist im einschlägigen Spezialmarkt breit etabliert; dokumentierte reguläre Wege sind die voneinander unabhängigen Händler Asiashoponline – Munik Rendang paste 39 g sowie My-Asia-Shop – Asian Home Gourmet Rendang paste."	"REQUIRED"	"AV2N-N-0102|AV2N-N-0103"	"SPECIALTY_BROAD"	"Tobias prüft „Rendang-Paste“ in Rostock über Asiashoponline – Munik Rendang paste 39 g und My-Asia-Shop – Asian Home Gourmet Rendang paste, wobei die Evidenz verfügbaren Bestand in einem laufenden Fachsortiment und Standardversand ausweist."	"SPECIALTY"	"Rendang-Paste: Rostocker Bezugsweg über Asiashoponline – Munik Rendang paste 39 g und My-Asia-Shop – Asian Home Gourmet Rendang paste; dokumentiert ist verfügbarer Bestand in einem laufenden Fachsortiment und Standardversand."	"REQUIRED"	"AV2N-N-0104|AV2N-N-0105"	"EVIDENCE_REQUIRED|RESEARCH_REQUIRED|SPECIALTY_MARKET_BREADTH|TOBIAS_ROSTOCK_PROFILE"	"PROPOSED_FOR_HUMAN_REVIEW"
"RHUBARB"	"Rhabarber"	"APPLICABLE"	"Fleischige saure Blattstiele des Rhabarbers; nur die Stiele verwenden, nicht die Blätter."	"GENERAL_BROAD"	"Katalogpfad Stängelgemüse → Gemüse. Warengruppe Gemüse oder Pilz, formrelevanter Prüfhinweis aus der vollständigen Definition: »nur die Stiele verwenden, nicht die Blätter«. Allgemein planbarer, aber nicht lokal garantierter Weg über eine vorab zu prüfendes Sortiment im Bereich »Obst- und Gemüseabteilung« eines großen Bornheimer Markts."	"PLANNED"	"Rhabarber ist über ein vorab zu prüfendes Sortiment im Bereich »Obst- und Gemüseabteilung« eines großen Bornheimer Markts im allgemeinen deutschen Handel planbar, lokal aber kein verlässlicher Standardartikel."	"OPTIONAL"	""	"GENERAL_BROAD"	"Die Beschaffung von „Rhabarber“ erfolgt in Rostock über gut sortierte Vollsortimenter und etablierte deutsche Gemüse- oder Frischehändler."	"PLANNED"	"Rhabarber: Die Beschaffung von „Rhabarber“ erfolgt in Rostock über gut sortierte Vollsortimenter und etablierte deutsche Gemüse- oder Frischehändler."	"OPTIONAL"	""	"RATING_RECONCILED_V2|TOBIAS_ROSTOCK_PROFILE"	"PROPOSED_FOR_HUMAN_REVIEW"
"RICE"	"Reis"	"APPLICABLE"	"Reiskorn als Kochzutat; Sorte, Kornlänge, Vollkornanteil und Klebrigkeit bleiben bewusst wählbar."	"GENERAL_LOCAL"	"Katalogpfad Getreide oder Pseudogetreide → stärkehaltige Zutat oder Sättigungsbeilage. Warengruppe Getreide- oder Stärkeware, formrelevanter Prüfhinweis aus der vollständigen Definition: »Sorte, Kornlänge, Vollkornanteil und Klebrigkeit bleiben bewusst wählbar«. Regelweg in Bornheim über den Bereich »Reis-, Mehl-, Nudel- oder Trockenwarenregal« eines gewöhnlichen Bornheimer Vollsortimenters."	"EASY"	"Reis: Der offene Begriff lässt sich in jedem gewöhnlichen Supermarkt zuverlässig erfüllen."	"OPTIONAL"	"AV2E-011"	"GENERAL_LOCAL"	"Reis: Der offene Begriff lässt sich in jedem gewöhnlichen Supermarkt zuverlässig erfüllen."	"EASY"	"Reis: Der offene Begriff lässt sich in jedem gewöhnlichen Supermarkt zuverlässig erfüllen."	"OPTIONAL"	"AV2E-011"	"REFERENCE_ANCHOR|REFERENCE_ANCHOR_V2|TOBIAS_ROSTOCK_PROFILE"	"RATING_APPROVED_NOTE_PROPOSED_REFERENCE_ANCHOR_V2"
"RICE_CAKES"	"koreanische Reiskuchen"	"APPLICABLE"	"Koreanische Reiskuchen nach Tteok-Art mit zäher, elastischer Textur; Form und frisch oder tiefgekühlt bleiben offen."	"SPECIALTY_BROAD"	"Katalogpfad Reisprodukt → stärkehaltige Zutat oder Sättigungsbeilage. Warengruppe Getreide- oder Stärkeware, formrelevanter Prüfhinweis aus der vollständigen Definition: »Form und frisch oder tiefgekühlt bleiben offen«. Breiter einschlägiger Spezialmarkt über die voneinander unabhängigen Händler Asiafoodland – Korean Garae-tteok 400 g sowie Reishunger – Tteok Korean rice cakes."	"SPECIALTY"	"koreanische Reiskuchen ist im einschlägigen Spezialmarkt breit etabliert; dokumentierte reguläre Wege sind die voneinander unabhängigen Händler Asiafoodland – Korean Garae-tteok 400 g sowie Reishunger – Tteok Korean rice cakes."	"REQUIRED"	"AV2N-N-0106|AV2N-N-0107"	"SPECIALTY_BROAD"	"Tobias prüft „koreanische Reiskuchen“ in Rostock über Asiafoodland – Korean Garae-tteok 400 g und Reishunger – Tteok Korean rice cakes, wobei die Evidenz verfügbaren Bestand in einem laufenden Fachsortiment und Standardversand ausweist."	"SPECIALTY"	"koreanische Reiskuchen: Rostocker Bezugsweg über Asiafoodland – Korean Garae-tteok 400 g und Reishunger – Tteok Korean rice cakes; dokumentiert ist verfügbarer Bestand in einem laufenden Fachsortiment und Standardversand."	"REQUIRED"	"AV2N-N-0108|AV2N-N-0109"	"EVIDENCE_REQUIRED|FORM_SENSITIVE|RESEARCH_REQUIRED|SPECIALTY_MARKET_BREADTH|TOBIAS_ROSTOCK_PROFILE"	"PROPOSED_FOR_HUMAN_REVIEW"
"RICE_FLOUR"	"Reismehl"	"APPLICABLE"	"Fein gemahlener Reis, weiß oder als Vollkorn; nicht reine Reisstärke."	"GENERAL_BROAD"	"Katalogpfad Mehl → Reisprodukt → stärkehaltige Zutat oder Sättigungsbeilage. Warengruppe Getreide- oder Stärkeware, formrelevanter Prüfhinweis aus der vollständigen Definition: »nicht reine Reisstärke«. Allgemein planbarer, aber nicht lokal garantierter Weg über eine konkrete Vorbestellung oder Bestandsabfrage für Getreide- oder Stärkeware."	"PLANNED"	"Reismehl ist über eine konkrete Vorbestellung oder Bestandsabfrage für Getreide- oder Stärkeware im allgemeinen deutschen Handel planbar, lokal aber kein verlässlicher Standardartikel."	"OPTIONAL"	""	"GENERAL_BROAD"	"Für „Reismehl“ wird das Angebot über gut sortierte Vollsortimenter und etablierte deutsche Bio- oder Trockenwarenhändler kontrolliert."	"PLANNED"	"Reismehl: Für „Reismehl“ wird das Angebot über gut sortierte Vollsortimenter und etablierte deutsche Bio- oder Trockenwarenhändler kontrolliert."	"OPTIONAL"	""	"TOBIAS_ROSTOCK_PROFILE"	"PROPOSED_FOR_HUMAN_REVIEW"
"RICE_NOODLES"	"Reisnudeln"	"APPLICABLE"	"Nudeln überwiegend auf Reisbasis; Breite, Form und Frisch- oder Trockenware bleiben offen."	"GENERAL_LOCAL"	"Katalogpfad Nudeln → Reisprodukt → stärkehaltige Zutat oder Sättigungsbeilage. Warengruppe Getreide- oder Stärkeware, formrelevanter Prüfhinweis aus der vollständigen Definition: »Breite, Form und Frisch- oder Trockenware bleiben offen«. Regelweg in Bornheim über die gewöhnliche Bornheimer Auslage »Reis-, Mehl-, Nudel- oder Trockenwarenregal«."	"EASY"	"Reisnudeln: gewöhnlicher lokaler Bezugsweg über den Bereich »Reis-, Mehl-, Nudel- oder Trockenwarenregal«."	"OPTIONAL"	""	"GENERAL_LOCAL"	"Die Beschaffung von „Reisnudeln“ erfolgt in Rostock über das Getreide-, Mehl-, Reis- oder Teigwarenregal eines gewöhnlichen großen Rostocker Supermarkts."	"EASY"	"Reisnudeln: gewöhnlicher lokaler Bezugsweg über den Bereich »Reisnudeln«."	"OPTIONAL"	""	"FORM_SENSITIVE|RATING_RECONCILED_V2|TOBIAS_ROSTOCK_PROFILE"	"PROPOSED_FOR_HUMAN_REVIEW"
"RICE_PADDY_HERB"	"Reisfeldkraut"	"APPLICABLE"	"Frisches Reisfeldkraut (ngò om beziehungsweise ngổ) mit zitrischem und leicht kümmelartigem Aroma; besonders für saure Suppen und Brühen. Nicht vietnamesischer Koriander oder Culantro."	"NICHE_IMPORT"	"Katalogpfad Kräuter und Würzblätter. Warengruppe frisches Würzkraut, formrelevanter Prüfhinweis aus der vollständigen Definition: »Nicht vietnamesischer Koriander oder Culantro«. Nur der schmale Händlerweg über Viet Long Foods – fresh herb importer catalog ist positiv belegt; Importbeschränkung begrenzt Form, Bestand oder Logistik."	"DIFFICULT"	"Reisfeldkraut: Nur der schmale Händlerweg über Viet Long Foods – fresh herb importer catalog ist positiv belegt; Importbeschränkung begrenzt Form, Bestand oder Logistik."	"REQUIRED"	"AV2N-N-0110"	"NICHE_IMPORT"	"Tobias prüft „Reisfeldkraut“ in Rostock über Viet Long Foods – fresh herb importer catalog, wobei die Evidenz eine vor dem Einkauf erneut zu prüfende Verfügbarkeit und Importbeschränkungen ausweist."	"DIFFICULT"	"Reisfeldkraut: Rostocker Bezugsweg über Viet Long Foods – fresh herb importer catalog; dokumentiert sind eine vor dem Einkauf erneut zu prüfende Verfügbarkeit und Importbeschränkungen."	"REQUIRED"	"AV2N-N-0111"	"EVIDENCE_REQUIRED|FORM_OR_LOGISTICS_RISK|FORM_OR_ROUTE_FRAGILE|FORM_SENSITIVE|RESEARCH_REQUIRED|TOBIAS_ROSTOCK_PROFILE"	"PROPOSED_FOR_HUMAN_REVIEW"
"RICE_PAPER"	"Reispapier"	"APPLICABLE"	"Dünne trockene Blätter auf Reisbasis zum Einweichen und Rollen; nicht essbares Dekorpapier."	"GENERAL_BROAD"	"Katalogpfad Teigblatt oder Dumpling-Hülle → Reisprodukt → stärkehaltige Zutat oder Sättigungsbeilage. Warengruppe Teigblatt oder Teigware, formrelevanter Prüfhinweis aus der vollständigen Definition: »nicht essbares Dekorpapier«. Allgemein planbarer, aber nicht lokal garantierter Weg über eine konkrete Vorbestellung oder Bestandsabfrage für Teigblatt oder Teigware."	"PLANNED"	"Reispapier ist über eine konkrete Vorbestellung oder Bestandsabfrage für Teigblatt oder Teigware im allgemeinen deutschen Handel planbar, lokal aber kein verlässlicher Standardartikel."	"OPTIONAL"	""	"GENERAL_BROAD"	"Der konkrete Bezug von „Reispapier“ läuft über gut sortierte Vollsortimenter und etablierte deutsche Bio- oder Trockenwarenhändler."	"PLANNED"	"Reispapier: Der konkrete Bezug von „Reispapier“ läuft über gut sortierte Vollsortimenter und etablierte deutsche Bio- oder Trockenwarenhändler."	"OPTIONAL"	""	"TOBIAS_ROSTOCK_PROFILE"	"PROPOSED_FOR_HUMAN_REVIEW"
"RICE_PRODUCTS"	"Reisprodukt"	"APPLICABLE"	"Offene Vorgabe für verarbeitete Reisprodukte wie Nudeln, Reiskuchen, Mehl oder Papier; gewöhnliches Reiskorn bleibt getrennt."	"GENERAL_LOCAL"	"Katalogpfad stärkehaltige Zutat oder Sättigungsbeilage. Warengruppe Getreide- oder Stärkeware, formrelevanter Prüfhinweis aus der vollständigen Definition: »gewöhnliches Reiskorn bleibt getrennt«. Regelweg in Bornheim über die gewöhnliche Bornheimer Auslage »Reis-, Mehl-, Nudel- oder Trockenwarenregal«."	"EASY"	"Reisprodukt: gewöhnlicher lokaler Bezugsweg über den Bereich »Reis-, Mehl-, Nudel- oder Trockenwarenregal«."	"OPTIONAL"	""	"GENERAL_LOCAL"	"Beim Einkauf von „Reisprodukt“ nutzt Tobias das Getreide-, Mehl-, Reis- oder Teigwarenregal eines gewöhnlichen großen Rostocker Supermarkts."	"EASY"	"Reisprodukt: gewöhnlicher lokaler Bezugsweg über den Bereich »Reisprodukt«."	"OPTIONAL"	""	"RATING_RECONCILED_V2|TOBIAS_ROSTOCK_PROFILE"	"PROPOSED_FOR_HUMAN_REVIEW"
"RICE_VINEGAR"	"Reisessig"	"APPLICABLE"	"Milder Essig aus Reis beziehungsweise Reiswein; helle und dunklere regionale Varianten sind möglich."	"GENERAL_BROAD"	"Katalogpfad Essig. Warengruppe Speiseessig, formrelevanter Prüfhinweis aus der vollständigen Definition: »helle und dunklere regionale Varianten sind möglich«. Allgemein planbarer, aber nicht lokal garantierter Weg über eine konkrete Vorbestellung oder Bestandsabfrage für Speiseessig."	"PLANNED"	"Reisessig ist über eine konkrete Vorbestellung oder Bestandsabfrage für Speiseessig im allgemeinen deutschen Handel planbar, lokal aber kein verlässlicher Standardartikel."	"OPTIONAL"	""	"GENERAL_BROAD"	"Tobias prüft „Reisessig“ in Rostock über gut sortierte Vollsortimenter und etablierte deutsche Feinkost- oder Würzsaucenhändler."	"PLANNED"	"Reisessig: Rostocker Bezugsweg über gut sortierte Vollsortimenter und etablierte deutsche Feinkost- oder Würzsaucenhändler."	"OPTIONAL"	""	"TOBIAS_ROSTOCK_PROFILE"	"PROPOSED_FOR_HUMAN_REVIEW"
"RICOTTA"	"Ricotta"	"APPLICABLE"	"Milder italienischer Molkenfrischkäse mit körnig-cremiger Textur; Kuh-, Schaf- oder andere Milchbasis möglich."	"GENERAL_LOCAL"	"Katalogpfad Käse → gesäuertes Milchprodukt → Milchprodukte. Warengruppe Käse, formrelevanter Prüfhinweis aus der vollständigen Definition: »Kuh-, Schaf- oder andere Milchbasis möglich«. Regelweg in Bornheim über das örtliche Sortiment »Käsekühlung oder Käsetheke« beim Wocheneinkauf in Bornheim."	"EASY"	"Ricotta: gewöhnlicher lokaler Bezugsweg über den Bereich »Käsekühlung oder Käsetheke«."	"OPTIONAL"	""	"GENERAL_LOCAL"	"Tobias sucht „Ricotta“ in Rostock über die Käsekühlung oder Käsetheke eines gewöhnlichen großen Rostocker Supermarkts gesucht."	"EASY"	"Ricotta: gewöhnlicher lokaler Bezugsweg über den Bereich »Ricotta«."	"OPTIONAL"	""	"FORM_SENSITIVE|TOBIAS_ROSTOCK_PROFILE"	"PROPOSED_FOR_HUMAN_REVIEW"
"RILLETTES"	"Rillettes"	"APPLICABLE"	"Offene Familie langsam gegarter und zerfaserter Fleischaufstriche nach Rillettes-Art, insbesondere aus Schwein, Ente oder Gans. Fisch-Rillettes und gewöhnliche Leberpastete sind ausdrücklich nicht gemeint."	"GENERAL_BROAD"	"Katalogpfad Fleisch. REWE listet Bahier Gänserillettes im Glas aus 83 Prozent zart gekochtem Gänsefleisch, Gänsefett und Schweinefleisch; Georgia prüft dieses allgemeine Kettenprodukt standortbezogen."	"PLANNED"	"Rillettes: REWE listet Bahier Gänserillettes im Glas aus 83 Prozent zart gekochtem Gänsefleisch, Gänsefett und Schweinefleisch; Georgia prüft dieses allgemeine Kettenprodukt standortbezogen."	"REQUIRED"	"AV2N-N-0112"	"GENERAL_BROAD"	"Bahier Gänserillettes ist im REWE-Katalog gelistet; der konkrete Rostocker Filialbestand bleibt vor dem Einkauf zu prüfen."	"PLANNED"	"Bahier Gänserillettes ist im REWE-Katalog gelistet; der konkrete Rostocker Filialbestand bleibt vor dem Einkauf zu prüfen."	"REQUIRED"	"AV2N-N-0113"	"BORDERLINE_PLANNED|EVIDENCE_REQUIRED|RESEARCH_REQUIRED|TOBIAS_ROSTOCK_PROFILE"	"PROPOSED_FOR_HUMAN_REVIEW"
"RISOTTO_RICE"	"Risottoreis"	"APPLICABLE"	"Stärkereiche mittel- bis kurzkörnige Reissorte für cremiges Risotto, etwa Arborio oder Carnaroli."	"GENERAL_LOCAL"	"Katalogpfad Reis → Getreide oder Pseudogetreide → stärkehaltige Zutat oder Sättigungsbeilage. Warengruppe Getreide- oder Stärkeware, formrelevanter Prüfhinweis aus der vollständigen Definition: »Reissorte für cremiges Risotto, etwa Arborio oder Carnaroli«. Regelweg in Bornheim über den regulären Bornheimer Regalweg »Reis-, Mehl-, Nudel- oder Trockenwarenregal«."	"EASY"	"Risottoreis: gewöhnlicher lokaler Bezugsweg über den Bereich »Reis-, Mehl-, Nudel- oder Trockenwarenregal«."	"OPTIONAL"	""	"GENERAL_LOCAL"	"Für „Risottoreis“ wird das Angebot über das Getreide-, Mehl-, Reis- oder Teigwarenregal eines gewöhnlichen großen Rostocker Supermarkts kontrolliert."	"EASY"	"Risottoreis: gewöhnlicher lokaler Bezugsweg über den Bereich »Risottoreis«."	"OPTIONAL"	""	"TOBIAS_ROSTOCK_PROFILE"	"PROPOSED_FOR_HUMAN_REVIEW"
"ROASTED_RED_PEPPER"	"geröstete Paprika"	"APPLICABLE"	"Geröstete und gehäutete rote Paprika, frisch zubereitet oder schlicht in Glas beziehungsweise Öl konserviert."	"GENERAL_LOCAL"	"Katalogpfad konservierte pflanzliche Zutat → rote Paprika → Paprika → Fruchtgemüse. Warengruppe konservierte Pflanzenware, formrelevanter Prüfhinweis aus der vollständigen Definition: »zubereitet oder schlicht in Glas beziehungsweise Öl konserviert«. Regelweg in Bornheim über den Bereich »Konserven-, Glas- oder internationales Feinkostregal« eines gewöhnlichen Bornheimer Vollsortimenters."	"EASY"	"geröstete Paprika: gewöhnlicher lokaler Bezugsweg über den Bereich »Konserven-, Glas- oder internationales Feinkostregal«."	"OPTIONAL"	""	"GENERAL_LOCAL"	"Tobias prüft „geröstete Paprika“ in Rostock über das Konserven-, Sauergemüse- oder Feinkostregal eines gewöhnlichen großen Rostocker Supermarkts."	"EASY"	"geröstete Paprika: Rostocker Bezugsweg über das Konserven-, Sauergemüse- oder Feinkostregal eines gewöhnlichen großen Rostocker Supermarkts."	"OPTIONAL"	""	"FORM_SENSITIVE|TOBIAS_ROSTOCK_PROFILE"	"PROPOSED_FOR_HUMAN_REVIEW"
"ROD_POLSE"	"Rød pølse"	"APPLICABLE"	"Dänische rote Hotdog-/Brühwurst (rød pølse), typischerweise aus Schweinefleisch, gekocht und geräuchert; nicht generisch jede rot gefärbte Wurst."	"NICHE_IMPORT"	"Katalogpfad Schweinefleisch → Wurst → Fleisch. Warengruppe Wurst oder Pökelfleisch, formrelevanter Prüfhinweis aus der vollständigen Definition: »nicht generisch jede rot gefärbte Wurst«. Nur der schmale Händlerweg über Dänemark Shop – Danish sausage assortment ist positiv belegt; Kühlversand begrenzt Form, Bestand oder Logistik."	"DIFFICULT"	"Rød pølse: Nur der schmale Händlerweg über Dänemark Shop – Danish sausage assortment ist positiv belegt; Kühlversand begrenzt Form, Bestand oder Logistik."	"REQUIRED"	"AV2N-N-0114"	"NICHE_IMPORT"	"Tobias prüft „Rød pølse“ in Rostock über Dänemark Shop – Danish sausage assortment, wobei die Evidenz eine vor dem Einkauf erneut zu prüfende Verfügbarkeit und Kühlversand ausweist."	"DIFFICULT"	"Rød pølse: Rostocker Bezugsweg über Dänemark Shop – Danish sausage assortment; dokumentiert sind eine vor dem Einkauf erneut zu prüfende Verfügbarkeit und Kühlversand."	"REQUIRED"	"AV2N-N-0115"	"EVIDENCE_REQUIRED|FORM_OR_LOGISTICS_RISK|FORM_OR_ROUTE_FRAGILE|RESEARCH_REQUIRED|TOBIAS_ROSTOCK_PROFILE"	"PROPOSED_FOR_HUMAN_REVIEW"
"ROMAINE_LETTUCE"	"Römersalat"	"APPLICABLE"	"Römersalat mit länglichen kräftigen Blättern und knackiger Mittelrippe; roh oder gegrillt verwendbar."	"GENERAL_LOCAL"	"Katalogpfad Blattsalat → Blattgemüse → Gemüse. Warengruppe Gemüse oder Pilz, formrelevanter Prüfhinweis aus der vollständigen Definition: »roh oder gegrillt verwendbar«. Regelweg in Bornheim über ortsübliche Vollsortimenter rund um Bornheim, konkret im Bereich »Obst- und Gemüseabteilung«."	"EASY"	"Römersalat: gewöhnlicher lokaler Bezugsweg über den Bereich »Obst- und Gemüseabteilung«."	"OPTIONAL"	""	"GENERAL_LOCAL"	"Für „Römersalat“ führt der Rostocker Marktweg über die Gemüseabteilung eines gewöhnlichen großen Rostocker Supermarkts."	"EASY"	"Römersalat: Rostocker Bezugsweg über die Gemüseabteilung eines gewöhnlichen großen Rostocker Supermarkts."	"OPTIONAL"	""	"TOBIAS_ROSTOCK_PROFILE"	"PROPOSED_FOR_HUMAN_REVIEW"
"ROMANESCO"	"Romanesco"	"APPLICABLE"	"Hellgrünes Kohlgemüse mit fraktal geformtem Blütenstand und mild-nussigem Geschmack; nicht Brokkoli."	"GENERAL_BROAD"	"GLOBUS – frischer Romanesco belegt formgenau: GLOBUS bezeichnet den exakten frischen Romanesco-Kopf ausdrücklich als Artikel im regulären Markthallensortiment. Für Georgia in Bornheim gilt: Reguläres Sortiment im deutschen GLOBUS-Markthallennetz; konkrete Filiale für Bornheim oder Rostock prüfen; Logistik STANDARD_LOCAL. Saison und Einzelmarktbestand schwanken; generischer Brokkoli wird nicht als Ersatz für die fraktale Kohlform gezählt."	"PLANNED"	"Romanesco: GLOBUS bezeichnet den exakten frischen Romanesco-Kopf ausdrücklich als Artikel im regulären Markthallensortiment."	"REQUIRED"	"AV2N-N-0116|AV2N-P-0025"	"GENERAL_BROAD"	"GLOBUS – frischer Romanesco belegt formgenau: GLOBUS bezeichnet den exakten frischen Romanesco-Kopf ausdrücklich als Artikel im regulären Markthallensortiment. Für Tobias in Rostock gilt: Reguläres Sortiment im deutschen GLOBUS-Markthallennetz; konkrete Filiale für Bornheim oder Rostock prüfen; Logistik STANDARD_LOCAL. Saison und Einzelmarktbestand schwanken; generischer Brokkoli wird nicht als Ersatz für die fraktale Kohlform gezählt."	"PLANNED"	"Romanesco: GLOBUS bezeichnet den exakten frischen Romanesco-Kopf ausdrücklich als Artikel im regulären Markthallensortiment."	"OPTIONAL"	"AV2N-P-0025"	"BORDERLINE_PLANNED|EVIDENCE_REQUIRED|TOBIAS_ROSTOCK_PROFILE"	"PROPOSED_FOR_HUMAN_REVIEW"
"ROMESCO"	"Romesco-Sauce"	"APPLICABLE"	"Katalanische Sauce auf Basis gerösteter Paprika beziehungsweise Ñora, Tomate, Nüssen, Öl und Säure; genaue Nussmischung und Brotanteil können variieren. Nicht Ajvar oder allgemeine Paprikasauce."	"SPECIALTY_BROAD"	"Katalogpfad fertige Sauce oder Würzpaste → Sauce, Würzmittel oder Paste. Warengruppe Sauce oder Würzpaste, formrelevanter Prüfhinweis aus der vollständigen Definition: »Nicht Ajvar oder allgemeine Paprikasauce«. Breiter einschlägiger Spezialmarkt über die voneinander unabhängigen Händler Mitte Meer – Mediterranean direct shop sowie La Tradición – Priorat Romesco sauce."	"SPECIALTY"	"Romesco-Sauce ist im einschlägigen Spezialmarkt breit etabliert; dokumentierte reguläre Wege sind die voneinander unabhängigen Händler Mitte Meer – Mediterranean direct shop sowie La Tradición – Priorat Romesco sauce."	"REQUIRED"	"AV2N-N-0117|AV2N-N-0118"	"SPECIALTY_BROAD"	"Tobias prüft „Romesco-Sauce“ in Rostock über La Tradición – Priorat Romesco sauce und Mitte Meer – Mediterranean direct shop, wobei die Evidenz verfügbaren Bestand in einem laufenden Fachsortiment und Standardversand ausweist."	"SPECIALTY"	"Romesco-Sauce: Rostocker Bezugsweg über La Tradición – Priorat Romesco sauce und Mitte Meer – Mediterranean direct shop; dokumentiert ist verfügbarer Bestand in einem laufenden Fachsortiment und Standardversand."	"REQUIRED"	"AV2N-N-0119|AV2N-N-0120"	"BORDERLINE_PLANNED|EVIDENCE_REQUIRED|RATING_RECONCILED_V2|RESEARCH_REQUIRED|SPECIALTY_MARKET_BREADTH|TOBIAS_ROSTOCK_PROFILE"	"PROPOSED_FOR_HUMAN_REVIEW"
"ROOKWORST"	"Rookworst"	"APPLICABLE"	"Niederländische geräucherte Koch- oder Brühwurst; die Fleischzusammensetzung kann variieren und muss nicht ausschließlich aus Schweinefleisch bestehen."	"NICHE_IMPORT"	"Katalogpfad Wurst → Fleisch. Warengruppe Wurst oder Pökelfleisch, formrelevanter Prüfhinweis aus der vollständigen Definition: »die Fleischzusammensetzung kann variieren und muss nicht ausschließlich aus Schweinefleisch bestehen«. Nur der schmale Händlerweg über Hollandshop24 – Dutch rookworst range ist positiv belegt; Importbeschränkung begrenzt Form, Bestand oder Logistik."	"DIFFICULT"	"Rookworst: Nur der schmale Händlerweg über Hollandshop24 – Dutch rookworst range ist positiv belegt; Importbeschränkung begrenzt Form, Bestand oder Logistik."	"REQUIRED"	"AV2N-N-0121"	"NICHE_IMPORT"	"Tobias prüft „Rookworst“ in Rostock über Hollandshop24 – Dutch rookworst range, wobei die Evidenz ein dokumentiertes laufendes Angebot und Importbeschränkungen ausweist."	"DIFFICULT"	"Rookworst: Rostocker Bezugsweg über Hollandshop24 – Dutch rookworst range; dokumentiert sind ein dokumentiertes laufendes Angebot und Importbeschränkungen."	"REQUIRED"	"AV2N-N-0122"	"EVIDENCE_REQUIRED|FORM_OR_ROUTE_FRAGILE|RATING_RECONCILED_V2|RESEARCH_REQUIRED|SPECIALTY_MARKET_BREADTH|TOBIAS_ROSTOCK_PROFILE"	"PROPOSED_FOR_HUMAN_REVIEW"
"ROOT_VEGETABLES"	"Wurzel- und Knollengemüse"	"APPLICABLE"	"Offene Vorgabe für kulinarisch genutzte Wurzeln und Knollen; Art, Stärkegehalt und Süße bleiben wählbar."	"GENERAL_LOCAL"	"Katalogpfad Gemüse. Warengruppe Gemüse oder Pilz, formrelevanter Prüfhinweis aus der vollständigen Definition: »Art, Stärkegehalt und Süße bleiben wählbar«. Regelweg in Bornheim über den Bereich »Obst- und Gemüseabteilung« eines gewöhnlichen Bornheimer Vollsortimenters."	"EASY"	"Wurzel- und Knollengemüse: gewöhnlicher lokaler Bezugsweg über den Bereich »Obst- und Gemüseabteilung«."	"OPTIONAL"	""	"GENERAL_LOCAL"	"Die Beschaffung von „Wurzel- und Knollengemüse“ erfolgt in Rostock über die Gemüseabteilung eines gewöhnlichen großen Rostocker Supermarkts."	"EASY"	"Wurzel- und Knollengemüse: gewöhnlicher lokaler Bezugsweg über den Bereich »Wurzel- und Knollengemüse«."	"OPTIONAL"	""	"TOBIAS_ROSTOCK_PROFILE"	"PROPOSED_FOR_HUMAN_REVIEW"
"ROQUEFORT"	"Roquefort"	"APPLICABLE"	"Französischer Blauschimmelkäse aus Schafmilch nach Roquefort-AOP; kräftig, salzig und ausgeprägt würzig. Nicht generischer Blauschimmelkäse."	"GENERAL_BROAD"	"Formatta – Roquefort AOP Papillon belegt formgenau: Formatta führt Roquefort AOP Papillon aus Schafrohmilch als aktuell lieferbaren, formgenauen Blauschimmelkäse. Für Georgia in Bornheim gilt: Deutschlandweiter Kühlversand in Thermobox; 1–3 Werktage; Logistik CHILLED_SHIPPING. Thermobox und Versandkosten bleiben nötig; generischer Kuhmilch-Blauschimmelkäse trägt den Nachweis nicht."	"PLANNED"	"Roquefort: Formatta führt Roquefort AOP Papillon aus Schafrohmilch als aktuell lieferbaren, formgenauen Blauschimmelkäse."	"REQUIRED"	"AV2N-N-0123|AV2N-P-0026"	"GENERAL_BROAD"	"Formatta – Roquefort AOP Papillon belegt formgenau: Formatta führt Roquefort AOP Papillon aus Schafrohmilch als aktuell lieferbaren, formgenauen Blauschimmelkäse. Für Tobias in Rostock gilt: Deutschlandweiter Kühlversand in Thermobox; 1–3 Werktage; Logistik CHILLED_SHIPPING. Thermobox und Versandkosten bleiben nötig; generischer Kuhmilch-Blauschimmelkäse trägt den Nachweis nicht."	"PLANNED"	"Roquefort: Formatta führt Roquefort AOP Papillon aus Schafrohmilch als aktuell lieferbaren, formgenauen Blauschimmelkäse."	"OPTIONAL"	"AV2N-P-0026"	"BORDERLINE_PLANNED|EVIDENCE_REQUIRED|TOBIAS_ROSTOCK_PROFILE"	"PROPOSED_FOR_HUMAN_REVIEW"
"ROSEMARY"	"Rosmarin"	"APPLICABLE"	"Rosmarinnadeln mit harzigem, kampferartigem Aroma; frisch oder getrocknet sparsam verwendbar."	"GENERAL_LOCAL"	"Katalogpfad Kräuter und Würzblätter. Warengruppe frisches Würzkraut, formrelevanter Prüfhinweis aus der vollständigen Definition: »frisch oder getrocknet sparsam verwendbar«. Regelweg in Bornheim über den Bereich »frische Kräuterabteilung« eines gewöhnlichen Bornheimer Vollsortimenters."	"EASY"	"Rosmarin: gewöhnlicher lokaler Bezugsweg über den Bereich »frische Kräuterabteilung«."	"OPTIONAL"	""	"GENERAL_LOCAL"	"Tobias prüft „Rosmarin“ in Rostock über die Kräuterkühlung der Obst- und Gemüseabteilung eines gewöhnlichen großen Rostocker Supermarkts."	"EASY"	"Rosmarin: Rostocker Bezugsweg über die Kräuterkühlung der Obst- und Gemüseabteilung eines gewöhnlichen großen Rostocker Supermarkts."	"OPTIONAL"	""	"FORM_SENSITIVE|TOBIAS_ROSTOCK_PROFILE"	"PROPOSED_FOR_HUMAN_REVIEW"
"RUM"	"Rum"	"APPLICABLE"	"Spirituose aus Zuckerrohrprodukten; weißer, goldener oder dunkler Rum und Süßegrad bleiben offen."	"GENERAL_LOCAL"	"Katalogpfad Kochalkohol. Warengruppe Kochalkohol, formrelevanter Prüfhinweis aus der vollständigen Definition: »weißer, goldener oder dunkler Rum und Süßegrad bleiben offen«. Regelweg in Bornheim über die gewöhnliche Bornheimer Auslage »Getränke-, Wein- oder Spirituosenregal«."	"EASY"	"Rum: gewöhnlicher lokaler Bezugsweg über den Bereich »Getränke-, Wein- oder Spirituosenregal«."	"OPTIONAL"	""	"GENERAL_LOCAL"	"Beim Einkauf von „Rum“ nutzt Tobias das Spirituosen- oder Weinregal eines gewöhnlichen großen Rostocker Supermarkts."	"EASY"	"Rum: gewöhnlicher lokaler Bezugsweg über den Bereich »Rum«."	"OPTIONAL"	""	"TOBIAS_ROSTOCK_PROFILE"	"PROPOSED_FOR_HUMAN_REVIEW"
"RUTABAGA"	"Steckrübe"	"APPLICABLE"	"Steckrübe mit dichtem gelblichem Fleisch und mild erdig-süßlichem Kohlaroma; nicht Speiserübe."	"GENERAL_LOCAL"	"Katalogpfad Wurzel- und Knollengemüse → Gemüse. Warengruppe Gemüse oder Pilz, formrelevanter Prüfhinweis aus der vollständigen Definition: »nicht Speiserübe«. Regelweg in Bornheim über den lokalen Supermarktbereich »Obst- und Gemüseabteilung« in Bornheim."	"EASY"	"Steckrübe: gewöhnlicher lokaler Bezugsweg über den Bereich »Obst- und Gemüseabteilung«."	"OPTIONAL"	""	"GENERAL_LOCAL"	"Beim Einkauf von „Steckrübe“ nutzt Tobias die Gemüseabteilung eines gewöhnlichen großen Rostocker Supermarkts."	"EASY"	"Steckrübe: gewöhnlicher lokaler Bezugsweg über den Bereich »Steckrübe«."	"OPTIONAL"	""	"TOBIAS_ROSTOCK_PROFILE"	"PROPOSED_FOR_HUMAN_REVIEW"
"RYE_BREAD"	"Roggenbrot"	"APPLICABLE"	"Brot mit Roggen als prägendem Getreide; Misch- und Vollkornformen sind umfasst, Sauerteig wird nicht zwingend vorausgesetzt."	"GENERAL_LOCAL"	"Roggenbrot wird in Bornheim als frischer Laib an Bäckereitheke oder Backstation sowie geschnitten im Brotregal angeboten."	"EASY"	"Roggenbrot wird in Bornheim als frischer Laib an Bäckereitheke oder Backstation sowie geschnitten im Brotregal angeboten."	"OPTIONAL"	""	"GENERAL_LOCAL"	"Die Beschaffung von „Roggenbrot“ erfolgt in Rostock über das Back-, Süßwaren- oder Brotregal eines gewöhnlichen großen Rostocker Supermarkts."	"EASY"	"Roggenbrot: gewöhnlicher lokaler Bezugsweg über den Bereich »Roggenbrot«."	"OPTIONAL"	""	"TOBIAS_ROSTOCK_PROFILE"	"PROPOSED_FOR_HUMAN_REVIEW"
"RYE_FLOUR"	"Roggenmehl"	"APPLICABLE"	"Mehl aus Roggen mit kräftigem Getreidearoma; Ausmahlungsgrad bleibt offen."	"GENERAL_LOCAL"	"Katalogpfad Mehl → stärkehaltige Zutat oder Sättigungsbeilage. Warengruppe Getreide- oder Stärkeware, formrelevanter Prüfhinweis aus der vollständigen Definition: »Ausmahlungsgrad bleibt offen«. Regelweg in Bornheim über das örtliche Sortiment »Reis-, Mehl-, Nudel- oder Trockenwarenregal« beim Wocheneinkauf in Bornheim."	"EASY"	"Roggenmehl: gewöhnlicher lokaler Bezugsweg über den Bereich »Reis-, Mehl-, Nudel- oder Trockenwarenregal«."	"OPTIONAL"	""	"GENERAL_LOCAL"	"Der konkrete Bezug von „Roggenmehl“ läuft über das Getreide-, Mehl-, Reis- oder Teigwarenregal eines gewöhnlichen großen Rostocker Supermarkts."	"EASY"	"Roggenmehl: gewöhnlicher lokaler Bezugsweg über den Bereich »Roggenmehl«."	"OPTIONAL"	""	"TOBIAS_ROSTOCK_PROFILE"	"PROPOSED_FOR_HUMAN_REVIEW"
"SAFFRON"	"Safran"	"APPLICABLE"	"Getrocknete Safranfäden beziehungsweise Narben mit intensiv floral-honigartigem Aroma und starker gelber Färbekraft; sparsam dosieren."	"GENERAL_LOCAL"	"Katalogpfad Gewürz oder trockenes Würzmittel. Warengruppe Gewürz, formrelevanter Prüfhinweis aus der vollständigen Definition: »sparsam dosieren«. Regelweg in Bornheim über den Bereich »Gewürz- und Trockenwürzregal« eines gewöhnlichen Bornheimer Vollsortimenters."	"EASY"	"Safran: Safran ist normalerweise im gewöhnlichen Gewürzsortiment von Supermärkten erhältlich; der Preis verschlechtert die Beschaffbarkeit nicht."	"OPTIONAL"	"AV2E-016"	"GENERAL_LOCAL"	"Safran: Safran ist normalerweise im gewöhnlichen Gewürzsortiment von Supermärkten erhältlich; der Preis verschlechtert die Beschaffbarkeit nicht."	"EASY"	"Safran: Safran ist normalerweise im gewöhnlichen Gewürzsortiment von Supermärkten erhältlich; der Preis verschlechtert die Beschaffbarkeit nicht."	"OPTIONAL"	"AV2E-016"	"REFERENCE_ANCHOR|REFERENCE_ANCHOR_V2|TOBIAS_ROSTOCK_PROFILE"	"RATING_APPROVED_NOTE_PROPOSED_REFERENCE_ANCHOR_V2"
"SAGE"	"Salbei"	"APPLICABLE"	"Salbeiblätter mit kräftig herbem, kampferartigem Aroma; frisch oder getrocknet und meist sparsam verwendet."	"GENERAL_LOCAL"	"Katalogpfad Kräuter und Würzblätter. Warengruppe frisches Würzkraut, formrelevanter Prüfhinweis aus der vollständigen Definition: »frisch oder getrocknet und meist sparsam verwendet«. Regelweg in Bornheim über nahe Supermarktfilialen in Bornheim mit dem Bereich »frische Kräuterabteilung«."	"EASY"	"Salbei: gewöhnlicher lokaler Bezugsweg über den Bereich »frische Kräuterabteilung«."	"OPTIONAL"	""	"GENERAL_LOCAL"	"Für „Salbei“ führt der Rostocker Marktweg über die Kräuterkühlung der Obst- und Gemüseabteilung eines gewöhnlichen großen Rostocker Supermarkts."	"EASY"	"Salbei: Rostocker Bezugsweg über die Kräuterkühlung der Obst- und Gemüseabteilung eines gewöhnlichen großen Rostocker Supermarkts."	"OPTIONAL"	""	"FORM_SENSITIVE|RATING_RECONCILED_V2|TOBIAS_ROSTOCK_PROFILE"	"PROPOSED_FOR_HUMAN_REVIEW"
"SAI_UA"	"Sai Ua"	"APPLICABLE"	"Nordthailändische grobe Schweinewurst mit Zitronengras, Makrut-Limettenblatt, Chili und weiteren Kräutern; meist gegrillt und aromatisch-intensiv. Nicht mit der fermentierten Sai Krok Isan gleichsetzen."	"NICHE_IMPORT"	"Katalogpfad Schweinefleisch → Wurst → Fleisch. Warengruppe Wurst oder Pökelfleisch, formrelevanter Prüfhinweis aus der vollständigen Definition: »Nicht mit der fermentierten Sai Krok Isan gleichsetzen«. Nur der schmale Händlerweg über Yak Thai – Sai Ua 2 x 250 g ist positiv belegt; Kühlversand begrenzt Form, Bestand oder Logistik."	"DIFFICULT"	"Sai Ua: Nur der schmale Händlerweg über Yak Thai – Sai Ua 2 x 250 g ist positiv belegt; Kühlversand begrenzt Form, Bestand oder Logistik."	"REQUIRED"	"AV2N-N-0124"	"NICHE_IMPORT"	"Tobias prüft „Sai Ua“ in Rostock über Yak Thai – Sai Ua 2 x 250 g, wobei die Evidenz beim Abruf verfügbaren Bestand und Kühlversand ausweist."	"DIFFICULT"	"Sai Ua: Rostocker Bezugsweg über Yak Thai – Sai Ua 2 x 250 g; dokumentiert sind beim Abruf verfügbaren Bestand und Kühlversand."	"REQUIRED"	"AV2N-N-0125"	"EVIDENCE_REQUIRED|FORM_OR_LOGISTICS_RISK|FORM_OR_ROUTE_FRAGILE|RESEARCH_REQUIRED|TOBIAS_ROSTOCK_PROFILE"	"PROPOSED_FOR_HUMAN_REVIEW"
"SAKE"	"Sake"	"APPLICABLE"	"Japanisches vergorenes Reisgetränk; trocken bis süß und als Kochsake oder Trinkqualität verwendbar, nicht Mirin."	"GENERAL_BROAD"	"Bremer Weinkolleg – Akashi Sake Junmai belegt formgenau: Der etablierte Weinhandel bietet Akashi Junmai als traditionell aus fermentiertem Reis gebrauten Trink-Sake sofort verfügbar an. Für Georgia in Bornheim gilt: DHL-Versand ausschließlich innerhalb Deutschlands; 2–4 Werktage nach Bornheim und Rostock; Logistik STANDARD_SHIPPING. Altersprüfung und Versandkosten gelten; Mirin sowie beliebige Kochsake-Produkte werden nicht als Formersatz verwendet."	"PLANNED"	"Sake: Der etablierte Weinhandel bietet Akashi Junmai als traditionell aus fermentiertem Reis gebrauten Trink-Sake sofort verfügbar an."	"REQUIRED"	"AV2N-N-0126|AV2N-P-0027"	"GENERAL_BROAD"	"Bremer Weinkolleg – Akashi Sake Junmai belegt formgenau: Der etablierte Weinhandel bietet Akashi Junmai als traditionell aus fermentiertem Reis gebrauten Trink-Sake sofort verfügbar an. Für Tobias in Rostock gilt: DHL-Versand ausschließlich innerhalb Deutschlands; 2–4 Werktage nach Bornheim und Rostock; Logistik STANDARD_SHIPPING. Altersprüfung und Versandkosten gelten; Mirin sowie beliebige Kochsake-Produkte werden nicht als Formersatz verwendet."	"PLANNED"	"Sake: Der etablierte Weinhandel bietet Akashi Junmai als traditionell aus fermentiertem Reis gebrauten Trink-Sake sofort verfügbar an."	"OPTIONAL"	"AV2N-P-0027"	"BORDERLINE_PLANNED|EVIDENCE_REQUIRED|TOBIAS_ROSTOCK_PROFILE"	"PROPOSED_FOR_HUMAN_REVIEW"
"SALAD_GREENS"	"Blattsalat"	"APPLICABLE"	"Offene Vorgabe für roh geeignete Blattsalate; Sorte, Bitterkeit und Blattstruktur bleiben wählbar."	"GENERAL_LOCAL"	"Katalogpfad Blattgemüse → Gemüse. Warengruppe Gemüse oder Pilz, formrelevanter Prüfhinweis aus der vollständigen Definition: »Sorte, Bitterkeit und Blattstruktur bleiben wählbar«. Regelweg in Bornheim über ortsübliche Vollsortimenter rund um Bornheim, konkret im Bereich »Obst- und Gemüseabteilung«."	"EASY"	"Blattsalat: gewöhnlicher lokaler Bezugsweg über den Bereich »Obst- und Gemüseabteilung«."	"OPTIONAL"	""	"GENERAL_LOCAL"	"Für „Blattsalat“ wird das Angebot über die Gemüseabteilung eines gewöhnlichen großen Rostocker Supermarkts kontrolliert."	"EASY"	"Blattsalat: gewöhnlicher lokaler Bezugsweg über den Bereich »Blattsalat«."	"OPTIONAL"	""	"TOBIAS_ROSTOCK_PROFILE"	"PROPOSED_FOR_HUMAN_REVIEW"
"SALAMI"	"Salami"	"APPLICABLE"	"Luftgetrocknete beziehungsweise gereifte Rohwurst der Salami-Familie; Tierart, Körnung und Würzung können variieren."	"GENERAL_LOCAL"	"Katalogpfad gepökeltes oder luftgetrocknetes Fleisch → Schweinefleisch → Wurst → Fleisch. Warengruppe Wurst oder Pökelfleisch, formrelevanter Prüfhinweis aus der vollständigen Definition: »Tierart, Körnung und Würzung können variieren«. Regelweg in Bornheim über ortsübliche Vollsortimenter rund um Bornheim, konkret im Bereich »Wurstkühlung oder Bedientheke«."	"EASY"	"Salami: gewöhnlicher lokaler Bezugsweg über den Bereich »Wurstkühlung oder Bedientheke«."	"OPTIONAL"	""	"GENERAL_LOCAL"	"Beim Einkauf von „Salami“ nutzt Tobias die Fleischkühlung oder Bedientheke eines gewöhnlichen großen Rostocker Supermarkts."	"EASY"	"Salami: gewöhnlicher lokaler Bezugsweg über den Bereich »Salami«."	"OPTIONAL"	""	"TOBIAS_ROSTOCK_PROFILE"	"PROPOSED_FOR_HUMAN_REVIEW"
"SALMON"	"Lachs"	"APPLICABLE"	"Lachs als fettreicher Fisch mit festem, saftigem Fleisch; frisch oder tiefgekühlt, nicht bereits geräuchert oder gebeizt."	"GENERAL_LOCAL"	"Katalogpfad fettreicher Fisch → Fisch → Fisch und Meeresfrüchte. Warengruppe Fisch oder Meeresfrucht, formrelevanter Prüfhinweis aus der vollständigen Definition: »frisch oder tiefgekühlt, nicht bereits geräuchert oder gebeizt«. Regelweg in Bornheim über den lokalen Supermarktbereich »Fischkühlung, Fischtheke oder Tiefkühlabteilung« in Bornheim."	"EASY"	"Lachs: gewöhnlicher lokaler Bezugsweg über den Bereich »Fischkühlung, Fischtheke oder Tiefkühlabteilung«."	"OPTIONAL"	""	"GENERAL_LOCAL"	"Für „Lachs“ wird das Angebot über die Fischkühlung, Tiefkühltruhe oder Fischtheke eines gewöhnlichen großen Rostocker Supermarkts kontrolliert."	"EASY"	"Lachs: gewöhnlicher lokaler Bezugsweg über den Bereich »Lachs«."	"OPTIONAL"	""	"FORM_SENSITIVE|TOBIAS_ROSTOCK_PROFILE"	"PROPOSED_FOR_HUMAN_REVIEW"
"SALMON_ROE"	"Lachsrogen"	"APPLICABLE"	"Lachsrogen mit großen orangefarbenen, salzig platzenden Eiern; meist gesalzen als Ikura erhältlich."	"GENERAL_BROAD"	"Deutsche See – Keta-Wildlachs Kaviar 100 g belegt: Der verfügbare Keta-Wildlachs-Kaviar enthält große bernsteinfarbene Lachsrogeneier und wird gekühlt bei minus drei bis plus drei Grad Celsius geführt. Der Bezug erfolgt über Deutschland und Österreich; gekühlte GO!-Express-Lieferung zum Wunschtermin; maßgeblich ist CHILLED_SHIPPING. Die Route belegt gesalzenen Keta-Lachsrogen, nicht andere Lachsarten oder ungesalzenen Rogen."	"PLANNED"	"Lachsrogen: Der verfügbare Keta-Wildlachs-Kaviar enthält große bernsteinfarbene Lachsrogeneier und wird gekühlt bei minus drei bis plus drei Grad Celsius geführt."	"REQUIRED"	"AV2N-N-0127"	"GENERAL_BROAD"	"Deutsche See – Keta-Wildlachs Kaviar 100 g belegt: Der verfügbare Keta-Wildlachs-Kaviar enthält große bernsteinfarbene Lachsrogeneier und wird gekühlt bei minus drei bis plus drei Grad Celsius geführt. Der Bezug erfolgt über Deutschland und Österreich; gekühlte GO!-Express-Lieferung zum Wunschtermin; maßgeblich ist CHILLED_SHIPPING. Die Route belegt gesalzenen Keta-Lachsrogen, nicht andere Lachsarten oder ungesalzenen Rogen."	"PLANNED"	"Lachsrogen: Der verfügbare Keta-Wildlachs-Kaviar enthält große bernsteinfarbene Lachsrogeneier und wird gekühlt bei minus drei bis plus drei Grad Celsius geführt."	"REQUIRED"	"AV2N-N-0128"	"BORDERLINE_PLANNED|EVIDENCE_REQUIRED|RESEARCH_REQUIRED|TOBIAS_ROSTOCK_PROFILE"	"PROPOSED_FOR_HUMAN_REVIEW"
"SALSA"	"Salsa"	"APPLICABLE"	"Fertige oder frisch zubereitete mexikanisch geprägte Würzsauce; Tomaten-, Chili-, Frucht- und Rohvarianten sind möglich."	"GENERAL_LOCAL"	"Katalogpfad fertige Sauce oder Würzpaste → Sauce, Würzmittel oder Paste. Warengruppe Sauce oder Würzpaste, formrelevanter Prüfhinweis aus der vollständigen Definition: »Tomaten-, Chili-, Frucht- und Rohvarianten sind möglich«. Regelweg in Bornheim über nahe Supermarktfilialen in Bornheim mit dem Bereich »Saucen-, Würzpasten- und Feinkostregal«."	"EASY"	"Salsa: gewöhnlicher lokaler Bezugsweg über den Bereich »Saucen-, Würzpasten- und Feinkostregal«."	"OPTIONAL"	""	"GENERAL_LOCAL"	"Für „Salsa“ führt der Rostocker Marktweg über das Saucen-, Essig- oder Feinkostregal eines gewöhnlichen großen Rostocker Supermarkts."	"EASY"	"Salsa: Rostocker Bezugsweg über das Saucen-, Essig- oder Feinkostregal eines gewöhnlichen großen Rostocker Supermarkts."	"OPTIONAL"	""	"FORM_SENSITIVE|TOBIAS_ROSTOCK_PROFILE"	"PROPOSED_FOR_HUMAN_REVIEW"
"SALTED_DUCK_EGG"	"gesalzenes Entenei"	"APPLICABLE"	"Durch Salz beziehungsweise Lake konserviertes Entenei, philippinisch insbesondere als itlog na maalat bekannt. Gemeint ist das ganze Ei; nicht Balut und nicht Salted-Egg-Pulver oder bloßes Salted-Egg-Aroma."	"SPECIALTY_BROAD"	"Katalogpfad Entenei → Eier. Warengruppe Ei, formrelevanter Prüfhinweis aus der vollständigen Definition: »nicht Balut und nicht Salted-Egg-Pulver oder bloßes Salted-Egg-Aroma«. Breiter einschlägiger Spezialmarkt über die voneinander unabhängigen Händler Reissack – Goosun salted duck eggs 432 g sowie Warindo – cooked salted duck eggs 360 g."	"SPECIALTY"	"gesalzenes Entenei ist im einschlägigen Spezialmarkt breit etabliert; dokumentierte reguläre Wege sind die voneinander unabhängigen Händler Reissack – Goosun salted duck eggs 432 g sowie Warindo – cooked salted duck eggs 360 g."	"REQUIRED"	"AV2N-N-0129|AV2N-N-0130"	"SPECIALTY_BROAD"	"Tobias prüft „gesalzenes Entenei“ in Rostock über Reissack – Goosun salted duck eggs 432 g und Warindo – cooked salted duck eggs 360 g, wobei die Evidenz eine vor dem Einkauf erneut zu prüfende Verfügbarkeit und Standardversand ausweist."	"SPECIALTY"	"gesalzenes Entenei: Rostocker Bezugsweg über Reissack – Goosun salted duck eggs 432 g und Warindo – cooked salted duck eggs 360 g; dokumentiert sind eine vor dem Einkauf erneut zu prüfende Verfügbarkeit und Standardversand."	"REQUIRED"	"AV2N-N-0131|AV2N-N-0132"	"EVIDENCE_REQUIRED|RESEARCH_REQUIRED|SPECIALTY_MARKET_BREADTH|TOBIAS_ROSTOCK_PROFILE"	"PROPOSED_FOR_HUMAN_REVIEW"
"SALTY_LIQUORICE"	"Salzlakritz"	"APPLICABLE"	"Salzige Lakritzware mit Süßholz und typischerweise Salmiak (Ammoniumchlorid); bewusst von allgemeiner beziehungsweise rein süßer Lakritzware abgegrenzt."	"GENERAL_LOCAL"	"Katalogpfad Lakritz → Süßware. Warengruppe Süßungs- oder Kakaoware, formrelevanter Prüfhinweis aus der vollständigen Definition: »bewusst von allgemeiner beziehungsweise rein süßer Lakritzware abgegrenzt«. Regelweg in Bornheim über das örtliche Sortiment »Backzutaten-, Süßwaren- oder Kakaoregal« beim Wocheneinkauf in Bornheim."	"EASY"	"Salzlakritz: gewöhnlicher lokaler Bezugsweg über den Bereich »Backzutaten-, Süßwaren- oder Kakaoregal«."	"OPTIONAL"	""	"GENERAL_LOCAL"	"Beim Einkauf von „Salzlakritz“ nutzt Tobias das Back-, Süßwaren- oder Brotregal eines gewöhnlichen großen Rostocker Supermarkts."	"EASY"	"Salzlakritz: gewöhnlicher lokaler Bezugsweg über den Bereich »Salzlakritz«."	"OPTIONAL"	""	"RATING_RECONCILED_V2|TOBIAS_ROSTOCK_PROFILE"	"PROPOSED_FOR_HUMAN_REVIEW"
"SAMBAL"	"Sambal"	"APPLICABLE"	"Chilipaste oder Chilisauce mit je nach Variante unterschiedlicher Schärfe, Konsistenz und Aromatik; nicht auf Sambal Oelek beschränkt."	"GENERAL_LOCAL"	"Katalogpfad Chilisauce oder -paste → fertige Sauce oder Würzpaste → Sauce, Würzmittel oder Paste. Warengruppe Sauce oder Würzpaste, formrelevanter Prüfhinweis aus der vollständigen Definition: »nicht auf Sambal Oelek beschränkt«. Regelweg in Bornheim über das örtliche Sortiment »Saucen-, Würzpasten- und Feinkostregal« beim Wocheneinkauf in Bornheim."	"EASY"	"Sambal: gewöhnlicher lokaler Bezugsweg über den Bereich »Saucen-, Würzpasten- und Feinkostregal«."	"OPTIONAL"	""	"GENERAL_LOCAL"	"Die Beschaffung von „Sambal“ erfolgt in Rostock über das Saucen-, Essig- oder Feinkostregal eines gewöhnlichen großen Rostocker Supermarkts."	"EASY"	"Sambal: gewöhnlicher lokaler Bezugsweg über den Bereich »Sambal«."	"OPTIONAL"	""	"RATING_RECONCILED_V2|TOBIAS_ROSTOCK_PROFILE"	"PROPOSED_FOR_HUMAN_REVIEW"
"SAMBAL_BRANDAL"	"Sambal Brandal"	"APPLICABLE"	"Gebratenes indonesisches Sambal mit Chili, Aromaten und häufig süßlich-würziger Tiefe; nicht Sambal Oelek."	"SPECIALTY_BROAD"	"Katalogpfad Sambal → Chilisauce oder -paste → fertige Sauce oder Würzpaste → Sauce, Würzmittel oder Paste. Warengruppe Sauce, Würzpaste oder verarbeitete Würzzutat, formrelevanter Prüfhinweis aus der vollständigen Definition: »nicht Sambal Oelek«. Breiter einschlägiger Spezialmarkt über die voneinander unabhängigen Händler Asian Brand – Koningsvogel Sambal Brandal sowie Hollandshop24 – Conimex Sambal Brandal."	"SPECIALTY"	"Sambal Brandal ist im einschlägigen Spezialmarkt breit etabliert; dokumentierte reguläre Wege sind die voneinander unabhängigen Händler Asian Brand – Koningsvogel Sambal Brandal sowie Hollandshop24 – Conimex Sambal Brandal."	"REQUIRED"	"AV2N-N-0133|AV2N-N-0134"	"SPECIALTY_BROAD"	"Tobias prüft „Sambal Brandal“ in Rostock über Asian Brand – Koningsvogel Sambal Brandal und Hollandshop24 – Conimex Sambal Brandal, wobei die Evidenz beim Abruf verfügbaren Bestand und Standardversand ausweist."	"SPECIALTY"	"Sambal Brandal: Rostocker Bezugsweg über Asian Brand – Koningsvogel Sambal Brandal und Hollandshop24 – Conimex Sambal Brandal; dokumentiert sind beim Abruf verfügbaren Bestand und Standardversand."	"REQUIRED"	"AV2N-N-0135|AV2N-N-0136"	"EVIDENCE_REQUIRED|RESEARCH_REQUIRED|SPECIALTY_MARKET_BREADTH|TOBIAS_ROSTOCK_PROFILE"	"PROPOSED_FOR_HUMAN_REVIEW"
"SAMBAL_OELEK"	"Sambal Oelek"	"APPLICABLE"	"Schlichte grobe Chilipaste vor allem aus roten Chilis, Salz und Säure; nicht süßes oder komplex gebratenes Sambal."	"GENERAL_LOCAL"	"Katalogpfad Sambal → Chilisauce oder -paste → fertige Sauce oder Würzpaste → Sauce, Würzmittel oder Paste. Warengruppe Sauce, Würzpaste oder verarbeitete Würzzutat, formrelevanter Prüfhinweis aus der vollständigen Definition: »nicht süßes oder komplex gebratenes Sambal«. Regelweg in Bornheim über das örtliche Sortiment »Saucen-, Würzpasten- und Feinkostregal« beim Wocheneinkauf in Bornheim."	"EASY"	"Sambal Oelek: gewöhnlicher lokaler Bezugsweg über den Bereich »Saucen-, Würzpasten- und Feinkostregal«."	"OPTIONAL"	""	"GENERAL_LOCAL"	"Sambal Oelek: das Saucen-, Würzpasten- oder internationale Regal großer Rostocker Supermärkte führt die schlichte grobe Chilipaste aus Chili, Salz und Säure regulär."	"EASY"	"Sambal Oelek: das Saucen-, Würzpasten- oder internationale Regal großer Rostocker Supermärkte führt die schlichte grobe Chilipaste aus Chili, Salz und Säure regulär."	"OPTIONAL"	""	"TOBIAS_ROSTOCK_PROFILE"	"PROPOSED_FOR_HUMAN_REVIEW"
"SARDINES"	"Sardinen"	"APPLICABLE"	"Sardinen als kleine fettreiche Meeresfische; frisch oder tiefgekühlt, Dosenware ist eine eigene Produktform."	"GENERAL_BROAD"	"Katalogpfad fettreicher Fisch → Fisch → Fisch und Meeresfrüchte. Warengruppe Fisch oder Meeresfrucht, formrelevanter Prüfhinweis aus der vollständigen Definition: »frisch oder tiefgekühlt, Dosenware ist eine eigene Produktform«. Allgemein planbarer, aber nicht lokal garantierter Weg über eine gezielte Bestellung oder Sortimentsprüfung bei Globus – Escal whole raw frozen sardines."	"PLANNED"	"Sardinen ist über eine gezielte Bestellung oder Sortimentsprüfung bei Globus – Escal whole raw frozen sardines im allgemeinen deutschen Handel planbar, lokal aber kein verlässlicher Standardartikel."	"REQUIRED"	"AV2N-N-0137"	"GENERAL_BROAD"	"Tobias prüft „Sardinen“ in Rostock über Globus – Escal whole raw frozen sardines, wobei die Evidenz ein dokumentiertes laufendes Angebot und Tiefkühlversand ausweist."	"PLANNED"	"Sardinen: Rostocker Bezugsweg über Globus – Escal whole raw frozen sardines; dokumentiert sind ein dokumentiertes laufendes Angebot und Tiefkühlversand."	"REQUIRED"	"AV2N-N-0138"	"FORM_SENSITIVE|RATING_RECONCILED_V2|TOBIAS_ROSTOCK_PROFILE"	"PROPOSED_FOR_HUMAN_REVIEW"
"SAUCES_AND_PASTES"	"Sauce, Würzmittel oder Paste"	"APPLICABLE"	"Offene Vorgabe für Saucen, Würzmittel und Pasten, die ein Gericht geschmacklich prägen; konkrete Basis bleibt offen."	"GENERAL_LOCAL"	"Katalogpfad eigenständige Katalogwurzel. Warengruppe Sauce, Würzpaste oder verarbeitete Würzzutat, formrelevanter Prüfhinweis aus der vollständigen Definition: »konkrete Basis bleibt offen«. Regelweg in Bornheim über nahe Supermarktfilialen in Bornheim mit dem Bereich »Saucen-, Würzpasten- und Feinkostregal«."	"EASY"	"Sauce, Würzmittel oder Paste: gewöhnlicher lokaler Bezugsweg über den Bereich »Saucen-, Würzpasten- und Feinkostregal«."	"OPTIONAL"	""	"GENERAL_LOCAL"	"Beim Einkauf von „Sauce, Würzmittel oder Paste“ nutzt Tobias das Saucen-, Essig- oder Feinkostregal eines gewöhnlichen großen Rostocker Supermarkts."	"EASY"	"Sauce, Würzmittel oder Paste: gewöhnlicher lokaler Bezugsweg über den Bereich »Sauce, Würzmittel oder Paste«."	"OPTIONAL"	""	"TOBIAS_ROSTOCK_PROFILE"	"PROPOSED_FOR_HUMAN_REVIEW"
"SAUERKRAUT"	"Sauerkraut"	"APPLICABLE"	"Milchsauer fermentierter fein geschnittener Weißkohl mit deutlicher Säure; roh oder gegart verwendbar."	"GENERAL_LOCAL"	"Katalogpfad konservierte pflanzliche Zutat. Warengruppe konservierte Pflanzenware, formrelevanter Prüfhinweis aus der vollständigen Definition: »roh oder gegart verwendbar«. Regelweg in Bornheim über nahe Supermarktfilialen in Bornheim mit dem Bereich »Konserven-, Glas- oder internationales Feinkostregal«."	"EASY"	"Sauerkraut: Konserve, Beutel oder Kühlware sind im allgemeinen lokalen Handel regelmäßig vorhanden."	"OPTIONAL"	"AV2E-006"	"GENERAL_LOCAL"	"Sauerkraut: Konserve, Beutel oder Kühlware sind im allgemeinen lokalen Handel regelmäßig vorhanden."	"EASY"	"Sauerkraut: Konserve, Beutel oder Kühlware sind im allgemeinen lokalen Handel regelmäßig vorhanden."	"OPTIONAL"	"AV2E-006"	"REFERENCE_ANCHOR|REFERENCE_ANCHOR_V2|TOBIAS_ROSTOCK_PROFILE"	"RATING_APPROVED_NOTE_PROPOSED_REFERENCE_ANCHOR_V2"
"SAUSAGE"	"Wurst"	"APPLICABLE"	"Offene Wurstfamilie; Tierart, Brüh-, Koch-, Brat- oder Reifeform und Würzung bleiben bewusst wählbar."	"GENERAL_LOCAL"	"Katalogpfad Fleisch. Warengruppe Wurst oder Pökelfleisch, formrelevanter Prüfhinweis aus der vollständigen Definition: »Tierart, Brüh-, Koch-, Brat- oder Reifeform und Würzung bleiben bewusst wählbar«. Regelweg in Bornheim über den regulären Bornheimer Regalweg »Wurstkühlung oder Bedientheke«."	"EASY"	"Wurst: gewöhnlicher lokaler Bezugsweg über den Bereich »Wurstkühlung oder Bedientheke«."	"OPTIONAL"	""	"GENERAL_LOCAL"	"Für „Wurst“ wird das Angebot über die Fleischkühlung oder Bedientheke eines gewöhnlichen großen Rostocker Supermarkts kontrolliert."	"EASY"	"Wurst: gewöhnlicher lokaler Bezugsweg über den Bereich »Wurst«."	"OPTIONAL"	""	"TOBIAS_ROSTOCK_PROFILE"	"PROPOSED_FOR_HUMAN_REVIEW"
"SAVOY_CABBAGE"	"Wirsing"	"APPLICABLE"	"Wirsing mit gekräuselten zarten Blättern und mild-würzigem Kohlaroma; roh nur bei zarten Blättern, sonst gegart."	"GENERAL_LOCAL"	"Katalogpfad Kohlgemüse → Gemüse. Warengruppe Gemüse oder Pilz, formrelevanter Prüfhinweis aus der vollständigen Definition: »roh nur bei zarten Blättern, sonst gegart«. Regelweg in Bornheim über den regulären Bornheimer Regalweg »Obst- und Gemüseabteilung«."	"EASY"	"Wirsing: gewöhnlicher lokaler Bezugsweg über den Bereich »Obst- und Gemüseabteilung«."	"OPTIONAL"	""	"GENERAL_LOCAL"	"Der konkrete Bezug von „Wirsing“ läuft über die Gemüseabteilung eines gewöhnlichen großen Rostocker Supermarkts."	"EASY"	"Wirsing: gewöhnlicher lokaler Bezugsweg über den Bereich »Wirsing«."	"OPTIONAL"	""	"TOBIAS_ROSTOCK_PROFILE"	"PROPOSED_FOR_HUMAN_REVIEW"
"SCALLOPS"	"Jakobsmuscheln"	"APPLICABLE"	"Jakobsmuscheln mit festem, süßlichem Muskelfleisch; mit oder ohne Rogen und frisch oder tiefgekühlt verwendbar."	"GENERAL_BROAD"	"Deutsche See – Jakobsmuschelfleisch TK 200 g belegt: Deutsche See führt verfügbares Jakobsmuschelfleisch der Art Pecten maximus roh, ohne Rogen, glasiert und einzeln tiefgefroren. Der Bezug erfolgt über Deutschland und Österreich; tiefgekühlte GO!-Express-Lieferung zum Wunschtermin; maßgeblich ist FROZEN_SHIPPING. Der Treffer deckt die Variante ohne Rogen ab; Schalen- und Frischware sind nicht garantiert, die Tiefkühlkette bleibt erforderlich."	"PLANNED"	"Jakobsmuscheln: Deutsche See führt verfügbares Jakobsmuschelfleisch der Art Pecten maximus roh, ohne Rogen, glasiert und einzeln tiefgefroren."	"REQUIRED"	"AV2N-N-0139"	"GENERAL_BROAD"	"Deutsche See – Jakobsmuschelfleisch TK 200 g belegt: Deutsche See führt verfügbares Jakobsmuschelfleisch der Art Pecten maximus roh, ohne Rogen, glasiert und einzeln tiefgefroren. Der Bezug erfolgt über Deutschland und Österreich; tiefgekühlte GO!-Express-Lieferung zum Wunschtermin; maßgeblich ist FROZEN_SHIPPING. Der Treffer deckt die Variante ohne Rogen ab; Schalen- und Frischware sind nicht garantiert, die Tiefkühlkette bleibt erforderlich."	"PLANNED"	"Jakobsmuscheln: Deutsche See führt verfügbares Jakobsmuschelfleisch der Art Pecten maximus roh, ohne Rogen, glasiert und einzeln tiefgefroren."	"REQUIRED"	"AV2N-N-0140"	"BORDERLINE_PLANNED|EVIDENCE_REQUIRED|FORM_SENSITIVE|RESEARCH_REQUIRED|TOBIAS_ROSTOCK_PROFILE"	"PROPOSED_FOR_HUMAN_REVIEW"
"SEA_BASS"	"Wolfsbarsch"	"APPLICABLE"	"Wolfsbarsch mit mildem, festem und magerem Fleisch; ganz oder als Filet verwendbar."	"GENERAL_BROAD"	"Deutsche See – frischer Wolfsbarsch belegt: Der aktuell verfügbare Wolfsbarsch kommt frisch als ganzer ausgenommener Fisch mit Haut und wird gekühlt zum gewählten Termin zugestellt. Der Bezug erfolgt über Deutschland und Österreich; gekühlte GO!-Express-Lieferung zum Wunschtermin; maßgeblich ist CHILLED_SHIPPING. Der Beleg betrifft die ganze Frischfischform, nicht ein jederzeit verfügbares Filet; Gewicht und Haltbarkeit erfordern Vorplanung."	"PLANNED"	"Wolfsbarsch: Der aktuell verfügbare Wolfsbarsch kommt frisch als ganzer ausgenommener Fisch mit Haut und wird gekühlt zum gewählten Termin zugestellt."	"REQUIRED"	"AV2N-N-0141"	"GENERAL_BROAD"	"Deutsche See – frischer Wolfsbarsch belegt: Der aktuell verfügbare Wolfsbarsch kommt frisch als ganzer ausgenommener Fisch mit Haut und wird gekühlt zum gewählten Termin zugestellt. Der Bezug erfolgt über Deutschland und Österreich; gekühlte GO!-Express-Lieferung zum Wunschtermin; maßgeblich ist CHILLED_SHIPPING. Der Beleg betrifft die ganze Frischfischform, nicht ein jederzeit verfügbares Filet; Gewicht und Haltbarkeit erfordern Vorplanung."	"PLANNED"	"Wolfsbarsch: Der aktuell verfügbare Wolfsbarsch kommt frisch als ganzer ausgenommener Fisch mit Haut und wird gekühlt zum gewählten Termin zugestellt."	"REQUIRED"	"AV2N-N-0142"	"BORDERLINE_PLANNED|EVIDENCE_REQUIRED|RESEARCH_REQUIRED|TOBIAS_ROSTOCK_PROFILE"	"PROPOSED_FOR_HUMAN_REVIEW"
"SEA_BREAM"	"Dorade"	"APPLICABLE"	"Dorade beziehungsweise Meerbrasse mit festem, mildem Fleisch; ganz oder als Filet verwendbar."	"GENERAL_BROAD"	"Deutsche See – Dorade Royal handfiletierte Portionen TK belegt: Die verfügbare Dorade Royal liegt als handfiletierte geschuppte Portion mit Haut praktisch grätenfrei und tiefgekühlt vor. Der Bezug erfolgt über Deutschland und Österreich; tiefgekühlte GO!-Express-Lieferung zum Wunschtermin; maßgeblich ist FROZEN_SHIPPING. Damit ist eine zulässige Filetform belegt, nicht jede ganze Meerbrasse; die Tiefkühlzustellung ist einzuplanen."	"PLANNED"	"Dorade: Die verfügbare Dorade Royal liegt als handfiletierte geschuppte Portion mit Haut praktisch grätenfrei und tiefgekühlt vor."	"REQUIRED"	"AV2N-N-0143"	"GENERAL_BROAD"	"Deutsche See – Dorade Royal handfiletierte Portionen TK belegt: Die verfügbare Dorade Royal liegt als handfiletierte geschuppte Portion mit Haut praktisch grätenfrei und tiefgekühlt vor. Der Bezug erfolgt über Deutschland und Österreich; tiefgekühlte GO!-Express-Lieferung zum Wunschtermin; maßgeblich ist FROZEN_SHIPPING. Damit ist eine zulässige Filetform belegt, nicht jede ganze Meerbrasse; die Tiefkühlzustellung ist einzuplanen."	"PLANNED"	"Dorade: Die verfügbare Dorade Royal liegt als handfiletierte geschuppte Portion mit Haut praktisch grätenfrei und tiefgekühlt vor."	"REQUIRED"	"AV2N-N-0144"	"BORDERLINE_PLANNED|EVIDENCE_REQUIRED|RESEARCH_REQUIRED|TOBIAS_ROSTOCK_PROFILE"	"PROPOSED_FOR_HUMAN_REVIEW"
"SEA_SNAILS"	"Meeresschnecken"	"APPLICABLE"	"Offene Vorgabe für kulinarisch verwendete Meeresschnecken; Art, Größe und Zuschnitt bleiben wählbar. Nicht Muscheln, Tintenfische oder Landschnecken."	"NICHE_IMPORT"	"Katalogpfad essbare Schnecken → Schalen- und Krustentiere → Weichtiere → Fisch und Meeresfrüchte. Warengruppe Fisch oder Meeresfrucht, formrelevanter Prüfhinweis aus der vollständigen Definition: »Nicht Muscheln, Tintenfische oder Landschnecken«. Der v2-Anker hält den Engpass fest: Einige koreanische Dosenprodukte belegen Beschaffbarkeit aber der Markt bleibt eng und produktformspezifisch."	"DIFFICULT"	"Meeresschnecken: Einige koreanische Dosenprodukte belegen Beschaffbarkeit aber der Markt bleibt eng und produktformspezifisch."	"REQUIRED"	"AV2E-087"	"NICHE_IMPORT"	"Meeresschnecken: Einige koreanische Dosenprodukte belegen Beschaffbarkeit aber der Markt bleibt eng und produktformspezifisch."	"DIFFICULT"	"Meeresschnecken: Einige koreanische Dosenprodukte belegen Beschaffbarkeit aber der Markt bleibt eng und produktformspezifisch."	"REQUIRED"	"AV2E-087"	"EVIDENCE_REQUIRED|FORM_OR_LOGISTICS_RISK|FORM_OR_ROUTE_FRAGILE|REFERENCE_ANCHOR|REFERENCE_ANCHOR_V2|RESEARCH_REQUIRED|TOBIAS_ROSTOCK_PROFILE"	"RATING_APPROVED_NOTE_PROPOSED_REFERENCE_ANCHOR_V2"
"SEAFOOD"	"Fisch und Meeresfrüchte"	"APPLICABLE"	"Offene Vorgabe für Fisch und essbare Meerestiere; konkrete Tiergruppe, Fettgehalt und Produktform bleiben wählbar."	"GENERAL_LOCAL"	"Katalogpfad eigenständige Katalogwurzel. Warengruppe Fisch oder Meeresfrucht, formrelevanter Prüfhinweis aus der vollständigen Definition: »konkrete Tiergruppe, Fettgehalt und Produktform bleiben wählbar«. Regelweg in Bornheim über die gewöhnliche Bornheimer Auslage »Fischkühlung, Fischtheke oder Tiefkühlabteilung«."	"EASY"	"Fisch und Meeresfrüchte: gewöhnlicher lokaler Bezugsweg über den Bereich »Fischkühlung, Fischtheke oder Tiefkühlabteilung«."	"OPTIONAL"	""	"GENERAL_LOCAL"	"Der konkrete Bezug von „Fisch und Meeresfrüchte“ läuft über die Fischkühlung, Tiefkühltruhe oder Fischtheke eines gewöhnlichen großen Rostocker Supermarkts."	"EASY"	"Fisch und Meeresfrüchte: gewöhnlicher lokaler Bezugsweg über den Bereich »Fisch und Meeresfrüchte«."	"OPTIONAL"	""	"TOBIAS_ROSTOCK_PROFILE"	"PROPOSED_FOR_HUMAN_REVIEW"
"SEAWEED"	"Algen"	"APPLICABLE"	"Essbare Meeresalgen; konkrete Arten und Produkte können geschmacklich stark variieren."	"GENERAL_BROAD"	"Katalogpfad Gemüse. Warengruppe getrocknete Alge, formrelevanter Prüfhinweis aus der vollständigen Definition: »konkrete Arten und Produkte können geschmacklich stark variieren«. Allgemein planbarer, aber nicht lokal garantierter Weg über eine reguläre Onlinebestellung im allgemeinen Handel mit formgenauer Artikelsuche."	"PLANNED"	"Algen ist über eine reguläre Onlinebestellung im allgemeinen Handel mit formgenauer Artikelsuche im allgemeinen deutschen Handel planbar, lokal aber kein verlässlicher Standardartikel."	"OPTIONAL"	""	"GENERAL_BROAD"	"Tobias prüft „Algen“ in Rostock über gut sortierte Vollsortimenter und etablierte deutsche Händler für haltbare Algenprodukte."	"PLANNED"	"Algen: Rostocker Bezugsweg über gut sortierte Vollsortimenter und etablierte deutsche Händler für haltbare Algenprodukte."	"OPTIONAL"	""	"TOBIAS_ROSTOCK_PROFILE"	"PROPOSED_FOR_HUMAN_REVIEW"
"SEEDS"	"Kerne und Samen"	"APPLICABLE"	"Offene Vorgabe für kulinarisch genutzte Kerne und Samen; Sorte, Röstung und Zerkleinerung bleiben wählbar."	"GENERAL_LOCAL"	"Katalogpfad eigenständige Katalogwurzel. Warengruppe Nuss, Saat oder Mus, formrelevanter Prüfhinweis aus der vollständigen Definition: »Sorte, Röstung und Zerkleinerung bleiben wählbar«. Regelweg in Bornheim über ortsübliche Vollsortimenter rund um Bornheim, konkret im Bereich »Nuss-, Saaten- oder Nussmusregal«."	"EASY"	"Kerne und Samen: gewöhnlicher lokaler Bezugsweg über den Bereich »Nuss-, Saaten- oder Nussmusregal«."	"OPTIONAL"	""	"GENERAL_LOCAL"	"Der konkrete Bezug von „Kerne und Samen“ läuft über das Nuss-, Saaten-, Back- oder Brotaufstrichregal eines gewöhnlichen großen Rostocker Supermarkts."	"EASY"	"Kerne und Samen: gewöhnlicher lokaler Bezugsweg über den Bereich »Kerne und Samen«."	"OPTIONAL"	""	"TOBIAS_ROSTOCK_PROFILE"	"PROPOSED_FOR_HUMAN_REVIEW"
"SEITAN"	"Seitan"	"APPLICABLE"	"Festes proteinreiches Lebensmittel aus ausgewaschenem oder isoliertem Weizengluten; natur oder neutral vorgewürzt verwendbar."	"GENERAL_BROAD"	"Katalogpfad pflanzliches Proteinprodukt. Warengruppe pflanzliches Proteinprodukt, formrelevanter Prüfhinweis aus der vollständigen Definition: »natur oder neutral vorgewürzt verwendbar«. Allgemein planbarer, aber nicht lokal garantierter Weg über eine konkrete Vorbestellung oder Bestandsabfrage für pflanzliches Proteinprodukt."	"PLANNED"	"Seitan ist über eine konkrete Vorbestellung oder Bestandsabfrage für pflanzliches Proteinprodukt im allgemeinen deutschen Handel planbar, lokal aber kein verlässlicher Standardartikel."	"OPTIONAL"	""	"GENERAL_BROAD"	"Für „Seitan“ führt der Rostocker Marktweg über gut sortierte Vollsortimenter und etablierte deutsche Bio- oder Pflanzensortimente."	"PLANNED"	"Seitan: Rostocker Bezugsweg über gut sortierte Vollsortimenter und etablierte deutsche Bio- oder Pflanzensortimente."	"OPTIONAL"	""	"TOBIAS_ROSTOCK_PROFILE"	"PROPOSED_FOR_HUMAN_REVIEW"
"SEMOLINA"	"Hartweizengrieß"	"APPLICABLE"	"Körniger Hartweizengrieß für Teige, Breie oder Bindung; nicht feines Weizenmehl."	"GENERAL_LOCAL"	"Katalogpfad Getreide oder Pseudogetreide → stärkehaltige Zutat oder Sättigungsbeilage. Warengruppe Getreide- oder Stärkeware, formrelevanter Prüfhinweis aus der vollständigen Definition: »nicht feines Weizenmehl«. Regelweg in Bornheim über den Bereich »Reis-, Mehl-, Nudel- oder Trockenwarenregal« eines gewöhnlichen Bornheimer Vollsortimenters."	"EASY"	"Hartweizengrieß: gewöhnlicher lokaler Bezugsweg über den Bereich »Reis-, Mehl-, Nudel- oder Trockenwarenregal«."	"OPTIONAL"	""	"GENERAL_LOCAL"	"Tobias sucht „Hartweizengrieß“ in Rostock über das Getreide-, Mehl-, Reis- oder Teigwarenregal eines gewöhnlichen großen Rostocker Supermarkts gesucht."	"EASY"	"Hartweizengrieß: gewöhnlicher lokaler Bezugsweg über den Bereich »Hartweizengrieß«."	"OPTIONAL"	""	"TOBIAS_ROSTOCK_PROFILE"	"PROPOSED_FOR_HUMAN_REVIEW"
"SERRANO_CHILI"	"Serrano-Chili"	"APPLICABLE"	"Schlanke frische Serrano-Chili mit mittlerer bis hoher Schärfe und frischem grünen Aroma."	"NICHE_IMPORT"	"Katalogpfad frische Chili → Fruchtgemüse → Gemüse. Warengruppe Gemüse oder Pilz, formrelevanter Prüfhinweis aus der vollständigen Definition: »mittlerer bis hoher Schärfe und frischem grünen Aroma«. Nur der schmale Händlerweg über México Mágico – fresh Serrano listing ist positiv belegt; Frischeversand begrenzt Form, Bestand oder Logistik."	"DIFFICULT"	"Serrano-Chili: Nur der schmale Händlerweg über México Mágico – fresh Serrano listing ist positiv belegt; Frischeversand begrenzt Form, Bestand oder Logistik."	"REQUIRED"	"AV2N-N-0145"	"NICHE_IMPORT"	"Tobias prüft „Serrano-Chili“ in Rostock über México Mágico – fresh Serrano listing, wobei die Evidenz beim Abruf verfügbaren Bestand und Frischeversand ausweist."	"DIFFICULT"	"Serrano-Chili: Rostocker Bezugsweg über México Mágico – fresh Serrano listing; dokumentiert sind beim Abruf verfügbaren Bestand und Frischeversand."	"REQUIRED"	"AV2N-N-0146"	"EVIDENCE_REQUIRED|FORM_OR_LOGISTICS_RISK|FORM_OR_ROUTE_FRAGILE|FORM_SENSITIVE|RESEARCH_REQUIRED|TOBIAS_ROSTOCK_PROFILE"	"PROPOSED_FOR_HUMAN_REVIEW"
"SERRANO_HAM"	"Serrano-Schinken"	"APPLICABLE"	"Spanischer luftgetrockneter Rohschinken nach Serrano-Art; nicht italienischer Prosciutto."	"GENERAL_LOCAL"	"Katalogpfad Schinken → gepökeltes oder luftgetrocknetes Fleisch → Schweinefleisch → Fleisch. Warengruppe Wurst oder Pökelfleisch, formrelevanter Prüfhinweis aus der vollständigen Definition: »nicht italienischer Prosciutto«. Regelweg in Bornheim über das örtliche Sortiment »Wurstkühlung oder Bedientheke« beim Wocheneinkauf in Bornheim."	"EASY"	"Serrano-Schinken: gewöhnlicher lokaler Bezugsweg über den Bereich »Wurstkühlung oder Bedientheke«."	"OPTIONAL"	""	"GENERAL_LOCAL"	"Der konkrete Bezug von „Serrano-Schinken“ läuft über die Fleischkühlung oder Bedientheke eines gewöhnlichen großen Rostocker Supermarkts."	"EASY"	"Serrano-Schinken: gewöhnlicher lokaler Bezugsweg über den Bereich »Serrano-Schinken«."	"OPTIONAL"	""	"RATING_RECONCILED_V2|TOBIAS_ROSTOCK_PROFILE"	"PROPOSED_FOR_HUMAN_REVIEW"
"SESAME_OIL"	"Sesamöl"	"APPLICABLE"	"Öl aus Sesam; geröstetes Öl ist intensiv würzend, helles ungeröstetes Öl milder und hitzetauglicher."	"GENERAL_BROAD"	"Katalogpfad Speiseöl → Kochfett. Warengruppe Speiseöl oder Kochfett, formrelevanter Prüfhinweis aus der vollständigen Definition: »intensiv würzend, helles ungeröstetes Öl milder und hitzetauglicher«. Allgemein planbarer, aber nicht lokal garantierter Weg über eine konkrete Vorbestellung oder Bestandsabfrage für Speiseöl oder Kochfett."	"PLANNED"	"Sesamöl ist über eine konkrete Vorbestellung oder Bestandsabfrage für Speiseöl oder Kochfett im allgemeinen deutschen Handel planbar, lokal aber kein verlässlicher Standardartikel."	"OPTIONAL"	""	"GENERAL_BROAD"	"Tobias prüft „Sesamöl“ in Rostock über gut sortierte Vollsortimenter und etablierte deutsche Öl- oder Feinkosthändler."	"PLANNED"	"Sesamöl: Rostocker Bezugsweg über gut sortierte Vollsortimenter und etablierte deutsche Öl- oder Feinkosthändler."	"OPTIONAL"	""	"TOBIAS_ROSTOCK_PROFILE"	"PROPOSED_FOR_HUMAN_REVIEW"
"SESAME_SEEDS"	"Sesam"	"APPLICABLE"	"Sesamsamen mit nussigem Aroma; hell oder schwarz, roh oder geröstet verwendbar."	"GENERAL_LOCAL"	"Katalogpfad Kerne und Samen. Warengruppe Nuss, Saat oder Mus, formrelevanter Prüfhinweis aus der vollständigen Definition: »hell oder schwarz, roh oder geröstet verwendbar«. Regelweg in Bornheim über den regulären Bornheimer Regalweg »Nuss-, Saaten- oder Nussmusregal«."	"EASY"	"Sesam: gewöhnlicher lokaler Bezugsweg über den Bereich »Nuss-, Saaten- oder Nussmusregal«."	"OPTIONAL"	""	"GENERAL_LOCAL"	"Tobias sucht „Sesam“ in Rostock über das Nuss-, Saaten-, Back- oder Brotaufstrichregal eines gewöhnlichen großen Rostocker Supermarkts gesucht."	"EASY"	"Sesam: gewöhnlicher lokaler Bezugsweg über den Bereich »Sesam«."	"OPTIONAL"	""	"TOBIAS_ROSTOCK_PROFILE"	"PROPOSED_FOR_HUMAN_REVIEW"
"SHALLOT"	"Schalotte"	"APPLICABLE"	"Kleine längliche Schalotte mit feinerem, milderem Zwiebelaroma; nicht Frühlingszwiebel."	"GENERAL_LOCAL"	"Katalogpfad Lauch- und Zwiebelgemüse → Gemüse. Warengruppe Gemüse oder Pilz, formrelevanter Prüfhinweis aus der vollständigen Definition: »nicht Frühlingszwiebel«. Regelweg in Bornheim über die gewöhnliche Bornheimer Auslage »Obst- und Gemüseabteilung«."	"EASY"	"Schalotte: gewöhnlicher lokaler Bezugsweg über den Bereich »Obst- und Gemüseabteilung«."	"OPTIONAL"	""	"GENERAL_LOCAL"	"Tobias sucht „Schalotte“ in Rostock über die Gemüseabteilung eines gewöhnlichen großen Rostocker Supermarkts gesucht."	"EASY"	"Schalotte: gewöhnlicher lokaler Bezugsweg über den Bereich »Schalotte«."	"OPTIONAL"	""	"TOBIAS_ROSTOCK_PROFILE"	"PROPOSED_FOR_HUMAN_REVIEW"
"SHAOXING_WINE"	"Shaoxing-Reiswein"	"APPLICABLE"	"Chinesischer fermentierter Reiswein nach Shaoxing-Art mit nussig-oxidativem Aroma; als Kochwein, nicht Reisessig."	"SPECIALTY_BROAD"	"Katalogpfad Kochalkohol. Warengruppe Kochalkohol, formrelevanter Prüfhinweis aus der vollständigen Definition: »als Kochwein, nicht Reisessig«. Breiter einschlägiger Spezialmarkt über die voneinander unabhängigen Händler My-Asia-Shop – Shaoxing cooking rice wine 750 ml sowie Asia Street Food – Shaoxing rice wine 750 ml."	"SPECIALTY"	"Shaoxing-Reiswein ist im einschlägigen Spezialmarkt breit etabliert; dokumentierte reguläre Wege sind die voneinander unabhängigen Händler My-Asia-Shop – Shaoxing cooking rice wine 750 ml sowie Asia Street Food – Shaoxing rice wine 750 ml."	"REQUIRED"	"AV2N-N-0147|AV2N-N-0148"	"SPECIALTY_BROAD"	"Tobias prüft „Shaoxing-Reiswein“ in Rostock über Asia Street Food – Shaoxing rice wine 750 ml und My-Asia-Shop – Shaoxing cooking rice wine 750 ml, wobei die Evidenz ein dokumentiertes laufendes Angebot und Standardversand ausweist."	"SPECIALTY"	"Shaoxing-Reiswein: Rostocker Bezugsweg über Asia Street Food – Shaoxing rice wine 750 ml und My-Asia-Shop – Shaoxing cooking rice wine 750 ml; dokumentiert sind ein dokumentiertes laufendes Angebot und Standardversand."	"REQUIRED"	"AV2N-N-0149|AV2N-N-0150"	"EVIDENCE_REQUIRED|RESEARCH_REQUIRED|SPECIALTY_MARKET_BREADTH|TOBIAS_ROSTOCK_PROFILE"	"PROPOSED_FOR_HUMAN_REVIEW"
"SHELLFISH"	"Schalen- und Krustentiere"	"APPLICABLE"	"Offene Vorgabe für Schalen- und Krustentiere, insbesondere Krebstiere und zweischalige Muscheln."	"GENERAL_LOCAL"	"Katalogpfad Fisch und Meeresfrüchte. Warengruppe Fisch oder Meeresfrucht, formrelevanter Prüfhinweis aus der vollständigen Definition: »Schalen- und Krustentiere, insbesondere Krebstiere und zweischalige Muscheln«. Regelweg in Bornheim über die regulären lokalen Sortimente REWE ja! – Eismeergarnelen 100 g sowie EDEKA – Eismeer-Garnelen 225 g."	"EASY"	"Schalen- und Krustentiere: gewöhnlicher lokaler Bezugsweg über die regulären lokalen Sortimente REWE ja! – Eismeergarnelen 100 g sowie EDEKA – Eismeer-Garnelen 225 g."	"REQUIRED"	"AV2N-N-0151|AV2N-QA-0007|AV2N-QA-0008"	"GENERAL_LOCAL"	"Tobias sucht „Schalen- und Krustentiere“ in Rostock über die Fischkühlung, Tiefkühltruhe oder Fischtheke eines gewöhnlichen großen Rostocker Supermarkts gesucht."	"EASY"	"Schalen- und Krustentiere: gewöhnlicher lokaler Bezugsweg über den Bereich »Schalen- und Krustentiere«."	"OPTIONAL"	""	"BORDERLINE_PLANNED|EVIDENCE_REQUIRED|RATING_RECONCILED_V2|TOBIAS_ROSTOCK_PROFILE"	"PROPOSED_FOR_HUMAN_REVIEW"
"SHERRY"	"Sherry"	"APPLICABLE"	"Aufgespriteter spanischer Wein nach Sherry-Art; trocken-oxidative bis süße Stile sind je nach Gericht möglich."	"GENERAL_BROAD"	"Katalogpfad Kochalkohol. Warengruppe Kochalkohol, formrelevanter Prüfhinweis aus der vollständigen Definition: »trocken-oxidative bis süße Stile sind je nach Gericht möglich«. Allgemein planbarer, aber nicht lokal garantierter Weg über eine gezielte Bestellung oder Sortimentsprüfung bei REWE – Lustau Medium Dry Sherry 0.75 l."	"PLANNED"	"Sherry ist über eine gezielte Bestellung oder Sortimentsprüfung bei REWE – Lustau Medium Dry Sherry 0.75 l im allgemeinen deutschen Handel planbar, lokal aber kein verlässlicher Standardartikel."	"REQUIRED"	"AV2N-N-0152"	"GENERAL_BROAD"	"Beim Einkauf von „Sherry“ nutzt Tobias große Getränkefachmärkte und etablierte deutsche Spirituosen- oder Weinversender."	"PLANNED"	"Sherry: Beim Einkauf von „Sherry“ nutzt Tobias große Getränkefachmärkte und etablierte deutsche Spirituosen- oder Weinversender."	"OPTIONAL"	""	"BORDERLINE_PLANNED|EVIDENCE_REQUIRED|RATING_RECONCILED_V2|TOBIAS_ROSTOCK_PROFILE"	"PROPOSED_FOR_HUMAN_REVIEW"
"SHERRY_VINEGAR"	"Sherryessig"	"APPLICABLE"	"Aus Sherrywein erzeugter gereifter Essig mit nussig-komplexer Säure; nicht Sherry oder Rotweinessig."	"GENERAL_BROAD"	"Katalogpfad Essig. Warengruppe Speiseessig, formrelevanter Prüfhinweis aus der vollständigen Definition: »nicht Sherry oder Rotweinessig«. Allgemein planbarer, aber nicht lokal garantierter Weg über den im v2-Anker festgehaltenen Planweg: Breiter allgemeiner Feinkost- und deutscher Onlinehandel ohne Abhängigkeit von einem engen spanischen Importmarkt."	"PLANNED"	"Sherryessig: Breiter allgemeiner Feinkost- und deutscher Onlinehandel ohne Abhängigkeit von einem engen spanischen Importmarkt."	"REQUIRED"	"AV2E-023"	"GENERAL_BROAD"	"Sherryessig: Breiter allgemeiner Feinkost- und deutscher Onlinehandel ohne Abhängigkeit von einem engen spanischen Importmarkt."	"PLANNED"	"Sherryessig: Breiter allgemeiner Feinkost- und deutscher Onlinehandel ohne Abhängigkeit von einem engen spanischen Importmarkt."	"REQUIRED"	"AV2E-023"	"BORDERLINE_PLANNED|EVIDENCE_REQUIRED|REFERENCE_ANCHOR|REFERENCE_ANCHOR_V2|RESEARCH_REQUIRED|TOBIAS_ROSTOCK_PROFILE"	"RATING_APPROVED_NOTE_PROPOSED_REFERENCE_ANCHOR_V2"
"SHIITAKE"	"Shiitake"	"APPLICABLE"	"Shiitake mit fleischigem Biss und kräftigem Umami; frisch oder getrocknet, wobei Trockenware intensiver schmeckt."	"GENERAL_BROAD"	"Katalogpfad Pilze → Gemüse. Warengruppe Gemüse oder Pilz, formrelevanter Prüfhinweis aus der vollständigen Definition: »frisch oder getrocknet, wobei Trockenware intensiver schmeckt«. Allgemein planbarer, aber nicht lokal garantierter Weg über eine konkrete Vorbestellung oder Bestandsabfrage für Gemüse oder Pilz."	"PLANNED"	"Shiitake ist über eine konkrete Vorbestellung oder Bestandsabfrage für Gemüse oder Pilz im allgemeinen deutschen Handel planbar, lokal aber kein verlässlicher Standardartikel."	"OPTIONAL"	""	"GENERAL_BROAD"	"Die Beschaffung von „Shiitake“ erfolgt in Rostock über gut sortierte Vollsortimenter und etablierte deutsche Pilz- oder Frischehändler."	"PLANNED"	"Shiitake: Die Beschaffung von „Shiitake“ erfolgt in Rostock über gut sortierte Vollsortimenter und etablierte deutsche Pilz- oder Frischehändler."	"OPTIONAL"	""	"FORM_SENSITIVE|TOBIAS_ROSTOCK_PROFILE"	"PROPOSED_FOR_HUMAN_REVIEW"
"SHIMEJI"	"Shimeji"	"APPLICABLE"	"Büschelig wachsende japanische Zuchtpilze mit festem Biss und mild-nussigem Aroma; braune und weiße Formen sind umfasst."	"GENERAL_BROAD"	"Asia4Friends zeigt frische braune Shimeji-Buchenpilze im 150-g-Pack aktuell lagernd. Die braune Form ist ausdrücklich umfasst; Frischversand mit Isoliertasche und Kühlakkus erreicht Bornheim nur bei terminierter Bestellung."	"PLANNED"	"Shimeji: Asia4Friends zeigt frische braune Shimeji-Buchenpilze im 150-g-Pack aktuell lagernd. Die braune Form ist ausdrücklich umfasst; Frischversand mit Isoliertasche und Kühlakkus erreicht Bornheim nur bei terminierter Bestellung."	"REQUIRED"	"AV2N-N-0153"	"GENERAL_BROAD"	"Frische braune Shimeji-Buchenpilze sind bei Asia4Friends im 150-g-Pack aktuell bestellbar. Für Rostock erfolgt Frischversand mit Isoliertasche und Kühlakkus an den vorgesehenen Versandtagen."	"PLANNED"	"Shimeji: Frische braune Shimeji-Buchenpilze sind bei Asia4Friends im 150-g-Pack aktuell bestellbar. Für Rostock erfolgt Frischversand mit Isoliertasche und Kühlakkus an den vorgesehenen Versandtagen."	"REQUIRED"	"AV2N-N-0154"	"BORDERLINE_PLANNED|EVIDENCE_REQUIRED|RESEARCH_REQUIRED|TOBIAS_ROSTOCK_PROFILE"	"PROPOSED_FOR_HUMAN_REVIEW"
"SHIRATAKI"	"Shirataki-Nudeln"	"APPLICABLE"	"Transparente, sehr stärkearme Nudeln aus Konjak mit elastischem Biss; nicht Glas- oder Reisnudeln."	"GENERAL_BROAD"	"Katalogpfad Nudeln → stärkehaltige Zutat oder Sättigungsbeilage. Warengruppe Getreide- oder Stärkeware, formrelevanter Prüfhinweis aus der vollständigen Definition: »nicht Glas- oder Reisnudeln«. Allgemein planbarer, aber nicht lokal garantierter Weg über eine konkrete Vorbestellung oder Bestandsabfrage für Getreide- oder Stärkeware."	"PLANNED"	"Shirataki-Nudeln ist über eine konkrete Vorbestellung oder Bestandsabfrage für Getreide- oder Stärkeware im allgemeinen deutschen Handel planbar, lokal aber kein verlässlicher Standardartikel."	"OPTIONAL"	""	"GENERAL_BROAD"	"Tobias sucht „Shirataki-Nudeln“ in Rostock über gut sortierte Vollsortimenter und etablierte deutsche Bio- oder Trockenwarenhändler gesucht."	"PLANNED"	"Shirataki-Nudeln: Tobias sucht „Shirataki-Nudeln“ in Rostock über gut sortierte Vollsortimenter und etablierte deutsche Bio- oder Trockenwarenhändler gesucht."	"OPTIONAL"	""	"TOBIAS_ROSTOCK_PROFILE"	"PROPOSED_FOR_HUMAN_REVIEW"
"SHRIMP"	"Garnelen"	"APPLICABLE"	"Garnelen als Krebstiere mit festem, leicht süßlichem Fleisch; Größe, Schale und frisch oder tiefgekühlt bleiben offen."	"GENERAL_LOCAL"	"Katalogpfad Krustentiere → wirbellose Tiere → Schalen- und Krustentiere → Fisch und Meeresfrüchte. Warengruppe Fisch oder Meeresfrucht, formrelevanter Prüfhinweis aus der vollständigen Definition: »Größe, Schale und frisch oder tiefgekühlt bleiben offen«. Regelweg in Bornheim über ortsübliche Vollsortimenter rund um Bornheim, konkret im Bereich »Fischkühlung, Fischtheke oder Tiefkühlabteilung«."	"EASY"	"Garnelen: gewöhnlicher lokaler Bezugsweg über den Bereich »Fischkühlung, Fischtheke oder Tiefkühlabteilung«."	"OPTIONAL"	""	"GENERAL_LOCAL"	"Die Rostocker Warenprüfung für „Garnelen“ erfolgt über die Fischkühlung, Tiefkühltruhe oder Fischtheke eines gewöhnlichen großen Rostocker Supermarkts."	"EASY"	"Garnelen: gewöhnlicher lokaler Bezugsweg über den Bereich »Garnelen«."	"OPTIONAL"	""	"FORM_SENSITIVE|TOBIAS_ROSTOCK_PROFILE"	"PROPOSED_FOR_HUMAN_REVIEW"
"SHRIMP_PASTE"	"Garnelenpaste"	"APPLICABLE"	"Offene Familie fermentierter Garnelenpasten mit sehr intensivem salzigem Umami; regionale feste und weiche Formen sind umfasst."	"SPECIALTY_BROAD"	"Katalogpfad fermentierte Würzzutat → fertige Sauce oder Würzpaste → Sauce, Würzmittel oder Paste. Warengruppe Sauce oder Würzpaste, formrelevanter Prüfhinweis aus der vollständigen Definition: »regionale feste und weiche Formen sind umfasst«. Breiter einschlägiger Spezialmarkt über die voneinander unabhängigen Händler Village Foods – Por Kwan shrimp paste 200 g sowie Asiashoponline – Mae Pranom shrimp paste 350 g."	"SPECIALTY"	"Garnelenpaste ist im einschlägigen Spezialmarkt breit etabliert; dokumentierte reguläre Wege sind die voneinander unabhängigen Händler Village Foods – Por Kwan shrimp paste 200 g sowie Asiashoponline – Mae Pranom shrimp paste 350 g."	"REQUIRED"	"AV2N-N-0155|AV2N-N-0156"	"SPECIALTY_BROAD"	"Tobias prüft „Garnelenpaste“ in Rostock über Asiashoponline – Mae Pranom shrimp paste 350 g und Village Foods – Por Kwan shrimp paste 200 g, wobei die Evidenz ein dokumentiertes laufendes Angebot und Standardversand ausweist."	"SPECIALTY"	"Garnelenpaste: Rostocker Bezugsweg über Asiashoponline – Mae Pranom shrimp paste 350 g und Village Foods – Por Kwan shrimp paste 200 g; dokumentiert sind ein dokumentiertes laufendes Angebot und Standardversand."	"REQUIRED"	"AV2N-N-0157|AV2N-N-0158"	"EVIDENCE_REQUIRED|RESEARCH_REQUIRED|SPECIALTY_MARKET_BREADTH|TOBIAS_ROSTOCK_PROFILE"	"PROPOSED_FOR_HUMAN_REVIEW"
"SICHUAN_PEPPER"	"Szechuanpfeffer"	"APPLICABLE"	"Aromatische Samenkapseln verschiedener Zanthoxylum-Arten mit zitrischem Duft und prickelnd-betäubender Wirkung; kein echter Pfeffer."	"SPECIALTY_BROAD"	"Katalogpfad Gewürz oder trockenes Würzmittel. Warengruppe Gewürz, formrelevanter Prüfhinweis aus der vollständigen Definition: »kein echter Pfeffer«. Breiter einschlägiger Spezialmarkt über die voneinander unabhängigen Händler Asiafoodland – whole wild Sichuan pepper 50 g sowie Gewürze der Welt – Sichuan pepper range."	"SPECIALTY"	"Szechuanpfeffer ist im einschlägigen Spezialmarkt breit etabliert; dokumentierte reguläre Wege sind die voneinander unabhängigen Händler Asiafoodland – whole wild Sichuan pepper 50 g sowie Gewürze der Welt – Sichuan pepper range."	"REQUIRED"	"AV2N-N-0159|AV2N-N-0160"	"SPECIALTY_BROAD"	"Tobias prüft „Szechuanpfeffer“ in Rostock über Asiafoodland – whole wild Sichuan pepper 50 g und Gewürze der Welt – Sichuan pepper range, wobei die Evidenz ein dokumentiertes laufendes Angebot und Standardversand ausweist."	"SPECIALTY"	"Szechuanpfeffer: Rostocker Bezugsweg über Asiafoodland – whole wild Sichuan pepper 50 g und Gewürze der Welt – Sichuan pepper range; dokumentiert sind ein dokumentiertes laufendes Angebot und Standardversand."	"REQUIRED"	"AV2N-N-0161|AV2N-N-0162"	"EVIDENCE_REQUIRED|RESEARCH_REQUIRED|SPECIALTY_MARKET_BREADTH|TOBIAS_ROSTOCK_PROFILE"	"PROPOSED_FOR_HUMAN_REVIEW"
"SILKEN_TOFU"	"Seidentofu"	"APPLICABLE"	"Sehr weicher, kaum gepresster Tofu mit glatter puddingartiger Textur; nicht fester Tofu."	"GENERAL_BROAD"	"Katalogpfad Tofu → pflanzliches Proteinprodukt → Sojazutat → Hülsenfrüchte. Warengruppe pflanzliches Proteinprodukt, formrelevanter Prüfhinweis aus der vollständigen Definition: »nicht fester Tofu«. Allgemein planbarer, aber nicht lokal garantierter Weg über eine vorab zu prüfendes Sortiment im Bereich »Kühlregal für Tofu und pflanzliche Proteinprodukte« eines großen Bornheimer Markts."	"PLANNED"	"Seidentofu ist über ein vorab zu prüfendes Sortiment im Bereich »Kühlregal für Tofu und pflanzliche Proteinprodukte« eines großen Bornheimer Markts im allgemeinen deutschen Handel planbar, lokal aber kein verlässlicher Standardartikel."	"OPTIONAL"	""	"GENERAL_BROAD"	"Die Rostocker Warenprüfung für „Seidentofu“ erfolgt über gut sortierte Vollsortimenter und etablierte deutsche Bio- oder Trockenwarenhändler."	"PLANNED"	"Seidentofu: Die Rostocker Warenprüfung für „Seidentofu“ erfolgt über gut sortierte Vollsortimenter und etablierte deutsche Bio- oder Trockenwarenhändler."	"OPTIONAL"	""	"TOBIAS_ROSTOCK_PROFILE"	"PROPOSED_FOR_HUMAN_REVIEW"
"SLIVOVICE"	"Sliwowitz"	"APPLICABLE"	"Pflaumenbrand als generische Spirituosenart; nicht auf eine Marke beschränkt und nicht mit Pflaumenlikör gleichsetzen."	"GENERAL_BROAD"	"Sliwowitz: Weinquelles formgenaue Kategorie „Obstbrand aus Pflaumen“ enthält mehrere lagernde Flaschen; deutschlandweiter Versand in üblicherweise 1–3 Werktagen eröffnet Georgia einen planbaren Spirituosenweg nach Bornheim."	"PLANNED"	"Sliwowitz: Weinquelles formgenaue Kategorie „Obstbrand aus Pflaumen“ enthält mehrere lagernde Flaschen; deutschlandweiter Versand in üblicherweise 1–3 Werktagen eröffnet Georgia einen planbaren Spirituosenweg nach Bornheim."	"REQUIRED"	"AV2N-N-0163"	"GENERAL_BROAD"	"Sliwowitz: Weinquelles formgenaue Kategorie „Obstbrand aus Pflaumen“ zeigt mehrere lagernde Flaschen; der deutschlandweite Versand in üblicherweise 1–3 Werktagen ist für Rostock ein belastbarer geplanter Spirituosenweg."	"PLANNED"	"Sliwowitz: Weinquelles formgenaue Kategorie „Obstbrand aus Pflaumen“ zeigt mehrere lagernde Flaschen; der deutschlandweite Versand in üblicherweise 1–3 Werktagen ist für Rostock ein belastbarer geplanter Spirituosenweg."	"REQUIRED"	"AV2N-N-0164"	"BORDERLINE_PLANNED|EVIDENCE_REQUIRED|RESEARCH_REQUIRED|TOBIAS_ROSTOCK_PROFILE"	"PROPOSED_FOR_HUMAN_REVIEW"
"SMOKED_PAPRIKA"	"geräuchertes Paprikapulver"	"APPLICABLE"	"Geräuchertes Paprikapulver mit süßer bis scharfer Ausprägung und deutlichem Raucharoma."	"GENERAL_LOCAL"	"Katalogpfad Paprikapulver → Gewürz oder trockenes Würzmittel. Warengruppe Gewürz, formrelevanter Prüfhinweis aus der vollständigen Definition: »Paprikapulver mit süßer bis scharfer Ausprägung und deutlichem Raucharoma«. Regelweg in Bornheim über nahe Supermarktfilialen in Bornheim mit dem Bereich »Gewürz- und Trockenwürzregal«."	"EASY"	"geräuchertes Paprikapulver: gewöhnlicher lokaler Bezugsweg über den Bereich »Gewürz- und Trockenwürzregal«."	"OPTIONAL"	""	"GENERAL_LOCAL"	"Tobias sucht „geräuchertes Paprikapulver“ in Rostock über das Gewürz- oder Backregal eines gewöhnlichen großen Rostocker Supermarkts gesucht."	"EASY"	"geräuchertes Paprikapulver: gewöhnlicher lokaler Bezugsweg über den Bereich »geräuchertes Paprikapulver«."	"OPTIONAL"	""	"TOBIAS_ROSTOCK_PROFILE"	"PROPOSED_FOR_HUMAN_REVIEW"
"SMOKED_SALMON"	"Räucherlachs"	"APPLICABLE"	"Heiß- oder kaltgeräucherter Lachs mit salzigem Raucharoma; nicht bloß gebeizter Gravlax."	"GENERAL_LOCAL"	"Katalogpfad konservierter Fisch → Lachs → Fisch → fettreicher Fisch. Warengruppe konservierter Fisch, formrelevanter Prüfhinweis aus der vollständigen Definition: »nicht bloß gebeizter Gravlax«. Regelweg in Bornheim über die gewöhnliche Bornheimer Auslage »Fischkonserven- oder internationales Trockenwarenregal«."	"EASY"	"Räucherlachs: gewöhnlicher lokaler Bezugsweg über den Bereich »Fischkonserven- oder internationales Trockenwarenregal«."	"OPTIONAL"	""	"GENERAL_LOCAL"	"Tobias sucht „Räucherlachs“ in Rostock über das Fischkonserven- oder haltbare Seafood-Regal eines gewöhnlichen großen Rostocker Supermarkts gesucht."	"EASY"	"Räucherlachs: gewöhnlicher lokaler Bezugsweg über den Bereich »Räucherlachs«."	"OPTIONAL"	""	"TOBIAS_ROSTOCK_PROFILE"	"PROPOSED_FOR_HUMAN_REVIEW"
"SMOKED_TOFU"	"Räuchertofu"	"APPLICABLE"	"Fester Tofu mit deutlichem Raucharoma, durch Räuchern oder entsprechende Verarbeitung; nicht fermentierter Tofu."	"GENERAL_LOCAL"	"Katalogpfad Tofu → pflanzliches Proteinprodukt → Sojazutat → Hülsenfrüchte. Warengruppe pflanzliches Proteinprodukt, formrelevanter Prüfhinweis aus der vollständigen Definition: »nicht fermentierter Tofu«. Regelweg in Bornheim über nahe Supermarktfilialen in Bornheim mit dem Bereich »Kühlregal für Tofu und pflanzliche Proteinprodukte«."	"EASY"	"Räuchertofu: gewöhnlicher lokaler Bezugsweg über den Bereich »Kühlregal für Tofu und pflanzliche Proteinprodukte«."	"OPTIONAL"	""	"GENERAL_LOCAL"	"Tobias prüft „Räuchertofu“ in Rostock über das Hülsenfrucht-, Konserven- oder Trockensortiment eines gewöhnlichen großen Rostocker Supermarkts."	"EASY"	"Räuchertofu: Rostocker Bezugsweg über das Hülsenfrucht-, Konserven- oder Trockensortiment eines gewöhnlichen großen Rostocker Supermarkts."	"OPTIONAL"	""	"RATING_RECONCILED_V2|TOBIAS_ROSTOCK_PROFILE"	"PROPOSED_FOR_HUMAN_REVIEW"
"SMOKED_TROUT"	"Räucherforelle"	"APPLICABLE"	"Geräucherte Forelle, ganz oder als Filet, mit festem Fleisch und mildem Raucharoma."	"GENERAL_BROAD"	"Katalogpfad konservierter Fisch → Forelle → Fisch → fettreicher Fisch. Warengruppe konservierter Fisch, formrelevanter Prüfhinweis aus der vollständigen Definition: »als Filet, mit festem Fleisch und mildem Raucharoma«. Allgemein planbarer, aber nicht lokal garantierter Weg über eine konkrete Vorbestellung oder Bestandsabfrage für konservierter Fisch."	"PLANNED"	"Räucherforelle: In gut sortierten Märkten und Fischfachhandel verlässlich planbar aber nicht in jeder alltäglichen Ausweichquelle."	"OPTIONAL"	"AV2E-022"	"GENERAL_BROAD"	"Räucherforelle: In gut sortierten Märkten und Fischfachhandel verlässlich planbar aber nicht in jeder alltäglichen Ausweichquelle."	"PLANNED"	"Räucherforelle: In gut sortierten Märkten und Fischfachhandel verlässlich planbar aber nicht in jeder alltäglichen Ausweichquelle."	"REQUIRED"	"AV2E-022"	"REFERENCE_ANCHOR|REFERENCE_ANCHOR_V2|RESEARCH_REQUIRED|TOBIAS_ROSTOCK_PROFILE"	"RATING_APPROVED_NOTE_PROPOSED_REFERENCE_ANCHOR_V2"
"SOBA"	"Soba"	"APPLICABLE"	"Japanische dünne Nudeln mit Buchweizen als typischem Teigbestandteil; Buchweizenanteil und Beimischung von Weizen können variieren."	"GENERAL_BROAD"	"Katalogpfad Nudeln → stärkehaltige Zutat oder Sättigungsbeilage. Warengruppe Getreide- oder Stärkeware, formrelevanter Prüfhinweis aus der vollständigen Definition: »Buchweizenanteil und Beimischung von Weizen können variieren«. Für Georgia ist „Reis-, Mehl-, Nudel- oder Trockenwarenregal nach vorheriger Händlerprüfung“ der einschlägige Weg."	"PLANNED"	"Soba: ist „Reis-, Mehl-, Nudel- oder Trockenwarenregal nach vorheriger Händlerprüfung“ der einschlägige Weg."	"OPTIONAL"	""	"GENERAL_BROAD"	"Tobias prüft „Soba“ in Rostock über gut sortierte Vollsortimenter und etablierte deutsche Bio- oder Trockenwarenhändler."	"PLANNED"	"Soba: Rostocker Bezugsweg über gut sortierte Vollsortimenter und etablierte deutsche Bio- oder Trockenwarenhändler."	"OPTIONAL"	""	"TOBIAS_ROSTOCK_PROFILE"	"PROPOSED_FOR_HUMAN_REVIEW"
"SOBRASADA"	"Sobrasada"	"APPLICABLE"	"Streichfähige, mit Paprika gewürzte luftgereifte Rohwurst der Balearen, typischerweise aus Schweinefleisch; nicht Chorizo und nicht ’Nduja."	"SPECIALTY_BROAD"	"Katalogpfad gepökeltes oder luftgetrocknetes Fleisch → Schweinefleisch → Wurst → Fleisch. Warengruppe Wurst oder Pökelfleisch, formrelevanter Prüfhinweis aus der vollständigen Definition: »nicht Chorizo und nicht ’Nduja«. Breiter einschlägiger Spezialmarkt über die voneinander unabhängigen Händler Mitte Meer – Mediterranean direct shop sowie Directos – spicy sobrassade."	"SPECIALTY"	"Sobrasada ist im einschlägigen Spezialmarkt breit etabliert; dokumentierte reguläre Wege sind die voneinander unabhängigen Händler Mitte Meer – Mediterranean direct shop sowie Directos – spicy sobrassade."	"REQUIRED"	"AV2N-N-0165|AV2N-N-0166"	"SPECIALTY_BROAD"	"Tobias prüft „Sobrasada“ in Rostock über Directos – spicy sobrassade und Mitte Meer – Mediterranean direct shop, wobei die Evidenz ein dokumentiertes laufendes Angebot und Kühlversand sowie Standardversand ausweist."	"SPECIALTY"	"Sobrasada: Rostocker Bezugsweg über Directos – spicy sobrassade und Mitte Meer – Mediterranean direct shop; dokumentiert sind ein dokumentiertes laufendes Angebot und Kühlversand sowie Standardversand."	"REQUIRED"	"AV2N-N-0167|AV2N-N-0168"	"BORDERLINE_PLANNED|EVIDENCE_REQUIRED|RATING_RECONCILED_V2|RESEARCH_REQUIRED|SPECIALTY_MARKET_BREADTH|TOBIAS_ROSTOCK_PROFILE"	"PROPOSED_FOR_HUMAN_REVIEW"
"SOLE"	"Seezunge"	"APPLICABLE"	"Seezunge als feiner magerer Plattfisch mit zartem, festem Fleisch; nicht Scholle."	"GENERAL_BROAD"	"Deutsche See – frische Seezunge belegt: Deutsche See bietet die echte Seezunge Solea solea aktuell verfügbar als frischen ganzen Plattfisch an und liefert sie gekühlt. Der Bezug erfolgt über Deutschland und Österreich; gekühlte GO!-Express-Lieferung zum Wunschtermin; maßgeblich ist CHILLED_SHIPPING. Die Seite belegt ausdrücklich Seezunge und keine Scholle; Gewicht, kurze Haltbarkeit und Terminbestand müssen geprüft werden."	"PLANNED"	"Seezunge: Deutsche See bietet die echte Seezunge Solea solea aktuell verfügbar als frischen ganzen Plattfisch an und liefert sie gekühlt."	"REQUIRED"	"AV2N-N-0169"	"GENERAL_BROAD"	"Deutsche See – frische Seezunge belegt: Deutsche See bietet die echte Seezunge Solea solea aktuell verfügbar als frischen ganzen Plattfisch an und liefert sie gekühlt. Der Bezug erfolgt über Deutschland und Österreich; gekühlte GO!-Express-Lieferung zum Wunschtermin; maßgeblich ist CHILLED_SHIPPING. Die Seite belegt ausdrücklich Seezunge und keine Scholle; Gewicht, kurze Haltbarkeit und Terminbestand müssen geprüft werden."	"PLANNED"	"Seezunge: Deutsche See bietet die echte Seezunge Solea solea aktuell verfügbar als frischen ganzen Plattfisch an und liefert sie gekühlt."	"REQUIRED"	"AV2N-N-0170"	"BORDERLINE_PLANNED|EVIDENCE_REQUIRED|RESEARCH_REQUIRED|TOBIAS_ROSTOCK_PROFILE"	"PROPOSED_FOR_HUMAN_REVIEW"
"SOUR_CHERRY"	"Sauerkirsche"	"APPLICABLE"	"Sauerkirsche mit deutlich höherer Säure als Süßkirsche; frisch, tiefgekühlt oder ungesüßt konserviert verwendbar."	"GENERAL_BROAD"	"GLOBUS – Alnatura Bio-Sauerkirschen ungesüßt belegt formgenau: GLOBUS listet ungesüßte Alnatura-Sauerkirschen aus Sauerkirschen, Wasser und Sauerkirschsaft im regulären Konservensortiment. Für Georgia in Bornheim gilt: Reguläres Sortiment im deutschen GLOBUS-Markthallennetz; konkrete Filiale für Bornheim oder Rostock prüfen; Logistik STANDARD_LOCAL. Belegt ist die zulässige konservierte, nicht die frische oder tiefgekühlte Form; Einzelmarktbestand bleibt offen."	"PLANNED"	"Sauerkirsche: GLOBUS listet ungesüßte Alnatura-Sauerkirschen aus Sauerkirschen, Wasser und Sauerkirschsaft im regulären Konservensortiment."	"REQUIRED"	"AV2N-N-0171|AV2N-P-0028"	"GENERAL_BROAD"	"GLOBUS – Alnatura Bio-Sauerkirschen ungesüßt belegt formgenau: GLOBUS listet ungesüßte Alnatura-Sauerkirschen aus Sauerkirschen, Wasser und Sauerkirschsaft im regulären Konservensortiment. Für Tobias in Rostock gilt: Reguläres Sortiment im deutschen GLOBUS-Markthallennetz; konkrete Filiale für Bornheim oder Rostock prüfen; Logistik STANDARD_LOCAL. Belegt ist die zulässige konservierte, nicht die frische oder tiefgekühlte Form; Einzelmarktbestand bleibt offen."	"PLANNED"	"Sauerkirsche: GLOBUS listet ungesüßte Alnatura-Sauerkirschen aus Sauerkirschen, Wasser und Sauerkirschsaft im regulären Konservensortiment."	"REQUIRED"	"AV2N-N-0172|AV2N-P-0028"	"BORDERLINE_PLANNED|EVIDENCE_REQUIRED|FORM_SENSITIVE|RESEARCH_REQUIRED|TOBIAS_ROSTOCK_PROFILE"	"PROPOSED_FOR_HUMAN_REVIEW"
"SOUR_CREAM"	"saure Sahne"	"APPLICABLE"	"Gesäuerter Rahm mit frischer Säure und mittlerem Fettgehalt; nicht Crème fraîche oder Quark."	"GENERAL_LOCAL"	"Katalogpfad gesäuertes Milchprodukt → Milchprodukte. Warengruppe Milchprodukt, formrelevanter Prüfhinweis aus der vollständigen Definition: »nicht Crème fraîche oder Quark«. Regelweg in Bornheim über den regulären Bornheimer Regalweg »Molkereikühlregal«."	"EASY"	"saure Sahne: gewöhnlicher lokaler Bezugsweg über den Bereich »Molkereikühlregal«."	"OPTIONAL"	""	"GENERAL_LOCAL"	"Der konkrete Bezug von „saure Sahne“ läuft über die Molkereikühlung eines gewöhnlichen großen Rostocker Supermarkts."	"EASY"	"saure Sahne: gewöhnlicher lokaler Bezugsweg über den Bereich »saure Sahne«."	"OPTIONAL"	""	"FORM_SENSITIVE|TOBIAS_ROSTOCK_PROFILE"	"PROPOSED_FOR_HUMAN_REVIEW"
"SOUR_RYE_STARTER"	"Żur-Saueransatz"	"APPLICABLE"	"Fermentierter Roggenmehl-Saueransatz (zakwas/żur) als flüssige Basis für żur/żurek; nicht die fertige Suppe. Gewürzzusätze können variieren."	"SPECIALTY_BROAD"	"Katalogpfad fermentierte Würzzutat → Sauce, Würzmittel oder Paste. Warengruppe Sauce oder Würzpaste, formrelevanter Prüfhinweis aus der vollständigen Definition: »Gewürzzusätze können variieren«. Breiter einschlägiger Spezialmarkt über die voneinander unabhängigen Händler Polskashop24 – Polish cooking aids with Zakwas sowie Krakowiacy i Górale – Zakwas na żur 900 ml."	"SPECIALTY"	"Żur-Saueransatz ist im einschlägigen Spezialmarkt breit etabliert; dokumentierte reguläre Wege sind die voneinander unabhängigen Händler Polskashop24 – Polish cooking aids with Zakwas sowie Krakowiacy i Górale – Zakwas na żur 900 ml."	"REQUIRED"	"AV2N-N-0173|AV2N-N-0174"	"SPECIALTY_BROAD"	"Tobias prüft „Żur-Saueransatz“ in Rostock über Krakowiacy i Górale – Zakwas na żur 900 ml und Polskashop24 – Polish cooking aids with Zakwas, wobei die Evidenz ein dokumentiertes laufendes Angebot und Standardversand ausweist."	"SPECIALTY"	"Żur-Saueransatz: Rostocker Bezugsweg über Krakowiacy i Górale – Zakwas na żur 900 ml und Polskashop24 – Polish cooking aids with Zakwas; dokumentiert sind ein dokumentiertes laufendes Angebot und Standardversand."	"REQUIRED"	"AV2N-N-0175|AV2N-N-0176"	"EVIDENCE_REQUIRED|RESEARCH_REQUIRED|SPECIALTY_MARKET_BREADTH|TOBIAS_ROSTOCK_PROFILE"	"PROPOSED_FOR_HUMAN_REVIEW"
"SOURDOUGH_BREAD"	"Sauerteigbrot"	"APPLICABLE"	"Brot mit Sauerteig als prägendem Trieb- und Aromamittel; Getreide und Säuregrad bleiben offen."	"GENERAL_LOCAL"	"Sauerteigbrot liegt im Bornheimer Brot- und Backwarenbereich als frischer Laib oder abgepacktes Schnittbrot."	"EASY"	"Sauerteigbrot liegt im Bornheimer Brot- und Backwarenbereich als frischer Laib oder abgepacktes Schnittbrot."	"OPTIONAL"	""	"GENERAL_LOCAL"	"Für „Sauerteigbrot“ wird das Angebot über das Back-, Süßwaren- oder Brotregal eines gewöhnlichen großen Rostocker Supermarkts kontrolliert."	"EASY"	"Sauerteigbrot: gewöhnlicher lokaler Bezugsweg über den Bereich »Sauerteigbrot«."	"OPTIONAL"	""	"TOBIAS_ROSTOCK_PROFILE"	"PROPOSED_FOR_HUMAN_REVIEW"
"SOY_DRINK"	"Sojadrink"	"APPLICABLE"	"Flüssiger Pflanzendrink aus Sojabohnen; gesüßte und ungesüßte Varianten sind umfasst."	"GENERAL_LOCAL"	"Katalogpfad pflanzlicher Drink. Warengruppe Pflanzendrink, formrelevanter Prüfhinweis aus der vollständigen Definition: »gesüßte und ungesüßte Varianten sind umfasst«. Regelweg in Bornheim über die gewöhnliche Bornheimer Auslage »Regal für haltbare oder gekühlte Pflanzendrinks«."	"EASY"	"Sojadrink: gewöhnlicher lokaler Bezugsweg über den Bereich »Regal für haltbare oder gekühlte Pflanzendrinks«."	"OPTIONAL"	""	"GENERAL_LOCAL"	"Die Beschaffung von „Sojadrink“ erfolgt in Rostock über das Pflanzendrinkregal eines gewöhnlichen großen Rostocker Supermarkts."	"EASY"	"Sojadrink: gewöhnlicher lokaler Bezugsweg über den Bereich »Sojadrink«."	"OPTIONAL"	""	"TOBIAS_ROSTOCK_PROFILE"	"PROPOSED_FOR_HUMAN_REVIEW"
"SOY_PRODUCTS"	"Sojazutat"	"APPLICABLE"	"Offene Vorgabe für Sojabohnen und daraus hergestellte kulinarische Produkte; konkrete Verarbeitung bleibt wählbar."	"GENERAL_LOCAL"	"Katalogpfad Hülsenfrüchte. Warengruppe pflanzliches Proteinprodukt, formrelevanter Prüfhinweis aus der vollständigen Definition: »konkrete Verarbeitung bleibt wählbar«. Regelweg in Bornheim über nahe Supermarktfilialen in Bornheim mit dem Bereich »Kühlregal für Tofu und pflanzliche Proteinprodukte«."	"EASY"	"Sojazutat: gewöhnlicher lokaler Bezugsweg über den Bereich »Kühlregal für Tofu und pflanzliche Proteinprodukte«."	"OPTIONAL"	""	"GENERAL_LOCAL"	"Für „Sojazutat“ führt der Rostocker Marktweg über das Hülsenfrucht-, Konserven- oder Trockensortiment eines gewöhnlichen großen Rostocker Supermarkts."	"EASY"	"Sojazutat: Rostocker Bezugsweg über das Hülsenfrucht-, Konserven- oder Trockensortiment eines gewöhnlichen großen Rostocker Supermarkts."	"OPTIONAL"	""	"TOBIAS_ROSTOCK_PROFILE"	"PROPOSED_FOR_HUMAN_REVIEW"
"SOY_SAUCE"	"Sojasauce"	"APPLICABLE"	"Fermentierte salzige Würzsauce auf Sojabohnenbasis; Stil, Weizenanteil, Farbe und Intensität bleiben offen."	"GENERAL_LOCAL"	"Katalogpfad fermentierte Würzzutat → fertige Sauce oder Würzpaste → Sauce, Würzmittel oder Paste. Warengruppe Sauce oder Würzpaste, formrelevanter Prüfhinweis aus der vollständigen Definition: »Stil, Weizenanteil, Farbe und Intensität bleiben offen«. Regelweg in Bornheim über den lokalen Supermarktbereich »Saucen-, Würzpasten- und Feinkostregal« in Bornheim."	"EASY"	"Sojasauce: gewöhnlicher lokaler Bezugsweg über den Bereich »Saucen-, Würzpasten- und Feinkostregal«."	"OPTIONAL"	""	"GENERAL_LOCAL"	"Für „Sojasauce“ wird das Angebot über das Saucen-, Essig- oder Feinkostregal eines gewöhnlichen großen Rostocker Supermarkts kontrolliert."	"EASY"	"Sojasauce: gewöhnlicher lokaler Bezugsweg über den Bereich »Sojasauce«."	"OPTIONAL"	""	"TOBIAS_ROSTOCK_PROFILE"	"PROPOSED_FOR_HUMAN_REVIEW"
"SOYBEANS"	"Sojabohnen"	"APPLICABLE"	"Reife Sojabohnen als trockene oder vorgegarte Hülsenfrucht; nicht junge grüne Edamame."	"GENERAL_BROAD"	"Katalogpfad Bohnen → Sojazutat → Hülsenfrüchte. Warengruppe pflanzliches Proteinprodukt, formrelevanter Prüfhinweis aus der vollständigen Definition: »nicht junge grüne Edamame«. Allgemein planbarer, aber nicht lokal garantierter Weg über eine konkrete Vorbestellung oder Bestandsabfrage für pflanzliches Proteinprodukt."	"PLANNED"	"Sojabohnen ist über eine konkrete Vorbestellung oder Bestandsabfrage für pflanzliches Proteinprodukt im allgemeinen deutschen Handel planbar, lokal aber kein verlässlicher Standardartikel."	"OPTIONAL"	""	"GENERAL_BROAD"	"Für „Sojabohnen“ führt der Rostocker Marktweg über gut sortierte Vollsortimenter und etablierte deutsche Bio- oder Trockenwarenhändler."	"PLANNED"	"Sojabohnen: Rostocker Bezugsweg über gut sortierte Vollsortimenter und etablierte deutsche Bio- oder Trockenwarenhändler."	"OPTIONAL"	""	"TOBIAS_ROSTOCK_PROFILE"	"PROPOSED_FOR_HUMAN_REVIEW"
"SPAETZLE"	"Spätzle"	"APPLICABLE"	"Weiche unregelmäßige Eiernudeln aus zähflüssigem Teig; frisch, getrocknet oder vorgegart verwendbar."	"GENERAL_LOCAL"	"Katalogpfad Nudeln → stärkehaltige Zutat oder Sättigungsbeilage. Warengruppe Getreide- oder Stärkeware, formrelevanter Prüfhinweis aus der vollständigen Definition: »frisch, getrocknet oder vorgegart verwendbar«. Regelweg in Bornheim über den regulären Bornheimer Regalweg »Reis-, Mehl-, Nudel- oder Trockenwarenregal«."	"EASY"	"Spätzle: gewöhnlicher lokaler Bezugsweg über den Bereich »Reis-, Mehl-, Nudel- oder Trockenwarenregal«."	"OPTIONAL"	""	"GENERAL_LOCAL"	"Die Rostocker Warenprüfung für „Spätzle“ erfolgt über das Getreide-, Mehl-, Reis- oder Teigwarenregal eines gewöhnlichen großen Rostocker Supermarkts."	"EASY"	"Spätzle: gewöhnlicher lokaler Bezugsweg über den Bereich »Spätzle«."	"OPTIONAL"	""	"FORM_SENSITIVE|TOBIAS_ROSTOCK_PROFILE"	"PROPOSED_FOR_HUMAN_REVIEW"
"SPAGHETTI"	"Spaghetti"	"APPLICABLE"	"Lange dünne runde Weizenpasta; Vollkorn- und gewöhnliche Hartweizenvarianten sind umfasst."	"GENERAL_LOCAL"	"Katalogpfad Weizenpasta → Nudeln → stärkehaltige Zutat oder Sättigungsbeilage. Warengruppe Getreide- oder Stärkeware, formrelevanter Prüfhinweis aus der vollständigen Definition: »Vollkorn- und gewöhnliche Hartweizenvarianten sind umfasst«. Regelweg in Bornheim über das örtliche Sortiment »Reis-, Mehl-, Nudel- oder Trockenwarenregal« beim Wocheneinkauf in Bornheim."	"EASY"	"Spaghetti: gewöhnlicher lokaler Bezugsweg über den Bereich »Reis-, Mehl-, Nudel- oder Trockenwarenregal«."	"OPTIONAL"	""	"GENERAL_LOCAL"	"Tobias prüft „Spaghetti“ in Rostock über das Getreide-, Mehl-, Reis- oder Teigwarenregal eines gewöhnlichen großen Rostocker Supermarkts."	"EASY"	"Spaghetti: Rostocker Bezugsweg über das Getreide-, Mehl-, Reis- oder Teigwarenregal eines gewöhnlichen großen Rostocker Supermarkts."	"OPTIONAL"	""	"TOBIAS_ROSTOCK_PROFILE"	"PROPOSED_FOR_HUMAN_REVIEW"
"SPAGHETTI_SQUASH"	"Spaghettikürbis"	"APPLICABLE"	"Kürbis, dessen gegartes Fruchtfleisch in spaghettiartige Fasern zerfällt; nicht Pasta."	"GENERAL_BROAD"	"Katalogpfad Kürbis → Fruchtgemüse → Gemüse. Warengruppe Gemüse oder Pilz, formrelevanter Prüfhinweis aus der vollständigen Definition: »dessen gegartes Fruchtfleisch in spaghettiartige Fasern zerfällt; nicht Pasta«. Allgemein planbarer, aber nicht lokal garantierter Weg über eine gezielte Filial- oder Bestellprüfung für Gemüse oder Pilz im allgemeinen deutschen Handel."	"PLANNED"	"Spaghettikürbis ist über eine gezielte Filial- oder Bestellprüfung für Gemüse oder Pilz im allgemeinen deutschen Handel planbar, lokal aber kein verlässlicher Standardartikel."	"OPTIONAL"	""	"GENERAL_BROAD"	"Für „Spaghettikürbis“ wird das Angebot über gut sortierte Vollsortimenter und etablierte deutsche Gemüse- oder Frischehändler kontrolliert."	"PLANNED"	"Spaghettikürbis: Für „Spaghettikürbis“ wird das Angebot über gut sortierte Vollsortimenter und etablierte deutsche Gemüse- oder Frischehändler kontrolliert."	"OPTIONAL"	""	"TOBIAS_ROSTOCK_PROFILE"	"PROPOSED_FOR_HUMAN_REVIEW"
"SPECULAAS_SPICE"	"Spekulatiusgewürz"	"APPLICABLE"	"Gewürzmischung für Speculaas/Spekulatius, typischerweise auf Basis von Zimt mit weiteren warmen Gewürzen wie Nelke und Muskat; Zusammensetzung kann variieren und Zucker wird nicht vorausgesetzt."	"GENERAL_BROAD"	"Katalogpfad Gewürzmischung → Gewürz oder trockenes Würzmittel. Warengruppe Gewürz, formrelevanter Prüfhinweis aus der vollständigen Definition: »Zusammensetzung kann variieren und Zucker wird nicht vorausgesetzt«. Der passende Warenweg führt vom Standort Bornheim über „Gewürz- und Trockenwürzregal per bestandsgeprüfter Abholung“."	"PLANNED"	"Spekulatiusgewürz: Der passende Warenweg führt vom Standort Bornheim über „Gewürz- und Trockenwürzregal per bestandsgeprüfter Abholung“."	"OPTIONAL"	""	"GENERAL_BROAD"	"Die Rostocker Warenprüfung für „Spekulatiusgewürz“ erfolgt über gut sortierte Vollsortimenter und etablierte deutsche Gewürzhändler."	"PLANNED"	"Spekulatiusgewürz: Die Rostocker Warenprüfung für „Spekulatiusgewürz“ erfolgt über gut sortierte Vollsortimenter und etablierte deutsche Gewürzhändler."	"OPTIONAL"	""	"RATING_RECONCILED_V2|TOBIAS_ROSTOCK_PROFILE"	"PROPOSED_FOR_HUMAN_REVIEW"
"SPECULOOS"	"Spekulatius"	"APPLICABLE"	"Knuspriges karamellisiertes Gewürzgebäck der Spekulatius-/Speculoos-Familie. Gemeint ist der fertige Keks, nicht eine Gewürzmischung; konkrete Gewürzzusammensetzung und Fettquelle können variieren."	"GENERAL_LOCAL"	"Katalogpfad Süßware. Warengruppe Süßungs- oder Kakaoware, formrelevanter Prüfhinweis aus der vollständigen Definition: »konkrete Gewürzzusammensetzung und Fettquelle können variieren«. Regelweg in Bornheim über nahe Supermarktfilialen in Bornheim mit dem Bereich »Backzutaten-, Süßwaren- oder Kakaoregal«."	"EASY"	"Spekulatius: gewöhnlicher lokaler Bezugsweg über den Bereich »Backzutaten-, Süßwaren- oder Kakaoregal«."	"OPTIONAL"	""	"GENERAL_LOCAL"	"Der konkrete Bezug von „Spekulatius“ läuft über das Back-, Süßwaren- oder Brotregal eines gewöhnlichen großen Rostocker Supermarkts."	"EASY"	"Spekulatius: gewöhnlicher lokaler Bezugsweg über den Bereich »Spekulatius«."	"OPTIONAL"	""	"RATING_RECONCILED_V2|TOBIAS_ROSTOCK_PROFILE"	"PROPOSED_FOR_HUMAN_REVIEW"
"SPELT"	"Dinkel"	"APPLICABLE"	"Dinkelkorn als Getreide mit nussigem Aroma; ganz, geschrotet oder als Flocken, nicht Dinkelmehl."	"GENERAL_BROAD"	"Katalogpfad Getreide oder Pseudogetreide → stärkehaltige Zutat oder Sättigungsbeilage. Warengruppe Getreide- oder Stärkeware, formrelevanter Prüfhinweis aus der vollständigen Definition: »ganz, geschrotet oder als Flocken, nicht Dinkelmehl«. Georgia prüft und bezieht die Form über „Reis-, Mehl-, Nudel- oder Trockenwarenregal über einen gut sortierten Markt mit Bestellservice“."	"PLANNED"	"Dinkel: Georgia prüft und bezieht die Form über „Reis-, Mehl-, Nudel- oder Trockenwarenregal über einen gut sortierten Markt mit Bestellservice“."	"OPTIONAL"	""	"GENERAL_BROAD"	"Die Beschaffung von „Dinkel“ erfolgt in Rostock über gut sortierte Vollsortimenter und etablierte deutsche Bio- oder Trockenwarenhändler."	"PLANNED"	"Dinkel: Die Beschaffung von „Dinkel“ erfolgt in Rostock über gut sortierte Vollsortimenter und etablierte deutsche Bio- oder Trockenwarenhändler."	"OPTIONAL"	""	"RATING_RECONCILED_V2|TOBIAS_ROSTOCK_PROFILE"	"PROPOSED_FOR_HUMAN_REVIEW"
"SPICE_BLENDS"	"Gewürzmischung"	"APPLICABLE"	"Offene Vorgabe für bewusst zusammengesetzte trockene Gewürzmischungen; Stil und Schärfe bleiben offen."	"GENERAL_LOCAL"	"Katalogpfad Gewürz oder trockenes Würzmittel. Warengruppe Gewürz, formrelevanter Prüfhinweis aus der vollständigen Definition: »Stil und Schärfe bleiben offen«. Regelweg in Bornheim über ortsübliche Vollsortimenter rund um Bornheim, konkret im Bereich »Gewürz- und Trockenwürzregal«."	"EASY"	"Gewürzmischung: gewöhnlicher lokaler Bezugsweg über den Bereich »Gewürz- und Trockenwürzregal«."	"OPTIONAL"	""	"GENERAL_LOCAL"	"Die Rostocker Warenprüfung für „Gewürzmischung“ erfolgt über das Gewürz- oder Backregal eines gewöhnlichen großen Rostocker Supermarkts."	"EASY"	"Gewürzmischung: gewöhnlicher lokaler Bezugsweg über den Bereich »Gewürzmischung«."	"OPTIONAL"	""	"TOBIAS_ROSTOCK_PROFILE"	"PROPOSED_FOR_HUMAN_REVIEW"
"SPICES"	"Gewürz oder trockenes Würzmittel"	"NOT_APPLICABLE_STRUCTURE"	""	""	""	""	""	""	""	""	""	""	""	""	""	""	"APPROVED_NOT_APPLICABLE"
"SPINACH"	"Spinat"	"APPLICABLE"	"Spinatblätter mit mild-grünem, leicht mineralischem Geschmack; frisch oder tiefgekühlt verwendbar."	"GENERAL_LOCAL"	"Katalogpfad Blattgemüse → Gemüse. Warengruppe Gemüse oder Pilz, formrelevanter Prüfhinweis aus der vollständigen Definition: »frisch oder tiefgekühlt verwendbar«. Regelweg in Bornheim über die gewöhnliche Bornheimer Auslage »Obst- und Gemüseabteilung«."	"EASY"	"Spinat: gewöhnlicher lokaler Bezugsweg über den Bereich »Obst- und Gemüseabteilung«."	"OPTIONAL"	""	"GENERAL_LOCAL"	"Beim Einkauf von „Spinat“ nutzt Tobias den Gemüse- oder Tiefkühlgemüsebereich eines gewöhnlichen großen Rostocker Supermarkts."	"EASY"	"Spinat: gewöhnlicher lokaler Bezugsweg über den Bereich »Spinat«."	"OPTIONAL"	""	"FORM_SENSITIVE|TOBIAS_ROSTOCK_PROFILE"	"PROPOSED_FOR_HUMAN_REVIEW"
"SPLIT_PEAS"	"Spalterbsen"	"APPLICABLE"	"Getrocknete geschälte und halbierte Erbsen für Suppen, Pürees oder Eintöpfe; Farbe bleibt offen."	"GENERAL_LOCAL"	"Katalogpfad Erbsen → Hülsenfrüchte. Warengruppe Hülsenfrucht, formrelevanter Prüfhinweis aus der vollständigen Definition: »Farbe bleibt offen«. Regelweg in Bornheim über die gewöhnliche Bornheimer Auslage »Hülsenfrucht-, Konserven- oder Trockenwarenregal«."	"EASY"	"Spalterbsen: gewöhnlicher lokaler Bezugsweg über den Bereich »Hülsenfrucht-, Konserven- oder Trockenwarenregal«."	"OPTIONAL"	""	"GENERAL_LOCAL"	"Die Beschaffung von „Spalterbsen“ erfolgt in Rostock über das Hülsenfrucht-, Konserven- oder Trockensortiment eines gewöhnlichen großen Rostocker Supermarkts."	"EASY"	"Spalterbsen: gewöhnlicher lokaler Bezugsweg über den Bereich »Spalterbsen«."	"OPTIONAL"	""	"TOBIAS_ROSTOCK_PROFILE"	"PROPOSED_FOR_HUMAN_REVIEW"
"SPRING_ONION"	"Frühlingszwiebel"	"APPLICABLE"	"Frühlingszwiebel mit mildem Zwiebelaroma; weißer und grüner Teil sind essbar."	"GENERAL_LOCAL"	"Katalogpfad Lauch- und Zwiebelgemüse → Gemüse. Warengruppe Gemüse oder Pilz, formrelevanter Prüfhinweis aus der vollständigen Definition: »weißer und grüner Teil sind essbar«. Regelweg in Bornheim über nahe Supermarktfilialen in Bornheim mit dem Bereich »Obst- und Gemüseabteilung«."	"EASY"	"Frühlingszwiebel: gewöhnlicher lokaler Bezugsweg über den Bereich »Obst- und Gemüseabteilung«."	"OPTIONAL"	""	"GENERAL_LOCAL"	"Die Rostocker Warenprüfung für „Frühlingszwiebel“ erfolgt über die Gemüseabteilung eines gewöhnlichen großen Rostocker Supermarkts."	"EASY"	"Frühlingszwiebel: gewöhnlicher lokaler Bezugsweg über den Bereich »Frühlingszwiebel«."	"OPTIONAL"	""	"TOBIAS_ROSTOCK_PROFILE"	"PROPOSED_FOR_HUMAN_REVIEW"
"SPROUTS"	"Sprossen"	"APPLICABLE"	"Offene Vorgabe für essbare junge Keimlinge; Pflanzenart, Größe und roh oder gegart bleiben wählbar."	"GENERAL_BROAD"	"Katalogpfad Gemüse. Warengruppe Gemüse oder Pilz, formrelevanter Prüfhinweis aus der vollständigen Definition: »Pflanzenart, Größe und roh oder gegart bleiben wählbar«. Allgemein planbarer, aber nicht lokal garantierter Weg über eine konkrete Vorbestellung oder Bestandsabfrage für Gemüse oder Pilz."	"PLANNED"	"Sprossen ist über eine konkrete Vorbestellung oder Bestandsabfrage für Gemüse oder Pilz im allgemeinen deutschen Handel planbar, lokal aber kein verlässlicher Standardartikel."	"OPTIONAL"	""	"GENERAL_BROAD"	"Der konkrete Bezug von „Sprossen“ läuft über gut sortierte Vollsortimenter und etablierte deutsche Gemüse- oder Frischehändler."	"PLANNED"	"Sprossen: Der konkrete Bezug von „Sprossen“ läuft über gut sortierte Vollsortimenter und etablierte deutsche Gemüse- oder Frischehändler."	"OPTIONAL"	""	"TOBIAS_ROSTOCK_PROFILE"	"PROPOSED_FOR_HUMAN_REVIEW"
"SQUID"	"Tintenfisch"	"APPLICABLE"	"Kalmar mit röhrenförmigem Mantel und Armen; kurz oder sehr lange garen, nicht Oktopus oder Sepia."	"GENERAL_BROAD"	"Katalogpfad Weichtiere → Fisch und Meeresfrüchte → wirbellose Tiere. Warengruppe Fisch oder Meeresfrucht, formrelevanter Prüfhinweis aus der vollständigen Definition: »kurz oder sehr lange garen, nicht Oktopus oder Sepia«. Allgemein planbarer, aber nicht lokal garantierter Weg über einen vorbereiteten Einkauf im gut sortierten Bereich »Fischkühlung, Fischtheke oder Tiefkühlabteilung«."	"PLANNED"	"Tintenfisch ist über einen vorbereiteten Einkauf im gut sortierten Bereich »Fischkühlung, Fischtheke oder Tiefkühlabteilung« im allgemeinen deutschen Handel planbar, lokal aber kein verlässlicher Standardartikel."	"OPTIONAL"	""	"GENERAL_BROAD"	"Die Beschaffung von „Tintenfisch“ erfolgt in Rostock über Vorbestellung an einer gut sortierten Supermarkt-Fischtheke oder etablierter bundesweiter Seafood-Versand."	"PLANNED"	"Tintenfisch: Die Beschaffung von „Tintenfisch“ erfolgt in Rostock über Vorbestellung an einer gut sortierten Supermarkt-Fischtheke oder etablierter bundesweiter Seafood-Versand."	"OPTIONAL"	""	"TOBIAS_ROSTOCK_PROFILE"	"PROPOSED_FOR_HUMAN_REVIEW"
"SRIRACHA"	"Sriracha"	"APPLICABLE"	"Glatte fermentierte oder gereifte Chilisauce nach Sriracha-Art mit Knoblauch, Säure und leichter Süße."	"GENERAL_BROAD"	"Katalogpfad Chilisauce oder -paste → fertige Sauce oder Würzpaste → Sauce, Würzmittel oder Paste. Warengruppe Sauce oder Würzpaste, formrelevanter Prüfhinweis aus der vollständigen Definition: »nach Sriracha-Art mit Knoblauch, Säure und leichter Süße«. Allgemein planbarer, aber nicht lokal garantierter Weg über eine gezielte Filial- oder Bestellprüfung für Sauce oder Würzpaste im allgemeinen deutschen Handel."	"PLANNED"	"Sriracha ist über eine gezielte Filial- oder Bestellprüfung für Sauce oder Würzpaste im allgemeinen deutschen Handel planbar, lokal aber kein verlässlicher Standardartikel."	"OPTIONAL"	""	"GENERAL_BROAD"	"Die Beschaffung von „Sriracha“ erfolgt in Rostock über gut sortierte Vollsortimenter und etablierte deutsche Feinkost- oder Würzsaucenhändler."	"PLANNED"	"Sriracha: Die Beschaffung von „Sriracha“ erfolgt in Rostock über gut sortierte Vollsortimenter und etablierte deutsche Feinkost- oder Würzsaucenhändler."	"OPTIONAL"	""	"TOBIAS_ROSTOCK_PROFILE"	"PROPOSED_FOR_HUMAN_REVIEW"
"STAR_ANISE"	"Sternanis"	"APPLICABLE"	"Sternförmige Frucht mit intensiv süßlichem Anisaroma; ganz oder gemahlen sparsam verwendbar."	"GENERAL_BROAD"	"Katalogpfad Gewürz oder trockenes Würzmittel. Warengruppe Gewürz, formrelevanter Prüfhinweis aus der vollständigen Definition: »ganz oder gemahlen sparsam verwendbar«. Allgemein planbarer, aber nicht lokal garantierter Weg über eine konkrete Vorbestellung oder Bestandsabfrage für Gewürz."	"PLANNED"	"Sternanis ist über eine konkrete Vorbestellung oder Bestandsabfrage für Gewürz im allgemeinen deutschen Handel planbar, lokal aber kein verlässlicher Standardartikel."	"OPTIONAL"	""	"GENERAL_BROAD"	"Tobias prüft „Sternanis“ in Rostock über gut sortierte Vollsortimenter und etablierte deutsche Gewürzhändler."	"PLANNED"	"Sternanis: Rostocker Bezugsweg über gut sortierte Vollsortimenter und etablierte deutsche Gewürzhändler."	"OPTIONAL"	""	"TOBIAS_ROSTOCK_PROFILE"	"PROPOSED_FOR_HUMAN_REVIEW"
"STARCH_BINDERS"	"Stärke oder Bindemittel"	"APPLICABLE"	"Offene Vorgabe für isolierte Stärke und andere neutrale Bindemittel; Rohstoff und Bindeeigenschaft bleiben offen."	"GENERAL_LOCAL"	"Katalogpfad stärkehaltige Zutat oder Sättigungsbeilage. Warengruppe Getreide- oder Stärkeware, formrelevanter Prüfhinweis aus der vollständigen Definition: »Rohstoff und Bindeeigenschaft bleiben offen«. Regelweg in Bornheim über nahe Supermarktfilialen in Bornheim mit dem Bereich »Reis-, Mehl-, Nudel- oder Trockenwarenregal«."	"EASY"	"Stärke oder Bindemittel: gewöhnlicher lokaler Bezugsweg über den Bereich »Reis-, Mehl-, Nudel- oder Trockenwarenregal«."	"OPTIONAL"	""	"GENERAL_LOCAL"	"Für „Stärke oder Bindemittel“ führt der Rostocker Marktweg über das Getreide-, Mehl-, Reis- oder Teigwarenregal eines gewöhnlichen großen Rostocker Supermarkts."	"EASY"	"Stärke oder Bindemittel: Rostocker Bezugsweg über das Getreide-, Mehl-, Reis- oder Teigwarenregal eines gewöhnlichen großen Rostocker Supermarkts."	"OPTIONAL"	""	"TOBIAS_ROSTOCK_PROFILE"	"PROPOSED_FOR_HUMAN_REVIEW"
"STARCHES"	"stärkehaltige Zutat oder Sättigungsbeilage"	"APPLICABLE"	"Offene Vorgabe für stärkeprägende Zutaten oder Sättigungsbeilagen; Getreide, Knolle und Produktform bleiben wählbar."	"GENERAL_LOCAL"	"Katalogpfad eigenständige Katalogwurzel. Warengruppe Getreide- oder Stärkeware, formrelevanter Prüfhinweis aus der vollständigen Definition: »Getreide, Knolle und Produktform bleiben wählbar«. Regelweg in Bornheim über den lokalen Supermarktbereich »Reis-, Mehl-, Nudel- oder Trockenwarenregal« in Bornheim."	"EASY"	"stärkehaltige Zutat oder Sättigungsbeilage: gewöhnlicher lokaler Bezugsweg über den Bereich »Reis-, Mehl-, Nudel- oder Trockenwarenregal«."	"OPTIONAL"	""	"GENERAL_LOCAL"	"Die Beschaffung von „stärkehaltige Zutat oder Sättigungsbeilage“ erfolgt in Rostock über das Getreide-, Mehl-, Reis- oder Teigwarenregal eines gewöhnlichen großen Rostocker Supermarkts."	"EASY"	"stärkehaltige Zutat oder Sättigungsbeilage: gewöhnlicher lokaler Bezugsweg über den Bereich »stärkehaltige Zutat oder Sättigungsbeilage«."	"OPTIONAL"	""	"TOBIAS_ROSTOCK_PROFILE"	"PROPOSED_FOR_HUMAN_REVIEW"
"STARFRUIT"	"Sternfrucht oder Karambole"	"APPLICABLE"	"Saftig-knackige Sternfrucht mit je nach Reife deutlich säuerlichem bis mild süßem Geschmack; roh, in Salaten oder als säuernde Frucht in warmen Gerichten verwendbar."	"GENERAL_BROAD"	"Katalogpfad Tropenfrucht → Obst. Warengruppe Obst, formrelevanter Prüfhinweis aus der vollständigen Definition: »roh, in Salaten oder als säuernde Frucht in warmen Gerichten verwendbar«. Allgemein planbarer, aber nicht lokal garantierter Weg über eine reguläre Onlinebestellung im allgemeinen Handel mit formgenauer Artikelsuche."	"PLANNED"	"Sternfrucht oder Karambole ist über eine reguläre Onlinebestellung im allgemeinen Handel mit formgenauer Artikelsuche im allgemeinen deutschen Handel planbar, lokal aber kein verlässlicher Standardartikel."	"OPTIONAL"	""	"GENERAL_BROAD"	"Tobias sucht „Sternfrucht oder Karambole“ in Rostock über gut sortierte Vollsortimenter und etablierte deutsche Frucht- oder Frischehändler gesucht."	"PLANNED"	"Sternfrucht oder Karambole: Tobias sucht „Sternfrucht oder Karambole“ in Rostock über gut sortierte Vollsortimenter und etablierte deutsche Frucht- oder Frischehändler gesucht."	"OPTIONAL"	""	"TOBIAS_ROSTOCK_PROFILE"	"PROPOSED_FOR_HUMAN_REVIEW"
"STEM_VEGETABLES"	"Stängelgemüse"	"APPLICABLE"	"Offene Vorgabe für Gemüse mit kulinarisch prägendem Stiel, Spross oder verdickter Sprossachse."	"GENERAL_LOCAL"	"Katalogpfad Gemüse. Warengruppe Gemüse oder Pilz, formrelevanter Prüfhinweis aus der vollständigen Definition: »mit kulinarisch prägendem Stiel, Spross oder verdickter Sprossachse«. Regelweg in Bornheim über die gewöhnliche Bornheimer Auslage »Obst- und Gemüseabteilung«."	"EASY"	"Stängelgemüse: gewöhnlicher lokaler Bezugsweg über den Bereich »Obst- und Gemüseabteilung«."	"OPTIONAL"	""	"GENERAL_LOCAL"	"Tobias prüft „Stängelgemüse“ in Rostock über die Gemüseabteilung eines gewöhnlichen großen Rostocker Supermarkts."	"EASY"	"Stängelgemüse: Rostocker Bezugsweg über die Gemüseabteilung eines gewöhnlichen großen Rostocker Supermarkts."	"OPTIONAL"	""	"RATING_RECONCILED_V2|TOBIAS_ROSTOCK_PROFILE"	"PROPOSED_FOR_HUMAN_REVIEW"
"STICKY_RICE"	"Klebreis"	"APPLICABLE"	"Klebreis mit hohem Amylopektinanteil und stark haftender Textur; weiß, schwarz oder violett möglich, nicht Sushireis."	"SPECIALTY_BROAD"	"Katalogpfad Reis → Getreide oder Pseudogetreide → stärkehaltige Zutat oder Sättigungsbeilage. Warengruppe Getreide- oder Stärkeware, formrelevanter Prüfhinweis aus der vollständigen Definition: »weiß, schwarz oder violett möglich, nicht Sushireis«. Breiter einschlägiger Spezialmarkt über die voneinander unabhängigen Händler Asiafoodland – sticky rice range sowie Asia4Friends – sticky rice range."	"SPECIALTY"	"Klebreis ist im einschlägigen Spezialmarkt breit etabliert; dokumentierte reguläre Wege sind die voneinander unabhängigen Händler Asiafoodland – sticky rice range sowie Asia4Friends – sticky rice range."	"REQUIRED"	"AV2N-N-0177|AV2N-N-0178"	"SPECIALTY_BROAD"	"Tobias prüft „Klebreis“ in Rostock über Asia4Friends – sticky rice range und Asiafoodland – sticky rice range, wobei die Evidenz ein dokumentiertes laufendes Angebot und Standardversand ausweist."	"SPECIALTY"	"Klebreis: Rostocker Bezugsweg über Asia4Friends – sticky rice range und Asiafoodland – sticky rice range; dokumentiert sind ein dokumentiertes laufendes Angebot und Standardversand."	"REQUIRED"	"AV2N-N-0179|AV2N-N-0180"	"EVIDENCE_REQUIRED|RESEARCH_REQUIRED|SPECIALTY_MARKET_BREADTH|TOBIAS_ROSTOCK_PROFILE"	"PROPOSED_FOR_HUMAN_REVIEW"
"STINKY_TOFU"	"Stinky Tofu"	"APPLICABLE"	"Intensiv fermentierter Tofu ostasiatischer Art mit markantem Geruch; Produktform und spätere Garung bleiben offen."	"NICHE_IMPORT"	"Katalogpfad fermentierter Tofu → fermentierte Würzzutat → Tofu → Sauce, Würzmittel oder Paste. Warengruppe pflanzliches Proteinprodukt, formrelevanter Prüfhinweis aus der vollständigen Definition: »Produktform und spätere Garung bleiben offen«. Nur der schmale Händlerweg über Bick Shop – Wangzhihe stinky tofu 330 g ist positiv belegt; Importbeschränkung begrenzt Form, Bestand oder Logistik."	"DIFFICULT"	"Stinky Tofu: Nur der schmale Händlerweg über Bick Shop – Wangzhihe stinky tofu 330 g ist positiv belegt; Importbeschränkung begrenzt Form, Bestand oder Logistik."	"REQUIRED"	"AV2N-N-0181"	"NICHE_IMPORT"	"Tobias prüft „Stinky Tofu“ in Rostock über Bick Shop – Wangzhihe stinky tofu 330 g, wobei die Evidenz eine vor dem Einkauf erneut zu prüfende Verfügbarkeit und Importbeschränkungen ausweist."	"DIFFICULT"	"Stinky Tofu: Rostocker Bezugsweg über Bick Shop – Wangzhihe stinky tofu 330 g; dokumentiert sind eine vor dem Einkauf erneut zu prüfende Verfügbarkeit und Importbeschränkungen."	"REQUIRED"	"AV2N-N-0182"	"EVIDENCE_REQUIRED|FORM_OR_LOGISTICS_RISK|FORM_OR_ROUTE_FRAGILE|RESEARCH_REQUIRED|TOBIAS_ROSTOCK_PROFILE"	"PROPOSED_FOR_HUMAN_REVIEW"
"STOCKFISH"	"Stockfisch"	"APPLICABLE"	"Ungesalzener, luftgetrockneter Fisch, typischerweise Kabeljau; nicht mit gesalzenem und getrocknetem Klippfisch gleichsetzen."	"NICHE_IMPORT"	"Katalogpfad Kabeljau → getrockneter Fisch → weißfleischiger Fisch → konservierter Fisch. Warengruppe konservierter Fisch, formrelevanter Prüfhinweis aus der vollständigen Definition: »nicht mit gesalzenem und getrocknetem Klippfisch gleichsetzen«. Der v2-Anker hält den Engpass fest: Wenige norwegisch/afrikanisch/adria-spezialisierte Wege und hohe Verwechslungsgefahr mit gesalzenem Klippfisch/Bacalhau."	"DIFFICULT"	"Stockfisch: Wenige norwegisch/afrikanisch/adria-spezialisierte Wege und hohe Verwechslungsgefahr mit gesalzenem Klippfisch/Bacalhau."	"REQUIRED"	"AV2E-081"	"NICHE_IMPORT"	"Stockfisch: Wenige norwegisch/afrikanisch/adria-spezialisierte Wege und hohe Verwechslungsgefahr mit gesalzenem Klippfisch/Bacalhau."	"DIFFICULT"	"Stockfisch: Wenige norwegisch/afrikanisch/adria-spezialisierte Wege und hohe Verwechslungsgefahr mit gesalzenem Klippfisch/Bacalhau."	"REQUIRED"	"AV2E-081"	"EVIDENCE_REQUIRED|FORM_OR_LOGISTICS_RISK|FORM_OR_ROUTE_FRAGILE|REFERENCE_ANCHOR|REFERENCE_ANCHOR_V2|RESEARCH_REQUIRED|TOBIAS_ROSTOCK_PROFILE"	"RATING_APPROVED_NOTE_PROPOSED_REFERENCE_ANCHOR_V2"
"STOCKS"	"Brühe oder Fond"	"APPLICABLE"	"Offene Vorgabe für Brühe oder Fond als aromatische Flüssigkeitsbasis; tierische, pflanzliche und pilzbasierte Formen sind möglich."	"GENERAL_LOCAL"	"Katalogpfad eigenständige Katalogwurzel. Warengruppe Brühe oder Fond, formrelevanter Prüfhinweis aus der vollständigen Definition: »tierische, pflanzliche und pilzbasierte Formen sind möglich«. Regelweg in Bornheim über das örtliche Sortiment »Brühen-, Fond- und Suppenregal« beim Wocheneinkauf in Bornheim."	"EASY"	"Brühe oder Fond: gewöhnlicher lokaler Bezugsweg über den Bereich »Brühen-, Fond- und Suppenregal«."	"OPTIONAL"	""	"GENERAL_LOCAL"	"Für „Brühe oder Fond“ führt der Rostocker Marktweg über das Brühen-, Fonds- oder Suppenregal eines gewöhnlichen großen Rostocker Supermarkts."	"EASY"	"Brühe oder Fond: Rostocker Bezugsweg über das Brühen-, Fonds- oder Suppenregal eines gewöhnlichen großen Rostocker Supermarkts."	"OPTIONAL"	""	"TOBIAS_ROSTOCK_PROFILE"	"PROPOSED_FOR_HUMAN_REVIEW"
"STONE_FRUIT"	"Steinobst"	"APPLICABLE"	"Offene Vorgabe für Steinobst mit einem zentralen harten Kern; Art, Süße und Reifegrad bleiben wählbar."	"GENERAL_LOCAL"	"Katalogpfad Obst. Warengruppe Obst, formrelevanter Prüfhinweis aus der vollständigen Definition: »Art, Süße und Reifegrad bleiben wählbar«. Regelweg in Bornheim über nahe Supermarktfilialen in Bornheim mit dem Bereich »Obst- und Gemüseabteilung«."	"EASY"	"Steinobst: gewöhnlicher lokaler Bezugsweg über den Bereich »Obst- und Gemüseabteilung«."	"OPTIONAL"	""	"GENERAL_LOCAL"	"Die Rostocker Warenprüfung für „Steinobst“ erfolgt über die Obstabteilung eines gewöhnlichen großen Rostocker Supermarkts."	"EASY"	"Steinobst: gewöhnlicher lokaler Bezugsweg über den Bereich »Steinobst«."	"OPTIONAL"	""	"TOBIAS_ROSTOCK_PROFILE"	"PROPOSED_FOR_HUMAN_REVIEW"
"STRAWBERRY"	"Erdbeere"	"APPLICABLE"	"Erdbeere mit süß-säuerlichem, aromatischem Fruchtfleisch; frisch oder ungesüßt tiefgekühlt verwendbar."	"GENERAL_LOCAL"	"Katalogpfad Beeren → Obst. Warengruppe Obst, formrelevanter Prüfhinweis aus der vollständigen Definition: »frisch oder ungesüßt tiefgekühlt verwendbar«. Regelweg in Bornheim über den regulären Bornheimer Regalweg »Obst- und Gemüseabteilung«."	"EASY"	"Erdbeere: gewöhnlicher lokaler Bezugsweg über den Bereich »Obst- und Gemüseabteilung«."	"OPTIONAL"	""	"GENERAL_LOCAL"	"Tobias prüft „Erdbeere“ in Rostock über den Obst- oder Tiefkühlobstbereich eines gewöhnlichen großen Rostocker Supermarkts."	"EASY"	"Erdbeere: Rostocker Bezugsweg über den Obst- oder Tiefkühlobstbereich eines gewöhnlichen großen Rostocker Supermarkts."	"OPTIONAL"	""	"FORM_SENSITIVE|TOBIAS_ROSTOCK_PROFILE"	"PROPOSED_FOR_HUMAN_REVIEW"
"STROOPWAFEL"	"Stroopwafel"	"APPLICABLE"	"Zwei dünne Waffeln mit süßer Sirup- oder Karamellfüllung; gemeint ist die fertige Süßware, nicht eine allgemeine Waffel oder der Sirup allein."	"GENERAL_BROAD"	"Katalogpfad Süßware → Waffel → Backware. Warengruppe Back- oder Brotwaren, formrelevanter Prüfhinweis aus der vollständigen Definition: »gemeint ist die fertige Süßware, nicht eine allgemeine Waffel oder der Sirup allein«. Allgemein planbarer, aber nicht lokal garantierter Weg über eine gezielte Filial- oder Bestellprüfung für Back- oder Brotwaren im allgemeinen deutschen Handel."	"PLANNED"	"Stroopwafel ist über eine gezielte Filial- oder Bestellprüfung für Back- oder Brotwaren im allgemeinen deutschen Handel planbar, lokal aber kein verlässlicher Standardartikel."	"OPTIONAL"	""	"GENERAL_BROAD"	"Beim Einkauf von „Stroopwafel“ nutzt Tobias gut sortierte Vollsortimenter und etablierte deutsche Back- oder Süßwarenhändler."	"PLANNED"	"Stroopwafel: Beim Einkauf von „Stroopwafel“ nutzt Tobias gut sortierte Vollsortimenter und etablierte deutsche Back- oder Süßwarenhändler."	"OPTIONAL"	""	"TOBIAS_ROSTOCK_PROFILE"	"PROPOSED_FOR_HUMAN_REVIEW"
"SUGAR_SNAP_PEAS"	"Zuckerschoten"	"APPLICABLE"	"Zuckerschoten mit essbarer knackiger Hülse und süßen jungen Erbsen; nicht ausgelöste grüne Erbsen."	"GENERAL_LOCAL"	"Katalogpfad Erbsen → Hülsen- und Schotengemüse → Hülsenfrüchte → Gemüse. Warengruppe Gemüse oder Pilz, formrelevanter Prüfhinweis aus der vollständigen Definition: »nicht ausgelöste grüne Erbsen«. Regelweg in Bornheim über den Bereich »Obst- und Gemüseabteilung« eines gewöhnlichen Bornheimer Vollsortimenters."	"EASY"	"Zuckerschoten: gewöhnlicher lokaler Bezugsweg über den Bereich »Obst- und Gemüseabteilung«."	"OPTIONAL"	""	"GENERAL_LOCAL"	"Für „Zuckerschoten“ führt der Rostocker Marktweg über die Gemüseabteilung eines gewöhnlichen großen Rostocker Supermarkts."	"EASY"	"Zuckerschoten: Rostocker Bezugsweg über die Gemüseabteilung eines gewöhnlichen großen Rostocker Supermarkts."	"OPTIONAL"	""	"RATING_RECONCILED_V2|TOBIAS_ROSTOCK_PROFILE"	"PROPOSED_FOR_HUMAN_REVIEW"
"SUGARCANE_VINEGAR"	"Zuckerrohressig"	"APPLICABLE"	"Natürlich fermentierter Essig auf Basis von Zuckerrohr beziehungsweise Zuckerrohrsaft. Gemeint ist die generische Essigart; nicht auf Sukang Iloko oder eine bestimmte Marke beschränkt."	"SPECIALTY_BROAD"	"Katalogpfad Essig. Warengruppe Speiseessig, formrelevanter Prüfhinweis aus der vollständigen Definition: »nicht auf Sukang Iloko oder eine bestimmte Marke beschränkt«. Breiter einschlägiger Spezialmarkt über die voneinander unabhängigen Händler Village Foods – Silver Swan cane vinegar sowie Pilipino Business – Datu Puti cane vinegar 750 ml."	"SPECIALTY"	"Zuckerrohressig ist im einschlägigen Spezialmarkt breit etabliert; dokumentierte reguläre Wege sind die voneinander unabhängigen Händler Village Foods – Silver Swan cane vinegar sowie Pilipino Business – Datu Puti cane vinegar 750 ml."	"REQUIRED"	"AV2N-N-0183|AV2N-N-0184"	"SPECIALTY_BROAD"	"Tobias prüft „Zuckerrohressig“ in Rostock über Pilipino Business – Datu Puti cane vinegar 750 ml und Village Foods – Silver Swan cane vinegar, wobei die Evidenz eine vor dem Einkauf erneut zu prüfende Verfügbarkeit und Standardversand ausweist."	"SPECIALTY"	"Zuckerrohressig: Rostocker Bezugsweg über Pilipino Business – Datu Puti cane vinegar 750 ml und Village Foods – Silver Swan cane vinegar; dokumentiert sind eine vor dem Einkauf erneut zu prüfende Verfügbarkeit und Standardversand."	"REQUIRED"	"AV2N-N-0185|AV2N-N-0186"	"EVIDENCE_REQUIRED|FORM_OR_LOGISTICS_RISK|RATING_RECONCILED_V2|RESEARCH_REQUIRED|TOBIAS_ROSTOCK_PROFILE"	"PROPOSED_FOR_HUMAN_REVIEW"
"SUMAC"	"Sumach"	"APPLICABLE"	"Getrocknete gemahlene Sumachfrüchte mit fruchtig-zitroniger Säure; nicht giftiger Zier-Sumach."	"GENERAL_BROAD"	"Katalogpfad Gewürz oder trockenes Würzmittel. Warengruppe Gewürz, formrelevanter Prüfhinweis aus der vollständigen Definition: »nicht giftiger Zier-Sumach«. Für Georgias Bornheim-Profil besteht ein konkreter regionaler Weg über türkische oder arabische Gewürzsortimente; persönliche Erfahrung allein macht ihn nicht EASY."	"PLANNED"	"Sumach: Konkreter regionaler Fachmarktweg für Georgia; Tobias benötigt einschlägigen Spezialhandel. Persönliche Erfahrung macht die Quelle nicht zu EASY."	"REQUIRED"	"AV2E-034"	"SPECIALTY_BROAD"	"Sumach: Türkische und levantinische Gewürz-Fachsortimente führen getrocknete gemahlene Sumachfrüchte markenübergreifend; der breite Spezialhandel trägt diese zitronig-saure Würzform."	"SPECIALTY"	"Sumach: Konkreter regionaler Fachmarktweg für Georgia; Tobias benötigt einschlägigen Spezialhandel. Persönliche Erfahrung macht die Quelle nicht zu EASY."	"REQUIRED"	"AV2E-035"	"PERSON_DIFFERENCE|REFERENCE_ANCHOR|REFERENCE_ANCHOR_V2|RESEARCH_REQUIRED|SPECIALTY_MARKET_BREADTH|TOBIAS_ROSTOCK_PROFILE"	"RATING_APPROVED_NOTE_PROPOSED_REFERENCE_ANCHOR_V2"
"SUN_DRIED_TOMATO"	"getrocknete Tomaten"	"APPLICABLE"	"Durch Trocknung konzentrierte Tomaten mit süß-säuerlichem Umami; trocken oder in Öl eingelegt verwendbar."	"GENERAL_LOCAL"	"Katalogpfad Tomate → Tomatenprodukt → Fruchtgemüse → Gemüse. Warengruppe konservierte Pflanzenware, formrelevanter Prüfhinweis aus der vollständigen Definition: »trocken oder in Öl eingelegt verwendbar«. Regelweg in Bornheim über den regulären Bornheimer Regalweg »Konserven-, Glas- oder internationales Feinkostregal«."	"EASY"	"getrocknete Tomaten: gewöhnlicher lokaler Bezugsweg über den Bereich »Konserven-, Glas- oder internationales Feinkostregal«."	"OPTIONAL"	""	"GENERAL_LOCAL"	"Der konkrete Bezug von „getrocknete Tomaten“ läuft über das Saucen-, Essig- oder Feinkostregal eines gewöhnlichen großen Rostocker Supermarkts."	"EASY"	"getrocknete Tomaten: gewöhnlicher lokaler Bezugsweg über den Bereich »getrocknete Tomaten«."	"OPTIONAL"	""	"TOBIAS_ROSTOCK_PROFILE"	"PROPOSED_FOR_HUMAN_REVIEW"
"SUNFLOWER_SEEDS"	"Sonnenblumenkerne"	"APPLICABLE"	"Sonnenblumenkerne mit mild-nussigem Geschmack; geschält, roh oder geröstet verwendbar."	"GENERAL_LOCAL"	"Katalogpfad Kerne und Samen. Warengruppe Nuss, Saat oder Mus, formrelevanter Prüfhinweis aus der vollständigen Definition: »geschält, roh oder geröstet verwendbar«. Regelweg in Bornheim über nahe Supermarktfilialen in Bornheim mit dem Bereich »Nuss-, Saaten- oder Nussmusregal«."	"EASY"	"Sonnenblumenkerne: gewöhnlicher lokaler Bezugsweg über den Bereich »Nuss-, Saaten- oder Nussmusregal«."	"OPTIONAL"	""	"GENERAL_LOCAL"	"Die Rostocker Warenprüfung für „Sonnenblumenkerne“ erfolgt über das Nuss-, Saaten-, Back- oder Brotaufstrichregal eines gewöhnlichen großen Rostocker Supermarkts."	"EASY"	"Sonnenblumenkerne: gewöhnlicher lokaler Bezugsweg über den Bereich »Sonnenblumenkerne«."	"OPTIONAL"	""	"TOBIAS_ROSTOCK_PROFILE"	"PROPOSED_FOR_HUMAN_REVIEW"
"SURIMI"	"Surimi"	"APPLICABLE"	"Gegartes geformtes Fischmusprodukt, häufig als Krebsfleischimitat; nicht echtes Krabbenfleisch."	"GENERAL_LOCAL"	"Katalogpfad Fisch → Fisch und Meeresfrüchte. Warengruppe Fisch oder Meeresfrucht, formrelevanter Prüfhinweis aus der vollständigen Definition: »nicht echtes Krabbenfleisch«. Regelweg in Bornheim über nahe Supermarktfilialen in Bornheim mit dem Bereich »Fischkühlung, Fischtheke oder Tiefkühlabteilung«."	"EASY"	"Surimi: gewöhnlicher lokaler Bezugsweg über den Bereich »Fischkühlung, Fischtheke oder Tiefkühlabteilung«."	"OPTIONAL"	""	"GENERAL_LOCAL"	"Tobias prüft „Surimi“ in Rostock über die Fischkühlung, Tiefkühltruhe oder Fischtheke eines gewöhnlichen großen Rostocker Supermarkts."	"EASY"	"Surimi: Rostocker Bezugsweg über die Fischkühlung, Tiefkühltruhe oder Fischtheke eines gewöhnlichen großen Rostocker Supermarkts."	"OPTIONAL"	""	"TOBIAS_ROSTOCK_PROFILE"	"PROPOSED_FOR_HUMAN_REVIEW"
"SUSHI_RICE"	"Sushireis"	"APPLICABLE"	"Japanischer Rundkornreis mit haftender Textur, üblicherweise nach dem Garen gewürzt; nicht beliebiger Klebreis."	"GENERAL_BROAD"	"Katalogpfad Reis → Getreide oder Pseudogetreide → stärkehaltige Zutat oder Sättigungsbeilage. Warengruppe Getreide- oder Stärkeware, formrelevanter Prüfhinweis aus der vollständigen Definition: »nicht beliebiger Klebreis«. Allgemein planbarer, aber nicht lokal garantierter Weg über eine reguläre Onlinebestellung im allgemeinen Handel mit formgenauer Artikelsuche."	"PLANNED"	"Sushireis: In gut sortierten allgemeinen Märkten und im breiten Onlinehandel robust erhältlich jedoch nicht zwingend lokaler Standard."	"OPTIONAL"	"AV2E-025"	"GENERAL_BROAD"	"Sushireis: In gut sortierten allgemeinen Märkten und im breiten Onlinehandel robust erhältlich jedoch nicht zwingend lokaler Standard."	"PLANNED"	"Sushireis: In gut sortierten allgemeinen Märkten und im breiten Onlinehandel robust erhältlich jedoch nicht zwingend lokaler Standard."	"REQUIRED"	"AV2E-025"	"REFERENCE_ANCHOR|REFERENCE_ANCHOR_V2|RESEARCH_REQUIRED|TOBIAS_ROSTOCK_PROFILE"	"RATING_APPROVED_NOTE_PROPOSED_REFERENCE_ANCHOR_V2"
"SWEET_PAPRIKA_POWDER"	"Paprikapulver edelsüß"	"APPLICABLE"	"Mildes süßlich-fruchtiges Paprikapulver ohne prägende Schärfe oder Räucherung."	"GENERAL_LOCAL"	"Katalogpfad Paprikapulver → Gewürz oder trockenes Würzmittel. Warengruppe Gewürz, formrelevanter Prüfhinweis aus der vollständigen Definition: »süßlich-fruchtiges Paprikapulver ohne prägende Schärfe oder Räucherung«. Regelweg in Bornheim über den regulären Bornheimer Regalweg »Gewürz- und Trockenwürzregal«."	"EASY"	"Paprikapulver edelsüß: gewöhnlicher lokaler Bezugsweg über den Bereich »Gewürz- und Trockenwürzregal«."	"OPTIONAL"	""	"GENERAL_LOCAL"	"Tobias prüft „Paprikapulver edelsüß“ in Rostock über das Gewürz- oder Backregal eines gewöhnlichen großen Rostocker Supermarkts."	"EASY"	"Paprikapulver edelsüß: Rostocker Bezugsweg über das Gewürz- oder Backregal eines gewöhnlichen großen Rostocker Supermarkts."	"OPTIONAL"	""	"TOBIAS_ROSTOCK_PROFILE"	"PROPOSED_FOR_HUMAN_REVIEW"
"SWEET_POTATO"	"Süßkartoffel"	"APPLICABLE"	"Stärkereiche Süßkartoffelknolle mit süßlichem Geschmack; orange, violette und helle Sorten sind umfasst, nicht Yams."	"GENERAL_LOCAL"	"Katalogpfad Wurzel- und Knollengemüse → stärkehaltige Zutat oder Sättigungsbeilage → Gemüse. Warengruppe Gemüse oder Pilz, formrelevanter Prüfhinweis aus der vollständigen Definition: »orange, violette und helle Sorten sind umfasst, nicht Yams«. Regelweg in Bornheim über die gewöhnliche Bornheimer Auslage »Obst- und Gemüseabteilung«."	"EASY"	"Süßkartoffel: gewöhnlicher lokaler Bezugsweg über den Bereich »Obst- und Gemüseabteilung«."	"OPTIONAL"	""	"GENERAL_LOCAL"	"Die Beschaffung von „Süßkartoffel“ erfolgt in Rostock über die Gemüseabteilung eines gewöhnlichen großen Rostocker Supermarkts."	"EASY"	"Süßkartoffel: gewöhnlicher lokaler Bezugsweg über den Bereich »Süßkartoffel«."	"OPTIONAL"	""	"TOBIAS_ROSTOCK_PROFILE"	"PROPOSED_FOR_HUMAN_REVIEW"
"SWEETENERS"	"Süßungsmittel"	"APPLICABLE"	"Offene Vorgabe für Zucker, Sirupe, Honig und andere kulinarische Süßungsmittel; Form und Eigengeschmack bleiben offen."	"GENERAL_LOCAL"	"Katalogpfad eigenständige Katalogwurzel. Warengruppe Zucker, Sirup oder Honig, formrelevanter Prüfhinweis aus der vollständigen Definition: »Form und Eigengeschmack bleiben offen«. Regelweg in Bornheim über die gewöhnliche Bornheimer Auslage »Zucker-, Sirup-, Honig- oder Backzutatenregal«."	"EASY"	"Die offene Süßungsmittelfamilie wird durch gewöhnliche Zucker-, Sirup- und Honigsortimente im lokalen Supermarkt abgedeckt."	"OPTIONAL"	""	"GENERAL_LOCAL"	"Süßungsmittel: Zucker-, Sirup-, Honig- und Backregale gewöhnlicher großer Rostocker Supermärkte decken die offene Familie kulinarischer Süßungsmittel ab; Form und Eigengeschmack bleiben wählbar."	"EASY"	"Die offene Süßungsmittelfamilie wird durch gewöhnliche Zucker-, Sirup- und Honigsortimente im lokalen Supermarkt abgedeckt."	"OPTIONAL"	""	"TOBIAS_ROSTOCK_PROFILE"	"PROPOSED_FOR_HUMAN_REVIEW"
"SWORDFISH"	"Schwertfisch"	"APPLICABLE"	"Schwertfisch mit festem, fleischigem und eher magerem Fischfleisch; meist als Steak oder Filet verwendet."	"GENERAL_BROAD"	"Send a Fish – frisches Schwertfischfilet belegt: Send a Fish bietet frisches vakuumiertes Schwertfischfilet der Art Xiphias gladius in etwa 250-Gramm-Portionen mit Liefer- oder Wunschdatum an. Der Bezug erfolgt über Deutschland, Österreich und Niederlande; gekühlter GO!-Express über Nacht zum Wunschtermin; maßgeblich ist CHILLED_SHIPPING. Frischware soll unter zwei Grad Celsius binnen drei Tagen verbraucht werden; Fang- und Lieferbestand bleiben veränderlich."	"PLANNED"	"Schwertfisch: Send a Fish bietet frisches vakuumiertes Schwertfischfilet der Art Xiphias gladius in etwa 250-Gramm-Portionen mit Liefer- oder Wunschdatum an."	"REQUIRED"	"AV2N-N-0187"	"GENERAL_BROAD"	"Send a Fish – frisches Schwertfischfilet belegt: Send a Fish bietet frisches vakuumiertes Schwertfischfilet der Art Xiphias gladius in etwa 250-Gramm-Portionen mit Liefer- oder Wunschdatum an. Der Bezug erfolgt über Deutschland, Österreich und Niederlande; gekühlter GO!-Express über Nacht zum Wunschtermin; maßgeblich ist CHILLED_SHIPPING. Frischware soll unter zwei Grad Celsius binnen drei Tagen verbraucht werden; Fang- und Lieferbestand bleiben veränderlich."	"PLANNED"	"Schwertfisch: Send a Fish bietet frisches vakuumiertes Schwertfischfilet der Art Xiphias gladius in etwa 250-Gramm-Portionen mit Liefer- oder Wunschdatum an."	"REQUIRED"	"AV2N-N-0188"	"BORDERLINE_PLANNED|EVIDENCE_REQUIRED|RESEARCH_REQUIRED|TOBIAS_ROSTOCK_PROFILE"	"PROPOSED_FOR_HUMAN_REVIEW"
"SYRUP"	"Sirup"	"APPLICABLE"	"Offene Familie dick- oder dünnflüssiger konzentrierter Sirupe zur Süßung oder Würzung. Umfasst pflanzen- und fruchtbasierte Sirupe sowie vergleichbare konzentrierte Fruchtsirupe; nicht jedes flüssige Süßungsmittel ist automatisch ein Sirup."	"GENERAL_LOCAL"	"Katalogpfad Süßungsmittel. Warengruppe Süßungs- oder Kakaoware, formrelevanter Prüfhinweis aus der vollständigen Definition: »nicht jedes flüssige Süßungsmittel ist automatisch ein Sirup«. Regelweg in Bornheim über das örtliche Sortiment »Backzutaten-, Süßwaren- oder Kakaoregal« beim Wocheneinkauf in Bornheim."	"EASY"	"Sirup: gewöhnlicher lokaler Bezugsweg über den Bereich »Backzutaten-, Süßwaren- oder Kakaoregal«."	"OPTIONAL"	""	"GENERAL_LOCAL"	"Tobias sucht „Sirup“ in Rostock über das Back-, Süßwaren- oder Brotregal eines gewöhnlichen großen Rostocker Supermarkts gesucht."	"EASY"	"Sirup: gewöhnlicher lokaler Bezugsweg über den Bereich »Sirup«."	"OPTIONAL"	""	"TOBIAS_ROSTOCK_PROFILE"	"PROPOSED_FOR_HUMAN_REVIEW"
"TABLEA"	"Tablea oder Tableya"	"APPLICABLE"	"Philippinische gepresste beziehungsweise geformte Kakaomasse aus gerösteten und gemahlenen Kakaobohnen, traditionell insbesondere für Tsokolate. Gemeint ist reine oder nur gering gesüßte Tablea; nicht Kakaopulver oder gewöhnliche Tafelschokolade."	"NICHE_IMPORT"	"Katalogpfad Kakao oder Schokolade. Warengruppe Süßungs- oder Kakaoware, formrelevanter Prüfhinweis aus der vollständigen Definition: »nicht Kakaopulver oder gewöhnliche Tafelschokolade«. Nur der schmale Händlerweg über Filipino Asian Store – Tablea Batirol 200 g ist positiv belegt; Importbeschränkung begrenzt Form, Bestand oder Logistik."	"DIFFICULT"	"Tablea oder Tableya: Nur der schmale Händlerweg über Filipino Asian Store – Tablea Batirol 200 g ist positiv belegt; Importbeschränkung begrenzt Form, Bestand oder Logistik."	"REQUIRED"	"AV2N-N-0189"	"NICHE_IMPORT"	"Tobias prüft „Tablea oder Tableya“ in Rostock über Filipino Asian Store – Tablea Batirol 200 g, wobei die Evidenz eine vor dem Einkauf erneut zu prüfende Verfügbarkeit und Importbeschränkungen ausweist."	"DIFFICULT"	"Tablea oder Tableya: Rostocker Bezugsweg über Filipino Asian Store – Tablea Batirol 200 g; dokumentiert sind eine vor dem Einkauf erneut zu prüfende Verfügbarkeit und Importbeschränkungen."	"REQUIRED"	"AV2N-N-0190"	"EVIDENCE_REQUIRED|FORM_OR_LOGISTICS_RISK|FORM_OR_ROUTE_FRAGILE|RESEARCH_REQUIRED|TOBIAS_ROSTOCK_PROFILE"	"PROPOSED_FOR_HUMAN_REVIEW"
"TAHINI"	"Tahini"	"APPLICABLE"	"Fein vermahlene Sesampaste, meist aus geschältem und geröstetem oder ungeröstetem Sesam; nicht fertige Tahinisauce."	"GENERAL_LOCAL"	"Katalogpfad Nuss- oder Samenpaste → Sesam → Sauce, Würzmittel oder Paste → Kerne und Samen. Warengruppe Nuss- oder Saatenpaste, formrelevanter Prüfhinweis aus der vollständigen Definition: »nicht fertige Tahinisauce«. Regelweg in Bornheim über den lokalen Supermarktbereich »Aufstrich-, Nussmus- oder Feinkostregal« in Bornheim."	"EASY"	"Tahini: gewöhnlicher lokaler Bezugsweg über den Bereich »Aufstrich-, Nussmus- oder Feinkostregal«."	"OPTIONAL"	""	"GENERAL_LOCAL"	"Tobias prüft „Tahini“ in Rostock über das Nuss-, Saaten-, Back- oder Brotaufstrichregal eines gewöhnlichen großen Rostocker Supermarkts."	"EASY"	"Tahini: Rostocker Bezugsweg über das Nuss-, Saaten-, Back- oder Brotaufstrichregal eines gewöhnlichen großen Rostocker Supermarkts."	"OPTIONAL"	""	"RATING_RECONCILED_V2|TOBIAS_ROSTOCK_PROFILE"	"PROPOSED_FOR_HUMAN_REVIEW"
"TAI_PLA"	"Tai Pla"	"APPLICABLE"	"Sehr intensive südthailändische Würze aus salzfermentierten Fischinnereien, vor allem als Basis für Kaeng Tai Pla. Nicht Fischsauce, Pla Ra oder bloß rohe Fischinnereien."	"NICHE_IMPORT"	"Katalogpfad fermentierte Würzzutat → fertige Sauce oder Würzpaste → Sauce, Würzmittel oder Paste. Warengruppe Sauce oder Würzpaste, formrelevanter Prüfhinweis aus der vollständigen Definition: »Nicht Fischsauce, Pla Ra oder bloß rohe Fischinnereien«. Der v2-Anker hält den Engpass fest: Sehr enge südthailändische Würze wenige oder uneindeutige Importwege andere Fischwürzen zählen nicht."	"DIFFICULT"	"Tai Pla: Sehr enge südthailändische Würze; wenige oder uneindeutige Importwege andere Fischwürzen zählen nicht."	"REQUIRED"	"AV2E-090"	"NICHE_IMPORT"	"Tai Pla: Sehr enge südthailändische Würze; wenige oder uneindeutige Importwege andere Fischwürzen zählen nicht."	"DIFFICULT"	"Tai Pla: Sehr enge südthailändische Würze; wenige oder uneindeutige Importwege andere Fischwürzen zählen nicht."	"REQUIRED"	"AV2E-090"	"EVIDENCE_REQUIRED|FORM_OR_LOGISTICS_RISK|FORM_OR_ROUTE_FRAGILE|REFERENCE_ANCHOR|REFERENCE_ANCHOR_V2|RESEARCH_REQUIRED|TOBIAS_ROSTOCK_PROFILE"	"RATING_APPROVED_NOTE_PROPOSED_REFERENCE_ANCHOR_V2"
"TAMARI"	"Tamari"	"APPLICABLE"	"Japanische Sojasauce mit hohem Soja- und meist geringem oder keinem Weizenanteil; kräftig und umamireich."	"GENERAL_BROAD"	"Katalogpfad Sojasauce → fermentierte Würzzutat → fertige Sauce oder Würzpaste → Sauce, Würzmittel oder Paste. Warengruppe Sauce oder Würzpaste, formrelevanter Prüfhinweis aus der vollständigen Definition: »kräftig und umamireich«. Allgemein planbarer, aber nicht lokal garantierter Weg über eine geplante Fahrt zu einem großen Markt mit dem Sortiment »Saucen-, Würzpasten- und Feinkostregal«."	"PLANNED"	"Tamari ist über eine geplante Fahrt zu einem großen Markt mit dem Sortiment »Saucen-, Würzpasten- und Feinkostregal« im allgemeinen deutschen Handel planbar, lokal aber kein verlässlicher Standardartikel."	"OPTIONAL"	""	"GENERAL_BROAD"	"Beim Einkauf von „Tamari“ nutzt Tobias gut sortierte Vollsortimenter und etablierte deutsche Feinkost- oder Würzsaucenhändler."	"PLANNED"	"Tamari: Beim Einkauf von „Tamari“ nutzt Tobias gut sortierte Vollsortimenter und etablierte deutsche Feinkost- oder Würzsaucenhändler."	"OPTIONAL"	""	"TOBIAS_ROSTOCK_PROFILE"	"PROPOSED_FOR_HUMAN_REVIEW"
"TAMARIND"	"Tamarinde"	"APPLICABLE"	"Säuerliche Frucht, in Deutschland für die Küche meist als Paste, Block oder Konzentrat erhältlich."	"SPECIALTY_BROAD"	"Katalogpfad Tropenfrucht → Obst. Warengruppe Obst, formrelevanter Prüfhinweis aus der vollständigen Definition: »Küche meist als Paste, Block oder Konzentrat erhältlich«. Breiter einschlägiger Spezialmarkt über die voneinander unabhängigen Händler Asiatischer Lebensmittelladen – tamarind pastes sowie Village Foods – TRS tamarind paste."	"SPECIALTY"	"Tamarinde ist im einschlägigen Spezialmarkt breit etabliert; dokumentierte reguläre Wege sind die voneinander unabhängigen Händler Asiatischer Lebensmittelladen – tamarind pastes sowie Village Foods – TRS tamarind paste."	"REQUIRED"	"AV2N-N-0191|AV2N-N-0192"	"SPECIALTY_BROAD"	"Tobias prüft „Tamarinde“ in Rostock über Asiatischer Lebensmittelladen – tamarind pastes und Village Foods – TRS tamarind paste, wobei die Evidenz ein dokumentiertes laufendes Angebot und Standardversand ausweist."	"SPECIALTY"	"Tamarinde: Rostocker Bezugsweg über Asiatischer Lebensmittelladen – tamarind pastes und Village Foods – TRS tamarind paste; dokumentiert sind ein dokumentiertes laufendes Angebot und Standardversand."	"REQUIRED"	"AV2N-N-0193|AV2N-N-0194"	"EVIDENCE_REQUIRED|RESEARCH_REQUIRED|SPECIALTY_MARKET_BREADTH|TOBIAS_ROSTOCK_PROFILE"	"PROPOSED_FOR_HUMAN_REVIEW"
"TAPENADE"	"Tapenade"	"APPLICABLE"	"Mediterrane Olivenpaste mit typischerweise Kapern und häufig Sardellen; konkrete Olivensorte und Würzung variieren."	"GENERAL_BROAD"	"Katalogpfad Oliven → fertige Sauce oder Würzpaste → konservierte pflanzliche Zutat → Sauce, Würzmittel oder Paste. Warengruppe Sauce oder Würzpaste, formrelevanter Prüfhinweis aus der vollständigen Definition: »konkrete Olivensorte und Würzung variieren«. Allgemein planbarer, aber nicht lokal garantierter Weg über eine konkrete Vorbestellung oder Bestandsabfrage für Sauce oder Würzpaste."	"PLANNED"	"Tapenade ist über eine konkrete Vorbestellung oder Bestandsabfrage für Sauce oder Würzpaste im allgemeinen deutschen Handel planbar, lokal aber kein verlässlicher Standardartikel."	"OPTIONAL"	""	"GENERAL_BROAD"	"Für „Tapenade“ wird das Angebot über gut sortierte Vollsortimenter und etablierte deutsche Feinkost- oder Würzsaucenhändler kontrolliert."	"PLANNED"	"Tapenade: Für „Tapenade“ wird das Angebot über gut sortierte Vollsortimenter und etablierte deutsche Feinkost- oder Würzsaucenhändler kontrolliert."	"OPTIONAL"	""	"RATING_RECONCILED_V2|TOBIAS_ROSTOCK_PROFILE"	"PROPOSED_FOR_HUMAN_REVIEW"
"TAPIOCA_STARCH"	"Tapiokastärke"	"APPLICABLE"	"Feine Stärke aus Maniok mit starker Bindung und elastischer Texturwirkung; nicht ganze Maniokwurzel."	"SPECIALTY_BROAD"	"Katalogpfad Stärke oder Bindemittel → stärkehaltige Zutat oder Sättigungsbeilage. Warengruppe Getreide- oder Stärkeware, formrelevanter Prüfhinweis aus der vollständigen Definition: »nicht ganze Maniokwurzel«. Breiter einschlägiger Spezialmarkt über die voneinander unabhängigen Händler Asiafoodland – Asian food direct shop sowie Asiashoponline – Cock Brand tapioca starch 400 g."	"SPECIALTY"	"Tapiokastärke ist im einschlägigen Spezialmarkt breit etabliert; dokumentierte reguläre Wege sind die voneinander unabhängigen Händler Asiafoodland – Asian food direct shop sowie Asiashoponline – Cock Brand tapioca starch 400 g."	"REQUIRED"	"AV2N-N-0195|AV2N-N-0196"	"SPECIALTY_BROAD"	"Tobias prüft „Tapiokastärke“ in Rostock über Asiafoodland – Asian food direct shop und Asiashoponline – Cock Brand tapioca starch 400 g, wobei die Evidenz verfügbaren Bestand in einem laufenden Fachsortiment und Standardversand ausweist."	"SPECIALTY"	"Tapiokastärke: Rostocker Bezugsweg über Asiafoodland – Asian food direct shop und Asiashoponline – Cock Brand tapioca starch 400 g; dokumentiert ist verfügbarer Bestand in einem laufenden Fachsortiment und Standardversand."	"REQUIRED"	"AV2N-N-0197|AV2N-N-0198"	"RATING_RECONCILED_V2|RESEARCH_REQUIRED|SPECIALTY_MARKET_BREADTH|TOBIAS_ROSTOCK_PROFILE"	"PROPOSED_FOR_HUMAN_REVIEW"
"TARO"	"Taro"	"APPLICABLE"	"Stärkereiche Taroknolle mit mild-nussigem Geschmack; nur geschält und vollständig gegart verwenden."	"SPECIALTY_BROAD"	"Katalogpfad Wurzel- und Knollengemüse → stärkehaltige Zutat oder Sättigungsbeilage → Gemüse. Warengruppe Gemüse oder Pilz, formrelevanter Prüfhinweis aus der vollständigen Definition: »nur geschält und vollständig gegart verwenden«. Breiter einschlägiger Spezialmarkt über die voneinander unabhängigen Händler Afrofoodexpress – fresh taro/eddo 1 kg sowie Spice Mart – fresh arvi/taro 1 kg."	"SPECIALTY"	"Taro ist im einschlägigen Spezialmarkt breit etabliert; dokumentierte reguläre Wege sind die voneinander unabhängigen Händler Afrofoodexpress – fresh taro/eddo 1 kg sowie Spice Mart – fresh arvi/taro 1 kg."	"REQUIRED"	"AV2N-N-0199|AV2N-N-0200"	"SPECIALTY_BROAD"	"Tobias prüft „Taro“ in Rostock über Afrofoodexpress – fresh taro/eddo 1 kg und Spice Mart – fresh arvi/taro 1 kg, wobei die Evidenz verfügbaren Bestand in einem laufenden Fachsortiment und Frischeversand ausweist."	"SPECIALTY"	"Taro: Rostocker Bezugsweg über Afrofoodexpress – fresh taro/eddo 1 kg und Spice Mart – fresh arvi/taro 1 kg; dokumentiert ist verfügbarer Bestand in einem laufenden Fachsortiment und Frischeversand."	"REQUIRED"	"AV2N-N-0201|AV2N-N-0202"	"EVIDENCE_REQUIRED|RESEARCH_REQUIRED|SPECIALTY_MARKET_BREADTH|TOBIAS_ROSTOCK_PROFILE"	"PROPOSED_FOR_HUMAN_REVIEW"
"TARRAGON"	"Estragon"	"APPLICABLE"	"Estragonblätter mit anisartigem, leicht bitterem Aroma; frisch oder getrocknet verwendbar."	"GENERAL_LOCAL"	"Katalogpfad Kräuter und Würzblätter. Warengruppe frisches Würzkraut, formrelevanter Prüfhinweis aus der vollständigen Definition: »frisch oder getrocknet verwendbar«. Regelweg in Bornheim über den lokalen Supermarktbereich »frische Kräuterabteilung« in Bornheim."	"EASY"	"Estragon: gewöhnlicher lokaler Bezugsweg über den Bereich »frische Kräuterabteilung«."	"OPTIONAL"	""	"GENERAL_LOCAL"	"Die Beschaffung von „Estragon“ erfolgt in Rostock über die Kräuterkühlung der Obst- und Gemüseabteilung eines gewöhnlichen großen Rostocker Supermarkts."	"EASY"	"Estragon: gewöhnlicher lokaler Bezugsweg über den Bereich »Estragon«."	"OPTIONAL"	""	"FORM_SENSITIVE|RATING_RECONCILED_V2|TOBIAS_ROSTOCK_PROFILE"	"PROPOSED_FOR_HUMAN_REVIEW"
"TEA"	"Tee"	"APPLICABLE"	"Offene Vorgabe für Aufguss und Blattmaterial der Teepflanze; Oxidation, Röstung und Sorte bleiben wählbar."	"GENERAL_LOCAL"	"Katalogpfad eigenständige Katalogwurzel. Warengruppe Tee, formrelevanter Prüfhinweis aus der vollständigen Definition: »Oxidation, Röstung und Sorte bleiben wählbar«. Regelweg in Bornheim über den lokalen Supermarktbereich »Tee- und Aufgussregal« in Bornheim."	"EASY"	"Tee: gewöhnlicher lokaler Bezugsweg über den Bereich »Tee- und Aufgussregal«."	"OPTIONAL"	""	"GENERAL_LOCAL"	"Tobias prüft „Tee“ in Rostock über das Kaffee- oder Teeregal eines gewöhnlichen großen Rostocker Supermarkts."	"EASY"	"Tee: Rostocker Bezugsweg über das Kaffee- oder Teeregal eines gewöhnlichen großen Rostocker Supermarkts."	"OPTIONAL"	""	"TOBIAS_ROSTOCK_PROFILE"	"PROPOSED_FOR_HUMAN_REVIEW"
"TEMPEH"	"Tempeh"	"APPLICABLE"	"Fester fermentierter Kuchen aus ganzen Sojabohnen mit nussigem Aroma und gutem Biss; nicht Tofu oder texturiertes Sojaprotein."	"GENERAL_BROAD"	"Katalogpfad pflanzliches Proteinprodukt → Sojazutat → Hülsenfrüchte. Warengruppe pflanzliches Proteinprodukt, formrelevanter Prüfhinweis aus der vollständigen Definition: »nicht Tofu oder texturiertes Sojaprotein«. Allgemein planbarer, aber nicht lokal garantierter Weg über eine konkrete Vorbestellung oder Bestandsabfrage für pflanzliches Proteinprodukt."	"PLANNED"	"Tempeh ist über eine konkrete Vorbestellung oder Bestandsabfrage für pflanzliches Proteinprodukt im allgemeinen deutschen Handel planbar, lokal aber kein verlässlicher Standardartikel."	"OPTIONAL"	""	"GENERAL_BROAD"	"Für „Tempeh“ wird das Angebot über gut sortierte Vollsortimenter und etablierte deutsche Bio- oder Trockenwarenhändler kontrolliert."	"PLANNED"	"Tempeh: Für „Tempeh“ wird das Angebot über gut sortierte Vollsortimenter und etablierte deutsche Bio- oder Trockenwarenhändler kontrolliert."	"OPTIONAL"	""	"TOBIAS_ROSTOCK_PROFILE"	"PROPOSED_FOR_HUMAN_REVIEW"
"TERIYAKI_SAUCE"	"Teriyakisauce"	"APPLICABLE"	"Japanisch geprägte süß-salzige Glasur- und Würzsauce auf Sojasaucenbasis; Dicke und Süße variieren."	"GENERAL_LOCAL"	"Katalogpfad fertige Sauce oder Würzpaste → Sauce, Würzmittel oder Paste. Warengruppe Sauce oder Würzpaste, formrelevanter Prüfhinweis aus der vollständigen Definition: »Dicke und Süße variieren«. Regelweg in Bornheim über die gewöhnliche Bornheimer Auslage »Saucen-, Würzpasten- und Feinkostregal«."	"EASY"	"Teriyakisauce: gewöhnlicher lokaler Bezugsweg über den Bereich »Saucen-, Würzpasten- und Feinkostregal«."	"OPTIONAL"	""	"GENERAL_LOCAL"	"Tobias sucht „Teriyakisauce“ in Rostock über das Saucen-, Essig- oder Feinkostregal eines gewöhnlichen großen Rostocker Supermarkts gesucht."	"EASY"	"Teriyakisauce: gewöhnlicher lokaler Bezugsweg über den Bereich »Teriyakisauce«."	"OPTIONAL"	""	"RATING_RECONCILED_V2|TOBIAS_ROSTOCK_PROFILE"	"PROPOSED_FOR_HUMAN_REVIEW"
"THAI_BASIL"	"Thai-Basilikum"	"APPLICABLE"	"Thai-Basilikum mit anis- beziehungsweise lakritzartigem Aroma und festerem Blatt; nicht gewöhnliches süßes Basilikum."	"SPECIALTY_BROAD"	"Katalogpfad Basilikum → Kräuter und Würzblätter. Warengruppe frisches Würzkraut, formrelevanter Prüfhinweis aus der vollständigen Definition: »nicht gewöhnliches süßes Basilikum«. Breiter einschlägiger Spezialmarkt über den freigegebenen v2-Anker mit dem Kerngrund »das Bornheim-Profil kann große Asia-Frischmärkte in Köln/Düsseldorf gezielt nutzen«."	"SPECIALTY"	"Thai-Basilikum: Georgia kann große Asia-Frischmärkte in Köln/Düsseldorf gezielt nutzen; für Tobias machen wenige Frischewege und Transport die Beschaffung nischig und fragil."	"REQUIRED"	"AV2E-039"	"NICHE_IMPORT"	"Thai-Basilikum: Georgia kann große Asia-Frischmärkte in Köln/Düsseldorf gezielt nutzen; für Tobias machen wenige Frischewege und Transport die Beschaffung nischig und fragil."	"DIFFICULT"	"Thai-Basilikum: Georgia kann große Asia-Frischmärkte in Köln/Düsseldorf gezielt nutzen; für Tobias machen wenige Frischewege und Transport die Beschaffung nischig und fragil."	"REQUIRED"	"AV2E-040"	"EVIDENCE_REQUIRED|FORM_OR_LOGISTICS_RISK|PERSON_DIFFERENCE|REFERENCE_ANCHOR|REFERENCE_ANCHOR_V2|RESEARCH_REQUIRED|TOBIAS_ROSTOCK_PROFILE"	"RATING_APPROVED_NOTE_PROPOSED_REFERENCE_ANCHOR_V2"
"THAI_EGGPLANT"	"Thai-Aubergine"	"APPLICABLE"	"Kleine runde Thai-Auberginen, meist grün-weiß und fest, die in Currys ihre Form behalten und leicht herb schmecken. Nicht mit Erbsenauberginen gleichsetzen."	"SPECIALTY_BROAD"	"Katalogpfad Aubergine → Fruchtgemüse → Gemüse. Warengruppe Gemüse oder Pilz, formrelevanter Prüfhinweis aus der vollständigen Definition: »Nicht mit Erbsenauberginen gleichsetzen«. Breiter einschlägiger Spezialmarkt über den freigegebenen v2-Anker mit dem Kerngrund »In großen Asia-Frischmärkten regelmäßig plausibel«."	"SPECIALTY"	"Thai-Aubergine: In großen Asia-Frischmärkten regelmäßig plausibel; für Tobias ist die frische exakte Form über enge und schwankende Wege zu beziehen."	"REQUIRED"	"AV2E-045"	"NICHE_IMPORT"	"Thai-Aubergine: In großen Asia-Frischmärkten regelmäßig plausibel; für Tobias ist die frische exakte Form über enge und schwankende Wege zu beziehen."	"DIFFICULT"	"Thai-Aubergine: In großen Asia-Frischmärkten regelmäßig plausibel; für Tobias ist die frische exakte Form über enge und schwankende Wege zu beziehen."	"REQUIRED"	"AV2E-046"	"EVIDENCE_REQUIRED|FORM_OR_LOGISTICS_RISK|PERSON_DIFFERENCE|REFERENCE_ANCHOR|REFERENCE_ANCHOR_V2|RESEARCH_REQUIRED|TOBIAS_ROSTOCK_PROFILE"	"RATING_APPROVED_NOTE_PROPOSED_REFERENCE_ANCHOR_V2"
"THAI_GREEN_CURRY_PASTE"	"grüne Thai-Currypaste"	"APPLICABLE"	"Grüne Thai-Currypaste mit frischen grünen Chilis, Kräutern und Aromaten; Markenrezepturen variieren."	"GENERAL_BROAD"	"Asiafoodland führt eine konkrete grüne Lobo-Thai-Currypaste im 50-g-Beutel mit grünen Chilis, Zitronengras, Knoblauch, Schalotte und Galgant aktuell lagernd. Die haltbare Paste kommt per DHL nach Bornheim."	"PLANNED"	"grüne Thai-Currypaste: Asiafoodland führt eine konkrete grüne Lobo-Thai-Currypaste im 50-g-Beutel mit grünen Chilis, Zitronengras, Knoblauch, Schalotte und Galgant aktuell lagernd. Die haltbare Paste kommt per DHL nach Bornheim."	"OPTIONAL"	""	"GENERAL_BROAD"	"Die Lobo-Produktseite bei Asiafoodland zeigt grüne Thai-Currypaste mit grünen Chilis, Zitronengras und Galgant aktuell im Warenkorb. Standard-DHL macht den 50-g-Beutel für Tobias in Rostock planbar."	"PLANNED"	"grüne Thai-Currypaste: Die Lobo-Produktseite bei Asiafoodland zeigt grüne Thai-Currypaste mit grünen Chilis, Zitronengras und Galgant aktuell im Warenkorb. Standard-DHL macht den 50-g-Beutel für Tobias in Rostock planbar."	"REQUIRED"	"AV2N-N-0203"	"FORM_SENSITIVE|RATING_RECONCILED_V2|RESEARCH_REQUIRED|SPECIALTY_MARKET_BREADTH|TOBIAS_ROSTOCK_PROFILE"	"PROPOSED_FOR_HUMAN_REVIEW"
"THAI_RED_CURRY_PASTE"	"rote Thai-Currypaste"	"APPLICABLE"	"Rote Thai-Currypaste auf Basis getrockneter roter Chilis, Aromaten und Gewürzen; Markenrezepturen variieren."	"GENERAL_BROAD"	"Eine rote Lobo-Thai-Currypaste auf Basis roter Chilis mit Zitronengras, Knoblauch, Galgant und Schalotte ist bei Asiafoodland aktuell lagernd. Der 50-g-Beutel wird deutschlandweit per Standard-DHL verschickt."	"PLANNED"	"rote Thai-Currypaste: Eine rote Lobo-Thai-Currypaste auf Basis roter Chilis mit Zitronengras, Knoblauch, Galgant und Schalotte ist bei Asiafoodland aktuell lagernd. Der 50-g-Beutel wird deutschlandweit per Standard-DHL verschickt."	"OPTIONAL"	""	"GENERAL_BROAD"	"Asiafoodland weist die rote Lobo-Thai-Currypaste mit Chili-, Zitronengras- und Galgantbasis aktuell als bestellbar aus. Der 50-g-Beutel erreicht Rostock per Standardversand."	"PLANNED"	"rote Thai-Currypaste: Asiafoodland weist die rote Lobo-Thai-Currypaste mit Chili-, Zitronengras- und Galgantbasis aktuell als bestellbar aus. Der 50-g-Beutel erreicht Rostock per Standardversand."	"REQUIRED"	"AV2N-N-0204"	"RATING_RECONCILED_V2|RESEARCH_REQUIRED|SPECIALTY_MARKET_BREADTH|TOBIAS_ROSTOCK_PROFILE"	"PROPOSED_FOR_HUMAN_REVIEW"
"THAI_YELLOW_CURRY_PASTE"	"gelbe Thai-Currypaste"	"APPLICABLE"	"Gelbe Thai-Currypaste mit Kurkuma und warmen Gewürzen neben Chili und Aromaten; nicht Currypulver."	"SPECIALTY_BROAD"	"Katalogpfad fertige Currypaste → fertige Sauce oder Würzpaste → Sauce, Würzmittel oder Paste. Warengruppe Sauce oder Würzpaste, formrelevanter Prüfhinweis aus der vollständigen Definition: »nicht Currypulver«. Breiter einschlägiger Spezialmarkt über die voneinander unabhängigen Händler Asiafoodland – Asian food direct shop sowie Asia Street Food – Thai curry paste range."	"SPECIALTY"	"gelbe Thai-Currypaste ist im einschlägigen Spezialmarkt breit etabliert; dokumentierte reguläre Wege sind die voneinander unabhängigen Händler Asiafoodland – Asian food direct shop sowie Asia Street Food – Thai curry paste range."	"REQUIRED"	"AV2N-N-0205|AV2N-N-0206"	"SPECIALTY_BROAD"	"Tobias prüft „gelbe Thai-Currypaste“ in Rostock über Asia Street Food – Thai curry paste range und Asiafoodland – Asian food direct shop, wobei die Evidenz ein dokumentiertes laufendes Angebot und Standardversand ausweist."	"SPECIALTY"	"gelbe Thai-Currypaste: Rostocker Bezugsweg über Asia Street Food – Thai curry paste range und Asiafoodland – Asian food direct shop; dokumentiert sind ein dokumentiertes laufendes Angebot und Standardversand."	"REQUIRED"	"AV2N-N-0207|AV2N-N-0208"	"RATING_RECONCILED_V2|RESEARCH_REQUIRED|SPECIALTY_MARKET_BREADTH|TOBIAS_ROSTOCK_PROFILE"	"PROPOSED_FOR_HUMAN_REVIEW"
"THYME"	"Thymian"	"APPLICABLE"	"Thymianblätter mit kräftig herb-würzigem Aroma; frisch oder getrocknet verwendbar."	"GENERAL_LOCAL"	"Katalogpfad Kräuter und Würzblätter. Warengruppe frisches Würzkraut, formrelevanter Prüfhinweis aus der vollständigen Definition: »frisch oder getrocknet verwendbar«. Regelweg in Bornheim über die gewöhnliche Bornheimer Auslage »frische Kräuterabteilung«."	"EASY"	"Thymian: gewöhnlicher lokaler Bezugsweg über den Bereich »frische Kräuterabteilung«."	"OPTIONAL"	""	"GENERAL_LOCAL"	"Beim Einkauf von „Thymian“ nutzt Tobias die Kräuterkühlung der Obst- und Gemüseabteilung eines gewöhnlichen großen Rostocker Supermarkts."	"EASY"	"Thymian: gewöhnlicher lokaler Bezugsweg über den Bereich »Thymian«."	"OPTIONAL"	""	"FORM_SENSITIVE|TOBIAS_ROSTOCK_PROFILE"	"PROPOSED_FOR_HUMAN_REVIEW"
"TOFU"	"Tofu"	"APPLICABLE"	"Geronnener Sojabohnenquark; Festigkeit und Wassergehalt bleiben offen, fermentierte und geräucherte Formen sind getrennt."	"GENERAL_LOCAL"	"Katalogpfad pflanzliches Proteinprodukt → Sojazutat → Hülsenfrüchte. Warengruppe pflanzliches Proteinprodukt, formrelevanter Prüfhinweis aus der vollständigen Definition: »Festigkeit und Wassergehalt bleiben offen, fermentierte und geräucherte Formen sind getrennt«. Regelweg in Bornheim über die gewöhnliche Bornheimer Auslage »Kühlregal für Tofu und pflanzliche Proteinprodukte«."	"EASY"	"Tofu: gewöhnlicher lokaler Bezugsweg über den Bereich »Kühlregal für Tofu und pflanzliche Proteinprodukte«."	"OPTIONAL"	""	"GENERAL_LOCAL"	"Tobias prüft „Tofu“ in Rostock über das Tofu- und Pflanzensortiment der Kühl- oder Bioabteilung eines gewöhnlichen großen Rostocker Supermarkts."	"EASY"	"Tofu: Rostocker Bezugsweg über das Tofu- und Pflanzensortiment der Kühl- oder Bioabteilung eines gewöhnlichen großen Rostocker Supermarkts."	"OPTIONAL"	""	"RATING_RECONCILED_V2|TOBIAS_ROSTOCK_PROFILE"	"PROPOSED_FOR_HUMAN_REVIEW"
"TOMATILLO"	"Tomatillo"	"APPLICABLE"	"Grüne bis gelbliche Physalis-Verwandte mit papierartiger Hülle und frischer, deutlich säuerlicher Frucht; nicht grüne Tomate."	"NICHE_IMPORT"	"Katalogpfad Fruchtgemüse → Gemüse. Warengruppe Gemüse oder Pilz, formrelevanter Prüfhinweis aus der vollständigen Definition: »nicht grüne Tomate«. Die formtreuen Seiten bei México Mágico – fresh tomatillo listing sind aktuell ausverkauft; Frischeversand und wenige Händler machen den Weg fragil."	"DIFFICULT"	"Frische Tomatillos sind nur über einen derzeit ausverkauften mexikanischen Nischenweg belegt; grüne Tomaten zählen nicht als Ersatz."	"REQUIRED"	"AV2N-N-0209"	"NICHE_IMPORT"	"Für „Tomatillo“ führt der Rostocker Marktweg über México Mágico – fresh tomatillo listing, wobei die Evidenz nur einen beim Abruf ausverkauften Formtreffer und Frischeversand ausweist."	"DIFFICULT"	"Frische Tomatillos sind nur über einen derzeit ausverkauften mexikanischen Nischenweg belegt; grüne Tomaten zählen nicht als Ersatz."	"REQUIRED"	"AV2N-N-0210"	"EVIDENCE_REQUIRED|FORM_OR_LOGISTICS_RISK|FORM_OR_ROUTE_FRAGILE|FORM_SENSITIVE|RESEARCH_REQUIRED|TOBIAS_ROSTOCK_PROFILE"	"PROPOSED_FOR_HUMAN_REVIEW"
"TOMATO"	"Tomate"	"APPLICABLE"	"Frische Tomate als saftig-säuerliches Fruchtgemüse; Sorte, Farbe und Größe bleiben offen."	"GENERAL_LOCAL"	"Katalogpfad Fruchtgemüse → Gemüse. Warengruppe Gemüse oder Pilz, formrelevanter Prüfhinweis aus der vollständigen Definition: »Sorte, Farbe und Größe bleiben offen«. Regelweg in Bornheim über das örtliche Sortiment »Obst- und Gemüseabteilung« beim Wocheneinkauf in Bornheim."	"EASY"	"Tomate: gewöhnlicher lokaler Bezugsweg über den Bereich »Obst- und Gemüseabteilung«."	"OPTIONAL"	""	"GENERAL_LOCAL"	"Beim Einkauf von „Tomate“ nutzt Tobias die Gemüseabteilung eines gewöhnlichen großen Rostocker Supermarkts."	"EASY"	"Tomate: gewöhnlicher lokaler Bezugsweg über den Bereich »Tomate«."	"OPTIONAL"	""	"FORM_SENSITIVE|TOBIAS_ROSTOCK_PROFILE"	"PROPOSED_FOR_HUMAN_REVIEW"
"TOMATO_PASSATA"	"passierte Tomaten"	"APPLICABLE"	"Fein passierte, unkonzentrierte Tomaten ohne Schale und Kerne; nicht Tomatensauce oder Tomatenmark."	"GENERAL_LOCAL"	"Katalogpfad Tomate → Tomatenprodukt → Fruchtgemüse → Gemüse. Warengruppe Sauce oder Würzpaste, formrelevanter Prüfhinweis aus der vollständigen Definition: »nicht Tomatensauce oder Tomatenmark«. Regelweg in Bornheim über das örtliche Sortiment »Saucen-, Würzpasten- und Feinkostregal« beim Wocheneinkauf in Bornheim."	"EASY"	"passierte Tomaten: gewöhnlicher lokaler Bezugsweg über den Bereich »Saucen-, Würzpasten- und Feinkostregal«."	"OPTIONAL"	""	"GENERAL_LOCAL"	"Die Rostocker Warenprüfung für „passierte Tomaten“ erfolgt über das Saucen-, Essig- oder Feinkostregal eines gewöhnlichen großen Rostocker Supermarkts."	"EASY"	"passierte Tomaten: gewöhnlicher lokaler Bezugsweg über den Bereich »passierte Tomaten«."	"OPTIONAL"	""	"TOBIAS_ROSTOCK_PROFILE"	"PROPOSED_FOR_HUMAN_REVIEW"
"TOMATO_PASTE"	"Tomatenmark"	"APPLICABLE"	"Stark konzentriertes Tomatenpüree mit dichtem Umami; einfach bis mehrfach konzentriert, nicht Ketchup."	"GENERAL_LOCAL"	"Katalogpfad Tomatenprodukt. Warengruppe Sauce oder Würzpaste, formrelevanter Prüfhinweis aus der vollständigen Definition: »einfach bis mehrfach konzentriert, nicht Ketchup«. Regelweg in Bornheim über den Bereich »Saucen-, Würzpasten- und Feinkostregal« eines gewöhnlichen Bornheimer Vollsortimenters."	"EASY"	"Tomatenmark: gewöhnlicher lokaler Bezugsweg über den Bereich »Saucen-, Würzpasten- und Feinkostregal«."	"OPTIONAL"	""	"GENERAL_LOCAL"	"Tobias prüft „Tomatenmark“ in Rostock über das Saucen-, Essig- oder Feinkostregal eines gewöhnlichen großen Rostocker Supermarkts."	"EASY"	"Tomatenmark: Rostocker Bezugsweg über das Saucen-, Essig- oder Feinkostregal eines gewöhnlichen großen Rostocker Supermarkts."	"OPTIONAL"	""	"TOBIAS_ROSTOCK_PROFILE"	"PROPOSED_FOR_HUMAN_REVIEW"
"TOMATO_PRODUCTS"	"Tomatenprodukt"	"APPLICABLE"	"Offene Vorgabe für verarbeitete Tomatenprodukte wie Konserve, Passata, Mark oder schlichte Sauce."	"GENERAL_LOCAL"	"Katalogpfad eigenständige Katalogwurzel. Warengruppe verarbeitetes Tomatenprodukt, formrelevanter Prüfhinweis aus der vollständigen Definition: »Tomatenprodukte wie Konserve, Passata, Mark oder schlichte Sauce«. Regelweg in Bornheim über den lokalen Supermarktbereich »Konserven-, Passata-, Mark- oder Saucenregal« in Bornheim."	"EASY"	"Tomatenprodukt: gewöhnlicher lokaler Bezugsweg über den Bereich »Konserven-, Passata-, Mark- oder Saucenregal«."	"OPTIONAL"	""	"GENERAL_LOCAL"	"Tomatenprodukte: Konserven-, Passata-, Tomatenmark- und Saucenregale gewöhnlicher großer Rostocker Supermärkte decken die offene Familie verarbeiteter Tomatenformen ab."	"EASY"	"Tomatenprodukte: Konserven-, Passata-, Tomatenmark- und Saucenregale gewöhnlicher großer Rostocker Supermärkte decken die offene Familie verarbeiteter Tomatenformen ab."	"OPTIONAL"	""	"TOBIAS_ROSTOCK_PROFILE"	"PROPOSED_FOR_HUMAN_REVIEW"
"TOMATO_SAUCE"	"einfache Tomatensauce"	"APPLICABLE"	"Schlichte fertige Tomatensauce ohne Bindung an eine konkrete Gewürzrichtung."	"GENERAL_LOCAL"	"Katalogpfad fertige Sauce oder Würzpaste → Tomatenprodukt → Sauce, Würzmittel oder Paste. Warengruppe Sauce oder Würzpaste, formrelevanter Prüfhinweis aus der vollständigen Definition: »fertige Tomatensauce ohne Bindung an eine konkrete Gewürzrichtung«. Regelweg in Bornheim über das örtliche Sortiment »Saucen-, Würzpasten- und Feinkostregal« beim Wocheneinkauf in Bornheim."	"EASY"	"einfache Tomatensauce: gewöhnlicher lokaler Bezugsweg über den Bereich »Saucen-, Würzpasten- und Feinkostregal«."	"OPTIONAL"	""	"GENERAL_LOCAL"	"Für „einfache Tomatensauce“ führt der Rostocker Marktweg über das Saucen-, Essig- oder Feinkostregal eines gewöhnlichen großen Rostocker Supermarkts."	"EASY"	"einfache Tomatensauce: Rostocker Bezugsweg über das Saucen-, Essig- oder Feinkostregal eines gewöhnlichen großen Rostocker Supermarkts."	"OPTIONAL"	""	"TOBIAS_ROSTOCK_PROFILE"	"PROPOSED_FOR_HUMAN_REVIEW"
"TORTILLA"	"Tortilla"	"APPLICABLE"	"Dünnes ungesäuertes Fladenbrot aus nixtamalisiertem Mais oder Weizen; nicht spanische Eier-Kartoffel-Tortilla."	"GENERAL_LOCAL"	"Katalogpfad Brot oder Fladenbrot → Backware → stärkehaltige Zutat oder Sättigungsbeilage. Warengruppe Getreide- oder Stärkeware, formrelevanter Prüfhinweis aus der vollständigen Definition: »nicht spanische Eier-Kartoffel-Tortilla«. Regelweg in Bornheim über die gewöhnliche Bornheimer Auslage »Reis-, Mehl-, Nudel- oder Trockenwarenregal«."	"EASY"	"Tortilla: gewöhnlicher lokaler Bezugsweg über den Bereich »Reis-, Mehl-, Nudel- oder Trockenwarenregal«."	"OPTIONAL"	""	"GENERAL_LOCAL"	"Die Rostocker Warenprüfung für „Tortilla“ erfolgt über das Back-, Süßwaren- oder Brotregal eines gewöhnlichen großen Rostocker Supermarkts."	"EASY"	"Tortilla: gewöhnlicher lokaler Bezugsweg über den Bereich »Tortilla«."	"OPTIONAL"	""	"TOBIAS_ROSTOCK_PROFILE"	"PROPOSED_FOR_HUMAN_REVIEW"
"TRIPE"	"Kutteln"	"APPLICABLE"	"Gereinigte essbare Vormägen, meist vom Rind, mit fester wabenartiger Textur; ausreichend vorgaren."	"GENERAL_BROAD"	"Katalogpfad Rindfleisch → Innereien → Fleisch. Warengruppe Fleisch, formrelevanter Prüfhinweis aus der vollständigen Definition: »ausreichend vorgaren«. Allgemein planbarer, aber nicht lokal garantierter Weg über eine gezielte Bestellung oder Sortimentsprüfung bei MeinMetzger – beef tripe."	"PLANNED"	"Kutteln ist über eine gezielte Bestellung oder Sortimentsprüfung bei MeinMetzger – beef tripe im allgemeinen deutschen Handel planbar, lokal aber kein verlässlicher Standardartikel."	"REQUIRED"	"AV2N-N-0211"	"GENERAL_BROAD"	"Für „Kutteln“ führt der Rostocker Marktweg über Vorbestellung an einer gut sortierten Fleischtheke oder etablierter deutscher Metzgereiversand."	"PLANNED"	"Kutteln: Rostocker Bezugsweg über Vorbestellung an einer gut sortierten Fleischtheke oder etablierter deutscher Metzgereiversand."	"OPTIONAL"	""	"EVIDENCE_REQUIRED|RATING_RECONCILED_V2|TOBIAS_ROSTOCK_PROFILE"	"PROPOSED_FOR_HUMAN_REVIEW"
"TROPICAL_FRUIT"	"Tropenfrucht"	"APPLICABLE"	"Offene Vorgabe für kulinarisch als tropisch verstandenes Obst; Art, Reife und Säure-Süße-Profil bleiben wählbar."	"GENERAL_LOCAL"	"Katalogpfad Obst. Warengruppe Obst, formrelevanter Prüfhinweis aus der vollständigen Definition: »Art, Reife und Säure-Süße-Profil bleiben wählbar«. Regelweg in Bornheim über den lokalen Supermarktbereich »Obst- und Gemüseabteilung« in Bornheim."	"EASY"	"Tropenfrucht: gewöhnlicher lokaler Bezugsweg über den Bereich »Obst- und Gemüseabteilung«."	"OPTIONAL"	""	"GENERAL_LOCAL"	"Tobias prüft „Tropenfrucht“ in Rostock über die Obstabteilung eines gewöhnlichen großen Rostocker Supermarkts."	"EASY"	"Tropenfrucht: Rostocker Bezugsweg über die Obstabteilung eines gewöhnlichen großen Rostocker Supermarkts."	"OPTIONAL"	""	"TOBIAS_ROSTOCK_PROFILE"	"PROPOSED_FOR_HUMAN_REVIEW"
"TROUT"	"Forelle"	"APPLICABLE"	"Forelle als fettreicher Süßwasserfisch mit zartem Fleisch; frisch oder tiefgekühlt, nicht geräuchert."	"GENERAL_BROAD"	"Deutsche See – frische ganze Forelle belegt formgenau: Deutsche See führt eine ganze frische Regenbogenforelle, ausgenommen und ausdrücklich nicht geräuchert, als verfügbaren Artikel. Für Georgia in Bornheim gilt: Deutschlandweiter gekühlter Wunschterminversand nach Bornheim und Rostock; Logistik FRESH_SHIPPING. Die Forelle sollte am Liefer- oder Folgetag verbraucht werden; Kühlversand, Wunschtermin und Mindestbestellwert sind einzuplanen."	"PLANNED"	"Forelle: Deutsche See führt eine ganze frische Regenbogenforelle, ausgenommen und ausdrücklich nicht geräuchert, als verfügbaren Artikel."	"REQUIRED"	"AV2N-N-0212|AV2N-P-0029"	"GENERAL_BROAD"	"Deutsche See – frische ganze Forelle belegt formgenau: Deutsche See führt eine ganze frische Regenbogenforelle, ausgenommen und ausdrücklich nicht geräuchert, als verfügbaren Artikel. Für Tobias in Rostock gilt: Deutschlandweiter gekühlter Wunschterminversand nach Bornheim und Rostock; Logistik FRESH_SHIPPING. Die Forelle sollte am Liefer- oder Folgetag verbraucht werden; Kühlversand, Wunschtermin und Mindestbestellwert sind einzuplanen."	"PLANNED"	"Forelle: Deutsche See führt eine ganze frische Regenbogenforelle, ausgenommen und ausdrücklich nicht geräuchert, als verfügbaren Artikel."	"REQUIRED"	"AV2N-N-0213|AV2N-P-0029"	"BORDERLINE_PLANNED|EVIDENCE_REQUIRED|FORM_SENSITIVE|RATING_RECONCILED_V2|TOBIAS_ROSTOCK_PROFILE"	"PROPOSED_FOR_HUMAN_REVIEW"
"TROUT_ROE"	"Forellenrogen"	"APPLICABLE"	"Forellenrogen mit kleinen orangefarbenen, salzig platzenden Eiern; meist leicht gesalzen erhältlich."	"GENERAL_BROAD"	"Deutsche See – Forellen Kaviar belegt: Deutsche See führt Forellenrogen aktuell verfügbar als leuchtend orangefarbenes, vier bis fünf Millimeter großes, pasteurisiertes und gesalzenes Korn. Der Bezug erfolgt über Deutschland und Österreich; gekühlte GO!-Express-Lieferung zum Wunschtermin; maßgeblich ist CHILLED_SHIPPING. Der Weg gilt für gekühlten pasteurisierten Forellenkaviar; Salzgrad und Lieferfenster sind produktgebunden."	"PLANNED"	"Forellenrogen: Deutsche See führt Forellenrogen aktuell verfügbar als leuchtend orangefarbenes, vier bis fünf Millimeter großes, pasteurisiertes und gesalzenes Korn."	"REQUIRED"	"AV2N-N-0214"	"GENERAL_BROAD"	"Deutsche See – Forellen Kaviar belegt: Deutsche See führt Forellenrogen aktuell verfügbar als leuchtend orangefarbenes, vier bis fünf Millimeter großes, pasteurisiertes und gesalzenes Korn. Der Bezug erfolgt über Deutschland und Österreich; gekühlte GO!-Express-Lieferung zum Wunschtermin; maßgeblich ist CHILLED_SHIPPING. Der Weg gilt für gekühlten pasteurisierten Forellenkaviar; Salzgrad und Lieferfenster sind produktgebunden."	"PLANNED"	"Forellenrogen: Deutsche See führt Forellenrogen aktuell verfügbar als leuchtend orangefarbenes, vier bis fünf Millimeter großes, pasteurisiertes und gesalzenes Korn."	"REQUIRED"	"AV2N-N-0215"	"BORDERLINE_PLANNED|EVIDENCE_REQUIRED|RESEARCH_REQUIRED|TOBIAS_ROSTOCK_PROFILE"	"PROPOSED_FOR_HUMAN_REVIEW"
"TRUFFLE"	"Trüffel"	"APPLICABLE"	"Essbare Trüffel mit intensiv erdigem Aroma; frisch oder als hochwertiges Produkt mit erkennbarem Trüffelanteil verwendbar."	"GENERAL_BROAD"	"EDEKA24 – Lacroix Trüffel-Carpaccio 30 g belegt formgenau: EDEKA24 führt haltbares Carpaccio mit 70 Prozent sichtbaren Sommertrüffelscheiben als bestellbaren Artikel. Für Georgia in Bornheim gilt: Deutschlandweiter DHL-Standardversand nach Bornheim und Rostock; 2–5 Werktage; Logistik STANDARD_SHIPPING. Die Bewertung stützt sich auf die zulässige konservierte Scheibenform, nicht auf frischen Trüffel oder bloß aromatisiertes Öl; der Preis ändert die Stufe nicht."	"PLANNED"	"Trüffel: EDEKA24 führt haltbares Carpaccio mit 70 Prozent sichtbaren Sommertrüffelscheiben als bestellbaren Artikel."	"REQUIRED"	"AV2N-N-0216|AV2N-P-0030"	"GENERAL_BROAD"	"EDEKA24 – Lacroix Trüffel-Carpaccio 30 g belegt formgenau: EDEKA24 führt haltbares Carpaccio mit 70 Prozent sichtbaren Sommertrüffelscheiben als bestellbaren Artikel. Für Tobias in Rostock gilt: Deutschlandweiter DHL-Standardversand nach Bornheim und Rostock; 2–5 Werktage; Logistik STANDARD_SHIPPING. Die Bewertung stützt sich auf die zulässige konservierte Scheibenform, nicht auf frischen Trüffel oder bloß aromatisiertes Öl; der Preis ändert die Stufe nicht."	"PLANNED"	"Trüffel: EDEKA24 führt haltbares Carpaccio mit 70 Prozent sichtbaren Sommertrüffelscheiben als bestellbaren Artikel."	"REQUIRED"	"AV2N-N-0217|AV2N-P-0030"	"BORDERLINE_PLANNED|EVIDENCE_REQUIRED|FORM_SENSITIVE|RESEARCH_REQUIRED|TOBIAS_ROSTOCK_PROFILE"	"PROPOSED_FOR_HUMAN_REVIEW"
"TUNA"	"Thunfisch"	"APPLICABLE"	"Gemeint ist Thunfisch als eigenständige Kochzutat, nicht zwingend Dosenware."	"GENERAL_BROAD"	"Deutsche See – Yellowfin-Thunfisch-Steak TK belegt: Das verfügbare Produkt ist ein naturbelassenes Yellowfin-Thunfisch-Steak ohne Haut, portioniert, glasiert und tiefgefroren; es belegt Kochware außerhalb der Dose. Der Bezug erfolgt über Deutschland und Österreich; tiefgekühlte GO!-Express-Lieferung zum Wunschtermin; maßgeblich ist FROZEN_SHIPPING. Nachgewiesen ist eine gefrorene Steakportion, nicht jede frische Thunfischform; Tiefkühlzustellung und Auftauen sind einzuplanen."	"PLANNED"	"Thunfisch: Das verfügbare Produkt ist ein naturbelassenes Yellowfin-Thunfisch-Steak ohne Haut, portioniert, glasiert und tiefgefroren; es belegt Kochware außerhalb der Dose."	"REQUIRED"	"AV2N-N-0218"	"GENERAL_BROAD"	"Beim Einkauf von „Thunfisch“ nutzt Tobias Vorbestellung an einer gut sortierten Supermarkt-Fischtheke oder etablierter bundesweiter Seafood-Versand."	"PLANNED"	"Thunfisch: Beim Einkauf von „Thunfisch“ nutzt Tobias Vorbestellung an einer gut sortierten Supermarkt-Fischtheke oder etablierter bundesweiter Seafood-Versand."	"OPTIONAL"	""	"BORDERLINE_PLANNED|EVIDENCE_REQUIRED|RATING_RECONCILED_V2|TOBIAS_ROSTOCK_PROFILE"	"PROPOSED_FOR_HUMAN_REVIEW"
"TURKEY"	"Pute"	"APPLICABLE"	"Putenfleisch ohne Festlegung auf Brust, Keule oder Hack; Zuschnitt und Fettanteil bleiben offen."	"GENERAL_LOCAL"	"Katalogpfad Geflügel → Fleisch. Warengruppe Fleisch, formrelevanter Prüfhinweis aus der vollständigen Definition: »Zuschnitt und Fettanteil bleiben offen«. Regelweg in Bornheim über ortsübliche Vollsortimenter rund um Bornheim, konkret im Bereich »Fleischkühlung oder Bedientheke«."	"EASY"	"Pute: gewöhnlicher lokaler Bezugsweg über den Bereich »Fleischkühlung oder Bedientheke«."	"OPTIONAL"	""	"GENERAL_LOCAL"	"Tobias sucht „Pute“ in Rostock über die Fleischkühlung oder Bedientheke eines gewöhnlichen großen Rostocker Supermarkts gesucht."	"EASY"	"Pute: gewöhnlicher lokaler Bezugsweg über den Bereich »Pute«."	"OPTIONAL"	""	"TOBIAS_ROSTOCK_PROFILE"	"PROPOSED_FOR_HUMAN_REVIEW"
"TURKEY_BREAST"	"Putenbrust"	"APPLICABLE"	"Mageres helles Brustfleisch der Pute; als Filet, Schnitzel oder größeres Stück verwendbar."	"GENERAL_LOCAL"	"Katalogpfad Pute → Geflügel → Fleisch. Warengruppe Fleisch, formrelevanter Prüfhinweis aus der vollständigen Definition: »als Filet, Schnitzel oder größeres Stück verwendbar«. Regelweg in Bornheim über den lokalen Supermarktbereich »Fleischkühlung oder Bedientheke« in Bornheim."	"EASY"	"Putenbrust: gewöhnlicher lokaler Bezugsweg über den Bereich »Fleischkühlung oder Bedientheke«."	"OPTIONAL"	""	"GENERAL_LOCAL"	"Die Rostocker Warenprüfung für „Putenbrust“ erfolgt über die Fleischkühlung oder Bedientheke eines gewöhnlichen großen Rostocker Supermarkts."	"EASY"	"Putenbrust: gewöhnlicher lokaler Bezugsweg über den Bereich »Putenbrust«."	"OPTIONAL"	""	"TOBIAS_ROSTOCK_PROFILE"	"PROPOSED_FOR_HUMAN_REVIEW"
"TURKEY_MINCE"	"Putenhack"	"APPLICABLE"	"Zerkleinertes Putenfleisch mit geringem bis mittlerem Fettanteil; nicht gemischtes Geflügelhack."	"GENERAL_BROAD"	"Katalogpfad Hackfleisch → Pute → Fleisch → Geflügel. Warengruppe Fleisch, formrelevanter Prüfhinweis aus der vollständigen Definition: »nicht gemischtes Geflügelhack«. Allgemein planbarer, aber nicht lokal garantierter Weg über eine gezielte Bestellung oder Sortimentsprüfung bei MeinMetzger – reines Putenhackfleisch."	"PLANNED"	"Putenhack ist über eine gezielte Bestellung oder Sortimentsprüfung bei MeinMetzger – reines Putenhackfleisch im allgemeinen deutschen Handel planbar, lokal aber kein verlässlicher Standardartikel."	"REQUIRED"	"AV2N-N-0219"	"GENERAL_BROAD"	"Die Beschaffung von „Putenhack“ erfolgt in Rostock über Vorbestellung an einer gut sortierten Fleischtheke oder etablierter deutscher Metzgereiversand."	"PLANNED"	"Putenhack: Die Beschaffung von „Putenhack“ erfolgt in Rostock über Vorbestellung an einer gut sortierten Fleischtheke oder etablierter deutscher Metzgereiversand."	"OPTIONAL"	""	"BORDERLINE_PLANNED|EVIDENCE_REQUIRED|RATING_RECONCILED_V2|TOBIAS_ROSTOCK_PROFILE"	"PROPOSED_FOR_HUMAN_REVIEW"
"TURMERIC"	"Kurkuma"	"APPLICABLE"	"Getrocknetes gemahlenes Kurkuma mit erdig-warmem Aroma und starker gelber Färbung; nicht frisches Rhizom."	"GENERAL_LOCAL"	"Katalogpfad Gewürz oder trockenes Würzmittel. Warengruppe Gewürz, formrelevanter Prüfhinweis aus der vollständigen Definition: »nicht frisches Rhizom«. Regelweg in Bornheim über das örtliche Sortiment »Gewürz- und Trockenwürzregal« beim Wocheneinkauf in Bornheim."	"EASY"	"Kurkuma: gewöhnlicher lokaler Bezugsweg über den Bereich »Gewürz- und Trockenwürzregal«."	"OPTIONAL"	""	"GENERAL_LOCAL"	"Für „Kurkuma“ führt der Rostocker Marktweg über das Gewürz- oder Backregal eines gewöhnlichen großen Rostocker Supermarkts."	"EASY"	"Kurkuma: Rostocker Bezugsweg über das Gewürz- oder Backregal eines gewöhnlichen großen Rostocker Supermarkts."	"OPTIONAL"	""	"FORM_SENSITIVE|TOBIAS_ROSTOCK_PROFILE"	"PROPOSED_FOR_HUMAN_REVIEW"
"TURNIP"	"Speiserübe"	"APPLICABLE"	"Speiserübe mit weißem bis gelblichem, mild scharfem Wurzelfleisch; nicht Steckrübe."	"GENERAL_BROAD"	"Speiserübe: REWE nennt Markt und Supermarkt als allgemeinen Weg für Mairüben vor allem im Mai und Juni; EDEKA bestätigt den Einkauf im Sommerhalbjahr bis in den Herbst. Profilbezug Georgia: Bornheim beziehungsweise der planbare allgemeine deutsche Bezug; Köln oder Düsseldorf werden nicht als lokaler EASY-Weg gewertet."	"PLANNED"	"Speiserübe: REWE nennt Markt und Supermarkt als allgemeinen Weg für Mairüben vor allem im Mai und Juni; EDEKA bestätigt den Einkauf im Sommerhalbjahr bis in den Herbst."	"REQUIRED"	"AV2N-N-0220|AV2N-N-0220B"	"GENERAL_BROAD"	"Speiserübe: REWE nennt Markt und Supermarkt als allgemeinen Weg für Mairüben vor allem im Mai und Juni; EDEKA bestätigt den Einkauf vom Sommerhalbjahr bis in den Herbst. Tobias muss die saisonale Verfügbarkeit in Rostock vorab prüfen."	"PLANNED"	"Speiserübe: REWE nennt Markt und Supermarkt als allgemeinen Weg für Mairüben vor allem im Mai und Juni; EDEKA bestätigt den Einkauf vom Sommerhalbjahr bis in den Herbst. Tobias muss die saisonale Verfügbarkeit in Rostock vorab prüfen."	"OPTIONAL"	"AV2N-N-0220|AV2N-N-0220B"	"BORDERLINE_PLANNED|EVIDENCE_REQUIRED|RATING_RECONCILED_V2|TOBIAS_ROSTOCK_PROFILE"	"PROPOSED_FOR_HUMAN_REVIEW"
"TURRON"	"Turrón"	"APPLICABLE"	"Spanische Turrón-Süßwarenfamilie; umfasst insbesondere klassische harte und weiche nussbasierte Varianten wie Alicante und Jijona sowie etablierte weitere Ausprägungen. Nicht generisch jedes Nougat."	"GENERAL_BROAD"	"Turrón: Mitte Meer führt El Lobo Turrón de Alicante als harte klassische Variante mit 60 Prozent ganzen Marcona-Mandeln bestellbar; DHL-Lieferung auf das deutsche Festland in 3–4 Werktagen bildet Georgias geplanten Bornheimer Weg."	"PLANNED"	"Turrón: Mitte Meer führt El Lobo Turrón de Alicante als harte klassische Variante mit 60 Prozent ganzen Marcona-Mandeln bestellbar; DHL-Lieferung auf das deutsche Festland in 3–4 Werktagen bildet Georgias geplanten Bornheimer Weg."	"REQUIRED"	"AV2N-N-0221"	"GENERAL_BROAD"	"Turrón: Mitte Meer bietet El Lobo Turrón de Alicante als harte klassische Variante mit 60 Prozent ganzen Marcona-Mandeln an; DHL-Lieferung auf das deutsche Festland in 3–4 Werktagen macht den Rostocker Bezug planbar."	"PLANNED"	"Turrón: Mitte Meer bietet El Lobo Turrón de Alicante als harte klassische Variante mit 60 Prozent ganzen Marcona-Mandeln an; DHL-Lieferung auf das deutsche Festland in 3–4 Werktagen macht den Rostocker Bezug planbar."	"REQUIRED"	"AV2N-N-0222"	"BORDERLINE_PLANNED|EVIDENCE_REQUIRED|RESEARCH_REQUIRED|TOBIAS_ROSTOCK_PROFILE"	"PROPOSED_FOR_HUMAN_REVIEW"
"TVP"	"Sojagranulat"	"APPLICABLE"	"Texturiertes Sojaprotein, häufig als Granulat oder Schnetzel verkauft."	"GENERAL_BROAD"	"Katalogpfad pflanzliches Proteinprodukt → Sojazutat → Hülsenfrüchte. Warengruppe pflanzliches Proteinprodukt, formrelevanter Prüfhinweis aus der vollständigen Definition: »Sojaprotein, häufig als Granulat oder Schnetzel verkauft«. Allgemein planbarer, aber nicht lokal garantierter Weg über eine geplante Fahrt zu einem großen Markt mit dem Sortiment »Kühlregal für Tofu und pflanzliche Proteinprodukte«."	"PLANNED"	"Sojagranulat ist über eine geplante Fahrt zu einem großen Markt mit dem Sortiment »Kühlregal für Tofu und pflanzliche Proteinprodukte« im allgemeinen deutschen Handel planbar, lokal aber kein verlässlicher Standardartikel."	"OPTIONAL"	""	"GENERAL_BROAD"	"Der konkrete Bezug von „Sojagranulat“ läuft über gut sortierte Vollsortimenter und etablierte deutsche Bio- oder Trockenwarenhändler."	"PLANNED"	"Sojagranulat: Der konkrete Bezug von „Sojagranulat“ läuft über gut sortierte Vollsortimenter und etablierte deutsche Bio- oder Trockenwarenhändler."	"OPTIONAL"	""	"TOBIAS_ROSTOCK_PROFILE"	"PROPOSED_FOR_HUMAN_REVIEW"
"TWAROG"	"Twaróg"	"APPLICABLE"	"Polnischer frischer Sauermilch- oder Bruchkäse mit krümeligem bis cremigem Gefüge; Quark ist als Ersatz ähnlich, aber nicht identisch. Nicht mit körnigem Hüttenkäse gleichsetzen."	"SPECIALTY_BROAD"	"Katalogpfad Quark → gesäuertes Milchprodukt → Milchprodukte. Warengruppe Milchprodukt, formrelevanter Prüfhinweis aus der vollständigen Definition: »Nicht mit körnigem Hüttenkäse gleichsetzen«. Breiter einschlägiger Spezialmarkt über den freigegebenen v2-Anker mit dem Kerngrund »die regional höhere Wahrscheinlichkeit allein begründet kein PLANNED«. Für Georgias Bornheim-Profil bildet der breite osteuropäische Spezialmarkt im Rheinland den tragenden Bezugsweg."	"SPECIALTY"	"Twaróg: Für Tobias ist kein konkret regelmäßig bestückter osteuropäischer Fachmarktweg bekannt; die regional höhere Wahrscheinlichkeit allein begründet kein PLANNED."	"REQUIRED"	"AV2E-038"	"SPECIALTY_BROAD"	"Twaróg: Osteuropäische Lebensmittel-Fachsortimente führen den polnischen frischen Sauermilch- oder Bruchkäse in gekühlten Packungen und verschiedenen Fettstufen; die Marktbreite bleibt an diesen Spezialhandel gebunden."	"SPECIALTY"	"Twaróg: Für Tobias ist kein konkret regelmäßig bestückter osteuropäischer Fachmarktweg bekannt; die regional höhere Wahrscheinlichkeit allein begründet kein PLANNED."	"REQUIRED"	"AV2E-038"	"EVIDENCE_REQUIRED|FORM_SENSITIVE|REFERENCE_ANCHOR|REFERENCE_ANCHOR_V2|RESEARCH_REQUIRED|SPECIALTY_MARKET_BREADTH|TOBIAS_ROSTOCK_PROFILE"	"RATING_APPROVED_NOTE_PROPOSED_REFERENCE_ANCHOR_V2"
"UBE"	"Ube"	"APPLICABLE"	"Violette Yamswurzel mit mild-süßlichem, nussigem Aroma; frisch, tiefgekühlt oder als ungesüßtes Püree, nicht violette Süßkartoffel."	"NICHE_IMPORT"	"Katalogpfad Yamswurzel → Wurzel- und Knollengemüse → stärkehaltige Zutat oder Sättigungsbeilage → Gemüse. Warengruppe Gemüse oder Pilz, formrelevanter Prüfhinweis aus der vollständigen Definition: »frisch, tiefgekühlt oder als ungesüßtes Püree, nicht violette Süßkartoffel«. Der v2-Anker hält den Engpass fest: Die zulässigen Formen frisch, TK oder ungesüßtes reines Püree sind deutlich seltener als Pulver, Aroma und gesüßte Aufstriche enger philippinischer Import- und Kühlmarkt."	"DIFFICULT"	"Frische oder tiefgekühlte Ube sowie ungesüßtes reines Püree bleiben auf wenige philippinische Importwege mit fragilen Beständen und Kühlbedingungen beschränkt."	"REQUIRED"	"AV2E-073"	"NICHE_IMPORT"	"Frische oder tiefgekühlte Ube sowie ungesüßtes reines Püree bleiben auf wenige philippinische Importwege mit fragilen Beständen und Kühlbedingungen beschränkt."	"DIFFICULT"	"Frische oder tiefgekühlte Ube sowie ungesüßtes reines Püree bleiben auf wenige philippinische Importwege mit fragilen Beständen und Kühlbedingungen beschränkt."	"REQUIRED"	"AV2E-073"	"EVIDENCE_REQUIRED|FORM_OR_LOGISTICS_RISK|FORM_OR_ROUTE_FRAGILE|FORM_SENSITIVE|REFERENCE_ANCHOR|REFERENCE_ANCHOR_V2|RESEARCH_REQUIRED|TOBIAS_ROSTOCK_PROFILE"	"RATING_APPROVED_NOTE_PROPOSED_REFERENCE_ANCHOR_V2"
"UDON"	"Udon"	"APPLICABLE"	"Dicke japanische Weizennudeln mit weichem, elastischem Biss; frisch, gefroren oder getrocknet verwendbar."	"GENERAL_BROAD"	"Katalogpfad Nudeln → stärkehaltige Zutat oder Sättigungsbeilage. Warengruppe Getreide- oder Stärkeware, formrelevanter Prüfhinweis aus der vollständigen Definition: »frisch, gefroren oder getrocknet verwendbar«. Der regionale Ausgangspunkt bleibt Bornheim; der Bezug läuft über „Reis-, Mehl-, Nudel- oder Trockenwarenregal über eine deutsche Versandroute mit geprüftem Artikel“."	"PLANNED"	"Udon: Der regionale Ausgangspunkt bleibt Bornheim; der Bezug läuft über „Reis-, Mehl-, Nudel- oder Trockenwarenregal über eine deutsche Versandroute mit geprüftem Artikel“."	"OPTIONAL"	""	"GENERAL_BROAD"	"Tobias sucht „Udon“ in Rostock über gut sortierte Vollsortimenter und etablierte deutsche Bio- oder Trockenwarenhändler gesucht."	"PLANNED"	"Udon: Tobias sucht „Udon“ in Rostock über gut sortierte Vollsortimenter und etablierte deutsche Bio- oder Trockenwarenhändler gesucht."	"OPTIONAL"	""	"FORM_SENSITIVE|TOBIAS_ROSTOCK_PROFILE"	"PROPOSED_FOR_HUMAN_REVIEW"
"VANILLA"	"Vanille"	"APPLICABLE"	"Echte Vanille als Schote, Mark oder reiner Extrakt mit floral-süßem Aroma; nicht Vanillinzucker."	"GENERAL_LOCAL"	"Katalogpfad Gewürz oder trockenes Würzmittel. Warengruppe Gewürz, formrelevanter Prüfhinweis aus der vollständigen Definition: »nicht Vanillinzucker«. Regelweg in Bornheim über die gewöhnliche Bornheimer Auslage »Gewürz- und Trockenwürzregal«."	"EASY"	"Vanille: gewöhnlicher lokaler Bezugsweg über den Bereich »Gewürz- und Trockenwürzregal«."	"OPTIONAL"	""	"GENERAL_LOCAL"	"Die Beschaffung von „Vanille“ erfolgt in Rostock über das Gewürz- oder Backregal eines gewöhnlichen großen Rostocker Supermarkts."	"EASY"	"Vanille: gewöhnlicher lokaler Bezugsweg über den Bereich »Vanille«."	"OPTIONAL"	""	"TOBIAS_ROSTOCK_PROFILE"	"PROPOSED_FOR_HUMAN_REVIEW"
"VEAL"	"Kalbfleisch"	"APPLICABLE"	"Offene Vorgabe für Kalbfleisch; Zuschnitt, Fettanteil und Garmethode bleiben bewusst wählbar."	"GENERAL_BROAD"	"Katalogpfad Fleisch. Warengruppe Fleisch, formrelevanter Prüfhinweis aus der vollständigen Definition: »Zuschnitt, Fettanteil und Garmethode bleiben bewusst wählbar«. Allgemein planbarer, aber nicht lokal garantierter Weg über eine gezielte Bestellung oder Sortimentsprüfung bei MeinMetzger – Kalbfleisch."	"PLANNED"	"Kalbfleisch ist über eine gezielte Bestellung oder Sortimentsprüfung bei MeinMetzger – Kalbfleisch im allgemeinen deutschen Handel planbar, lokal aber kein verlässlicher Standardartikel."	"REQUIRED"	"AV2N-N-0223"	"GENERAL_BROAD"	"Beim Einkauf von „Kalbfleisch“ nutzt Tobias Vorbestellung an einer gut sortierten Fleischtheke oder etablierter deutscher Metzgereiversand."	"PLANNED"	"Kalbfleisch: Beim Einkauf von „Kalbfleisch“ nutzt Tobias Vorbestellung an einer gut sortierten Fleischtheke oder etablierter deutscher Metzgereiversand."	"OPTIONAL"	""	"BORDERLINE_PLANNED|EVIDENCE_REQUIRED|TOBIAS_ROSTOCK_PROFILE"	"PROPOSED_FOR_HUMAN_REVIEW"
"VEAL_CHEEK"	"Kalbsbäckchen"	"APPLICABLE"	"Kleines, stark beanspruchtes Muskelstück aus der Backe mit viel Kollagen und feiner Faser. Es benötigt langes Schmoren, wird dann sehr zart und ergibt eine kräftige, gelatinebetonte Sauce."	"GENERAL_BROAD"	"Katalogpfad Kalbfleisch → Fleisch. Warengruppe Fleisch, formrelevanter Prüfhinweis aus der vollständigen Definition: »Es benötigt langes Schmoren, wird dann sehr zart und ergibt eine kräftige, gelatinebetonte Sauce«. Allgemein planbarer, aber nicht lokal garantierter Weg über eine gezielte Bestellung oder Sortimentsprüfung bei MeinMetzger – Kalbsbäckchen vom Gourmetkalb."	"PLANNED"	"Kalbsbäckchen ist über eine gezielte Bestellung oder Sortimentsprüfung bei MeinMetzger – Kalbsbäckchen vom Gourmetkalb im allgemeinen deutschen Handel planbar, lokal aber kein verlässlicher Standardartikel."	"REQUIRED"	"AV2N-N-0224"	"GENERAL_BROAD"	"Tobias prüft „Kalbsbäckchen“ in Rostock über MeinMetzger – Kalbsbäckchen vom Gourmetkalb, wobei die Evidenz beim Abruf verfügbaren Bestand und Kühlversand ausweist."	"PLANNED"	"Kalbsbäckchen: Rostocker Bezugsweg über MeinMetzger – Kalbsbäckchen vom Gourmetkalb; dokumentiert sind beim Abruf verfügbaren Bestand und Kühlversand."	"REQUIRED"	"AV2N-N-0225"	"BORDERLINE_PLANNED|EVIDENCE_REQUIRED|RESEARCH_REQUIRED|TOBIAS_ROSTOCK_PROFILE"	"PROPOSED_FOR_HUMAN_REVIEW"
"VEAL_CHOP"	"Kalbskotelett"	"APPLICABLE"	"Knochenhaltige Scheibe aus dem Kalbsrücken beziehungsweise Karree mit magerem Fleischauge und meist etwas Randfett. Sie wird kurz gebraten oder gegrillt; der Knochen grenzt sie vom ausgelösten Kalbssteak ab."	"GENERAL_BROAD"	"Katalogpfad Kalbfleisch → Fleisch. Warengruppe Fleisch, formrelevanter Prüfhinweis aus der vollständigen Definition: »der Knochen grenzt sie vom ausgelösten Kalbssteak ab«. Allgemein planbarer, aber nicht lokal garantierter Weg über eine gezielte Bestellung oder Sortimentsprüfung bei MeinMetzger – Kalbskotelett Dry Aged."	"PLANNED"	"Kalbskotelett ist über eine gezielte Bestellung oder Sortimentsprüfung bei MeinMetzger – Kalbskotelett Dry Aged im allgemeinen deutschen Handel planbar, lokal aber kein verlässlicher Standardartikel."	"REQUIRED"	"AV2N-N-0226"	"GENERAL_BROAD"	"Für „Kalbskotelett“ wird das Angebot über Vorbestellung an einer gut sortierten Fleischtheke oder etablierter deutscher Metzgereiversand kontrolliert."	"PLANNED"	"Kalbskotelett: Für „Kalbskotelett“ wird das Angebot über Vorbestellung an einer gut sortierten Fleischtheke oder etablierter deutscher Metzgereiversand kontrolliert."	"OPTIONAL"	""	"BORDERLINE_PLANNED|EVIDENCE_REQUIRED|TOBIAS_ROSTOCK_PROFILE"	"PROPOSED_FOR_HUMAN_REVIEW"
"VEAL_CUTLET"	"Kalbsschnitzel"	"APPLICABLE"	"Dünne Kalbfleischscheibe für Schnitzel; paniert oder unpaniert, gemeint ist der Zuschnitt."	"GENERAL_BROAD"	"Katalogpfad Kalbfleisch → Fleisch. Warengruppe Fleisch, formrelevanter Prüfhinweis aus der vollständigen Definition: »paniert oder unpaniert, gemeint ist der Zuschnitt«. Allgemein planbarer, aber nicht lokal garantierter Weg über eine gezielte Bestellung oder Sortimentsprüfung bei MeinMetzger – Kalbsschnitzel vom Gourmetkalb."	"PLANNED"	"Kalbsschnitzel ist über eine gezielte Bestellung oder Sortimentsprüfung bei MeinMetzger – Kalbsschnitzel vom Gourmetkalb im allgemeinen deutschen Handel planbar, lokal aber kein verlässlicher Standardartikel."	"REQUIRED"	"AV2N-N-0227"	"GENERAL_BROAD"	"Der konkrete Bezug von „Kalbsschnitzel“ läuft über Vorbestellung an einer gut sortierten Fleischtheke oder etablierter deutscher Metzgereiversand."	"PLANNED"	"Kalbsschnitzel: Der konkrete Bezug von „Kalbsschnitzel“ läuft über Vorbestellung an einer gut sortierten Fleischtheke oder etablierter deutscher Metzgereiversand."	"OPTIONAL"	""	"BORDERLINE_PLANNED|EVIDENCE_REQUIRED|TOBIAS_ROSTOCK_PROFILE"	"PROPOSED_FOR_HUMAN_REVIEW"
"VEAL_GOULASH"	"Kalbsgulasch"	"APPLICABLE"	"Rohe Würfel oder grobe Stücke vom Kalb für Ragouts und andere langsam gegarte Gerichte; nicht das fertig gewürzte Gericht. Bindegewebsreichere Zuschnitte werden durch Schmoren zart und geben der Sauce Körper."	"GENERAL_BROAD"	"Katalogpfad Kalbfleisch → Fleisch. Warengruppe Fleisch, formrelevanter Prüfhinweis aus der vollständigen Definition: »Bindegewebsreichere Zuschnitte werden durch Schmoren zart und geben der Sauce Körper«. Allgemein planbarer, aber nicht lokal garantierter Weg über eine gezielte Bestellung oder Sortimentsprüfung bei MeinMetzger – Kalbsgulasch vom Gourmetkalb."	"PLANNED"	"Kalbsgulasch ist über eine gezielte Bestellung oder Sortimentsprüfung bei MeinMetzger – Kalbsgulasch vom Gourmetkalb im allgemeinen deutschen Handel planbar, lokal aber kein verlässlicher Standardartikel."	"REQUIRED"	"AV2N-N-0228"	"GENERAL_BROAD"	"Tobias sucht „Kalbsgulasch“ in Rostock über Vorbestellung an einer gut sortierten Fleischtheke oder etablierter deutscher Metzgereiversand gesucht."	"PLANNED"	"Kalbsgulasch: Tobias sucht „Kalbsgulasch“ in Rostock über Vorbestellung an einer gut sortierten Fleischtheke oder etablierter deutscher Metzgereiversand gesucht."	"OPTIONAL"	""	"BORDERLINE_PLANNED|EVIDENCE_REQUIRED|TOBIAS_ROSTOCK_PROFILE"	"PROPOSED_FOR_HUMAN_REVIEW"
"VEAL_LIVER"	"Kalbsleber"	"APPLICABLE"	"Zarte Kalbsleber mit milderem Geschmack als Rinderleber; kurze Garung bewahrt die weiche Textur."	"GENERAL_BROAD"	"Katalogpfad Innereien → Kalbfleisch → Fleisch. Warengruppe Fleisch, formrelevanter Prüfhinweis aus der vollständigen Definition: »kurze Garung bewahrt die weiche Textur«. Allgemein planbarer, aber nicht lokal garantierter Weg über eine gezielte Bestellung oder Sortimentsprüfung bei MeinMetzger – Kalbsleber in Scheiben."	"PLANNED"	"Kalbsleber ist über eine gezielte Bestellung oder Sortimentsprüfung bei MeinMetzger – Kalbsleber in Scheiben im allgemeinen deutschen Handel planbar, lokal aber kein verlässlicher Standardartikel."	"REQUIRED"	"AV2N-N-0229"	"GENERAL_BROAD"	"Für „Kalbsleber“ führt der Rostocker Marktweg über MeinMetzger – Kalbsleber in Scheiben, wobei die Evidenz beim Abruf verfügbaren Bestand und Kühlversand ausweist."	"PLANNED"	"Kalbsleber: Rostocker Bezugsweg über MeinMetzger – Kalbsleber in Scheiben; dokumentiert sind beim Abruf verfügbaren Bestand und Kühlversand."	"REQUIRED"	"AV2N-N-0230"	"BORDERLINE_PLANNED|EVIDENCE_REQUIRED|RESEARCH_REQUIRED|TOBIAS_ROSTOCK_PROFILE"	"PROPOSED_FOR_HUMAN_REVIEW"
"VEAL_MINCE"	"Kalbshackfleisch"	"APPLICABLE"	"Gewolftes Kalbfleisch mit mildem Geschmack und meist geringerem Fettanteil als gemischtes Hack. Es eignet sich etwa für Füllungen, Klöße, Frikadellen oder Saucen, verlangt wegen seiner mageren Struktur aber vorsichtige Garung."	"GENERAL_BROAD"	"Katalogpfad Hackfleisch → Kalbfleisch → Fleisch. Warengruppe Fleisch, formrelevanter Prüfhinweis aus der vollständigen Definition: »Es eignet sich etwa für Füllungen, Klöße, Frikadellen oder Saucen, verlangt wegen seiner mageren Struktur aber vorsichtige«. Allgemein planbarer, aber nicht lokal garantierter Weg über eine gezielte Bestellung oder Sortimentsprüfung bei MeinMetzger – reines Kalbshackfleisch."	"PLANNED"	"Kalbshackfleisch ist über eine gezielte Bestellung oder Sortimentsprüfung bei MeinMetzger – reines Kalbshackfleisch im allgemeinen deutschen Handel planbar, lokal aber kein verlässlicher Standardartikel."	"REQUIRED"	"AV2N-N-0231"	"GENERAL_BROAD"	"Die Rostocker Warenprüfung für „Kalbshackfleisch“ erfolgt über Vorbestellung an einer gut sortierten Fleischtheke oder etablierter deutscher Metzgereiversand."	"PLANNED"	"Kalbshackfleisch: Die Rostocker Warenprüfung für „Kalbshackfleisch“ erfolgt über Vorbestellung an einer gut sortierten Fleischtheke oder etablierter deutscher Metzgereiversand."	"OPTIONAL"	""	"BORDERLINE_PLANNED|EVIDENCE_REQUIRED|TOBIAS_ROSTOCK_PROFILE"	"PROPOSED_FOR_HUMAN_REVIEW"
"VEAL_ROAST"	"Kalbsbraten"	"APPLICABLE"	"Größeres zusammenhängendes Stück Kalbfleisch zum Braten oder Schmoren; der anatomische Zuschnitt bleibt bewusst offen. Garmethode und Garzeit richten sich nach Fett- und Bindegewebsanteil des gewählten Stücks."	"GENERAL_BROAD"	"Katalogpfad Kalbfleisch → Fleisch. Warengruppe Fleisch, formrelevanter Prüfhinweis aus der vollständigen Definition: »Garmethode und Garzeit richten sich nach Fett- und Bindegewebsanteil des gewählten Stücks«. Allgemein planbarer, aber nicht lokal garantierter Weg über eine gezielte Bestellung oder Sortimentsprüfung bei MeinMetzger – Kalbsbraten mager von der Schulter."	"PLANNED"	"Kalbsbraten ist über eine gezielte Bestellung oder Sortimentsprüfung bei MeinMetzger – Kalbsbraten mager von der Schulter im allgemeinen deutschen Handel planbar, lokal aber kein verlässlicher Standardartikel."	"REQUIRED"	"AV2N-N-0232"	"GENERAL_BROAD"	"Tobias prüft „Kalbsbraten“ in Rostock über Vorbestellung an einer gut sortierten Fleischtheke oder etablierter deutscher Metzgereiversand."	"PLANNED"	"Kalbsbraten: Rostocker Bezugsweg über Vorbestellung an einer gut sortierten Fleischtheke oder etablierter deutscher Metzgereiversand."	"OPTIONAL"	""	"BORDERLINE_PLANNED|EVIDENCE_REQUIRED|TOBIAS_ROSTOCK_PROFILE"	"PROPOSED_FOR_HUMAN_REVIEW"
"VEAL_SHANK"	"Kalbshaxe"	"APPLICABLE"	"Quergeschnittene oder ganze Kalbshaxe mit Knochen und Kollagen; für langsames Schmoren wie bei Ossobuco geeignet."	"GENERAL_BROAD"	"Katalogpfad Kalbfleisch → Fleisch. Warengruppe Fleisch, formrelevanter Prüfhinweis aus der vollständigen Definition: »für langsames Schmoren wie bei Ossobuco geeignet«. Allgemein planbarer, aber nicht lokal garantierter Weg über eine gezielte Bestellung oder Sortimentsprüfung bei MeinMetzger – Kalbshaxe Osso-Buco."	"PLANNED"	"Kalbshaxe ist über eine gezielte Bestellung oder Sortimentsprüfung bei MeinMetzger – Kalbshaxe Osso-Buco im allgemeinen deutschen Handel planbar, lokal aber kein verlässlicher Standardartikel."	"REQUIRED"	"AV2N-N-0233"	"GENERAL_BROAD"	"Tobias prüft „Kalbshaxe“ in Rostock über MeinMetzger – Kalbshaxe Osso-Buco, wobei die Evidenz beim Abruf verfügbaren Bestand und Kühlversand ausweist."	"PLANNED"	"Kalbshaxe: Rostocker Bezugsweg über MeinMetzger – Kalbshaxe Osso-Buco; dokumentiert sind beim Abruf verfügbaren Bestand und Kühlversand."	"REQUIRED"	"AV2N-N-0234"	"BORDERLINE_PLANNED|EVIDENCE_REQUIRED|RESEARCH_REQUIRED|TOBIAS_ROSTOCK_PROFILE"	"PROPOSED_FOR_HUMAN_REVIEW"
"VEAL_STEAK"	"Kalbssteak"	"APPLICABLE"	"Dicke, ausgelöste Scheibe aus einem zarten Kalbsteilstück, etwa Rücken oder Hüfte; nicht das dünne Kalbsschnitzel. Sie eignet sich zum kurzen Braten oder Grillen und sollte wegen ihrer mageren, feinen Struktur nicht übergart werden."	"GENERAL_BROAD"	"Katalogpfad Kalbfleisch → Fleisch. Warengruppe Fleisch, formrelevanter Prüfhinweis aus der vollständigen Definition: »Sie eignet sich zum kurzen Braten oder Grillen und sollte wegen ihrer mageren, feinen Struktur nicht übergart werden«. Allgemein planbarer, aber nicht lokal garantierter Weg über eine gezielte Bestellung oder Sortimentsprüfung bei MeinMetzger – Kalbshüftsteaks extra zart."	"PLANNED"	"Kalbssteak ist über eine gezielte Bestellung oder Sortimentsprüfung bei MeinMetzger – Kalbshüftsteaks extra zart im allgemeinen deutschen Handel planbar, lokal aber kein verlässlicher Standardartikel."	"REQUIRED"	"AV2N-N-0235"	"GENERAL_BROAD"	"Für „Kalbssteak“ führt der Rostocker Marktweg über Vorbestellung an einer gut sortierten Fleischtheke oder etablierter deutscher Metzgereiversand."	"PLANNED"	"Kalbssteak: Rostocker Bezugsweg über Vorbestellung an einer gut sortierten Fleischtheke oder etablierter deutscher Metzgereiversand."	"OPTIONAL"	""	"BORDERLINE_PLANNED|EVIDENCE_REQUIRED|TOBIAS_ROSTOCK_PROFILE"	"PROPOSED_FOR_HUMAN_REVIEW"
"VEAL_STRIPS"	"Kalbsgeschnetzeltes"	"APPLICABLE"	"In schmale Streifen geschnittenes, meist mageres Kalbfleisch zum sehr kurzen Anbraten. Gemeint ist der rohe Zuschnitt; eine Sauce oder ein bestimmtes Gericht wie Zürcher Geschnetzeltes ist nicht vorgegeben."	"GENERAL_BROAD"	"Katalogpfad Kalbfleisch → Fleisch. Warengruppe Fleisch, formrelevanter Prüfhinweis aus der vollständigen Definition: »eine Sauce oder ein bestimmtes Gericht wie Zürcher Geschnetzeltes ist nicht vorgegeben«. Allgemein planbarer, aber nicht lokal garantierter Weg über eine gezielte Bestellung oder Sortimentsprüfung bei MeinMetzger – Kalbsgeschnetzeltes extra zart."	"PLANNED"	"Kalbsgeschnetzeltes ist über eine gezielte Bestellung oder Sortimentsprüfung bei MeinMetzger – Kalbsgeschnetzeltes extra zart im allgemeinen deutschen Handel planbar, lokal aber kein verlässlicher Standardartikel."	"REQUIRED"	"AV2N-N-0236"	"GENERAL_BROAD"	"Die Beschaffung von „Kalbsgeschnetzeltes“ erfolgt in Rostock über Vorbestellung an einer gut sortierten Fleischtheke oder etablierter deutscher Metzgereiversand."	"PLANNED"	"Kalbsgeschnetzeltes: Die Beschaffung von „Kalbsgeschnetzeltes“ erfolgt in Rostock über Vorbestellung an einer gut sortierten Fleischtheke oder etablierter deutscher Metzgereiversand."	"OPTIONAL"	""	"BORDERLINE_PLANNED|EVIDENCE_REQUIRED|TOBIAS_ROSTOCK_PROFILE"	"PROPOSED_FOR_HUMAN_REVIEW"
"VEAL_SWEETBREAD"	"Kalbsbries"	"APPLICABLE"	"Kalbsbries bezeichnet eine zarte Drüse des jungen Kalbes, vor allem den Thymus, mit feiner, cremiger Textur. Vor der Zubereitung wird es meist gewässert, blanchiert und von Häuten befreit; es ist weder Hirn noch gewöhnliches Muskelfleisch."	"NICHE_IMPORT"	"Katalogpfad Innereien → Kalbfleisch → Fleisch. Warengruppe Fleisch, formrelevanter Prüfhinweis aus der vollständigen Definition: »es ist weder Hirn noch gewöhnliches Muskelfleisch«. Nur der schmale Händlerweg über MeinMetzger – veal cuts direct shop ist positiv belegt; Kühlversand begrenzt Form, Bestand oder Logistik."	"DIFFICULT"	"Kalbsbries: Nur der schmale Händlerweg über MeinMetzger – veal cuts direct shop ist positiv belegt; Kühlversand begrenzt Form, Bestand oder Logistik."	"REQUIRED"	"AV2N-N-0237"	"NICHE_IMPORT"	"Tobias prüft „Kalbsbries“ in Rostock über MeinMetzger – veal cuts direct shop, wobei die Evidenz ein dokumentiertes laufendes Angebot und Kühlversand ausweist."	"DIFFICULT"	"Kalbsbries: Rostocker Bezugsweg über MeinMetzger – veal cuts direct shop; dokumentiert sind ein dokumentiertes laufendes Angebot und Kühlversand."	"REQUIRED"	"AV2N-N-0238"	"BORDERLINE_PLANNED|EVIDENCE_REQUIRED|FORM_OR_LOGISTICS_RISK|RATING_RECONCILED_V2|RESEARCH_REQUIRED|TOBIAS_ROSTOCK_PROFILE"	"PROPOSED_FOR_HUMAN_REVIEW"
"VEGETABLE_STOCK"	"Gemüsebrühe"	"APPLICABLE"	"Pflanzliche Brühe oder Fond aus Gemüse und Aromaten; selbst gekocht oder als schlichtes Fertigprodukt verwendbar."	"GENERAL_LOCAL"	"Katalogpfad Brühe oder Fond. Warengruppe Brühe oder Fond, formrelevanter Prüfhinweis aus der vollständigen Definition: »selbst gekocht oder als schlichtes Fertigprodukt verwendbar«. Regelweg in Bornheim über die gewöhnliche Bornheimer Auslage »Brühen-, Fond- und Suppenregal«."	"EASY"	"Gemüsebrühe: gewöhnlicher lokaler Bezugsweg über den Bereich »Brühen-, Fond- und Suppenregal«."	"OPTIONAL"	""	"GENERAL_LOCAL"	"Die Beschaffung von „Gemüsebrühe“ erfolgt in Rostock über das Brühen-, Fonds- oder Suppenregal eines gewöhnlichen großen Rostocker Supermarkts."	"EASY"	"Gemüsebrühe: gewöhnlicher lokaler Bezugsweg über den Bereich »Gemüsebrühe«."	"OPTIONAL"	""	"TOBIAS_ROSTOCK_PROFILE"	"PROPOSED_FOR_HUMAN_REVIEW"
"VEGETABLES"	"Gemüse"	"APPLICABLE"	"Offene Vorgabe für kulinarisch als Gemüse verwendete Pflanzen und Pflanzenteile; Art und Textur bleiben wählbar."	"GENERAL_LOCAL"	"Katalogpfad eigenständige Katalogwurzel. Warengruppe Gemüse oder Pilz, formrelevanter Prüfhinweis aus der vollständigen Definition: »Art und Textur bleiben wählbar«. Regelweg in Bornheim über das örtliche Sortiment »Obst- und Gemüseabteilung« beim Wocheneinkauf in Bornheim."	"EASY"	"Gemüse: gewöhnlicher lokaler Bezugsweg über den Bereich »Obst- und Gemüseabteilung«."	"OPTIONAL"	""	"GENERAL_LOCAL"	"Für „Gemüse“ führt der Rostocker Marktweg über die Gemüseabteilung eines gewöhnlichen großen Rostocker Supermarkts."	"EASY"	"Gemüse: Rostocker Bezugsweg über die Gemüseabteilung eines gewöhnlichen großen Rostocker Supermarkts."	"OPTIONAL"	""	"TOBIAS_ROSTOCK_PROFILE"	"PROPOSED_FOR_HUMAN_REVIEW"
"VENISON"	"Hirschfleisch"	"APPLICABLE"	"Hirschfleisch mit magerem, kräftigem Wildaroma; konkrete Hirschart und Zuschnitt bleiben offen."	"GENERAL_BROAD"	"Katalogpfad Wildfleisch → Fleisch. Warengruppe Fleisch, formrelevanter Prüfhinweis aus der vollständigen Definition: »konkrete Hirschart und Zuschnitt bleiben offen«. Allgemein planbarer, aber nicht lokal garantierter Weg über eine gezielte Bestellung oder Sortimentsprüfung bei MeinMetzger – Hirschbraten aus der Keule."	"PLANNED"	"Hirschfleisch ist über eine gezielte Bestellung oder Sortimentsprüfung bei MeinMetzger – Hirschbraten aus der Keule im allgemeinen deutschen Handel planbar, lokal aber kein verlässlicher Standardartikel."	"REQUIRED"	"AV2N-N-0239"	"GENERAL_BROAD"	"Tobias prüft „Hirschfleisch“ in Rostock über MeinMetzger – Hirschbraten aus der Keule, wobei die Evidenz beim Abruf verfügbaren Bestand und Kühlversand ausweist."	"PLANNED"	"Hirschfleisch: Rostocker Bezugsweg über MeinMetzger – Hirschbraten aus der Keule; dokumentiert sind beim Abruf verfügbaren Bestand und Kühlversand."	"REQUIRED"	"AV2N-N-0240"	"BORDERLINE_PLANNED|EVIDENCE_REQUIRED|RESEARCH_REQUIRED|TOBIAS_ROSTOCK_PROFILE"	"PROPOSED_FOR_HUMAN_REVIEW"
"VIETNAMESE_CORIANDER"	"vietnamesischer Koriander"	"APPLICABLE"	"Vietnamesischer Koriander beziehungsweise Rau răm mit pfeffrig-zitrischem Aroma; botanisch kein echter Koriander."	"NICHE_IMPORT"	"Katalogpfad Kräuter und Würzblätter. Warengruppe frisches Würzkraut, formrelevanter Prüfhinweis aus der vollständigen Definition: »botanisch kein echter Koriander«. Nur der schmale Händlerweg über Asia Moin – fresh Rau Răm 100 g ist positiv belegt; Kühlversand begrenzt Form, Bestand oder Logistik."	"DIFFICULT"	"vietnamesischer Koriander: Nur der schmale Händlerweg über Asia Moin – fresh Rau Răm 100 g ist positiv belegt; Kühlversand begrenzt Form, Bestand oder Logistik."	"REQUIRED"	"AV2N-N-0241"	"NICHE_IMPORT"	"Tobias prüft „vietnamesischer Koriander“ in Rostock über Asia Moin – fresh Rau Răm 100 g, wobei die Evidenz beim Abruf verfügbaren Bestand und Kühlversand ausweist."	"DIFFICULT"	"vietnamesischer Koriander: Rostocker Bezugsweg über Asia Moin – fresh Rau Răm 100 g; dokumentiert sind beim Abruf verfügbaren Bestand und Kühlversand."	"REQUIRED"	"AV2N-N-0242"	"EVIDENCE_REQUIRED|FORM_OR_LOGISTICS_RISK|RATING_RECONCILED_V2|RESEARCH_REQUIRED|TOBIAS_ROSTOCK_PROFILE"	"PROPOSED_FOR_HUMAN_REVIEW"
"VIETNAMESE_SOYBEAN_PASTE"	"Tương oder vietnamesische Sojabohnenpaste"	"APPLICABLE"	"Vietnamesische fermentierte Würze aus Sojabohnen, häufig mit Reis beziehungsweise Klebreis und Salz; je nach regionaler Form dickflüssig bis pastös. Nicht mit flüssiger Sojasauce, Miso oder Hoisinsauce gleichsetzen."	"NICHE_IMPORT"	"Katalogpfad fermentierte Würzzutat → fertige Sauce oder Würzpaste → Sojazutat → Sauce, Würzmittel oder Paste. Warengruppe Sauce oder Würzpaste, formrelevanter Prüfhinweis aus der vollständigen Definition: »Nicht mit flüssiger Sojasauce, Miso oder Hoisinsauce gleichsetzen«. Nur der schmale Händlerweg über NAGOFA – Tương nếp bần 500 ml ist positiv belegt; Importbeschränkung begrenzt Form, Bestand oder Logistik."	"DIFFICULT"	"Tương oder vietnamesische Sojabohnenpaste: Nur der schmale Händlerweg über NAGOFA – Tương nếp bần 500 ml ist positiv belegt; Importbeschränkung begrenzt Form, Bestand oder Logistik."	"REQUIRED"	"AV2N-N-0243"	"NICHE_IMPORT"	"Tobias prüft „Tương oder vietnamesische Sojabohnenpaste“ in Rostock über NAGOFA – Tương nếp bần 500 ml, wobei die Evidenz eine vor dem Einkauf erneut zu prüfende Verfügbarkeit und Importbeschränkungen ausweist."	"DIFFICULT"	"Tương oder vietnamesische Sojabohnenpaste: Rostocker Bezugsweg über NAGOFA – Tương nếp bần 500 ml; dokumentiert sind eine vor dem Einkauf erneut zu prüfende Verfügbarkeit und Importbeschränkungen."	"REQUIRED"	"AV2N-N-0244"	"EVIDENCE_REQUIRED|FORM_OR_ROUTE_FRAGILE|RATING_RECONCILED_V2|RESEARCH_REQUIRED|SPECIALTY_MARKET_BREADTH|TOBIAS_ROSTOCK_PROFILE"	"PROPOSED_FOR_HUMAN_REVIEW"
"VINEGAR"	"Essig"	"APPLICABLE"	"Offene Vorgabe für Speiseessig; Rohstoff, Reife, Süße und Säureprofil bleiben wählbar."	"GENERAL_LOCAL"	"Katalogpfad eigenständige Katalogwurzel. Warengruppe Speiseessig, formrelevanter Prüfhinweis aus der vollständigen Definition: »Rohstoff, Reife, Süße und Säureprofil bleiben wählbar«. Regelweg in Bornheim über nahe Supermarktfilialen in Bornheim mit dem Bereich »Essig- und Ölregal«."	"EASY"	"Essig: gewöhnlicher lokaler Bezugsweg über den Bereich »Essig- und Ölregal«."	"OPTIONAL"	""	"GENERAL_LOCAL"	"Tobias prüft „Essig“ in Rostock über das Saucen-, Essig- oder Feinkostregal eines gewöhnlichen großen Rostocker Supermarkts."	"EASY"	"Essig: Rostocker Bezugsweg über das Saucen-, Essig- oder Feinkostregal eines gewöhnlichen großen Rostocker Supermarkts."	"OPTIONAL"	""	"TOBIAS_ROSTOCK_PROFILE"	"PROPOSED_FOR_HUMAN_REVIEW"
"WAFFLES"	"Waffel"	"APPLICABLE"	"Offene Waffelfamilie für süße und herzhafte Waffelprodukte. Bekannte Varianten sind Stroopwafel, Brüsseler Waffel und Lütticher Waffel; Belag oder Füllung werden nicht vorausgesetzt."	"GENERAL_LOCAL"	"Katalogpfad Backware. Warengruppe Back- oder Brotwaren, formrelevanter Prüfhinweis aus der vollständigen Definition: »Belag oder Füllung werden nicht vorausgesetzt«. Regelweg in Bornheim über das örtliche Sortiment »Brot-, Backwaren- oder Backzutatenbereich« beim Wocheneinkauf in Bornheim."	"EASY"	"Waffel: gewöhnlicher lokaler Bezugsweg über den Bereich »Brot-, Backwaren- oder Backzutatenbereich«."	"OPTIONAL"	""	"GENERAL_LOCAL"	"Tobias prüft „Waffel“ in Rostock über das Back-, Süßwaren- oder Brotregal eines gewöhnlichen großen Rostocker Supermarkts."	"EASY"	"Waffel: Rostocker Bezugsweg über das Back-, Süßwaren- oder Brotregal eines gewöhnlichen großen Rostocker Supermarkts."	"OPTIONAL"	""	"TOBIAS_ROSTOCK_PROFILE"	"PROPOSED_FOR_HUMAN_REVIEW"
"WAKAME"	"Wakame"	"APPLICABLE"	"Zarte grüne Braunalge mit mildem Meeresaroma, meist getrocknet erhältlich; nicht Kombu oder Nori."	"GENERAL_BROAD"	"Asiafoodland zeigt getrocknete Wakame-Meeresalgen im 20-g-Beutel aktuell mit Warenkorb und Lagerbestand. Die haltbare Trockenware wird per DHL nach Bornheim geliefert und ist klar von Kombu und Nori benannt."	"PLANNED"	"Wakame: Asiafoodland zeigt getrocknete Wakame-Meeresalgen im 20-g-Beutel aktuell mit Warenkorb und Lagerbestand. Die haltbare Trockenware wird per DHL nach Bornheim geliefert und ist klar von Kombu und Nori benannt."	"OPTIONAL"	""	"GENERAL_BROAD"	"Die konkrete Asiafoodland-Seite belegt 20 g getrocknete Wakame mit aktuellem Bestand. Tobias kann die von Kombu und Nori abgegrenzte Trockenalge per DHL nach Rostock bestellen."	"PLANNED"	"Wakame: Die konkrete Asiafoodland-Seite belegt 20 g getrocknete Wakame mit aktuellem Bestand. Tobias kann die von Kombu und Nori abgegrenzte Trockenalge per DHL nach Rostock bestellen."	"REQUIRED"	"AV2N-N-0245"	"RATING_RECONCILED_V2|RESEARCH_REQUIRED|SPECIALTY_MARKET_BREADTH|TOBIAS_ROSTOCK_PROFILE"	"PROPOSED_FOR_HUMAN_REVIEW"
"WALNUT"	"Walnüsse"	"APPLICABLE"	"Walnusskerne mit herb-nussigem Geschmack und hohem Fettanteil; roh oder geröstet verwendbar."	"GENERAL_LOCAL"	"Katalogpfad Nüsse. Warengruppe Nuss, Saat oder Mus, formrelevanter Prüfhinweis aus der vollständigen Definition: »roh oder geröstet verwendbar«. Regelweg in Bornheim über ortsübliche Vollsortimenter rund um Bornheim, konkret im Bereich »Nuss-, Saaten- oder Nussmusregal«."	"EASY"	"Walnüsse: gewöhnlicher lokaler Bezugsweg über den Bereich »Nuss-, Saaten- oder Nussmusregal«."	"OPTIONAL"	""	"GENERAL_LOCAL"	"Für „Walnüsse“ führt der Rostocker Marktweg über das Nuss-, Saaten-, Back- oder Brotaufstrichregal eines gewöhnlichen großen Rostocker Supermarkts."	"EASY"	"Walnüsse: Rostocker Bezugsweg über das Nuss-, Saaten-, Back- oder Brotaufstrichregal eines gewöhnlichen großen Rostocker Supermarkts."	"OPTIONAL"	""	"TOBIAS_ROSTOCK_PROFILE"	"PROPOSED_FOR_HUMAN_REVIEW"
"WATER_CHESTNUT"	"Wasserkastanien"	"APPLICABLE"	"Knackige unterirdische Sprossknollen der Wasserkastanie, frisch oder in Dose; botanisch keine Nuss."	"GENERAL_BROAD"	"Katalogpfad Wurzel- und Knollengemüse → Gemüse. Warengruppe konservierte Pflanzenware, formrelevanter Prüfhinweis aus der vollständigen Definition: »botanisch keine Nuss«. Allgemein planbarer, aber nicht lokal garantierter Weg über eine reguläre Onlinebestellung im allgemeinen Handel mit formgenauer Artikelsuche."	"PLANNED"	"Wasserkastanien ist über eine reguläre Onlinebestellung im allgemeinen Handel mit formgenauer Artikelsuche im allgemeinen deutschen Handel planbar, lokal aber kein verlässlicher Standardartikel."	"OPTIONAL"	""	"GENERAL_BROAD"	"Tobias sucht „Wasserkastanien“ in Rostock über gut sortierte Vollsortimenter und etablierte deutsche Gemüse- oder Frischehändler gesucht."	"PLANNED"	"Wasserkastanien: Tobias sucht „Wasserkastanien“ in Rostock über gut sortierte Vollsortimenter und etablierte deutsche Gemüse- oder Frischehändler gesucht."	"OPTIONAL"	""	"FORM_SENSITIVE|TOBIAS_ROSTOCK_PROFILE"	"PROPOSED_FOR_HUMAN_REVIEW"
"WATER_SPINACH"	"Wasserspinat oder Kangkong"	"APPLICABLE"	"Wasserspinat beziehungsweise Kangkong mit hohlen Stielen und zarten Blättern; nicht gewöhnlicher Spinat."	"NICHE_IMPORT"	"Katalogpfad Blattgemüse → Gemüse. Warengruppe Gemüse oder Pilz, formrelevanter Prüfhinweis aus der vollständigen Definition: »nicht gewöhnlicher Spinat«. Nur der schmale Händlerweg über Asia Moin – fresh vegetables including Rau Muong ist positiv belegt; Kühlversand begrenzt Form, Bestand oder Logistik."	"DIFFICULT"	"Wasserspinat oder Kangkong: Nur der schmale Händlerweg über Asia Moin – fresh vegetables including Rau Muong ist positiv belegt; Kühlversand begrenzt Form, Bestand oder Logistik."	"REQUIRED"	"AV2N-N-0246"	"NICHE_IMPORT"	"Tobias prüft „Wasserspinat oder Kangkong“ in Rostock über Asia Moin – fresh vegetables including Rau Muong, wobei die Evidenz beim Abruf verfügbaren Bestand und Kühlversand ausweist."	"DIFFICULT"	"Wasserspinat oder Kangkong: Rostocker Bezugsweg über Asia Moin – fresh vegetables including Rau Muong; dokumentiert sind beim Abruf verfügbaren Bestand und Kühlversand."	"REQUIRED"	"AV2N-N-0247"	"EVIDENCE_REQUIRED|FORM_OR_LOGISTICS_RISK|RATING_RECONCILED_V2|RESEARCH_REQUIRED|TOBIAS_ROSTOCK_PROFILE"	"PROPOSED_FOR_HUMAN_REVIEW"
"WATERCRESS"	"Brunnenkresse"	"APPLICABLE"	"Brunnenkresse mit saftigen Stielen und deutlich pfeffrigem Geschmack; roh oder kurz gegart verwendbar."	"GENERAL_BROAD"	"Katalogpfad Blattgemüse → Gemüse. Warengruppe Gemüse oder Pilz, formrelevanter Prüfhinweis aus der vollständigen Definition: »roh oder kurz gegart verwendbar«. Brunnenkresse ist über gut sortierte Gemüse- und Kräuterabteilungen mit vorheriger Bestandsabfrage planbar; ein bestimmter Bornheimer Filialbestand wird nicht vorausgesetzt."	"PLANNED"	"Brunnenkresse: Über gut sortierten Frischehandel und planbare deutsche Frischewege erhältlich aber kein spontaner Standardartikel."	"REQUIRED"	"AV2E-018"	"GENERAL_BROAD"	"Brunnenkresse: Über gut sortierten Frischehandel und planbare deutsche Frischewege erhältlich aber kein spontaner Standardartikel."	"PLANNED"	"Brunnenkresse: Über gut sortierten Frischehandel und planbare deutsche Frischewege erhältlich aber kein spontaner Standardartikel."	"REQUIRED"	"AV2E-018"	"BORDERLINE_PLANNED|EVIDENCE_REQUIRED|REFERENCE_ANCHOR|REFERENCE_ANCHOR_V2|RESEARCH_REQUIRED|TOBIAS_ROSTOCK_PROFILE"	"RATING_APPROVED_NOTE_PROPOSED_REFERENCE_ANCHOR_V2"
"WATERMELON"	"Wassermelone"	"APPLICABLE"	"Wassermelone mit sehr saftigem, süßem Fruchtfleisch; kernarme und kernhaltige Sorten sind umfasst."	"GENERAL_LOCAL"	"Katalogpfad Melone → Obst. Warengruppe Obst, formrelevanter Prüfhinweis aus der vollständigen Definition: »kernarme und kernhaltige Sorten sind umfasst«. Regelweg in Bornheim über die gewöhnliche Bornheimer Auslage »Obst- und Gemüseabteilung«."	"EASY"	"Wassermelone: gewöhnlicher lokaler Bezugsweg über den Bereich »Obst- und Gemüseabteilung«."	"OPTIONAL"	""	"GENERAL_LOCAL"	"Für „Wassermelone“ führt der Rostocker Marktweg über die Obstabteilung eines gewöhnlichen großen Rostocker Supermarkts."	"EASY"	"Wassermelone: Rostocker Bezugsweg über die Obstabteilung eines gewöhnlichen großen Rostocker Supermarkts."	"OPTIONAL"	""	"TOBIAS_ROSTOCK_PROFILE"	"PROPOSED_FOR_HUMAN_REVIEW"
"WHEAT_FLOUR"	"Weizenmehl"	"APPLICABLE"	"Mehl aus Weizen; Ausmahlungsgrad und Proteinanteil bleiben offen, nicht Hartweizengrieß."	"GENERAL_LOCAL"	"Katalogpfad Mehl → stärkehaltige Zutat oder Sättigungsbeilage. Warengruppe Getreide- oder Stärkeware, formrelevanter Prüfhinweis aus der vollständigen Definition: »Ausmahlungsgrad und Proteinanteil bleiben offen, nicht Hartweizengrieß«. Regelweg in Bornheim über nahe Supermarktfilialen in Bornheim mit dem Bereich »Reis-, Mehl-, Nudel- oder Trockenwarenregal«."	"EASY"	"Weizenmehl: gewöhnlicher lokaler Bezugsweg über den Bereich »Reis-, Mehl-, Nudel- oder Trockenwarenregal«."	"OPTIONAL"	""	"GENERAL_LOCAL"	"Beim Einkauf von „Weizenmehl“ nutzt Tobias das Getreide-, Mehl-, Reis- oder Teigwarenregal eines gewöhnlichen großen Rostocker Supermarkts."	"EASY"	"Weizenmehl: gewöhnlicher lokaler Bezugsweg über den Bereich »Weizenmehl«."	"OPTIONAL"	""	"TOBIAS_ROSTOCK_PROFILE"	"PROPOSED_FOR_HUMAN_REVIEW"
"WHEAT_NOODLES"	"Weizennudeln"	"APPLICABLE"	"Weizennudeln außerhalb der engeren italienischen Pasta-Familie; Dicke sowie Ei- und Alkalianteil bleiben wählbar."	"GENERAL_LOCAL"	"Katalogpfad Nudeln → stärkehaltige Zutat oder Sättigungsbeilage. Warengruppe Getreide- oder Stärkeware, formrelevanter Prüfhinweis aus der vollständigen Definition: »Dicke sowie Ei- und Alkalianteil bleiben wählbar«. Regelweg in Bornheim über den lokalen Supermarktbereich »Reis-, Mehl-, Nudel- oder Trockenwarenregal« in Bornheim."	"EASY"	"Weizennudeln: gewöhnlicher lokaler Bezugsweg über den Bereich »Reis-, Mehl-, Nudel- oder Trockenwarenregal«."	"OPTIONAL"	""	"GENERAL_LOCAL"	"Für „Weizennudeln“ wird das Angebot über das Getreide-, Mehl-, Reis- oder Teigwarenregal eines gewöhnlichen großen Rostocker Supermarkts kontrolliert."	"EASY"	"Weizennudeln: gewöhnlicher lokaler Bezugsweg über den Bereich »Weizennudeln«."	"OPTIONAL"	""	"TOBIAS_ROSTOCK_PROFILE"	"PROPOSED_FOR_HUMAN_REVIEW"
"WHEAT_PASTA"	"Weizenpasta"	"APPLICABLE"	"Offene Familie italienisch geprägter Weizenpasta; Form, frisch oder getrocknet und Ei-Anteil bleiben offen."	"GENERAL_LOCAL"	"Katalogpfad Nudeln → stärkehaltige Zutat oder Sättigungsbeilage. Warengruppe Getreide- oder Stärkeware, formrelevanter Prüfhinweis aus der vollständigen Definition: »Form, frisch oder getrocknet und Ei-Anteil bleiben offen«. Regelweg in Bornheim über den Bereich »Reis-, Mehl-, Nudel- oder Trockenwarenregal« eines gewöhnlichen Bornheimer Vollsortimenters."	"EASY"	"Weizenpasta: gewöhnlicher lokaler Bezugsweg über den Bereich »Reis-, Mehl-, Nudel- oder Trockenwarenregal«."	"OPTIONAL"	""	"GENERAL_LOCAL"	"Weizenpasta: das Teigwarenregal und gegebenenfalls das Kühlregal gewöhnlicher großer Rostocker Supermärkte decken getrocknete wie frische italienisch geprägte Weizenpasta ab; Form und Ei-Anteil bleiben offen."	"EASY"	"Weizenpasta: das Teigwarenregal und gegebenenfalls das Kühlregal gewöhnlicher großer Rostocker Supermärkte decken getrocknete wie frische italienisch geprägte Weizenpasta ab; Form und Ei-Anteil bleiben offen."	"OPTIONAL"	""	"FORM_SENSITIVE|TOBIAS_ROSTOCK_PROFILE"	"PROPOSED_FOR_HUMAN_REVIEW"
"WHITE_ASPARAGUS"	"weißer Spargel"	"APPLICABLE"	"Unter Lichtabschluss gewachsener weißer Spargel mit mildem, leicht bitterem Aroma; vor dem Garen meist vollständig schälen."	"GENERAL_LOCAL"	"Katalogpfad Spargel → Stängelgemüse → Gemüse. Warengruppe Gemüse oder Pilz, formrelevanter Prüfhinweis aus der vollständigen Definition: »vor dem Garen meist vollständig schälen«. Regelweg in Bornheim über den lokalen Supermarktbereich »Obst- und Gemüseabteilung« in Bornheim."	"EASY"	"weißer Spargel: gewöhnlicher lokaler Bezugsweg über den Bereich »Obst- und Gemüseabteilung«."	"OPTIONAL"	""	"GENERAL_LOCAL"	"Für „weißer Spargel“ wird das Angebot über die Gemüseabteilung eines gewöhnlichen großen Rostocker Supermarkts kontrolliert."	"EASY"	"weißer Spargel: gewöhnlicher lokaler Bezugsweg über den Bereich »weißer Spargel«."	"OPTIONAL"	""	"TOBIAS_ROSTOCK_PROFILE"	"PROPOSED_FOR_HUMAN_REVIEW"
"WHITE_BEANS"	"weiße Bohnen"	"APPLICABLE"	"Offene Familie weißer Bohnen mit mildem Geschmack und cremiger Textur; Sorte und Größe bleiben wählbar."	"GENERAL_LOCAL"	"Katalogpfad Bohnen → Hülsenfrüchte. Warengruppe Hülsenfrucht, formrelevanter Prüfhinweis aus der vollständigen Definition: »Sorte und Größe bleiben wählbar«. Regelweg in Bornheim über den lokalen Supermarktbereich »Hülsenfrucht-, Konserven- oder Trockenwarenregal« in Bornheim."	"EASY"	"weiße Bohnen: gewöhnlicher lokaler Bezugsweg über den Bereich »Hülsenfrucht-, Konserven- oder Trockenwarenregal«."	"OPTIONAL"	""	"GENERAL_LOCAL"	"Beim Einkauf von „weiße Bohnen“ nutzt Tobias das Hülsenfrucht-, Konserven- oder Trockensortiment eines gewöhnlichen großen Rostocker Supermarkts."	"EASY"	"weiße Bohnen: gewöhnlicher lokaler Bezugsweg über den Bereich »weiße Bohnen«."	"OPTIONAL"	""	"TOBIAS_ROSTOCK_PROFILE"	"PROPOSED_FOR_HUMAN_REVIEW"
"WHITE_CABBAGE"	"Weißkohl"	"APPLICABLE"	"Fester Weißkohl mit knackigen, dicht geschichteten Blättern; roh, gegart oder fermentiert verwendbar."	"GENERAL_LOCAL"	"Katalogpfad Kohlgemüse → Gemüse. Warengruppe Gemüse oder Pilz, formrelevanter Prüfhinweis aus der vollständigen Definition: »roh, gegart oder fermentiert verwendbar«. Regelweg in Bornheim über ortsübliche Vollsortimenter rund um Bornheim, konkret im Bereich »Obst- und Gemüseabteilung«."	"EASY"	"Weißkohl: gewöhnlicher lokaler Bezugsweg über den Bereich »Obst- und Gemüseabteilung«."	"OPTIONAL"	""	"GENERAL_LOCAL"	"Der konkrete Bezug von „Weißkohl“ läuft über die Gemüseabteilung eines gewöhnlichen großen Rostocker Supermarkts."	"EASY"	"Weißkohl: gewöhnlicher lokaler Bezugsweg über den Bereich »Weißkohl«."	"OPTIONAL"	""	"TOBIAS_ROSTOCK_PROFILE"	"PROPOSED_FOR_HUMAN_REVIEW"
"WHITE_CHAMPIGNON"	"weiße Champignons"	"APPLICABLE"	"Frische weiße Zuchtchampignons mit mildem Pilzaroma; nicht braune oder konservierte Champignons."	"GENERAL_LOCAL"	"Katalogpfad frische Champignons → Champignons → Pilze → Gemüse. Warengruppe Gemüse oder Pilz, formrelevanter Prüfhinweis aus der vollständigen Definition: »nicht braune oder konservierte Champignons«. Regelweg in Bornheim über den lokalen Supermarktbereich »Obst- und Gemüseabteilung« in Bornheim."	"EASY"	"weiße Champignons: gewöhnlicher lokaler Bezugsweg über den Bereich »Obst- und Gemüseabteilung«."	"OPTIONAL"	""	"GENERAL_LOCAL"	"Der konkrete Bezug von „weiße Champignons“ läuft über den Pilzbereich der Obst- und Gemüseabteilung eines gewöhnlichen großen Rostocker Supermarkts."	"EASY"	"weiße Champignons: gewöhnlicher lokaler Bezugsweg über den Bereich »weiße Champignons«."	"OPTIONAL"	""	"FORM_SENSITIVE|TOBIAS_ROSTOCK_PROFILE"	"PROPOSED_FOR_HUMAN_REVIEW"
"WHITE_CHOCOLATE"	"weiße Schokolade"	"APPLICABLE"	"Kakaobutterbasierte Süßware mit Milch und Zucker, aber ohne Kakaomasse; nicht bloße Fettglasur."	"GENERAL_LOCAL"	"Katalogpfad Schokolade → Kakao oder Schokolade → Süßware. Warengruppe Süßungs- oder Kakaoware, formrelevanter Prüfhinweis aus der vollständigen Definition: »nicht bloße Fettglasur«. Regelweg in Bornheim über den regulären Bornheimer Regalweg »Backzutaten-, Süßwaren- oder Kakaoregal«."	"EASY"	"weiße Schokolade: gewöhnlicher lokaler Bezugsweg über den Bereich »Backzutaten-, Süßwaren- oder Kakaoregal«."	"OPTIONAL"	""	"GENERAL_LOCAL"	"Für „weiße Schokolade“ führt der Rostocker Marktweg über das Back-, Süßwaren- oder Brotregal eines gewöhnlichen großen Rostocker Supermarkts."	"EASY"	"weiße Schokolade: Rostocker Bezugsweg über das Back-, Süßwaren- oder Brotregal eines gewöhnlichen großen Rostocker Supermarkts."	"OPTIONAL"	""	"TOBIAS_ROSTOCK_PROFILE"	"PROPOSED_FOR_HUMAN_REVIEW"
"WHITE_FISH"	"weißfleischiger Fisch"	"APPLICABLE"	"Offene Vorgabe für mageren bis mäßig fetten Fisch mit hellem, mildem Fleisch; Art und Zuschnitt bleiben wählbar."	"GENERAL_LOCAL"	"Katalogpfad Fisch → Fisch und Meeresfrüchte. Warengruppe Fisch oder Meeresfrucht, formrelevanter Prüfhinweis aus der vollständigen Definition: »Art und Zuschnitt bleiben wählbar«. Regelweg in Bornheim über den regulären Bornheimer Regalweg »Fischkühlung, Fischtheke oder Tiefkühlabteilung«."	"EASY"	"weißfleischiger Fisch: gewöhnlicher lokaler Bezugsweg über den Bereich »Fischkühlung, Fischtheke oder Tiefkühlabteilung«."	"OPTIONAL"	""	"GENERAL_LOCAL"	"Für „weißfleischiger Fisch“ führt der Rostocker Marktweg über die Fischkühlung, Tiefkühltruhe oder Fischtheke eines gewöhnlichen großen Rostocker Supermarkts."	"EASY"	"weißfleischiger Fisch: Rostocker Bezugsweg über die Fischkühlung, Tiefkühltruhe oder Fischtheke eines gewöhnlichen großen Rostocker Supermarkts."	"OPTIONAL"	""	"TOBIAS_ROSTOCK_PROFILE"	"PROPOSED_FOR_HUMAN_REVIEW"
"WHITE_PEPPER"	"weißer Pfeffer"	"APPLICABLE"	"Reife, von der Fruchthülle befreite Pfefferkörner mit erdig-direkter Schärfe; ganz oder gemahlen verwendbar."	"GENERAL_LOCAL"	"Katalogpfad Pfeffer → Gewürz oder trockenes Würzmittel. Warengruppe Gewürz, formrelevanter Prüfhinweis aus der vollständigen Definition: »ganz oder gemahlen verwendbar«. Regelweg in Bornheim über den Bereich »Gewürz- und Trockenwürzregal« eines gewöhnlichen Bornheimer Vollsortimenters."	"EASY"	"weißer Pfeffer: gewöhnlicher lokaler Bezugsweg über den Bereich »Gewürz- und Trockenwürzregal«."	"OPTIONAL"	""	"GENERAL_LOCAL"	"Weißer Pfeffer: das Gewürzregal gewöhnlicher großer Rostocker Supermärkte führt die von der Fruchthülle befreiten Pfefferkörner ganz oder gemahlen."	"EASY"	"Weißer Pfeffer: das Gewürzregal gewöhnlicher großer Rostocker Supermärkte führt die von der Fruchthülle befreiten Pfefferkörner ganz oder gemahlen."	"OPTIONAL"	""	"TOBIAS_ROSTOCK_PROFILE"	"PROPOSED_FOR_HUMAN_REVIEW"
"WHITE_SAUSAGE"	"Weißwurst"	"APPLICABLE"	"Helle Brühwurst nach Weißwurst-Art aus Kalb- und/oder Schweinefleisch; regionale Würzung und Garzustand variieren."	"GENERAL_BROAD"	"Katalogpfad Schweinefleisch → Wurst → Kalbfleisch → Fleisch. Warengruppe Wurst oder Pökelfleisch, formrelevanter Prüfhinweis aus der vollständigen Definition: »regionale Würzung und Garzustand variieren«. Allgemein planbarer, aber nicht lokal garantierter Weg über eine gezielte Bestellung oder Sortimentsprüfung bei MeinMetzger – Münchner Weißwürstchen mit Petersilie."	"PLANNED"	"Weißwurst ist über eine gezielte Bestellung oder Sortimentsprüfung bei MeinMetzger – Münchner Weißwürstchen mit Petersilie im allgemeinen deutschen Handel planbar, lokal aber kein verlässlicher Standardartikel."	"REQUIRED"	"AV2N-N-0248"	"GENERAL_BROAD"	"Beim Einkauf von „Weißwurst“ nutzt Tobias Vorbestellung an einer gut sortierten Fleischtheke oder etablierter deutscher Metzgereiversand."	"PLANNED"	"Weißwurst: Beim Einkauf von „Weißwurst“ nutzt Tobias Vorbestellung an einer gut sortierten Fleischtheke oder etablierter deutscher Metzgereiversand."	"OPTIONAL"	""	"BORDERLINE_PLANNED|EVIDENCE_REQUIRED|RATING_RECONCILED_V2|TOBIAS_ROSTOCK_PROFILE"	"PROPOSED_FOR_HUMAN_REVIEW"
"WHITE_SUGAR"	"Zucker"	"APPLICABLE"	"Raffinierter weißer Zucker als kristallines, weitgehend neutrales Süßungsmittel; Körnung bleibt offen."	"GENERAL_LOCAL"	"Katalogpfad Süßungsmittel. Warengruppe Süßungs- oder Kakaoware, formrelevanter Prüfhinweis aus der vollständigen Definition: »Körnung bleibt offen«. Regelweg in Bornheim über nahe Supermarktfilialen in Bornheim mit dem Bereich »Backzutaten-, Süßwaren- oder Kakaoregal«."	"EASY"	"Zucker: gewöhnlicher lokaler Bezugsweg über den Bereich »Backzutaten-, Süßwaren- oder Kakaoregal«."	"OPTIONAL"	""	"GENERAL_LOCAL"	"Die Beschaffung von „Zucker“ erfolgt in Rostock über das Back-, Süßwaren- oder Brotregal eines gewöhnlichen großen Rostocker Supermarkts."	"EASY"	"Zucker: gewöhnlicher lokaler Bezugsweg über den Bereich »Zucker«."	"OPTIONAL"	""	"TOBIAS_ROSTOCK_PROFILE"	"PROPOSED_FOR_HUMAN_REVIEW"
"WHITE_TEA"	"weißer Tee"	"APPLICABLE"	"Sehr wenig verarbeiteter Tee aus jungen Knospen und Blättern mit zartem, floralem Profil."	"GENERAL_BROAD"	"Katalogpfad Tee. Warengruppe Tee, formrelevanter Prüfhinweis aus der vollständigen Definition: »jungen Knospen und Blättern mit zartem, floralem Profil«. Allgemein planbarer, aber nicht lokal garantierter Weg über eine geplante Fahrt zu einem großen Markt mit dem Sortiment »Tee- und Aufgussregal«."	"PLANNED"	"weißer Tee ist über eine geplante Fahrt zu einem großen Markt mit dem Sortiment »Tee- und Aufgussregal« im allgemeinen deutschen Handel planbar, lokal aber kein verlässlicher Standardartikel."	"OPTIONAL"	""	"GENERAL_BROAD"	"weißer Tee: Pit&Pit bietet Bio-Mao-Feng aus einer jungen Knospe und zwei jungen Blättern lagernd mit 2–3 Werktagen Lieferzeit an; für Rostock ist dies ein konkreter Versandweg statt garantierter Supermarktware."	"PLANNED"	"weißer Tee: Pit&Pit bietet Bio-Mao-Feng aus einer jungen Knospe und zwei jungen Blättern lagernd mit 2–3 Werktagen Lieferzeit an; für Rostock ist dies ein konkreter Versandweg statt garantierter Supermarktware."	"REQUIRED"	"AV2N-N-0249"	"RESEARCH_REQUIRED|TOBIAS_ROSTOCK_PROFILE"	"PROPOSED_FOR_HUMAN_REVIEW"
"WHITE_VINEGAR"	"Branntweinessig"	"APPLICABLE"	"Klarer neutraler Branntweinessig mit direkter Säure; nicht automatisch hochkonzentrierte Essigessenz."	"GENERAL_LOCAL"	"Katalogpfad Essig. Warengruppe Speiseessig, formrelevanter Prüfhinweis aus der vollständigen Definition: »nicht automatisch hochkonzentrierte Essigessenz«. Regelweg in Bornheim über die gewöhnliche Bornheimer Auslage »Essig- und Ölregal«."	"EASY"	"Branntweinessig: gewöhnlicher lokaler Bezugsweg über den Bereich »Essig- und Ölregal«."	"OPTIONAL"	""	"GENERAL_LOCAL"	"Die Beschaffung von „Branntweinessig“ erfolgt in Rostock über das Saucen-, Essig- oder Feinkostregal eines gewöhnlichen großen Rostocker Supermarkts."	"EASY"	"Branntweinessig: gewöhnlicher lokaler Bezugsweg über den Bereich »Branntweinessig«."	"OPTIONAL"	""	"TOBIAS_ROSTOCK_PROFILE"	"PROPOSED_FOR_HUMAN_REVIEW"
"WHITE_WINE"	"Weißwein"	"APPLICABLE"	"Weißwein als Kochzutat; Rebsorte, Körper und Trockenheitsgrad bleiben offen, kein aromatisiertes Weingetränk."	"GENERAL_LOCAL"	"Katalogpfad Kochalkohol. Warengruppe Kochalkohol, formrelevanter Prüfhinweis aus der vollständigen Definition: »Rebsorte, Körper und Trockenheitsgrad bleiben offen, kein aromatisiertes Weingetränk«. Regelweg in Bornheim über nahe Supermarktfilialen in Bornheim mit dem Bereich »Getränke-, Wein- oder Spirituosenregal«."	"EASY"	"Weißwein: gewöhnlicher lokaler Bezugsweg über den Bereich »Getränke-, Wein- oder Spirituosenregal«."	"OPTIONAL"	""	"GENERAL_LOCAL"	"Für „Weißwein“ wird das Angebot über das Spirituosen- oder Weinregal eines gewöhnlichen großen Rostocker Supermarkts kontrolliert."	"EASY"	"Weißwein: gewöhnlicher lokaler Bezugsweg über den Bereich »Weißwein«."	"OPTIONAL"	""	"TOBIAS_ROSTOCK_PROFILE"	"PROPOSED_FOR_HUMAN_REVIEW"
"WHITE_WINE_VINEGAR"	"Weißweinessig"	"APPLICABLE"	"Aus Weißwein vergorener Essig mit heller fruchtiger Säure; nicht Weißwein oder Reisessig."	"GENERAL_LOCAL"	"Katalogpfad Essig. Warengruppe Speiseessig, formrelevanter Prüfhinweis aus der vollständigen Definition: »nicht Weißwein oder Reisessig«. Regelweg in Bornheim über das örtliche Sortiment »Essig- und Ölregal« beim Wocheneinkauf in Bornheim."	"EASY"	"Weißweinessig: gewöhnlicher lokaler Bezugsweg über den Bereich »Essig- und Ölregal«."	"OPTIONAL"	""	"GENERAL_LOCAL"	"Beim Einkauf von „Weißweinessig“ nutzt Tobias das Saucen-, Essig- oder Feinkostregal eines gewöhnlichen großen Rostocker Supermarkts."	"EASY"	"Weißweinessig: gewöhnlicher lokaler Bezugsweg über den Bereich »Weißweinessig«."	"OPTIONAL"	""	"TOBIAS_ROSTOCK_PROFILE"	"PROPOSED_FOR_HUMAN_REVIEW"
"WHOLEGRAIN_MUSTARD"	"körniger Senf"	"APPLICABLE"	"Senf mit sichtbaren ganzen oder grob gebrochenen Senfkörnern und körniger Textur; Schärfe bleibt offen."	"GENERAL_LOCAL"	"Katalogpfad Senf → fertige Sauce oder Würzpaste → Sauce, Würzmittel oder Paste. Warengruppe Sauce oder Würzpaste, formrelevanter Prüfhinweis aus der vollständigen Definition: »Schärfe bleibt offen«. Regelweg in Bornheim über den regulären Bornheimer Regalweg »Saucen-, Würzpasten- und Feinkostregal«."	"EASY"	"körniger Senf: gewöhnlicher lokaler Bezugsweg über den Bereich »Saucen-, Würzpasten- und Feinkostregal«."	"OPTIONAL"	""	"GENERAL_LOCAL"	"Für „körniger Senf“ wird das Angebot über das Saucen-, Essig- oder Feinkostregal eines gewöhnlichen großen Rostocker Supermarkts kontrolliert."	"EASY"	"körniger Senf: gewöhnlicher lokaler Bezugsweg über den Bereich »körniger Senf«."	"OPTIONAL"	""	"TOBIAS_ROSTOCK_PROFILE"	"PROPOSED_FOR_HUMAN_REVIEW"
"WILD_BOAR"	"Wildschwein"	"APPLICABLE"	"Wildschweinfleisch mit kräftigem Wildaroma und meist dunklerem Fleisch als Hausschwein; Zuschnitt bleibt offen."	"GENERAL_BROAD"	"Katalogpfad Wildfleisch → Fleisch. Warengruppe Fleisch, formrelevanter Prüfhinweis aus der vollständigen Definition: »Zuschnitt bleibt offen«. Allgemein planbarer, aber nicht lokal garantierter Weg über eine gezielte Bestellung oder Sortimentsprüfung bei MeinMetzger – Wildschweinbraten aus der Keule."	"PLANNED"	"Wildschwein ist über eine gezielte Bestellung oder Sortimentsprüfung bei MeinMetzger – Wildschweinbraten aus der Keule im allgemeinen deutschen Handel planbar, lokal aber kein verlässlicher Standardartikel."	"REQUIRED"	"AV2N-N-0250"	"GENERAL_BROAD"	"Tobias prüft „Wildschwein“ in Rostock über MeinMetzger – Wildschweinbraten aus der Keule, wobei die Evidenz beim Abruf verfügbaren Bestand und Kühlversand ausweist."	"PLANNED"	"Wildschwein: Rostocker Bezugsweg über MeinMetzger – Wildschweinbraten aus der Keule; dokumentiert sind beim Abruf verfügbaren Bestand und Kühlversand."	"REQUIRED"	"AV2N-N-0251"	"BORDERLINE_PLANNED|EVIDENCE_REQUIRED|RESEARCH_REQUIRED|TOBIAS_ROSTOCK_PROFILE"	"PROPOSED_FOR_HUMAN_REVIEW"
"WILD_RICE"	"Wildreis"	"APPLICABLE"	"Botanisch kein Reis, kulinarisch jedoch ein reisähnliches Getreideprodukt."	"GENERAL_BROAD"	"Katalogpfad Getreide oder Pseudogetreide → Reisprodukt → stärkehaltige Zutat oder Sättigungsbeilage. Warengruppe Getreide- oder Stärkeware, formrelevanter Prüfhinweis aus der vollständigen Definition: »kein Reis, kulinarisch jedoch ein reisähnliches Getreideprodukt«. Allgemein planbarer, aber nicht lokal garantierter Weg über eine gezielte Filial- oder Bestellprüfung für Getreide- oder Stärkeware im allgemeinen deutschen Handel."	"PLANNED"	"Wildreis ist über eine gezielte Filial- oder Bestellprüfung für Getreide- oder Stärkeware im allgemeinen deutschen Handel planbar, lokal aber kein verlässlicher Standardartikel."	"OPTIONAL"	""	"GENERAL_BROAD"	"Die Rostocker Warenprüfung für „Wildreis“ erfolgt über gut sortierte Vollsortimenter und etablierte deutsche Bio- oder Trockenwarenhändler."	"PLANNED"	"Wildreis: Die Rostocker Warenprüfung für „Wildreis“ erfolgt über gut sortierte Vollsortimenter und etablierte deutsche Bio- oder Trockenwarenhändler."	"OPTIONAL"	""	"TOBIAS_ROSTOCK_PROFILE"	"PROPOSED_FOR_HUMAN_REVIEW"
"WONTON_WRAPPERS"	"Wonton-Teigblätter"	"APPLICABLE"	"Dünne quadratische Weizenteigblätter, meist mit Ei, zum Füllen als Wontons; nicht Reispapier."	"SPECIALTY_BROAD"	"Katalogpfad Teigblatt oder Dumpling-Hülle → stärkehaltige Zutat oder Sättigungsbeilage. Warengruppe Teigblatt oder Teigware, formrelevanter Prüfhinweis aus der vollständigen Definition: »nicht Reispapier«. Breiter einschlägiger Spezialmarkt über die voneinander unabhängigen Händler Asian Brand – frozen wonton wrappers 500 g sowie Asiatischer Lebensmittelladen – wonton pastry 200 g."	"SPECIALTY"	"Wonton-Teigblätter ist im einschlägigen Spezialmarkt breit etabliert; dokumentierte reguläre Wege sind die voneinander unabhängigen Händler Asian Brand – frozen wonton wrappers 500 g sowie Asiatischer Lebensmittelladen – wonton pastry 200 g."	"REQUIRED"	"AV2N-N-0252|AV2N-N-0253"	"SPECIALTY_BROAD"	"Tobias prüft „Wonton-Teigblätter“ in Rostock über Asian Brand – frozen wonton wrappers 500 g und Asiatischer Lebensmittelladen – wonton pastry 200 g, wobei die Evidenz verfügbaren Bestand in einem laufenden Fachsortiment und Tiefkühlversand ausweist."	"SPECIALTY"	"Wonton-Teigblätter: Rostocker Bezugsweg über Asian Brand – frozen wonton wrappers 500 g und Asiatischer Lebensmittelladen – wonton pastry 200 g; dokumentiert ist verfügbarer Bestand in einem laufenden Fachsortiment und Tiefkühlversand."	"REQUIRED"	"AV2N-N-0254|AV2N-N-0255"	"EVIDENCE_REQUIRED|RESEARCH_REQUIRED|SPECIALTY_MARKET_BREADTH|TOBIAS_ROSTOCK_PROFILE"	"PROPOSED_FOR_HUMAN_REVIEW"
"WOOD_EAR"	"Mu-Err-Pilze"	"APPLICABLE"	"Mu-Err- beziehungsweise Judasohren mit elastisch-knackiger Textur und mildem Geschmack; meist getrocknet und eingeweicht."	"GENERAL_BROAD"	"Asiafoodland führt Thai-Dancer-Mu-Err als 100 g getrocknete schwarze Pilze aktuell lagernd. Die einzuweichende Judasohrenform ist produktgenau und wird ungekühlt per DHL nach Bornheim verschickt."	"PLANNED"	"Mu-Err-Pilze: Asiafoodland führt Thai-Dancer-Mu-Err als 100 g getrocknete schwarze Pilze aktuell lagernd. Die einzuweichende Judasohrenform ist produktgenau und wird ungekühlt per DHL nach Bornheim verschickt."	"OPTIONAL"	""	"GENERAL_BROAD"	"Die Thai-Dancer-Produktseite zeigt 100 g getrocknete schwarze Mu-Err-Pilze mit aktuellem Bestand. Der haltbare Beutel gelangt per DHL nach Rostock und wird dort vor der Verwendung eingeweicht."	"PLANNED"	"Getrocknete Thai-Dancer-Mu-Err sind bei Asiafoodland aktuell lagernd und werden ungekühlt per DHL nach Rostock versandt."	"REQUIRED"	"AV2N-N-0256"	"RATING_RECONCILED_V2|RESEARCH_REQUIRED|SPECIALTY_MARKET_BREADTH|TOBIAS_ROSTOCK_PROFILE"	"PROPOSED_FOR_HUMAN_REVIEW"
"WORCESTERSHIRE_SAUCE"	"Worcestersauce"	"APPLICABLE"	"Dünne britische fermentierte Würzsauce mit Säure, Süße, Gewürzen und typischerweise Sardellen; intensiv und sparsam dosiert."	"GENERAL_LOCAL"	"Katalogpfad fermentierte Würzzutat → fertige Sauce oder Würzpaste → Sauce, Würzmittel oder Paste. Warengruppe Sauce oder Würzpaste, formrelevanter Prüfhinweis aus der vollständigen Definition: »intensiv und sparsam dosiert«. Regelweg in Bornheim über ortsübliche Vollsortimenter rund um Bornheim, konkret im Bereich »Saucen-, Würzpasten- und Feinkostregal«."	"EASY"	"Worcestersauce: gewöhnlicher lokaler Bezugsweg über den Bereich »Saucen-, Würzpasten- und Feinkostregal«."	"OPTIONAL"	""	"GENERAL_LOCAL"	"Der konkrete Bezug von „Worcestersauce“ läuft über das Saucen-, Essig- oder Feinkostregal eines gewöhnlichen großen Rostocker Supermarkts."	"EASY"	"Worcestersauce: gewöhnlicher lokaler Bezugsweg über den Bereich »Worcestersauce«."	"OPTIONAL"	""	"TOBIAS_ROSTOCK_PROFILE"	"PROPOSED_FOR_HUMAN_REVIEW"
"XO_SAUCE"	"XO-Sauce"	"APPLICABLE"	"Hongkonger ölbasierte Würzpaste mit getrockneten Meeresfrüchten, Chili und Aromaten; kräftig umamireich, nicht vegetarisch."	"SPECIALTY_BROAD"	"Katalogpfad fertige Sauce oder Würzpaste → Sauce, Würzmittel oder Paste. Warengruppe Sauce oder Würzpaste, formrelevanter Prüfhinweis aus der vollständigen Definition: »kräftig umamireich, nicht vegetarisch«. Breiter einschlägiger Spezialmarkt über die voneinander unabhängigen Händler Amazing Oriental – XO sauce range sowie Chefino – Lee XO sauce."	"SPECIALTY"	"XO-Sauce ist im einschlägigen Spezialmarkt breit etabliert; dokumentierte reguläre Wege sind die voneinander unabhängigen Händler Amazing Oriental – XO sauce range sowie Chefino – Lee XO sauce."	"REQUIRED"	"AV2N-N-0257|AV2N-N-0258"	"SPECIALTY_BROAD"	"Tobias prüft „XO-Sauce“ in Rostock über Amazing Oriental – XO sauce range und Chefino – Lee XO sauce, wobei die Evidenz eine vor dem Einkauf erneut zu prüfende Verfügbarkeit und Standardversand ausweist."	"SPECIALTY"	"XO-Sauce: Rostocker Bezugsweg über Amazing Oriental – XO sauce range und Chefino – Lee XO sauce; dokumentiert sind eine vor dem Einkauf erneut zu prüfende Verfügbarkeit und Standardversand."	"REQUIRED"	"AV2N-N-0259|AV2N-N-0260"	"EVIDENCE_REQUIRED|RESEARCH_REQUIRED|SPECIALTY_MARKET_BREADTH|TOBIAS_ROSTOCK_PROFILE"	"PROPOSED_FOR_HUMAN_REVIEW"
"YAM"	"Yamswurzel"	"APPLICABLE"	"Stärkereiche Yamsknolle der Gattung Dioscorea; Sorte bleibt offen, nicht Süßkartoffel oder Ube."	"SPECIALTY_BROAD"	"Katalogpfad Wurzel- und Knollengemüse → stärkehaltige Zutat oder Sättigungsbeilage → Gemüse. Warengruppe Gemüse oder Pilz, formrelevanter Prüfhinweis aus der vollständigen Definition: »Sorte bleibt offen, nicht Süßkartoffel oder Ube«. Breiter einschlägiger Spezialmarkt über die voneinander unabhängigen Händler Afrofoodexpress – fresh yam range sowie Afro World Dortmund – fresh yam route."	"SPECIALTY"	"Yamswurzel ist im einschlägigen Spezialmarkt breit etabliert; dokumentierte reguläre Wege sind die voneinander unabhängigen Händler Afrofoodexpress – fresh yam range sowie Afro World Dortmund – fresh yam route."	"REQUIRED"	"AV2N-N-0261|AV2N-N-0262"	"SPECIALTY_BROAD"	"Frische Yamswurzel ist bei zwei unabhängigen Afro-Lebensmittelhändlern gelistet; Frischeversand und spezialisierter Marktweg bleiben einzuplanen."	"SPECIALTY"	"Frische Yamswurzel ist bei zwei unabhängigen Afro-Lebensmittelhändlern gelistet; Frischeversand und spezialisierter Marktweg bleiben einzuplanen."	"REQUIRED"	"AV2N-N-0263|AV2N-N-0264"	"EVIDENCE_REQUIRED|RESEARCH_REQUIRED|SPECIALTY_MARKET_BREADTH|TOBIAS_ROSTOCK_PROFILE"	"PROPOSED_FOR_HUMAN_REVIEW"
"YEAST_EXTRACT"	"Hefeextrakt"	"APPLICABLE"	"Konzentrierter Hefeextrakt als salzig-umamireiche Paste oder Würze; nicht aktive Hefe oder Hefeflocken."	"SPECIALTY_BROAD"	"Katalogpfad fermentierte Würzzutat → fertige Sauce oder Würzpaste → Sauce, Würzmittel oder Paste. Warengruppe Sauce oder Würzpaste, formrelevanter Prüfhinweis aus der vollständigen Definition: »nicht aktive Hefe oder Hefeflocken«. Breiter einschlägiger Spezialmarkt über den freigegebenen v2-Anker mit dem Kerngrund »Exakte Produkte wie Marmite sind im internationalen Spezialhandel stabil erhältlich aber nicht als breiter allgemeiner deutscher Standard abgesichert«."	"SPECIALTY"	"Hefeextrakt: Exakte Produkte wie Marmite sind im internationalen Spezialhandel stabil erhältlich aber nicht als breiter allgemeiner deutscher Standard abgesichert."	"REQUIRED"	"AV2E-066"	"SPECIALTY_BROAD"	"Hefeextrakt: Exakte Produkte wie Marmite sind im internationalen Spezialhandel stabil erhältlich aber nicht als breiter allgemeiner deutscher Standard abgesichert."	"SPECIALTY"	"Hefeextrakt: Exakte Produkte wie Marmite sind im internationalen Spezialhandel stabil erhältlich aber nicht als breiter allgemeiner deutscher Standard abgesichert."	"REQUIRED"	"AV2E-066"	"EVIDENCE_REQUIRED|REFERENCE_ANCHOR|REFERENCE_ANCHOR_V2|RESEARCH_REQUIRED|SPECIALTY_MARKET_BREADTH|TOBIAS_ROSTOCK_PROFILE"	"RATING_APPROVED_NOTE_PROPOSED_REFERENCE_ANCHOR_V2"
"YELLOW_BELL_PEPPER"	"gelbe Paprika"	"APPLICABLE"	"Reif gelbe Gemüsepaprika mit mildem, süß-fruchtigem Geschmack; nicht scharfe gelbe Chili."	"GENERAL_LOCAL"	"Katalogpfad Paprika → Fruchtgemüse → Gemüse. Warengruppe Gemüse oder Pilz, formrelevanter Prüfhinweis aus der vollständigen Definition: »nicht scharfe gelbe Chili«. Regelweg in Bornheim über den regulären Bornheimer Regalweg »Obst- und Gemüseabteilung«."	"EASY"	"gelbe Paprika: gewöhnlicher lokaler Bezugsweg über den Bereich »Obst- und Gemüseabteilung«."	"OPTIONAL"	""	"GENERAL_LOCAL"	"Tobias sucht „gelbe Paprika“ in Rostock über die Gemüseabteilung eines gewöhnlichen großen Rostocker Supermarkts gesucht."	"EASY"	"gelbe Paprika: gewöhnlicher lokaler Bezugsweg über den Bereich »gelbe Paprika«."	"OPTIONAL"	""	"TOBIAS_ROSTOCK_PROFILE"	"PROPOSED_FOR_HUMAN_REVIEW"
"YELLOW_LENTILS"	"gelbe Linsen"	"APPLICABLE"	"Gelbe geschälte Linsen mit kurzer Garzeit und cremig zerfallender Textur; konkrete Hülsenfruchtvariante kann regional variieren."	"GENERAL_BROAD"	"Katalogpfad Linsen → Hülsenfrüchte. Warengruppe Hülsenfrucht, formrelevanter Prüfhinweis aus der vollständigen Definition: »konkrete Hülsenfruchtvariante kann regional variieren«. Als konkrete Route ist für Georgia „Hülsenfrucht-, Konserven- oder Trockenwarenregal über eine vorab geprüfte Händlerroute“ vorgesehen."	"PLANNED"	"gelbe Linsen: Als konkrete Route ist für Georgia „Hülsenfrucht-, Konserven- oder Trockenwarenregal über eine vorab geprüfte Händlerroute“ vorgesehen."	"OPTIONAL"	""	"GENERAL_BROAD"	"Tobias prüft „gelbe Linsen“ in Rostock über gut sortierte Vollsortimenter und etablierte deutsche Bio- oder Trockenwarenhändler."	"PLANNED"	"gelbe Linsen: Rostocker Bezugsweg über gut sortierte Vollsortimenter und etablierte deutsche Bio- oder Trockenwarenhändler."	"OPTIONAL"	""	"RATING_RECONCILED_V2|TOBIAS_ROSTOCK_PROFILE"	"PROPOSED_FOR_HUMAN_REVIEW"
"YELLOW_SPLIT_PEAS"	"gelbe Schälerbsen"	"APPLICABLE"	"Getrocknete gelbe geschälte und halbierte Erbsen; für Suppen, Pürees und Eintöpfe geeignet."	"GENERAL_LOCAL"	"Katalogpfad Spalterbsen → Erbsen → Hülsenfrüchte. Warengruppe Hülsenfrucht, formrelevanter Prüfhinweis aus der vollständigen Definition: »für Suppen, Pürees und Eintöpfe geeignet«. Regelweg in Bornheim über ortsübliche Vollsortimenter rund um Bornheim, konkret im Bereich »Hülsenfrucht-, Konserven- oder Trockenwarenregal«."	"EASY"	"gelbe Schälerbsen: gewöhnlicher lokaler Bezugsweg über den Bereich »Hülsenfrucht-, Konserven- oder Trockenwarenregal«."	"OPTIONAL"	""	"GENERAL_LOCAL"	"Für „gelbe Schälerbsen“ wird das Angebot über das Hülsenfrucht-, Konserven- oder Trockensortiment eines gewöhnlichen großen Rostocker Supermarkts kontrolliert."	"EASY"	"gelbe Schälerbsen: gewöhnlicher lokaler Bezugsweg über den Bereich »gelbe Schälerbsen«."	"OPTIONAL"	""	"TOBIAS_ROSTOCK_PROFILE"	"PROPOSED_FOR_HUMAN_REVIEW"
"YOGURT"	"Joghurt"	"APPLICABLE"	"Durch Milchsäurekulturen gesäuerte Milch mit cremiger bis stichfester Textur; natur und ohne prägende Zusätze gemeint."	"GENERAL_LOCAL"	"Katalogpfad gesäuertes Milchprodukt → frisches Milchprodukt → Milchprodukte. Warengruppe Milchprodukt, formrelevanter Prüfhinweis aus der vollständigen Definition: »natur und ohne prägende Zusätze gemeint«. Regelweg in Bornheim über die gewöhnliche Bornheimer Auslage »Molkereikühlregal«."	"EASY"	"Joghurt: Breiter Supermarkt- und Discounterstandard."	"OPTIONAL"	"AV2E-005"	"GENERAL_LOCAL"	"Joghurt: Breiter Supermarkt- und Discounterstandard."	"EASY"	"Joghurt: Breiter Supermarkt- und Discounterstandard."	"OPTIONAL"	"AV2E-005"	"REFERENCE_ANCHOR|REFERENCE_ANCHOR_V2|TOBIAS_ROSTOCK_PROFILE"	"RATING_APPROVED_NOTE_PROPOSED_REFERENCE_ANCHOR_V2"
"YUZU"	"Yuzu"	"APPLICABLE"	"Ostasiatische Zitrusfrucht mit intensiv floral-herbem Aroma; meist Saft und Schale, frisch oder ungesüßt konserviert."	"SPECIALTY_BROAD"	"Katalogpfad Zitrusfrucht → Obst. Warengruppe Obst, formrelevanter Prüfhinweis aus der vollständigen Definition: »meist Saft und Schale, frisch oder ungesüßt konserviert«. Breiter einschlägiger Spezialmarkt über die voneinander unabhängigen Händler Feinkost Käfer – 100% Yuzu direct juice 100 ml sowie BOS FOOD – Takada 100% Yuzu juice 1 l."	"SPECIALTY"	"Yuzu ist im einschlägigen Spezialmarkt breit etabliert; dokumentierte reguläre Wege sind die voneinander unabhängigen Händler Feinkost Käfer – 100% Yuzu direct juice 100 ml sowie BOS FOOD – Takada 100% Yuzu juice 1 l."	"REQUIRED"	"AV2N-N-0265|AV2N-N-0266"	"SPECIALTY_BROAD"	"Tobias prüft „Yuzu“ in Rostock über BOS FOOD – Takada 100% Yuzu juice 1 l und Feinkost Käfer – 100% Yuzu direct juice 100 ml, wobei die Evidenz verfügbaren Bestand in einem laufenden Fachsortiment und Standardversand ausweist."	"SPECIALTY"	"Yuzu: Rostocker Bezugsweg über BOS FOOD – Takada 100% Yuzu juice 1 l und Feinkost Käfer – 100% Yuzu direct juice 100 ml; dokumentiert ist verfügbarer Bestand in einem laufenden Fachsortiment und Standardversand."	"REQUIRED"	"AV2N-N-0267|AV2N-N-0268"	"EVIDENCE_REQUIRED|FORM_OR_LOGISTICS_RISK|FORM_SENSITIVE|RATING_RECONCILED_V2|RESEARCH_REQUIRED|TOBIAS_ROSTOCK_PROFILE"	"PROPOSED_FOR_HUMAN_REVIEW"
"ZAATAR"	"Za’atar"	"APPLICABLE"	"Levantinische Gewürzmischung typischerweise aus Za’atar-Kraut beziehungsweise Thymian, Sumach, Sesam und Salz; Rezepturen variieren."	"GENERAL_BROAD"	"Katalogpfad Gewürzmischung → Gewürz oder trockenes Würzmittel. Warengruppe Gewürz, formrelevanter Prüfhinweis aus der vollständigen Definition: »Rezepturen variieren«. Allgemein planbarer, aber nicht lokal garantierter Weg über den im v2-Anker festgehaltenen Planweg: Georgias regionaler Fachmarktweg ist planbar."	"PLANNED"	"Za’atar: Georgias regionaler Fachmarktweg ist planbar; Tobias benötigt den breit etablierten arabischen Spezialmarkt."	"REQUIRED"	"AV2E-032"	"SPECIALTY_BROAD"	"Za’atar: Georgias regionaler Fachmarktweg ist planbar; Tobias benötigt den breit etablierten arabischen Spezialmarkt."	"SPECIALTY"	"Za’atar: Georgias regionaler Fachmarktweg ist planbar; Tobias benötigt den breit etablierten arabischen Spezialmarkt."	"REQUIRED"	"AV2E-033"	"PERSON_DIFFERENCE|REFERENCE_ANCHOR|REFERENCE_ANCHOR_V2|RESEARCH_REQUIRED|SPECIALTY_MARKET_BREADTH|TOBIAS_ROSTOCK_PROFILE"	"RATING_APPROVED_NOTE_PROPOSED_REFERENCE_ANCHOR_V2"
"ZUCCHINI"	"Zucchini"	"APPLICABLE"	"Zucchini als mildes, saftiges Fruchtgemüse; grüne und gelbe sowie längliche und runde Sorten sind umfasst."	"GENERAL_LOCAL"	"Katalogpfad Fruchtgemüse → Gemüse. Warengruppe Gemüse oder Pilz, formrelevanter Prüfhinweis aus der vollständigen Definition: »grüne und gelbe sowie längliche und runde Sorten sind umfasst«. Regelweg in Bornheim über ortsübliche Vollsortimenter rund um Bornheim, konkret im Bereich »Obst- und Gemüseabteilung«."	"EASY"	"Zucchini: gewöhnlicher lokaler Bezugsweg über den Bereich »Obst- und Gemüseabteilung«."	"OPTIONAL"	""	"GENERAL_LOCAL"	"Die Rostocker Warenprüfung für „Zucchini“ erfolgt über die Gemüseabteilung eines gewöhnlichen großen Rostocker Supermarkts."	"EASY"	"Zucchini: gewöhnlicher lokaler Bezugsweg über den Bereich »Zucchini«."	"OPTIONAL"	""	"TOBIAS_ROSTOCK_PROFILE"	"PROPOSED_FOR_HUMAN_REVIEW"
