"concept_code"	"display_name"	"review_applicability"	"product_form_basis"	"market_class"	"market_basis"	"proposed_availability"	"availability_note"	"evidence_requirement"	"evidence_search_terms"	"availability_evidence"	"review_flags"	"approval_status"
"ADZUKI_BEANS"	"Adzukibohnen"	"APPLICABLE"	"Kleine rote Bohnen mit mild-nussigem, leicht süßlichem Geschmack; getrocknet oder vorgegart verwendbar."	"GENERAL_BROAD"	"Tobias prüft „Adzukibohnen“ in Rostock über gut sortierte Vollsortimenter und etablierte deutsche Bio- oder Trockenwarenhändler."	"PLANNED"	"Über gut sortierte Vollsortimenter und etablierte deutsche Bio- oder Trockenwarenhändler prüft Tobias in Rostock „Adzukibohnen“, wobei folgende Abgrenzung gilt: „Kleine rote Bohnen mit mild-nussigem, leicht süßlichem Geschmack; getrocknet oder vorgegart verwendbar.“"	"OPTIONAL"	"Adzukibohnen Kleine rote Bohnen mit mild-nussigem, leicht süßlichem Geschmack; Tobias Rostock Hülsenfrucht getrocknet vorgegart Sorte; Bohnen; gut sortierte Vollsortimenter und etablierte deutsche Bio- oder Trockenwarenhändler; gezielter Einkauf Deutschland Wochenvorlauf; die getrocknete Produktform"	""	"TOBIAS_ROSTOCK_PROFILE"	"PROPOSED_FOR_HUMAN_REVIEW"
"AGAVE_SYRUP"	"Agavendicksaft"	"APPLICABLE"	"Konzentrierter Sirup aus Agaven; süßt neutraler als Honig und bleibt auch kalt gut löslich."	"GENERAL_LOCAL"	"Tobias prüft „Agavendicksaft“ in Rostock über das Back-, Süßwaren- oder Brotregal eines gewöhnlichen großen Rostocker Supermarkts."	"EASY"	"Über das Back-, Süßwaren- oder Brotregal eines gewöhnlichen großen Rostocker Supermarkts prüft Tobias in Rostock „Agavendicksaft“, wobei folgende Abgrenzung gilt: „Konzentrierter Sirup aus Agaven; süßt neutraler als Honig und bleibt auch kalt gut löslich.“"	"OPTIONAL"	"Agavendicksaft Konzentrierter Sirup aus Agaven; süßt neutraler als Honig und bleibt auch kalt…; Tobias Rostock Backware Süßungsmittel exakte Form; Sirup; Das Back-, Süßwaren- oder Brotregal eines gewöhnlichen großen Rostocker Supermarkts; reguläres Sortiment Filialverfügbarkeit; die sirupartige Produktform"	""	"TOBIAS_ROSTOCK_PROFILE|RATING_RECONCILED_V2"	"PROPOSED_FOR_HUMAN_REVIEW"
"AIOLI"	"Aioli"	"APPLICABLE"	"Knoblauch-Öl-Emulsion nach Aioli-/Allioli-Art; traditionell ohne Ei möglich, moderne Varianten können Ei enthalten. Knoblauch und Öl sind definierend; nicht beliebige Mayonnaise mit Knoblaucharoma."	"GENERAL_LOCAL"	"Tobias prüft „Aioli“ in Rostock über das Saucen-, Essig- oder Feinkostregal eines gewöhnlichen großen Rostocker Supermarkts."	"EASY"	"Über das Saucen-, Essig- oder Feinkostregal eines gewöhnlichen großen Rostocker Supermarkts prüft Tobias in Rostock „Aioli“, wobei folgende Abgrenzung gilt: „Knoblauch-Öl-Emulsion nach Aioli-/Allioli-Art; traditionell ohne Ei möglich, moderne Varianten können Ei enthalten. Knoblauch und Öl sind definierend; nicht beliebige Mayonnaise mit Knoblaucharoma.“"	"OPTIONAL"	"Aioli Knoblauch-Öl-Emulsion nach Aioli-/Allioli-Art; Tobias Rostock Würzsauce Paste Essig exakte Sorte; fertige Sauce oder Würzpaste; Das Saucen-, Essig- oder Feinkostregal eines gewöhnlichen großen Rostocker Supermarkts; reguläres Sortiment Filialverfügbarkeit; die exakt festgelegte Darreichung"	""	"TOBIAS_ROSTOCK_PROFILE"	"PROPOSED_FOR_HUMAN_REVIEW"
"AJVAR"	"Ajvar"	"APPLICABLE"	"Balkanische Paprikazubereitung aus gerösteter Paprika, häufig mit Aubergine; als fertige Würzpaste oder Beilage gemeint."	"GENERAL_LOCAL"	"Für „Ajvar“ führt der Rostocker Marktweg über das Saucen-, Essig- oder Feinkostregal eines gewöhnlichen großen Rostocker Supermarkts."	"EASY"	"Den Weg über das Saucen-, Essig- oder Feinkostregal eines gewöhnlichen großen Rostocker Supermarkts nutzt Tobias in Rostock für „Ajvar“, wobei folgende Abgrenzung gilt: „Balkanische Paprikazubereitung aus gerösteter Paprika, häufig mit Aubergine; als fertige Würzpaste oder Beilage gemeint.“"	"OPTIONAL"	"Ajvar Balkanische Paprikazubereitung aus gerösteter Paprika, häufig mit Aubergine; Tobias Rostock Würzsauce Paste Essig exakte Sorte; Paprika / konservierte pflanzliche Zutat; Das Saucen-, Essig- oder Feinkostregal eines gewöhnlichen großen Rostocker Supermarkts; reguläres Sortiment Filialverfügbarkeit; die pastöse Produktform"	""	"TOBIAS_ROSTOCK_PROFILE"	"PROPOSED_FOR_HUMAN_REVIEW"
"AJWAIN"	"Ajwain"	"APPLICABLE"	"Kräftig thymianartig schmeckende Samenfrucht, die meist sparsam und häufig angeröstet als Gewürz verwendet wird."	"SPECIALTY_BROAD"	"Tobias prüft „Ajwain“ in Rostock über AsianBrand – Ajwain/Ajowan und Sairas – TRS Ajwain Seeds, wobei die Evidenz ein dokumentiertes laufendes Angebot und Standardversand ausweist."	"SPECIALTY"	"Über AsianBrand – Ajwain/Ajowan und Sairas – TRS Ajwain Seeds (Evidenzstand: ein dokumentiertes laufendes Angebot und Standardversand) prüft Tobias in Rostock „Ajwain“, wobei folgende Abgrenzung gilt: „Kräftig thymianartig schmeckende Samenfrucht, die meist sparsam und häufig angeröstet als Gewürz verwendet wird.“"	"REQUIRED"	"Ajwain Kräftig thymianartig schmeckende Samenfrucht, die meist sparsam und häufig…; Tobias Rostock Gewürz ganze gemahlene getrocknete Form; Gewürz oder trockenes Würzmittel; Sairas – TRS Ajwain Seeds | AsianBrand – Ajwain/Ajowan; mehrere unabhängige Fachhändler Marktbreite; die exakt festgelegte Darreichung"	"AV2N-A-0001|AV2N-A-0002"	"TOBIAS_ROSTOCK_PROFILE|SPECIALTY_MARKET_BREADTH|RESEARCH_REQUIRED"	"PROPOSED_FOR_HUMAN_REVIEW"
"ALFALFA_SPROUTS"	"Alfalfasprossen"	"APPLICABLE"	"Zarte Luzernensprossen mit mild-grünem Geschmack; vor allem roh oder nur sehr kurz erhitzt verwendbar."	"GENERAL_BROAD"	"Tobias prüft „Alfalfasprossen“ in Rostock über gut sortierte Vollsortimenter und etablierte deutsche Gemüse- oder Frischehändler."	"PLANNED"	"Über gut sortierte Vollsortimenter und etablierte deutsche Gemüse- oder Frischehändler prüft Tobias in Rostock „Alfalfasprossen“, wobei folgende Abgrenzung gilt: „Zarte Luzernensprossen mit mild-grünem Geschmack; vor allem roh oder nur sehr kurz erhitzt verwendbar.“"	"OPTIONAL"	"Alfalfasprossen Zarte Luzernensprossen mit mild-grünem Geschmack; Tobias Rostock Gemüse frisch TK genaue Sorte; Sprossen; gut sortierte Vollsortimenter und etablierte deutsche Gemüse- oder Frischehändler; gezielter Einkauf Deutschland Wochenvorlauf; die exakt festgelegte Darreichung"	""	"TOBIAS_ROSTOCK_PROFILE"	"PROPOSED_FOR_HUMAN_REVIEW"
"ALIGUE"	"Aligue"	"APPLICABLE"	"Philippinische Würzpaste aus ausgelassenem Krabbenfett mit intensiv meeresfruchtig-röstigem Aroma; meist sparsam zum Aromatisieren verwendet."	"NICHE_IMPORT"	"Tobias prüft „Aligue“ in Rostock über den philippinischen Lebensmittel-Spezialhandel, wobei die Evidenz die menschliche v2-Freigabe für diesen Weg und Frischeversand, Importbeschränkungen sowie einen gezielten Händlerbesuch ausweist."	"DIFFICULT"	"Über den philippinischen Lebensmittel-Spezialhandel (Evidenzstand: die menschliche v2-Freigabe für diesen Weg und Frischeversand, Importbeschränkungen sowie einen gezielten Händlerbesuch) prüft Tobias in Rostock „Aligue“, wobei folgende Abgrenzung gilt: „Philippinische Würzpaste aus ausgelassenem Krabbenfett mit intensiv meeresfruchtig-röstigem Aroma; meist sparsam zum Aromatisieren verwendet.“"	"REQUIRED"	"Aligue Philippinische Würzpaste aus ausgelassenem Krabbenfett mit intensiv…; Tobias Rostock Würzsauce Paste Essig exakte Sorte; fertige Sauce oder Würzpaste; philippinischen Lebensmittel-Spezialhandel Nischenweg; Bestand Produktform Versandlogistik; die pastöse Produktform"	"AV2E-075"	"REFERENCE_ANCHOR|TOBIAS_ROSTOCK_PROFILE|FORM_OR_LOGISTICS_RISK|RESEARCH_REQUIRED|REFERENCE_ANCHOR_V2"	"APPROVED_REFERENCE_ANCHOR_V2"
"ALLIUM_VEGETABLES"	"Lauch- und Zwiebelgemüse"	"APPLICABLE"	"Offene Vorgabe für Zwiebel-, Lauch- und verwandte Gemüsearten mit schwefelig-aromatischer Würzwirkung."	"GENERAL_LOCAL"	"Tobias prüft „Lauch- und Zwiebelgemüse“ in Rostock über die Gemüseabteilung eines gewöhnlichen großen Rostocker Supermarkts."	"EASY"	"Über die Gemüseabteilung eines gewöhnlichen großen Rostocker Supermarkts prüft Tobias in Rostock „Lauch- und Zwiebelgemüse“, wobei folgende Abgrenzung gilt: „Offene Vorgabe für Zwiebel-, Lauch- und verwandte Gemüsearten mit schwefelig-aromatischer Würzwirkung.“"	"OPTIONAL"	"Lauch- und Zwiebelgemüse Offene Vorgabe für Zwiebel-, Lauch- und verwandte Gemüsearten mit…; Tobias Rostock Gemüse frisch TK genaue Sorte; Gemüse; Die Gemüseabteilung eines gewöhnlichen großen Rostocker Supermarkts; reguläres Sortiment Filialverfügbarkeit; die exakt festgelegte Darreichung"	""	"TOBIAS_ROSTOCK_PROFILE"	"PROPOSED_FOR_HUMAN_REVIEW"
"ALLSPICE"	"Piment"	"APPLICABLE"	"Getrocknete Pimentbeeren mit Aromen, die an Nelke, Zimt und Muskat erinnern; nicht mit einer Gewürzmischung verwechseln."	"GENERAL_LOCAL"	"Tobias prüft „Piment“ in Rostock über das Gewürz- oder Backregal eines gewöhnlichen großen Rostocker Supermarkts."	"EASY"	"Über das Gewürz- oder Backregal eines gewöhnlichen großen Rostocker Supermarkts prüft Tobias in Rostock „Piment“, wobei folgende Abgrenzung gilt: „Getrocknete Pimentbeeren mit Aromen, die an Nelke, Zimt und Muskat erinnern; nicht mit einer Gewürzmischung verwechseln.“"	"OPTIONAL"	"Piment Getrocknete Pimentbeeren mit Aromen, die an Nelke, Zimt und Muskat erinnern; Tobias Rostock Gewürz ganze gemahlene getrocknete Form; Gewürz oder trockenes Würzmittel; Das Gewürz- oder Backregal eines gewöhnlichen großen Rostocker Supermarkts; reguläres Sortiment Filialverfügbarkeit; die getrocknete Produktform"	""	"TOBIAS_ROSTOCK_PROFILE"	"PROPOSED_FOR_HUMAN_REVIEW"
"ALMOND"	"Mandeln"	"APPLICABLE"	"Mandeln mit mild-nussigem Geschmack; ganz, gehackt, gemahlen oder blanchiert einsetzbar."	"GENERAL_LOCAL"	"Mandeln: geprüft wird das Nuss-, Saaten- und Backregal gewöhnlicher großer Rostocker Supermärkte; der Treffer darf ganze, gehackte, gemahlene oder blanchierte Mandeln abdecken."	"EASY"	"Für Tobias in Rostock sind Mandeln im Nuss-, Saaten- und Backregal gewöhnlicher großer Supermärkte laufende Ware — Maßgeblich bleibt die offene Handelsform: ganze, gehackte, gemahlene oder blanchierte Mandeln sind gleichermaßen gültige Treffer."	"OPTIONAL"	"Mandeln Mandeln mit mild-nussigem Geschmack; ganz, gehackt, gemahlen oder blanchiert…; Tobias Rostock Nuss Samen Mus genaue Rohware; Nüsse; Das Nuss-, Saaten-, Back- oder Brotaufstrichregal eines gewöhnlichen großen Rostocker Supermarkts; reguläres Sortiment Filialverfügbarkeit; die gemahlene oder pulverisierte Form"	""	"TOBIAS_ROSTOCK_PROFILE"	"PROPOSED_FOR_HUMAN_REVIEW"
"ALMOND_BUTTER"	"Mandelmus"	"APPLICABLE"	"Fein vermahlene Mandelpaste, ungesüßt oder leicht gesüßt; nicht Marzipan oder bloßes Mandelaroma."	"GENERAL_BROAD"	"Tobias prüft „Mandelmus“ in Rostock über gut sortierte Vollsortimenter und etablierte deutsche Nuss- oder Biohändler."	"PLANNED"	"Über gut sortierte Vollsortimenter und etablierte deutsche Nuss- oder Biohändler prüft Tobias in Rostock „Mandelmus“, wobei folgende Abgrenzung gilt: „Fein vermahlene Mandelpaste, ungesüßt oder leicht gesüßt; nicht Marzipan oder bloßes Mandelaroma.“"	"OPTIONAL"	"Mandelmus Fein vermahlene Mandelpaste, ungesüßt oder leicht gesüßt; Tobias Rostock Nuss Samen Mus genaue Rohware; Mandeln / Nuss- oder Samenpaste; gut sortierte Vollsortimenter und etablierte deutsche Nuss- oder Biohändler; gezielter Einkauf Deutschland Wochenvorlauf; die exakt festgelegte Darreichung"	""	"TOBIAS_ROSTOCK_PROFILE"	"PROPOSED_FOR_HUMAN_REVIEW"
"ALMOND_DRINK"	"Mandeldrink"	"APPLICABLE"	"Flüssiger Pflanzendrink auf Mandelbasis; gesüßte und ungesüßte Varianten sind umfasst."	"GENERAL_LOCAL"	"Tobias prüft „Mandeldrink“ in Rostock über das Pflanzendrinkregal eines gewöhnlichen großen Rostocker Supermarkts."	"EASY"	"Über das Pflanzendrinkregal eines gewöhnlichen großen Rostocker Supermarkts prüft Tobias in Rostock „Mandeldrink“, wobei folgende Abgrenzung gilt: „Flüssiger Pflanzendrink auf Mandelbasis; gesüßte und ungesüßte Varianten sind umfasst.“"	"OPTIONAL"	"Mandeldrink Flüssiger Pflanzendrink auf Mandelbasis; gesüßte und ungesüßte Varianten sind…; Tobias Rostock Pflanzendrink genaue Basis gesüßt ungesüßt; pflanzlicher Drink; Das Pflanzendrinkregal eines gewöhnlichen großen Rostocker Supermarkts; reguläres Sortiment Filialverfügbarkeit; die exakt festgelegte Darreichung"	""	"TOBIAS_ROSTOCK_PROFILE|RATING_RECONCILED_V2"	"PROPOSED_FOR_HUMAN_REVIEW"
"AMARANTH"	"Amaranth"	"APPLICABLE"	"Kleine glutenfreie Pseudogetreidekörner mit leicht nussigem Geschmack; ganz gekocht oder gepufft verwendbar."	"GENERAL_BROAD"	"Für „Amaranth“ führt der Rostocker Marktweg über gut sortierte Vollsortimenter und etablierte deutsche Bio- oder Trockenwarenhändler."	"PLANNED"	"Den Weg über gut sortierte Vollsortimenter und etablierte deutsche Bio- oder Trockenwarenhändler nutzt Tobias in Rostock für „Amaranth“, wobei folgende Abgrenzung gilt: „Kleine glutenfreie Pseudogetreidekörner mit leicht nussigem Geschmack; ganz gekocht oder gepufft verwendbar.“"	"OPTIONAL"	"Amaranth Kleine glutenfreie Pseudogetreidekörner mit leicht nussigem Geschmack; Tobias Rostock Getreide Stärke Teigware genaue Form; Getreide oder Pseudogetreide; gut sortierte Vollsortimenter und etablierte deutsche Bio- oder Trockenwarenhändler; gezielter Einkauf Deutschland Wochenvorlauf; die geforderte ganze oder körnige Form"	""	"TOBIAS_ROSTOCK_PROFILE"	"PROPOSED_FOR_HUMAN_REVIEW"
"ANCHO_CHILI"	"Ancho-Chili"	"APPLICABLE"	"Getrocknete reife Poblano-Chili mit milder Schärfe und fruchtig-rosinigem Aroma; nicht die frische grüne Poblano."	"SPECIALTY_BROAD"	"Tobias prüft „Ancho-Chili“ in Rostock über Hola Mexico – mexikanischer Fachhandel und MTG Gewürze – Ancho Chili, wobei die Evidenz eine vor dem Einkauf erneut zu prüfende Verfügbarkeit und Standardversand ausweist."	"SPECIALTY"	"Über Hola Mexico – mexikanischer Fachhandel und MTG Gewürze – Ancho Chili (Evidenzstand: eine vor dem Einkauf erneut zu prüfende Verfügbarkeit und Standardversand) prüft Tobias in Rostock „Ancho-Chili“, wobei folgende Abgrenzung gilt: „Getrocknete reife Poblano-Chili mit milder Schärfe und fruchtig-rosinigem Aroma; nicht die frische grüne Poblano.“"	"REQUIRED"	"Ancho-Chili Getrocknete reife Poblano-Chili mit milder Schärfe und fruchtig-rosinigem…; Tobias Rostock Gewürz ganze gemahlene getrocknete Form; getrocknete Chili; MTG Gewürze – Ancho Chili | Hola Mexico – mexikanischer Fachhandel; mehrere unabhängige Fachhändler Marktbreite; die getrocknete Produktform"	"AV2N-A-0003|AV2N-A-0004"	"TOBIAS_ROSTOCK_PROFILE|SPECIALTY_MARKET_BREADTH|FORM_SENSITIVE|RESEARCH_REQUIRED"	"PROPOSED_FOR_HUMAN_REVIEW"
"ANCHOVIES"	"Sardellen"	"APPLICABLE"	"Kleine fettreiche Fische, als Kochzutat meist gesalzen und in Öl oder Lake konserviert; lösen sich beim Garen oft würzend auf."	"GENERAL_LOCAL"	"Tobias prüft „Sardellen“ in Rostock über das Fischkonserven- oder haltbare Seafood-Regal eines gewöhnlichen großen Rostocker Supermarkts."	"EASY"	"Über das Fischkonserven- oder haltbare Seafood-Regal eines gewöhnlichen großen Rostocker Supermarkts prüft Tobias in Rostock „Sardellen“, wobei folgende Abgrenzung gilt: „Kleine fettreiche Fische, als Kochzutat meist gesalzen und in Öl oder Lake konserviert; lösen sich beim Garen oft würzend auf.“"	"OPTIONAL"	"Sardellen Kleine fettreiche Fische, als Kochzutat meist gesalzen und in Öl oder Lake…; Tobias Rostock Fisch Seafood exakte Art Konserve Trockenware; fettreicher Fisch; Das Fischkonserven- oder haltbare Seafood-Regal eines gewöhnlichen großen Rostocker Supermarkts; reguläres Sortiment Filialverfügbarkeit; die konservierte Produktform"	""	"TOBIAS_ROSTOCK_PROFILE"	"PROPOSED_FOR_HUMAN_REVIEW"
"ANNATTO"	"Annatto"	"APPLICABLE"	"Samen des Achiote-Strauchs, die Speisen orange-rot färben und mild erdig-pfeffrig würzen; ganz oder gemahlen verwendbar."	"SPECIALTY_BROAD"	"Tobias prüft „Annatto“ in Rostock über Asia4Friends – Gewürze und My Asia Shop – Annatto Samen, wobei die Evidenz ein dokumentiertes laufendes Angebot und Standardversand ausweist."	"SPECIALTY"	"Über Asia4Friends – Gewürze und My Asia Shop – Annatto Samen (Evidenzstand: ein dokumentiertes laufendes Angebot und Standardversand) prüft Tobias in Rostock „Annatto“, wobei folgende Abgrenzung gilt: „Samen des Achiote-Strauchs, die Speisen orange-rot färben und mild erdig-pfeffrig würzen; ganz oder gemahlen verwendbar.“"	"REQUIRED"	"Annatto Samen des Achiote-Strauchs, die Speisen orange-rot färben und mild…; Tobias Rostock Gewürz ganze gemahlene getrocknete Form; Gewürz oder trockenes Würzmittel; My Asia Shop – Annatto Samen | Asia4Friends – Gewürze; mehrere unabhängige Fachhändler Marktbreite; die gemahlene oder pulverisierte Form"	"AV2N-A-0005|AV2N-A-0006"	"TOBIAS_ROSTOCK_PROFILE|SPECIALTY_MARKET_BREADTH|RESEARCH_REQUIRED"	"PROPOSED_FOR_HUMAN_REVIEW"
"APPLE"	"Apfel"	"APPLICABLE"	"Apfel als frische Frucht; Sorte und Verhältnis von Süße, Säure und Festigkeit bleiben offen."	"GENERAL_LOCAL"	"Tobias prüft „Apfel“ in Rostock über die Obstabteilung eines gewöhnlichen großen Rostocker Supermarkts."	"EASY"	"Über die Obstabteilung eines gewöhnlichen großen Rostocker Supermarkts prüft Tobias in Rostock „Apfel“, wobei folgende Abgrenzung gilt: „Apfel als frische Frucht; Sorte und Verhältnis von Süße, Säure und Festigkeit bleiben offen.“"	"OPTIONAL"	"Apfel Apfel als frische Frucht; Sorte und Verhältnis von Süße, Säure und Festigkeit…; Tobias Rostock Obst frisch TK genaue Sorte; Kernobst; Die Obstabteilung eines gewöhnlichen großen Rostocker Supermarkts; reguläres Sortiment Filialverfügbarkeit; die verlangte frische Form"	""	"TOBIAS_ROSTOCK_PROFILE|FORM_SENSITIVE"	"PROPOSED_FOR_HUMAN_REVIEW"
"APPLE_CIDER_VINEGAR"	"Apfelessig"	"APPLICABLE"	"Aus Apfelwein vergorener Essig mit fruchtiger Säure; nicht Apfelsaft oder Cider."	"GENERAL_LOCAL"	"Die Beschaffung von „Apfelessig“ erfolgt in Rostock über das Saucen-, Essig- oder Feinkostregal eines gewöhnlichen großen Rostocker Supermarkts."	"EASY"	"Für „Apfelessig“ kontrolliert Tobias den Rostocker Bezug über das Saucen-, Essig- oder Feinkostregal eines gewöhnlichen großen Rostocker Supermarkts, wobei folgende Abgrenzung gilt: „Aus Apfelwein vergorener Essig mit fruchtiger Säure; nicht Apfelsaft oder Cider.“"	"OPTIONAL"	"Apfelessig Aus Apfelwein vergorener Essig mit fruchtiger Säure; Tobias Rostock Würzsauce Paste Essig exakte Sorte; Essig; Das Saucen-, Essig- oder Feinkostregal eines gewöhnlichen großen Rostocker Supermarkts; reguläres Sortiment Filialverfügbarkeit; die exakt festgelegte Darreichung"	""	"TOBIAS_ROSTOCK_PROFILE"	"PROPOSED_FOR_HUMAN_REVIEW"
"APRICOT"	"Aprikose"	"APPLICABLE"	"Aprikose als frische oder ungesüßt tiefgekühlte Steinfrucht mit süß-säuerlichem, aromatischem Fruchtfleisch."	"GENERAL_LOCAL"	"Tobias prüft „Aprikose“ in Rostock über den Obst- oder Tiefkühlobstbereich eines gewöhnlichen großen Rostocker Supermarkts."	"EASY"	"Über den Obst- oder Tiefkühlobstbereich eines gewöhnlichen großen Rostocker Supermarkts prüft Tobias in Rostock „Aprikose“, wobei folgende Abgrenzung gilt: „Aprikose als frische oder ungesüßt tiefgekühlte Steinfrucht mit süß-säuerlichem, aromatischem Fruchtfleisch.“"	"OPTIONAL"	"Aprikose Aprikose als frische oder ungesüßt tiefgekühlte Steinfrucht mit…; Tobias Rostock Obst frisch TK genaue Sorte; Steinobst; Der Obst- oder Tiefkühlobstbereich eines gewöhnlichen großen Rostocker Supermarkts; reguläres Sortiment Filialverfügbarkeit; die zugelassene Frisch- oder Tiefkühlform"	""	"TOBIAS_ROSTOCK_PROFILE|FORM_SENSITIVE"	"PROPOSED_FOR_HUMAN_REVIEW"
"AQUAVIT"	"Aquavit"	"APPLICABLE"	"Mit Kümmel, Dill oder anderen Gewürzen aromatisierte skandinavische Spirituose, die sich auch zum Würzen beim Kochen eignet; nicht auf eine Marke oder ein nationales Rezept beschränkt."	"GENERAL_BROAD"	"Kräuter-Kornspirituose im allgemeinen Deutschlandversand; Conalco führt O.P. Anderson Dill Bio mit Dill und Kümmel lagernd, ein verlässlicher Rostocker Regalbestand ist dagegen nicht belegt."	"PLANNED"	"Tobias kann den exakten Dill-Kümmel-Aquavit kurzfristig bei Conalco bestellen; für Rostock ist damit eine planbare Route, aber kein spontaner Alltagskauf nachgewiesen."	"REQUIRED"	"O.P. Anderson Aquavit Dill Kümmel Bio Conalco Lager Rostock Versand"	"AV2N-A-0007"	"TOBIAS_ROSTOCK_PROFILE|RESEARCH_REQUIRED"	"PROPOSED_FOR_HUMAN_REVIEW"
"ARTICHOKE"	"Artischocke"	"APPLICABLE"	"Essbare Blütenknospe mit fleischigem Boden und herb-nussigem Geschmack; frisch oder schlicht konserviert verwendbar."	"GENERAL_BROAD"	"Rapunzel Onlineshop – Artischockenherzen in Lake 200 g belegt formgenau: Rapunzels eigener Shop führt halbierte oder geviertelte Artischockenherzen in Wasser, Apfelessig und Salz als sofort verfügbare 200-g-Glasware. Für Tobias in Rostock gilt: Deutschlandweiter Standardversand nach Bornheim und Rostock; 1–3 Werktage; Logistik STANDARD_SHIPPING. Belegt ist die schlicht konservierte Form, nicht die saisonale frische Knospe; nach Öffnung muss das Glas gekühlt werden."	"PLANNED"	"Die Beschaffung von Tobias am Standort Rostock: Für Artischocke trägt die konservierte Form als ganze Herzen in Lake den geplanten Weg; frische Knospen werden daraus nicht abgeleitet."	"REQUIRED"	"Artischockenherzen Lake 200 g Rapunzel sofort verfügbar Deutschland | Tobias in Rostock | IN_STOCK STANDARD_SHIPPING"	"AV2N-A-0008|AV2N-P-0001"	"TOBIAS_ROSTOCK_PROFILE|FORM_SENSITIVE|RESEARCH_REQUIRED"	"PROPOSED_FOR_HUMAN_REVIEW"
"ARUGULA"	"Rucola"	"APPLICABLE"	"Pfeffrig-scharfer Blattsalat, auch Rauke genannt; roh oder kurz zusammenfallend einsetzbar."	"GENERAL_LOCAL"	"Für „Rucola“ führt der Rostocker Marktweg über die Gemüseabteilung eines gewöhnlichen großen Rostocker Supermarkts."	"EASY"	"Den Weg über die Gemüseabteilung eines gewöhnlichen großen Rostocker Supermarkts nutzt Tobias in Rostock für „Rucola“, wobei folgende Abgrenzung gilt: „Pfeffrig-scharfer Blattsalat, auch Rauke genannt; roh oder kurz zusammenfallend einsetzbar.“"	"OPTIONAL"	"Rucola Pfeffrig-scharfer Blattsalat, auch Rauke genannt; Tobias Rostock Gemüse frisch TK genaue Sorte; Blattsalat; Die Gemüseabteilung eines gewöhnlichen großen Rostocker Supermarkts; reguläres Sortiment Filialverfügbarkeit; die exakt festgelegte Darreichung"	""	"TOBIAS_ROSTOCK_PROFILE"	"PROPOSED_FOR_HUMAN_REVIEW"
"ASPARAGUS"	"Spargel"	"APPLICABLE"	"Spargel als offene Farb- und Sortenwahl; grüner und weißer Spargel sind bekannte Ausprägungen mit unterschiedlicher Zubereitung."	"GENERAL_LOCAL"	"Die Beschaffung von „Spargel“ erfolgt in Rostock über die Gemüseabteilung eines gewöhnlichen großen Rostocker Supermarkts."	"EASY"	"Für „Spargel“ kontrolliert Tobias den Rostocker Bezug über die Gemüseabteilung eines gewöhnlichen großen Rostocker Supermarkts, wobei folgende Abgrenzung gilt: „Spargel als offene Farb- und Sortenwahl; grüner und weißer Spargel sind bekannte Ausprägungen mit unterschiedlicher Zubereitung.“"	"OPTIONAL"	"Spargel Spargel als offene Farb- und Sortenwahl; grüner und weißer Spargel sind…; Tobias Rostock Gemüse frisch TK genaue Sorte; Stängelgemüse; Die Gemüseabteilung eines gewöhnlichen großen Rostocker Supermarkts; reguläres Sortiment Filialverfügbarkeit; die exakt festgelegte Darreichung"	""	"TOBIAS_ROSTOCK_PROFILE"	"PROPOSED_FOR_HUMAN_REVIEW"
"AVOCADO"	"Avocado"	"APPLICABLE"	"Cremige, fettreiche Frucht mit mild-nussigem Geschmack; gemeint ist das Fruchtfleisch, nicht Avocadoöl."	"GENERAL_LOCAL"	"Für „Avocado“ führt der Rostocker Marktweg über die Obstabteilung eines gewöhnlichen großen Rostocker Supermarkts."	"EASY"	"Den Weg über die Obstabteilung eines gewöhnlichen großen Rostocker Supermarkts nutzt Tobias in Rostock für „Avocado“, wobei folgende Abgrenzung gilt: „Cremige, fettreiche Frucht mit mild-nussigem Geschmack; gemeint ist das Fruchtfleisch, nicht Avocadoöl.“"	"OPTIONAL"	"Avocado Cremige, fettreiche Frucht mit mild-nussigem Geschmack; Tobias Rostock Obst frisch TK genaue Sorte; Tropenfrucht; Die Obstabteilung eines gewöhnlichen großen Rostocker Supermarkts; reguläres Sortiment Filialverfügbarkeit; die exakt festgelegte Darreichung"	""	"TOBIAS_ROSTOCK_PROFILE"	"PROPOSED_FOR_HUMAN_REVIEW"
"BACON"	"Bacon"	"APPLICABLE"	"Gepökelter, meist geräucherter Schweinebauch nach Bacon-Art; Scheibendicke und Räucherung können variieren."	"GENERAL_LOCAL"	"Tobias prüft „Bacon“ in Rostock über die Fleischkühlung oder Bedientheke eines gewöhnlichen großen Rostocker Supermarkts."	"EASY"	"Über die Fleischkühlung oder Bedientheke eines gewöhnlichen großen Rostocker Supermarkts prüft Tobias in Rostock „Bacon“, wobei folgende Abgrenzung gilt: „Gepökelter, meist geräucherter Schweinebauch nach Bacon-Art; Scheibendicke und Räucherung können variieren.“"	"OPTIONAL"	"Bacon Gepökelter, meist geräucherter Schweinebauch nach Bacon-Art; Tobias Rostock Fleisch Wurst exakte Tierart Zuschnitt; gepökeltes oder luftgetrocknetes Fleisch / Schweinefleisch; Die Fleischkühlung oder Bedientheke eines gewöhnlichen großen Rostocker Supermarkts; reguläres Sortiment Filialverfügbarkeit; die präzise tierische Produktform"	""	"TOBIAS_ROSTOCK_PROFILE"	"PROPOSED_FOR_HUMAN_REVIEW"
"BAGOONG"	"Bagoong"	"APPLICABLE"	"Offene philippinische Familie salzig-fermentierter Fisch- oder Garnelenwürzen; die konkrete tierische Basis bleibt wählbar."	"NICHE_IMPORT"	"Für „Bagoong“ führt der Rostocker Marktweg über philippinische Lebensmittelfachhändler, wobei die Evidenz die menschliche v2-Freigabe für diesen Weg und Frischeversand, Importbeschränkungen sowie einen gezielten Händlerbesuch ausweist."	"DIFFICULT"	"Über philippinische Lebensmittelfachhändler (Evidenzstand: die menschliche v2-Freigabe für diesen Weg und Frischeversand, Importbeschränkungen sowie einen gezielten Händlerbesuch) prüft Tobias in Rostock „Bagoong“, wobei folgende Abgrenzung gilt: „Offene philippinische Familie salzig-fermentierter Fisch- oder Garnelenwürzen; die konkrete tierische Basis bleibt wählbar.“"	"REQUIRED"	"Bagoong Offene philippinische Familie salzig-fermentierter Fisch- oder Garnelenwürzen; Tobias Rostock Würzsauce Paste Essig exakte Sorte; fermentierte Würzzutat / fertige Sauce oder Würzpaste; philippinischen Lebensmittel-Spezialhandel Nischenweg; Bestand Produktform Versandlogistik; die exakt festgelegte Darreichung"	"AV2E-069"	"REFERENCE_ANCHOR|TOBIAS_ROSTOCK_PROFILE|FORM_OR_LOGISTICS_RISK|RESEARCH_REQUIRED|REFERENCE_ANCHOR_V2"	"APPROVED_REFERENCE_ANCHOR_V2"
"BAGOONG_ALAMANG"	"Bagoong alamang"	"APPLICABLE"	"Philippinische salzig-fermentierte Würzpaste aus kleinen Garnelen oder Krill; kräftig umamireich und nicht mit fischbasiertem Bagoong gleichzusetzen."	"NICHE_IMPORT"	"Die Beschaffung von „Bagoong alamang“ erfolgt in Rostock über auf philippinische Lebensmittel spezialisierte Anbieter, wobei die Evidenz die menschliche v2-Freigabe für diesen Weg und Frischeversand, Importbeschränkungen sowie einen gezielten Händlerbesuch ausweist."	"DIFFICULT"	"Über auf philippinische Lebensmittel spezialisierte Anbieter (Evidenzstand: die menschliche v2-Freigabe für diesen Weg und Frischeversand, Importbeschränkungen sowie einen gezielten Händlerbesuch) prüft Tobias in Rostock „Bagoong alamang“, wobei folgende Abgrenzung gilt: „Philippinische salzig-fermentierte Würzpaste aus kleinen Garnelen oder Krill; kräftig umamireich und nicht mit fischbasiertem Bagoong gleichzusetzen.“"	"REQUIRED"	"Bagoong alamang Philippinische salzig-fermentierte Würzpaste aus kleinen Garnelen oder Krill; Tobias Rostock Würzsauce Paste Essig exakte Sorte; Bagoong / Garnelenpaste; philippinischen Lebensmittel-Spezialhandel Nischenweg; Bestand Produktform Versandlogistik; die pastöse Produktform"	"AV2E-070"	"REFERENCE_ANCHOR|TOBIAS_ROSTOCK_PROFILE|FORM_OR_LOGISTICS_RISK|RESEARCH_REQUIRED|REFERENCE_ANCHOR_V2"	"APPROVED_REFERENCE_ANCHOR_V2"
"BAGOONG_ISDA"	"Bagoong isda"	"APPLICABLE"	"Philippinische salzig-fermentierte Würzzutat auf Fischbasis; Fischart und flüssige oder pastöse Konsistenz können regional variieren."	"NICHE_IMPORT"	"Beim Einkauf von „Bagoong isda“ nutzt Tobias Fachgeschäfte für philippinische Kochzutaten, wobei die Evidenz die menschliche v2-Freigabe für diesen Weg und Frischeversand, Importbeschränkungen sowie einen gezielten Händlerbesuch ausweist."	"DIFFICULT"	"Über Fachgeschäfte für philippinische Kochzutaten (Evidenzstand: die menschliche v2-Freigabe für diesen Weg und Frischeversand, Importbeschränkungen sowie einen gezielten Händlerbesuch) prüft Tobias in Rostock „Bagoong isda“, wobei folgende Abgrenzung gilt: „Philippinische salzig-fermentierte Würzzutat auf Fischbasis; Fischart und flüssige oder pastöse Konsistenz können regional variieren.“"	"REQUIRED"	"Bagoong isda Philippinische salzig-fermentierte Würzzutat auf Fischbasis; Tobias Rostock Lebensmittel genaue Produktform; Bagoong; philippinischen Lebensmittel-Spezialhandel Nischenweg; Bestand Produktform Versandlogistik; die exakt festgelegte Darreichung"	"AV2E-071"	"REFERENCE_ANCHOR|TOBIAS_ROSTOCK_PROFILE|FORM_OR_LOGISTICS_RISK|RESEARCH_REQUIRED|REFERENCE_ANCHOR_V2"	"APPROVED_REFERENCE_ANCHOR_V2"
"BAGUETTE"	"Baguette"	"APPLICABLE"	"Langes französisches Weizenbrot mit kräftiger Kruste und luftiger Krume; nicht beliebiges Weißbrot."	"GENERAL_LOCAL"	"Für „Baguette“ führt der Rostocker Marktweg über das Back-, Süßwaren- oder Brotregal eines gewöhnlichen großen Rostocker Supermarkts."	"EASY"	"Den Weg über das Back-, Süßwaren- oder Brotregal eines gewöhnlichen großen Rostocker Supermarkts nutzt Tobias in Rostock für „Baguette“, wobei folgende Abgrenzung gilt: „Langes französisches Weizenbrot mit kräftiger Kruste und luftiger Krume; nicht beliebiges Weißbrot.“"	"OPTIONAL"	"Baguette Langes französisches Weizenbrot mit kräftiger Kruste und luftiger Krume; Tobias Rostock Backware Süßungsmittel exakte Form; Brot oder Fladenbrot; Das Back-, Süßwaren- oder Brotregal eines gewöhnlichen großen Rostocker Supermarkts; reguläres Sortiment Filialverfügbarkeit; die exakt festgelegte Darreichung"	""	"TOBIAS_ROSTOCK_PROFILE"	"PROPOSED_FOR_HUMAN_REVIEW"
"BAKED_GOODS"	"Backware"	"NOT_APPLICABLE_STRUCTURE"	""	""	""	""	""	""	""	""	""	"APPROVED_NOT_APPLICABLE"
"BALSAMIC_VINEGAR"	"Balsamico"	"APPLICABLE"	"Dunkler, süß-säuerlicher Essig nach Balsamico-Art auf Traubenbasis; Reifegrad und Dichte können variieren."	"GENERAL_LOCAL"	"Beim Einkauf von „Balsamico“ nutzt Tobias das Saucen-, Essig- oder Feinkostregal eines gewöhnlichen großen Rostocker Supermarkts."	"EASY"	"Die Beschaffung von „Balsamico“ über das Saucen-, Essig- oder Feinkostregal eines gewöhnlichen großen Rostocker Supermarkts prüft Tobias in Rostock, wobei folgende Abgrenzung gilt: „Dunkler, süß-säuerlicher Essig nach Balsamico-Art auf Traubenbasis; Reifegrad und Dichte können variieren.“"	"OPTIONAL"	"Balsamico Dunkler, süß-säuerlicher Essig nach Balsamico-Art auf Traubenbasis; Tobias Rostock Würzsauce Paste Essig exakte Sorte; Essig; Das Saucen-, Essig- oder Feinkostregal eines gewöhnlichen großen Rostocker Supermarkts; reguläres Sortiment Filialverfügbarkeit; die exakt festgelegte Darreichung"	""	"TOBIAS_ROSTOCK_PROFILE"	"PROPOSED_FOR_HUMAN_REVIEW"
"BAMBOO_SHOOTS"	"Bambussprossen"	"APPLICABLE"	"Junge essbare Bambussprossen mit mildem Geschmack und knackigem Biss; in Deutschland meist vorgegart in Dose oder Glas erhältlich."	"GENERAL_BROAD"	"Tobias prüft „Bambussprossen“ in Rostock über gut sortierte Vollsortimenter und etablierte deutsche Händler für haltbare Gemüseformen."	"PLANNED"	"Über gut sortierte Vollsortimenter und etablierte deutsche Händler für haltbare Gemüseformen prüft Tobias in Rostock „Bambussprossen“, wobei folgende Abgrenzung gilt: „Junge essbare Bambussprossen mit mildem Geschmack und knackigem Biss; in Deutschland meist vorgegart in Dose oder Glas erhältlich.“"	"OPTIONAL"	"Bambussprossen Junge essbare Bambussprossen mit mildem Geschmack und knackigem Biss; Tobias Rostock Gemüse genaue Sorte haltbar TK; Stängelgemüse; gut sortierte Vollsortimenter und etablierte deutsche Händler für haltbare Gemüseformen; gezielter Einkauf Deutschland Wochenvorlauf; die konservierte Produktform"	""	"TOBIAS_ROSTOCK_PROFILE"	"PROPOSED_FOR_HUMAN_REVIEW"
"BANANA"	"Banane"	"APPLICABLE"	"Reife Dessertbanane mit weichem, süßem Fruchtfleisch; nicht stärkehaltige Kochbanane."	"GENERAL_LOCAL"	"Die Beschaffung von „Banane“ erfolgt in Rostock über die Obstabteilung eines gewöhnlichen großen Rostocker Supermarkts."	"EASY"	"Für „Banane“ kontrolliert Tobias den Rostocker Bezug über die Obstabteilung eines gewöhnlichen großen Rostocker Supermarkts, wobei folgende Abgrenzung gilt: „Reife Dessertbanane mit weichem, süßem Fruchtfleisch; nicht stärkehaltige Kochbanane.“"	"OPTIONAL"	"Banane Reife Dessertbanane mit weichem, süßem Fruchtfleisch; Tobias Rostock Obst frisch TK genaue Sorte; Tropenfrucht; Die Obstabteilung eines gewöhnlichen großen Rostocker Supermarkts; reguläres Sortiment Filialverfügbarkeit; die exakt festgelegte Darreichung"	""	"TOBIAS_ROSTOCK_PROFILE"	"PROPOSED_FOR_HUMAN_REVIEW"
"BANANA_BLOSSOM"	"Bananenblüte"	"APPLICABLE"	"Essbare Bananenblüte mit faserigem Biss und mild herb-adstringierendem Geschmack; frisch oder schlicht konserviert für Salate, Suppen und Gemüsegerichte. Nicht Bananenfrucht oder bloß dekorative Blüte."	"SPECIALTY_BROAD"	"Tobias prüft „Bananenblüte“ in Rostock über den Spezialhandel für frisches oder tiefgekühltes Gemüse, wobei die Evidenz die menschliche v2-Freigabe für diesen Weg und Frischeversand sowie einen gezielten Händlerbesuch ausweist."	"SPECIALTY"	"Über den Spezialhandel für frisches oder tiefgekühltes Gemüse (Evidenzstand: die menschliche v2-Freigabe für diesen Weg und Frischeversand sowie einen gezielten Händlerbesuch) prüft Tobias in Rostock „Bananenblüte“, wobei folgende Abgrenzung gilt: „Essbare Bananenblüte mit faserigem Biss und mild herb-adstringierendem Geschmack; frisch oder schlicht konserviert für Salate, Suppen und Gemüsegerichte. Nicht Bananenfrucht oder bloß dekorative Blüte.“"	"REQUIRED"	"Bananenblüte Essbare Bananenblüte mit faserigem Biss und mild herb-adstringierendem…; Tobias Rostock Gemüse frisch TK genaue Sorte; Blütengemüse; Spezialhandel für frisches oder tiefgekühltes Gemüse; mehrere unabhängige Fachhändler Marktbreite; die verlangte frische Form"	"AV2E-056"	"REFERENCE_ANCHOR|TOBIAS_ROSTOCK_PROFILE|SPECIALTY_MARKET_BREADTH|FORM_SENSITIVE|RESEARCH_REQUIRED|REFERENCE_ANCHOR_V2"	"APPROVED_REFERENCE_ANCHOR_V2"
"BANANA_KETCHUP"	"Bananenketchup"	"APPLICABLE"	"Filipinische süß-säuerliche Würzsauce auf Bananenbasis, typischerweise tomatenketchupähnlich gewürzt und gefärbt."	"SPECIALTY_BROAD"	"Tobias prüft „Bananenketchup“ in Rostock über Asia Foodstore – UFC Banana Sauce und PinoyFood – UFC Banana Sauce Sweet & Spicy, wobei die Evidenz beim Abruf verfügbaren Bestand und Standardversand ausweist."	"SPECIALTY"	"Über Asia Foodstore – UFC Banana Sauce und PinoyFood – UFC Banana Sauce Sweet & Spicy (Evidenzstand: beim Abruf verfügbaren Bestand und Standardversand) prüft Tobias in Rostock „Bananenketchup“, wobei folgende Abgrenzung gilt: „Filipinische süß-säuerliche Würzsauce auf Bananenbasis, typischerweise tomatenketchupähnlich gewürzt und gefärbt.“"	"REQUIRED"	"Bananenketchup Filipinische süß-säuerliche Würzsauce auf Bananenbasis, typischerweise…; Tobias Rostock Würzsauce Paste Essig exakte Sorte; fertige Sauce oder Würzpaste; PinoyFood – UFC Banana Sauce Sweet & Spicy | Asia Foodstore – UFC Banana Sauce; mehrere unabhängige Fachhändler Marktbreite; die exakt festgelegte Darreichung"	"AV2N-A-0009|AV2N-A-0010"	"TOBIAS_ROSTOCK_PROFILE|FORM_OR_LOGISTICS_RISK|RESEARCH_REQUIRED|RATING_RECONCILED_V2"	"PROPOSED_FOR_HUMAN_REVIEW"
"BANANA_LEAVES"	"Bananenblätter"	"APPLICABLE"	"Große Bananenblätter als aromatisierende Hülle oder Unterlage zum Dämpfen, Kochen und Grillen; frisch oder tiefgekühlt verwendbar. Sie werden nicht als Blattgemüse gegessen und sind keine Konkretisierung der Bananenfrucht."	"SPECIALTY_BROAD"	"Tobias prüft „Bananenblätter“ in Rostock über Fachhändler für frische Kräuter, wobei die Evidenz die menschliche v2-Freigabe für diesen Weg und Tiefkühlversand sowie einen gezielten Händlerbesuch ausweist."	"SPECIALTY"	"Über Fachhändler für frische Kräuter (Evidenzstand: die menschliche v2-Freigabe für diesen Weg und Tiefkühlversand sowie einen gezielten Händlerbesuch) prüft Tobias in Rostock „Bananenblätter“, wobei folgende Abgrenzung gilt: „Große Bananenblätter als aromatisierende Hülle oder Unterlage zum Dämpfen, Kochen und Grillen; frisch oder tiefgekühlt verwendbar. Sie werden nicht als Blattgemüse gegessen und sind keine Konkretisierung der Bananenfrucht.“"	"REQUIRED"	"Bananenblätter Große Bananenblätter als aromatisierende Hülle oder Unterlage zum Dämpfen…; Tobias Rostock frische Kräuter Bund Topf genaue Art; Kräuter und Würzblätter; Spezialhandel für frische Kräuter; mehrere unabhängige Fachhändler Marktbreite; die zugelassene Frisch- oder Tiefkühlform"	"AV2E-063"	"REFERENCE_ANCHOR|TOBIAS_ROSTOCK_PROFILE|SPECIALTY_MARKET_BREADTH|FORM_SENSITIVE|RESEARCH_REQUIRED|REFERENCE_ANCHOR_V2"	"APPROVED_REFERENCE_ANCHOR_V2"
"BARBECUE_SAUCE"	"Barbecuesauce"	"APPLICABLE"	"Fertige kräftig gewürzte Sauce nach Barbecue-Art; Süße, Rauchigkeit, Säure und Schärfe können deutlich variieren."	"GENERAL_LOCAL"	"Für „Barbecuesauce“ wird das Angebot über das Saucen-, Essig- oder Feinkostregal eines gewöhnlichen großen Rostocker Supermarkts kontrolliert."	"EASY"	"Beim Rostocker Einkauf setzt Tobias für „Barbecuesauce“ auf das Saucen-, Essig- oder Feinkostregal eines gewöhnlichen großen Rostocker Supermarkts, wobei folgende Abgrenzung gilt: „Fertige kräftig gewürzte Sauce nach Barbecue-Art; Süße, Rauchigkeit, Säure und Schärfe können deutlich variieren.“"	"OPTIONAL"	"Barbecuesauce Fertige kräftig gewürzte Sauce nach Barbecue-Art; Tobias Rostock Würzsauce Paste Essig exakte Sorte; fertige Sauce oder Würzpaste; Das Saucen-, Essig- oder Feinkostregal eines gewöhnlichen großen Rostocker Supermarkts; reguläres Sortiment Filialverfügbarkeit; die exakt festgelegte Darreichung"	""	"TOBIAS_ROSTOCK_PROFILE"	"PROPOSED_FOR_HUMAN_REVIEW"
"BARLEY"	"Gerste"	"APPLICABLE"	"Gerstenkorn als Kochzutat, etwa geschält oder als Rollgerste; Graupen sind eine stärker verarbeitete Form."	"GENERAL_BROAD"	"Die Beschaffung von „Gerste“ erfolgt in Rostock über gut sortierte Vollsortimenter und etablierte deutsche Bio- oder Trockenwarenhändler."	"PLANNED"	"Für „Gerste“ kontrolliert Tobias den Rostocker Bezug über gut sortierte Vollsortimenter und etablierte deutsche Bio- oder Trockenwarenhändler, wobei folgende Abgrenzung gilt: „Gerstenkorn als Kochzutat, etwa geschält oder als Rollgerste; Graupen sind eine stärker verarbeitete Form.“"	"OPTIONAL"	"Gerste Gerstenkorn als Kochzutat, etwa geschält oder als Rollgerste; Tobias Rostock Getreide Stärke Teigware genaue Form; Getreide oder Pseudogetreide; gut sortierte Vollsortimenter und etablierte deutsche Bio- oder Trockenwarenhändler; gezielter Einkauf Deutschland Wochenvorlauf; die exakt festgelegte Darreichung"	""	"TOBIAS_ROSTOCK_PROFILE"	"PROPOSED_FOR_HUMAN_REVIEW"
"BASIL"	"Basilikum"	"APPLICABLE"	"Frisches Basilikum mit süßlich-pfeffrigem Aroma; Thai-Basilikum bleibt als eigenständige Ausprägung getrennt."	"GENERAL_LOCAL"	"Tobias prüft „Basilikum“ in Rostock über die Kräuterkühlung der Obst- und Gemüseabteilung eines gewöhnlichen großen Rostocker Supermarkts."	"EASY"	"Über die Kräuterkühlung der Obst- und Gemüseabteilung eines gewöhnlichen großen Rostocker Supermarkts prüft Tobias in Rostock „Basilikum“, wobei folgende Abgrenzung gilt: „Frisches Basilikum mit süßlich-pfeffrigem Aroma; Thai-Basilikum bleibt als eigenständige Ausprägung getrennt.“"	"OPTIONAL"	"Basilikum Frisches Basilikum mit süßlich-pfeffrigem Aroma; Tobias Rostock frische Kräuter Bund Topf genaue Art; Kräuter und Würzblätter; Die Kräuterkühlung der Obst- und Gemüseabteilung eines gewöhnlichen großen Rostocker Supermarkts; reguläres Sortiment Filialverfügbarkeit; die verlangte frische Form"	""	"TOBIAS_ROSTOCK_PROFILE|FORM_SENSITIVE"	"PROPOSED_FOR_HUMAN_REVIEW"
"BASMATI_RICE"	"Basmatireis"	"APPLICABLE"	"Langkornreis mit charakteristisch duftigem Aroma und lockerem Korn; weiß oder als Vollkornvariante verwendbar."	"GENERAL_LOCAL"	"Tobias prüft „Basmatireis“ in Rostock über das Getreide-, Mehl-, Reis- oder Teigwarenregal eines gewöhnlichen großen Rostocker Supermarkts."	"EASY"	"Über das Getreide-, Mehl-, Reis- oder Teigwarenregal eines gewöhnlichen großen Rostocker Supermarkts prüft Tobias in Rostock „Basmatireis“, wobei folgende Abgrenzung gilt: „Langkornreis mit charakteristisch duftigem Aroma und lockerem Korn; weiß oder als Vollkornvariante verwendbar.“"	"OPTIONAL"	"Basmatireis Langkornreis mit charakteristisch duftigem Aroma und lockerem Korn; Tobias Rostock Getreide Stärke Teigware genaue Form; Reis; Das Getreide-, Mehl-, Reis- oder Teigwarenregal eines gewöhnlichen großen Rostocker Supermarkts; reguläres Sortiment Filialverfügbarkeit; die geforderte ganze oder körnige Form"	""	"TOBIAS_ROSTOCK_PROFILE"	"PROPOSED_FOR_HUMAN_REVIEW"
"BAY_LEAF"	"Lorbeerblatt"	"APPLICABLE"	"Getrocknetes oder frisches Lorbeerblatt mit herb-würzigem Aroma für Brühen, Saucen und Schmorgerichte; vor dem Servieren üblicherweise entfernen."	"GENERAL_LOCAL"	"Für „Lorbeerblatt“ führt der Rostocker Marktweg über das Gewürz- oder Backregal eines gewöhnlichen großen Rostocker Supermarkts."	"EASY"	"Den Weg über das Gewürz- oder Backregal eines gewöhnlichen großen Rostocker Supermarkts nutzt Tobias in Rostock für „Lorbeerblatt“, wobei folgende Abgrenzung gilt: „Getrocknetes oder frisches Lorbeerblatt mit herb-würzigem Aroma für Brühen, Saucen und Schmorgerichte; vor dem Servieren üblicherweise entfernen.“"	"OPTIONAL"	"Lorbeerblatt Getrocknetes oder frisches Lorbeerblatt mit herb-würzigem Aroma für Brühen…; Tobias Rostock Gewürz ganze gemahlene getrocknete Form; Kräuter und Würzblätter; Das Gewürz- oder Backregal eines gewöhnlichen großen Rostocker Supermarkts; reguläres Sortiment Filialverfügbarkeit; die zugelassene getrocknete oder frische Blattform"	""	"TOBIAS_ROSTOCK_PROFILE|FORM_SENSITIVE"	"PROPOSED_FOR_HUMAN_REVIEW"
"BEAN_SPROUTS"	"Mungbohnensprossen"	"APPLICABLE"	"Knackige Sprossen der Mungbohne, im Handel oft als Sojasprossen bezeichnet; nicht mit Keimlingen der Sojabohne gleichsetzen."	"GENERAL_BROAD"	"Für „Mungbohnensprossen“ führt der Rostocker Marktweg über gut sortierte Vollsortimenter und etablierte deutsche Gemüse- oder Frischehändler."	"PLANNED"	"Den Weg über gut sortierte Vollsortimenter und etablierte deutsche Gemüse- oder Frischehändler nutzt Tobias in Rostock für „Mungbohnensprossen“, wobei folgende Abgrenzung gilt: „Knackige Sprossen der Mungbohne, im Handel oft als Sojasprossen bezeichnet; nicht mit Keimlingen der Sojabohne gleichsetzen.“"	"OPTIONAL"	"Mungbohnensprossen Knackige Sprossen der Mungbohne, im Handel oft als Sojasprossen bezeichnet; Tobias Rostock Gemüse frisch TK genaue Sorte; Sprossen; gut sortierte Vollsortimenter und etablierte deutsche Gemüse- oder Frischehändler; gezielter Einkauf Deutschland Wochenvorlauf; die exakt festgelegte Darreichung"	""	"TOBIAS_ROSTOCK_PROFILE"	"PROPOSED_FOR_HUMAN_REVIEW"
"BEANS"	"Bohnen"	"APPLICABLE"	"Offene Vorgabe für trockene oder vorgegarte Bohnenkerne; frische grüne Bohnen und andere Schotengemüse sind nicht gemeint."	"GENERAL_LOCAL"	"Bohnen: im Hülsenfrucht-, Trocken- und Konservenregal großer Rostocker Supermärkte sind trockene oder vorgegarte Bohnenkerne regulär geführt; frische grüne Schoten zählen ausdrücklich nicht."	"EASY"	"Tobias findet in Rostock trockene Bohnenkerne im Trockensortiment und vorgegarte Bohnenkerne im Konservenregal gewöhnlicher großer Märkte; frische grüne Bohnen gehören nicht zu dieser offenen, aber auf Kerne begrenzten Produktform."	"OPTIONAL"	"Bohnen Offene Vorgabe für trockene oder vorgegarte Bohnenkerne; Tobias Rostock Hülsenfrucht getrocknet vorgegart Sorte; Hülsenfrüchte; Das Hülsenfrucht-, Konserven- oder Trockensortiment eines gewöhnlichen großen Rostocker Supermarkts; reguläres Sortiment Filialverfügbarkeit; die verlangte frische Form"	""	"TOBIAS_ROSTOCK_PROFILE|FORM_SENSITIVE"	"PROPOSED_FOR_HUMAN_REVIEW"
"BEEF"	"Rindfleisch"	"APPLICABLE"	"Offene Vorgabe für Rindfleisch; Zuschnitt, Fettanteil und geeignete Garmethode werden bewusst nicht festgelegt."	"GENERAL_LOCAL"	"Für „Rindfleisch“ führt der Rostocker Marktweg über die Fleischkühlung oder Bedientheke eines gewöhnlichen großen Rostocker Supermarkts."	"EASY"	"Den Weg über die Fleischkühlung oder Bedientheke eines gewöhnlichen großen Rostocker Supermarkts nutzt Tobias in Rostock für „Rindfleisch“, wobei folgende Abgrenzung gilt: „Offene Vorgabe für Rindfleisch; Zuschnitt, Fettanteil und geeignete Garmethode werden bewusst nicht festgelegt.“"	"OPTIONAL"	"Rindfleisch Offene Vorgabe für Rindfleisch; Zuschnitt, Fettanteil und geeignete Garmethode…; Tobias Rostock Fleisch Wurst exakte Tierart Zuschnitt; Fleisch; Die Fleischkühlung oder Bedientheke eines gewöhnlichen großen Rostocker Supermarkts; reguläres Sortiment Filialverfügbarkeit; den festgelegten Zuschnitt"	""	"TOBIAS_ROSTOCK_PROFILE"	"PROPOSED_FOR_HUMAN_REVIEW"
"BEEF_BRISKET"	"Rinderbrust"	"APPLICABLE"	"Bindegewebsreiche Rinderbrust, besonders für langsames Schmoren, Kochen oder Barbecue geeignet."	"GENERAL_BROAD"	"Tobias prüft „Rinderbrust“ in Rostock über Vorbestellung an einer gut sortierten Fleischtheke oder etablierter deutscher Metzgereiversand."	"PLANNED"	"Über Vorbestellung an einer gut sortierten Fleischtheke oder etablierter deutscher Metzgereiversand prüft Tobias in Rostock „Rinderbrust“, wobei folgende Abgrenzung gilt: „Bindegewebsreiche Rinderbrust, besonders für langsames Schmoren, Kochen oder Barbecue geeignet.“"	"OPTIONAL"	"Rinderbrust Bindegewebsreiche Rinderbrust, besonders für langsames Schmoren, Kochen oder…; Tobias Rostock Fleisch Wurst exakte Tierart Zuschnitt; Rindfleisch; Vorbestellung an einer gut sortierten Fleischtheke oder etablierter deutscher Metzgereiversand; gezielter Einkauf Deutschland Wochenvorlauf; die präzise tierische Produktform"	""	"TOBIAS_ROSTOCK_PROFILE"	"PROPOSED_FOR_HUMAN_REVIEW"
"BEEF_CHEEK"	"Rinderbäckchen"	"APPLICABLE"	"Stark beanspruchtes, kollagenreiches Muskelfleisch aus der Rinderbacke; wird durch langes Schmoren zart."	"GENERAL_BROAD"	"Tobias prüft „Rinderbäckchen“ in Rostock über MeinMetzger – Irische Ochsenbäckchen / Rinderbäckchen, wobei die Evidenz beim Abruf verfügbaren Bestand und Kühlversand ausweist."	"PLANNED"	"Über MeinMetzger – Irische Ochsenbäckchen / Rinderbäckchen (Evidenzstand: beim Abruf verfügbaren Bestand und Kühlversand) prüft Tobias in Rostock „Rinderbäckchen“, wobei folgende Abgrenzung gilt: „Stark beanspruchtes, kollagenreiches Muskelfleisch aus der Rinderbacke; wird durch langes Schmoren zart.“"	"REQUIRED"	"Rinderbäckchen Stark beanspruchtes, kollagenreiches Muskelfleisch aus der Rinderbacke; Tobias Rostock Fleisch Wurst exakte Tierart Zuschnitt; Rindfleisch; MeinMetzger – Irische Ochsenbäckchen / Rinderbäckchen; gezielter Einkauf Deutschland Wochenvorlauf; die präzise tierische Produktform"	"AV2N-A-0011"	"TOBIAS_ROSTOCK_PROFILE|RESEARCH_REQUIRED"	"PROPOSED_FOR_HUMAN_REVIEW"
"BEEF_GOULASH"	"Rindergulasch"	"APPLICABLE"	"Würfel oder grobe Stücke vom Rind für Schmorgerichte; gemeint ist der rohe Zuschnitt, nicht das fertige Gulasch."	"GENERAL_LOCAL"	"Die Beschaffung von „Rindergulasch“ erfolgt in Rostock über die Fleischkühlung oder Bedientheke eines gewöhnlichen großen Rostocker Supermarkts."	"EASY"	"Für „Rindergulasch“ kontrolliert Tobias den Rostocker Bezug über die Fleischkühlung oder Bedientheke eines gewöhnlichen großen Rostocker Supermarkts, wobei folgende Abgrenzung gilt: „Würfel oder grobe Stücke vom Rind für Schmorgerichte; gemeint ist der rohe Zuschnitt, nicht das fertige Gulasch.“"	"OPTIONAL"	"Rindergulasch Würfel oder grobe Stücke vom Rind für Schmorgerichte; Tobias Rostock Fleisch Wurst exakte Tierart Zuschnitt; Rindfleisch; Die Fleischkühlung oder Bedientheke eines gewöhnlichen großen Rostocker Supermarkts; reguläres Sortiment Filialverfügbarkeit; den festgelegten Zuschnitt"	""	"TOBIAS_ROSTOCK_PROFILE"	"PROPOSED_FOR_HUMAN_REVIEW"
"BEEF_HEART"	"Rinderherz"	"APPLICABLE"	"Mageres, festes Muskelfleisch vom Rinderherz mit kräftigem Eigengeschmack; nicht mit Lebertextur gleichsetzen."	"GENERAL_BROAD"	"Tobias prüft „Rinderherz“ in Rostock über MeinMetzger – Rinderherz, kaum Kranzfett, wobei die Evidenz beim Abruf verfügbaren Bestand und Kühlversand ausweist."	"PLANNED"	"Über MeinMetzger – Rinderherz, kaum Kranzfett (Evidenzstand: beim Abruf verfügbaren Bestand und Kühlversand) prüft Tobias in Rostock „Rinderherz“, wobei folgende Abgrenzung gilt: „Mageres, festes Muskelfleisch vom Rinderherz mit kräftigem Eigengeschmack; nicht mit Lebertextur gleichsetzen.“"	"REQUIRED"	"Rinderherz Mageres, festes Muskelfleisch vom Rinderherz mit kräftigem Eigengeschmack; Tobias Rostock Fleisch Wurst exakte Tierart Zuschnitt; Rindfleisch / Innereien; MeinMetzger – Rinderherz, kaum Kranzfett; gezielter Einkauf Deutschland Wochenvorlauf; die präzise tierische Produktform"	"AV2N-A-0012"	"TOBIAS_ROSTOCK_PROFILE|RESEARCH_REQUIRED"	"PROPOSED_FOR_HUMAN_REVIEW"
"BEEF_LIVER"	"Rinderleber"	"APPLICABLE"	"Rinderleber mit kräftigem, mineralischem Geschmack und weicher Textur; kurze Garung verhindert unnötige Trockenheit."	"GENERAL_BROAD"	"Tobias prüft „Rinderleber“ in Rostock über MeinMetzger – Rinderleber in Scheiben, wobei die Evidenz beim Abruf verfügbaren Bestand und Kühlversand ausweist."	"PLANNED"	"Über MeinMetzger – Rinderleber in Scheiben (Evidenzstand: beim Abruf verfügbaren Bestand und Kühlversand) prüft Tobias in Rostock „Rinderleber“, wobei folgende Abgrenzung gilt: „Rinderleber mit kräftigem, mineralischem Geschmack und weicher Textur; kurze Garung verhindert unnötige Trockenheit.“"	"REQUIRED"	"Rinderleber Rinderleber mit kräftigem, mineralischem Geschmack und weicher Textur; Tobias Rostock Fleisch Wurst exakte Tierart Zuschnitt; Rindfleisch / Innereien; MeinMetzger – Rinderleber in Scheiben; gezielter Einkauf Deutschland Wochenvorlauf; die präzise tierische Produktform"	"AV2N-A-0013"	"TOBIAS_ROSTOCK_PROFILE|RESEARCH_REQUIRED"	"PROPOSED_FOR_HUMAN_REVIEW"
"BEEF_MINCE"	"Rinderhack"	"APPLICABLE"	"Zerkleinertes Rindfleisch mit variablem Fettanteil; nicht gemischtes Hackfleisch."	"GENERAL_LOCAL"	"Beim Einkauf von „Rinderhack“ nutzt Tobias die Fleischkühlung oder Bedientheke eines gewöhnlichen großen Rostocker Supermarkts."	"EASY"	"Die Beschaffung von „Rinderhack“ über die Fleischkühlung oder Bedientheke eines gewöhnlichen großen Rostocker Supermarkts prüft Tobias in Rostock, wobei folgende Abgrenzung gilt: „Zerkleinertes Rindfleisch mit variablem Fettanteil; nicht gemischtes Hackfleisch.“"	"OPTIONAL"	"Rinderhack Zerkleinertes Rindfleisch mit variablem Fettanteil; Tobias Rostock Fleisch Wurst exakte Tierart Zuschnitt; Rindfleisch / Hackfleisch; Die Fleischkühlung oder Bedientheke eines gewöhnlichen großen Rostocker Supermarkts; reguläres Sortiment Filialverfügbarkeit; die präzise tierische Produktform"	""	"TOBIAS_ROSTOCK_PROFILE"	"PROPOSED_FOR_HUMAN_REVIEW"
"BEEF_ROAST"	"Rinderbraten"	"APPLICABLE"	"Größeres Rindfleischstück zum Braten oder Schmoren; der konkrete Teilzuschnitt bleibt offen."	"GENERAL_LOCAL"	"Für „Rinderbraten“ wird das Angebot über die Fleischkühlung oder Bedientheke eines gewöhnlichen großen Rostocker Supermarkts kontrolliert."	"EASY"	"Beim Rostocker Einkauf setzt Tobias für „Rinderbraten“ auf die Fleischkühlung oder Bedientheke eines gewöhnlichen großen Rostocker Supermarkts, wobei folgende Abgrenzung gilt: „Größeres Rindfleischstück zum Braten oder Schmoren; der konkrete Teilzuschnitt bleibt offen.“"	"OPTIONAL"	"Rinderbraten Größeres Rindfleischstück zum Braten oder Schmoren; Tobias Rostock Fleisch Wurst exakte Tierart Zuschnitt; Rindfleisch; Die Fleischkühlung oder Bedientheke eines gewöhnlichen großen Rostocker Supermarkts; reguläres Sortiment Filialverfügbarkeit; die präzise tierische Produktform"	""	"TOBIAS_ROSTOCK_PROFILE|RATING_RECONCILED_V2"	"PROPOSED_FOR_HUMAN_REVIEW"
"BEEF_ROULADE"	"Rinderroulade"	"APPLICABLE"	"Dünne große Rindfleischscheibe zum Füllen und Schmoren; gemeint ist der Zuschnitt, nicht eine festgelegte Füllung."	"GENERAL_LOCAL"	"Der konkrete Bezug von „Rinderroulade“ läuft über die Fleischkühlung oder Bedientheke eines gewöhnlichen großen Rostocker Supermarkts."	"EASY"	"Das Angebot zu „Rinderroulade“ über die Fleischkühlung oder Bedientheke eines gewöhnlichen großen Rostocker Supermarkts kontrolliert Tobias in Rostock, wobei folgende Abgrenzung gilt: „Dünne große Rindfleischscheibe zum Füllen und Schmoren; gemeint ist der Zuschnitt, nicht eine festgelegte Füllung.“"	"OPTIONAL"	"Rinderroulade Dünne große Rindfleischscheibe zum Füllen und Schmoren; Tobias Rostock Fleisch Wurst exakte Tierart Zuschnitt; Rindfleisch; Die Fleischkühlung oder Bedientheke eines gewöhnlichen großen Rostocker Supermarkts; reguläres Sortiment Filialverfügbarkeit; den festgelegten Zuschnitt"	""	"TOBIAS_ROSTOCK_PROFILE"	"PROPOSED_FOR_HUMAN_REVIEW"
"BEEF_RUMP"	"Rinderhüfte"	"APPLICABLE"	"Rinderhüfte als relativ magerer, kurzbrat- oder bratentauglicher Zuschnitt; nicht das stärker marmorierte Roastbeef."	"GENERAL_BROAD"	"Für „Rinderhüfte“ führt der Rostocker Marktweg über Vorbestellung an einer gut sortierten Fleischtheke oder etablierter deutscher Metzgereiversand."	"PLANNED"	"Den Weg über Vorbestellung an einer gut sortierten Fleischtheke oder etablierter deutscher Metzgereiversand nutzt Tobias in Rostock für „Rinderhüfte“, wobei folgende Abgrenzung gilt: „Rinderhüfte als relativ magerer, kurzbrat- oder bratentauglicher Zuschnitt; nicht das stärker marmorierte Roastbeef.“"	"OPTIONAL"	"Rinderhüfte Rinderhüfte als relativ magerer, kurzbrat- oder bratentauglicher Zuschnitt; Tobias Rostock Fleisch Wurst exakte Tierart Zuschnitt; Rindfleisch; Vorbestellung an einer gut sortierten Fleischtheke oder etablierter deutscher Metzgereiversand; gezielter Einkauf Deutschland Wochenvorlauf; den festgelegten Zuschnitt"	""	"TOBIAS_ROSTOCK_PROFILE"	"PROPOSED_FOR_HUMAN_REVIEW"
"BEEF_SHIN"	"Rinderbeinscheibe"	"APPLICABLE"	"Quergeschnittene Rinderhaxe mit Knochen und viel Kollagen; besonders für langsames Schmoren oder Brühen geeignet."	"GENERAL_BROAD"	"Tobias prüft „Rinderbeinscheibe“ in Rostock über MeinMetzger – Beinscheibe vom Rind, wobei die Evidenz beim Abruf verfügbaren Bestand und Kühlversand ausweist."	"PLANNED"	"Über MeinMetzger – Beinscheibe vom Rind (Evidenzstand: beim Abruf verfügbaren Bestand und Kühlversand) prüft Tobias in Rostock „Rinderbeinscheibe“, wobei folgende Abgrenzung gilt: „Quergeschnittene Rinderhaxe mit Knochen und viel Kollagen; besonders für langsames Schmoren oder Brühen geeignet.“"	"OPTIONAL"	"Rinderbeinscheibe Quergeschnittene Rinderhaxe mit Knochen und viel Kollagen; Tobias Rostock Fleisch Wurst exakte Tierart Zuschnitt; Rindfleisch; MeinMetzger – Beinscheibe vom Rind; gezielter Einkauf Deutschland Wochenvorlauf; die präzise tierische Produktform"	"AV2N-A-0014"	"TOBIAS_ROSTOCK_PROFILE"	"PROPOSED_FOR_HUMAN_REVIEW"
"BEEF_SHORT_RIBS"	"Rinderrippen"	"APPLICABLE"	"Fleischige kurze Rinderrippen mit Fett und Bindegewebe; für langsames Garen oder Barbecue geeignet."	"GENERAL_BROAD"	"Rinderrippen: REWE listet Short Ribs ausdrücklich als gekühlten Artikel der Fleisch-Servicetheke; Tobias kann den Rostocker Standortbestand dieses konkreten Rindercuts vorab prüfen."	"PLANNED"	"Tobias plant die fleischigen kurzen Rinderrippen über das exakte REWE-Listing Short Ribs und eine Rostocker Thekenabfrage — der Cut bleibt für langsames Garen oder Barbecue bestimmt, während eine unspezifische Fleischkategorie nicht genügt."	"OPTIONAL"	"REWE Short Ribs | Rinderrippen gekühlt Servicetheke | Rostock Standort Bestand"	"AV2N-A-0015"	"TOBIAS_ROSTOCK_PROFILE"	"PROPOSED_FOR_HUMAN_REVIEW"
"BEEF_STEAK"	"Rindersteak"	"APPLICABLE"	"Zum Kurzbraten geeignete Rindfleischscheibe; der konkrete Steakzuschnitt und Reifegrad bleiben offen."	"GENERAL_LOCAL"	"Tobias sucht „Rindersteak“ in Rostock über die Fleischkühlung oder Bedientheke eines gewöhnlichen großen Rostocker Supermarkts gesucht."	"EASY"	"Tobias nutzt in Rostock die Fleischkühlung oder Bedientheke eines gewöhnlichen großen Rostocker Supermarkts für „Rindersteak“, wobei folgende Abgrenzung gilt: „Zum Kurzbraten geeignete Rindfleischscheibe; der konkrete Steakzuschnitt und Reifegrad bleiben offen.“"	"OPTIONAL"	"Rindersteak Zum Kurzbraten geeignete Rindfleischscheibe; Tobias Rostock Fleisch Wurst exakte Tierart Zuschnitt; Rindfleisch; Die Fleischkühlung oder Bedientheke eines gewöhnlichen großen Rostocker Supermarkts; reguläres Sortiment Filialverfügbarkeit; die präzise tierische Produktform"	""	"TOBIAS_ROSTOCK_PROFILE"	"PROPOSED_FOR_HUMAN_REVIEW"
"BEEF_STOCK"	"Rinderfond"	"APPLICABLE"	"Kräftiger Fond auf Basis von Rindfleisch und/oder Rinderknochen; selbst gekocht oder als hochwertiges Fertigprodukt verwendbar."	"GENERAL_BROAD"	"Tobias prüft „Rinderfond“ in Rostock über gut sortierte Vollsortimenter und etablierte deutsche Fonds- oder Feinkosthändler."	"PLANNED"	"Über gut sortierte Vollsortimenter und etablierte deutsche Fonds- oder Feinkosthändler prüft Tobias in Rostock „Rinderfond“, wobei folgende Abgrenzung gilt: „Kräftiger Fond auf Basis von Rindfleisch und/oder Rinderknochen; selbst gekocht oder als hochwertiges Fertigprodukt verwendbar.“"	"OPTIONAL"	"Rinderfond Kräftiger Fond auf Basis von Rindfleisch und/oder Rinderknochen; Tobias Rostock Brühe Fond genaue Basis; Brühe oder Fond; gut sortierte Vollsortimenter und etablierte deutsche Fonds- oder Feinkosthändler; gezielter Einkauf Deutschland Wochenvorlauf; die exakt festgelegte Darreichung"	""	"TOBIAS_ROSTOCK_PROFILE"	"PROPOSED_FOR_HUMAN_REVIEW"
"BEEF_TENDERLOIN"	"Rinderfilet"	"APPLICABLE"	"Sehr zartes und mageres Rinderfilet für kurze Garung; nicht mit Schweinefilet oder Roastbeef gleichsetzen."	"GENERAL_BROAD"	"Die Beschaffung von „Rinderfilet“ erfolgt in Rostock über Vorbestellung an einer gut sortierten Fleischtheke oder etablierter deutscher Metzgereiversand."	"PLANNED"	"Für „Rinderfilet“ kontrolliert Tobias den Rostocker Bezug über Vorbestellung an einer gut sortierten Fleischtheke oder etablierter deutscher Metzgereiversand, wobei folgende Abgrenzung gilt: „Sehr zartes und mageres Rinderfilet für kurze Garung; nicht mit Schweinefilet oder Roastbeef gleichsetzen.“"	"OPTIONAL"	"Rinderfilet Sehr zartes und mageres Rinderfilet für kurze Garung; Tobias Rostock Fleisch Wurst exakte Tierart Zuschnitt; Rindfleisch; Vorbestellung an einer gut sortierten Fleischtheke oder etablierter deutscher Metzgereiversand; gezielter Einkauf Deutschland Wochenvorlauf; die präzise tierische Produktform"	""	"TOBIAS_ROSTOCK_PROFILE|RATING_RECONCILED_V2"	"PROPOSED_FOR_HUMAN_REVIEW"
"BEEF_TONGUE"	"Rinderzunge"	"APPLICABLE"	"Rinderzunge als festes, nach langem Garen zartes Muskelfleisch; üblicherweise vor dem Servieren gehäutet."	"GENERAL_BROAD"	"Tobias prüft „Rinderzunge“ in Rostock über MeinMetzger – Rinderzunge, wobei die Evidenz beim Abruf verfügbaren Bestand und Kühlversand ausweist."	"PLANNED"	"Über MeinMetzger – Rinderzunge (Evidenzstand: beim Abruf verfügbaren Bestand und Kühlversand) prüft Tobias in Rostock „Rinderzunge“, wobei folgende Abgrenzung gilt: „Rinderzunge als festes, nach langem Garen zartes Muskelfleisch; üblicherweise vor dem Servieren gehäutet.“"	"REQUIRED"	"Rinderzunge Rinderzunge als festes, nach langem Garen zartes Muskelfleisch; Tobias Rostock Fleisch Wurst exakte Tierart Zuschnitt; Rindfleisch / Innereien; MeinMetzger – Rinderzunge; gezielter Einkauf Deutschland Wochenvorlauf; die präzise tierische Produktform"	"AV2N-A-0016"	"TOBIAS_ROSTOCK_PROFILE|RESEARCH_REQUIRED"	"PROPOSED_FOR_HUMAN_REVIEW"
"BEER"	"Bier"	"APPLICABLE"	"Vergorenes Getreidegetränk als Kochzutat; Bierstil, Malzigkeit und Hopfenbittere bleiben bewusst wählbar."	"GENERAL_LOCAL"	"Bier: das Bier- und Getränkeregal gewöhnlicher großer Rostocker Supermärkte führt vergorene Getreidegetränke in mehreren Stilen ohne Vorbestellung; Malzigkeit und Hopfenbittere bleiben wählbar."	"EASY"	"Für Tobias in Rostock liegt der normale Weg zu Bier als Kochzutat im Bier- und Getränkeregal großer Supermärkte — Ein bestimmter Bierstil ist nicht vorgeschrieben — auch Malzigkeit und Hopfenbittere bleiben Teil der Auswahl."	"OPTIONAL"	"Bier Vergorenes Getreidegetränk als Kochzutat; Tobias Rostock Getränkehandel Kochalkohol genaue Sorte; Kochalkohol; Das Spirituosen- oder Weinregal eines gewöhnlichen großen Rostocker Supermarkts; reguläres Sortiment Filialverfügbarkeit; die exakt festgelegte Darreichung"	"AV2E-007"	"REFERENCE_ANCHOR|TOBIAS_ROSTOCK_PROFILE|REFERENCE_ANCHOR_V2"	"APPROVED_REFERENCE_ANCHOR_V2"
"BEETROOT"	"Rote Bete"	"APPLICABLE"	"Rote Bete mit erdig-süßlichem Geschmack; frisch, vorgegart oder schlicht konserviert verwendbar."	"GENERAL_LOCAL"	"Beim Einkauf von „Rote Bete“ nutzt Tobias die Gemüseabteilung eines gewöhnlichen großen Rostocker Supermarkts."	"EASY"	"Die Beschaffung von „Rote Bete“ über die Gemüseabteilung eines gewöhnlichen großen Rostocker Supermarkts prüft Tobias in Rostock, wobei folgende Abgrenzung gilt: „Rote Bete mit erdig-süßlichem Geschmack; frisch, vorgegart oder schlicht konserviert verwendbar.“"	"OPTIONAL"	"Rote Bete Rote Bete mit erdig-süßlichem Geschmack; frisch, vorgegart oder schlicht…; Tobias Rostock Gemüse frisch TK genaue Sorte; Wurzel- und Knollengemüse; Die Gemüseabteilung eines gewöhnlichen großen Rostocker Supermarkts; reguläres Sortiment Filialverfügbarkeit; die verlangte frische Form"	""	"TOBIAS_ROSTOCK_PROFILE|FORM_SENSITIVE"	"PROPOSED_FOR_HUMAN_REVIEW"
"BELACAN"	"Belacan"	"APPLICABLE"	"Malaysische feste fermentierte Garnelenpaste mit sehr intensivem Aroma; meist geröstet und sparsam dosiert verwendet."	"NICHE_IMPORT"	"Tobias kann in Rostock nur zwei Versandseiten für feste Belacanblöcke ansetzen; eine ist knapp bevorratet, die andere ohne belastbaren Bestand, und beide folgen demselben Jeeny's-Importkanal. Marktbreite entsteht daraus nicht."	"DIFFICULT"	"Von Rostock aus kann Tobias den festen, meist geröstet verwendeten Belacanblock nur über wenige Angebote desselben Jeeny's-Importumfelds ansteuern. Beim zweiten exakten Block bleibt die Bestandslage offen; diese schmale Lieferkette reicht nicht für einen breit abgesicherten Spezialmarkteinkauf."	"REQUIRED"	"Tobias Rostock Belacan fester fermentierter Garnelenpastenblock Jeeny's Versand Bestand Importkanal"	"AV2N-A-0017|AV2N-A-0018"	"TOBIAS_ROSTOCK_PROFILE|NICHE_IMPORT|RATING_RECONCILED_V2|RESEARCH_REQUIRED"	"PROPOSED_FOR_HUMAN_REVIEW"
"BELL_PEPPER"	"Paprika"	"APPLICABLE"	"Milde Gemüsepaprika ohne Festlegung auf eine Farbe; rote, gelbe und grüne Paprika sind bekannte Ausprägungen."	"GENERAL_LOCAL"	"Für „Paprika“ wird das Angebot über die Gemüseabteilung eines gewöhnlichen großen Rostocker Supermarkts kontrolliert."	"EASY"	"Beim Rostocker Einkauf setzt Tobias für „Paprika“ auf die Gemüseabteilung eines gewöhnlichen großen Rostocker Supermarkts, wobei folgende Abgrenzung gilt: „Milde Gemüsepaprika ohne Festlegung auf eine Farbe; rote, gelbe und grüne Paprika sind bekannte Ausprägungen.“"	"OPTIONAL"	"Paprika Milde Gemüsepaprika ohne Festlegung auf eine Farbe; Tobias Rostock Gemüse frisch TK genaue Sorte; Fruchtgemüse; Die Gemüseabteilung eines gewöhnlichen großen Rostocker Supermarkts; reguläres Sortiment Filialverfügbarkeit; die exakt festgelegte Darreichung"	""	"TOBIAS_ROSTOCK_PROFILE"	"PROPOSED_FOR_HUMAN_REVIEW"
"BELUGA_LENTILS"	"Belugalinsen"	"APPLICABLE"	"Kleine schwarze Linsen, die beim Garen vergleichsweise formstabil bleiben; nicht Beluga-Kaviar."	"GENERAL_BROAD"	"Beim Einkauf von „Belugalinsen“ nutzt Tobias gut sortierte Vollsortimenter und etablierte deutsche Bio- oder Trockenwarenhändler."	"PLANNED"	"Die Beschaffung von „Belugalinsen“ über gut sortierte Vollsortimenter und etablierte deutsche Bio- oder Trockenwarenhändler prüft Tobias in Rostock, wobei folgende Abgrenzung gilt: „Kleine schwarze Linsen, die beim Garen vergleichsweise formstabil bleiben; nicht Beluga-Kaviar.“"	"OPTIONAL"	"Belugalinsen Kleine schwarze Linsen, die beim Garen vergleichsweise formstabil bleiben; Tobias Rostock Hülsenfrucht getrocknet vorgegart Sorte; Linsen; gut sortierte Vollsortimenter und etablierte deutsche Bio- oder Trockenwarenhändler; gezielter Einkauf Deutschland Wochenvorlauf; die exakt festgelegte Darreichung"	""	"TOBIAS_ROSTOCK_PROFILE"	"PROPOSED_FOR_HUMAN_REVIEW"
"BERBERE"	"Berbere"	"APPLICABLE"	"Äthiopisch-eritreische Gewürzmischung mit Chili und warmen Gewürzen; Zusammensetzung und Schärfe variieren."	"GENERAL_BROAD"	"Für Tobias in Rostock stehen mit Bremer Gewürzhandel und Pfeffersack & Soehne zwei unabhängige deutsche Gewürzversender für trockene Berbere-Mischung bereit. Standardpaket und haltbare Form machen den Einkauf planbar, nicht importabhängig."	"PLANNED"	"Tobias muss Berbere in Rostock nicht auf einen Nischenimport reduzieren: Ein gemahlenes Angebot des Bremer Gewürzhandels und der bestellbare Pfeffersack-Nachfüllbeutel ergeben zwei gewöhnliche Versandwege. Nur Rezeptur und Schärfe der trockenen Mischung bleiben markenabhängig."	"REQUIRED"	"Tobias Rostock Berbere trocken gemahlen Bremer Gewürzhandel Pfeffersack Standardversand"	"AV2N-A-0019|AV2N-A-0020"	"TOBIAS_ROSTOCK_PROFILE|GENERAL_GERMAN_SPICE_TRADE|RATING_RECONCILED_V2"	"PROPOSED_FOR_HUMAN_REVIEW"
"BERRIES"	"Beeren"	"APPLICABLE"	"Offene Vorgabe für kulinarisch als Beeren verwendete kleine Früchte; Sorte und frisch oder tiefgekühlt bleiben offen."	"GENERAL_LOCAL"	"Für „Beeren“ führt der Rostocker Marktweg über den Obst- oder Tiefkühlobstbereich eines gewöhnlichen großen Rostocker Supermarkts."	"EASY"	"Den Weg über den Obst- oder Tiefkühlobstbereich eines gewöhnlichen großen Rostocker Supermarkts nutzt Tobias in Rostock für „Beeren“, wobei folgende Abgrenzung gilt: „Offene Vorgabe für kulinarisch als Beeren verwendete kleine Früchte; Sorte und frisch oder tiefgekühlt bleiben offen.“"	"OPTIONAL"	"Beeren Offene Vorgabe für kulinarisch als Beeren verwendete kleine Früchte; Tobias Rostock Obst frisch TK genaue Sorte; Obst; Der Obst- oder Tiefkühlobstbereich eines gewöhnlichen großen Rostocker Supermarkts; reguläres Sortiment Filialverfügbarkeit; die zugelassene Frisch- oder Tiefkühlform"	""	"TOBIAS_ROSTOCK_PROFILE|FORM_SENSITIVE"	"PROPOSED_FOR_HUMAN_REVIEW"
"BIRDS_EYE_CHILI"	"Bird’s-Eye-Chili"	"APPLICABLE"	"Kleine, sehr scharfe frische Chili der Bird’s-Eye-Familie; nicht getrocknete Flocken oder Pulver."	"SPECIALTY_BROAD"	"Für „Bird’s-Eye-Chili“ führt der Rostocker Marktweg über spezialisierte Anbieter für frisches oder tiefgekühltes Gemüse, wobei die Evidenz die menschliche v2-Freigabe für diesen Weg und Frischeversand sowie einen gezielten Händlerbesuch ausweist."	"SPECIALTY"	"Über spezialisierte Anbieter für frisches oder tiefgekühltes Gemüse (Evidenzstand: die menschliche v2-Freigabe für diesen Weg und Frischeversand sowie einen gezielten Händlerbesuch) prüft Tobias in Rostock „Bird’s-Eye-Chili“, wobei folgende Abgrenzung gilt: „Kleine, sehr scharfe frische Chili der Bird’s-Eye-Familie; nicht getrocknete Flocken oder Pulver.“"	"REQUIRED"	"Bird’s-Eye-Chili Kleine, sehr scharfe frische Chili der Bird’s-Eye-Familie; Tobias Rostock Gemüse frisch TK genaue Sorte; frische Chili; Spezialhandel für frisches oder tiefgekühltes Gemüse; mehrere unabhängige Fachhändler Marktbreite; die verlangte frische Form"	"AV2E-049"	"REFERENCE_ANCHOR|TOBIAS_ROSTOCK_PROFILE|SPECIALTY_MARKET_BREADTH|FORM_SENSITIVE|RESEARCH_REQUIRED|REFERENCE_ANCHOR_V2"	"APPROVED_REFERENCE_ANCHOR_V2"
"BITTER_MELON"	"Bittermelone"	"APPLICABLE"	"Herb-bitteres Fruchtgemüse mit warziger Oberfläche; auch Bittergurke oder Ampalaya genannt."	"SPECIALTY_BROAD"	"Tobias prüft „Bittermelone“ in Rostock über Asia Moin – Bitter Melone und Asia4Friends – Gemüse, wobei die Evidenz eine vor dem Einkauf erneut zu prüfende Verfügbarkeit und Frischeversand sowie Tiefkühlversand ausweist."	"SPECIALTY"	"Über Asia Moin – Bitter Melone und Asia4Friends – Gemüse (Evidenzstand: eine vor dem Einkauf erneut zu prüfende Verfügbarkeit und Frischeversand sowie Tiefkühlversand) prüft Tobias in Rostock „Bittermelone“, wobei folgende Abgrenzung gilt: „Herb-bitteres Fruchtgemüse mit warziger Oberfläche; auch Bittergurke oder Ampalaya genannt.“"	"REQUIRED"	"Bittermelone Herb-bitteres Fruchtgemüse mit warziger Oberfläche; Tobias Rostock Gemüse frisch TK genaue Sorte; Fruchtgemüse; Asia Moin – Bitter Melone | Asia4Friends – Gemüse; mehrere unabhängige Fachhändler Marktbreite; die exakt festgelegte Darreichung"	"AV2N-A-0021|AV2N-A-0022"	"TOBIAS_ROSTOCK_PROFILE|SPECIALTY_MARKET_BREADTH|RESEARCH_REQUIRED"	"PROPOSED_FOR_HUMAN_REVIEW"
"BIVALVES"	"Muscheln"	"APPLICABLE"	"Offene Vorgabe für zweischalige Weichtiere wie Mies-, Venus- oder Jakobsmuscheln; nicht Krebstiere."	"GENERAL_BROAD"	"Tobias prüft „Muscheln“ in Rostock über Deutsche See – Miesmuscheln, wobei die Evidenz beim Abruf verfügbaren Bestand und Kühlversand ausweist."	"PLANNED"	"Über Deutsche See – Miesmuscheln (Evidenzstand: beim Abruf verfügbaren Bestand und Kühlversand) prüft Tobias in Rostock „Muscheln“, wobei folgende Abgrenzung gilt: „Offene Vorgabe für zweischalige Weichtiere wie Mies-, Venus- oder Jakobsmuscheln; nicht Krebstiere.“"	"REQUIRED"	"Muscheln Offene Vorgabe für zweischalige Weichtiere wie Mies-, Venus- oder…; Tobias Rostock Fisch Seafood Frische TK genauer Zuschnitt; Weichtiere / Schalen- und Krustentiere; Deutsche See – Miesmuscheln; gezielter Einkauf Deutschland Wochenvorlauf; die präzise tierische Produktform"	"AV2N-A-0023"	"TOBIAS_ROSTOCK_PROFILE|RATING_RECONCILED_V2"	"PROPOSED_FOR_HUMAN_REVIEW"
"BLACK_BEANS"	"schwarze Bohnen"	"APPLICABLE"	"Schwarze Bohnen mit cremigem Inneren und mild-erdigem Geschmack; getrocknet oder vorgegart verwendbar."	"GENERAL_BROAD"	"Für „schwarze Bohnen“ wird das Angebot über gut sortierte Vollsortimenter und etablierte deutsche Bio- oder Trockenwarenhändler kontrolliert."	"PLANNED"	"Beim Rostocker Einkauf setzt Tobias für „schwarze Bohnen“ auf gut sortierte Vollsortimenter und etablierte deutsche Bio- oder Trockenwarenhändler, wobei folgende Abgrenzung gilt: „Schwarze Bohnen mit cremigem Inneren und mild-erdigem Geschmack; getrocknet oder vorgegart verwendbar.“"	"OPTIONAL"	"schwarze Bohnen Schwarze Bohnen mit cremigem Inneren und mild-erdigem Geschmack; Tobias Rostock Hülsenfrucht getrocknet vorgegart Sorte; Bohnen; gut sortierte Vollsortimenter und etablierte deutsche Bio- oder Trockenwarenhändler; gezielter Einkauf Deutschland Wochenvorlauf; die getrocknete Produktform"	""	"TOBIAS_ROSTOCK_PROFILE|RATING_RECONCILED_V2"	"PROPOSED_FOR_HUMAN_REVIEW"
"BLACK_CARDAMOM"	"schwarzer Kardamom oder Thảo quả"	"APPLICABLE"	"Große dunkle Kardamomkapseln mit kräftig harzig-kampferartigem und häufig rauchigem Aroma; meist ganz in Brühen und Schmorgerichten mitgekocht. Nicht mit dem milderen grünen Kardamom gleichsetzen."	"SPECIALTY_BROAD"	"Tobias prüft „schwarzer Kardamom oder Thảo quả“ in Rostock über Asia4Friends – Gewürze und AsianBrand – Gewürzsortiment, wobei die Evidenz eine vor dem Einkauf erneut zu prüfende Verfügbarkeit und Standardversand ausweist."	"SPECIALTY"	"Über Asia4Friends – Gewürze und AsianBrand – Gewürzsortiment (Evidenzstand: eine vor dem Einkauf erneut zu prüfende Verfügbarkeit und Standardversand) prüft Tobias in Rostock „schwarzer Kardamom oder Thảo quả“, wobei folgende Abgrenzung gilt: „Große dunkle Kardamomkapseln mit kräftig harzig-kampferartigem und häufig rauchigem Aroma; meist ganz in Brühen und Schmorgerichten mitgekocht. Nicht mit dem milderen grünen Kardamom gleichsetzen.“"	"REQUIRED"	"schwarzer Kardamom oder Thảo quả Große dunkle Kardamomkapseln mit kräftig harzig-kampferartigem und häufig…; Tobias Rostock Lebensmittel genaue Produktform; Kardamom; Asia4Friends – Gewürze | AsianBrand – Gewürzsortiment; mehrere unabhängige Fachhändler Marktbreite; die geforderte ganze oder körnige Form"	"AV2N-A-0024|AV2N-A-0025"	"TOBIAS_ROSTOCK_PROFILE|SPECIALTY_MARKET_BREADTH|RESEARCH_REQUIRED"	"PROPOSED_FOR_HUMAN_REVIEW"
"BLACK_CURRANT"	"schwarze Johannisbeere"	"APPLICABLE"	"Schwarze Johannisbeere mit intensiver Säure und herb-aromatischem Geschmack; frisch oder ungesüßt tiefgekühlt gemeint."	"GENERAL_BROAD"	"Frostix – schwarze Johannisbeeren tiefgefroren 300 g belegt formgenau: Frostix bietet schwarze Johannisbeeren als ungesüßte 300-g-Monofrucht mit Warenkorb und garantierter Tiefkühllieferung an. Für Tobias in Rostock gilt: Deutschlandweiter Expressversand in Kühlbox nach Bornheim und Rostock; Logistik FROZEN_SHIPPING. Die Kühlbox und Lagerung bei minus 18 Grad müssen gesichert sein; Saft, Konfitüre und Beerenmischungen tragen den Nachweis nicht."	"PLANNED"	"Auf dem Rostocker Marktweg von Tobias: Bei schwarzer Johannisbeere wird gezielt der Beutel mit ungesüßter Monofrucht geprüft; Saft, Konfitüre und gemischte Beeren tragen die Bewertung nicht."	"REQUIRED"	"schwarze Johannisbeere tiefgefroren 300 g Monofrucht Frostix Deutschland | Tobias in Rostock | IN_STOCK FROZEN_SHIPPING"	"AV2N-A-0026|AV2N-P-0002"	"TOBIAS_ROSTOCK_PROFILE|FORM_SENSITIVE|RESEARCH_REQUIRED"	"PROPOSED_FOR_HUMAN_REVIEW"
"BLACK_EYED_PEAS"	"Augenbohnen"	"APPLICABLE"	"Helle Augenbohnen mit dunklem Keimfleck und mild-nussigem Geschmack; botanisch eine Form der Kuhbohne."	"GENERAL_BROAD"	"Der konkrete Bezug von „Augenbohnen“ läuft über gut sortierte Vollsortimenter und etablierte deutsche Bio- oder Trockenwarenhändler."	"PLANNED"	"Das Angebot zu „Augenbohnen“ über gut sortierte Vollsortimenter und etablierte deutsche Bio- oder Trockenwarenhändler kontrolliert Tobias in Rostock, wobei folgende Abgrenzung gilt: „Helle Augenbohnen mit dunklem Keimfleck und mild-nussigem Geschmack; botanisch eine Form der Kuhbohne.“"	"OPTIONAL"	"Augenbohnen Helle Augenbohnen mit dunklem Keimfleck und mild-nussigem Geschmack; Tobias Rostock Hülsenfrucht getrocknet vorgegart Sorte; Bohnen; gut sortierte Vollsortimenter und etablierte deutsche Bio- oder Trockenwarenhändler; gezielter Einkauf Deutschland Wochenvorlauf; die exakt festgelegte Darreichung"	""	"TOBIAS_ROSTOCK_PROFILE"	"PROPOSED_FOR_HUMAN_REVIEW"
"BLACK_GARLIC"	"schwarzer Knoblauch"	"APPLICABLE"	"Fermentativ gereifter Knoblauch mit süßlich-würzigem, deutlich umamireichem Profil."	"GENERAL_BROAD"	"Die Beschaffung von „schwarzer Knoblauch“ erfolgt in Rostock über gut sortierte Vollsortimenter und etablierte deutsche Gemüse- oder Frischehändler."	"PLANNED"	"Für „schwarzer Knoblauch“ kontrolliert Tobias den Rostocker Bezug über gut sortierte Vollsortimenter und etablierte deutsche Gemüse- oder Frischehändler, wobei folgende Abgrenzung gilt: „Fermentativ gereifter Knoblauch mit süßlich-würzigem, deutlich umamireichem Profil.“"	"OPTIONAL"	"schwarzer Knoblauch Fermentativ gereifter Knoblauch mit süßlich-würzigem, deutlich umamireichem…; Tobias Rostock Gemüse frisch TK genaue Sorte; Knoblauch; gut sortierte Vollsortimenter und etablierte deutsche Gemüse- oder Frischehändler; gezielter Einkauf Deutschland Wochenvorlauf; die exakt festgelegte Darreichung"	""	"TOBIAS_ROSTOCK_PROFILE"	"PROPOSED_FOR_HUMAN_REVIEW"
"BLACK_PEPPER"	"schwarzer Pfeffer"	"APPLICABLE"	"Reif geerntete und getrocknete Pfefferfrüchte mit kräftiger Schärfe und warmem Aroma; ganz oder gemahlen verwendbar."	"GENERAL_LOCAL"	"Schwarzer Pfeffer: das Gewürzregal gewöhnlicher großer Rostocker Supermärkte führt getrocknete schwarze Pfefferkörner sowohl ganz als auch gemahlen."	"EASY"	"Tobias kann schwarzen Pfeffer in Rostock im regulären Gewürzregal großer Supermärkte beschaffen — Die Produktform bleibt offen zwischen ganzen getrockneten Pfefferkörnern und bereits gemahlenem schwarzem Pfeffer."	"OPTIONAL"	"schwarzer Pfeffer Reif geerntete und getrocknete Pfefferfrüchte mit kräftiger Schärfe und warmem…; Tobias Rostock Lebensmittel genaue Produktform; Pfeffer; Das passende Regal oder die Frischeabteilung eines gewöhnlichen großen Rostocker Supermarkts; reguläres Sortiment Filialverfügbarkeit; die getrocknete Produktform"	""	"TOBIAS_ROSTOCK_PROFILE"	"PROPOSED_FOR_HUMAN_REVIEW"
"BLACK_TEA"	"schwarzer Tee"	"APPLICABLE"	"Vollständig oxidierter Tee mit kräftigem, oft malzigem oder herbem Profil; Sorte und Blattgrad bleiben offen."	"GENERAL_LOCAL"	"Schwarzer Tee: Das Kaffee- und Teeregal gewöhnlicher großer Rostocker Supermärkte führt vollständig oxidierten Tee in mehreren Sorten und Blattgraden regulär."	"EASY"	"Für Tobias in Rostock ist schwarzer Tee im Kaffee- und Teeregal gewöhnlicher großer Supermärkte laufende Ware — der Treffer muss vollständig oxidierten Tee liefern, während Sorte und Blattgrad offenbleiben."	"OPTIONAL"	"schwarzer Tee Vollständig oxidierter Tee mit kräftigem, oft malzigem oder herbem Profil; Tobias Rostock Kaffee Tee genaue Röstung Sorte Form; Tee; Das Kaffee- oder Teeregal eines gewöhnlichen großen Rostocker Supermarkts; reguläres Sortiment Filialverfügbarkeit; die exakt festgelegte Darreichung"	""	"TOBIAS_ROSTOCK_PROFILE"	"PROPOSED_FOR_HUMAN_REVIEW"
"BLACK_VINEGAR"	"chinesischer schwarzer Essig"	"APPLICABLE"	"Dunkler chinesischer Getreideessig mit malziger, röstiger Säure; nicht Balsamico oder bloß gefärbter Tafelessig."	"SPECIALTY_BROAD"	"Tobias prüft „chinesischer schwarzer Essig“ in Rostock über den chinesischen Lebensmittel-Spezialhandel, wobei die Evidenz die menschliche v2-Freigabe für diesen Weg und einen gezielten Händlerbesuch sowie Standardversand ausweist."	"SPECIALTY"	"Über den chinesischen Lebensmittel-Spezialhandel (Evidenzstand: die menschliche v2-Freigabe für diesen Weg und einen gezielten Händlerbesuch sowie Standardversand) prüft Tobias in Rostock „chinesischer schwarzer Essig“, wobei folgende Abgrenzung gilt: „Dunkler chinesischer Getreideessig mit malziger, röstiger Säure; nicht Balsamico oder bloß gefärbter Tafelessig.“"	"REQUIRED"	"chinesischer schwarzer Essig Dunkler chinesischer Getreideessig mit malziger, röstiger Säure; Tobias Rostock Würzsauce Paste Essig exakte Sorte; Essig; chinesischen Lebensmittel-Spezialhandel; mehrere unabhängige Fachhändler Marktbreite; die exakt festgelegte Darreichung"	"AV2E-052"	"REFERENCE_ANCHOR|TOBIAS_ROSTOCK_PROFILE|SPECIALTY_MARKET_BREADTH|RESEARCH_REQUIRED|REFERENCE_ANCHOR_V2"	"APPROVED_REFERENCE_ANCHOR_V2"
"BLACKBERRY"	"Brombeere"	"APPLICABLE"	"Brombeere als frische oder ungesüßt tiefgekühlte Beere mit süß-säuerlichem, dunklem Fruchtaroma."	"GENERAL_LOCAL"	"Die Beschaffung von „Brombeere“ erfolgt in Rostock über den Obst- oder Tiefkühlobstbereich eines gewöhnlichen großen Rostocker Supermarkts."	"EASY"	"Für „Brombeere“ kontrolliert Tobias den Rostocker Bezug über den Obst- oder Tiefkühlobstbereich eines gewöhnlichen großen Rostocker Supermarkts, wobei folgende Abgrenzung gilt: „Brombeere als frische oder ungesüßt tiefgekühlte Beere mit süß-säuerlichem, dunklem Fruchtaroma.“"	"OPTIONAL"	"Brombeere Brombeere als frische oder ungesüßt tiefgekühlte Beere mit süß-säuerlichem…; Tobias Rostock Obst frisch TK genaue Sorte; Beeren; Der Obst- oder Tiefkühlobstbereich eines gewöhnlichen großen Rostocker Supermarkts; reguläres Sortiment Filialverfügbarkeit; die zugelassene Frisch- oder Tiefkühlform"	""	"TOBIAS_ROSTOCK_PROFILE|FORM_SENSITIVE"	"PROPOSED_FOR_HUMAN_REVIEW"
"BLOOD_ORANGE"	"Blutorange"	"APPLICABLE"	"Orange mit rot pigmentiertem Fruchtfleisch und häufig beerig-herber Note; nicht Grapefruit."	"GENERAL_BROAD"	"Tobias prüft „Blutorange“ in Rostock über gut sortierte Vollsortimenter und etablierte deutsche Frucht- oder Frischehändler."	"PLANNED"	"Über gut sortierte Vollsortimenter und etablierte deutsche Frucht- oder Frischehändler prüft Tobias in Rostock „Blutorange“, wobei folgende Abgrenzung gilt: „Orange mit rot pigmentiertem Fruchtfleisch und häufig beerig-herber Note; nicht Grapefruit.“"	"OPTIONAL"	"Blutorange Orange mit rot pigmentiertem Fruchtfleisch und häufig beerig-herber Note; Tobias Rostock Obst frisch TK genaue Sorte; Orange; gut sortierte Vollsortimenter und etablierte deutsche Frucht- oder Frischehändler; gezielter Einkauf Deutschland Wochenvorlauf; die exakt festgelegte Darreichung"	""	"TOBIAS_ROSTOCK_PROFILE"	"PROPOSED_FOR_HUMAN_REVIEW"
"BLOOD_SAUSAGE"	"Blutwurst"	"APPLICABLE"	"Wurstfamilie mit Blut als prägendem Bestandteil; Gewürzung, Getreideanteil und Konsistenz können regional variieren."	"GENERAL_LOCAL"	"Blutwurst: Die konkrete REWE-Seite für abgepackte Hausmacher-Blutwurst ergänzt die bereits belegten gewöhnlichen Wurstwege; Blut bleibt prägender Bestandteil. für eine Rostocker Filiale ist vorab eine Bestandsprüfung nötig."	"EASY"	"Für Tobias in Rostock gilt: Blutwurst bleibt über die nahen Wurstsortimente alltagstauglich; die zusätzliche Hausmacher-Packung bestätigt eine passende Ausprägung, ohne Gewürzung oder Konsistenz zu verengen."	"OPTIONAL"	"Blutwurst Hausmacher Blut als Bestandteil REWE Wurstkühlung; Tobias Rostock konkrete Produktseite Bestand Logistik 2026-09-04"	"AV2N-A-0027"	"TOBIAS_ROSTOCK_PROFILE"	"PROPOSED_FOR_HUMAN_REVIEW"
"BLUE_CHEESE"	"Blauschimmelkäse"	"APPLICABLE"	"Offene Käsefamilie mit Blauschimmelkulturen und ausgeprägt würzigem Aroma; Milchart und Reifegrad bleiben offen."	"GENERAL_LOCAL"	"Tobias prüft „Blauschimmelkäse“ in Rostock über die Käsekühlung oder Käsetheke eines gewöhnlichen großen Rostocker Supermarkts."	"EASY"	"Über die Käsekühlung oder Käsetheke eines gewöhnlichen großen Rostocker Supermarkts prüft Tobias in Rostock „Blauschimmelkäse“, wobei folgende Abgrenzung gilt: „Offene Käsefamilie mit Blauschimmelkulturen und ausgeprägt würzigem Aroma; Milchart und Reifegrad bleiben offen.“"	"OPTIONAL"	"Blauschimmelkäse Offene Käsefamilie mit Blauschimmelkulturen und ausgeprägt würzigem Aroma; Tobias Rostock Käse genaue Sorte Milch Reifung; Käse; Die Käsekühlung oder Käsetheke eines gewöhnlichen großen Rostocker Supermarkts; reguläres Sortiment Filialverfügbarkeit; die präzise gekühlte oder tierische Produktform"	""	"TOBIAS_ROSTOCK_PROFILE"	"PROPOSED_FOR_HUMAN_REVIEW"
"BLUEBERRY"	"Heidelbeere"	"APPLICABLE"	"Heidelbeere als frische oder ungesüßt tiefgekühlte Beere; Kultur- und Waldheidelbeeren sind umfasst."	"GENERAL_LOCAL"	"Beim Einkauf von „Heidelbeere“ nutzt Tobias den Obst- oder Tiefkühlobstbereich eines gewöhnlichen großen Rostocker Supermarkts."	"EASY"	"Die Beschaffung von „Heidelbeere“ über den Obst- oder Tiefkühlobstbereich eines gewöhnlichen großen Rostocker Supermarkts prüft Tobias in Rostock, wobei folgende Abgrenzung gilt: „Heidelbeere als frische oder ungesüßt tiefgekühlte Beere; Kultur- und Waldheidelbeeren sind umfasst.“"	"OPTIONAL"	"Heidelbeere Heidelbeere als frische oder ungesüßt tiefgekühlte Beere; Tobias Rostock Obst frisch TK genaue Sorte; Beeren; Der Obst- oder Tiefkühlobstbereich eines gewöhnlichen großen Rostocker Supermarkts; reguläres Sortiment Filialverfügbarkeit; die zugelassene Frisch- oder Tiefkühlform"	""	"TOBIAS_ROSTOCK_PROFILE|FORM_SENSITIVE"	"PROPOSED_FOR_HUMAN_REVIEW"
"BOMBA_RICE"	"Bomba-Reis"	"APPLICABLE"	"Spanische Rundkorn-Reissorte Bomba mit hoher Flüssigkeits- und Geschmacksaufnahme; nicht Synonym für beliebigen Paella-Reis und nicht synonym mit der Herkunftsbezeichnung Calasparra."	"SPECIALTY_BROAD"	"Spanische Bomba-Rundkornware wird für Rostock im breiten spanischen Lebensmittel-Spezialhandel geprüft; mehrere unabhängige Fachsortimente tragen die Zuordnung, ohne gewöhnlichen Paella-Reis gleichzusetzen."	"SPECIALTY"	"Tobias sucht in Rostock ausdrücklich die spanische Rundkornsorte Bomba mit hoher Flüssigkeitsaufnahme. Der breite spanische Spezialhandel ist der passende Marktweg; beliebiger Paella-Reis oder allein die Herkunft Calasparra genügt nicht."	"REQUIRED"	"Bomba Rundkornreis spanische Sorte Tobias Rostock spanischer Lebensmittel Spezialhandel nicht beliebiger Paella Reis nicht nur Calasparra"	"AV2E-065"	"REFERENCE_ANCHOR|TOBIAS_ROSTOCK_PROFILE|SPECIALTY_MARKET_BREADTH|RESEARCH_REQUIRED|REFERENCE_ANCHOR_V2"	"APPROVED_REFERENCE_ANCHOR_V2"
"BONE_MARROW"	"Knochenmark"	"APPLICABLE"	"Fettreiches Mark aus großen Rinderknochen; zum Rösten, Auslassen oder Aromatisieren von Saucen und Brühen."	"GENERAL_BROAD"	"Tobias prüft „Knochenmark“ in Rostock über MeinMetzger – Markknochen, wobei die Evidenz beim Abruf verfügbaren Bestand und Kühlversand ausweist."	"PLANNED"	"Über MeinMetzger – Markknochen (Evidenzstand: beim Abruf verfügbaren Bestand und Kühlversand) prüft Tobias in Rostock „Knochenmark“, wobei folgende Abgrenzung gilt: „Fettreiches Mark aus großen Rinderknochen; zum Rösten, Auslassen oder Aromatisieren von Saucen und Brühen.“"	"REQUIRED"	"Knochenmark Fettreiches Mark aus großen Rinderknochen; Tobias Rostock Fleisch Wurst exakte Tierart Zuschnitt; Rindfleisch / Innereien; MeinMetzger – Markknochen; gezielter Einkauf Deutschland Wochenvorlauf; die präzise tierische Produktform"	"AV2N-A-0028"	"TOBIAS_ROSTOCK_PROFILE|RESEARCH_REQUIRED"	"PROPOSED_FOR_HUMAN_REVIEW"
"BONITO_FLAKES"	"Bonitoflocken"	"APPLICABLE"	"Dünn gehobelte Flocken aus getrocknetem und meist geräuchertem Bonito nach Katsuobushi-Art; stark umamireich."	"SPECIALTY_BROAD"	"Bonitoflocken: Mehrere bundesweit liefernde Japan-Fachhändler führen dünn gehobelte, getrocknet-geräucherte Katsuobushi-Flocken; gewöhnliche Rostocker Fischtheken sind für diese Trockenware nicht der maßgebliche Weg."	"SPECIALTY"	"Tobias findet in Rostock nicht über die Frischfischtheke, sondern über den breiten japanischen Lebensmittel-Spezialhandel dünne, getrocknete und meist geräucherte Bonitoflocken für Dashi; ganze Bonitostücke oder allgemeine Fischchips erfüllen die Form nicht."	"REQUIRED"	"Bonitoflocken Dünn gehobelte Flocken aus getrocknetem und meist geräuchertem Bonito nach…; Tobias Rostock Fisch Seafood exakte Art Konserve Trockenware; getrockneter Fisch; japanischen Lebensmittel-Spezialhandel; mehrere unabhängige Fachhändler Marktbreite; die getrocknete Produktform"	"AV2E-053"	"REFERENCE_ANCHOR|TOBIAS_ROSTOCK_PROFILE|SPECIALTY_MARKET_BREADTH|RESEARCH_REQUIRED|REFERENCE_ANCHOR_V2"	"APPROVED_REFERENCE_ANCHOR_V2"
"BRANDY"	"Brandy oder Weinbrand"	"APPLICABLE"	"Offene Weinbrandfamilie; geschützte beziehungsweise kulinarisch eigenständige Ausprägungen wie Cognac können separat konkretisiert werden."	"GENERAL_LOCAL"	"Tobias prüft „Brandy oder Weinbrand“ in Rostock über das Spirituosen- oder Weinregal eines gewöhnlichen großen Rostocker Supermarkts."	"EASY"	"Über das Spirituosen- oder Weinregal eines gewöhnlichen großen Rostocker Supermarkts prüft Tobias in Rostock „Brandy oder Weinbrand“, wobei folgende Abgrenzung gilt: „Offene Weinbrandfamilie; geschützte beziehungsweise kulinarisch eigenständige Ausprägungen wie Cognac können separat konkretisiert werden.“"	"OPTIONAL"	"Brandy oder Weinbrand Offene Weinbrandfamilie; geschützte beziehungsweise kulinarisch eigenständige…; Tobias Rostock Getränkehandel Kochalkohol genaue Sorte; Kochalkohol; Das Spirituosen- oder Weinregal eines gewöhnlichen großen Rostocker Supermarkts; reguläres Sortiment Filialverfügbarkeit; die exakt festgelegte Darreichung"	""	"TOBIAS_ROSTOCK_PROFILE"	"PROPOSED_FOR_HUMAN_REVIEW"
"BRATWURST"	"Bratwurst"	"APPLICABLE"	"Zum Braten oder Grillen bestimmte Wurst; Fleischmischung, Körnung und regionale Würzung bleiben offen."	"GENERAL_LOCAL"	"Die Rostocker Warenprüfung für „Bratwurst“ erfolgt über die Fleischkühlung oder Bedientheke eines gewöhnlichen großen Rostocker Supermarkts."	"EASY"	"Tobias organisiert über die Fleischkühlung oder Bedientheke eines gewöhnlichen großen Rostocker Supermarkts die Rostocker Prüfung von „Bratwurst“, wobei folgende Abgrenzung gilt: „Zum Braten oder Grillen bestimmte Wurst; Fleischmischung, Körnung und regionale Würzung bleiben offen.“"	"OPTIONAL"	"Bratwurst Zum Braten oder Grillen bestimmte Wurst; Fleischmischung, Körnung und…; Tobias Rostock Fleisch Wurst exakte Tierart Zuschnitt; Schweinefleisch / Wurst; Die Fleischkühlung oder Bedientheke eines gewöhnlichen großen Rostocker Supermarkts; reguläres Sortiment Filialverfügbarkeit; die präzise tierische Produktform"	""	"TOBIAS_ROSTOCK_PROFILE"	"PROPOSED_FOR_HUMAN_REVIEW"
"BRAZIL_NUT"	"Paranüsse"	"APPLICABLE"	"Große, fettreiche Paranusskerne mit cremigem Biss; ganz, gehackt oder gemahlen verwendbar."	"GENERAL_LOCAL"	"Tobias prüft „Paranüsse“ in Rostock über das Nuss-, Saaten-, Back- oder Brotaufstrichregal eines gewöhnlichen großen Rostocker Supermarkts."	"EASY"	"Über das Nuss-, Saaten-, Back- oder Brotaufstrichregal eines gewöhnlichen großen Rostocker Supermarkts prüft Tobias in Rostock „Paranüsse“, wobei folgende Abgrenzung gilt: „Große, fettreiche Paranusskerne mit cremigem Biss; ganz, gehackt oder gemahlen verwendbar.“"	"OPTIONAL"	"Paranüsse Große, fettreiche Paranusskerne mit cremigem Biss; Tobias Rostock Nuss Samen Mus genaue Rohware; Nüsse; Das Nuss-, Saaten-, Back- oder Brotaufstrichregal eines gewöhnlichen großen Rostocker Supermarkts; reguläres Sortiment Filialverfügbarkeit; die gemahlene oder pulverisierte Form"	""	"TOBIAS_ROSTOCK_PROFILE"	"PROPOSED_FOR_HUMAN_REVIEW"
"BREAD"	"Brot oder Fladenbrot"	"APPLICABLE"	"Offene Vorgabe für gebackenes Brot oder Fladenbrot; Getreide, Triebmittel, Form und Krustenanteil bleiben wählbar."	"GENERAL_LOCAL"	"Die Beschaffung von „Brot oder Fladenbrot“ erfolgt in Rostock über das Back-, Süßwaren- oder Brotregal eines gewöhnlichen großen Rostocker Supermarkts."	"EASY"	"Für „Brot oder Fladenbrot“ kontrolliert Tobias den Rostocker Bezug über das Back-, Süßwaren- oder Brotregal eines gewöhnlichen großen Rostocker Supermarkts, wobei folgende Abgrenzung gilt: „Offene Vorgabe für gebackenes Brot oder Fladenbrot; Getreide, Triebmittel, Form und Krustenanteil bleiben wählbar.“"	"OPTIONAL"	"Brot oder Fladenbrot Offene Vorgabe für gebackenes Brot oder Fladenbrot; Tobias Rostock Backware Süßungsmittel exakte Form; Backware / stärkehaltige Zutat oder Sättigungsbeilage; Das Back-, Süßwaren- oder Brotregal eines gewöhnlichen großen Rostocker Supermarkts; reguläres Sortiment Filialverfügbarkeit; die exakt festgelegte Darreichung"	""	"TOBIAS_ROSTOCK_PROFILE"	"PROPOSED_FOR_HUMAN_REVIEW"
"BREAD_DUMPLING"	"Semmelknödel"	"APPLICABLE"	"Gekochter oder gedämpfter böhmisch-mitteleuropäischer Brot-/Semmelknödel als fertige Beilage; nicht Dumpling-Teig, Teighülle oder gefüllter Dumpling."	"GENERAL_BROAD"	"Tobias sucht „Semmelknödel“ in Rostock über gut sortierte Vollsortimenter und etablierte deutsche Bio- oder Trockenwarenhändler gesucht."	"PLANNED"	"Tobias nutzt in Rostock gut sortierte Vollsortimenter und etablierte deutsche Bio- oder Trockenwarenhändler für „Semmelknödel“, wobei folgende Abgrenzung gilt: „Gekochter oder gedämpfter böhmisch-mitteleuropäischer Brot-/Semmelknödel als fertige Beilage; nicht Dumpling-Teig, Teighülle oder gefüllter Dumpling.“"	"OPTIONAL"	"Semmelknödel Gekochter oder gedämpfter böhmisch-mitteleuropäischer Brot-/Semmelknödel als…; Tobias Rostock Getreide Stärke Teigware genaue Form; stärkehaltige Zutat oder Sättigungsbeilage; gut sortierte Vollsortimenter und etablierte deutsche Bio- oder Trockenwarenhändler; gezielter Einkauf Deutschland Wochenvorlauf; die exakt festgelegte Darreichung"	""	"TOBIAS_ROSTOCK_PROFILE"	"PROPOSED_FOR_HUMAN_REVIEW"
"BREADCRUMBS"	"Semmelbrösel"	"APPLICABLE"	"Trockene gemahlene Brot- oder Brötchenkrume zum Panieren, Binden oder Bestreuen; Panko ist eine eigene Ausprägung."	"GENERAL_LOCAL"	"Für „Semmelbrösel“ führt der Rostocker Marktweg über das Getreide-, Mehl-, Reis- oder Teigwarenregal eines gewöhnlichen großen Rostocker Supermarkts."	"EASY"	"Den Weg über das Getreide-, Mehl-, Reis- oder Teigwarenregal eines gewöhnlichen großen Rostocker Supermarkts nutzt Tobias in Rostock für „Semmelbrösel“, wobei folgende Abgrenzung gilt: „Trockene gemahlene Brot- oder Brötchenkrume zum Panieren, Binden oder Bestreuen; Panko ist eine eigene Ausprägung.“"	"OPTIONAL"	"Semmelbrösel Trockene gemahlene Brot- oder Brötchenkrume zum Panieren, Binden oder…; Tobias Rostock Getreide Stärke Teigware genaue Form; stärkehaltige Zutat oder Sättigungsbeilage; Das Getreide-, Mehl-, Reis- oder Teigwarenregal eines gewöhnlichen großen Rostocker Supermarkts; reguläres Sortiment Filialverfügbarkeit; die gemahlene oder pulverisierte Form"	""	"TOBIAS_ROSTOCK_PROFILE"	"PROPOSED_FOR_HUMAN_REVIEW"
"BRIE"	"Brie"	"APPLICABLE"	"Weichkäse der Brie-Familie mit charakteristischer Weißschimmelrinde; umfasst handelsüblichen Brie-Stil und bekannte französische Ausprägungen, ohne auf Brie de Meaux oder Brie de Melun beschränkt zu sein. Nicht Camembert."	"GENERAL_LOCAL"	"Für „Brie“ führt der Rostocker Marktweg über die Käsekühlung oder Käsetheke eines gewöhnlichen großen Rostocker Supermarkts."	"EASY"	"Den Weg über die Käsekühlung oder Käsetheke eines gewöhnlichen großen Rostocker Supermarkts nutzt Tobias in Rostock für „Brie“, wobei folgende Abgrenzung gilt: „Weichkäse der Brie-Familie mit charakteristischer Weißschimmelrinde; umfasst handelsüblichen Brie-Stil und bekannte französische Ausprägungen, ohne auf Brie de Meaux oder Brie de Melun beschränkt zu sein. Nicht Camembert.“"	"OPTIONAL"	"Brie Weichkäse der Brie-Familie mit charakteristischer Weißschimmelrinde; Tobias Rostock Käse genaue Sorte Milch Reifung; Käse; Die Käsekühlung oder Käsetheke eines gewöhnlichen großen Rostocker Supermarkts; reguläres Sortiment Filialverfügbarkeit; die präzise gekühlte oder tierische Produktform"	""	"TOBIAS_ROSTOCK_PROFILE"	"PROPOSED_FOR_HUMAN_REVIEW"
"BROAD_BEANS"	"Dicke Bohnen"	"APPLICABLE"	"Dicke Bohnen beziehungsweise Ackerbohnen; frisch, tiefgekühlt oder getrocknet verwendbar und nicht mit grünen Bohnen gleichzusetzen."	"GENERAL_BROAD"	"Beim Einkauf von „Dicke Bohnen“ nutzt Tobias gut sortierte Vollsortimenter und etablierte deutsche Gemüse- oder Frischehändler."	"PLANNED"	"Die Beschaffung von „Dicke Bohnen“ über gut sortierte Vollsortimenter und etablierte deutsche Gemüse- oder Frischehändler prüft Tobias in Rostock, wobei folgende Abgrenzung gilt: „Dicke Bohnen beziehungsweise Ackerbohnen; frisch, tiefgekühlt oder getrocknet verwendbar und nicht mit grünen Bohnen gleichzusetzen.“"	"OPTIONAL"	"Dicke Bohnen Dicke Bohnen beziehungsweise Ackerbohnen; Tobias Rostock Gemüse frisch TK genaue Sorte; Bohnen / Hülsen- und Schotengemüse; gut sortierte Vollsortimenter und etablierte deutsche Gemüse- oder Frischehändler; gezielter Einkauf Deutschland Wochenvorlauf; die verlangte frische Form"	""	"TOBIAS_ROSTOCK_PROFILE|FORM_SENSITIVE"	"PROPOSED_FOR_HUMAN_REVIEW"
"BROCCOLI"	"Brokkoli"	"APPLICABLE"	"Grünes Kohlgemüse mit essbaren Blütenknospen und Stielen; nicht mit Romanesco oder Blumenkohl gleichsetzen."	"GENERAL_LOCAL"	"Der konkrete Bezug von „Brokkoli“ läuft über die Gemüseabteilung eines gewöhnlichen großen Rostocker Supermarkts."	"EASY"	"Das Angebot zu „Brokkoli“ über die Gemüseabteilung eines gewöhnlichen großen Rostocker Supermarkts kontrolliert Tobias in Rostock, wobei folgende Abgrenzung gilt: „Grünes Kohlgemüse mit essbaren Blütenknospen und Stielen; nicht mit Romanesco oder Blumenkohl gleichsetzen.“"	"OPTIONAL"	"Brokkoli Grünes Kohlgemüse mit essbaren Blütenknospen und Stielen; Tobias Rostock Gemüse frisch TK genaue Sorte; Kohlgemüse / Blütengemüse; Die Gemüseabteilung eines gewöhnlichen großen Rostocker Supermarkts; reguläres Sortiment Filialverfügbarkeit; die exakt festgelegte Darreichung"	""	"TOBIAS_ROSTOCK_PROFILE"	"PROPOSED_FOR_HUMAN_REVIEW"
"BROKEN_RICE"	"Bruchreis"	"APPLICABLE"	"Reiskörner, die bei Ernte oder Verarbeitung gebrochen wurden und dadurch kleiner sowie schneller garend sind. Gemeint ist das Kornprodukt, nicht ein fertig belegtes Cơm-tấm-Gericht."	"SPECIALTY_BROAD"	"Tobias prüft „Bruchreis“ in Rostock über Asia Foodstore – Royal Thai Duft-Bruchreis und King Kao – Bruchreis 20 kg, wobei die Evidenz beim Abruf verfügbaren Bestand und Standardversand ausweist."	"SPECIALTY"	"Über Asia Foodstore – Royal Thai Duft-Bruchreis und King Kao – Bruchreis 20 kg (Evidenzstand: beim Abruf verfügbaren Bestand und Standardversand) prüft Tobias in Rostock „Bruchreis“, wobei folgende Abgrenzung gilt: „Reiskörner, die bei Ernte oder Verarbeitung gebrochen wurden und dadurch kleiner sowie schneller garend sind. Gemeint ist das Kornprodukt, nicht ein fertig belegtes Cơm-tấm-Gericht.“"	"REQUIRED"	"Bruchreis Reiskörner, die bei Ernte oder Verarbeitung gebrochen wurden und dadurch…; Tobias Rostock Getreide Stärke Teigware genaue Form; Reis; King Kao – Bruchreis 20 kg | Asia Foodstore – Royal Thai Duft-Bruchreis; mehrere unabhängige Fachhändler Marktbreite; die exakt festgelegte Darreichung"	"AV2N-A-0029|AV2N-A-0030"	"TOBIAS_ROSTOCK_PROFILE|SPECIALTY_MARKET_BREADTH|RESEARCH_REQUIRED"	"PROPOSED_FOR_HUMAN_REVIEW"
"BROWN_CHAMPIGNON"	"braune Champignons"	"APPLICABLE"	"Frische braune Zuchtchampignons mit etwas kräftigerem Aroma als weiße Champignons."	"GENERAL_LOCAL"	"Tobias prüft „braune Champignons“ in Rostock über den Pilzbereich der Obst- und Gemüseabteilung eines gewöhnlichen großen Rostocker Supermarkts."	"EASY"	"Über den Pilzbereich der Obst- und Gemüseabteilung eines gewöhnlichen großen Rostocker Supermarkts prüft Tobias in Rostock „braune Champignons“, wobei folgende Abgrenzung gilt: „Frische braune Zuchtchampignons mit etwas kräftigerem Aroma als weiße Champignons.“"	"OPTIONAL"	"braune Champignons Frische braune Zuchtchampignons mit etwas kräftigerem Aroma als weiße…; Tobias Rostock Pilze frisch genaue Art; frische Champignons; Der Pilzbereich der Obst- und Gemüseabteilung eines gewöhnlichen großen Rostocker Supermarkts; reguläres Sortiment Filialverfügbarkeit; die verlangte frische Form"	""	"TOBIAS_ROSTOCK_PROFILE|FORM_SENSITIVE"	"PROPOSED_FOR_HUMAN_REVIEW"
"BROWN_RICE"	"Vollkornreis"	"APPLICABLE"	"Reis mit erhaltenen Randschichten und dadurch nussigerem Geschmack sowie festerem Biss; Sorte bleibt offen."	"GENERAL_LOCAL"	"Die Beschaffung von „Vollkornreis“ erfolgt in Rostock über das Getreide-, Mehl-, Reis- oder Teigwarenregal eines gewöhnlichen großen Rostocker Supermarkts."	"EASY"	"Für „Vollkornreis“ kontrolliert Tobias den Rostocker Bezug über das Getreide-, Mehl-, Reis- oder Teigwarenregal eines gewöhnlichen großen Rostocker Supermarkts, wobei folgende Abgrenzung gilt: „Reis mit erhaltenen Randschichten und dadurch nussigerem Geschmack sowie festerem Biss; Sorte bleibt offen.“"	"OPTIONAL"	"Vollkornreis Reis mit erhaltenen Randschichten und dadurch nussigerem Geschmack sowie…; Tobias Rostock Getreide Stärke Teigware genaue Form; Reis; Das Getreide-, Mehl-, Reis- oder Teigwarenregal eines gewöhnlichen großen Rostocker Supermarkts; reguläres Sortiment Filialverfügbarkeit; die exakt festgelegte Darreichung"	""	"TOBIAS_ROSTOCK_PROFILE"	"PROPOSED_FOR_HUMAN_REVIEW"
"BROWN_SUGAR"	"brauner Zucker"	"APPLICABLE"	"Brauner Zucker mit Melasseanteil beziehungsweise karamelligem Aroma; feucht oder trocken verwendbar."	"GENERAL_LOCAL"	"Beim Einkauf von „brauner Zucker“ nutzt Tobias das Back-, Süßwaren- oder Brotregal eines gewöhnlichen großen Rostocker Supermarkts."	"EASY"	"Die Beschaffung von „brauner Zucker“ über das Back-, Süßwaren- oder Brotregal eines gewöhnlichen großen Rostocker Supermarkts prüft Tobias in Rostock, wobei folgende Abgrenzung gilt: „Brauner Zucker mit Melasseanteil beziehungsweise karamelligem Aroma; feucht oder trocken verwendbar.“"	"OPTIONAL"	"brauner Zucker Brauner Zucker mit Melasseanteil beziehungsweise karamelligem Aroma; Tobias Rostock Backware Süßungsmittel exakte Form; Süßungsmittel; Das Back-, Süßwaren- oder Brotregal eines gewöhnlichen großen Rostocker Supermarkts; reguläres Sortiment Filialverfügbarkeit; die exakt festgelegte Darreichung"	""	"TOBIAS_ROSTOCK_PROFILE"	"PROPOSED_FOR_HUMAN_REVIEW"
"BRUNOST"	"Brunost"	"APPLICABLE"	"Norwegisches braunes Molkeprodukt mit charakteristisch süßlich-karamelligem Geschmack, der durch starkes Einkochen von Molke und Milchbestandteilen entsteht. Kuh- und Ziegenmilchanteile können je nach Variante variieren. Nicht mit gewöhnlichem Ziegenkäse oder Karamellaufstrich gleichsetzen."	"NICHE_IMPORT"	"Tobias prüft „Brunost“ in Rostock über Gouda Käse Shop – Gjetost/Brunost, wobei die Evidenz ein dokumentiertes laufendes Angebot und Kühlversand ausweist."	"DIFFICULT"	"Über Gouda Käse Shop – Gjetost/Brunost (Evidenzstand: ein dokumentiertes laufendes Angebot und Kühlversand) prüft Tobias in Rostock „Brunost“, wobei folgende Abgrenzung gilt: „Norwegisches braunes Molkeprodukt mit charakteristisch süßlich-karamelligem Geschmack, der durch starkes Einkochen von Molke und Milchbestandteilen entsteht. Kuh- und Ziegenmilchanteile können je nach Variante variieren. Nicht mit gewöhnlichem Ziegenkäse oder Karamellaufstrich gleichsetzen.“"	"REQUIRED"	"Brunost Norwegisches braunes Molkeprodukt mit charakteristisch süßlich-karamelligem…; Tobias Rostock Käse genaue Sorte Milch Reifung; Käse; Gouda Käse Shop – Gjetost/Brunost; Bestand Produktform Versandlogistik; die präzise gekühlte oder tierische Produktform"	"AV2N-A-0031"	"TOBIAS_ROSTOCK_PROFILE|FORM_OR_LOGISTICS_RISK|RESEARCH_REQUIRED"	"PROPOSED_FOR_HUMAN_REVIEW"
"BRUSSELS_SPROUTS"	"Rosenkohl"	"APPLICABLE"	"Kleine feste Blattachselknospen des Kohls mit herb-nussigem Geschmack; frisch oder tiefgekühlt verwendbar."	"GENERAL_LOCAL"	"Tobias prüft „Rosenkohl“ in Rostock über den Gemüse- oder Tiefkühlgemüsebereich eines gewöhnlichen großen Rostocker Supermarkts."	"EASY"	"Über den Gemüse- oder Tiefkühlgemüsebereich eines gewöhnlichen großen Rostocker Supermarkts prüft Tobias in Rostock „Rosenkohl“, wobei folgende Abgrenzung gilt: „Kleine feste Blattachselknospen des Kohls mit herb-nussigem Geschmack; frisch oder tiefgekühlt verwendbar.“"	"OPTIONAL"	"Rosenkohl Kleine feste Blattachselknospen des Kohls mit herb-nussigem Geschmack; Tobias Rostock Gemüse frisch TK genaue Sorte; Kohlgemüse; Der Gemüse- oder Tiefkühlgemüsebereich eines gewöhnlichen großen Rostocker Supermarkts; reguläres Sortiment Filialverfügbarkeit; die zugelassene Frisch- oder Tiefkühlform"	""	"TOBIAS_ROSTOCK_PROFILE|FORM_SENSITIVE"	"PROPOSED_FOR_HUMAN_REVIEW"
"BRUSSELS_WAFFLE"	"Brüsseler Waffel"	"APPLICABLE"	"Große rechteckige belgische Waffel nach Brüsseler Art, außen knusprig und innen luftig. Gemeint ist die Waffel selbst, ohne vorausgesetzte Beläge. Nicht mit der kompakteren Lütticher Zuckerwaffel gleichsetzen."	"GENERAL_BROAD"	"Tobias prüft „Brüsseler Waffel“ in Rostock über gut sortierte Vollsortimenter und etablierte deutsche Back- oder Süßwarenhändler."	"PLANNED"	"Über gut sortierte Vollsortimenter und etablierte deutsche Back- oder Süßwarenhändler prüft Tobias in Rostock „Brüsseler Waffel“, wobei folgende Abgrenzung gilt: „Große rechteckige belgische Waffel nach Brüsseler Art, außen knusprig und innen luftig. Gemeint ist die Waffel selbst, ohne vorausgesetzte Beläge. Nicht mit der kompakteren Lütticher Zuckerwaffel gleichsetzen.“"	"OPTIONAL"	"Brüsseler Waffel Große rechteckige belgische Waffel nach Brüsseler Art, außen knusprig und…; Tobias Rostock Backware Süßungsmittel exakte Form; Süßware / Waffel; gut sortierte Vollsortimenter und etablierte deutsche Back- oder Süßwarenhändler; gezielter Einkauf Deutschland Wochenvorlauf; die exakt festgelegte Darreichung"	""	"TOBIAS_ROSTOCK_PROFILE"	"PROPOSED_FOR_HUMAN_REVIEW"
"BUCKWHEAT"	"Buchweizen"	"APPLICABLE"	"Glutenfreies Pseudogetreide mit kräftig-nussigem Geschmack; gemeint sind ganze Körner oder Grütze, nicht Mehl."	"GENERAL_BROAD"	"Die Rostocker Warenprüfung für „Buchweizen“ erfolgt über gut sortierte Vollsortimenter und etablierte deutsche Bio- oder Trockenwarenhändler, wobei die Evidenz die menschliche v2-Freigabe für diesen Weg und einen gezielten Händlerbesuch sowie Standardversand ausweist."	"PLANNED"	"Über gut sortierte Vollsortimenter und etablierte deutsche Bio- oder Trockenwarenhändler (Evidenzstand: die menschliche v2-Freigabe für diesen Weg und einen gezielten Händlerbesuch sowie Standardversand) prüft Tobias in Rostock „Buchweizen“, wobei folgende Abgrenzung gilt: „Glutenfreies Pseudogetreide mit kräftig-nussigem Geschmack; gemeint sind ganze Körner oder Grütze, nicht Mehl.“"	"REQUIRED"	"Buchweizen Glutenfreies Pseudogetreide mit kräftig-nussigem Geschmack; Tobias Rostock Getreide Stärke Teigware genaue Form; Getreide oder Pseudogetreide; gut sortierte Vollsortimenter und etablierte deutsche Bio- oder Trockenwarenhändler; gezielter Einkauf Deutschland Wochenvorlauf; die geforderte ganze oder körnige Form"	"AV2E-015"	"REFERENCE_ANCHOR|TOBIAS_ROSTOCK_PROFILE|RESEARCH_REQUIRED|REFERENCE_ANCHOR_V2"	"APPROVED_REFERENCE_ANCHOR_V2"
"BUCKWHEAT_FLOUR"	"Buchweizenmehl"	"APPLICABLE"	"Mehl aus Buchweizen; nicht Weizenmehl mit Buchweizenanteil und nicht ganzes Buchweizenkorn."	"GENERAL_BROAD"	"Tobias prüft „Buchweizenmehl“ in Rostock über gut sortierte Vollsortimenter und etablierte deutsche Bio- oder Trockenwarenhändler."	"PLANNED"	"Tobias organisiert über gut sortierte Vollsortimenter und etablierte deutsche Bio- oder Trockenwarenhändler die Rostocker Prüfung von „Buchweizenmehl“, wobei folgende Abgrenzung gilt: „Mehl aus Buchweizen; nicht Weizenmehl mit Buchweizenanteil und nicht ganzes Buchweizenkorn.“"	"OPTIONAL"	"Buchweizenmehl Mehl aus Buchweizen; nicht Weizenmehl mit Buchweizenanteil und nicht ganzes…; Tobias Rostock Getreide Stärke Teigware genaue Form; Buchweizen / Mehl; gut sortierte Vollsortimenter und etablierte deutsche Bio- oder Trockenwarenhändler; gezielter Einkauf Deutschland Wochenvorlauf; die exakt festgelegte Darreichung"	""	"TOBIAS_ROSTOCK_PROFILE"	"PROPOSED_FOR_HUMAN_REVIEW"
"BULGUR"	"Bulgur"	"APPLICABLE"	"Vorgegarter, getrockneter und gebrochener Hartweizen mit nussigem Biss; Körnung kann variieren."	"GENERAL_BROAD"	"Für „Bulgur“ führt der Rostocker Marktweg über gut sortierte Vollsortimenter und etablierte deutsche Bio- oder Trockenwarenhändler, wobei die Evidenz die menschliche v2-Freigabe für diesen Weg und einen gezielten Händlerbesuch sowie Standardversand ausweist."	"PLANNED"	"Den Weg über gut sortierte Vollsortimenter und etablierte deutsche Bio- oder Trockenwarenhändler (Evidenzstand: die menschliche v2-Freigabe für diesen Weg und einen gezielten Händlerbesuch sowie Standardversand) nutzt Tobias in Rostock für „Bulgur“, wobei folgende Abgrenzung gilt: „Vorgegarter, getrockneter und gebrochener Hartweizen mit nussigem Biss; Körnung kann variieren.“"	"REQUIRED"	"Bulgur Vorgegarter, getrockneter und gebrochener Hartweizen mit nussigem Biss; Tobias Rostock Getreide Stärke Teigware genaue Form; Getreide oder Pseudogetreide; gut sortierte Vollsortimenter und etablierte deutsche Bio- oder Trockenwarenhändler; gezielter Einkauf Deutschland Wochenvorlauf; die getrocknete Produktform"	"AV2E-014"	"REFERENCE_ANCHOR|TOBIAS_ROSTOCK_PROFILE|RESEARCH_REQUIRED|REFERENCE_ANCHOR_V2"	"APPROVED_REFERENCE_ANCHOR_V2"
"BUTTER"	"Butter"	"APPLICABLE"	"Streich- und Kochfett aus Milchrahm; gesalzene, ungesalzene und mildgesäuerte Butter sind umfasst."	"GENERAL_LOCAL"	"Tobias prüft „Butter“ in Rostock über die Molkereikühlung eines gewöhnlichen großen Rostocker Supermarkts."	"EASY"	"Über die Molkereikühlung eines gewöhnlichen großen Rostocker Supermarkts prüft Tobias in Rostock „Butter“, wobei folgende Abgrenzung gilt: „Streich- und Kochfett aus Milchrahm; gesalzene, ungesalzene und mildgesäuerte Butter sind umfasst.“"	"OPTIONAL"	"Butter Streich- und Kochfett aus Milchrahm; gesalzene, ungesalzene und mildgesäuerte…; Tobias Rostock Milchprodukt genaue Sorte Fettstufe; Kochfett / Milchprodukte; Die Molkereikühlung eines gewöhnlichen großen Rostocker Supermarkts; reguläres Sortiment Filialverfügbarkeit; die präzise gekühlte oder tierische Produktform"	""	"TOBIAS_ROSTOCK_PROFILE"	"PROPOSED_FOR_HUMAN_REVIEW"
"BUTTER_BEANS"	"Limabohnen"	"APPLICABLE"	"Große helle Limabohnen mit weicher, cremiger Textur; getrocknet oder vorgegart verwendbar."	"GENERAL_BROAD"	"Die Beschaffung von „Limabohnen“ erfolgt in Rostock über gut sortierte Vollsortimenter und etablierte deutsche Bio- oder Trockenwarenhändler."	"PLANNED"	"Über gut sortierte Vollsortimenter und etablierte deutsche Bio- oder Trockenwarenhändler prüft Tobias in Rostock „Limabohnen“ mit diesem inhaltlichen Maßstab: „Große helle Limabohnen mit weicher, cremiger Textur; getrocknet oder vorgegart verwendbar.“"	"OPTIONAL"	"Limabohnen Große helle Limabohnen mit weicher, cremiger Textur; Tobias Rostock Hülsenfrucht getrocknet vorgegart Sorte; Bohnen; gut sortierte Vollsortimenter und etablierte deutsche Bio- oder Trockenwarenhändler; gezielter Einkauf Deutschland Wochenvorlauf; die getrocknete Produktform"	""	"TOBIAS_ROSTOCK_PROFILE"	"PROPOSED_FOR_HUMAN_REVIEW"
"BUTTERMILK"	"Buttermilch"	"APPLICABLE"	"Fettarmes säuerliches Milchprodukt aus der Butterherstellung beziehungsweise entsprechender Kultivierung; nicht Kefir."	"GENERAL_LOCAL"	"Für „Buttermilch“ führt der Rostocker Marktweg über die Molkereikühlung eines gewöhnlichen großen Rostocker Supermarkts."	"EASY"	"Den Weg über die Molkereikühlung eines gewöhnlichen großen Rostocker Supermarkts nutzt Tobias in Rostock für „Buttermilch“, wobei folgende Abgrenzung gilt: „Fettarmes säuerliches Milchprodukt aus der Butterherstellung beziehungsweise entsprechender Kultivierung; nicht Kefir.“"	"OPTIONAL"	"Buttermilch Fettarmes säuerliches Milchprodukt aus der Butterherstellung beziehungsweise…; Tobias Rostock Milchprodukt genaue Sorte Fettstufe; gesäuertes Milchprodukt; Die Molkereikühlung eines gewöhnlichen großen Rostocker Supermarkts; reguläres Sortiment Filialverfügbarkeit; die präzise gekühlte oder tierische Produktform"	""	"TOBIAS_ROSTOCK_PROFILE"	"PROPOSED_FOR_HUMAN_REVIEW"
"BUTTERNUT_SQUASH"	"Butternut-Kürbis"	"APPLICABLE"	"Birnenförmiger Moschuskürbis mit dichtem, süßlich-nussigem Fruchtfleisch und kleiner Samenhöhle."	"GENERAL_LOCAL"	"Tobias sucht „Butternut-Kürbis“ in Rostock über die Gemüseabteilung eines gewöhnlichen großen Rostocker Supermarkts gesucht."	"EASY"	"Tobias nutzt in Rostock die Gemüseabteilung eines gewöhnlichen großen Rostocker Supermarkts für „Butternut-Kürbis“, wobei folgende Abgrenzung gilt: „Birnenförmiger Moschuskürbis mit dichtem, süßlich-nussigem Fruchtfleisch und kleiner Samenhöhle.“"	"OPTIONAL"	"Butternut-Kürbis Birnenförmiger Moschuskürbis mit dichtem, süßlich-nussigem Fruchtfleisch und…; Tobias Rostock Gemüse frisch TK genaue Sorte; Kürbis; Die Gemüseabteilung eines gewöhnlichen großen Rostocker Supermarkts; reguläres Sortiment Filialverfügbarkeit; die exakt festgelegte Darreichung"	""	"TOBIAS_ROSTOCK_PROFILE"	"PROPOSED_FOR_HUMAN_REVIEW"
"CABBAGE_VEGETABLES"	"Kohlgemüse"	"APPLICABLE"	"Offene Vorgabe für Blatt-, Kopf-, Knospen- und Blütenformen der Kohlgemüsefamilie."	"GENERAL_LOCAL"	"Die Rostocker Warenprüfung für „Kohlgemüse“ erfolgt über die Gemüseabteilung eines gewöhnlichen großen Rostocker Supermarkts."	"EASY"	"Tobias organisiert über die Gemüseabteilung eines gewöhnlichen großen Rostocker Supermarkts die Rostocker Prüfung von „Kohlgemüse“, wobei folgende Abgrenzung gilt: „Offene Vorgabe für Blatt-, Kopf-, Knospen- und Blütenformen der Kohlgemüsefamilie.“"	"OPTIONAL"	"Kohlgemüse Offene Vorgabe für Blatt-, Kopf-, Knospen- und Blütenformen der…; Tobias Rostock Gemüse frisch TK genaue Sorte; Gemüse; Die Gemüseabteilung eines gewöhnlichen großen Rostocker Supermarkts; reguläres Sortiment Filialverfügbarkeit; die geforderte Blatt- oder Kräuterform"	""	"TOBIAS_ROSTOCK_PROFILE"	"PROPOSED_FOR_HUMAN_REVIEW"
"CALAMANSI"	"Calamansi"	"APPLICABLE"	"Kleine südostasiatische Zitrusfrucht mit aromatischem, deutlich saurem Saft; frisch oder als ungesüßter Saft verwendbar."	"NICHE_IMPORT"	"Für „Calamansi“ wird das Angebot über Anbieter mit philippinischem Lebensmittelsortiment, wobei die Evidenz die menschliche v2-Freigabe für diesen Weg und Frischeversand, Importbeschränkungen sowie einen gezielten Händlerbesuch ausweist kontrolliert."	"DIFFICULT"	"Über Anbieter mit philippinischem Lebensmittelsortiment (Evidenzstand: die menschliche v2-Freigabe für diesen Weg und Frischeversand, Importbeschränkungen sowie einen gezielten Händlerbesuch) prüft Tobias in Rostock „Calamansi“, wobei folgende Abgrenzung gilt: „Kleine südostasiatische Zitrusfrucht mit aromatischem, deutlich saurem Saft; frisch oder als ungesüßter Saft verwendbar.“"	"REQUIRED"	"Calamansi Kleine südostasiatische Zitrusfrucht mit aromatischem, deutlich saurem Saft; Tobias Rostock Obst frisch TK genaue Sorte; Zitrusfrucht / Tropenfrucht; philippinischen Lebensmittel-Spezialhandel Nischenweg; Bestand Produktform Versandlogistik; die verlangte frische Form"	"AV2E-076"	"REFERENCE_ANCHOR|TOBIAS_ROSTOCK_PROFILE|FORM_OR_LOGISTICS_RISK|FORM_SENSITIVE|RESEARCH_REQUIRED|REFERENCE_ANCHOR_V2"	"APPROVED_REFERENCE_ANCHOR_V2"
"CALVADOS"	"Calvados"	"APPLICABLE"	"Französischer Apfel- beziehungsweise Apfel-Birnen-Brand nach Calvados-Art; nicht Cider, Apfellikör oder generischer Obstbrand."	"GENERAL_BROAD"	"Echter normannischer Apfelbrand über allgemeinen Deutschlandversand; Papidoux Calvados Fine ist bei Conalco konkret lagernd und kurzfristig lieferbar."	"PLANNED"	"Tobias erreicht die geschützte Calvados-Form über das Papidoux-Angebot; ohne zugesicherten Rostocker Standardbestand bleibt eine Bestellung mit Vorlauf erforderlich."	"REQUIRED"	"Papidoux Calvados Fine Normandie Apfelbrand Conalco Bestand Rostock"	"AV2N-A-0032"	"TOBIAS_ROSTOCK_PROFILE|RESEARCH_REQUIRED"	"PROPOSED_FOR_HUMAN_REVIEW"
"CAMEMBERT"	"Camembert"	"APPLICABLE"	"Weicher Kuhmilchkäse mit Weißschimmelrinde und cremiger bis reifer, kräftiger Textur; nicht Brie."	"GENERAL_LOCAL"	"Die Beschaffung von „Camembert“ erfolgt in Rostock über die Käsekühlung oder Käsetheke eines gewöhnlichen großen Rostocker Supermarkts."	"EASY"	"Für „Camembert“ kontrolliert Tobias den Rostocker Bezug über die Käsekühlung oder Käsetheke eines gewöhnlichen großen Rostocker Supermarkts, wobei folgende Abgrenzung gilt: „Weicher Kuhmilchkäse mit Weißschimmelrinde und cremiger bis reifer, kräftiger Textur; nicht Brie.“"	"OPTIONAL"	"Camembert Weicher Kuhmilchkäse mit Weißschimmelrinde und cremiger bis reifer, kräftiger…; Tobias Rostock Käse genaue Sorte Milch Reifung; Käse; Die Käsekühlung oder Käsetheke eines gewöhnlichen großen Rostocker Supermarkts; reguläres Sortiment Filialverfügbarkeit; die präzise gekühlte oder tierische Produktform"	""	"TOBIAS_ROSTOCK_PROFILE"	"PROPOSED_FOR_HUMAN_REVIEW"
"CANNED_CHAMPIGNONS"	"Dosenchampignons"	"APPLICABLE"	"Gegarte Champignons aus Dose oder Glas in schlichter Lake; nicht eingelegte oder frische Champignons."	"GENERAL_LOCAL"	"Tobias prüft „Dosenchampignons“ in Rostock über das Konserven-, Sauergemüse- oder Feinkostregal eines gewöhnlichen großen Rostocker Supermarkts."	"EASY"	"Über das Konserven-, Sauergemüse- oder Feinkostregal eines gewöhnlichen großen Rostocker Supermarkts prüft Tobias in Rostock „Dosenchampignons“, wobei folgende Abgrenzung gilt: „Gegarte Champignons aus Dose oder Glas in schlichter Lake; nicht eingelegte oder frische Champignons.“"	"OPTIONAL"	"Dosenchampignons Gegarte Champignons aus Dose oder Glas in schlichter Lake; Tobias Rostock Sauergemüse Konserve Ferment exakte Form; Champignons / konservierte pflanzliche Zutat; Das Konserven-, Sauergemüse- oder Feinkostregal eines gewöhnlichen großen Rostocker Supermarkts; reguläres Sortiment Filialverfügbarkeit; die konservierte Produktform"	""	"TOBIAS_ROSTOCK_PROFILE|FORM_SENSITIVE"	"PROPOSED_FOR_HUMAN_REVIEW"
"CANNED_SARDINES"	"Sardinen aus der Dose"	"APPLICABLE"	"Gegarte Sardinen als Konserve in Öl, Wasser oder einfacher Sauce; Flüssigkeit und Würzung können variieren."	"GENERAL_LOCAL"	"Für „Sardinen aus der Dose“ führt der Rostocker Marktweg über das Fischkonserven- oder haltbare Seafood-Regal eines gewöhnlichen großen Rostocker Supermarkts."	"EASY"	"Den Weg über das Fischkonserven- oder haltbare Seafood-Regal eines gewöhnlichen großen Rostocker Supermarkts nutzt Tobias in Rostock für „Sardinen aus der Dose“, wobei folgende Abgrenzung gilt: „Gegarte Sardinen als Konserve in Öl, Wasser oder einfacher Sauce; Flüssigkeit und Würzung können variieren.“"	"OPTIONAL"	"Sardinen aus der Dose Gegarte Sardinen als Konserve in Öl, Wasser oder einfacher Sauce; Tobias Rostock Fisch Seafood exakte Art Konserve Trockenware; konservierter Fisch / Sardinen; Das Fischkonserven- oder haltbare Seafood-Regal eines gewöhnlichen großen Rostocker Supermarkts; reguläres Sortiment Filialverfügbarkeit; die konservierte Produktform"	""	"TOBIAS_ROSTOCK_PROFILE"	"PROPOSED_FOR_HUMAN_REVIEW"
"CANNED_TOMATOES"	"Dosentomaten"	"APPLICABLE"	"Geschälte oder stückige Tomaten als unkonzentrierte Konserve; nicht passierte Tomaten oder Tomatenmark."	"GENERAL_LOCAL"	"Der konkrete Bezug von „Dosentomaten“ läuft über das Saucen-, Essig- oder Feinkostregal eines gewöhnlichen großen Rostocker Supermarkts."	"EASY"	"Das Angebot zu „Dosentomaten“ über das Saucen-, Essig- oder Feinkostregal eines gewöhnlichen großen Rostocker Supermarkts kontrolliert Tobias in Rostock, wobei folgende Abgrenzung gilt: „Geschälte oder stückige Tomaten als unkonzentrierte Konserve; nicht passierte Tomaten oder Tomatenmark.“"	"OPTIONAL"	"Dosentomaten Geschälte oder stückige Tomaten als unkonzentrierte Konserve; Tobias Rostock Würzsauce Paste Essig exakte Sorte; Tomate / Tomatenprodukt; Das Saucen-, Essig- oder Feinkostregal eines gewöhnlichen großen Rostocker Supermarkts; reguläres Sortiment Filialverfügbarkeit; die konservierte Produktform"	""	"TOBIAS_ROSTOCK_PROFILE"	"PROPOSED_FOR_HUMAN_REVIEW"
"CANNED_TUNA"	"Thunfisch aus der Dose"	"APPLICABLE"	"Gegarter Thunfisch als Konserve in Öl oder eigenem Saft; nicht frisches Thunfischsteak."	"GENERAL_LOCAL"	"Die Beschaffung von „Thunfisch aus der Dose“ erfolgt in Rostock über das Fischkonserven- oder haltbare Seafood-Regal eines gewöhnlichen großen Rostocker Supermarkts."	"EASY"	"Für „Thunfisch aus der Dose“ kontrolliert Tobias den Rostocker Bezug über das Fischkonserven- oder haltbare Seafood-Regal eines gewöhnlichen großen Rostocker Supermarkts, wobei folgende Abgrenzung gilt: „Gegarter Thunfisch als Konserve in Öl oder eigenem Saft; nicht frisches Thunfischsteak.“"	"OPTIONAL"	"Thunfisch aus der Dose Gegarter Thunfisch als Konserve in Öl oder eigenem Saft; Tobias Rostock Fisch Seafood exakte Art Konserve Trockenware; konservierter Fisch / Thunfisch; Das Fischkonserven- oder haltbare Seafood-Regal eines gewöhnlichen großen Rostocker Supermarkts; reguläres Sortiment Filialverfügbarkeit; die konservierte Produktform"	""	"TOBIAS_ROSTOCK_PROFILE|FORM_SENSITIVE"	"PROPOSED_FOR_HUMAN_REVIEW"
"CANNELLINI_BEANS"	"Cannellini-Bohnen"	"APPLICABLE"	"Mittelgroße weiße Bohnen italienischer Art mit mildem Geschmack und cremiger Textur."	"GENERAL_BROAD"	"Beim Einkauf von „Cannellini-Bohnen“ nutzt Tobias gut sortierte Vollsortimenter und etablierte deutsche Bio- oder Trockenwarenhändler."	"PLANNED"	"Den Weg über gut sortierte Vollsortimenter und etablierte deutsche Bio- oder Trockenwarenhändler nutzt Tobias in Rostock für „Cannellini-Bohnen“ mit diesem inhaltlichen Maßstab: „Mittelgroße weiße Bohnen italienischer Art mit mildem Geschmack und cremiger Textur.“"	"OPTIONAL"	"Cannellini-Bohnen Mittelgroße weiße Bohnen italienischer Art mit mildem Geschmack und cremiger…; Tobias Rostock Hülsenfrucht getrocknet vorgegart Sorte; Bohnen; gut sortierte Vollsortimenter und etablierte deutsche Bio- oder Trockenwarenhändler; gezielter Einkauf Deutschland Wochenvorlauf; die exakt festgelegte Darreichung"	""	"TOBIAS_ROSTOCK_PROFILE|RATING_RECONCILED_V2"	"PROPOSED_FOR_HUMAN_REVIEW"
"CANTALOUPE"	"Cantaloupe-Melone"	"APPLICABLE"	"Orangefleischige, aromatisch süße Melone mit typischer netzartiger oder gerippter Schale."	"GENERAL_LOCAL"	"Beim Einkauf von „Cantaloupe-Melone“ nutzt Tobias die Obstabteilung eines gewöhnlichen großen Rostocker Supermarkts."	"EASY"	"Die Beschaffung von „Cantaloupe-Melone“ über die Obstabteilung eines gewöhnlichen großen Rostocker Supermarkts prüft Tobias in Rostock, wobei folgende Abgrenzung gilt: „Orangefleischige, aromatisch süße Melone mit typischer netzartiger oder gerippter Schale.“"	"OPTIONAL"	"Cantaloupe-Melone Orangefleischige, aromatisch süße Melone mit typischer netzartiger oder…; Tobias Rostock Obst frisch TK genaue Sorte; Melone; Die Obstabteilung eines gewöhnlichen großen Rostocker Supermarkts; reguläres Sortiment Filialverfügbarkeit; die exakt festgelegte Darreichung"	""	"TOBIAS_ROSTOCK_PROFILE"	"PROPOSED_FOR_HUMAN_REVIEW"
"CAPERS"	"Kapern"	"APPLICABLE"	"Eingelegte Blütenknospen des Kapernstrauchs mit salzig-säuerlichem, pikantem Geschmack; nicht Kapernäpfel."	"GENERAL_LOCAL"	"Für „Kapern“ führt der Rostocker Marktweg über das Konserven-, Sauergemüse- oder Feinkostregal eines gewöhnlichen großen Rostocker Supermarkts."	"EASY"	"Den Weg über das Konserven-, Sauergemüse- oder Feinkostregal eines gewöhnlichen großen Rostocker Supermarkts nutzt Tobias in Rostock für „Kapern“, wobei folgende Abgrenzung gilt: „Eingelegte Blütenknospen des Kapernstrauchs mit salzig-säuerlichem, pikantem Geschmack; nicht Kapernäpfel.“"	"OPTIONAL"	"Kapern Eingelegte Blütenknospen des Kapernstrauchs mit salzig-säuerlichem, pikantem…; Tobias Rostock Sauergemüse Konserve Ferment exakte Form; konservierte pflanzliche Zutat; Das Konserven-, Sauergemüse- oder Feinkostregal eines gewöhnlichen großen Rostocker Supermarkts; reguläres Sortiment Filialverfügbarkeit; die konservierte Produktform"	""	"TOBIAS_ROSTOCK_PROFILE"	"PROPOSED_FOR_HUMAN_REVIEW"
"CARAWAY"	"Kümmel"	"APPLICABLE"	"Echter Kümmel mit warmem, anisartigem Aroma; nicht Kreuzkümmel."	"GENERAL_LOCAL"	"Die Beschaffung von „Kümmel“ erfolgt in Rostock über das Gewürz- oder Backregal eines gewöhnlichen großen Rostocker Supermarkts."	"EASY"	"Für „Kümmel“ kontrolliert Tobias den Rostocker Bezug über das Gewürz- oder Backregal eines gewöhnlichen großen Rostocker Supermarkts, wobei folgende Abgrenzung gilt: „Echter Kümmel mit warmem, anisartigem Aroma; nicht Kreuzkümmel.“"	"OPTIONAL"	"Kümmel Echter Kümmel mit warmem, anisartigem Aroma; Tobias Rostock Gewürz ganze gemahlene getrocknete Form; Gewürz oder trockenes Würzmittel; Das Gewürz- oder Backregal eines gewöhnlichen großen Rostocker Supermarkts; reguläres Sortiment Filialverfügbarkeit; die exakt festgelegte Darreichung"	""	"TOBIAS_ROSTOCK_PROFILE"	"PROPOSED_FOR_HUMAN_REVIEW"
"CARDAMOM"	"Kardamom"	"APPLICABLE"	"Aromatische Kardamomkapseln oder -samen; ohne weitere Konkretisierung ist grüner Kardamom gemeint. Schwarzer Kardamom besitzt ein deutlich herberes, häufig rauchiges Profil."	"GENERAL_BROAD"	"Tobias prüft „Kardamom“ in Rostock über gut sortierte Vollsortimenter und etablierte deutsche Gewürzhändler."	"PLANNED"	"Über gut sortierte Vollsortimenter und etablierte deutsche Gewürzhändler prüft Tobias in Rostock „Kardamom“, wobei folgende Abgrenzung gilt: „Aromatische Kardamomkapseln oder -samen; ohne weitere Konkretisierung ist grüner Kardamom gemeint. Schwarzer Kardamom besitzt ein deutlich herberes, häufig rauchiges Profil.“"	"OPTIONAL"	"Kardamom Aromatische Kardamomkapseln oder -samen; ohne weitere Konkretisierung ist…; Tobias Rostock Gewürz ganze gemahlene getrocknete Form; Gewürz oder trockenes Würzmittel; gut sortierte Vollsortimenter und etablierte deutsche Gewürzhändler; gezielter Einkauf Deutschland Wochenvorlauf; die geforderte ganze oder körnige Form"	""	"TOBIAS_ROSTOCK_PROFILE"	"PROPOSED_FOR_HUMAN_REVIEW"
"CARP"	"Karpfen"	"APPLICABLE"	"Karpfen als frischer oder tiefgekühlter Süßwasserfisch; Zuschnitt und Zubereitungsform bleiben offen."	"NICHE_IMPORT"	"Die direkten frischen und tiefgekühlten Karpfenseiten der etablierten Fischversender sind aktuell ohne Bestand. Tobias kann nur einen terminierten Capibara-TK-Weg mit Norddeutschland-Tour und 70-Euro-Mindestbestellwert ansetzen."	"DIFFICULT"	"Tobias profitiert in Rostock hier nicht vom besseren Fischumfeld: Die überprüften Karpfenfilets und ganzen Fische sind nicht lieferbar. Übrig bleibt eine vorgegebene Norddeutschland-Tour für vakuumierten TK-Karpfen, gekoppelt an 70 Euro Warenkorb und sichere Tiefkühlannahme."	"REQUIRED"	"Tobias Rostock Karpfen frisch tiefgekühlt nicht lieferbar Capibara Norddeutschland Tour 70 Euro"	"AV2N-A-0033|AV2N-P-0003"	"EVIDENCE_REQUIRED|FORM_SENSITIVE|NICHE_IMPORT|RATING_RECONCILED_V2|RESEARCH_REQUIRED|TOBIAS_ROSTOCK_PROFILE"	"PROPOSED_FOR_HUMAN_REVIEW"
"CARROT"	"Karotte"	"APPLICABLE"	"Karotte als süßlich-erdiges Wurzelgemüse; Farbe und Größe bleiben offen."	"GENERAL_LOCAL"	"Tobias prüft „Karotte“ in Rostock über die Gemüseabteilung eines gewöhnlichen großen Rostocker Supermarkts."	"EASY"	"Über die Gemüseabteilung eines gewöhnlichen großen Rostocker Supermarkts prüft Tobias in Rostock „Karotte“ mit diesem inhaltlichen Maßstab: „Karotte als süßlich-erdiges Wurzelgemüse; Farbe und Größe bleiben offen.“"	"OPTIONAL"	"Karotte Karotte als süßlich-erdiges Wurzelgemüse; Tobias Rostock Gemüse frisch TK genaue Sorte; Wurzel- und Knollengemüse; Die Gemüseabteilung eines gewöhnlichen großen Rostocker Supermarkts; reguläres Sortiment Filialverfügbarkeit; die exakt festgelegte Darreichung"	""	"TOBIAS_ROSTOCK_PROFILE"	"PROPOSED_FOR_HUMAN_REVIEW"
"CASHEW"	"Cashewkerne"	"APPLICABLE"	"Cremig-milde Cashewkerne; roh, geröstet oder ungesalzen verwendbar."	"GENERAL_LOCAL"	"Für „Cashewkerne“ führt der Rostocker Marktweg über das Nuss-, Saaten-, Back- oder Brotaufstrichregal eines gewöhnlichen großen Rostocker Supermarkts."	"EASY"	"Den Weg über das Nuss-, Saaten-, Back- oder Brotaufstrichregal eines gewöhnlichen großen Rostocker Supermarkts nutzt Tobias in Rostock für „Cashewkerne“, wobei folgende Abgrenzung gilt: „Cremig-milde Cashewkerne; roh, geröstet oder ungesalzen verwendbar.“"	"OPTIONAL"	"Cashewkerne Cremig-milde Cashewkerne; roh, geröstet oder ungesalzen verwendbar; Tobias Rostock Nuss Samen Mus genaue Rohware; Nüsse; Das Nuss-, Saaten-, Back- oder Brotaufstrichregal eines gewöhnlichen großen Rostocker Supermarkts; reguläres Sortiment Filialverfügbarkeit; die exakt festgelegte Darreichung"	""	"TOBIAS_ROSTOCK_PROFILE"	"PROPOSED_FOR_HUMAN_REVIEW"
"CASHEW_BUTTER"	"Cashewmus"	"APPLICABLE"	"Fein vermahlene Cashewpaste mit cremiger Textur; ungesüßte und leicht gesüßte Varianten sind umfasst."	"GENERAL_BROAD"	"Für „Cashewmus“ führt der Rostocker Marktweg über gut sortierte Vollsortimenter und etablierte deutsche Nuss- oder Biohändler."	"PLANNED"	"Den Weg über gut sortierte Vollsortimenter und etablierte deutsche Nuss- oder Biohändler nutzt Tobias in Rostock für „Cashewmus“, wobei folgende Abgrenzung gilt: „Fein vermahlene Cashewpaste mit cremiger Textur; ungesüßte und leicht gesüßte Varianten sind umfasst.“"	"OPTIONAL"	"Cashewmus Fein vermahlene Cashewpaste mit cremiger Textur; Tobias Rostock Nuss Samen Mus genaue Rohware; Cashewkerne / Nuss- oder Samenpaste; gut sortierte Vollsortimenter und etablierte deutsche Nuss- oder Biohändler; gezielter Einkauf Deutschland Wochenvorlauf; die exakt festgelegte Darreichung"	""	"TOBIAS_ROSTOCK_PROFILE"	"PROPOSED_FOR_HUMAN_REVIEW"
"CASSAVA"	"Maniok"	"APPLICABLE"	"Stärkereiche Maniokwurzel, die nur geschält und ausreichend gegart verwendet wird; nicht Tapiokastärke."	"SPECIALTY_BROAD"	"Tobias prüft „Maniok“ in Rostock über Asia4Friends – Gemüse und Asiatischer Lebensmittelladen – Maniok, wobei die Evidenz eine vor dem Einkauf erneut zu prüfende Verfügbarkeit und Frischeversand ausweist."	"SPECIALTY"	"Über Asia4Friends – Gemüse und Asiatischer Lebensmittelladen – Maniok (Evidenzstand: eine vor dem Einkauf erneut zu prüfende Verfügbarkeit und Frischeversand) prüft Tobias in Rostock „Maniok“, wobei folgende Abgrenzung gilt: „Stärkereiche Maniokwurzel, die nur geschält und ausreichend gegart verwendet wird; nicht Tapiokastärke.“"	"REQUIRED"	"Maniok Stärkereiche Maniokwurzel, die nur geschält und ausreichend gegart verwendet…; Tobias Rostock Gemüse frisch TK genaue Sorte; Wurzel- und Knollengemüse / stärkehaltige Zutat oder Sättigungsbeilage; Asiatischer Lebensmittelladen – Maniok | Asia4Friends – Gemüse; mehrere unabhängige Fachhändler Marktbreite; die exakt festgelegte Darreichung"	"AV2N-A-0034|AV2N-A-0035"	"TOBIAS_ROSTOCK_PROFILE|SPECIALTY_MARKET_BREADTH|RESEARCH_REQUIRED"	"PROPOSED_FOR_HUMAN_REVIEW"
"CATFISH"	"Wels"	"APPLICABLE"	"Wels als festfleischiger Süßwasserfisch; Art und Zuschnitt bleiben offen."	"GENERAL_BROAD"	"Ahrenhorster – frisches Wallerfilet ohne Haut und Bauch belegt: Ahrenhorster bietet frisches Wallerfilet aus deutscher Aquakultur im Warenkorb an, verarbeitet es am Vortag und verschickt die vakuumierten Filets mit Kühlpacks per DPD Food Express. Der Bezug erfolgt über Deutschland; Wunschtermin per DPD Food Express, Verarbeitung am Vortag; maßgeblich ist CHILLED_SHIPPING. Belegt ist enthäutetes Filet in einer Vorratsbox ab zwei Kilogramm, nicht jeder offene Welszuschnitt; Liefertermine bleiben bestellabhängig."	"PLANNED"	"Für Tobias ist aus Rostock folgende Warenroute belegt: Ahrenhorster bietet frisches Wallerfilet aus deutscher Aquakultur im Warenkorb an, verarbeitet es am Vortag und verschickt die vakuumierten Filets mit Kühlpacks per DPD Food Express. Belegt ist enthäutetes Filet in einer Vorratsbox ab zwei Kilogramm, nicht jeder offene Welszuschnitt; Liefertermine bleiben bestellabhängig."	"REQUIRED"	"Wallerfilet Silurus glanis frisch Ahrenhorster DPD Food Express Bornheim Rostock | Tobias Rostock | Ahrenhorster – frisches Wallerfilet ohne Haut und Bauch | IN_STOCK CHILLED_SHIPPING"	"AV2N-A-0036"	"TOBIAS_ROSTOCK_PROFILE|RESEARCH_REQUIRED"	"PROPOSED_FOR_HUMAN_REVIEW"
"CAULIFLOWER"	"Blumenkohl"	"APPLICABLE"	"Kohlgemüse mit dichtem, hellem Blütenstand; Blätter und Strunk können kulinarisch mitverwendet werden."	"GENERAL_LOCAL"	"Für „Blumenkohl“ führt der Rostocker Marktweg über die Gemüseabteilung eines gewöhnlichen großen Rostocker Supermarkts."	"EASY"	"Den Weg über die Gemüseabteilung eines gewöhnlichen großen Rostocker Supermarkts nutzt Tobias in Rostock für „Blumenkohl“ mit diesem inhaltlichen Maßstab: „Kohlgemüse mit dichtem, hellem Blütenstand; Blätter und Strunk können kulinarisch mitverwendet werden.“"	"OPTIONAL"	"Blumenkohl Kohlgemüse mit dichtem, hellem Blütenstand; Tobias Rostock Gemüse frisch TK genaue Sorte; Kohlgemüse / Blütengemüse; Die Gemüseabteilung eines gewöhnlichen großen Rostocker Supermarkts; reguläres Sortiment Filialverfügbarkeit; die geforderte Blatt- oder Kräuterform"	""	"TOBIAS_ROSTOCK_PROFILE"	"PROPOSED_FOR_HUMAN_REVIEW"
"CAVA"	"Cava"	"APPLICABLE"	"Schaumwein der geschützten Ursprungsbezeichnung Cava, überwiegend in Spanien nach traditioneller Flaschengärung erzeugt; Süßegrad und Reife können variieren. Nicht generischer Schaumwein, Champagner oder Prosecco."	"GENERAL_BROAD"	"Spanischer Cava Reserva im allgemeinen Versand; vomFASS weist Cava Brut Reserva Stars aktuell als verfügbar mit kurzer Deutschlandlieferung aus."	"PLANNED"	"Tobias kann den bezeichneten Cava, nicht bloß beliebigen Schaumwein, über vomFASS nach Rostock bestellen und plant dafür den Versandtermin ein."	"OPTIONAL"	"Cava Brut Reserva Stars vomFASS verfügbar Versand Rostock"	"AV2N-A-0037"	"TOBIAS_ROSTOCK_PROFILE"	"PROPOSED_FOR_HUMAN_REVIEW"
"CAYENNE_PEPPER"	"Cayennepfeffer"	"APPLICABLE"	"Fein gemahlenes scharfes Chilipulver nach Cayenne-Art; trotz des Namens kein echter Pfeffer."	"GENERAL_LOCAL"	"Beim Einkauf von „Cayennepfeffer“ nutzt Tobias das Gewürz- oder Backregal eines gewöhnlichen großen Rostocker Supermarkts."	"EASY"	"Die Beschaffung von „Cayennepfeffer“ über das Gewürz- oder Backregal eines gewöhnlichen großen Rostocker Supermarkts prüft Tobias in Rostock, wobei folgende Abgrenzung gilt: „Fein gemahlenes scharfes Chilipulver nach Cayenne-Art; trotz des Namens kein echter Pfeffer.“"	"OPTIONAL"	"Cayennepfeffer Fein gemahlenes scharfes Chilipulver nach Cayenne-Art; Tobias Rostock Gewürz ganze gemahlene getrocknete Form; Chilipulver; Das Gewürz- oder Backregal eines gewöhnlichen großen Rostocker Supermarkts; reguläres Sortiment Filialverfügbarkeit; die gemahlene oder pulverisierte Form"	""	"TOBIAS_ROSTOCK_PROFILE"	"PROPOSED_FOR_HUMAN_REVIEW"
"CELERIAC"	"Knollensellerie"	"APPLICABLE"	"Knollensellerie mit festem, intensiv sellerieartigem Fleisch; nicht Staudensellerie."	"GENERAL_LOCAL"	"Die Beschaffung von „Knollensellerie“ erfolgt in Rostock über die Gemüseabteilung eines gewöhnlichen großen Rostocker Supermarkts."	"EASY"	"Für „Knollensellerie“ kontrolliert Tobias den Rostocker Bezug über die Gemüseabteilung eines gewöhnlichen großen Rostocker Supermarkts mit diesem inhaltlichen Maßstab: „Knollensellerie mit festem, intensiv sellerieartigem Fleisch; nicht Staudensellerie.“"	"OPTIONAL"	"Knollensellerie Knollensellerie mit festem, intensiv sellerieartigem Fleisch; Tobias Rostock Gemüse frisch TK genaue Sorte; Wurzel- und Knollengemüse; Die Gemüseabteilung eines gewöhnlichen großen Rostocker Supermarkts; reguläres Sortiment Filialverfügbarkeit; die exakt festgelegte Darreichung"	""	"TOBIAS_ROSTOCK_PROFILE"	"PROPOSED_FOR_HUMAN_REVIEW"
"CELERY_STALK"	"Staudensellerie"	"APPLICABLE"	"Staudensellerie mit knackigen Blattstielen und frischem Selleriearoma; nicht Knollensellerie."	"GENERAL_LOCAL"	"Beim Einkauf von „Staudensellerie“ nutzt Tobias die Gemüseabteilung eines gewöhnlichen großen Rostocker Supermarkts."	"EASY"	"Die Beschaffung von „Staudensellerie“ über die Gemüseabteilung eines gewöhnlichen großen Rostocker Supermarkts prüft Tobias in Rostock mit diesem inhaltlichen Maßstab: „Staudensellerie mit knackigen Blattstielen und frischem Selleriearoma; nicht Knollensellerie.“"	"OPTIONAL"	"Staudensellerie Staudensellerie mit knackigen Blattstielen und frischem Selleriearoma; Tobias Rostock Gemüse frisch TK genaue Sorte; Stängelgemüse; Die Gemüseabteilung eines gewöhnlichen großen Rostocker Supermarkts; reguläres Sortiment Filialverfügbarkeit; die verlangte frische Form"	""	"TOBIAS_ROSTOCK_PROFILE|FORM_SENSITIVE"	"PROPOSED_FOR_HUMAN_REVIEW"
"CHAMPIGNON"	"frische Champignons"	"APPLICABLE"	"Frischer Zuchtchampignon ohne Festlegung auf die weiße oder braune Form; konservierte Champignons und andere Speisepilze sind nicht gemeint."	"GENERAL_LOCAL"	"Für „frische Champignons“ führt der Rostocker Marktweg über den Pilzbereich der Obst- und Gemüseabteilung eines gewöhnlichen großen Rostocker Supermarkts."	"EASY"	"Den Weg über den Pilzbereich der Obst- und Gemüseabteilung eines gewöhnlichen großen Rostocker Supermarkts nutzt Tobias in Rostock für „frische Champignons“, wobei folgende Abgrenzung gilt: „Frischer Zuchtchampignon ohne Festlegung auf die weiße oder braune Form; konservierte Champignons und andere Speisepilze sind nicht gemeint.“"	"OPTIONAL"	"frische Champignons Frischer Zuchtchampignon ohne Festlegung auf die weiße oder braune Form; Tobias Rostock Pilze frisch genaue Art; Champignons; Der Pilzbereich der Obst- und Gemüseabteilung eines gewöhnlichen großen Rostocker Supermarkts; reguläres Sortiment Filialverfügbarkeit; die verlangte frische Form"	""	"TOBIAS_ROSTOCK_PROFILE|FORM_SENSITIVE"	"PROPOSED_FOR_HUMAN_REVIEW"
"CHAMPIGNONS"	"Champignons"	"APPLICABLE"	"Offene Champignonfamilie einschließlich frischer und konservierter Produktformen; nicht sämtliche Speisepilze."	"GENERAL_LOCAL"	"Die Beschaffung von „Champignons“ erfolgt in Rostock über den Pilzbereich der Obst- und Gemüseabteilung eines gewöhnlichen großen Rostocker Supermarkts."	"EASY"	"Für „Champignons“ kontrolliert Tobias den Rostocker Bezug über den Pilzbereich der Obst- und Gemüseabteilung eines gewöhnlichen großen Rostocker Supermarkts, wobei folgende Abgrenzung gilt: „Offene Champignonfamilie einschließlich frischer und konservierter Produktformen; nicht sämtliche Speisepilze.“"	"OPTIONAL"	"Champignons Offene Champignonfamilie einschließlich frischer und konservierter…; Tobias Rostock Pilze frisch genaue Art; Pilze; Der Pilzbereich der Obst- und Gemüseabteilung eines gewöhnlichen großen Rostocker Supermarkts; reguläres Sortiment Filialverfügbarkeit; die verlangte frische Form"	""	"TOBIAS_ROSTOCK_PROFILE|FORM_SENSITIVE"	"PROPOSED_FOR_HUMAN_REVIEW"
"CHANTERELLE"	"Pfifferlinge"	"APPLICABLE"	"Pfifferlinge mit festem Biss und pfeffrig-fruchtigem Waldpilzaroma; frisch, tiefgekühlt oder getrocknet verwendbar."	"GENERAL_BROAD"	"Violey – BioGourmet Pfifferlinge getrocknet 20 g belegt formgenau: Violey führt formgenaue getrocknete Pfifferlinge als haltbare 20-g-Packung mit positiv ausgewiesenem Bestand. Für Tobias in Rostock gilt: Deutschlandweiter Standardversand nach Bornheim und Rostock; Logistik STANDARD_SHIPPING. Die stabile Route nutzt die zulässige Trockenform; frische Pfifferlinge bleiben saison- und marktbestandsabhängig."	"PLANNED"	"Auf dem Rostocker Marktweg von Tobias: Für Pfifferlinge wird vor der Fahrt die frische 400-g-Ware geprüft; tiefgekühlte oder getrocknete Pfifferlinge bleiben zulässige Alternativen."	"REQUIRED"	"BioGourmet Pfifferlinge getrocknet 20 g Violey Bestand | Tobias in Rostock | IN_STOCK STANDARD_SHIPPING"	"AV2N-A-0038|AV2N-P-0004"	"TOBIAS_ROSTOCK_PROFILE|FORM_SENSITIVE|RESEARCH_REQUIRED"	"PROPOSED_FOR_HUMAN_REVIEW"
"CHARD"	"Mangold"	"APPLICABLE"	"Mangold mit fleischigen Stielen und großen Blättern; beide Teile sind essbar und benötigen oft unterschiedliche Garzeiten."	"GENERAL_BROAD"	"Für „Mangold“ wird das Angebot über gut sortierte Vollsortimenter und etablierte deutsche Gemüse- oder Frischehändler kontrolliert."	"PLANNED"	"Beim Rostocker Einkauf setzt Tobias für „Mangold“ auf gut sortierte Vollsortimenter und etablierte deutsche Gemüse- oder Frischehändler, wobei folgende Abgrenzung gilt: „Mangold mit fleischigen Stielen und großen Blättern; beide Teile sind essbar und benötigen oft unterschiedliche Garzeiten.“"	"OPTIONAL"	"Mangold Mangold mit fleischigen Stielen und großen Blättern; Tobias Rostock Gemüse frisch TK genaue Sorte; Blattgemüse; gut sortierte Vollsortimenter und etablierte deutsche Gemüse- oder Frischehändler; gezielter Einkauf Deutschland Wochenvorlauf; die exakt festgelegte Darreichung"	""	"TOBIAS_ROSTOCK_PROFILE"	"PROPOSED_FOR_HUMAN_REVIEW"
"CHEDDAR"	"Cheddar"	"APPLICABLE"	"Fester bis halbfester Kuhmilchkäse nach Cheddar-Art; Reifegrad reicht von mild-cremig bis kräftig-würzig."	"GENERAL_LOCAL"	"Beim Einkauf von „Cheddar“ nutzt Tobias die Käsekühlung oder Käsetheke eines gewöhnlichen großen Rostocker Supermarkts."	"EASY"	"Die Beschaffung von „Cheddar“ über die Käsekühlung oder Käsetheke eines gewöhnlichen großen Rostocker Supermarkts prüft Tobias in Rostock, wobei folgende Abgrenzung gilt: „Fester bis halbfester Kuhmilchkäse nach Cheddar-Art; Reifegrad reicht von mild-cremig bis kräftig-würzig.“"	"OPTIONAL"	"Cheddar Fester bis halbfester Kuhmilchkäse nach Cheddar-Art; Tobias Rostock Käse genaue Sorte Milch Reifung; Käse; Die Käsekühlung oder Käsetheke eines gewöhnlichen großen Rostocker Supermarkts; reguläres Sortiment Filialverfügbarkeit; die präzise gekühlte oder tierische Produktform"	""	"TOBIAS_ROSTOCK_PROFILE"	"PROPOSED_FOR_HUMAN_REVIEW"
"CHEESE"	"Käse"	"APPLICABLE"	"Offene Vorgabe für Käse; Milchart, Textur, Reife und Intensität bleiben als echte Auswahlentscheidung offen."	"GENERAL_LOCAL"	"Tobias prüft „Käse“ in Rostock über die Käsekühlung oder Käsetheke eines gewöhnlichen großen Rostocker Supermarkts."	"EASY"	"Über die Käsekühlung oder Käsetheke eines gewöhnlichen großen Rostocker Supermarkts prüft Tobias in Rostock „Käse“, wobei folgende Abgrenzung gilt: „Offene Vorgabe für Käse; Milchart, Textur, Reife und Intensität bleiben als echte Auswahlentscheidung offen.“"	"OPTIONAL"	"Käse Offene Vorgabe für Käse; Milchart, Textur, Reife und Intensität bleiben als…; Tobias Rostock Käse genaue Sorte Milch Reifung; gesäuertes Milchprodukt; Die Käsekühlung oder Käsetheke eines gewöhnlichen großen Rostocker Supermarkts; reguläres Sortiment Filialverfügbarkeit; die präzise gekühlte oder tierische Produktform"	""	"TOBIAS_ROSTOCK_PROFILE"	"PROPOSED_FOR_HUMAN_REVIEW"
"CHERRY"	"Kirsche"	"APPLICABLE"	"Süßkirsche als frische oder ungesüßt tiefgekühlte Steinfrucht; Sauerkirsche bleibt getrennt."	"GENERAL_LOCAL"	"Für „Kirsche“ wird das Angebot über den Obst- oder Tiefkühlobstbereich eines gewöhnlichen großen Rostocker Supermarkts kontrolliert."	"EASY"	"Beim Rostocker Einkauf setzt Tobias für „Kirsche“ auf den Obst- oder Tiefkühlobstbereich eines gewöhnlichen großen Rostocker Supermarkts, wobei folgende Abgrenzung gilt: „Süßkirsche als frische oder ungesüßt tiefgekühlte Steinfrucht; Sauerkirsche bleibt getrennt.“"	"OPTIONAL"	"Kirsche Süßkirsche als frische oder ungesüßt tiefgekühlte Steinfrucht; Tobias Rostock Obst frisch TK genaue Sorte; Steinobst; Der Obst- oder Tiefkühlobstbereich eines gewöhnlichen großen Rostocker Supermarkts; reguläres Sortiment Filialverfügbarkeit; die zugelassene Frisch- oder Tiefkühlform"	""	"TOBIAS_ROSTOCK_PROFILE|FORM_SENSITIVE"	"PROPOSED_FOR_HUMAN_REVIEW"
"CHERRY_TOMATO"	"Kirschtomaten"	"APPLICABLE"	"Kleine süße Tomaten mit hohem Schalenanteil; Farbe und konkrete Sorte bleiben offen."	"GENERAL_LOCAL"	"Für „Kirschtomaten“ wird das Angebot über die Gemüseabteilung eines gewöhnlichen großen Rostocker Supermarkts kontrolliert."	"EASY"	"Beim Rostocker Einkauf setzt Tobias für „Kirschtomaten“ auf die Gemüseabteilung eines gewöhnlichen großen Rostocker Supermarkts mit diesem inhaltlichen Maßstab: „Kleine süße Tomaten mit hohem Schalenanteil; Farbe und konkrete Sorte bleiben offen.“"	"OPTIONAL"	"Kirschtomaten Kleine süße Tomaten mit hohem Schalenanteil; Tobias Rostock Gemüse frisch TK genaue Sorte; Tomate; Die Gemüseabteilung eines gewöhnlichen großen Rostocker Supermarkts; reguläres Sortiment Filialverfügbarkeit; die exakt festgelegte Darreichung"	""	"TOBIAS_ROSTOCK_PROFILE"	"PROPOSED_FOR_HUMAN_REVIEW"
"CHERVIL"	"Kerbel"	"APPLICABLE"	"Frischer Kerbel als fein-aromatisches Küchenkraut. Nicht Kerbelwurzel und nicht getrocknete Kräutermischung."	"NICHE_IMPORT"	"Auch in Rostock liefert die allgemeine Kettenseite keinen stabilen frischen Kerbelbestand; Knuspr meldet die Bundware als nicht mehr verfügbar. Der positive Gärtnereiweg liefert lediglich eine empfindliche lebende Pflanze."	"DIFFICULT"	"Tobias kann für frischen Kerbel keine belastbare Rostocker Lebensmittelroute benennen. Statt Bundware bleibt nur der Versand einer lebenden Kerbelpflanze aus einer einzelnen Gärtnerei; die kurze Haltbarkeit der Blätter und das Transportrisiko machen den Treffer nischig."	"REQUIRED"	"Tobias Rostock frischer Kerbel Bund nicht verfügbar Enseleit lebende Pflanze Versand"	"AV2N-A-0039|AV2N-P-0005"	"EVIDENCE_REQUIRED|FORM_SENSITIVE|NICHE_IMPORT|RATING_RECONCILED_V2|RESEARCH_REQUIRED|TOBIAS_ROSTOCK_PROFILE"	"PROPOSED_FOR_HUMAN_REVIEW"
"CHESTNUT"	"Esskastanien"	"APPLICABLE"	"Stärkereiche Esskastanien mit süßlich-nussigem Geschmack; gegart, vakuumiert oder als ungesüßtes Püree verwendbar."	"GENERAL_BROAD"	"Kleine Abtei – gekochte vakuumierte Maronen 200 g belegt formgenau: Kleine Abtei bietet gekochte, geschälte und vakuumierte Edelkastanien ohne Wasser- oder Salzzusatz sofort ab Lager an. Für Tobias in Rostock gilt: Versand nach Deutschland und Österreich; 1–3 Werktage; Logistik STANDARD_SHIPPING. Der haltbare Weg belegt die gegarte Form, nicht frische Saisonmaronen oder gesüßte Kastaniencreme."	"PLANNED"	"Die Beschaffung von Tobias am Standort Rostock: Esskastanien werden als gegarte, geschälte Packung gesucht; gesüßte Kastaniencreme wäre trotz ähnlichem Regalweg nicht formtreu."	"REQUIRED"	"Maronen Edelkastanien gekocht geschält vakuumiert 200 g sofort versandfertig | Tobias in Rostock | IN_STOCK STANDARD_SHIPPING"	"AV2N-A-0040|AV2N-P-0006"	"TOBIAS_ROSTOCK_PROFILE|RESEARCH_REQUIRED"	"PROPOSED_FOR_HUMAN_REVIEW"
"CHIA_SEEDS"	"Chiasamen"	"APPLICABLE"	"Kleine quellfähige Samen, die Flüssigkeit gelartig binden; hell oder dunkel verwendbar."	"GENERAL_LOCAL"	"Die Beschaffung von „Chiasamen“ erfolgt in Rostock über das Nuss-, Saaten-, Back- oder Brotaufstrichregal eines gewöhnlichen großen Rostocker Supermarkts."	"EASY"	"Für „Chiasamen“ kontrolliert Tobias den Rostocker Bezug über das Nuss-, Saaten-, Back- oder Brotaufstrichregal eines gewöhnlichen großen Rostocker Supermarkts, wobei folgende Abgrenzung gilt: „Kleine quellfähige Samen, die Flüssigkeit gelartig binden; hell oder dunkel verwendbar.“"	"OPTIONAL"	"Chiasamen Kleine quellfähige Samen, die Flüssigkeit gelartig binden; Tobias Rostock Nuss Samen Mus genaue Rohware; Kerne und Samen; Das Nuss-, Saaten-, Back- oder Brotaufstrichregal eines gewöhnlichen großen Rostocker Supermarkts; reguläres Sortiment Filialverfügbarkeit; die geforderte ganze oder körnige Form"	""	"TOBIAS_ROSTOCK_PROFILE"	"PROPOSED_FOR_HUMAN_REVIEW"
"CHICKEN"	"Hähnchen"	"APPLICABLE"	"Hähnchenfleisch ohne Festlegung auf einen Zuschnitt; ganzes Tier und unterschiedliche Teilstücke sind umfasst."	"GENERAL_LOCAL"	"Tobias prüft „Hähnchen“ in Rostock über die Fleischkühlung oder Bedientheke eines gewöhnlichen großen Rostocker Supermarkts, wobei die Evidenz die menschliche v2-Freigabe für diesen Weg und eine lokale Standortprüfung ausweist."	"EASY"	"Über die Fleischkühlung oder Bedientheke eines gewöhnlichen großen Rostocker Supermarkts (Evidenzstand: die menschliche v2-Freigabe für diesen Weg und eine lokale Standortprüfung) prüft Tobias in Rostock „Hähnchen“, wobei folgende Abgrenzung gilt: „Hähnchenfleisch ohne Festlegung auf einen Zuschnitt; ganzes Tier und unterschiedliche Teilstücke sind umfasst.“"	"OPTIONAL"	"Hähnchen Hähnchenfleisch ohne Festlegung auf einen Zuschnitt; Tobias Rostock Fleisch Wurst exakte Tierart Zuschnitt; Geflügel; Die Fleischkühlung oder Bedientheke eines gewöhnlichen großen Rostocker Supermarkts; reguläres Sortiment Filialverfügbarkeit; den festgelegten Zuschnitt"	"AV2E-003"	"REFERENCE_ANCHOR|TOBIAS_ROSTOCK_PROFILE|REFERENCE_ANCHOR_V2"	"APPROVED_REFERENCE_ANCHOR_V2"
"CHICKEN_BREAST"	"Hähnchenbrust"	"APPLICABLE"	"Mageres helles Brustfleisch vom Hähnchen; mit oder ohne Haut und Knochen verwendbar."	"GENERAL_LOCAL"	"Für „Hähnchenbrust“ führt der Rostocker Marktweg über die Fleischkühlung oder Bedientheke eines gewöhnlichen großen Rostocker Supermarkts."	"EASY"	"Über die Fleischkühlung oder Bedientheke eines gewöhnlichen großen Rostocker Supermarkts prüft Tobias in Rostock „Hähnchenbrust“ mit diesem inhaltlichen Maßstab: „Mageres helles Brustfleisch vom Hähnchen; mit oder ohne Haut und Knochen verwendbar.“"	"OPTIONAL"	"Hähnchenbrust Mageres helles Brustfleisch vom Hähnchen; Tobias Rostock Fleisch Wurst exakte Tierart Zuschnitt; Hähnchen; Die Fleischkühlung oder Bedientheke eines gewöhnlichen großen Rostocker Supermarkts; reguläres Sortiment Filialverfügbarkeit; die präzise tierische Produktform"	""	"TOBIAS_ROSTOCK_PROFILE"	"PROPOSED_FOR_HUMAN_REVIEW"
"CHICKEN_DRUMSTICKS"	"Hähnchenunterkeulen"	"APPLICABLE"	"Unterer Teil der Hähnchenkeule mit Knochen und dunklem Fleisch; nicht die vollständige Keule."	"GENERAL_LOCAL"	"Die Beschaffung von „Hähnchenunterkeulen“ erfolgt in Rostock über die Fleischkühlung oder Bedientheke eines gewöhnlichen großen Rostocker Supermarkts."	"EASY"	"Den Weg über die Fleischkühlung oder Bedientheke eines gewöhnlichen großen Rostocker Supermarkts nutzt Tobias in Rostock für „Hähnchenunterkeulen“ mit diesem inhaltlichen Maßstab: „Unterer Teil der Hähnchenkeule mit Knochen und dunklem Fleisch; nicht die vollständige Keule.“"	"OPTIONAL"	"Hähnchenunterkeulen Unterer Teil der Hähnchenkeule mit Knochen und dunklem Fleisch; Tobias Rostock Fleisch Wurst exakte Tierart Zuschnitt; Hähnchen; Die Fleischkühlung oder Bedientheke eines gewöhnlichen großen Rostocker Supermarkts; reguläres Sortiment Filialverfügbarkeit; die präzise tierische Produktform"	""	"TOBIAS_ROSTOCK_PROFILE"	"PROPOSED_FOR_HUMAN_REVIEW"
"CHICKEN_FEET"	"Hühnerfüße"	"APPLICABLE"	"Küchenfertig gereinigte Hühnerfüße mit hohem Haut-, Sehnen- und Knorpelanteil; frisch oder tiefgekühlt verwendbar. Nicht bereits marinierte, eingelegte oder vollständig zubereitete Snackprodukte."	"SPECIALTY_BROAD"	"Tobias prüft „Hühnerfüße“ in Rostock über Asia Moin – Hühnerfüße und AsianBrand – Hühnerfüße tiefgefroren, wobei die Evidenz eine vor dem Einkauf erneut zu prüfende Verfügbarkeit und Tiefkühlversand ausweist."	"SPECIALTY"	"Über Asia Moin – Hühnerfüße und AsianBrand – Hühnerfüße tiefgefroren (Evidenzstand: eine vor dem Einkauf erneut zu prüfende Verfügbarkeit und Tiefkühlversand) prüft Tobias in Rostock „Hühnerfüße“, wobei folgende Abgrenzung gilt: „Küchenfertig gereinigte Hühnerfüße mit hohem Haut-, Sehnen- und Knorpelanteil; frisch oder tiefgekühlt verwendbar. Nicht bereits marinierte, eingelegte oder vollständig zubereitete Snackprodukte.“"	"REQUIRED"	"Hühnerfüße Küchenfertig gereinigte Hühnerfüße mit hohem Haut-, Sehnen- und Knorpelanteil; Tobias Rostock Fleisch Wurst exakte Tierart Zuschnitt; Hähnchen / Innereien; AsianBrand – Hühnerfüße tiefgefroren | Asia Moin – Hühnerfüße; mehrere unabhängige Fachhändler Marktbreite; die zugelassene Frisch- oder Tiefkühlform"	"AV2N-A-0041|AV2N-A-0042"	"TOBIAS_ROSTOCK_PROFILE|SPECIALTY_MARKET_BREADTH|FORM_SENSITIVE|RESEARCH_REQUIRED"	"PROPOSED_FOR_HUMAN_REVIEW"
"CHICKEN_LIVER"	"Hähnchenleber"	"APPLICABLE"	"Kleine zarte Geflügelleber mit kräftigem, aber milderem Aroma als Rinderleber."	"GENERAL_BROAD"	"Beim Einkauf von „Hähnchenleber“ nutzt Tobias Vorbestellung an einer gut sortierten Fleischtheke oder etablierter deutscher Metzgereiversand."	"PLANNED"	"Die Beschaffung von „Hähnchenleber“ über Vorbestellung an einer gut sortierten Fleischtheke oder etablierter deutscher Metzgereiversand prüft Tobias in Rostock, wobei folgende Abgrenzung gilt: „Kleine zarte Geflügelleber mit kräftigem, aber milderem Aroma als Rinderleber.“"	"OPTIONAL"	"Hähnchenleber Kleine zarte Geflügelleber mit kräftigem, aber milderem Aroma als Rinderleber; Tobias Rostock Fleisch Wurst exakte Tierart Zuschnitt; Hähnchen / Innereien; Vorbestellung an einer gut sortierten Fleischtheke oder etablierter deutscher Metzgereiversand; gezielter Einkauf Deutschland Wochenvorlauf; die präzise tierische Produktform"	""	"TOBIAS_ROSTOCK_PROFILE|RATING_RECONCILED_V2"	"PROPOSED_FOR_HUMAN_REVIEW"
"CHICKEN_STOCK"	"Hühnerbrühe"	"APPLICABLE"	"Brühe oder Fond auf Hühnerbasis; selbst gekocht oder als schlichtes Fertigprodukt verwendbar."	"GENERAL_LOCAL"	"Tobias prüft „Hühnerbrühe“ in Rostock über das Brühen-, Fonds- oder Suppenregal eines gewöhnlichen großen Rostocker Supermarkts."	"EASY"	"Über das Brühen-, Fonds- oder Suppenregal eines gewöhnlichen großen Rostocker Supermarkts prüft Tobias in Rostock „Hühnerbrühe“, wobei folgende Abgrenzung gilt: „Brühe oder Fond auf Hühnerbasis; selbst gekocht oder als schlichtes Fertigprodukt verwendbar.“"	"OPTIONAL"	"Hühnerbrühe Brühe oder Fond auf Hühnerbasis; selbst gekocht oder als schlichtes…; Tobias Rostock Brühe Fond genaue Basis; Brühe oder Fond; Das Brühen-, Fonds- oder Suppenregal eines gewöhnlichen großen Rostocker Supermarkts; reguläres Sortiment Filialverfügbarkeit; die exakt festgelegte Darreichung"	""	"TOBIAS_ROSTOCK_PROFILE"	"PROPOSED_FOR_HUMAN_REVIEW"
"CHICKEN_THIGH"	"Hähnchenschenkel"	"APPLICABLE"	"Saftiges dunkles Fleisch vom Hähnchenschenkel; ausgelöst oder mit Knochen und Haut verwendbar."	"GENERAL_LOCAL"	"Beim Einkauf von „Hähnchenschenkel“ nutzt Tobias die Fleischkühlung oder Bedientheke eines gewöhnlichen großen Rostocker Supermarkts."	"EASY"	"Für „Hähnchenschenkel“ kontrolliert Tobias den Rostocker Bezug über die Fleischkühlung oder Bedientheke eines gewöhnlichen großen Rostocker Supermarkts mit diesem inhaltlichen Maßstab: „Saftiges dunkles Fleisch vom Hähnchenschenkel; ausgelöst oder mit Knochen und Haut verwendbar.“"	"OPTIONAL"	"Hähnchenschenkel Saftiges dunkles Fleisch vom Hähnchenschenkel; Tobias Rostock Fleisch Wurst exakte Tierart Zuschnitt; Hähnchen; Die Fleischkühlung oder Bedientheke eines gewöhnlichen großen Rostocker Supermarkts; reguläres Sortiment Filialverfügbarkeit; die präzise tierische Produktform"	""	"TOBIAS_ROSTOCK_PROFILE"	"PROPOSED_FOR_HUMAN_REVIEW"
"CHICKEN_WINGS"	"Hähnchenflügel"	"APPLICABLE"	"Hähnchenflügel mit Haut, Knochen und hohem Kollagenanteil; ganz oder in Gelenkstücke geteilt."	"GENERAL_LOCAL"	"Für „Hähnchenflügel“ wird das Angebot über die Fleischkühlung oder Bedientheke eines gewöhnlichen großen Rostocker Supermarkts kontrolliert."	"EASY"	"Die Beschaffung von „Hähnchenflügel“ über die Fleischkühlung oder Bedientheke eines gewöhnlichen großen Rostocker Supermarkts prüft Tobias in Rostock mit diesem inhaltlichen Maßstab: „Hähnchenflügel mit Haut, Knochen und hohem Kollagenanteil; ganz oder in Gelenkstücke geteilt.“"	"OPTIONAL"	"Hähnchenflügel Hähnchenflügel mit Haut, Knochen und hohem Kollagenanteil; Tobias Rostock Fleisch Wurst exakte Tierart Zuschnitt; Hähnchen; Die Fleischkühlung oder Bedientheke eines gewöhnlichen großen Rostocker Supermarkts; reguläres Sortiment Filialverfügbarkeit; die geforderte ganze oder körnige Form"	""	"TOBIAS_ROSTOCK_PROFILE"	"PROPOSED_FOR_HUMAN_REVIEW"
"CHICKPEA_FLOUR"	"Kichererbsenmehl"	"APPLICABLE"	"Fein gemahlene trockene Kichererbsen mit nussigem Geschmack und guter Bindewirkung; nicht Weizenmehl."	"GENERAL_BROAD"	"Für „Kichererbsenmehl“ wird das Angebot über gut sortierte Vollsortimenter und etablierte deutsche Bio- oder Trockenwarenhändler kontrolliert."	"PLANNED"	"Für „Kichererbsenmehl“ kontrolliert Tobias den Rostocker Bezug über gut sortierte Vollsortimenter und etablierte deutsche Bio- oder Trockenwarenhändler mit diesem inhaltlichen Maßstab: „Fein gemahlene trockene Kichererbsen mit nussigem Geschmack und guter Bindewirkung; nicht Weizenmehl.“"	"OPTIONAL"	"Kichererbsenmehl Fein gemahlene trockene Kichererbsen mit nussigem Geschmack und guter…; Tobias Rostock Hülsenfrucht getrocknet vorgegart Sorte; Kichererbsen / Mehl; gut sortierte Vollsortimenter und etablierte deutsche Bio- oder Trockenwarenhändler; gezielter Einkauf Deutschland Wochenvorlauf; die gemahlene oder pulverisierte Form"	""	"TOBIAS_ROSTOCK_PROFILE"	"PROPOSED_FOR_HUMAN_REVIEW"
"CHICKPEAS"	"Kichererbsen"	"APPLICABLE"	"Kichererbsen mit nussigem Geschmack und mehlig-cremiger Textur; getrocknet oder vorgegart verwendbar."	"GENERAL_LOCAL"	"Tobias prüft „Kichererbsen“ in Rostock über das Hülsenfrucht-, Konserven- oder Trockensortiment eines gewöhnlichen großen Rostocker Supermarkts."	"EASY"	"Über das Hülsenfrucht-, Konserven- oder Trockensortiment eines gewöhnlichen großen Rostocker Supermarkts prüft Tobias in Rostock „Kichererbsen“, wobei folgende Abgrenzung gilt: „Kichererbsen mit nussigem Geschmack und mehlig-cremiger Textur; getrocknet oder vorgegart verwendbar.“"	"OPTIONAL"	"Kichererbsen Kichererbsen mit nussigem Geschmack und mehlig-cremiger Textur; Tobias Rostock Hülsenfrucht getrocknet vorgegart Sorte; Hülsenfrüchte; Das Hülsenfrucht-, Konserven- oder Trockensortiment eines gewöhnlichen großen Rostocker Supermarkts; reguläres Sortiment Filialverfügbarkeit; die getrocknete Produktform"	""	"TOBIAS_ROSTOCK_PROFILE"	"PROPOSED_FOR_HUMAN_REVIEW"
"CHICORY"	"Chicorée"	"APPLICABLE"	"Chicorée als kompakter, blass getriebener Blattsalat mit charakteristischer Bitterkeit; roh und gegart verwendbar."	"GENERAL_LOCAL"	"Der konkrete Bezug von „Chicorée“ läuft über die Gemüseabteilung eines gewöhnlichen großen Rostocker Supermarkts."	"EASY"	"Das Angebot zu „Chicorée“ über die Gemüseabteilung eines gewöhnlichen großen Rostocker Supermarkts kontrolliert Tobias in Rostock mit diesem inhaltlichen Maßstab: „Chicorée als kompakter, blass getriebener Blattsalat mit charakteristischer Bitterkeit; roh und gegart verwendbar.“"	"OPTIONAL"	"Chicorée Chicorée als kompakter, blass getriebener Blattsalat mit charakteristischer…; Tobias Rostock Gemüse frisch TK genaue Sorte; Blattsalat; Die Gemüseabteilung eines gewöhnlichen großen Rostocker Supermarkts; reguläres Sortiment Filialverfügbarkeit; die exakt festgelegte Darreichung"	""	"TOBIAS_ROSTOCK_PROFILE"	"PROPOSED_FOR_HUMAN_REVIEW"
"CHILI"	"frische Chili"	"APPLICABLE"	"Frische Chili als Fruchtgemüse; trockene, pulverisierte und eingelegte Formen sind damit nicht gemeint."	"GENERAL_LOCAL"	"Tobias sucht „frische Chili“ in Rostock über die Gemüseabteilung eines gewöhnlichen großen Rostocker Supermarkts gesucht."	"EASY"	"Tobias nutzt in Rostock die Gemüseabteilung eines gewöhnlichen großen Rostocker Supermarkts für „frische Chili“ mit diesem inhaltlichen Maßstab: „Frische Chili als Fruchtgemüse; trockene, pulverisierte und eingelegte Formen sind damit nicht gemeint.“"	"OPTIONAL"	"frische Chili Frische Chili als Fruchtgemüse; trockene, pulverisierte und eingelegte Formen…; Tobias Rostock Gemüse frisch TK genaue Sorte; Fruchtgemüse; Die Gemüseabteilung eines gewöhnlichen großen Rostocker Supermarkts; reguläres Sortiment Filialverfügbarkeit; die verlangte frische Form"	""	"TOBIAS_ROSTOCK_PROFILE|FORM_SENSITIVE"	"PROPOSED_FOR_HUMAN_REVIEW"
"CHILI_CONDIMENTS"	"Chilisauce oder -paste"	"APPLICABLE"	"Offene Vorgabe für verzehrfertige Chilisaucen oder -pasten; Stil, Fermentation und Schärfe bleiben wählbar."	"GENERAL_LOCAL"	"Tobias sucht „Chilisauce oder -paste“ in Rostock über das Saucen-, Essig- oder Feinkostregal eines gewöhnlichen großen Rostocker Supermarkts gesucht."	"EASY"	"Tobias nutzt in Rostock das Saucen-, Essig- oder Feinkostregal eines gewöhnlichen großen Rostocker Supermarkts für „Chilisauce oder -paste“, wobei folgende Abgrenzung gilt: „Offene Vorgabe für verzehrfertige Chilisaucen oder -pasten; Stil, Fermentation und Schärfe bleiben wählbar.“"	"OPTIONAL"	"Chilisauce oder -paste Offene Vorgabe für verzehrfertige Chilisaucen oder -pasten; Tobias Rostock Würzsauce Paste Essig exakte Sorte; fertige Sauce oder Würzpaste; Das Saucen-, Essig- oder Feinkostregal eines gewöhnlichen großen Rostocker Supermarkts; reguläres Sortiment Filialverfügbarkeit; die exakt festgelegte Darreichung"	""	"TOBIAS_ROSTOCK_PROFILE"	"PROPOSED_FOR_HUMAN_REVIEW"
"CHILI_CRISP"	"Chili-Crisp"	"APPLICABLE"	"Ölbasierte Chiliwürze mit knusprigen Chili-, Zwiebel- oder Gewürzbestandteilen; nicht bloß Chiliöl."	"GENERAL_BROAD"	"Tobias prüft „Chili-Crisp“ in Rostock über gut sortierte Vollsortimenter und etablierte deutsche Feinkost- oder Würzsaucenhändler."	"PLANNED"	"Über gut sortierte Vollsortimenter und etablierte deutsche Feinkost- oder Würzsaucenhändler prüft Tobias in Rostock „Chili-Crisp“, wobei folgende Abgrenzung gilt: „Ölbasierte Chiliwürze mit knusprigen Chili-, Zwiebel- oder Gewürzbestandteilen; nicht bloß Chiliöl.“"	"OPTIONAL"	"Chili-Crisp Ölbasierte Chiliwürze mit knusprigen Chili-, Zwiebel- oder Gewürzbestandteilen; Tobias Rostock Würzsauce Paste Essig exakte Sorte; Chilisauce oder -paste; gut sortierte Vollsortimenter und etablierte deutsche Feinkost- oder Würzsaucenhändler; gezielter Einkauf Deutschland Wochenvorlauf; die exakt festgelegte Darreichung"	""	"TOBIAS_ROSTOCK_PROFILE"	"PROPOSED_FOR_HUMAN_REVIEW"
"CHILI_FLAKES"	"Chiliflocken"	"APPLICABLE"	"Getrocknete Chiliflocken mit variabler Sorte, Schärfe und regionaler Würzung; nicht fein gemahlenes Chilipulver."	"GENERAL_LOCAL"	"Für „Chiliflocken“ wird das Angebot über das Gewürz- oder Backregal eines gewöhnlichen großen Rostocker Supermarkts kontrolliert."	"EASY"	"Beim Rostocker Einkauf setzt Tobias für „Chiliflocken“ auf das Gewürz- oder Backregal eines gewöhnlichen großen Rostocker Supermarkts, wobei folgende Abgrenzung gilt: „Getrocknete Chiliflocken mit variabler Sorte, Schärfe und regionaler Würzung; nicht fein gemahlenes Chilipulver.“"	"OPTIONAL"	"Chiliflocken Getrocknete Chiliflocken mit variabler Sorte, Schärfe und regionaler Würzung; Tobias Rostock Gewürz ganze gemahlene getrocknete Form; getrocknete Chili; Das Gewürz- oder Backregal eines gewöhnlichen großen Rostocker Supermarkts; reguläres Sortiment Filialverfügbarkeit; die getrocknete Produktform"	""	"TOBIAS_ROSTOCK_PROFILE"	"PROPOSED_FOR_HUMAN_REVIEW"
"CHILI_OIL"	"Chiliöl"	"APPLICABLE"	"Mit Chili aromatisiertes Speiseöl, klar oder mit Sediment; nicht automatisch knuspriges Chili-Crisp."	"GENERAL_BROAD"	"Für „Chiliöl“ führt der Rostocker Marktweg über gut sortierte Vollsortimenter und etablierte deutsche Feinkost- oder Würzsaucenhändler."	"PLANNED"	"Den Weg über gut sortierte Vollsortimenter und etablierte deutsche Feinkost- oder Würzsaucenhändler nutzt Tobias in Rostock für „Chiliöl“, wobei folgende Abgrenzung gilt: „Mit Chili aromatisiertes Speiseöl, klar oder mit Sediment; nicht automatisch knuspriges Chili-Crisp.“"	"OPTIONAL"	"Chiliöl Mit Chili aromatisiertes Speiseöl, klar oder mit Sediment; Tobias Rostock Würzsauce Paste Essig exakte Sorte; Chilisauce oder -paste / Speiseöl; gut sortierte Vollsortimenter und etablierte deutsche Feinkost- oder Würzsaucenhändler; gezielter Einkauf Deutschland Wochenvorlauf; die exakt festgelegte Darreichung"	""	"TOBIAS_ROSTOCK_PROFILE|RATING_RECONCILED_V2"	"PROPOSED_FOR_HUMAN_REVIEW"
"CHILI_POWDER"	"Chilipulver"	"APPLICABLE"	"Reines oder sortentypisches Chilipulver; keine zusammengesetzte Gewürzmischung."	"GENERAL_LOCAL"	"Der konkrete Bezug von „Chilipulver“ läuft über das Gewürz- oder Backregal eines gewöhnlichen großen Rostocker Supermarkts."	"EASY"	"Das Angebot zu „Chilipulver“ über das Gewürz- oder Backregal eines gewöhnlichen großen Rostocker Supermarkts kontrolliert Tobias in Rostock, wobei folgende Abgrenzung gilt: „Reines oder sortentypisches Chilipulver; keine zusammengesetzte Gewürzmischung.“"	"OPTIONAL"	"Chilipulver Reines oder sortentypisches Chilipulver; keine zusammengesetzte Gewürzmischung; Tobias Rostock Gewürz ganze gemahlene getrocknete Form; getrocknete Chili; Das Gewürz- oder Backregal eines gewöhnlichen großen Rostocker Supermarkts; reguläres Sortiment Filialverfügbarkeit; die gemahlene oder pulverisierte Form"	""	"TOBIAS_ROSTOCK_PROFILE"	"PROPOSED_FOR_HUMAN_REVIEW"
"CHIPOTLE"	"Chipotle"	"APPLICABLE"	"Geräucherte und getrocknete reife Jalapeño mit mittlerer Schärfe; ganz, gemahlen oder in schlichter Adobo-Konserve verwendbar."	"GENERAL_BROAD"	"Für „Chipotle“ führt der Rostocker Marktweg über gut sortierte Vollsortimenter und etablierte deutsche Gewürzhändler."	"PLANNED"	"Den Weg über gut sortierte Vollsortimenter und etablierte deutsche Gewürzhändler nutzt Tobias in Rostock für „Chipotle“, wobei folgende Abgrenzung gilt: „Geräucherte und getrocknete reife Jalapeño mit mittlerer Schärfe; ganz, gemahlen oder in schlichter Adobo-Konserve verwendbar.“"	"OPTIONAL"	"Chipotle Geräucherte und getrocknete reife Jalapeño mit mittlerer Schärfe; Tobias Rostock Gewürz ganze gemahlene getrocknete Form; getrocknete Chili; gut sortierte Vollsortimenter und etablierte deutsche Gewürzhändler; gezielter Einkauf Deutschland Wochenvorlauf; die getrocknete Produktform"	""	"TOBIAS_ROSTOCK_PROFILE"	"PROPOSED_FOR_HUMAN_REVIEW"
"CHIVES"	"Schnittlauch"	"APPLICABLE"	"Feine hohle Schnittlauchröhrchen mit mildem Zwiebelaroma; nicht Knoblauch-Schnittlauch."	"GENERAL_LOCAL"	"Für „Schnittlauch“ führt der Rostocker Marktweg über die Kräuterkühlung der Obst- und Gemüseabteilung eines gewöhnlichen großen Rostocker Supermarkts."	"EASY"	"Den Weg über die Kräuterkühlung der Obst- und Gemüseabteilung eines gewöhnlichen großen Rostocker Supermarkts nutzt Tobias in Rostock für „Schnittlauch“, wobei folgende Abgrenzung gilt: „Feine hohle Schnittlauchröhrchen mit mildem Zwiebelaroma; nicht Knoblauch-Schnittlauch.“"	"OPTIONAL"	"Schnittlauch Feine hohle Schnittlauchröhrchen mit mildem Zwiebelaroma; Tobias Rostock frische Kräuter Bund Topf genaue Art; Lauch- und Zwiebelgemüse / Kräuter und Würzblätter; Die Kräuterkühlung der Obst- und Gemüseabteilung eines gewöhnlichen großen Rostocker Supermarkts; reguläres Sortiment Filialverfügbarkeit; die exakt festgelegte Darreichung"	""	"TOBIAS_ROSTOCK_PROFILE"	"PROPOSED_FOR_HUMAN_REVIEW"
"CHOCOLATE"	"Schokolade"	"APPLICABLE"	"Offene Schokoladenfamilie für dunkle, Milch- und weiße Schokolade; Kakaopulver ist nicht umfasst."	"GENERAL_LOCAL"	"Für „Schokolade“ wird das Angebot über das Back-, Süßwaren- oder Brotregal eines gewöhnlichen großen Rostocker Supermarkts kontrolliert."	"EASY"	"Beim Rostocker Einkauf setzt Tobias für „Schokolade“ auf das Back-, Süßwaren- oder Brotregal eines gewöhnlichen großen Rostocker Supermarkts, wobei folgende Abgrenzung gilt: „Offene Schokoladenfamilie für dunkle, Milch- und weiße Schokolade; Kakaopulver ist nicht umfasst.“"	"OPTIONAL"	"Schokolade Offene Schokoladenfamilie für dunkle, Milch- und weiße Schokolade; Tobias Rostock Backware Süßungsmittel exakte Form; Kakao oder Schokolade / Süßware; Das Back-, Süßwaren- oder Brotregal eines gewöhnlichen großen Rostocker Supermarkts; reguläres Sortiment Filialverfügbarkeit; die gemahlene oder pulverisierte Form"	""	"TOBIAS_ROSTOCK_PROFILE"	"PROPOSED_FOR_HUMAN_REVIEW"
"CHOCOLATE_HAGELSLAG"	"Schoko-Hagelslag"	"APPLICABLE"	"Niederländische Schokoladenstreusel insbesondere als Brotbelag; nicht beliebige Backdekoration und nicht Frucht-, Anis- oder andere Hagelslag-Varianten."	"GENERAL_BROAD"	"Für „Schoko-Hagelslag“ führt der Rostocker Marktweg über gut sortierte Vollsortimenter und etablierte deutsche Back- oder Süßwarenhändler."	"PLANNED"	"Den Weg über gut sortierte Vollsortimenter und etablierte deutsche Back- oder Süßwarenhändler nutzt Tobias in Rostock für „Schoko-Hagelslag“, wobei folgende Abgrenzung gilt: „Niederländische Schokoladenstreusel insbesondere als Brotbelag; nicht beliebige Backdekoration und nicht Frucht-, Anis- oder andere Hagelslag-Varianten.“"	"OPTIONAL"	"Schoko-Hagelslag Niederländische Schokoladenstreusel insbesondere als Brotbelag; Tobias Rostock Backware Süßungsmittel exakte Form; Schokolade; gut sortierte Vollsortimenter und etablierte deutsche Back- oder Süßwarenhändler; gezielter Einkauf Deutschland Wochenvorlauf; die exakt festgelegte Darreichung"	""	"TOBIAS_ROSTOCK_PROFILE"	"PROPOSED_FOR_HUMAN_REVIEW"
"CHORIZO"	"Chorizo"	"APPLICABLE"	"Kräftig gewürzte Wurst der Chorizo-Familie; frische mexikanische und gereifte iberische Formen sind mögliche Ausprägungen."	"GENERAL_LOCAL"	"Chorizo: Die gereifte spanische Chorizo Picant im REWE-Wurstsortiment ergänzt die bereits belegten regulären Einkaufswege. der Bestand am gewählten Rostocker Standort bleibt vor dem Einkauf zu prüfen."	"EASY"	"Die Beschaffung von Tobias am Standort Rostock: Bei Chorizo bleibt der Alltagspfad auf eine klar bezeichnete Wurst der Chorizo-Familie begrenzt; die ElPozo-Packung belegt zusätzlich die gereifte iberische Ausprägung."	"OPTIONAL"	"Chorizo Picant gereift spanisch REWE ElPozo Wurstsortiment; Tobias Rostock konkrete Produktseite Bestand Logistik 2026-09-04"	"AV2N-A-0043"	"TOBIAS_ROSTOCK_PROFILE|FORM_SENSITIVE"	"PROPOSED_FOR_HUMAN_REVIEW"
"CIDER"	"Cider"	"APPLICABLE"	"Vergorener Apfelwein, still oder perlend und trocken bis süß; nicht Apfelsaft oder Apfelessig."	"GENERAL_BROAD"	"Cider: Das REWE-Kettenlisting Kelterei Heil Bio Apfel Cidre weist vergorenen Apfelwein mit 4,5 Prozent Alkohol aus; Tobias kann die konkrete Rostocker Standortverfügbarkeit im Getränkesortiment vorab prüfen."	"PLANNED"	"Für Tobias ist Cider über den REWE-Artikel Kelterei Heil Bio Apfel Cidre planbar, sobald der Bestand am gewählten Rostocker Standort bestätigt ist — die ausgewiesene Apfelweinbasis trifft die vergorene Form, Apfelsaft und Apfelessig dagegen nicht."	"OPTIONAL"	"Kelterei Heil Bio Apfel Cidre trocken | REWE Apfelwein Cider | Rostock Standort Bestand"	"AV2N-A-0044"	"TOBIAS_ROSTOCK_PROFILE|RATING_RECONCILED_V2"	"PROPOSED_FOR_HUMAN_REVIEW"
"CILANTRO"	"Koriandergrün"	"APPLICABLE"	"Frisches Blattgrün des Korianders mit markant zitrisch-würzigem Aroma; nicht Koriandersaat."	"GENERAL_LOCAL"	"Die Beschaffung von „Koriandergrün“ erfolgt in Rostock über die Kräuterkühlung der Obst- und Gemüseabteilung eines gewöhnlichen großen Rostocker Supermarkts."	"EASY"	"Für „Koriandergrün“ kontrolliert Tobias den Rostocker Bezug über die Kräuterkühlung der Obst- und Gemüseabteilung eines gewöhnlichen großen Rostocker Supermarkts, wobei folgende Abgrenzung gilt: „Frisches Blattgrün des Korianders mit markant zitrisch-würzigem Aroma; nicht Koriandersaat.“"	"OPTIONAL"	"Koriandergrün Frisches Blattgrün des Korianders mit markant zitrisch-würzigem Aroma; Tobias Rostock frische Kräuter Bund Topf genaue Art; Kräuter und Würzblätter; Die Kräuterkühlung der Obst- und Gemüseabteilung eines gewöhnlichen großen Rostocker Supermarkts; reguläres Sortiment Filialverfügbarkeit; die verlangte frische Form"	""	"TOBIAS_ROSTOCK_PROFILE|FORM_SENSITIVE"	"PROPOSED_FOR_HUMAN_REVIEW"
"CINNAMON"	"Zimt"	"APPLICABLE"	"Getrocknete Zimtrinde als Stange oder gemahlen; Ceylon- und Cassia-Typen sind umfasst."	"GENERAL_LOCAL"	"Tobias sucht „Zimt“ in Rostock über das Gewürz- oder Backregal eines gewöhnlichen großen Rostocker Supermarkts gesucht."	"EASY"	"Tobias nutzt in Rostock das Gewürz- oder Backregal eines gewöhnlichen großen Rostocker Supermarkts für „Zimt“, wobei folgende Abgrenzung gilt: „Getrocknete Zimtrinde als Stange oder gemahlen; Ceylon- und Cassia-Typen sind umfasst.“"	"OPTIONAL"	"Zimt Getrocknete Zimtrinde als Stange oder gemahlen; Tobias Rostock Gewürz ganze gemahlene getrocknete Form; Gewürz oder trockenes Würzmittel; Das Gewürz- oder Backregal eines gewöhnlichen großen Rostocker Supermarkts; reguläres Sortiment Filialverfügbarkeit; die getrocknete Produktform"	""	"TOBIAS_ROSTOCK_PROFILE"	"PROPOSED_FOR_HUMAN_REVIEW"
"CITRUS_FRUIT"	"Zitrusfrucht"	"APPLICABLE"	"Offene Vorgabe für Zitrusfrüchte; Saft, Fruchtfleisch und unbehandelte Schale können je nach Wahl genutzt werden."	"GENERAL_LOCAL"	"Für „Zitrusfrucht“ wird das Angebot über die Obstabteilung eines gewöhnlichen großen Rostocker Supermarkts kontrolliert."	"EASY"	"Beim Rostocker Einkauf setzt Tobias für „Zitrusfrucht“ auf die Obstabteilung eines gewöhnlichen großen Rostocker Supermarkts, wobei folgende Abgrenzung gilt: „Offene Vorgabe für Zitrusfrüchte; Saft, Fruchtfleisch und unbehandelte Schale können je nach Wahl genutzt werden.“"	"OPTIONAL"	"Zitrusfrucht Offene Vorgabe für Zitrusfrüchte; Saft, Fruchtfleisch und unbehandelte Schale…; Tobias Rostock Obst frisch TK genaue Sorte; Obst; Die Obstabteilung eines gewöhnlichen großen Rostocker Supermarkts; reguläres Sortiment Filialverfügbarkeit; die exakt festgelegte Darreichung"	""	"TOBIAS_ROSTOCK_PROFILE"	"PROPOSED_FOR_HUMAN_REVIEW"
"CLAMS"	"Venusmuscheln"	"APPLICABLE"	"Venusmuscheln beziehungsweise vergleichbare kleine essbare Muscheln; frisch, tiefgekühlt oder ausgelöst verwendbar."	"GENERAL_BROAD"	"Deutsche See – frische Venusmuscheln belegt: Deutsche See führt frische, von Hand gesammelte Venusmuscheln mit 50 bis 60 Tieren je Korb aktuell verfügbar und liefert sie gekühlt zum Wunschtermin. Der Bezug erfolgt über Deutschland und Österreich; gekühlte GO!-Express-Lieferung zum Wunschtermin; maßgeblich ist CHILLED_SHIPPING. Der Nachweis gilt für lebende frische Venusmuscheln; Tagesbestand und kurze Haltbarkeit müssen unmittelbar vor dem Termin kontrolliert werden."	"PLANNED"	"Die Rostocker Beschaffung für Tobias beginnt mit dem formgenauen Nachweis: Deutsche See führt frische, von Hand gesammelte Venusmuscheln mit 50 bis 60 Tieren je Korb aktuell verfügbar und liefert sie gekühlt zum Wunschtermin. Der Nachweis gilt für lebende frische Venusmuscheln; Tagesbestand und kurze Haltbarkeit müssen unmittelbar vor dem Termin kontrolliert werden."	"REQUIRED"	"Venusmuscheln frisch Deutsche See verfügbar gekühlte Wunschlieferung Bornheim Rostock | Tobias Rostock | Deutsche See – frische Venusmuscheln | IN_STOCK CHILLED_SHIPPING"	"AV2N-A-0045"	"TOBIAS_ROSTOCK_PROFILE|FORM_SENSITIVE|RESEARCH_REQUIRED"	"PROPOSED_FOR_HUMAN_REVIEW"
"CLOUDBERRY"	"Moltebeere"	"APPLICABLE"	"Moltebeeren (Rubus chamaemorus), frisch oder ungesüßt tiefgekühlt. Nicht gesüßte Moltebeerkonfitüre, Likör oder lediglich Moltebeer-Aroma."	"NICHE_IMPORT"	"Tobias prüft „Moltebeere“ in Rostock über Schweden-Markt – Beeren tiefgekühlt, wobei die Evidenz eine vor dem Einkauf erneut zu prüfende Verfügbarkeit und Tiefkühlversand ausweist."	"DIFFICULT"	"Über Schweden-Markt – Beeren tiefgekühlt (Evidenzstand: eine vor dem Einkauf erneut zu prüfende Verfügbarkeit und Tiefkühlversand) prüft Tobias in Rostock „Moltebeere“, wobei folgende Abgrenzung gilt: „Moltebeeren (Rubus chamaemorus), frisch oder ungesüßt tiefgekühlt. Nicht gesüßte Moltebeerkonfitüre, Likör oder lediglich Moltebeer-Aroma.“"	"REQUIRED"	"Moltebeere Moltebeeren (Rubus chamaemorus), frisch oder ungesüßt tiefgekühlt; Tobias Rostock Obst frisch TK genaue Sorte; Beeren; Schweden-Markt – Beeren tiefgekühlt; Bestand Produktform Versandlogistik; die zugelassene Frisch- oder Tiefkühlform"	"AV2N-A-0046"	"TOBIAS_ROSTOCK_PROFILE|FORM_OR_LOGISTICS_RISK|FORM_SENSITIVE|RESEARCH_REQUIRED"	"PROPOSED_FOR_HUMAN_REVIEW"
"CLOUDBERRY_PRESERVES"	"Moltebeerkonfitüre/-kompott"	"APPLICABLE"	"Gesüßte Moltebeerzubereitung wie Konfitüre, Kompott oder vergleichbarer Fruchtaufstrich. Nicht bloßes Moltebeer-Aroma oder Moltebeerlikör."	"NICHE_IMPORT"	"Tobias prüft „Moltebeerkonfitüre/-kompott“ in Rostock über Arctic Delice – Berry Products, wobei die Evidenz beim Abruf verfügbaren Bestand und Standardversand ausweist."	"DIFFICULT"	"Über Arctic Delice – Berry Products (Evidenzstand: beim Abruf verfügbaren Bestand und Standardversand) prüft Tobias in Rostock „Moltebeerkonfitüre/-kompott“, wobei folgende Abgrenzung gilt: „Gesüßte Moltebeerzubereitung wie Konfitüre, Kompott oder vergleichbarer Fruchtaufstrich. Nicht bloßes Moltebeer-Aroma oder Moltebeerlikör.“"	"REQUIRED"	"Moltebeerkonfitüre/-kompott Gesüßte Moltebeerzubereitung wie Konfitüre, Kompott oder vergleichbarer…; Tobias Rostock Sauergemüse Konserve Ferment exakte Form; Moltebeere / konservierte pflanzliche Zutat; Arctic Delice – Berry Products; Bestand Produktform Versandlogistik; die exakt festgelegte Darreichung"	"AV2N-A-0047"	"TOBIAS_ROSTOCK_PROFILE|FORM_OR_LOGISTICS_RISK|RESEARCH_REQUIRED"	"PROPOSED_FOR_HUMAN_REVIEW"
"CLOVES"	"Gewürznelken"	"APPLICABLE"	"Getrocknete Blütenknospen mit sehr intensivem warm-süßlichem Aroma; ganz oder gemahlen sparsam verwenden."	"GENERAL_LOCAL"	"Die Rostocker Warenprüfung für „Gewürznelken“ erfolgt über das Gewürz- oder Backregal eines gewöhnlichen großen Rostocker Supermarkts."	"EASY"	"Tobias organisiert über das Gewürz- oder Backregal eines gewöhnlichen großen Rostocker Supermarkts die Rostocker Prüfung von „Gewürznelken“, wobei folgende Abgrenzung gilt: „Getrocknete Blütenknospen mit sehr intensivem warm-süßlichem Aroma; ganz oder gemahlen sparsam verwenden.“"	"OPTIONAL"	"Gewürznelken Getrocknete Blütenknospen mit sehr intensivem warm-süßlichem Aroma; Tobias Rostock Gewürz ganze gemahlene getrocknete Form; Gewürz oder trockenes Würzmittel; Das Gewürz- oder Backregal eines gewöhnlichen großen Rostocker Supermarkts; reguläres Sortiment Filialverfügbarkeit; die getrocknete Produktform"	""	"TOBIAS_ROSTOCK_PROFILE"	"PROPOSED_FOR_HUMAN_REVIEW"
"COCKLES"	"Herzmuscheln"	"APPLICABLE"	"Essbare Herzmuscheln (Cockles), frisch, tiefgekühlt oder naturbelassen konserviert; nicht Venusmuscheln, Miesmuscheln oder Jakobsmuscheln."	"NICHE_IMPORT"	"Tobias prüft „Herzmuscheln“ in Rostock über Deutsche See, wobei die Evidenz keinen aktuellen formgenauen Treffer und Kühlversand ausweist."	"DIFFICULT"	"Über Deutsche See (Evidenzstand: keinen aktuellen formgenauen Treffer und Kühlversand) prüft Tobias in Rostock „Herzmuscheln“, wobei folgende Abgrenzung gilt: „Essbare Herzmuscheln (Cockles), frisch, tiefgekühlt oder naturbelassen konserviert; nicht Venusmuscheln, Miesmuscheln oder Jakobsmuscheln.“"	"REQUIRED"	"Herzmuscheln Essbare Herzmuscheln (Cockles), frisch, tiefgekühlt oder naturbelassen…; Tobias Rostock Fisch Seafood Frische TK genauer Zuschnitt; Muscheln; Deutsche See; Bestand Produktform Versandlogistik; die verlangte frische Form"	"AV2N-A-0048"	"TOBIAS_ROSTOCK_PROFILE|FORM_OR_LOGISTICS_RISK|FORM_SENSITIVE|RESEARCH_REQUIRED"	"PROPOSED_FOR_HUMAN_REVIEW"
"COCOA_POWDER"	"Kakaopulver"	"APPLICABLE"	"Entfettetes oder teilentfettetes Kakaopulver, ungesüßt und zum Backen oder Würzen geeignet; kein kakaohaltiges Getränkepulver."	"GENERAL_LOCAL"	"Der konkrete Bezug von „Kakaopulver“ läuft über das Back-, Süßwaren- oder Brotregal eines gewöhnlichen großen Rostocker Supermarkts."	"EASY"	"Das Angebot zu „Kakaopulver“ über das Back-, Süßwaren- oder Brotregal eines gewöhnlichen großen Rostocker Supermarkts kontrolliert Tobias in Rostock, wobei folgende Abgrenzung gilt: „Entfettetes oder teilentfettetes Kakaopulver, ungesüßt und zum Backen oder Würzen geeignet; kein kakaohaltiges Getränkepulver.“"	"OPTIONAL"	"Kakaopulver Entfettetes oder teilentfettetes Kakaopulver, ungesüßt und zum Backen oder…; Tobias Rostock Backware Süßungsmittel exakte Form; Kakao oder Schokolade; Das Back-, Süßwaren- oder Brotregal eines gewöhnlichen großen Rostocker Supermarkts; reguläres Sortiment Filialverfügbarkeit; die gemahlene oder pulverisierte Form"	""	"TOBIAS_ROSTOCK_PROFILE"	"PROPOSED_FOR_HUMAN_REVIEW"
"COCOA_PRODUCTS"	"Kakao oder Schokolade"	"APPLICABLE"	"Offene Familie für Kakaoerzeugnisse von Kakaopulver bis Schokoladenprodukten; konkrete Form und Süße bleiben offen."	"GENERAL_LOCAL"	"Kakao oder Schokolade: Gewöhnliche große Rostocker Supermärkte führen die offene Familie aus Kakaopulver und Schokoladenprodukten regulär im Back- und Süßwarenregal; Form und Süße werden erst durch das jeweilige Rezept festgelegt."	"EASY"	"Für Tobias in Rostock decken normale Back- und Süßwarenregale sowohl Kakaopulver als auch Schokoladenprodukte ab; weil die Konzeptform bewusst offen ist, darf die Prüfung weder auf Pulver noch auf eine bestimmte Süße verengt werden."	"OPTIONAL"	"Kakao oder Schokolade Offene Familie für Kakaoerzeugnisse von Kakaopulver bis Schokoladenprodukten; Tobias Rostock Backware Süßungsmittel exakte Form; Süßungsmittel und Backwaren; Das Back-, Süßwaren- oder Brotregal eines gewöhnlichen großen Rostocker Supermarkts; reguläres Sortiment Filialverfügbarkeit; die gemahlene oder pulverisierte Form"	""	"TOBIAS_ROSTOCK_PROFILE"	"PROPOSED_FOR_HUMAN_REVIEW"
"COCONUT"	"Kokosnuss"	"APPLICABLE"	"Kokosnuss beziehungsweise frisches Kokosfleisch; Kokosmilch, -wasser und -öl sind getrennte Produktformen."	"GENERAL_BROAD"	"Für „Kokosnuss“ führt der Rostocker Marktweg über gut sortierte Vollsortimenter und etablierte deutsche Frucht- oder Frischehändler."	"PLANNED"	"Den Weg über gut sortierte Vollsortimenter und etablierte deutsche Frucht- oder Frischehändler nutzt Tobias in Rostock für „Kokosnuss“, wobei folgende Abgrenzung gilt: „Kokosnuss beziehungsweise frisches Kokosfleisch; Kokosmilch, -wasser und -öl sind getrennte Produktformen.“"	"OPTIONAL"	"Kokosnuss Kokosnuss beziehungsweise frisches Kokosfleisch; Tobias Rostock Obst frisch TK genaue Sorte; Kokoszutat / Tropenfrucht; gut sortierte Vollsortimenter und etablierte deutsche Frucht- oder Frischehändler; gezielter Einkauf Deutschland Wochenvorlauf; die verlangte frische Form"	""	"TOBIAS_ROSTOCK_PROFILE|FORM_SENSITIVE"	"PROPOSED_FOR_HUMAN_REVIEW"
"COCONUT_CREAM"	"Kokoscreme"	"APPLICABLE"	"Dickflüssige, fettreiche Kokosextraktion mit höherem Fettanteil als Kokosmilch; nicht gesüßte Cream of Coconut."	"GENERAL_BROAD"	"Tobias prüft „Kokoscreme“ in Rostock über gut sortierte Vollsortimenter und etablierte deutsche Händler für Kokosprodukte."	"PLANNED"	"Über gut sortierte Vollsortimenter und etablierte deutsche Händler für Kokosprodukte prüft Tobias in Rostock „Kokoscreme“, wobei folgende Abgrenzung gilt: „Dickflüssige, fettreiche Kokosextraktion mit höherem Fettanteil als Kokosmilch; nicht gesüßte Cream of Coconut.“"	"OPTIONAL"	"Kokoscreme Dickflüssige, fettreiche Kokosextraktion mit höherem Fettanteil als Kokosmilch; Tobias Rostock Kokosprodukt genaue flüssige feste frische Form; Kokoszutat; gut sortierte Vollsortimenter und etablierte deutsche Händler für Kokosprodukte; gezielter Einkauf Deutschland Wochenvorlauf; die exakt festgelegte Darreichung"	""	"TOBIAS_ROSTOCK_PROFILE|RATING_RECONCILED_V2"	"PROPOSED_FOR_HUMAN_REVIEW"
"COCONUT_FLAKES"	"Kokosraspeln"	"APPLICABLE"	"Getrocknete Kokosraspeln oder -chips, bevorzugt ungesüßt; nicht frisches Kokosfleisch."	"GENERAL_LOCAL"	"Tobias prüft „Kokosraspeln“ in Rostock über das international ausgerichtete Kochzutatenregal eines gewöhnlichen großen Rostocker Supermarkts."	"EASY"	"Über das international ausgerichtete Kochzutatenregal eines gewöhnlichen großen Rostocker Supermarkts prüft Tobias in Rostock „Kokosraspeln“, wobei folgende Abgrenzung gilt: „Getrocknete Kokosraspeln oder -chips, bevorzugt ungesüßt; nicht frisches Kokosfleisch.“"	"OPTIONAL"	"Kokosraspeln Getrocknete Kokosraspeln oder -chips, bevorzugt ungesüßt; Tobias Rostock Kokosprodukt genaue flüssige feste frische Form; Kokoszutat; Das international ausgerichtete Kochzutatenregal eines gewöhnlichen großen Rostocker Supermarkts; reguläres Sortiment Filialverfügbarkeit; die getrocknete Produktform"	""	"TOBIAS_ROSTOCK_PROFILE|FORM_SENSITIVE"	"PROPOSED_FOR_HUMAN_REVIEW"
"COCONUT_MILK"	"Kokosmilch"	"APPLICABLE"	"Weiße Emulsion aus zerkleinertem Kokosfleisch und Wasser; nicht Kokosdrink oder Kokoswasser."	"GENERAL_LOCAL"	"Für „Kokosmilch“ führt der Rostocker Marktweg über das international ausgerichtete Kochzutatenregal eines gewöhnlichen großen Rostocker Supermarkts."	"EASY"	"Den Weg über das international ausgerichtete Kochzutatenregal eines gewöhnlichen großen Rostocker Supermarkts nutzt Tobias in Rostock für „Kokosmilch“, wobei folgende Abgrenzung gilt: „Weiße Emulsion aus zerkleinertem Kokosfleisch und Wasser; nicht Kokosdrink oder Kokoswasser.“"	"OPTIONAL"	"Kokosmilch Weiße Emulsion aus zerkleinertem Kokosfleisch und Wasser; Tobias Rostock Kokosprodukt genaue flüssige feste frische Form; Kokoszutat; Das international ausgerichtete Kochzutatenregal eines gewöhnlichen großen Rostocker Supermarkts; reguläres Sortiment Filialverfügbarkeit; die exakt festgelegte Darreichung"	""	"TOBIAS_ROSTOCK_PROFILE"	"PROPOSED_FOR_HUMAN_REVIEW"
"COCONUT_OIL"	"Kokosöl"	"APPLICABLE"	"Bei Raumtemperatur häufig festes Kokosfett; raffiniert neutral oder nativ kokosaromatisch verwendbar."	"GENERAL_LOCAL"	"Die Beschaffung von „Kokosöl“ erfolgt in Rostock über das international ausgerichtete Kochzutatenregal eines gewöhnlichen großen Rostocker Supermarkts."	"EASY"	"Für „Kokosöl“ kontrolliert Tobias den Rostocker Bezug über das international ausgerichtete Kochzutatenregal eines gewöhnlichen großen Rostocker Supermarkts, wobei folgende Abgrenzung gilt: „Bei Raumtemperatur häufig festes Kokosfett; raffiniert neutral oder nativ kokosaromatisch verwendbar.“"	"OPTIONAL"	"Kokosöl Bei Raumtemperatur häufig festes Kokosfett; Tobias Rostock Kokosprodukt genaue flüssige feste frische Form; Kokoszutat / Speiseöl; Das international ausgerichtete Kochzutatenregal eines gewöhnlichen großen Rostocker Supermarkts; reguläres Sortiment Filialverfügbarkeit; die exakt festgelegte Darreichung"	""	"TOBIAS_ROSTOCK_PROFILE"	"PROPOSED_FOR_HUMAN_REVIEW"
"COCONUT_PRODUCTS"	"Kokoszutat"	"APPLICABLE"	"Offene Familie für Kokosfrucht, Kokoswasser, daraus gewonnene Emulsionen, Fett und weitere verarbeitete Kokosprodukte."	"GENERAL_LOCAL"	"Beim Einkauf von „Kokoszutat“ nutzt Tobias das international ausgerichtete Kochzutatenregal eines gewöhnlichen großen Rostocker Supermarkts."	"EASY"	"Die Beschaffung von „Kokoszutat“ über das international ausgerichtete Kochzutatenregal eines gewöhnlichen großen Rostocker Supermarkts prüft Tobias in Rostock, wobei folgende Abgrenzung gilt: „Offene Familie für Kokosfrucht, Kokoswasser, daraus gewonnene Emulsionen, Fett und weitere verarbeitete Kokosprodukte.“"	"OPTIONAL"	"Kokoszutat Offene Familie für Kokosfrucht, Kokoswasser, daraus gewonnene Emulsionen, Fett…; Tobias Rostock Kokosprodukt genaue flüssige feste frische Form; Kokosprodukte; Das international ausgerichtete Kochzutatenregal eines gewöhnlichen großen Rostocker Supermarkts; reguläres Sortiment Filialverfügbarkeit; die exakt festgelegte Darreichung"	""	"TOBIAS_ROSTOCK_PROFILE"	"PROPOSED_FOR_HUMAN_REVIEW"
"COCONUT_VINEGAR"	"Kokosessig"	"APPLICABLE"	"Offene Kokosessigfamilie für natürlich fermentierten Essig auf Kokoswasser- und/oder Kokospalmensaftbasis. Nicht gewöhnlicher Branntweinessig mit Kokosaroma."	"SPECIALTY_BROAD"	"Tobias prüft „Kokosessig“ in Rostock über Asia4Friends – Saucen und AsiaFoodland – Saucen und Pasten, wobei die Evidenz eine vor dem Einkauf erneut zu prüfende Verfügbarkeit und Standardversand ausweist."	"SPECIALTY"	"Über Asia4Friends – Saucen und AsiaFoodland – Saucen und Pasten (Evidenzstand: eine vor dem Einkauf erneut zu prüfende Verfügbarkeit und Standardversand) prüft Tobias in Rostock „Kokosessig“, wobei folgende Abgrenzung gilt: „Offene Kokosessigfamilie für natürlich fermentierten Essig auf Kokoswasser- und/oder Kokospalmensaftbasis. Nicht gewöhnlicher Branntweinessig mit Kokosaroma.“"	"REQUIRED"	"Kokosessig Offene Kokosessigfamilie für natürlich fermentierten Essig auf Kokoswasser-…; Tobias Rostock Würzsauce Paste Essig exakte Sorte; Kokoszutat / Essig; Asia4Friends – Saucen | AsiaFoodland – Saucen und Pasten; mehrere unabhängige Fachhändler Marktbreite; die exakt festgelegte Darreichung"	"AV2N-A-0049|AV2N-A-0050"	"TOBIAS_ROSTOCK_PROFILE|SPECIALTY_MARKET_BREADTH|RESEARCH_REQUIRED"	"PROPOSED_FOR_HUMAN_REVIEW"
"COCONUT_WATER"	"Kokoswasser"	"APPLICABLE"	"Klare Flüssigkeit aus dem Inneren junger Kokosnüsse; nicht Kokosmilch oder gesüßter Kokosdrink."	"GENERAL_LOCAL"	"Tobias prüft „Kokoswasser“ in Rostock über Saft-, Wasser- oder internationales Getränkeregal gewöhnlicher großer Rostocker Supermärkte."	"EASY"	"Über Saft-, Wasser- oder internationales Getränkeregal gewöhnlicher großer Rostocker Supermärkte prüft Tobias in Rostock „Kokoswasser“, wobei folgende Abgrenzung gilt: „Klare Flüssigkeit aus dem Inneren junger Kokosnüsse; nicht Kokosmilch oder gesüßter Kokosdrink.“"	"OPTIONAL"	"Kokoswasser Klare Flüssigkeit aus dem Inneren junger Kokosnüsse; Tobias Rostock Kokoswasser klare Flüssigkeit Getränkeregal Saft Wasser; Kokoszutat; Saft-, Wasser- oder internationales Getränkeregal gewöhnlicher großer Rostocker Supermärkte; reguläres Sortiment Filialverfügbarkeit; die exakt festgelegte Darreichung"	""	"TOBIAS_ROSTOCK_PROFILE|RATING_RECONCILED_V2"	"PROPOSED_FOR_HUMAN_REVIEW"
"COD"	"Kabeljau"	"APPLICABLE"	"Kabeljau als mildes, blättriges Weißfischfleisch; frisch oder tiefgekühlt, nicht gesalzen und getrocknet."	"GENERAL_LOCAL"	"Tobias prüft „Kabeljau“ in Rostock über die Fischkühlung, Tiefkühltruhe oder Fischtheke eines gewöhnlichen großen Rostocker Supermarkts."	"EASY"	"Über die Fischkühlung, Tiefkühltruhe oder Fischtheke eines gewöhnlichen großen Rostocker Supermarkts prüft Tobias in Rostock „Kabeljau“, wobei folgende Abgrenzung gilt: „Kabeljau als mildes, blättriges Weißfischfleisch; frisch oder tiefgekühlt, nicht gesalzen und getrocknet.“"	"OPTIONAL"	"Kabeljau Kabeljau als mildes, blättriges Weißfischfleisch; Tobias Rostock Fisch Seafood Frische TK genauer Zuschnitt; weißfleischiger Fisch; Die Fischkühlung, Tiefkühltruhe oder Fischtheke eines gewöhnlichen großen Rostocker Supermarkts; reguläres Sortiment Filialverfügbarkeit; die zugelassene Frisch- oder Tiefkühlform"	""	"TOBIAS_ROSTOCK_PROFILE|FORM_SENSITIVE"	"PROPOSED_FOR_HUMAN_REVIEW"
"COFFEE"	"Kaffee"	"APPLICABLE"	"Gebrühter Kaffee oder gemahlene beziehungsweise ganze geröstete Kaffeebohnen als bitter-röstige Kochzutat."	"GENERAL_LOCAL"	"Tobias prüft „Kaffee“ in Rostock über das Kaffee- oder Teeregal eines gewöhnlichen großen Rostocker Supermarkts, wobei die Evidenz die menschliche v2-Freigabe für diesen Weg und eine lokale Standortprüfung ausweist."	"EASY"	"Über das Kaffee- oder Teeregal eines gewöhnlichen großen Rostocker Supermarkts (Evidenzstand: die menschliche v2-Freigabe für diesen Weg und eine lokale Standortprüfung) prüft Tobias in Rostock „Kaffee“, wobei folgende Abgrenzung gilt: „Gebrühter Kaffee oder gemahlene beziehungsweise ganze geröstete Kaffeebohnen als bitter-röstige Kochzutat.“"	"OPTIONAL"	"Kaffee Gebrühter Kaffee oder gemahlene beziehungsweise ganze geröstete Kaffeebohnen…; Tobias Rostock Kaffee Tee genaue Röstung Sorte Form; Kaffee und Tee; Das Kaffee- oder Teeregal eines gewöhnlichen großen Rostocker Supermarkts; reguläres Sortiment Filialverfügbarkeit; die gemahlene oder pulverisierte Form"	"AV2E-008"	"REFERENCE_ANCHOR|TOBIAS_ROSTOCK_PROFILE|REFERENCE_ANCHOR_V2"	"APPROVED_REFERENCE_ANCHOR_V2"
"COGNAC"	"Cognac"	"APPLICABLE"	"Geschützter französischer Weinbrand aus Cognac mit charakteristisch gereiftem Aroma; nicht beliebiger Brandy oder Weinbrand."	"GENERAL_BROAD"	"Geografisch echter Cognac im allgemeinen Spirituosenversand; Conalco listet Landy Cognac XO No. 1 lagernd und deutschlandweit lieferbar."	"PLANNED"	"Für Tobias ist gereifter Cognac über die konkrete Landy-XO-Seite planbar; ein jederzeitiger Rostocker Regalzugriff wird daraus nicht abgeleitet."	"REQUIRED"	"Landy Cognac XO No. 1 Conalco lagernd Deutschland Rostock"	"AV2N-A-0051"	"TOBIAS_ROSTOCK_PROFILE|RESEARCH_REQUIRED"	"PROPOSED_FOR_HUMAN_REVIEW"
"COM_ME"	"Mẻ oder Cơm mẻ"	"APPLICABLE"	"Milchsauer fermentierte vietnamesische Reiswürze mit breiig-cremiger Konsistenz und ausgeprägter, komplexer Säure. Als Säuerungs- und Würzmittel gemeint; nicht Reisessig, Reiswein oder fermentierter süßer Reis."	"NO_REAL_ROUTE"	"Tobias prüft „Mẻ oder Cơm mẻ“ in Rostock über deutsche und europäische Endkundenanbieter mit formgenauer Ware, wobei die Evidenz die menschliche v2-Freigabe für diesen Weg und Importbeschränkungen ausweist."	"UNAVAILABLE"	"Über deutsche und europäische Endkundenanbieter mit formgenauer Ware (Evidenzstand: die menschliche v2-Freigabe für diesen Weg und Importbeschränkungen) prüft Tobias in Rostock „Mẻ oder Cơm mẻ“, wobei folgende Abgrenzung gilt: „Milchsauer fermentierte vietnamesische Reiswürze mit breiig-cremiger Konsistenz und ausgeprägter, komplexer Säure. Als Säuerungs- und Würzmittel gemeint; nicht Reisessig, Reiswein oder fermentierter süßer Reis.“"	"REQUIRED"	"Mẻ oder Cơm mẻ Milchsauer fermentierte vietnamesische Reiswürze mit breiig-cremiger…; Tobias Rostock Würzsauce Paste Essig exakte Sorte; fermentierte Würzzutat / fertige Sauce oder Würzpaste; deutsche und EU-Endkundenwege exakte Ware; Negativsuche keine Ersatzware; die exakt festgelegte Darreichung"	"AV2E-093"	"REFERENCE_ANCHOR|TOBIAS_ROSTOCK_PROFILE|NEGATIVE_ROUTE_SEARCH|RESEARCH_REQUIRED|REFERENCE_ANCHOR_V2"	"APPROVED_REFERENCE_ANCHOR_V2"
"CONDENSED_MILK"	"gezuckerte Kondensmilch"	"APPLICABLE"	"Stark eingedickte und gezuckerte Kuhmilch mit sirupartiger Konsistenz; nicht ungesüßte Kondensmilch."	"GENERAL_LOCAL"	"Die Beschaffung von „gezuckerte Kondensmilch“ erfolgt in Rostock über die Molkereikühlung eines gewöhnlichen großen Rostocker Supermarkts."	"EASY"	"Für „gezuckerte Kondensmilch“ kontrolliert Tobias den Rostocker Bezug über die Molkereikühlung eines gewöhnlichen großen Rostocker Supermarkts, wobei folgende Abgrenzung gilt: „Stark eingedickte und gezuckerte Kuhmilch mit sirupartiger Konsistenz; nicht ungesüßte Kondensmilch.“"	"OPTIONAL"	"gezuckerte Kondensmilch Stark eingedickte und gezuckerte Kuhmilch mit sirupartiger Konsistenz; Tobias Rostock Milchprodukt genaue Sorte Fettstufe; Milchprodukte / Süßungsmittel; Die Molkereikühlung eines gewöhnlichen großen Rostocker Supermarkts; reguläres Sortiment Filialverfügbarkeit; die präzise gekühlte oder tierische Produktform"	""	"TOBIAS_ROSTOCK_PROFILE"	"PROPOSED_FOR_HUMAN_REVIEW"
"CONFECTIONERY"	"Süßware"	"NOT_APPLICABLE_STRUCTURE"	""	""	""	""	""	""	""	""	""	"APPROVED_NOT_APPLICABLE"
"COOKED_HAM"	"Kochschinken"	"APPLICABLE"	"Gepökelter und gegarter Schinken mit saftiger Textur; nicht luftgetrockneter Rohschinken."	"GENERAL_LOCAL"	"Der konkrete Bezug von „Kochschinken“ läuft über die Fleischkühlung oder Bedientheke eines gewöhnlichen großen Rostocker Supermarkts."	"EASY"	"Beim Rostocker Einkauf setzt Tobias für „Kochschinken“ auf die Fleischkühlung oder Bedientheke eines gewöhnlichen großen Rostocker Supermarkts mit diesem inhaltlichen Maßstab: „Gepökelter und gegarter Schinken mit saftiger Textur; nicht luftgetrockneter Rohschinken.“"	"OPTIONAL"	"Kochschinken Gepökelter und gegarter Schinken mit saftiger Textur; Tobias Rostock Fleisch Wurst exakte Tierart Zuschnitt; Schinken; Die Fleischkühlung oder Bedientheke eines gewöhnlichen großen Rostocker Supermarkts; reguläres Sortiment Filialverfügbarkeit; die präzise tierische Produktform"	""	"TOBIAS_ROSTOCK_PROFILE"	"PROPOSED_FOR_HUMAN_REVIEW"
"COOKING_ALCOHOL"	"Kochalkohol"	"APPLICABLE"	"Offene Vorgabe für alkoholische Getränke, deren Aroma beim Kochen genutzt wird; Bier, Wein und Spirituosen sind mögliche Wege."	"GENERAL_LOCAL"	"Für „Kochalkohol“ führt der Rostocker Marktweg über das Spirituosen- oder Weinregal eines gewöhnlichen großen Rostocker Supermarkts."	"EASY"	"Den Weg über das Spirituosen- oder Weinregal eines gewöhnlichen großen Rostocker Supermarkts nutzt Tobias in Rostock für „Kochalkohol“, wobei folgende Abgrenzung gilt: „Offene Vorgabe für alkoholische Getränke, deren Aroma beim Kochen genutzt wird; Bier, Wein und Spirituosen sind mögliche Wege.“"	"OPTIONAL"	"Kochalkohol Offene Vorgabe für alkoholische Getränke, deren Aroma beim Kochen genutzt wird; Tobias Rostock Getränkehandel Kochalkohol genaue Sorte; Kochalkohol und Spirituosen; Das Spirituosen- oder Weinregal eines gewöhnlichen großen Rostocker Supermarkts; reguläres Sortiment Filialverfügbarkeit; die exakt festgelegte Darreichung"	""	"TOBIAS_ROSTOCK_PROFILE"	"PROPOSED_FOR_HUMAN_REVIEW"
"COOKING_FATS"	"Kochfett"	"APPLICABLE"	"Offene Vorgabe für zum Braten, Garen oder Verfeinern geeignete Fette und Öle; tierische und pflanzliche Formen sind umfasst."	"GENERAL_LOCAL"	"Tobias prüft „Kochfett“ in Rostock über das Öl- oder Kochfettregal eines gewöhnlichen großen Rostocker Supermarkts."	"EASY"	"Über das Öl- oder Kochfettregal eines gewöhnlichen großen Rostocker Supermarkts prüft Tobias in Rostock „Kochfett“, wobei folgende Abgrenzung gilt: „Offene Vorgabe für zum Braten, Garen oder Verfeinern geeignete Fette und Öle; tierische und pflanzliche Formen sind umfasst.“"	"OPTIONAL"	"Kochfett Offene Vorgabe für zum Braten, Garen oder Verfeinern geeignete Fette und Öle; Tobias Rostock Speiseöl Kochfett genaue Rohware; Öle und Kochfette; Das Öl- oder Kochfettregal eines gewöhnlichen großen Rostocker Supermarkts; reguläres Sortiment Filialverfügbarkeit; die exakt festgelegte Darreichung"	""	"TOBIAS_ROSTOCK_PROFILE"	"PROPOSED_FOR_HUMAN_REVIEW"
"CORIANDER_ROOT"	"Korianderwurzel"	"APPLICABLE"	"Wurzelansatz des Korianders mit konzentriert erdig-pfeffrigem Aroma, besonders für Würzpasten und Marinaden. Gemeint sind frische oder tiefgekühlte Wurzeln, nicht Koriandergrün oder -saat."	"NICHE_IMPORT"	"Tobias prüft „Korianderwurzel“ in Rostock über Fachgeschäfte mit Angeboten für Gewürze, wobei die Evidenz die menschliche v2-Freigabe für diesen Weg und Frischeversand, Importbeschränkungen sowie einen gezielten Händlerbesuch ausweist."	"DIFFICULT"	"Über Fachgeschäfte mit Angeboten für Gewürze (Evidenzstand: die menschliche v2-Freigabe für diesen Weg und Frischeversand, Importbeschränkungen sowie einen gezielten Händlerbesuch) prüft Tobias in Rostock „Korianderwurzel“, wobei folgende Abgrenzung gilt: „Wurzelansatz des Korianders mit konzentriert erdig-pfeffrigem Aroma, besonders für Würzpasten und Marinaden. Gemeint sind frische oder tiefgekühlte Wurzeln, nicht Koriandergrün oder -saat.“"	"REQUIRED"	"Korianderwurzel Wurzelansatz des Korianders mit konzentriert erdig-pfeffrigem Aroma, besonders…; Tobias Rostock Gewürz ganze gemahlene getrocknete Form; Gewürz oder trockenes Würzmittel; Spezialhandel für Gewürze Nischenweg; Bestand Produktform Versandlogistik; die zugelassene Frisch- oder Tiefkühlform"	"AV2E-078"	"REFERENCE_ANCHOR|TOBIAS_ROSTOCK_PROFILE|FORM_OR_LOGISTICS_RISK|FORM_SENSITIVE|RESEARCH_REQUIRED|REFERENCE_ANCHOR_V2"	"APPROVED_REFERENCE_ANCHOR_V2"
"CORIANDER_SEED"	"Koriandersaat"	"APPLICABLE"	"Getrocknete Korianderfrüchte mit warmem, zitrisch-nussigem Aroma; ganz oder gemahlen, nicht Koriandergrün."	"GENERAL_LOCAL"	"Tobias prüft „Koriandersaat“ in Rostock über das Gewürz- oder Backregal eines gewöhnlichen großen Rostocker Supermarkts, wobei die Evidenz die menschliche v2-Freigabe für diesen Weg und eine lokale Standortprüfung ausweist."	"EASY"	"Über das Gewürz- oder Backregal eines gewöhnlichen großen Rostocker Supermarkts (Evidenzstand: die menschliche v2-Freigabe für diesen Weg und eine lokale Standortprüfung) prüft Tobias in Rostock „Koriandersaat“, wobei folgende Abgrenzung gilt: „Getrocknete Korianderfrüchte mit warmem, zitrisch-nussigem Aroma; ganz oder gemahlen, nicht Koriandergrün.“"	"OPTIONAL"	"Koriandersaat Getrocknete Korianderfrüchte mit warmem, zitrisch-nussigem Aroma; Tobias Rostock Gewürz ganze gemahlene getrocknete Form; Gewürz oder trockenes Würzmittel; Das Gewürz- oder Backregal eines gewöhnlichen großen Rostocker Supermarkts; reguläres Sortiment Filialverfügbarkeit; die getrocknete Produktform"	"AV2E-009"	"REFERENCE_ANCHOR|TOBIAS_ROSTOCK_PROFILE|REFERENCE_ANCHOR_V2"	"APPROVED_REFERENCE_ANCHOR_V2"
"CORN"	"Mais"	"APPLICABLE"	"Mais als Körnerprodukt, frisch, tiefgekühlt oder schlicht konserviert; Mehl, Stärke und Polenta sind getrennte Formen."	"GENERAL_LOCAL"	"Für „Mais“ führt der Rostocker Marktweg über den Gemüse- oder Tiefkühlgemüsebereich eines gewöhnlichen großen Rostocker Supermarkts."	"EASY"	"Den Weg über den Gemüse- oder Tiefkühlgemüsebereich eines gewöhnlichen großen Rostocker Supermarkts nutzt Tobias in Rostock für „Mais“, wobei folgende Abgrenzung gilt: „Mais als Körnerprodukt, frisch, tiefgekühlt oder schlicht konserviert; Mehl, Stärke und Polenta sind getrennte Formen.“"	"OPTIONAL"	"Mais Mais als Körnerprodukt, frisch, tiefgekühlt oder schlicht konserviert; Tobias Rostock Gemüse frisch TK genaue Sorte; Getreide oder Pseudogetreide; Der Gemüse- oder Tiefkühlgemüsebereich eines gewöhnlichen großen Rostocker Supermarkts; reguläres Sortiment Filialverfügbarkeit; die verlangte frische Form"	""	"TOBIAS_ROSTOCK_PROFILE|FORM_SENSITIVE"	"PROPOSED_FOR_HUMAN_REVIEW"
"CORNMEAL"	"Maismehl"	"APPLICABLE"	"Gemahlener Mais mit feiner bis grober Körnung; nicht reine Maisstärke und nicht zwingend vorgekochte Polenta."	"GENERAL_BROAD"	"Der konkrete Bezug von „Maismehl“ läuft über gut sortierte Vollsortimenter und etablierte deutsche Gemüse- oder Frischehändler."	"PLANNED"	"Das Angebot zu „Maismehl“ über gut sortierte Vollsortimenter und etablierte deutsche Gemüse- oder Frischehändler kontrolliert Tobias in Rostock, wobei folgende Abgrenzung gilt: „Gemahlener Mais mit feiner bis grober Körnung; nicht reine Maisstärke und nicht zwingend vorgekochte Polenta.“"	"OPTIONAL"	"Maismehl Gemahlener Mais mit feiner bis grober Körnung; Tobias Rostock Gemüse frisch TK genaue Sorte; Mais; gut sortierte Vollsortimenter und etablierte deutsche Gemüse- oder Frischehändler; gezielter Einkauf Deutschland Wochenvorlauf; die gemahlene oder pulverisierte Form"	""	"TOBIAS_ROSTOCK_PROFILE"	"PROPOSED_FOR_HUMAN_REVIEW"
"CORNSTARCH"	"Maisstärke"	"APPLICABLE"	"Feine geschmacksneutrale Stärke aus Mais zum Binden und für Teige; nicht Maismehl."	"GENERAL_LOCAL"	"Beim Einkauf von „Maisstärke“ nutzt Tobias das Getreide-, Mehl-, Reis- oder Teigwarenregal eines gewöhnlichen großen Rostocker Supermarkts."	"EASY"	"Die Beschaffung von „Maisstärke“ über das Getreide-, Mehl-, Reis- oder Teigwarenregal eines gewöhnlichen großen Rostocker Supermarkts prüft Tobias in Rostock, wobei folgende Abgrenzung gilt: „Feine geschmacksneutrale Stärke aus Mais zum Binden und für Teige; nicht Maismehl.“"	"OPTIONAL"	"Maisstärke Feine geschmacksneutrale Stärke aus Mais zum Binden und für Teige; Tobias Rostock Getreide Stärke Teigware genaue Form; Stärke oder Bindemittel; Das Getreide-, Mehl-, Reis- oder Teigwarenregal eines gewöhnlichen großen Rostocker Supermarkts; reguläres Sortiment Filialverfügbarkeit; die exakt festgelegte Darreichung"	""	"TOBIAS_ROSTOCK_PROFILE"	"PROPOSED_FOR_HUMAN_REVIEW"
"COUSCOUS"	"Couscous"	"APPLICABLE"	"Kleine angefeuchtete und gerollte Hartweizengrießkörner; gemeint ist das trockene Grundprodukt, nicht das fertige Gericht."	"GENERAL_LOCAL"	"Für „Couscous“ wird das Angebot über das Getreide-, Mehl-, Reis- oder Teigwarenregal eines gewöhnlichen großen Rostocker Supermarkts kontrolliert."	"EASY"	"Beim Rostocker Einkauf setzt Tobias für „Couscous“ auf das Getreide-, Mehl-, Reis- oder Teigwarenregal eines gewöhnlichen großen Rostocker Supermarkts, wobei folgende Abgrenzung gilt: „Kleine angefeuchtete und gerollte Hartweizengrießkörner; gemeint ist das trockene Grundprodukt, nicht das fertige Gericht.“"	"OPTIONAL"	"Couscous Kleine angefeuchtete und gerollte Hartweizengrießkörner; Tobias Rostock Getreide Stärke Teigware genaue Form; Getreide oder Pseudogetreide; Das Getreide-, Mehl-, Reis- oder Teigwarenregal eines gewöhnlichen großen Rostocker Supermarkts; reguläres Sortiment Filialverfügbarkeit; die geforderte ganze oder körnige Form"	""	"TOBIAS_ROSTOCK_PROFILE"	"PROPOSED_FOR_HUMAN_REVIEW"
"CRAB"	"Krabben oder Krebsfleisch"	"APPLICABLE"	"Essbares Fleisch von Krabben oder Krebsen; ganzes Tier, Scheren- oder ausgelöstes Fleisch sind möglich."	"GENERAL_BROAD"	"Deutsche See – Soft Shell Crabs belegt: Die verfügbare Produktseite dokumentiert ganze Soft-Shell-Krabben, roh nach der Häutung tiefgefroren und einzeln entnehmbar; damit ist eine zulässige ganze Krabbenform konkret bestellbar. Der Bezug erfolgt über Deutschland und Österreich; tiefgekühlte GO!-Express-Lieferung zum Wunschtermin; maßgeblich ist FROZEN_SHIPPING. Belegt ist eine ganze Mangrovenkrabbe mit weicher Schale, nicht jedes Krebsfleisch; große Packung und Tiefkühlzustellung erfordern Planung."	"PLANNED"	"Tobias kann den Einkauf in Rostock anhand dieses Artikels terminieren: Die verfügbare Produktseite dokumentiert ganze Soft-Shell-Krabben, roh nach der Häutung tiefgefroren und einzeln entnehmbar; damit ist eine zulässige ganze Krabbenform konkret bestellbar. Belegt ist eine ganze Mangrovenkrabbe mit weicher Schale, nicht jedes Krebsfleisch; große Packung und Tiefkühlzustellung erfordern Planung."	"REQUIRED"	"Soft Shell Crabs ganze Krabbe tiefgekühlt Deutsche See verfügbar Trockeneis Bornheim Rostock | Tobias Rostock | Deutsche See – Soft Shell Crabs | IN_STOCK FROZEN_SHIPPING"	"AV2N-A-0052"	"TOBIAS_ROSTOCK_PROFILE|RESEARCH_REQUIRED"	"PROPOSED_FOR_HUMAN_REVIEW"
"CRANBERRY"	"Cranberry"	"APPLICABLE"	"Herb-saure Cranberry; frisch, ungesüßt tiefgekühlt oder getrocknet verwendbar, wobei Trockenware oft gesüßt ist."	"GENERAL_LOCAL"	"Der konkrete Bezug von „Cranberry“ läuft über den Obst- oder Tiefkühlobstbereich eines gewöhnlichen großen Rostocker Supermarkts."	"EASY"	"Das Angebot zu „Cranberry“ über den Obst- oder Tiefkühlobstbereich eines gewöhnlichen großen Rostocker Supermarkts kontrolliert Tobias in Rostock, wobei folgende Abgrenzung gilt: „Herb-saure Cranberry; frisch, ungesüßt tiefgekühlt oder getrocknet verwendbar, wobei Trockenware oft gesüßt ist.“"	"OPTIONAL"	"Cranberry Herb-saure Cranberry; frisch, ungesüßt tiefgekühlt oder getrocknet verwendbar…; Tobias Rostock Obst frisch TK genaue Sorte; Beeren; Der Obst- oder Tiefkühlobstbereich eines gewöhnlichen großen Rostocker Supermarkts; reguläres Sortiment Filialverfügbarkeit; die verlangte frische Form"	""	"TOBIAS_ROSTOCK_PROFILE|FORM_SENSITIVE"	"PROPOSED_FOR_HUMAN_REVIEW"
"CRAYFISH"	"Flusskrebse"	"APPLICABLE"	"Kleine Süßwasserkrebse mit festem, süßlichem Fleisch; ganz oder als ausgelöstes Schwanzfleisch verwendbar."	"GENERAL_BROAD"	"Deutsche See – Louisiana-Flusskrebse in Weißweinsud belegt: Deutsche See bietet ganze gekochte Louisiana-Flusskrebse in Weißweinsud aktuell verfügbar und tiefgekühlt an; die ganze zulässige Flusskrebsform bleibt erkennbar. Der Bezug erfolgt über Deutschland und Österreich; tiefgekühlte GO!-Express-Lieferung zum Wunschtermin; maßgeblich ist FROZEN_SHIPPING. Die positive Route betrifft die gegarte und gewürzte Form im Sud, nicht rohes Schwanzfleisch; Tiefkühltermin und Packung sind einzuplanen."	"PLANNED"	"Von Rostock aus erhält Tobias einen reproduzierbaren Bestellweg: Deutsche See bietet ganze gekochte Louisiana-Flusskrebse in Weißweinsud aktuell verfügbar und tiefgekühlt an; die ganze zulässige Flusskrebsform bleibt erkennbar. Die positive Route betrifft die gegarte und gewürzte Form im Sud, nicht rohes Schwanzfleisch; Tiefkühltermin und Packung sind einzuplanen."	"REQUIRED"	"Louisiana Flusskrebse ganz gekocht Weißweinsud tiefgekühlt Deutsche See verfügbar Bornheim Rostock | Tobias Rostock | Deutsche See – Louisiana-Flusskrebse in Weißweinsud | IN_STOCK FROZEN_SHIPPING"	"AV2N-A-0053"	"TOBIAS_ROSTOCK_PROFILE|RESEARCH_REQUIRED"	"PROPOSED_FOR_HUMAN_REVIEW"
"CREAM"	"Sahne"	"APPLICABLE"	"Flüssiger Milchrahm zum Kochen oder Schlagen; Fettstufe bleibt offen, gesäuerte Produkte sind getrennt."	"GENERAL_LOCAL"	"Beim Einkauf von „Sahne“ nutzt Tobias die Molkereikühlung eines gewöhnlichen großen Rostocker Supermarkts."	"EASY"	"Die Beschaffung von „Sahne“ über die Molkereikühlung eines gewöhnlichen großen Rostocker Supermarkts prüft Tobias in Rostock, wobei folgende Abgrenzung gilt: „Flüssiger Milchrahm zum Kochen oder Schlagen; Fettstufe bleibt offen, gesäuerte Produkte sind getrennt.“"	"OPTIONAL"	"Sahne Flüssiger Milchrahm zum Kochen oder Schlagen; Tobias Rostock Milchprodukt genaue Sorte Fettstufe; frisches Milchprodukt; Die Molkereikühlung eines gewöhnlichen großen Rostocker Supermarkts; reguläres Sortiment Filialverfügbarkeit; die präzise gekühlte oder tierische Produktform"	""	"TOBIAS_ROSTOCK_PROFILE"	"PROPOSED_FOR_HUMAN_REVIEW"
"CREAM_CHEESE"	"Frischkäse"	"APPLICABLE"	"Ungereifter streichfähiger Frischkäse mit mild-säuerlichem Geschmack; natur oder neutral gewürzt verwendbar."	"GENERAL_LOCAL"	"Für „Frischkäse“ wird das Angebot über die Käsekühlung oder Käsetheke eines gewöhnlichen großen Rostocker Supermarkts kontrolliert."	"EASY"	"Beim Rostocker Einkauf setzt Tobias für „Frischkäse“ auf die Käsekühlung oder Käsetheke eines gewöhnlichen großen Rostocker Supermarkts, wobei folgende Abgrenzung gilt: „Ungereifter streichfähiger Frischkäse mit mild-säuerlichem Geschmack; natur oder neutral gewürzt verwendbar.“"	"OPTIONAL"	"Frischkäse Ungereifter streichfähiger Frischkäse mit mild-säuerlichem Geschmack; Tobias Rostock Käse genaue Sorte Milch Reifung; Käse / frisches Milchprodukt; Die Käsekühlung oder Käsetheke eines gewöhnlichen großen Rostocker Supermarkts; reguläres Sortiment Filialverfügbarkeit; die verlangte frische Form"	""	"TOBIAS_ROSTOCK_PROFILE|FORM_SENSITIVE"	"PROPOSED_FOR_HUMAN_REVIEW"
"CREME_FRAICHE"	"Crème fraîche"	"APPLICABLE"	"Fettreicher gesäuerter Rahm mit cremiger Konsistenz und guter Kochstabilität; nicht saure Sahne."	"GENERAL_LOCAL"	"Für „Crème fraîche“ wird das Angebot über die Molkereikühlung eines gewöhnlichen großen Rostocker Supermarkts kontrolliert."	"EASY"	"Beim Rostocker Einkauf setzt Tobias für „Crème fraîche“ auf die Molkereikühlung eines gewöhnlichen großen Rostocker Supermarkts, wobei folgende Abgrenzung gilt: „Fettreicher gesäuerter Rahm mit cremiger Konsistenz und guter Kochstabilität; nicht saure Sahne.“"	"OPTIONAL"	"Crème fraîche Fettreicher gesäuerter Rahm mit cremiger Konsistenz und guter Kochstabilität; Tobias Rostock Milchprodukt genaue Sorte Fettstufe; gesäuertes Milchprodukt; Die Molkereikühlung eines gewöhnlichen großen Rostocker Supermarkts; reguläres Sortiment Filialverfügbarkeit; die präzise gekühlte oder tierische Produktform"	""	"TOBIAS_ROSTOCK_PROFILE"	"PROPOSED_FOR_HUMAN_REVIEW"
"CRISPBREAD"	"Knäckebrot"	"APPLICABLE"	"Trockenes, knuspriges Dauerbrot mit dünner oder luftiger Struktur; Getreidemischung bleibt offen."	"GENERAL_LOCAL"	"Tobias sucht „Knäckebrot“ in Rostock über das Back-, Süßwaren- oder Brotregal eines gewöhnlichen großen Rostocker Supermarkts gesucht."	"EASY"	"Tobias nutzt in Rostock das Back-, Süßwaren- oder Brotregal eines gewöhnlichen großen Rostocker Supermarkts für „Knäckebrot“, wobei folgende Abgrenzung gilt: „Trockenes, knuspriges Dauerbrot mit dünner oder luftiger Struktur; Getreidemischung bleibt offen.“"	"OPTIONAL"	"Knäckebrot Trockenes, knuspriges Dauerbrot mit dünner oder luftiger Struktur; Tobias Rostock Backware Süßungsmittel exakte Form; Brot oder Fladenbrot; Das Back-, Süßwaren- oder Brotregal eines gewöhnlichen großen Rostocker Supermarkts; reguläres Sortiment Filialverfügbarkeit; die exakt festgelegte Darreichung"	""	"TOBIAS_ROSTOCK_PROFILE"	"PROPOSED_FOR_HUMAN_REVIEW"
"CROISSANT"	"Croissant"	"APPLICABLE"	"Ungefüllte klassische Croissant-Viennoiserie mit blättriger, fettreicher Teigstruktur; nicht Pain au chocolat, gefülltes Croissant oder beliebiges Hörnchen."	"GENERAL_LOCAL"	"Die Rostocker Warenprüfung für „Croissant“ erfolgt über das Back-, Süßwaren- oder Brotregal eines gewöhnlichen großen Rostocker Supermarkts."	"EASY"	"Tobias organisiert über das Back-, Süßwaren- oder Brotregal eines gewöhnlichen großen Rostocker Supermarkts die Rostocker Prüfung von „Croissant“, wobei folgende Abgrenzung gilt: „Ungefüllte klassische Croissant-Viennoiserie mit blättriger, fettreicher Teigstruktur; nicht Pain au chocolat, gefülltes Croissant oder beliebiges Hörnchen.“"	"OPTIONAL"	"Croissant Ungefüllte klassische Croissant-Viennoiserie mit blättriger, fettreicher…; Tobias Rostock Backware Süßungsmittel exakte Form; Backware; Das Back-, Süßwaren- oder Brotregal eines gewöhnlichen großen Rostocker Supermarkts; reguläres Sortiment Filialverfügbarkeit; die exakt festgelegte Darreichung"	""	"TOBIAS_ROSTOCK_PROFILE"	"PROPOSED_FOR_HUMAN_REVIEW"
"CRUSTACEANS"	"Krustentiere"	"APPLICABLE"	"Offene Vorgabe für Krebstiere wie Garnelen, Krabben, Hummer oder Flusskrebse; nicht Muscheln oder Tintenfische."	"GENERAL_LOCAL"	"REWE – Costa Garnelen Natur 215 g belegt: REWE führt mit Costa Garnelen Natur eine klar bezeichnete tiefgekühlte Krebstierware im gewöhnlichen Sortiment; mehrere reguläre Rostocker REWE-Filialen bilden den lokalen Prüfweg für Tobias. Der Bezug erfolgt über Rostocker REWE-Filiale nach Standortwahl; kein filialübergreifend zugesicherter Bestand; maßgeblich ist STANDARD_LOCAL. Preis und Bestand erscheinen erst nach Standortwahl; kein heute garantierter Bestand in einer bestimmten Rostocker Filiale."	"EASY"	"Für Tobias und seine Rostocker Planung ist diese Produktseite maßgeblich: REWE führt mit Costa Garnelen Natur eine klar bezeichnete tiefgekühlte Krebstierware im gewöhnlichen Sortiment; mehrere reguläre Rostocker REWE-Filialen bilden den lokalen Prüfweg für Tobias. Preis und Bestand erscheinen erst nach Standortwahl; kein heute garantierter Bestand in einer bestimmten Rostocker Filiale."	"OPTIONAL"	"Costa Garnelen Natur 215 g tiefgekühlt REWE Rostock Standort Filialbestand Krebstiere | Tobias Rostock | REWE – Costa Garnelen Natur 215 g | VARIABLE_STOCK STANDARD_LOCAL"	"AV2N-A-0054"	"TOBIAS_ROSTOCK_PROFILE"	"PROPOSED_FOR_HUMAN_REVIEW"
"CUCUMBER"	"Gurke"	"APPLICABLE"	"Frische Salatgurke mit hohem Wassergehalt und knackiger Textur; Einlege- und fermentierte Gurken sind getrennt."	"GENERAL_LOCAL"	"Die Rostocker Warenprüfung für „Gurke“ erfolgt über die Gemüseabteilung eines gewöhnlichen großen Rostocker Supermarkts."	"EASY"	"Tobias organisiert über die Gemüseabteilung eines gewöhnlichen großen Rostocker Supermarkts die Rostocker Prüfung von „Gurke“ mit diesem inhaltlichen Maßstab: „Frische Salatgurke mit hohem Wassergehalt und knackiger Textur; Einlege- und fermentierte Gurken sind getrennt.“"	"OPTIONAL"	"Gurke Frische Salatgurke mit hohem Wassergehalt und knackiger Textur; Tobias Rostock Gemüse frisch TK genaue Sorte; Fruchtgemüse; Die Gemüseabteilung eines gewöhnlichen großen Rostocker Supermarkts; reguläres Sortiment Filialverfügbarkeit; die verlangte frische Form"	""	"TOBIAS_ROSTOCK_PROFILE|FORM_SENSITIVE"	"PROPOSED_FOR_HUMAN_REVIEW"
"CULANTRO"	"Culantro oder Sägeblattkoriander"	"APPLICABLE"	"Langblättriges Würzkraut mit gezähntem Rand und kräftigem korianderähnlichem Aroma; roh oder in Suppen und Eintöpfen verwendbar. Botanisch und kulinarisch nicht mit Koriandergrün gleichsetzen."	"NICHE_IMPORT"	"Tobias prüft „Culantro oder Sägeblattkoriander“ in Rostock über AsianBrand – Frischgemüse, wobei die Evidenz keinen aktuellen formgenauen Treffer und Frischeversand ausweist."	"DIFFICULT"	"Über AsianBrand – Frischgemüse (Evidenzstand: keinen aktuellen formgenauen Treffer und Frischeversand) prüft Tobias in Rostock „Culantro oder Sägeblattkoriander“, wobei folgende Abgrenzung gilt: „Langblättriges Würzkraut mit gezähntem Rand und kräftigem korianderähnlichem Aroma; roh oder in Suppen und Eintöpfen verwendbar. Botanisch und kulinarisch nicht mit Koriandergrün gleichsetzen.“"	"REQUIRED"	"Culantro oder Sägeblattkoriander Langblättriges Würzkraut mit gezähntem Rand und kräftigem korianderähnlichem…; Tobias Rostock frische Kräuter Bund Topf genaue Art; Kräuter und Würzblätter; AsianBrand – Frischgemüse; Bestand Produktform Versandlogistik; die exakt festgelegte Darreichung"	"AV2N-A-0057"	"TOBIAS_ROSTOCK_PROFILE|FORM_OR_LOGISTICS_RISK|RESEARCH_REQUIRED|RATING_RECONCILED_V2"	"PROPOSED_FOR_HUMAN_REVIEW"
"CULTURED_DAIRY"	"gesäuertes Milchprodukt"	"APPLICABLE"	"Offene Vorgabe für durch Milchsäurekulturen gesäuerte Milchprodukte; Fettgehalt und Konsistenz bleiben wählbar."	"GENERAL_LOCAL"	"Der konkrete Bezug von „gesäuertes Milchprodukt“ läuft über die Molkereikühlung eines gewöhnlichen großen Rostocker Supermarkts."	"EASY"	"Das Angebot zu „gesäuertes Milchprodukt“ über die Molkereikühlung eines gewöhnlichen großen Rostocker Supermarkts kontrolliert Tobias in Rostock, wobei folgende Abgrenzung gilt: „Offene Vorgabe für durch Milchsäurekulturen gesäuerte Milchprodukte; Fettgehalt und Konsistenz bleiben wählbar.“"	"OPTIONAL"	"gesäuertes Milchprodukt Offene Vorgabe für durch Milchsäurekulturen gesäuerte Milchprodukte; Tobias Rostock Milchprodukt genaue Sorte Fettstufe; Milchprodukte; Die Molkereikühlung eines gewöhnlichen großen Rostocker Supermarkts; reguläres Sortiment Filialverfügbarkeit; die präzise gekühlte oder tierische Produktform"	""	"TOBIAS_ROSTOCK_PROFILE"	"PROPOSED_FOR_HUMAN_REVIEW"
"CUMIN"	"Kreuzkümmel"	"APPLICABLE"	"Kreuzkümmelsamen mit warm-erdigem, intensiv würzigem Aroma; nicht echter Kümmel."	"GENERAL_LOCAL"	"Für „Kreuzkümmel“ führt der Rostocker Marktweg über das Gewürz- oder Backregal eines gewöhnlichen großen Rostocker Supermarkts."	"EASY"	"Über das Gewürz- oder Backregal eines gewöhnlichen großen Rostocker Supermarkts prüft Tobias in Rostock „Kreuzkümmel“ mit diesem inhaltlichen Maßstab: „Kreuzkümmelsamen mit warm-erdigem, intensiv würzigem Aroma; nicht echter Kümmel.“"	"OPTIONAL"	"Kreuzkümmel Kreuzkümmelsamen mit warm-erdigem, intensiv würzigem Aroma; Tobias Rostock Gewürz ganze gemahlene getrocknete Form; Gewürz oder trockenes Würzmittel; Das Gewürz- oder Backregal eines gewöhnlichen großen Rostocker Supermarkts; reguläres Sortiment Filialverfügbarkeit; die exakt festgelegte Darreichung"	""	"TOBIAS_ROSTOCK_PROFILE"	"PROPOSED_FOR_HUMAN_REVIEW"
"CURED_MEAT"	"gepökeltes oder luftgetrocknetes Fleisch"	"APPLICABLE"	"Offene Familie gepökelter, getrockneter oder vergleichbar gereifter Fleischprodukte; Tierart und Produktform bleiben offen."	"GENERAL_LOCAL"	"Tobias sucht „gepökeltes oder luftgetrocknetes Fleisch“ in Rostock über die Fleischkühlung oder Bedientheke eines gewöhnlichen großen Rostocker Supermarkts gesucht."	"EASY"	"Das Angebot zu „gepökeltes oder luftgetrocknetes Fleisch“ über die Fleischkühlung oder Bedientheke eines gewöhnlichen großen Rostocker Supermarkts kontrolliert Tobias in Rostock mit diesem inhaltlichen Maßstab: „Offene Familie gepökelter, getrockneter oder vergleichbar gereifter Fleischprodukte; Tierart und Produktform bleiben offen.“"	"OPTIONAL"	"gepökeltes oder luftgetrocknetes Fleisch Offene Familie gepökelter, getrockneter oder vergleichbar gereifter…; Tobias Rostock Fleisch Wurst exakte Tierart Zuschnitt; Fleisch; Die Fleischkühlung oder Bedientheke eines gewöhnlichen großen Rostocker Supermarkts; reguläres Sortiment Filialverfügbarkeit; die getrocknete Produktform"	""	"TOBIAS_ROSTOCK_PROFILE"	"PROPOSED_FOR_HUMAN_REVIEW"
"CURRY_LEAVES"	"Curryblätter"	"APPLICABLE"	"Aromatische Blätter des Currybaums mit zitrisch-röstigem Aroma; frisch oder tiefgekühlt bevorzugt, nicht Currypulver."	"NICHE_IMPORT"	"Tobias prüft „Curryblätter“ in Rostock über den indischen Lebensmittel-Spezialhandel, wobei die Evidenz die menschliche v2-Freigabe für diesen Weg und Tiefkühlversand, Importbeschränkungen sowie einen gezielten Händlerbesuch ausweist."	"DIFFICULT"	"Über den indischen Lebensmittel-Spezialhandel (Evidenzstand: die menschliche v2-Freigabe für diesen Weg und Tiefkühlversand, Importbeschränkungen sowie einen gezielten Händlerbesuch) prüft Tobias in Rostock „Curryblätter“, wobei folgende Abgrenzung gilt: „Aromatische Blätter des Currybaums mit zitrisch-röstigem Aroma; frisch oder tiefgekühlt bevorzugt, nicht Currypulver.“"	"REQUIRED"	"Curryblätter Aromatische Blätter des Currybaums mit zitrisch-röstigem Aroma; Tobias Rostock frische Kräuter Bund Topf genaue Art; Kräuter und Würzblätter; indischen Lebensmittel-Spezialhandel Nischenweg; Bestand Produktform Versandlogistik; die zugelassene Frisch- oder Tiefkühlform"	"AV2E-042"	"REFERENCE_ANCHOR|TOBIAS_ROSTOCK_PROFILE|FORM_OR_LOGISTICS_RISK|FORM_SENSITIVE|RESEARCH_REQUIRED|PERSON_DIFFERENCE|REFERENCE_ANCHOR_V2"	"APPROVED_REFERENCE_ANCHOR_V2"
"CURRY_POWDER"	"Currypulver"	"APPLICABLE"	"Zusammengesetzte Gewürzmischung nach Currypulver-Art; Zusammensetzung, Farbe und Schärfe können variieren."	"GENERAL_LOCAL"	"Die Beschaffung von „Currypulver“ erfolgt in Rostock über das Gewürz- oder Backregal eines gewöhnlichen großen Rostocker Supermarkts."	"EASY"	"Den Weg über das Gewürz- oder Backregal eines gewöhnlichen großen Rostocker Supermarkts nutzt Tobias in Rostock für „Currypulver“ mit diesem inhaltlichen Maßstab: „Zusammengesetzte Gewürzmischung nach Currypulver-Art; Zusammensetzung, Farbe und Schärfe können variieren.“"	"OPTIONAL"	"Currypulver Zusammengesetzte Gewürzmischung nach Currypulver-Art; Tobias Rostock Gewürz ganze gemahlene getrocknete Form; Gewürzmischung; Das Gewürz- oder Backregal eines gewöhnlichen großen Rostocker Supermarkts; reguläres Sortiment Filialverfügbarkeit; die gemahlene oder pulverisierte Form"	""	"TOBIAS_ROSTOCK_PROFILE"	"PROPOSED_FOR_HUMAN_REVIEW"
"CUTTLEFISH"	"Sepia"	"APPLICABLE"	"Sepia beziehungsweise echter Tintenfisch mit festem Fleisch und essbarer Tinte; nicht Kalmar oder Oktopus."	"GENERAL_BROAD"	"Send a Fish – Mini Sepia Tintenfisch M belegt: Send a Fish bietet ganze gereinigte rohe Mini-Sepia (Sepia pharaonis) im Warenkorb mit Lieferdatum an und verschickt sie bei minus 20 Grad Celsius mit Trockeneis. Der Bezug erfolgt über Deutschland, Österreich und Niederlande; GO!-Express über Nacht zum Wunschtermin; maßgeblich ist FROZEN_SHIPPING. Die Ware ist glasiert und leicht vorgesalzen; sie belegt echte Sepia, nicht Kalmar oder Oktopus, und verlangt durchgehende Tiefkühlung."	"PLANNED"	"Der konkrete Rostocker Prüfweg für Tobias lautet: Send a Fish bietet ganze gereinigte rohe Mini-Sepia (Sepia pharaonis) im Warenkorb mit Lieferdatum an und verschickt sie bei minus 20 Grad Celsius mit Trockeneis. Die Ware ist glasiert und leicht vorgesalzen; sie belegt echte Sepia, nicht Kalmar oder Oktopus, und verlangt durchgehende Tiefkühlung."	"OPTIONAL"	"Mini Sepia Sepia pharaonis ganz gereinigt roh tiefgekühlt Send a Fish Trockeneis | Tobias Rostock | Send a Fish – Mini Sepia Tintenfisch M | IN_STOCK FROZEN_SHIPPING"	"AV2N-A-0058"	"TOBIAS_ROSTOCK_PROFILE|RATING_RECONCILED_V2"	"PROPOSED_FOR_HUMAN_REVIEW"
"DAIKON"	"Daikon"	"APPLICABLE"	"Großer milder weißer Rettich ostasiatischer Sorten; roh, gegart oder eingelegt verwendbar."	"GENERAL_BROAD"	"Für „Daikon“ führt der Rostocker Marktweg über gut sortierte Vollsortimenter und etablierte deutsche Händler für haltbare Gemüseformen."	"PLANNED"	"Den Weg über gut sortierte Vollsortimenter und etablierte deutsche Händler für haltbare Gemüseformen nutzt Tobias in Rostock für „Daikon“, wobei folgende Abgrenzung gilt: „Großer milder weißer Rettich ostasiatischer Sorten; roh, gegart oder eingelegt verwendbar.“"	"OPTIONAL"	"Daikon Großer milder weißer Rettich ostasiatischer Sorten; Tobias Rostock Gemüse genaue Sorte haltbar TK; Rettich; gut sortierte Vollsortimenter und etablierte deutsche Händler für haltbare Gemüseformen; gezielter Einkauf Deutschland Wochenvorlauf; die konservierte Produktform"	""	"TOBIAS_ROSTOCK_PROFILE"	"PROPOSED_FOR_HUMAN_REVIEW"
"DAING"	"Daing"	"APPLICABLE"	"Philippinische Familie getrockneter Fische in typischerweise aufgeschnittener beziehungsweise butterfly-artiger Form; Fischart und Salzgrad können variieren. Kein Synonym für eine bestimmte Fischart."	"NICHE_IMPORT"	"Tobias prüft „Daing“ in Rostock über Filipino Asian Store – Tuyo dried salted herring, wobei die Evidenz beim Abruf verfügbaren Bestand und Standardversand ausweist."	"DIFFICULT"	"Über Filipino Asian Store – Tuyo dried salted herring (Evidenzstand: beim Abruf verfügbaren Bestand und Standardversand) prüft Tobias in Rostock „Daing“, wobei folgende Abgrenzung gilt: „Philippinische Familie getrockneter Fische in typischerweise aufgeschnittener beziehungsweise butterfly-artiger Form; Fischart und Salzgrad können variieren. Kein Synonym für eine bestimmte Fischart.“"	"REQUIRED"	"Daing Philippinische Familie getrockneter Fische in typischerweise aufgeschnittener…; Tobias Rostock Fisch Seafood exakte Art Konserve Trockenware; getrockneter Fisch; Filipino Asian Store – Tuyo dried salted herring; Bestand Produktform Versandlogistik; die getrocknete Produktform"	"AV2N-A-0059"	"TOBIAS_ROSTOCK_PROFILE|FORM_OR_LOGISTICS_RISK|RESEARCH_REQUIRED"	"PROPOSED_FOR_HUMAN_REVIEW"
"DAIRY_PRODUCTS"	"Milchprodukte"	"NOT_APPLICABLE_STRUCTURE"	""	""	""	""	""	""	""	""	""	"APPROVED_NOT_APPLICABLE"
"DANABLU"	"Danablu"	"APPLICABLE"	"Dänischer, mit Blauschimmel gereifter Kuhmilchkäse mit geschützter geografischer Angabe; kräftig, pikant und deutlich salzig."	"NICHE_IMPORT"	"Für Tobias ist die REWE-Thekenlistung nicht als Rostocker Bestand bestätigt. Der einzige stabile exakte Danablu-Weg ist ein kleiner skandinavischer Versandposten mit Kühlung und eingeschränkten Versandtagen."	"DIFFICULT"	"Tobias kann Danablu in Rostock nur über einen schmalen skandinavischen Kühlversand konkretisieren: Fünf Packungen Castello sind positiv ausgewiesen, während der allgemeine Thekenweg offenbleibt. Der markengebundene Kleinbestand hält die geschützte Käseform außerhalb eines robusten Plans."	"REQUIRED"	"Tobias Rostock Danablu Castello REWE Theke variabel Skandinavien Shop Kleinbestand Kühlversand"	"AV2N-A-0060|AV2N-P-0007"	"EVIDENCE_REQUIRED|FORM_SENSITIVE|NICHE_IMPORT|RATING_RECONCILED_V2|RESEARCH_REQUIRED|TOBIAS_ROSTOCK_PROFILE"	"PROPOSED_FOR_HUMAN_REVIEW"
"DANBO"	"Danbo"	"APPLICABLE"	"Dänischer halbfester Kuhmilchkäse mit geschützter geografischer Angabe; je nach Reifegrad mild bis kräftiger, typischerweise leicht säuerlich. Nicht als Gouda-Variante modellieren."	"GENERAL_BROAD"	"HIT – Danbo mit Kümmel an der Käsetheke belegt formgenau: HIT listet echten dänischen Danbo mit Kümmel im regulären Hart- und Schnittkäsesortiment seiner allgemeinen Käsetheken. Für Tobias in Rostock gilt: Allgemeines deutsches HIT-Markthallennetz; konkrete Theke in Bornheim oder Rostock vorab prüfen; Logistik STANDARD_LOCAL. Thekenbestand und konkrete Filiale bleiben variabel; Herstellerportfolio und parallele REWE-Listung stützen die Wiederholbarkeit."	"PLANNED"	"Für Tobias in Rostock gilt: Für Danbo ist die konkrete Luxusdanbo-Thekenware der Planungsweg; ein ähnlich milder Gouda zählt nicht als Treffer."	"OPTIONAL"	"HIT Danbo Kümmel dänischer Schnittkäse Käsetheke Sortiment | Tobias in Rostock | REGULAR_RANGE STANDARD_LOCAL"	"AV2N-A-0061|AV2N-P-0008"	"TOBIAS_ROSTOCK_PROFILE"	"PROPOSED_FOR_HUMAN_REVIEW"
"DARK_CHOCOLATE"	"Zartbitterschokolade"	"APPLICABLE"	"Schokolade mit hohem Kakaoanteil und ohne prägende Milchkomponente; Kakaoanteil und Süße bleiben offen."	"GENERAL_LOCAL"	"Tobias prüft „Zartbitterschokolade“ in Rostock über das Back-, Süßwaren- oder Brotregal eines gewöhnlichen großen Rostocker Supermarkts."	"EASY"	"Über das Back-, Süßwaren- oder Brotregal eines gewöhnlichen großen Rostocker Supermarkts prüft Tobias in Rostock „Zartbitterschokolade“ mit diesem inhaltlichen Maßstab: „Schokolade mit hohem Kakaoanteil und ohne prägende Milchkomponente; Kakaoanteil und Süße bleiben offen.“"	"OPTIONAL"	"Zartbitterschokolade Schokolade mit hohem Kakaoanteil und ohne prägende Milchkomponente; Tobias Rostock Backware Süßungsmittel exakte Form; Schokolade; Das Back-, Süßwaren- oder Brotregal eines gewöhnlichen großen Rostocker Supermarkts; reguläres Sortiment Filialverfügbarkeit; die exakt festgelegte Darreichung"	""	"TOBIAS_ROSTOCK_PROFILE"	"PROPOSED_FOR_HUMAN_REVIEW"
"DARK_SOY_SAUCE"	"dunkle Sojasauce"	"APPLICABLE"	"Dunkle, häufig dickere und leicht süßliche Sojasauce vor allem für Farbe und Tiefe; nicht helle Sojasauce."	"SPECIALTY_BROAD"	"Tobias prüft „dunkle Sojasauce“ in Rostock über AsiaFoodland – dunkle Sojasauce und REWE – Asia-Saucen, wobei die Evidenz eine vor dem Einkauf erneut zu prüfende Verfügbarkeit und eine lokale Standortprüfung sowie Standardversand ausweist."	"SPECIALTY"	"Über AsiaFoodland – dunkle Sojasauce und REWE – Asia-Saucen (Evidenzstand: eine vor dem Einkauf erneut zu prüfende Verfügbarkeit und eine lokale Standortprüfung sowie Standardversand) prüft Tobias in Rostock „dunkle Sojasauce“, wobei folgende Abgrenzung gilt: „Dunkle, häufig dickere und leicht süßliche Sojasauce vor allem für Farbe und Tiefe; nicht helle Sojasauce.“"	"REQUIRED"	"dunkle Sojasauce Dunkle, häufig dickere und leicht süßliche Sojasauce vor allem für Farbe und…; Tobias Rostock Würzsauce Paste Essig exakte Sorte; Sojasauce; AsiaFoodland – dunkle Sojasauce | REWE – Asia-Saucen; mehrere unabhängige Fachhändler Marktbreite; die exakt festgelegte Darreichung"	"AV2N-A-0062|AV2N-A-0063"	"TOBIAS_ROSTOCK_PROFILE|SPECIALTY_MARKET_BREADTH|RESEARCH_REQUIRED"	"PROPOSED_FOR_HUMAN_REVIEW"
"DASHI"	"Dashi"	"APPLICABLE"	"Japanischer klarer Würzfond, typischerweise auf Kombu und/oder Bonitoflocken; Instant- und frisch angesetzte Varianten sind umfasst."	"SPECIALTY_BROAD"	"Tobias prüft „Dashi“ in Rostock über Asia4Friends – Gewürze und AsiaFoodland – japanische Lebensmittel, wobei die Evidenz eine vor dem Einkauf erneut zu prüfende Verfügbarkeit und Standardversand ausweist."	"SPECIALTY"	"Über Asia4Friends – Gewürze und AsiaFoodland – japanische Lebensmittel (Evidenzstand: eine vor dem Einkauf erneut zu prüfende Verfügbarkeit und Standardversand) prüft Tobias in Rostock „Dashi“, wobei folgende Abgrenzung gilt: „Japanischer klarer Würzfond, typischerweise auf Kombu und/oder Bonitoflocken; Instant- und frisch angesetzte Varianten sind umfasst.“"	"REQUIRED"	"Dashi Japanischer klarer Würzfond, typischerweise auf Kombu und/oder Bonitoflocken; Tobias Rostock Brühe Fond genaue Basis; Brühe oder Fond; Asia4Friends – Gewürze | AsiaFoodland – japanische Lebensmittel; mehrere unabhängige Fachhändler Marktbreite; die verlangte frische Form"	"AV2N-A-0064|AV2N-A-0065"	"TOBIAS_ROSTOCK_PROFILE|SPECIALTY_MARKET_BREADTH|FORM_SENSITIVE|RESEARCH_REQUIRED"	"PROPOSED_FOR_HUMAN_REVIEW"
"DATE"	"Dattel"	"APPLICABLE"	"Dattel mit dichtem, karamellig-süßem Fruchtfleisch; frisch oder getrocknet verwendbar."	"GENERAL_LOCAL"	"Der konkrete Bezug von „Dattel“ läuft über die Obstabteilung eines gewöhnlichen großen Rostocker Supermarkts."	"EASY"	"Das Angebot zu „Dattel“ über die Obstabteilung eines gewöhnlichen großen Rostocker Supermarkts kontrolliert Tobias in Rostock, wobei folgende Abgrenzung gilt: „Dattel mit dichtem, karamellig-süßem Fruchtfleisch; frisch oder getrocknet verwendbar.“"	"OPTIONAL"	"Dattel Dattel mit dichtem, karamellig-süßem Fruchtfleisch; Tobias Rostock Obst frisch TK genaue Sorte; Obst; Die Obstabteilung eines gewöhnlichen großen Rostocker Supermarkts; reguläres Sortiment Filialverfügbarkeit; die verlangte frische Form"	""	"TOBIAS_ROSTOCK_PROFILE|FORM_SENSITIVE"	"PROPOSED_FOR_HUMAN_REVIEW"
"DATE_SYRUP"	"Dattelsirup"	"APPLICABLE"	"Dunkler konzentrierter Sirup aus Datteln mit fruchtig-karamelligem Geschmack; nicht Melasse."	"SPECIALTY_BROAD"	"Tobias prüft „Dattelsirup“ in Rostock über ausgewählte Fachanbieter für Süßungsmittel und Backwaren, wobei die Evidenz die menschliche v2-Freigabe für diesen Weg und Frischeversand sowie einen gezielten Händlerbesuch ausweist."	"SPECIALTY"	"Über ausgewählte Fachanbieter für Süßungsmittel und Backwaren (Evidenzstand: die menschliche v2-Freigabe für diesen Weg und Frischeversand sowie einen gezielten Händlerbesuch) prüft Tobias in Rostock „Dattelsirup“, wobei folgende Abgrenzung gilt: „Dunkler konzentrierter Sirup aus Datteln mit fruchtig-karamelligem Geschmack; nicht Melasse.“"	"REQUIRED"	"Dattelsirup Dunkler konzentrierter Sirup aus Datteln mit fruchtig-karamelligem Geschmack; Tobias Rostock Backware Süßungsmittel exakte Form; Sirup; Spezialhandel für Süßungsmittel und Backwaren; mehrere unabhängige Fachhändler Marktbreite; die sirupartige Produktform"	"AV2E-027"	"REFERENCE_ANCHOR|TOBIAS_ROSTOCK_PROFILE|SPECIALTY_MARKET_BREADTH|RESEARCH_REQUIRED|PERSON_DIFFERENCE|REFERENCE_ANCHOR_V2"	"APPROVED_REFERENCE_ANCHOR_V2"
"DIJON_MUSTARD"	"Dijon-Senf"	"APPLICABLE"	"Feiner bis glatter, deutlich scharfer Senf nach Dijon-Art; nicht körniger Senf und nicht zwingend AOP-Herkunft."	"GENERAL_LOCAL"	"Die Rostocker Warenprüfung für „Dijon-Senf“ erfolgt über das Saucen-, Essig- oder Feinkostregal eines gewöhnlichen großen Rostocker Supermarkts."	"EASY"	"Tobias organisiert über das Saucen-, Essig- oder Feinkostregal eines gewöhnlichen großen Rostocker Supermarkts die Rostocker Prüfung von „Dijon-Senf“, wobei folgende Abgrenzung gilt: „Feiner bis glatter, deutlich scharfer Senf nach Dijon-Art; nicht körniger Senf und nicht zwingend AOP-Herkunft.“"	"OPTIONAL"	"Dijon-Senf Feiner bis glatter, deutlich scharfer Senf nach Dijon-Art; Tobias Rostock Würzsauce Paste Essig exakte Sorte; Senf; Das Saucen-, Essig- oder Feinkostregal eines gewöhnlichen großen Rostocker Supermarkts; reguläres Sortiment Filialverfügbarkeit; die exakt festgelegte Darreichung"	""	"TOBIAS_ROSTOCK_PROFILE"	"PROPOSED_FOR_HUMAN_REVIEW"
"DILL"	"Dill"	"APPLICABLE"	"Frische Dillspitzen mit anisartig-grünem Aroma; Stiele können mitverwendet werden, Dillsaat ist nicht gemeint."	"GENERAL_LOCAL"	"Beim Einkauf von „Dill“ nutzt Tobias die Kräuterkühlung der Obst- und Gemüseabteilung eines gewöhnlichen großen Rostocker Supermarkts."	"EASY"	"Die Beschaffung von „Dill“ über die Kräuterkühlung der Obst- und Gemüseabteilung eines gewöhnlichen großen Rostocker Supermarkts prüft Tobias in Rostock, wobei folgende Abgrenzung gilt: „Frische Dillspitzen mit anisartig-grünem Aroma; Stiele können mitverwendet werden, Dillsaat ist nicht gemeint.“"	"OPTIONAL"	"Dill Frische Dillspitzen mit anisartig-grünem Aroma; Tobias Rostock frische Kräuter Bund Topf genaue Art; Kräuter und Würzblätter; Die Kräuterkühlung der Obst- und Gemüseabteilung eines gewöhnlichen großen Rostocker Supermarkts; reguläres Sortiment Filialverfügbarkeit; die verlangte frische Form"	""	"TOBIAS_ROSTOCK_PROFILE|FORM_SENSITIVE"	"PROPOSED_FOR_HUMAN_REVIEW"
"DOENJANG"	"Doenjang"	"APPLICABLE"	"Koreanische fermentierte Sojabohnenpaste mit kräftigem, salzig-erdigem Umami; nicht Miso oder Gochujang."	"SPECIALTY_BROAD"	"Für „Doenjang“ führt der Rostocker Marktweg über Asia4Friends – Saucen und AsiaFoodland – Saucen und Pasten, wobei die Evidenz eine vor dem Einkauf erneut zu prüfende Verfügbarkeit und Standardversand ausweist."	"SPECIALTY"	"Den Weg über Asia4Friends – Saucen und AsiaFoodland – Saucen und Pasten (Evidenzstand: eine vor dem Einkauf erneut zu prüfende Verfügbarkeit und Standardversand) nutzt Tobias in Rostock für „Doenjang“, wobei folgende Abgrenzung gilt: „Koreanische fermentierte Sojabohnenpaste mit kräftigem, salzig-erdigem Umami; nicht Miso oder Gochujang.“"	"REQUIRED"	"Doenjang Koreanische fermentierte Sojabohnenpaste mit kräftigem, salzig-erdigem Umami; Tobias Rostock Würzsauce Paste Essig exakte Sorte; fermentierte Würzzutat / fertige Sauce oder Würzpaste; Asia4Friends – Saucen | AsiaFoodland – Saucen und Pasten; mehrere unabhängige Fachhändler Marktbreite; die exakt festgelegte Darreichung"	"AV2N-A-0066|AV2N-A-0067"	"TOBIAS_ROSTOCK_PROFILE|SPECIALTY_MARKET_BREADTH|RESEARCH_REQUIRED"	"PROPOSED_FOR_HUMAN_REVIEW"
"DOUBANJIANG"	"Doubanjiang"	"APPLICABLE"	"Chinesische fermentierte Bohnen-Chili-Paste, häufig auf Saubohnenbasis; salzig, scharf und ausgeprägt umamireich."	"SPECIALTY_BROAD"	"Doubanjiang: Breite chinesische Lebensmittel-Fachsortimente führen fermentierte Bohnen-Chili-Paste, häufig aus Saubohnen, in Gläsern oder Bechern; diese Marktbreite liegt außerhalb gewöhnlicher Rostocker Saucenregale."	"SPECIALTY"	"Tobias erreicht in Rostock echtes Doubanjiang über chinesischen Spezialhandel: Gesucht ist eine salzig-scharfe fermentierte Bohnen-Chili-Paste mit Umami, nicht eine beliebige süße Chilisauce oder unfermentierte Bohnenpaste."	"REQUIRED"	"Doubanjiang Chinesische fermentierte Bohnen-Chili-Paste, häufig auf Saubohnenbasis; Tobias Rostock Würzsauce Paste Essig exakte Sorte; Chilisauce oder -paste / fermentierte Würzzutat; chinesischen Lebensmittel-Spezialhandel; mehrere unabhängige Fachhändler Marktbreite; die pastöse Produktform"	"AV2E-059"	"REFERENCE_ANCHOR|TOBIAS_ROSTOCK_PROFILE|SPECIALTY_MARKET_BREADTH|RESEARCH_REQUIRED|REFERENCE_ANCHOR_V2"	"APPROVED_REFERENCE_ANCHOR_V2"
"DRAGON_FRUIT"	"Drachenfrucht"	"APPLICABLE"	"Mild-süße Pitahaya mit saftigem, samenreichem Fruchtfleisch; rote und weiße Sorten sind umfasst."	"GENERAL_BROAD"	"Die Beschaffung von „Drachenfrucht“ erfolgt in Rostock über gut sortierte Vollsortimenter und etablierte deutsche Frucht- oder Frischehändler."	"PLANNED"	"Für „Drachenfrucht“ kontrolliert Tobias den Rostocker Bezug über gut sortierte Vollsortimenter und etablierte deutsche Frucht- oder Frischehändler, wobei folgende Abgrenzung gilt: „Mild-süße Pitahaya mit saftigem, samenreichem Fruchtfleisch; rote und weiße Sorten sind umfasst.“"	"OPTIONAL"	"Drachenfrucht Mild-süße Pitahaya mit saftigem, samenreichem Fruchtfleisch; Tobias Rostock Obst frisch TK genaue Sorte; Tropenfrucht; gut sortierte Vollsortimenter und etablierte deutsche Frucht- oder Frischehändler; gezielter Einkauf Deutschland Wochenvorlauf; die exakt festgelegte Darreichung"	""	"TOBIAS_ROSTOCK_PROFILE"	"PROPOSED_FOR_HUMAN_REVIEW"
"DRIED_APRICOT"	"getrocknete Aprikosen"	"APPLICABLE"	"Getrocknete Aprikosen mit konzentrierter Süße und zäher Textur; geschwefelte und ungeschwefelte Ware ist möglich."	"GENERAL_LOCAL"	"Tobias prüft „getrocknete Aprikosen“ in Rostock über das Trockenobst-, Tiefkühlobst- oder Obstkonservenregal eines gewöhnlichen großen Rostocker Supermarkts."	"EASY"	"Über das Trockenobst-, Tiefkühlobst- oder Obstkonservenregal eines gewöhnlichen großen Rostocker Supermarkts prüft Tobias in Rostock „getrocknete Aprikosen“, wobei folgende Abgrenzung gilt: „Getrocknete Aprikosen mit konzentrierter Süße und zäher Textur; geschwefelte und ungeschwefelte Ware ist möglich.“"	"OPTIONAL"	"getrocknete Aprikosen Getrocknete Aprikosen mit konzentrierter Süße und zäher Textur; Tobias Rostock Frucht genaue Sorte haltbar TK; Aprikose / Trockenfrüchte; Das Trockenobst-, Tiefkühlobst- oder Obstkonservenregal eines gewöhnlichen großen Rostocker Supermarkts; reguläres Sortiment Filialverfügbarkeit; die getrocknete Produktform"	""	"TOBIAS_ROSTOCK_PROFILE"	"PROPOSED_FOR_HUMAN_REVIEW"
"DRIED_CHILI"	"getrocknete Chili"	"APPLICABLE"	"Ganze oder grob zerteilte getrocknete Chili mit konzentriertem Aroma; Pulver und feine Flocken sind damit nicht gemeint."	"GENERAL_BROAD"	"Die Beschaffung von „getrocknete Chili“ erfolgt in Rostock über gut sortierte Vollsortimenter und etablierte deutsche Gewürzhändler."	"PLANNED"	"Für „getrocknete Chili“ kontrolliert Tobias den Rostocker Bezug über gut sortierte Vollsortimenter und etablierte deutsche Gewürzhändler, wobei folgende Abgrenzung gilt: „Ganze oder grob zerteilte getrocknete Chili mit konzentriertem Aroma; Pulver und feine Flocken sind damit nicht gemeint.“"	"OPTIONAL"	"getrocknete Chili Ganze oder grob zerteilte getrocknete Chili mit konzentriertem Aroma; Tobias Rostock Gewürz ganze gemahlene getrocknete Form; Gewürz oder trockenes Würzmittel; gut sortierte Vollsortimenter und etablierte deutsche Gewürzhändler; gezielter Einkauf Deutschland Wochenvorlauf; die getrocknete Produktform"	""	"TOBIAS_ROSTOCK_PROFILE"	"PROPOSED_FOR_HUMAN_REVIEW"
"DRIED_FISH"	"getrockneter Fisch"	"APPLICABLE"	"Offene Familie von Fischprodukten, deren wesentliche Konservierung durch Trocknung erfolgt; Salz kann, muss aber nicht beteiligt sein. Nicht bloß geräucherter oder konservierter Fisch ohne maßgebliche Trocknung."	"SPECIALTY_BROAD"	"Tobias prüft „getrockneter Fisch“ in Rostock über Asia4Friends – Fisch und Meeresfrüchte und Filipino Asian Store – Tuyo dried salted herring, wobei die Evidenz eine vor dem Einkauf erneut zu prüfende Verfügbarkeit und Standardversand ausweist."	"SPECIALTY"	"Über Asia4Friends – Fisch und Meeresfrüchte und Filipino Asian Store – Tuyo dried salted herring (Evidenzstand: eine vor dem Einkauf erneut zu prüfende Verfügbarkeit und Standardversand) prüft Tobias in Rostock „getrockneter Fisch“, wobei folgende Abgrenzung gilt: „Offene Familie von Fischprodukten, deren wesentliche Konservierung durch Trocknung erfolgt; Salz kann, muss aber nicht beteiligt sein. Nicht bloß geräucherter oder konservierter Fisch ohne maßgebliche Trocknung.“"	"REQUIRED"	"getrockneter Fisch Offene Familie von Fischprodukten, deren wesentliche Konservierung durch…; Tobias Rostock Fisch Seafood exakte Art Konserve Trockenware; konservierter Fisch; Filipino Asian Store – Tuyo dried salted herring | Asia4Friends; mehrere unabhängige Fachhändler Marktbreite; die präzise tierische Produktform"	"AV2N-A-0068|AV2N-A-0069"	"TOBIAS_ROSTOCK_PROFILE|SPECIALTY_MARKET_BREADTH|RESEARCH_REQUIRED"	"PROPOSED_FOR_HUMAN_REVIEW"
"DRIED_FRUIT"	"Trockenfrüchte"	"APPLICABLE"	"Offene Vorgabe für durch Trocknung konzentriertes Obst; Sorte, Stückgröße und eventuelle Süßung bleiben wählbar."	"GENERAL_LOCAL"	"Für „Trockenfrüchte“ führt der Rostocker Marktweg über das Trockenobst-, Tiefkühlobst- oder Obstkonservenregal eines gewöhnlichen großen Rostocker Supermarkts."	"EASY"	"Den Weg über das Trockenobst-, Tiefkühlobst- oder Obstkonservenregal eines gewöhnlichen großen Rostocker Supermarkts nutzt Tobias in Rostock für „Trockenfrüchte“, wobei folgende Abgrenzung gilt: „Offene Vorgabe für durch Trocknung konzentriertes Obst; Sorte, Stückgröße und eventuelle Süßung bleiben wählbar.“"	"OPTIONAL"	"Trockenfrüchte Offene Vorgabe für durch Trocknung konzentriertes Obst; Tobias Rostock Frucht genaue Sorte haltbar TK; Obst; Das Trockenobst-, Tiefkühlobst- oder Obstkonservenregal eines gewöhnlichen großen Rostocker Supermarkts; reguläres Sortiment Filialverfügbarkeit; die exakt festgelegte Darreichung"	""	"TOBIAS_ROSTOCK_PROFILE"	"PROPOSED_FOR_HUMAN_REVIEW"
"DRIED_SHRIMP"	"getrocknete Garnelen"	"APPLICABLE"	"Durch Trocknung haltbar gemachte Garnelen, ganz oder grob zerkleinert; sie liefern konzentriertes Umami für Brühen, Füllungen, Toppings und Würzpasten. Nicht Garnelenpulver oder fermentierte Garnelenpaste."	"SPECIALTY_BROAD"	"Tobias prüft „getrocknete Garnelen“ in Rostock über spezialisierte Bezugsquellen für haltbare Fisch- und Seafoodprodukte, wobei die Evidenz die menschliche v2-Freigabe für diesen Weg und einen gezielten Händlerbesuch sowie Standardversand ausweist."	"SPECIALTY"	"Über spezialisierte Bezugsquellen für haltbare Fisch- und Seafoodprodukte (Evidenzstand: die menschliche v2-Freigabe für diesen Weg und einen gezielten Händlerbesuch sowie Standardversand) prüft Tobias in Rostock „getrocknete Garnelen“, wobei folgende Abgrenzung gilt: „Durch Trocknung haltbar gemachte Garnelen, ganz oder grob zerkleinert; sie liefern konzentriertes Umami für Brühen, Füllungen, Toppings und Würzpasten. Nicht Garnelenpulver oder fermentierte Garnelenpaste.“"	"REQUIRED"	"getrocknete Garnelen Durch Trocknung haltbar gemachte Garnelen, ganz oder grob zerkleinert; Tobias Rostock Fisch Seafood exakte Art Konserve Trockenware; Garnelen; Spezialhandel für haltbare Fisch- und Seafoodprodukte; mehrere unabhängige Fachhändler Marktbreite; die geforderte ganze oder körnige Form"	"AV2E-058"	"REFERENCE_ANCHOR|TOBIAS_ROSTOCK_PROFILE|SPECIALTY_MARKET_BREADTH|RESEARCH_REQUIRED|REFERENCE_ANCHOR_V2"	"APPROVED_REFERENCE_ANCHOR_V2"
"DRIED_WILD_MUSHROOMS"	"getrocknete Waldpilze"	"APPLICABLE"	"Getrocknete aromatische Waldpilze, einzeln oder gemischt; nicht auf eine einzelne Pilzart festgelegt."	"GENERAL_BROAD"	"Tobias prüft „getrocknete Waldpilze“ in Rostock über gut sortierte Vollsortimenter und etablierte deutsche Händler für konservierte Pilze."	"PLANNED"	"Über gut sortierte Vollsortimenter und etablierte deutsche Händler für konservierte Pilze prüft Tobias in Rostock „getrocknete Waldpilze“, wobei folgende Abgrenzung gilt: „Getrocknete aromatische Waldpilze, einzeln oder gemischt; nicht auf eine einzelne Pilzart festgelegt.“"	"OPTIONAL"	"getrocknete Waldpilze Getrocknete aromatische Waldpilze, einzeln oder gemischt; Tobias Rostock Pilze genaue Art Dose Glas TK; Pilze; gut sortierte Vollsortimenter und etablierte deutsche Händler für konservierte Pilze; gezielter Einkauf Deutschland Wochenvorlauf; die getrocknete Produktform"	""	"TOBIAS_ROSTOCK_PROFILE"	"PROPOSED_FOR_HUMAN_REVIEW"
"DUCK"	"Ente"	"APPLICABLE"	"Entenfleisch ohne Festlegung auf Brust, Keule oder ganzes Tier; Haut und Fett können prägende Bestandteile sein."	"GENERAL_BROAD"	"Für Rostock belegt GOURMET VERSAND rohe Entenbrust mit Haut und Fettschicht als aktuell bestellbaren Entenzuschnitt. Der deutschlandweite Tiefkühl-Express erfordert eine terminierte Bestellung."	"PLANNED"	"Ente wird für Tobias über einen konkreten rohen Entenbrust-Zuschnitt mit Haut und Fettschicht greifbar. GOURMET VERSAND weist die vakuumierte Ware aktuell als sofort lieferbar aus und sendet sie tiefgekühlt nach Rostock; andere Zuschnitte bleiben offen."	"OPTIONAL"	"Ente rohe Entenbrust Haut Fettschicht ca. 400 g GOURMET VERSAND Tiefkühlversand Rostock Deutschland"	"AV2N-A-0070"	"TOBIAS_ROSTOCK_PROFILE"	"PROPOSED_FOR_HUMAN_REVIEW"
"DUCK_BREAST"	"Entenbrust"	"APPLICABLE"	"Entenbrust mit dunklem Fleisch und typischer Fettschicht unter der Haut; mit oder ohne Haut verwendbar."	"GENERAL_BROAD"	"Die formgenaue Route ist rohe Entenbrust mit Haut und Fettschicht bei GOURMET VERSAND. Aktueller Warenkorb und deutschlandweiter Tiefkühlversand tragen einen vorbereiteten Einkauf nach Rostock."	"PLANNED"	"Für Tobias belegt GOURMET VERSAND eine rohe Entenbrust von etwa 400 g mit charakteristischer Haut- und Fettschicht. Der Artikel ist aktuell bestellbar, erreicht Rostock jedoch tiefgekühlt per Express und gehört daher in den geplanten Einkauf."	"OPTIONAL"	"Entenbrust roh vakuumiert Haut Fettschicht GOURMET VERSAND sofort lieferbar Rostock Tiefkühlversand"	"AV2N-A-0071"	"TOBIAS_ROSTOCK_PROFILE"	"PROPOSED_FOR_HUMAN_REVIEW"
"DUCK_CONFIT"	"Entenconfit"	"APPLICABLE"	"Gesalzene Ententeile, typischerweise Keule beziehungsweise vergleichbare Teilstücke, langsam in Entenfett gegart und traditionell darin konserviert. Nicht bloß Entenfleisch oder eine frisch gebratene Entenkeule."	"GENERAL_BROAD"	"GOURMET VERSAND weist ein 1,35-kg-Gebinde mit vier in Entenfett confierten Keulen als sofort lieferbar aus. Der ungekühlte Deutschlandversand erlaubt Tobias eine terminierte Standardbestellung."	"PLANNED"	"Tobias kann Entenconfit formgenau als vier gegarte Entenkeulen in Entenfett bestellen. Die konkrete Rougié-Dose ist aktuell lieferbar und erreicht Rostock ohne Kühlkette; sie ersetzt weder rohes Entenfleisch noch eine frisch gebratene Keule."	"REQUIRED"	"Entenconfit Entenkeulen in Entenfett Rougié Dose sofort lieferbar Standardversand Rostock"	"AV2N-A-0072"	"TOBIAS_ROSTOCK_PROFILE|FORM_SENSITIVE|RESEARCH_REQUIRED"	"PROPOSED_FOR_HUMAN_REVIEW"
"DUCK_EGG"	"Entenei"	"APPLICABLE"	"Größeres, fettreicheres Ei der Ente; frisch zu garen, nicht bereits gesalzen oder fermentiert."	"NICHE_IMPORT"	"Tobias prüft „Entenei“ in Rostock über Gourmet Versand – Enten, Gänse und Foie gras, wobei die Evidenz eine vor dem Einkauf erneut zu prüfende Verfügbarkeit und Kühlversand ausweist."	"DIFFICULT"	"Über Gourmet Versand – Enten, Gänse und Foie gras (Evidenzstand: eine vor dem Einkauf erneut zu prüfende Verfügbarkeit und Kühlversand) prüft Tobias in Rostock „Entenei“, wobei folgende Abgrenzung gilt: „Größeres, fettreicheres Ei der Ente; frisch zu garen, nicht bereits gesalzen oder fermentiert.“"	"REQUIRED"	"Entenei Größeres, fettreicheres Ei der Ente; frisch zu garen, nicht bereits gesalzen…; Tobias Rostock Ei genaue Tierart frisch konserviert; Eier; Gourmet Versand – Enten, Gänse und Foie gras; Bestand Produktform Versandlogistik; die verlangte frische Form"	"AV2N-A-0073"	"TOBIAS_ROSTOCK_PROFILE|FORM_SENSITIVE|RESEARCH_REQUIRED|RATING_RECONCILED_V2"	"PROPOSED_FOR_HUMAN_REVIEW"
"DUCK_FAT"	"Entenfett"	"APPLICABLE"	"Ausgelassenes Entenfett mit charakteristischem Geflügelaroma zum Braten, Confieren oder Verfeinern."	"GENERAL_BROAD"	"Die belastbare Rostocker Route ist ein aktuell bestellbares 320-g-Glas Entenschmalz bei GOURMET VERSAND. Es wird ungekühlt verschickt; nur die leichte Salzung ist bei der Rezeptwahl zu berücksichtigen."	"PLANNED"	"Entenfett erreicht Tobias als ausgelassenes, leicht gesalzenes Entenschmalz im Glas. Der konkrete Artikel ist aktuell sofort lieferbar und kommt per Standardpaket nach Rostock, sodass keine fälschlich angenommene Kühlkette nötig ist."	"OPTIONAL"	"Entenfett ausgelassen leicht gesalzen Entenschmalz Glas GOURMET VERSAND ungekühlt Rostock"	"AV2N-A-0074"	"TOBIAS_ROSTOCK_PROFILE"	"PROPOSED_FOR_HUMAN_REVIEW"
"DUCK_LEG"	"Entenkeule"	"APPLICABLE"	"Entenkeule mit dunklem, bindegewebsreichem Fleisch; für Braten, Schmoren oder Confieren geeignet."	"GENERAL_BROAD"	"Eine rohe Barbarie-Entenkeule mit Haut ist bei Heine Delikatessen aktuell bestellbar und wird tiefgekühlt deutschlandweit zugestellt. Tages- oder Wunschtermin macht den Weg nach Rostock planbar."	"PLANNED"	"Tobias erhält Entenkeule als rohes, ungewürztes 300–400-g-Stück mit Haut über Heine Delikatessen. Die sofort verfügbare Ware kommt tiefgekühlt zum gewählten Termin nach Rostock und eignet sich anschließend zum Braten, Schmoren oder Confieren."	"OPTIONAL"	"Entenkeule roh mit Haut Heine Delikatessen sofort verfügbar tiefgekühlt Wunschtermin Rostock"	"AV2N-A-0075"	"TOBIAS_ROSTOCK_PROFILE"	"PROPOSED_FOR_HUMAN_REVIEW"
"DULSE"	"Dulse"	"APPLICABLE"	"Essbare rote Meeresalge mit salzigem, leicht rauchig-umamireichem Geschmack; meist getrocknet erhältlich."	"GENERAL_BROAD"	"Dulse: Shop Apotheke führt Arche Dulse als getrocknete purpurrote Palmaria palmata über einen Plattformhändler mit normaler deutscher Lieferfrist und Standardversand."	"PLANNED"	"Tobias kann die rote Meeresalge in der verlangten Trockenform als Arche Dulse bei Shop Apotheke nach Rostock bestellen; vorab zu prüfen sind der Händlerbestand und die Lieferzeit, nicht ein gewöhnliches Obst- und Gemüseregal."	"OPTIONAL"	"Arche Dulse Algen 30 g | Palmaria palmata getrocknet | Shop Apotheke Standardversand Rostock"	"AV2N-A-0076"	"TOBIAS_ROSTOCK_PROFILE"	"PROPOSED_FOR_HUMAN_REVIEW"
"DUMPLING_DOUGH"	"Dumpling-Teig"	"APPLICABLE"	"Ungeschnittener Teig zur Herstellung von Dumpling-Hüllen; Zusammensetzung und Dicke bleiben offen."	"GENERAL_BROAD"	"BÜRGER – Nudelteig/Maultaschenteig 500 g belegt formgenau: BÜRGER führt ein ungeschnittenes aufgerolltes 500-g-Teigband für frei geformte Maultaschen und Ravioli im aktuellen Regelsortiment. Für Tobias in Rostock gilt: Aktuelles deutsches Hersteller-Regelsortiment mit allgemeinem Kühlregalvertrieb; Bornheim und Rostock filialbezogen prüfen; Logistik CHILLED_SHIPPING. Die Eignung zum Zuschneiden eigener Hüllen ist eine transparente Formableitung; das Produkt enthält Ei und ist kein Händlerbeleg für vorgeschnittene asiatische Wrapper."	"PLANNED"	"Tobias muss den Bestand am gewählten Rostocker Standort der gekühlten Teigbahn vor dem Einkauf prüfen; belegt ist unportionierter Teig zum eigenen Schneiden, nicht ein Paket vorgeschnittener Blätter."	"REQUIRED"	"Bürger Nudelteig Maultaschenteig 500 g ungeschnitten Teigband Regelsortiment | Tobias in Rostock | REGULAR_RANGE CHILLED_SHIPPING"	"AV2N-A-0077|AV2N-P-0009"	"TOBIAS_ROSTOCK_PROFILE|SPECIALTY_MARKET_BREADTH|RESEARCH_REQUIRED|RATING_RECONCILED_V2"	"PROPOSED_FOR_HUMAN_REVIEW"
"DUMPLING_WRAPPERS"	"Teigblatt oder Dumpling-Hülle"	"APPLICABLE"	"Offene Vorgabe für dünne Teigblätter zum Füllen und Falten; Weizen-, Reis- und andere geeignete Hüllen sind möglich."	"SPECIALTY_BROAD"	"Tobias prüft „Teigblatt oder Dumpling-Hülle“ in Rostock über Händler mit Sortimenten für Getreide, Stärke und Teigwaren, wobei die Evidenz die menschliche v2-Freigabe für diesen Weg und Frischeversand sowie einen gezielten Händlerbesuch ausweist."	"SPECIALTY"	"Über Händler mit Sortimenten für Getreide, Stärke und Teigwaren (Evidenzstand: die menschliche v2-Freigabe für diesen Weg und Frischeversand sowie einen gezielten Händlerbesuch) prüft Tobias in Rostock „Teigblatt oder Dumpling-Hülle“, wobei folgende Abgrenzung gilt: „Offene Vorgabe für dünne Teigblätter zum Füllen und Falten; Weizen-, Reis- und andere geeignete Hüllen sind möglich.“"	"REQUIRED"	"Teigblatt oder Dumpling-Hülle Offene Vorgabe für dünne Teigblätter zum Füllen und Falten; Tobias Rostock Getreide Stärke Teigware genaue Form; stärkehaltige Zutat oder Sättigungsbeilage; Spezialhandel für Getreide, Stärke und Teigwaren; mehrere unabhängige Fachhändler Marktbreite; die exakt festgelegte Darreichung"	"AV2E-055"	"REFERENCE_ANCHOR|TOBIAS_ROSTOCK_PROFILE|SPECIALTY_MARKET_BREADTH|RESEARCH_REQUIRED|REFERENCE_ANCHOR_V2"	"APPROVED_REFERENCE_ANCHOR_V2"
"EDAM"	"Edamer"	"APPLICABLE"	"Halbfester Kuhmilchkäse nach Edamer Art; umfasst Edam/Edamer als Produkttyp und ist nicht auf die geschützte Herkunftsbezeichnung Edam Holland beschränkt."	"GENERAL_LOCAL"	"Der konkrete Bezug von „Edamer“ läuft über die Käsekühlung oder Käsetheke eines gewöhnlichen großen Rostocker Supermarkts."	"EASY"	"Das Angebot zu „Edamer“ über die Käsekühlung oder Käsetheke eines gewöhnlichen großen Rostocker Supermarkts kontrolliert Tobias in Rostock, wobei folgende Abgrenzung gilt: „Halbfester Kuhmilchkäse nach Edamer Art; umfasst Edam/Edamer als Produkttyp und ist nicht auf die geschützte Herkunftsbezeichnung Edam Holland beschränkt.“"	"OPTIONAL"	"Edamer Halbfester Kuhmilchkäse nach Edamer Art; umfasst Edam/Edamer als Produkttyp…; Tobias Rostock Käse genaue Sorte Milch Reifung; Käse; Die Käsekühlung oder Käsetheke eines gewöhnlichen großen Rostocker Supermarkts; reguläres Sortiment Filialverfügbarkeit; die präzise gekühlte oder tierische Produktform"	""	"TOBIAS_ROSTOCK_PROFILE"	"PROPOSED_FOR_HUMAN_REVIEW"
"EDAMAME"	"Edamame"	"APPLICABLE"	"Unreif geerntete grüne Sojabohnen, meist in der Schote blanchiert oder ausgelöst; nicht reife trockene Sojabohnen."	"GENERAL_BROAD"	"Die REWE-Produktseite belegt tiefgekühlte Edamame in der Schote im allgemeinen Filialnetz. Tobias muss vorab einen Rostocker Markt wählen, weil Preis und Bestand standortabhängig angezeigt werden."	"PLANNED"	"Für Tobias führt der allgemeine Weg zu REWE Bio Edamame über die konkrete 500-g-Tiefkühlpackung. Die unreifen grünen Sojabohnen passen zur Schotenform, doch erst die Auswahl einer Rostocker Filiale klärt den Bestand; EASY folgt daraus nicht."	"REQUIRED"	"REWE Bio Edamame 500 g TK unreife Sojabohnen Schote Marktauswahl Rostock"	"AV2N-A-0078"	"TOBIAS_ROSTOCK_PROFILE|SPECIALTY_MARKET_BREADTH|RESEARCH_REQUIRED|RATING_RECONCILED_V2"	"PROPOSED_FOR_HUMAN_REVIEW"
"EDIBLE_SNAILS"	"essbare Schnecken"	"APPLICABLE"	"Offene Familie essbarer Land-, Süßwasser- und Meeresschnecken als küchenfertige Zutat; Art und Lebensraum bleiben wählbar. Nicht Muscheln oder andere Weichtiergruppen."	"GENERAL_BROAD"	"Eine erlaubte Form essbarer Schnecken ist im allgemeinen Feinkostversand vorhanden: Gourmet Versand führt Helix-lucorum-Weinbergschnecken als lagernde Dosenware mit Deutschlandzustellung."	"PLANNED"	"Tobias kann diese konkret belegte Landschnecken-Konserve nach Rostock liefern lassen; die offene Familie gilt damit über eine zulässige Wahl, nicht über Muscheln oder sämtliche Schneckenarten."	"REQUIRED"	"Gourmet Versand Helix lucorum Weinbergschnecken Dose lagernd Rostock"	"AV2N-A-0079"	"TOBIAS_ROSTOCK_PROFILE|RESEARCH_REQUIRED"	"PROPOSED_FOR_HUMAN_REVIEW"
"EEL"	"Aal"	"APPLICABLE"	"Aal als fettreicher Fisch mit festem Fleisch; frisch, geräuchert oder anderweitig verarbeitet nur bei entsprechender Produktwahl."	"GENERAL_BROAD"	"Tobias prüft „Aal“ in Rostock über Vorbestellung an einer gut sortierten Supermarkt-Fischtheke oder etablierter bundesweiter Seafood-Versand, wobei die Evidenz die menschliche v2-Freigabe für diesen Weg und Kühlversand sowie einen gezielten Händlerbesuch ausweist."	"PLANNED"	"Über Vorbestellung an einer gut sortierten Supermarkt-Fischtheke oder etablierter bundesweiter Seafood-Versand (Evidenzstand: die menschliche v2-Freigabe für diesen Weg und Kühlversand sowie einen gezielten Händlerbesuch) prüft Tobias in Rostock „Aal“, wobei folgende Abgrenzung gilt: „Aal als fettreicher Fisch mit festem Fleisch; frisch, geräuchert oder anderweitig verarbeitet nur bei entsprechender Produktwahl.“"	"REQUIRED"	"Aal Aal als fettreicher Fisch mit festem Fleisch; Tobias Rostock Fisch Seafood Frische TK genauer Zuschnitt; fettreicher Fisch; Vorbestellung an einer gut sortierten Supermarkt-Fischtheke oder etablierter bundesweiter Seafood-Versand; gezielter Einkauf Deutschland Wochenvorlauf; die verlangte frische Form"	"AV2E-019"	"REFERENCE_ANCHOR|TOBIAS_ROSTOCK_PROFILE|FORM_SENSITIVE|RESEARCH_REQUIRED|REFERENCE_ANCHOR_V2"	"APPROVED_REFERENCE_ANCHOR_V2"
"EGG"	"Ei"	"APPLICABLE"	"Ein einzelnes Hühnerei als allgemein verfügbare Kochzutat; Eier anderer Tierarten sind damit nicht gemeint."	"GENERAL_LOCAL"	"Tobias prüft „Ei“ in Rostock über das Eier- oder Kühlregal eines gewöhnlichen großen Rostocker Supermarkts."	"EASY"	"Über das Eier- oder Kühlregal eines gewöhnlichen großen Rostocker Supermarkts prüft Tobias in Rostock „Ei“, wobei folgende Abgrenzung gilt: „Ein einzelnes Hühnerei als allgemein verfügbare Kochzutat; Eier anderer Tierarten sind damit nicht gemeint.“"	"OPTIONAL"	"Ei Ein einzelnes Hühnerei als allgemein verfügbare Kochzutat; Tobias Rostock Ei genaue Tierart frisch konserviert; Eier; Das Eier- oder Kühlregal eines gewöhnlichen großen Rostocker Supermarkts; reguläres Sortiment Filialverfügbarkeit; die präzise gekühlte oder tierische Produktform"	""	"TOBIAS_ROSTOCK_PROFILE"	"PROPOSED_FOR_HUMAN_REVIEW"
"EGG_NOODLES"	"Eiernudeln"	"APPLICABLE"	"Nudeln mit Ei als prägendem Teigbestandteil; Form und Dicke bleiben offen."	"GENERAL_LOCAL"	"Der konkrete Bezug von „Eiernudeln“ läuft über das Getreide-, Mehl-, Reis- oder Teigwarenregal eines gewöhnlichen großen Rostocker Supermarkts."	"EASY"	"Das Angebot zu „Eiernudeln“ über das Getreide-, Mehl-, Reis- oder Teigwarenregal eines gewöhnlichen großen Rostocker Supermarkts kontrolliert Tobias in Rostock, wobei folgende Abgrenzung gilt: „Nudeln mit Ei als prägendem Teigbestandteil; Form und Dicke bleiben offen.“"	"OPTIONAL"	"Eiernudeln Nudeln mit Ei als prägendem Teigbestandteil; Tobias Rostock Getreide Stärke Teigware genaue Form; Nudeln; Das Getreide-, Mehl-, Reis- oder Teigwarenregal eines gewöhnlichen großen Rostocker Supermarkts; reguläres Sortiment Filialverfügbarkeit; die exakt festgelegte Darreichung"	""	"TOBIAS_ROSTOCK_PROFILE"	"PROPOSED_FOR_HUMAN_REVIEW"
"EGGPLANT"	"Aubergine"	"APPLICABLE"	"Aubergine mit schwammigem, beim Garen cremig werdendem Fruchtfleisch; Sorte und Farbe bleiben offen."	"GENERAL_LOCAL"	"Tobias prüft „Aubergine“ in Rostock über die Gemüseabteilung eines gewöhnlichen großen Rostocker Supermarkts."	"EASY"	"Über die Gemüseabteilung eines gewöhnlichen großen Rostocker Supermarkts prüft Tobias in Rostock „Aubergine“ nach dieser Produktbeschreibung: „Aubergine mit schwammigem, beim Garen cremig werdendem Fruchtfleisch; Sorte und Farbe bleiben offen.“"	"OPTIONAL"	"Aubergine Aubergine mit schwammigem, beim Garen cremig werdendem Fruchtfleisch; Tobias Rostock Gemüse frisch TK genaue Sorte; Fruchtgemüse; Die Gemüseabteilung eines gewöhnlichen großen Rostocker Supermarkts; reguläres Sortiment Filialverfügbarkeit; die exakt festgelegte Darreichung"	""	"TOBIAS_ROSTOCK_PROFILE"	"PROPOSED_FOR_HUMAN_REVIEW"
"EGGS"	"Eier"	"APPLICABLE"	"Offene Vorgabe für Vogeleier; Art, Größe und Zubereitungsfunktion werden bewusst nicht festgelegt."	"GENERAL_LOCAL"	"Tobias prüft „Eier“ in Rostock über das Eier- oder Kühlregal eines gewöhnlichen großen Rostocker Supermarkts."	"EASY"	"Über das Eier- oder Kühlregal eines gewöhnlichen großen Rostocker Supermarkts prüft Tobias in Rostock „Eier“, wobei folgende Abgrenzung gilt: „Offene Vorgabe für Vogeleier; Art, Größe und Zubereitungsfunktion werden bewusst nicht festgelegt.“"	"OPTIONAL"	"Eier Offene Vorgabe für Vogeleier; Art, Größe und Zubereitungsfunktion werden…; Tobias Rostock Ei genaue Tierart frisch konserviert; Eiprodukte; Das Eier- oder Kühlregal eines gewöhnlichen großen Rostocker Supermarkts; reguläres Sortiment Filialverfügbarkeit; die präzise gekühlte oder tierische Produktform"	""	"TOBIAS_ROSTOCK_PROFILE"	"PROPOSED_FOR_HUMAN_REVIEW"
"EGUSI_SEEDS"	"Egusi-Samen"	"APPLICABLE"	"Ölreiche Samen bestimmter westafrikanischer Melonenarten, meist gemahlen zum Binden und Aromatisieren; nicht Kürbiskerne."	"SPECIALTY_BROAD"	"Tobias prüft „Egusi-Samen“ in Rostock über Africa Shop 24 – afrikanische Lebensmittel und Afrika-Laden – Lebensmittel, wobei die Evidenz eine vor dem Einkauf erneut zu prüfende Verfügbarkeit und Standardversand ausweist."	"SPECIALTY"	"Über Africa Shop 24 – afrikanische Lebensmittel und Afrika-Laden – Lebensmittel (Evidenzstand: eine vor dem Einkauf erneut zu prüfende Verfügbarkeit und Standardversand) prüft Tobias in Rostock „Egusi-Samen“, wobei folgende Abgrenzung gilt: „Ölreiche Samen bestimmter westafrikanischer Melonenarten, meist gemahlen zum Binden und Aromatisieren; nicht Kürbiskerne.“"	"REQUIRED"	"Egusi-Samen Ölreiche Samen bestimmter westafrikanischer Melonenarten, meist gemahlen zum…; Tobias Rostock Nuss Samen Mus genaue Rohware; Kerne und Samen; Africa Shop 24 – afrikanische Lebensmittel | Afrika-Laden – Lebensmittel; mehrere unabhängige Fachhändler Marktbreite; die gemahlene oder pulverisierte Form"	"AV2N-A-0080|AV2N-A-0081"	"TOBIAS_ROSTOCK_PROFILE|SPECIALTY_MARKET_BREADTH|RESEARCH_REQUIRED"	"PROPOSED_FOR_HUMAN_REVIEW"
"ELDERBERRY"	"Holunderbeeren"	"APPLICABLE"	"Reife Holunderbeeren mit herb-säuerlichem Aroma; nur gegart verwenden, nicht rohe unreife Beeren."	"GENERAL_BROAD"	"Holunderbeeren: GOURMET VERSAND weist ganze tiefgekühlte Holunderbeeren mit bundesweitem TK-Expressversand aktuell auf Lager aus. der Artikel kann je nach Rostocker Markt fehlen."	"PLANNED"	"Für Tobias in Rostock gilt: Holunderbeeren werden als ganze TK-Beeren geplant bestellt und vor dem Verzehr gegart; rohe oder unreife Beeren bleiben ausgeschlossen."	"REQUIRED"	"Holunderbeeren ganz tiefgekühlt 1 kg GOURMET VERSAND Lager TK Express; Tobias Rostock konkrete Produktseite Bestand Logistik 2026-09-04"	"AV2N-A-0082"	"TOBIAS_ROSTOCK_PROFILE|RESEARCH_REQUIRED"	"PROPOSED_FOR_HUMAN_REVIEW"
"ENDIVE"	"Endivie"	"APPLICABLE"	"Endivienblätter mit knackiger Textur und deutlicher Bitterkeit; glatte und krause Formen sind umfasst."	"GENERAL_LOCAL"	"Für „Endivie“ führt der Rostocker Marktweg über die Gemüseabteilung eines gewöhnlichen großen Rostocker Supermarkts."	"EASY"	"Den Weg über die Gemüseabteilung eines gewöhnlichen großen Rostocker Supermarkts nutzt Tobias in Rostock für „Endivie“ nach dieser Produktbeschreibung: „Endivienblätter mit knackiger Textur und deutlicher Bitterkeit; glatte und krause Formen sind umfasst.“"	"OPTIONAL"	"Endivie Endivienblätter mit knackiger Textur und deutlicher Bitterkeit; Tobias Rostock Gemüse frisch TK genaue Sorte; Blattsalat; Die Gemüseabteilung eines gewöhnlichen großen Rostocker Supermarkts; reguläres Sortiment Filialverfügbarkeit; die exakt festgelegte Darreichung"	""	"TOBIAS_ROSTOCK_PROFILE"	"PROPOSED_FOR_HUMAN_REVIEW"
"ENOKI"	"Enoki"	"APPLICABLE"	"Langstielige, kleinhütige Enoki-Pilze mit zartem Biss und mildem Geschmack; kultivierte helle Ware ist üblich."	"SPECIALTY_BROAD"	"Tobias prüft „Enoki“ in Rostock über Asia Moin – Gemüse und Asia4Friends – Gemüse, wobei die Evidenz eine vor dem Einkauf erneut zu prüfende Verfügbarkeit und Frischeversand ausweist."	"SPECIALTY"	"Über Asia Moin – Gemüse und Asia4Friends – Gemüse (Evidenzstand: eine vor dem Einkauf erneut zu prüfende Verfügbarkeit und Frischeversand) prüft Tobias in Rostock „Enoki“, wobei folgende Abgrenzung gilt: „Langstielige, kleinhütige Enoki-Pilze mit zartem Biss und mildem Geschmack; kultivierte helle Ware ist üblich.“"	"REQUIRED"	"Enoki Langstielige, kleinhütige Enoki-Pilze mit zartem Biss und mildem Geschmack; Tobias Rostock Pilze frisch genaue Art; Pilze; Asia4Friends – Gemüse | Asia Moin – Gemüse; mehrere unabhängige Fachhändler Marktbreite; die exakt festgelegte Darreichung"	"AV2N-A-0083|AV2N-A-0084"	"TOBIAS_ROSTOCK_PROFILE|SPECIALTY_MARKET_BREADTH|RESEARCH_REQUIRED"	"PROPOSED_FOR_HUMAN_REVIEW"
"ESCARGOT"	"Weinbergschnecken"	"APPLICABLE"	"Essbare Landschnecken nach Weinbergschnecken-/Escargot-Art, küchenfertig ausgelöst oder im Gehäuse; frisch, tiefgekühlt oder konserviert. Nicht Meer- oder Süßwasserschnecken."	"GENERAL_BROAD"	"Gekochte Weinbergschnecken in der Dose über allgemeinen französischen Feinkostversand; Marie Monde weist Helix pomatia aktuell mit kleinem Bestand aus."	"PLANNED"	"Tobias plant Escargots anhand der formgenauen Marie-Monde-Konserve und rechnet wegen des niedrigen Bestands mit Verfügbarkeitsprüfung vor der Rostock-Lieferung."	"REQUIRED"	"Marie Monde Escargots Helix pomatia Weinbergschnecken gekocht Dose Bestand Rostock"	"AV2N-A-0085"	"TOBIAS_ROSTOCK_PROFILE|FORM_SENSITIVE|RESEARCH_REQUIRED"	"PROPOSED_FOR_HUMAN_REVIEW"
"EVAPORATED_MILK"	"Kondensmilch"	"APPLICABLE"	"Ungesüßte, durch Wasserentzug konzentrierte Milch; nicht gezuckerte Kondensmilch."	"GENERAL_BROAD"	"Tobias prüft „Kondensmilch“ in Rostock über gut sortierte Vollsortimenter und etablierte deutsche Molkereihändler."	"PLANNED"	"Über gut sortierte Vollsortimenter und etablierte deutsche Molkereihändler prüft Tobias in Rostock „Kondensmilch“, wobei folgende Abgrenzung gilt: „Ungesüßte, durch Wasserentzug konzentrierte Milch; nicht gezuckerte Kondensmilch.“"	"OPTIONAL"	"Kondensmilch Ungesüßte, durch Wasserentzug konzentrierte Milch; Tobias Rostock Milchprodukt genaue Sorte Fettstufe; frisches Milchprodukt; gut sortierte Vollsortimenter und etablierte deutsche Molkereihändler; gezielter Einkauf Deutschland Wochenvorlauf; die präzise gekühlte oder tierische Produktform"	""	"TOBIAS_ROSTOCK_PROFILE"	"PROPOSED_FOR_HUMAN_REVIEW"
"FARRO"	"Emmer oder Farro"	"APPLICABLE"	"Emmer beziehungsweise als Farro verkauftes geschältes Weizenkorn mit nussigem Geschmack und festem Biss."	"GENERAL_BROAD"	"Emmer oder Farro: Violey listet Alce Nero Perl-Emmer unter der Originalbezeichnung Farro Perlato als lagernde Körnerware und versendet sie regulär per DHL innerhalb Deutschlands."	"PLANNED"	"Tobias plant Farro als geschältes Weizenkorn über den lieferbaren Alce-Nero-Perl-Emmer von Violey nach Rostock; das Produkt ist Farro Perlato in der Trockenkornform und weder Nudelware noch Mehl."	"OPTIONAL"	"Alce Nero Farro Perlato Perl-Emmer 400 g | Violey Lagerbestand | DHL Rostock"	"AV2N-A-0086"	"TOBIAS_ROSTOCK_PROFILE"	"PROPOSED_FOR_HUMAN_REVIEW"
"FENALAR"	"Fenalår"	"APPLICABLE"	"Gesalzene und luftgetrocknete Keule von Schaf oder Lamm nach norwegischer Fenalår-Art. Nicht beliebiges Trockenfleisch, Schinken oder bereits zubereitetes Gericht."	"NICHE_IMPORT"	"Tobias prüft „Fenalår“ in Rostock über Norwegian Foodstore – Fenalår-Suche/Sortiment, wobei die Evidenz keinen aktuellen formgenauen Treffer und Importbeschränkungen ausweist."	"DIFFICULT"	"Über Norwegian Foodstore – Fenalår-Suche/Sortiment (Evidenzstand: keinen aktuellen formgenauen Treffer und Importbeschränkungen) prüft Tobias in Rostock „Fenalår“, wobei folgende Abgrenzung gilt: „Gesalzene und luftgetrocknete Keule von Schaf oder Lamm nach norwegischer Fenalår-Art. Nicht beliebiges Trockenfleisch, Schinken oder bereits zubereitetes Gericht.“"	"REQUIRED"	"Fenalår Gesalzene und luftgetrocknete Keule von Schaf oder Lamm nach norwegischer…; Tobias Rostock Fleisch Wurst exakte Tierart Zuschnitt; gepökeltes oder luftgetrocknetes Fleisch; Norwegian Foodstore – Fenalår-Suche/Sortiment; Bestand Produktform Versandlogistik; die getrocknete Produktform"	"AV2N-A-0087"	"TOBIAS_ROSTOCK_PROFILE|FORM_OR_LOGISTICS_RISK|RESEARCH_REQUIRED"	"PROPOSED_FOR_HUMAN_REVIEW"
"FENNEL"	"Fenchel"	"APPLICABLE"	"Fenchelknolle mit knackiger bis zarter Textur und mildem Anisaroma; Grün kann mitverwendet werden."	"GENERAL_LOCAL"	"Die Beschaffung von „Fenchel“ erfolgt in Rostock über die Gemüseabteilung eines gewöhnlichen großen Rostocker Supermarkts."	"EASY"	"Für „Fenchel“ kontrolliert Tobias den Rostocker Bezug über die Gemüseabteilung eines gewöhnlichen großen Rostocker Supermarkts nach dieser Produktbeschreibung: „Fenchelknolle mit knackiger bis zarter Textur und mildem Anisaroma; Grün kann mitverwendet werden.“"	"OPTIONAL"	"Fenchel Fenchelknolle mit knackiger bis zarter Textur und mildem Anisaroma; Tobias Rostock Gemüse frisch TK genaue Sorte; Stängelgemüse; Die Gemüseabteilung eines gewöhnlichen großen Rostocker Supermarkts; reguläres Sortiment Filialverfügbarkeit; die exakt festgelegte Darreichung"	""	"TOBIAS_ROSTOCK_PROFILE"	"PROPOSED_FOR_HUMAN_REVIEW"
"FENNEL_SEED"	"Fenchelsaat"	"APPLICABLE"	"Getrocknete Fenchelfrüchte mit süßlich-anisartigem Aroma; ganz oder gemahlen, nicht Fenchelknolle."	"GENERAL_LOCAL"	"Beim Einkauf von „Fenchelsaat“ nutzt Tobias das Gewürz- oder Backregal eines gewöhnlichen großen Rostocker Supermarkts."	"EASY"	"Für „Fenchelsaat“ kontrolliert Tobias den Rostocker Bezug über das Gewürz- oder Backregal eines gewöhnlichen großen Rostocker Supermarkts mit diesem inhaltlichen Maßstab: „Getrocknete Fenchelfrüchte mit süßlich-anisartigem Aroma; ganz oder gemahlen, nicht Fenchelknolle.“"	"OPTIONAL"	"Fenchelsaat Getrocknete Fenchelfrüchte mit süßlich-anisartigem Aroma; Tobias Rostock Gewürz ganze gemahlene getrocknete Form; Gewürz oder trockenes Würzmittel; Das Gewürz- oder Backregal eines gewöhnlichen großen Rostocker Supermarkts; reguläres Sortiment Filialverfügbarkeit; die getrocknete Produktform"	""	"TOBIAS_ROSTOCK_PROFILE"	"PROPOSED_FOR_HUMAN_REVIEW"
"FENUGREEK"	"Bockshornklee"	"APPLICABLE"	"Bockshornkleesamen mit herb-würzigem, leicht bitterem Aroma; ganz oder gemahlen sparsam verwendbar."	"SPECIALTY_BROAD"	"Tobias prüft „Bockshornklee“ in Rostock über Fachsortimente für Gewürze, wobei die Evidenz die menschliche v2-Freigabe für diesen Weg und einen gezielten Händlerbesuch sowie Standardversand ausweist."	"SPECIALTY"	"Über Fachsortimente für Gewürze (Evidenzstand: die menschliche v2-Freigabe für diesen Weg und einen gezielten Händlerbesuch sowie Standardversand) prüft Tobias in Rostock „Bockshornklee“, wobei folgende Abgrenzung gilt: „Bockshornkleesamen mit herb-würzigem, leicht bitterem Aroma; ganz oder gemahlen sparsam verwendbar.“"	"REQUIRED"	"Bockshornklee Bockshornkleesamen mit herb-würzigem, leicht bitterem Aroma; Tobias Rostock Gewürz ganze gemahlene getrocknete Form; Gewürz oder trockenes Würzmittel; Spezialhandel für Gewürze; mehrere unabhängige Fachhändler Marktbreite; die gemahlene oder pulverisierte Form"	"AV2E-064"	"REFERENCE_ANCHOR|TOBIAS_ROSTOCK_PROFILE|SPECIALTY_MARKET_BREADTH|RESEARCH_REQUIRED|REFERENCE_ANCHOR_V2"	"APPROVED_REFERENCE_ANCHOR_V2"
"FERMENTED_BLACK_BEANS"	"fermentierte schwarze Bohnen"	"APPLICABLE"	"Salzig fermentierte schwarze Sojabohnen nach Douchi-Art; als Würzzutat gemeint, nicht gewöhnliche schwarze Bohnen."	"SPECIALTY_BROAD"	"Für „fermentierte schwarze Bohnen“ führt der Rostocker Marktweg über chinesische Lebensmittelfachhändler, wobei die Evidenz die menschliche v2-Freigabe für diesen Weg und einen gezielten Händlerbesuch sowie Standardversand ausweist."	"SPECIALTY"	"Über chinesische Lebensmittelfachhändler (Evidenzstand: die menschliche v2-Freigabe für diesen Weg und einen gezielten Händlerbesuch sowie Standardversand) prüft Tobias in Rostock „fermentierte schwarze Bohnen“, wobei folgende Abgrenzung gilt: „Salzig fermentierte schwarze Sojabohnen nach Douchi-Art; als Würzzutat gemeint, nicht gewöhnliche schwarze Bohnen.“"	"REQUIRED"	"fermentierte schwarze Bohnen Salzig fermentierte schwarze Sojabohnen nach Douchi-Art; Tobias Rostock Würzsauce Paste Essig exakte Sorte; schwarze Bohnen / fermentierte Würzzutat; chinesischen Lebensmittel-Spezialhandel; mehrere unabhängige Fachhändler Marktbreite; die exakt festgelegte Darreichung"	"AV2E-060"	"REFERENCE_ANCHOR|TOBIAS_ROSTOCK_PROFILE|SPECIALTY_MARKET_BREADTH|RESEARCH_REQUIRED|REFERENCE_ANCHOR_V2"	"APPROVED_REFERENCE_ANCHOR_V2"
"FERMENTED_CUCUMBER"	"Salzgurke"	"APPLICABLE"	"Milchsauer in Salzlake fermentierte Gurke; bewusst von essigbasierter Gewürzgurke getrennt."	"GENERAL_BROAD"	"Violey – Marschland milchsaure Gurken belegt formgenau: Violey führt Gurken, die ausdrücklich milchsauer in Wasser, Salz und Dill vergoren wurden, als lagernde Glasware. Für Tobias in Rostock gilt: Deutschlandweiter Standardversand nach Bornheim und Rostock; Logistik STANDARD_SHIPPING. Der Nachweis gilt für Salzlakefermentation und nicht für gewöhnliche essiggesäuerte Gewürzgurken; Einzelbestand bleibt endlich."	"PLANNED"	"Auf dem Rostocker Marktweg von Tobias: Bei Salzgurke wird vorab genau das milchsauer vergorene Glas geprüft; eine gewöhnliche Essig-Gewürzgurke erfüllt die Form nicht."	"OPTIONAL"	"Marschland milchsaure Gurken ohne Essig Violey Bestand | Tobias in Rostock | IN_STOCK STANDARD_SHIPPING"	"AV2N-A-0088|AV2N-P-0010"	"TOBIAS_ROSTOCK_PROFILE|RATING_RECONCILED_V2"	"PROPOSED_FOR_HUMAN_REVIEW"
"FERMENTED_SEASONINGS"	"fermentierte Würzzutat"	"APPLICABLE"	"Offene Familie fermentierter Würzsaucen, Pasten und vergleichbarer Zutaten; Rohstoff und Konsistenz bleiben offen."	"GENERAL_LOCAL"	"Tobias prüft „fermentierte Würzzutat“ in Rostock über das Saucen-, Essig- oder Feinkostregal eines gewöhnlichen großen Rostocker Supermarkts."	"EASY"	"Über das Saucen-, Essig- oder Feinkostregal eines gewöhnlichen großen Rostocker Supermarkts prüft Tobias in Rostock „fermentierte Würzzutat“ mit diesem inhaltlichen Maßstab: „Offene Familie fermentierter Würzsaucen, Pasten und vergleichbarer Zutaten; Rohstoff und Konsistenz bleiben offen.“"	"OPTIONAL"	"fermentierte Würzzutat Offene Familie fermentierter Würzsaucen, Pasten und vergleichbarer Zutaten; Tobias Rostock Würzsauce Paste Essig exakte Sorte; Sauce, Würzmittel oder Paste; Das Saucen-, Essig- oder Feinkostregal eines gewöhnlichen großen Rostocker Supermarkts; reguläres Sortiment Filialverfügbarkeit; die exakt festgelegte Darreichung"	""	"TOBIAS_ROSTOCK_PROFILE"	"PROPOSED_FOR_HUMAN_REVIEW"
"FERMENTED_TOFU"	"fermentierter Tofu"	"APPLICABLE"	"In Lake gereifte Tofuwürfel mit kräftigem, salzigem Aroma und cremiger Textur; als Würzmittel, nicht als fester Tofublock."	"SPECIALTY_BROAD"	"Tobias prüft „fermentierter Tofu“ in Rostock über Asia4Friends – Tofu und AsiaFoodland – Tofu, wobei die Evidenz eine vor dem Einkauf erneut zu prüfende Verfügbarkeit und Standardversand ausweist."	"SPECIALTY"	"Über Asia4Friends – Tofu und AsiaFoodland – Tofu (Evidenzstand: eine vor dem Einkauf erneut zu prüfende Verfügbarkeit und Standardversand) prüft Tobias in Rostock „fermentierter Tofu“, wobei folgende Abgrenzung gilt: „In Lake gereifte Tofuwürfel mit kräftigem, salzigem Aroma und cremiger Textur; als Würzmittel, nicht als fester Tofublock.“"	"REQUIRED"	"fermentierter Tofu In Lake gereifte Tofuwürfel mit kräftigem, salzigem Aroma und cremiger Textur; Tobias Rostock Würzsauce Paste Essig exakte Sorte; fermentierte Würzzutat / Tofu; Asia4Friends – Tofu | AsiaFoodland – Tofu; mehrere unabhängige Fachhändler Marktbreite; die exakt festgelegte Darreichung"	"AV2N-A-0089|AV2N-A-0090"	"TOBIAS_ROSTOCK_PROFILE|SPECIALTY_MARKET_BREADTH|RESEARCH_REQUIRED"	"PROPOSED_FOR_HUMAN_REVIEW"
"FETA"	"Feta"	"APPLICABLE"	"Salzlakenkäse nach Feta-Art aus Schafmilch mit möglichem Ziegenmilchanteil; krümelig, säuerlich und salzig."	"GENERAL_LOCAL"	"Tobias sucht „Feta“ in Rostock über die Käsekühlung oder Käsetheke eines gewöhnlichen großen Rostocker Supermarkts gesucht."	"EASY"	"Tobias nutzt in Rostock die Käsekühlung oder Käsetheke eines gewöhnlichen großen Rostocker Supermarkts für „Feta“, wobei folgende Abgrenzung gilt: „Salzlakenkäse nach Feta-Art aus Schafmilch mit möglichem Ziegenmilchanteil; krümelig, säuerlich und salzig.“"	"OPTIONAL"	"Feta Salzlakenkäse nach Feta-Art aus Schafmilch mit möglichem Ziegenmilchanteil; Tobias Rostock Käse genaue Sorte Milch Reifung; Käse; Die Käsekühlung oder Käsetheke eines gewöhnlichen großen Rostocker Supermarkts; reguläres Sortiment Filialverfügbarkeit; die präzise gekühlte oder tierische Produktform"	""	"TOBIAS_ROSTOCK_PROFILE"	"PROPOSED_FOR_HUMAN_REVIEW"
"FIG"	"Feige"	"APPLICABLE"	"Feige mit weichem, samenreichem und honigartig süßem Fruchtfleisch; frisch oder ungesüßt getrocknet verwendbar."	"GENERAL_LOCAL"	"Tobias sucht „Feige“ in Rostock über die Obstabteilung eines gewöhnlichen großen Rostocker Supermarkts gesucht."	"EASY"	"Tobias nutzt in Rostock die Obstabteilung eines gewöhnlichen großen Rostocker Supermarkts für „Feige“, wobei folgende Abgrenzung gilt: „Feige mit weichem, samenreichem und honigartig süßem Fruchtfleisch; frisch oder ungesüßt getrocknet verwendbar.“"	"OPTIONAL"	"Feige Feige mit weichem, samenreichem und honigartig süßem Fruchtfleisch; Tobias Rostock Obst frisch TK genaue Sorte; Obst; Die Obstabteilung eines gewöhnlichen großen Rostocker Supermarkts; reguläres Sortiment Filialverfügbarkeit; die verlangte frische Form"	""	"TOBIAS_ROSTOCK_PROFILE|FORM_SENSITIVE"	"PROPOSED_FOR_HUMAN_REVIEW"
"FINGERROOT"	"Fingerwurz"	"APPLICABLE"	"Fingerartige Rhizome von Boesenbergia rotunda mit erdig-zitrischem, leicht pfeffrig-kampferartigem Aroma; frisch, tiefgekühlt oder in Lake verwendbar. Nicht Ingwer oder Galgant."	"SPECIALTY_BROAD"	"Tobias prüft „Fingerwurz“ in Rostock über Asia4Friends – frischer Krachai und Spicelands – frische Fingerwurz, wobei die Evidenz eine vor dem Einkauf erneut zu prüfende Verfügbarkeit und Frischeversand ausweist."	"SPECIALTY"	"Über Asia4Friends – frischer Krachai und Spicelands – frische Fingerwurz (Evidenzstand: eine vor dem Einkauf erneut zu prüfende Verfügbarkeit und Frischeversand) prüft Tobias in Rostock „Fingerwurz“, wobei folgende Abgrenzung gilt: „Fingerartige Rhizome von Boesenbergia rotunda mit erdig-zitrischem, leicht pfeffrig-kampferartigem Aroma; frisch, tiefgekühlt oder in Lake verwendbar. Nicht Ingwer oder Galgant.“"	"REQUIRED"	"Fingerwurz Fingerartige Rhizome von Boesenbergia rotunda mit erdig-zitrischem, leicht…; Tobias Rostock Gewürz ganze gemahlene getrocknete Form; Gewürz oder trockenes Würzmittel; Asia4Friends – frischer Krachai | Spicelands – frische Fingerwurz; mehrere unabhängige Fachhändler Marktbreite; die verlangte frische Form"	"AV2N-A-0091|AV2N-A-0092"	"TOBIAS_ROSTOCK_PROFILE|SPECIALTY_MARKET_BREADTH|FORM_SENSITIVE|RESEARCH_REQUIRED"	"PROPOSED_FOR_HUMAN_REVIEW"
"FIRM_TOFU"	"fester Tofu"	"APPLICABLE"	"Fester gepresster Tofu, der schneiden, braten und marinieren verträgt; nicht Seidentofu."	"GENERAL_LOCAL"	"Für „fester Tofu“ führt der Rostocker Marktweg über das Hülsenfrucht-, Konserven- oder Trockensortiment eines gewöhnlichen großen Rostocker Supermarkts."	"EASY"	"Den Weg über das Hülsenfrucht-, Konserven- oder Trockensortiment eines gewöhnlichen großen Rostocker Supermarkts nutzt Tobias in Rostock für „fester Tofu“, wobei folgende Abgrenzung gilt: „Fester gepresster Tofu, der schneiden, braten und marinieren verträgt; nicht Seidentofu.“"	"OPTIONAL"	"fester Tofu Fester gepresster Tofu, der schneiden, braten und marinieren verträgt; Tobias Rostock Hülsenfrucht getrocknet vorgegart Sorte; Tofu; Das Hülsenfrucht-, Konserven- oder Trockensortiment eines gewöhnlichen großen Rostocker Supermarkts; reguläres Sortiment Filialverfügbarkeit; die exakt festgelegte Darreichung"	""	"TOBIAS_ROSTOCK_PROFILE"	"PROPOSED_FOR_HUMAN_REVIEW"
"FISH"	"Fisch"	"APPLICABLE"	"Offene Vorgabe für Speisefisch; Art, Fettgehalt, Zuschnitt und Frisch- oder Konservenform bleiben echte Auswahlentscheidungen."	"GENERAL_LOCAL"	"Tobias prüft „Fisch“ in Rostock über die Fischkühlung, Tiefkühltruhe oder Fischtheke eines gewöhnlichen großen Rostocker Supermarkts, wobei die Evidenz die menschliche v2-Freigabe für diesen Weg und eine lokale Standortprüfung ausweist."	"EASY"	"Über die Fischkühlung, Tiefkühltruhe oder Fischtheke eines gewöhnlichen großen Rostocker Supermarkts (Evidenzstand: die menschliche v2-Freigabe für diesen Weg und eine lokale Standortprüfung) prüft Tobias in Rostock „Fisch“, wobei folgende Abgrenzung gilt: „Offene Vorgabe für Speisefisch; Art, Fettgehalt, Zuschnitt und Frisch- oder Konservenform bleiben echte Auswahlentscheidungen.“"	"OPTIONAL"	"Fisch Offene Vorgabe für Speisefisch; Art, Fettgehalt, Zuschnitt und Frisch- oder…; Tobias Rostock Fisch Seafood Frische TK genauer Zuschnitt; Fisch und Meeresfrüchte; Die Fischkühlung, Tiefkühltruhe oder Fischtheke eines gewöhnlichen großen Rostocker Supermarkts; reguläres Sortiment Filialverfügbarkeit; die verlangte frische Form"	"AV2E-004"	"REFERENCE_ANCHOR|TOBIAS_ROSTOCK_PROFILE|FORM_SENSITIVE|REFERENCE_ANCHOR_V2"	"APPROVED_REFERENCE_ANCHOR_V2"
"FISH_MINT"	"Fischminze"	"APPLICABLE"	"Frische Fischminzenblätter mit intensiv kräuterigem, zitrisch-fischigem Aroma; vor allem roh in Kräutertellern, Salaten und zu Fleisch- oder Suppengerichten. Trotz des Namens keine Minzart."	"NICHE_IMPORT"	"Tobias prüft „Fischminze“ in Rostock über den Spezialhandel für frische Kräuter, wobei die Evidenz die menschliche v2-Freigabe für diesen Weg und Kühlversand, Importbeschränkungen sowie einen gezielten Händlerbesuch ausweist."	"DIFFICULT"	"Über den Spezialhandel für frische Kräuter (Evidenzstand: die menschliche v2-Freigabe für diesen Weg und Kühlversand, Importbeschränkungen sowie einen gezielten Händlerbesuch) prüft Tobias in Rostock „Fischminze“, wobei folgende Abgrenzung gilt: „Frische Fischminzenblätter mit intensiv kräuterigem, zitrisch-fischigem Aroma; vor allem roh in Kräutertellern, Salaten und zu Fleisch- oder Suppengerichten. Trotz des Namens keine Minzart.“"	"REQUIRED"	"Fischminze Frische Fischminzenblätter mit intensiv kräuterigem, zitrisch-fischigem Aroma; Tobias Rostock frische Kräuter Bund Topf genaue Art; Kräuter und Würzblätter; Spezialhandel für frische Kräuter Nischenweg; Bestand Produktform Versandlogistik; die verlangte frische Form"	"AV2E-077"	"REFERENCE_ANCHOR|TOBIAS_ROSTOCK_PROFILE|FORM_OR_LOGISTICS_RISK|FORM_SENSITIVE|RESEARCH_REQUIRED|REFERENCE_ANCHOR_V2"	"APPROVED_REFERENCE_ANCHOR_V2"
"FISH_ROE"	"Fischrogen"	"APPLICABLE"	"Offene Vorgabe für essbare Fischeier; Fischart, Körnung, Salzgrad und Verarbeitung bleiben offen."	"GENERAL_BROAD"	"Deutsche See – Kaviar- und Fischrogen-Kategorie belegt: Die aktuelle Kategorie bündelt mehrere essbare Fischrogenarten, darunter Forellen- und Keta-Lachsrogen, mit konkreten Produktseiten und gekühlter Wunschzustellung. Der Bezug erfolgt über Deutschland und Österreich; gekühlte GO!-Express-Lieferung zum Wunschtermin; maßgeblich ist CHILLED_SHIPPING. Art, Körnung, Salzgrad und Einzelbestand sind je Rezept und Liefertermin gesondert auszuwählen."	"PLANNED"	"Tobias kann vor dem Einkauf in Rostock diesen Bestand kontrollieren: Die aktuelle Kategorie bündelt mehrere essbare Fischrogenarten, darunter Forellen- und Keta-Lachsrogen, mit konkreten Produktseiten und gekühlter Wunschzustellung. Art, Körnung, Salzgrad und Einzelbestand sind je Rezept und Liefertermin gesondert auszuwählen."	"REQUIRED"	"Fischrogen Kaviar Lachsrogen Forellenrogen Deutsche See Kategorie gekühlt verfügbar | Tobias Rostock | Deutsche See – Kaviar- und Fischrogen-Kategorie | REGULAR_RANGE CHILLED_SHIPPING"	"AV2N-A-0093"	"TOBIAS_ROSTOCK_PROFILE|RESEARCH_REQUIRED"	"PROPOSED_FOR_HUMAN_REVIEW"
"FISH_SAUCE"	"Fischsauce"	"APPLICABLE"	"Salzige fermentierte Würzsauce aus Fisch und Salz mit intensivem Umami; nicht Fischfond."	"GENERAL_BROAD"	"Die Beschaffung von „Fischsauce“ erfolgt in Rostock über gut sortierte Vollsortimenter und etablierte deutsche Feinkost- oder Würzsaucenhändler."	"PLANNED"	"Für „Fischsauce“ kontrolliert Tobias den Rostocker Bezug über gut sortierte Vollsortimenter und etablierte deutsche Feinkost- oder Würzsaucenhändler, wobei folgende Abgrenzung gilt: „Salzige fermentierte Würzsauce aus Fisch und Salz mit intensivem Umami; nicht Fischfond.“"	"OPTIONAL"	"Fischsauce Salzige fermentierte Würzsauce aus Fisch und Salz mit intensivem Umami; Tobias Rostock Würzsauce Paste Essig exakte Sorte; fermentierte Würzzutat / fertige Sauce oder Würzpaste; gut sortierte Vollsortimenter und etablierte deutsche Feinkost- oder Würzsaucenhändler; gezielter Einkauf Deutschland Wochenvorlauf; die exakt festgelegte Darreichung"	""	"TOBIAS_ROSTOCK_PROFILE"	"PROPOSED_FOR_HUMAN_REVIEW"
"FISH_STOCK"	"Fischfond"	"APPLICABLE"	"Brühe oder Fond auf Basis von Fischgräten und -abschnitten; nicht Dashi oder Fischsauce."	"GENERAL_BROAD"	"Für „Fischfond“ führt der Rostocker Marktweg über gut sortierte Vollsortimenter und etablierte deutsche Fonds- oder Feinkosthändler."	"PLANNED"	"Den Weg über gut sortierte Vollsortimenter und etablierte deutsche Fonds- oder Feinkosthändler nutzt Tobias in Rostock für „Fischfond“, wobei folgende Abgrenzung gilt: „Brühe oder Fond auf Basis von Fischgräten und -abschnitten; nicht Dashi oder Fischsauce.“"	"OPTIONAL"	"Fischfond Brühe oder Fond auf Basis von Fischgräten und -abschnitten; Tobias Rostock Brühe Fond genaue Basis; Brühe oder Fond; gut sortierte Vollsortimenter und etablierte deutsche Fonds- oder Feinkosthändler; gezielter Einkauf Deutschland Wochenvorlauf; die exakt festgelegte Darreichung"	""	"TOBIAS_ROSTOCK_PROFILE"	"PROPOSED_FOR_HUMAN_REVIEW"
"FIVE_SPICE"	"Fünf-Gewürze-Pulver"	"APPLICABLE"	"Chinesisch geprägte Gewürzmischung mit typischerweise Sternanis, Fenchel, Zimt, Nelke und Szechuanpfeffer; Mischungen variieren."	"GENERAL_BROAD"	"Beim Einkauf von „Fünf-Gewürze-Pulver“ nutzt Tobias gut sortierte Vollsortimenter und etablierte deutsche Gewürzhändler."	"PLANNED"	"Die Beschaffung von „Fünf-Gewürze-Pulver“ über gut sortierte Vollsortimenter und etablierte deutsche Gewürzhändler prüft Tobias in Rostock, wobei folgende Abgrenzung gilt: „Chinesisch geprägte Gewürzmischung mit typischerweise Sternanis, Fenchel, Zimt, Nelke und Szechuanpfeffer; Mischungen variieren.“"	"OPTIONAL"	"Fünf-Gewürze-Pulver Chinesisch geprägte Gewürzmischung mit typischerweise Sternanis, Fenchel…; Tobias Rostock Gewürz ganze gemahlene getrocknete Form; Gewürzmischung; gut sortierte Vollsortimenter und etablierte deutsche Gewürzhändler; gezielter Einkauf Deutschland Wochenvorlauf; die exakt festgelegte Darreichung"	""	"TOBIAS_ROSTOCK_PROFILE"	"PROPOSED_FOR_HUMAN_REVIEW"
"FLATBREAD"	"Fladenbrot"	"APPLICABLE"	"Offene Familie flacher Brote, weich oder knusprig und mit oder ohne Triebmittel; konkrete Küche und Getreide bleiben offen."	"GENERAL_LOCAL"	"Für „Fladenbrot“ führt der Rostocker Marktweg über das Back-, Süßwaren- oder Brotregal eines gewöhnlichen großen Rostocker Supermarkts."	"EASY"	"Den Weg über das Back-, Süßwaren- oder Brotregal eines gewöhnlichen großen Rostocker Supermarkts nutzt Tobias in Rostock für „Fladenbrot“ mit diesem inhaltlichen Maßstab: „Offene Familie flacher Brote, weich oder knusprig und mit oder ohne Triebmittel; konkrete Küche und Getreide bleiben offen.“"	"OPTIONAL"	"Fladenbrot Offene Familie flacher Brote, weich oder knusprig und mit oder ohne…; Tobias Rostock Backware Süßungsmittel exakte Form; Brot oder Fladenbrot; Das Back-, Süßwaren- oder Brotregal eines gewöhnlichen großen Rostocker Supermarkts; reguläres Sortiment Filialverfügbarkeit; die exakt festgelegte Darreichung"	""	"TOBIAS_ROSTOCK_PROFILE"	"PROPOSED_FOR_HUMAN_REVIEW"
"FLATBROD"	"Flatbrød"	"APPLICABLE"	"Sehr dünnes, trockenes und knuspriges norwegisches Fladenbrot nach Flatbrød-Art. Traditionelle Getreidebasis kann variieren. Nicht generisches Knäckebrot oder beliebiges weiches Fladenbrot."	"NICHE_IMPORT"	"Tobias prüft „Flatbrød“ in Rostock über den skandinavischen Lebensmittel-Spezialhandel, wobei die Evidenz die menschliche v2-Freigabe für diesen Weg und Importbeschränkungen, einen gezielten Händlerbesuch sowie Standardversand ausweist."	"DIFFICULT"	"Über den skandinavischen Lebensmittel-Spezialhandel (Evidenzstand: die menschliche v2-Freigabe für diesen Weg und Importbeschränkungen, einen gezielten Händlerbesuch sowie Standardversand) prüft Tobias in Rostock „Flatbrød“, wobei folgende Abgrenzung gilt: „Sehr dünnes, trockenes und knuspriges norwegisches Fladenbrot nach Flatbrød-Art. Traditionelle Getreidebasis kann variieren. Nicht generisches Knäckebrot oder beliebiges weiches Fladenbrot.“"	"REQUIRED"	"Flatbrød Sehr dünnes, trockenes und knuspriges norwegisches Fladenbrot nach…; Tobias Rostock Backware Süßungsmittel exakte Form; Fladenbrot; skandinavischen Lebensmittel-Spezialhandel Nischenweg; Bestand Produktform Versandlogistik; die exakt festgelegte Darreichung"	"AV2E-082"	"REFERENCE_ANCHOR|TOBIAS_ROSTOCK_PROFILE|FORM_OR_LOGISTICS_RISK|RESEARCH_REQUIRED|REFERENCE_ANCHOR_V2"	"APPROVED_REFERENCE_ANCHOR_V2"
"FLAXSEED"	"Leinsamen"	"APPLICABLE"	"Leinsamen mit nussigem Geschmack und hoher Quell- beziehungsweise Bindefähigkeit; ganz oder geschrotet verwendbar."	"GENERAL_LOCAL"	"Beim Einkauf von „Leinsamen“ nutzt Tobias das Nuss-, Saaten-, Back- oder Brotaufstrichregal eines gewöhnlichen großen Rostocker Supermarkts."	"EASY"	"Die Beschaffung von „Leinsamen“ über das Nuss-, Saaten-, Back- oder Brotaufstrichregal eines gewöhnlichen großen Rostocker Supermarkts prüft Tobias in Rostock, wobei folgende Abgrenzung gilt: „Leinsamen mit nussigem Geschmack und hoher Quell- beziehungsweise Bindefähigkeit; ganz oder geschrotet verwendbar.“"	"OPTIONAL"	"Leinsamen Leinsamen mit nussigem Geschmack und hoher Quell- beziehungsweise…; Tobias Rostock Nuss Samen Mus genaue Rohware; Kerne und Samen; Das Nuss-, Saaten-, Back- oder Brotaufstrichregal eines gewöhnlichen großen Rostocker Supermarkts; reguläres Sortiment Filialverfügbarkeit; die geforderte ganze oder körnige Form"	""	"TOBIAS_ROSTOCK_PROFILE"	"PROPOSED_FOR_HUMAN_REVIEW"
"FLEUR_DE_SEL"	"Fleur de sel"	"APPLICABLE"	"Feine, an der Oberfläche von Salzgärten abgeschöpfte Meersalzkristalle nach Fleur-de-sel-Art; nicht gewöhnliches Tafelsalz und nicht beliebiges grobes Meersalz. Keine Herkunft aus Guérande wird vorausgesetzt."	"GENERAL_BROAD"	"Handgeschöpfte Salzblüten sind bei Ankerkraut als lagernde Oberflächenkristalle mit Deutschlandversand gelistet."	"PLANNED"	"Tobias kann flockiges Fleur de Sel in der verlangten Kristallform nach Rostock bestellen; das Angebot belegt keine gewöhnliche lokale Gewürzregalbreite."	"OPTIONAL"	"Ankerkraut Fleur de Sel handgeschöpft Oberflächenkristalle Versand Rostock"	"AV2N-A-0094"	"TOBIAS_ROSTOCK_PROFILE"	"PROPOSED_FOR_HUMAN_REVIEW"
"FLOUR"	"Mehl"	"APPLICABLE"	"Offene Vorgabe für fein gemahlenes Getreide, Pseudogetreide oder Hülsenfrüchte; Rohstoff und Backeigenschaften bleiben wählbar."	"GENERAL_LOCAL"	"Tobias prüft „Mehl“ in Rostock über das Getreide-, Mehl-, Reis- oder Teigwarenregal eines gewöhnlichen großen Rostocker Supermarkts."	"EASY"	"Über das Getreide-, Mehl-, Reis- oder Teigwarenregal eines gewöhnlichen großen Rostocker Supermarkts prüft Tobias in Rostock „Mehl“, wobei folgende Abgrenzung gilt: „Offene Vorgabe für fein gemahlenes Getreide, Pseudogetreide oder Hülsenfrüchte; Rohstoff und Backeigenschaften bleiben wählbar.“"	"OPTIONAL"	"Mehl Offene Vorgabe für fein gemahlenes Getreide, Pseudogetreide oder Hülsenfrüchte; Tobias Rostock Getreide Stärke Teigware genaue Form; stärkehaltige Zutat oder Sättigungsbeilage; Das Getreide-, Mehl-, Reis- oder Teigwarenregal eines gewöhnlichen großen Rostocker Supermarkts; reguläres Sortiment Filialverfügbarkeit; die gemahlene oder pulverisierte Form"	""	"TOBIAS_ROSTOCK_PROFILE"	"PROPOSED_FOR_HUMAN_REVIEW"
"FLOWER_VEGETABLES"	"Blütengemüse"	"APPLICABLE"	"Offene Vorgabe für Gemüse, dessen Blütenstand oder Blütenknospe im Mittelpunkt steht, etwa Brokkoli oder Artischocke."	"GENERAL_LOCAL"	"Beim Einkauf von „Blütengemüse“ nutzt Tobias die Gemüseabteilung eines gewöhnlichen großen Rostocker Supermarkts."	"EASY"	"Die Beschaffung von „Blütengemüse“ über die Gemüseabteilung eines gewöhnlichen großen Rostocker Supermarkts prüft Tobias in Rostock nach dieser Produktbeschreibung: „Offene Vorgabe für Gemüse, dessen Blütenstand oder Blütenknospe im Mittelpunkt steht, etwa Brokkoli oder Artischocke.“"	"OPTIONAL"	"Blütengemüse Offene Vorgabe für Gemüse, dessen Blütenstand oder Blütenknospe im Mittelpunkt…; Tobias Rostock Gemüse frisch TK genaue Sorte; Gemüse; Die Gemüseabteilung eines gewöhnlichen großen Rostocker Supermarkts; reguläres Sortiment Filialverfügbarkeit; die exakt festgelegte Darreichung"	""	"TOBIAS_ROSTOCK_PROFILE"	"PROPOSED_FOR_HUMAN_REVIEW"
"FOIE_GRAS"	"Foie gras"	"APPLICABLE"	"Fettleberprodukt aus Ente oder Gans; umfasst rohe beziehungsweise zur weiteren Verarbeitung geeignete sowie klassische ganze oder Block-Produktformen. Nicht gewöhnliche Leber und nicht mit Leberpastete gleichsetzen."	"GENERAL_BROAD"	"Die konkrete Rostocker Route ist Rougié Entenstopfleber Entier im 180-g-Glas bei GOURMET VERSAND. Aktueller Bestand und 0–7-°C-Vorgabe verlangen einen terminierten Kühl-Express."	"PLANNED"	"Tobias findet Foie gras als ganze 100-prozentige Entenstopfleber im Glas, nicht als gewöhnliche Leberpastete. Der Artikel ist bei GOURMET VERSAND aktuell bestellbar und kommt gekühlt per Express nach Rostock."	"REQUIRED"	"Rougié Foie gras Entier 180 g sofort lieferbar 0 7 Grad Kühlversand Rostock"	"AV2N-A-0095"	"TOBIAS_ROSTOCK_PROFILE|RESEARCH_REQUIRED"	"PROPOSED_FOR_HUMAN_REVIEW"
"FRANKFURT_GREEN_SAUCE"	"Frankfurter Grüne Soße"	"APPLICABLE"	"Frankfurter Kräutersauce mit charakteristischer Sieben-Kräuter-Basis; weitere Bestandteile und genaue Rezeptur können variieren. Gemeint ist die zubereitete Sauce, nicht lediglich das Kräuterpäckchen."	"NICHE_IMPORT"	"Tobias prüft „Frankfurter Grüne Soße“ in Rostock über REWE – Wilhelm Brandenburg Grüne Soße, wobei die Evidenz eine vor dem Einkauf erneut zu prüfende Verfügbarkeit und Kühlversand ausweist."	"DIFFICULT"	"Über REWE – Wilhelm Brandenburg Grüne Soße (Evidenzstand: eine vor dem Einkauf erneut zu prüfende Verfügbarkeit und Kühlversand) prüft Tobias in Rostock „Frankfurter Grüne Soße“, wobei folgende Abgrenzung gilt: „Frankfurter Kräutersauce mit charakteristischer Sieben-Kräuter-Basis; weitere Bestandteile und genaue Rezeptur können variieren. Gemeint ist die zubereitete Sauce, nicht lediglich das Kräuterpäckchen.“"	"REQUIRED"	"Frankfurter Grüne Soße Frankfurter Kräutersauce mit charakteristischer Sieben-Kräuter-Basis; Tobias Rostock Würzsauce Paste Essig exakte Sorte; fertige Sauce oder Würzpaste; REWE – Wilhelm Brandenburg Grüne Soße; Bestand Produktform Versandlogistik; die geforderte Blatt- oder Kräuterform"	"AV2N-A-0096"	"TOBIAS_ROSTOCK_PROFILE|FORM_OR_LOGISTICS_RISK|RESEARCH_REQUIRED"	"PROPOSED_FOR_HUMAN_REVIEW"
"FREEKEH"	"Freekeh"	"APPLICABLE"	"Grün geernteter, gerösteter und gebrochener Weizen mit rauchig-nussigem Geschmack und festem Biss."	"GENERAL_BROAD"	"Der konkrete Bezug von „Freekeh“ läuft über gut sortierte Vollsortimenter und etablierte deutsche Bio- oder Trockenwarenhändler."	"PLANNED"	"Die Beschaffung von „Freekeh“ über gut sortierte Vollsortimenter und etablierte deutsche Bio- oder Trockenwarenhändler prüft Tobias in Rostock mit diesem inhaltlichen Maßstab: „Grün geernteter, gerösteter und gebrochener Weizen mit rauchig-nussigem Geschmack und festem Biss.“"	"OPTIONAL"	"Freekeh Grün geernteter, gerösteter und gebrochener Weizen mit rauchig-nussigem…; Tobias Rostock Getreide Stärke Teigware genaue Form; Getreide oder Pseudogetreide; gut sortierte Vollsortimenter und etablierte deutsche Bio- oder Trockenwarenhändler; gezielter Einkauf Deutschland Wochenvorlauf; die exakt festgelegte Darreichung"	""	"TOBIAS_ROSTOCK_PROFILE"	"PROPOSED_FOR_HUMAN_REVIEW"
"FRENCH_FRIES"	"Pommes frites"	"APPLICABLE"	"Pommes frites als eigenständige Kartoffel-Produktform: in Stäbchen geschnittene und frittierte beziehungsweise typischerweise vorfrittierte Kartoffeln. Umfasst auch handelsübliche tiefgekühlte Pommes; nicht beliebige Bratkartoffeln, Kartoffelspalten oder Chips."	"GENERAL_LOCAL"	"Tobias prüft „Pommes frites“ in Rostock über Tiefkühlregal für Kartoffel- und Convenienceprodukte gewöhnlicher großer Rostocker Supermärkte."	"EASY"	"Über Tiefkühlregal für Kartoffel- und Convenienceprodukte gewöhnlicher großer Rostocker Supermärkte prüft Tobias in Rostock „Pommes frites“, wobei folgende Abgrenzung gilt: „Pommes frites als eigenständige Kartoffel-Produktform: in Stäbchen geschnittene und frittierte beziehungsweise typischerweise vorfrittierte Kartoffeln. Umfasst auch handelsübliche tiefgekühlte Pommes; nicht beliebige Bratkartoffeln, Kartoffelspalten oder Chips.“"	"OPTIONAL"	"Pommes frites Pommes frites als eigenständige Kartoffel-Produktform: in Stäbchen…; Tobias Rostock Pommes frites vorfrittiert Tiefkühlregal Kartoffelprodukt; Kartoffel; Tiefkühlregal für Kartoffel- und Convenienceprodukte gewöhnlicher großer Rostocker Supermärkte; reguläres Sortiment Filialverfügbarkeit; die festgelegte Tiefkühlform"	""	"TOBIAS_ROSTOCK_PROFILE|FORM_SENSITIVE"	"PROPOSED_FOR_HUMAN_REVIEW"
"FRESH_DAIRY_PRODUCTS"	"frisches Milchprodukt"	"APPLICABLE"	"Offene Vorgabe für frische, nicht gereifte Milchprodukte wie Milch, Sahne oder Frischkäse."	"GENERAL_LOCAL"	"Tobias sucht „frisches Milchprodukt“ in Rostock über die Molkereikühlung eines gewöhnlichen großen Rostocker Supermarkts gesucht."	"EASY"	"Tobias nutzt in Rostock die Molkereikühlung eines gewöhnlichen großen Rostocker Supermarkts für „frisches Milchprodukt“, wobei folgende Abgrenzung gilt: „Offene Vorgabe für frische, nicht gereifte Milchprodukte wie Milch, Sahne oder Frischkäse.“"	"OPTIONAL"	"frisches Milchprodukt Offene Vorgabe für frische, nicht gereifte Milchprodukte wie Milch, Sahne oder…; Tobias Rostock Milchprodukt genaue Sorte Fettstufe; Milchprodukte; Die Molkereikühlung eines gewöhnlichen großen Rostocker Supermarkts; reguläres Sortiment Filialverfügbarkeit; die verlangte frische Form"	""	"TOBIAS_ROSTOCK_PROFILE|FORM_SENSITIVE"	"PROPOSED_FOR_HUMAN_REVIEW"
"FRESH_HERBS"	"Kräuter und Würzblätter"	"NOT_APPLICABLE_STRUCTURE"	""	""	""	""	""	""	""	""	""	"APPROVED_NOT_APPLICABLE"
"FRESH_TURMERIC"	"frischer Kurkuma"	"APPLICABLE"	"Frisches Kurkuma-Rhizom mit erdig-pfeffrigem Aroma und starker gelber Färbung; nicht getrocknetes Pulver."	"SPECIALTY_BROAD"	"Tobias hat in Rostock keine stabil bestätigte allgemeine Filiale, kann frische Kurkumawurzel aber über Jamoona und Asia4Friends auf zwei unabhängigen bundesweiten Asia-Frischewegen bestellen. Beide treffen das Rhizom und nennen positiven Bestand."	"SPECIALTY"	"Für Tobias bildet frisches Kurkuma einen breiten, aber gezielten Spezialmarkt: Jamoona bietet 250-g-Haldi mit festen Frischeversandtagen, Asia4Friends einen unabhängigen 100-g-Weg mit Kühlpacks. Die Rostocker Beschaffung bleibt form- und annahmekritisch, ist jedoch nicht auf einen Einzelimport beschränkt."	"REQUIRED"	"Tobias Rostock frische Kurkuma Haldi Rhizom Jamoona Asia4Friends unabhängig Bestand Frischeversand"	"AV2N-A-0097|AV2N-P-0011|AV2N-P-0012"	"EVIDENCE_REQUIRED|FORM_SENSITIVE|RATING_RECONCILED_V2|RESEARCH_REQUIRED|SPECIALTY_MARKET_BREADTH|TOBIAS_ROSTOCK_PROFILE"	"PROPOSED_FOR_HUMAN_REVIEW"
"FRESHWATER_SNAILS"	"Süßwasserschnecken"	"APPLICABLE"	"Offene Vorgabe für essbare Süßwasserschnecken, ganz oder ausgelöst und küchenfertig gereinigt. Nicht Weinberg- oder Meeresschnecken und nicht bereits zubereitete Schneckensuppe."	"NICHE_IMPORT"	"Der konkrete Bezug von „Süßwasserschnecken“ läuft über den Fachhandel für philippinische Lebensmittel, wobei die Evidenz die menschliche v2-Freigabe für diesen Weg und Importbeschränkungen, einen gezielten Händlerbesuch sowie Standardversand ausweist."	"DIFFICULT"	"Über den Fachhandel für philippinische Lebensmittel (Evidenzstand: die menschliche v2-Freigabe für diesen Weg und Importbeschränkungen, einen gezielten Händlerbesuch sowie Standardversand) prüft Tobias in Rostock „Süßwasserschnecken“, wobei folgende Abgrenzung gilt: „Offene Vorgabe für essbare Süßwasserschnecken, ganz oder ausgelöst und küchenfertig gereinigt. Nicht Weinberg- oder Meeresschnecken und nicht bereits zubereitete Schneckensuppe.“"	"REQUIRED"	"Süßwasserschnecken Offene Vorgabe für essbare Süßwasserschnecken, ganz oder ausgelöst und…; Tobias Rostock Fisch Seafood Frische TK genauer Zuschnitt; essbare Schnecken / Schalen- und Krustentiere; philippinischen Lebensmittel-Spezialhandel Nischenweg; Bestand Produktform Versandlogistik; die geforderte ganze oder körnige Form"	"AV2E-086"	"REFERENCE_ANCHOR|TOBIAS_ROSTOCK_PROFILE|FORM_OR_LOGISTICS_RISK|RESEARCH_REQUIRED|REFERENCE_ANCHOR_V2"	"APPROVED_REFERENCE_ANCHOR_V2"
"FRIED_ONIONS"	"Röstzwiebeln"	"APPLICABLE"	"Knusprig frittierte Röstzwiebeln als fertige Zutat beziehungsweise Topping; nicht lediglich frisch angebratene Zwiebel."	"GENERAL_LOCAL"	"Tobias prüft „Röstzwiebeln“ in Rostock über Röstzwiebel-, Topping- oder Feinkostregal gewöhnlicher großer Rostocker Supermärkte."	"EASY"	"Über Röstzwiebel-, Topping- oder Feinkostregal gewöhnlicher großer Rostocker Supermärkte prüft Tobias in Rostock „Röstzwiebeln“, wobei folgende Abgrenzung gilt: „Knusprig frittierte Röstzwiebeln als fertige Zutat beziehungsweise Topping; nicht lediglich frisch angebratene Zwiebel.“"	"OPTIONAL"	"Röstzwiebeln Knusprig frittierte Röstzwiebeln als fertige Zutat beziehungsweise Topping; Tobias Rostock Röstzwiebel knusprig frittiertes Topping Fertigware; Zwiebel; Röstzwiebel-, Topping- oder Feinkostregal gewöhnlicher großer Rostocker Supermärkte; reguläres Sortiment Filialverfügbarkeit; die exakt festgelegte Darreichung"	""	"TOBIAS_ROSTOCK_PROFILE|FORM_SENSITIVE"	"PROPOSED_FOR_HUMAN_REVIEW"
"FROG_LEGS"	"Froschschenkel"	"APPLICABLE"	"Essbare Froschschenkel mit zartem, mildem Fleisch; frisch oder tiefgekühlt als ganze Schenkelpaare beziehungsweise Teilstücke verwendbar."	"NICHE_IMPORT"	"Tobias prüft „Froschschenkel“ in Rostock über Fachhändler für Fleisch und Wurst, wobei die Evidenz die menschliche v2-Freigabe für diesen Weg und Tiefkühlversand, Importbeschränkungen sowie einen gezielten Händlerbesuch ausweist."	"DIFFICULT"	"Über Fachhändler für Fleisch und Wurst (Evidenzstand: die menschliche v2-Freigabe für diesen Weg und Tiefkühlversand, Importbeschränkungen sowie einen gezielten Händlerbesuch) prüft Tobias in Rostock „Froschschenkel“, wobei folgende Abgrenzung gilt: „Essbare Froschschenkel mit zartem, mildem Fleisch; frisch oder tiefgekühlt als ganze Schenkelpaare beziehungsweise Teilstücke verwendbar.“"	"REQUIRED"	"Froschschenkel Essbare Froschschenkel mit zartem, mildem Fleisch; Tobias Rostock Fleisch Wurst exakte Tierart Zuschnitt; Fleisch; Spezialhandel für Fleisch und Wurst Nischenweg; Bestand Produktform Versandlogistik; die zugelassene Frisch- oder Tiefkühlform"	"AV2E-085"	"REFERENCE_ANCHOR|TOBIAS_ROSTOCK_PROFILE|FORM_OR_LOGISTICS_RISK|FORM_SENSITIVE|RESEARCH_REQUIRED|REFERENCE_ANCHOR_V2"	"APPROVED_REFERENCE_ANCHOR_V2"
"FRUIT"	"Obst"	"APPLICABLE"	"Offene Vorgabe für kulinarisch als Obst verwendete Früchte; Art, Säure, Süße und Textur bleiben bewusst wählbar."	"GENERAL_LOCAL"	"Tobias prüft „Obst“ in Rostock über die Obstabteilung eines gewöhnlichen großen Rostocker Supermarkts."	"EASY"	"Über die Obstabteilung eines gewöhnlichen großen Rostocker Supermarkts prüft Tobias in Rostock „Obst“, wobei folgende Abgrenzung gilt: „Offene Vorgabe für kulinarisch als Obst verwendete Früchte; Art, Säure, Süße und Textur bleiben bewusst wählbar.“"	"OPTIONAL"	"Obst Offene Vorgabe für kulinarisch als Obst verwendete Früchte; Tobias Rostock Obst frisch TK genaue Sorte; frisches oder tiefgekühltes Obst; Die Obstabteilung eines gewöhnlichen großen Rostocker Supermarkts; reguläres Sortiment Filialverfügbarkeit; die exakt festgelegte Darreichung"	""	"TOBIAS_ROSTOCK_PROFILE"	"PROPOSED_FOR_HUMAN_REVIEW"
"FRUIT_DUMPLING"	"Obstknödel"	"APPLICABLE"	"Süßer gekochter oder gedämpfter Knödel mit Fruchtfüllung; Teig kann unter anderem Hefe-, Quark- oder Kartoffelteig sein, die verwendete Frucht variiert."	"GENERAL_BROAD"	"Rohe tiefgekühlte Marillenknödel mit ganzer Aprikose im Quarkteig sind bei Gourmet Versand als lagernde 3-kg-Packung verfügbar."	"PLANNED"	"Tobias kann die exakte Fruchtknödel-Form nach Rostock bestellen, muss aber Tiefkühlzustellung und die große Packung vorab organisieren."	"REQUIRED"	"Gourmet Versand Toni Kaiser Marillenknödel tiefgekühlt roh 3 kg Rostock"	"AV2N-A-0098"	"TOBIAS_ROSTOCK_PROFILE|SPECIALTY_MARKET_BREADTH|RESEARCH_REQUIRED|RATING_RECONCILED_V2"	"PROPOSED_FOR_HUMAN_REVIEW"
"FRUIT_VEGETABLES"	"Fruchtgemüse"	"APPLICABLE"	"Offene Vorgabe für botanische Früchte, die herzhaft als Gemüse verwendet werden, etwa Tomate, Paprika oder Kürbis."	"GENERAL_LOCAL"	"Für „Fruchtgemüse“ wird das Angebot über die Gemüseabteilung eines gewöhnlichen großen Rostocker Supermarkts kontrolliert."	"EASY"	"Beim Rostocker Einkauf setzt Tobias für „Fruchtgemüse“ auf die Gemüseabteilung eines gewöhnlichen großen Rostocker Supermarkts nach dieser Produktbeschreibung: „Offene Vorgabe für botanische Früchte, die herzhaft als Gemüse verwendet werden, etwa Tomate, Paprika oder Kürbis.“"	"OPTIONAL"	"Fruchtgemüse Offene Vorgabe für botanische Früchte, die herzhaft als Gemüse verwendet…; Tobias Rostock Gemüse frisch TK genaue Sorte; Gemüse; Die Gemüseabteilung eines gewöhnlichen großen Rostocker Supermarkts; reguläres Sortiment Filialverfügbarkeit; die exakt festgelegte Darreichung"	""	"TOBIAS_ROSTOCK_PROFILE"	"PROPOSED_FOR_HUMAN_REVIEW"
"GAC_FRUIT"	"Gấc-Frucht"	"APPLICABLE"	"Reife Gấc-Frucht beziehungsweise ihr tief orange-rotes Fruchtfleisch um die Samen; vor allem zum Färben und mild-fruchtigen Aromatisieren von Klebreis und Festgebäck. Nicht Drachenfrucht oder bloße Lebensmittelfarbe."	"NICHE_IMPORT"	"Tobias prüft „Gấc-Frucht“ in Rostock über Filipino Asian Store, wobei die Evidenz keinen aktuellen formgenauen Treffer und Importbeschränkungen ausweist."	"DIFFICULT"	"Über Filipino Asian Store (Evidenzstand: keinen aktuellen formgenauen Treffer und Importbeschränkungen) prüft Tobias in Rostock „Gấc-Frucht“, wobei folgende Abgrenzung gilt: „Reife Gấc-Frucht beziehungsweise ihr tief orange-rotes Fruchtfleisch um die Samen; vor allem zum Färben und mild-fruchtigen Aromatisieren von Klebreis und Festgebäck. Nicht Drachenfrucht oder bloße Lebensmittelfarbe.“"	"REQUIRED"	"Gấc-Frucht Reife Gấc-Frucht beziehungsweise ihr tief orange-rotes Fruchtfleisch um die…; Tobias Rostock Obst frisch TK genaue Sorte; Tropenfrucht; Filipino Asian Store; Bestand Produktform Versandlogistik; die geforderte ganze oder körnige Form"	"AV2N-A-0099"	"TOBIAS_ROSTOCK_PROFILE|FORM_OR_LOGISTICS_RISK|RESEARCH_REQUIRED"	"PROPOSED_FOR_HUMAN_REVIEW"
"GALANGAL"	"Galgant"	"APPLICABLE"	"Südostasiatisches Rhizom mit zitrisch-pfeffrigem, harzigem Aroma; frisch oder tiefgekühlt, nicht mit Ingwer gleichsetzen."	"SPECIALTY_BROAD"	"Tobias prüft „Galgant“ in Rostock über Asia4Friends – Gemüse und Spicelands – frisches Obst und Gemüse, wobei die Evidenz eine vor dem Einkauf erneut zu prüfende Verfügbarkeit und Frischeversand ausweist."	"SPECIALTY"	"Über Asia4Friends – Gemüse und Spicelands – frisches Obst und Gemüse (Evidenzstand: eine vor dem Einkauf erneut zu prüfende Verfügbarkeit und Frischeversand) prüft Tobias in Rostock „Galgant“, wobei folgende Abgrenzung gilt: „Südostasiatisches Rhizom mit zitrisch-pfeffrigem, harzigem Aroma; frisch oder tiefgekühlt, nicht mit Ingwer gleichsetzen.“"	"REQUIRED"	"Galgant Südostasiatisches Rhizom mit zitrisch-pfeffrigem, harzigem Aroma; Tobias Rostock Gewürz ganze gemahlene getrocknete Form; Gewürz oder trockenes Würzmittel; Asia4Friends – Gemüse | Spicelands – frisches Obst und Gemüse; mehrere unabhängige Fachhändler Marktbreite; die zugelassene Frisch- oder Tiefkühlform"	"AV2N-A-0100|AV2N-A-0101"	"TOBIAS_ROSTOCK_PROFILE|SPECIALTY_MARKET_BREADTH|FORM_SENSITIVE|RESEARCH_REQUIRED"	"PROPOSED_FOR_HUMAN_REVIEW"
"GAME_MEAT"	"Wildfleisch"	"APPLICABLE"	"Offene Vorgabe für Fleisch jagdbarer Wildtiere; Tierart, Zuschnitt und Intensität bleiben bewusst wählbar."	"GENERAL_BROAD"	"Für „Wildfleisch“ führt der Rostocker Marktweg über MeinMetzger – Wildfleisch, wobei die Evidenz ein dokumentiertes laufendes Angebot und Kühlversand ausweist."	"PLANNED"	"Über MeinMetzger – Wildfleisch (Evidenzstand: ein dokumentiertes laufendes Angebot und Kühlversand) prüft Tobias in Rostock „Wildfleisch“, wobei folgende Abgrenzung gilt: „Offene Vorgabe für Fleisch jagdbarer Wildtiere; Tierart, Zuschnitt und Intensität bleiben bewusst wählbar.“"	"REQUIRED"	"Wildfleisch Offene Vorgabe für Fleisch jagdbarer Wildtiere; Tobias Rostock Fleisch Wurst exakte Tierart Zuschnitt; Fleisch; MeinMetzger – Wildfleisch; gezielter Einkauf Deutschland Wochenvorlauf; den festgelegten Zuschnitt"	"AV2N-A-0102"	"TOBIAS_ROSTOCK_PROFILE|RESEARCH_REQUIRED"	"PROPOSED_FOR_HUMAN_REVIEW"
"GARAM_MASALA"	"Garam Masala"	"APPLICABLE"	"Indische Gewürzmischung aus warm-aromatischen Gewürzen; Zusammensetzung und Verwendung als ganze oder gemahlene Mischung variieren."	"GENERAL_BROAD"	"Für „Garam Masala“ wird das Angebot über gut sortierte Vollsortimenter und etablierte deutsche Gewürzhändler kontrolliert."	"PLANNED"	"Beim Rostocker Einkauf setzt Tobias für „Garam Masala“ auf gut sortierte Vollsortimenter und etablierte deutsche Gewürzhändler, wobei folgende Abgrenzung gilt: „Indische Gewürzmischung aus warm-aromatischen Gewürzen; Zusammensetzung und Verwendung als ganze oder gemahlene Mischung variieren.“"	"OPTIONAL"	"Garam Masala Indische Gewürzmischung aus warm-aromatischen Gewürzen; Tobias Rostock Gewürz ganze gemahlene getrocknete Form; Gewürzmischung; gut sortierte Vollsortimenter und etablierte deutsche Gewürzhändler; gezielter Einkauf Deutschland Wochenvorlauf; die gemahlene oder pulverisierte Form"	""	"TOBIAS_ROSTOCK_PROFILE"	"PROPOSED_FOR_HUMAN_REVIEW"
"GARLIC"	"Knoblauch"	"APPLICABLE"	"Knoblauchknolle mit schwefelig-scharfem, beim Garen süßlich-mildem Aroma; frisch gemeint, nicht Pulver."	"GENERAL_LOCAL"	"Der konkrete Bezug von „Knoblauch“ läuft über die Gemüseabteilung eines gewöhnlichen großen Rostocker Supermarkts, wobei die Evidenz die menschliche v2-Freigabe für diesen Weg und eine lokale Standortprüfung ausweist."	"EASY"	"Über die Gemüseabteilung eines gewöhnlichen großen Rostocker Supermarkts (Evidenzstand: die menschliche v2-Freigabe für diesen Weg und eine lokale Standortprüfung) prüft Tobias in Rostock „Knoblauch“, wobei folgende Abgrenzung gilt: „Knoblauchknolle mit schwefelig-scharfem, beim Garen süßlich-mildem Aroma; frisch gemeint, nicht Pulver.“"	"OPTIONAL"	"Knoblauch Knoblauchknolle mit schwefelig-scharfem, beim Garen süßlich-mildem Aroma; Tobias Rostock Gemüse frisch TK genaue Sorte; Lauch- und Zwiebelgemüse; Die Gemüseabteilung eines gewöhnlichen großen Rostocker Supermarkts; reguläres Sortiment Filialverfügbarkeit; die verlangte frische Form"	"AV2E-010"	"REFERENCE_ANCHOR|TOBIAS_ROSTOCK_PROFILE|FORM_SENSITIVE|REFERENCE_ANCHOR_V2"	"APPROVED_REFERENCE_ANCHOR_V2"
"GARLIC_BUTTER"	"Knoblauchbutter"	"APPLICABLE"	"Butterzubereitung mit Knoblauch als prägendem Aroma; weitere Kräuter sind möglich, aber nicht erforderlich."	"GENERAL_LOCAL"	"Die Rostocker Warenprüfung für „Knoblauchbutter“ erfolgt über die Molkereikühlung eines gewöhnlichen großen Rostocker Supermarkts."	"EASY"	"Tobias organisiert über die Molkereikühlung eines gewöhnlichen großen Rostocker Supermarkts die Rostocker Prüfung von „Knoblauchbutter“, wobei folgende Abgrenzung gilt: „Butterzubereitung mit Knoblauch als prägendem Aroma; weitere Kräuter sind möglich, aber nicht erforderlich.“"	"OPTIONAL"	"Knoblauchbutter Butterzubereitung mit Knoblauch als prägendem Aroma; Tobias Rostock Milchprodukt genaue Sorte Fettstufe; Butter; Die Molkereikühlung eines gewöhnlichen großen Rostocker Supermarkts; reguläres Sortiment Filialverfügbarkeit; die geforderte Blatt- oder Kräuterform"	""	"TOBIAS_ROSTOCK_PROFILE"	"PROPOSED_FOR_HUMAN_REVIEW"
"GARLIC_CHIVES"	"Knoblauch-Schnittlauch"	"APPLICABLE"	"Flaches asiatisches Schnittlauchgewächs mit deutlichem Knoblaucharoma; auch Knoblauch-Schnittlauch genannt."	"NICHE_IMPORT"	"Für „Knoblauch-Schnittlauch“ führt der Rostocker Marktweg über spezialisierte Anbieter für frische Kräuter, wobei die Evidenz die menschliche v2-Freigabe für diesen Weg und Importbeschränkungen, einen gezielten Händlerbesuch sowie Standardversand ausweist."	"DIFFICULT"	"Über spezialisierte Anbieter für frische Kräuter (Evidenzstand: die menschliche v2-Freigabe für diesen Weg und Importbeschränkungen, einen gezielten Händlerbesuch sowie Standardversand) prüft Tobias in Rostock „Knoblauch-Schnittlauch“, wobei folgende Abgrenzung gilt: „Flaches asiatisches Schnittlauchgewächs mit deutlichem Knoblaucharoma; auch Knoblauch-Schnittlauch genannt.“"	"REQUIRED"	"Knoblauch-Schnittlauch Flaches asiatisches Schnittlauchgewächs mit deutlichem Knoblaucharoma; Tobias Rostock frische Kräuter Bund Topf genaue Art; Lauch- und Zwiebelgemüse / Kräuter und Würzblätter; Spezialhandel für frische Kräuter Nischenweg; Bestand Produktform Versandlogistik; die exakt festgelegte Darreichung"	"AV2E-044"	"REFERENCE_ANCHOR|TOBIAS_ROSTOCK_PROFILE|FORM_OR_LOGISTICS_RISK|RESEARCH_REQUIRED|PERSON_DIFFERENCE|REFERENCE_ANCHOR_V2"	"APPROVED_REFERENCE_ANCHOR_V2"
"GARLIC_POWDER"	"Knoblauchpulver"	"APPLICABLE"	"Getrockneter gemahlener oder granulierter Knoblauch mit konzentriertem Aroma; nicht frischer Knoblauch oder Knoblauchsalz."	"GENERAL_LOCAL"	"Für „Knoblauchpulver“ wird das Angebot über das Gewürz- oder Backregal eines gewöhnlichen großen Rostocker Supermarkts kontrolliert."	"EASY"	"Die Beschaffung von „Knoblauchpulver“ über das Gewürz- oder Backregal eines gewöhnlichen großen Rostocker Supermarkts prüft Tobias in Rostock mit diesem inhaltlichen Maßstab: „Getrockneter gemahlener oder granulierter Knoblauch mit konzentriertem Aroma; nicht frischer Knoblauch oder Knoblauchsalz.“"	"OPTIONAL"	"Knoblauchpulver Getrockneter gemahlener oder granulierter Knoblauch mit konzentriertem Aroma; Tobias Rostock Gewürz ganze gemahlene getrocknete Form; Gewürz oder trockenes Würzmittel; Das Gewürz- oder Backregal eines gewöhnlichen großen Rostocker Supermarkts; reguläres Sortiment Filialverfügbarkeit; die getrocknete Produktform"	""	"TOBIAS_ROSTOCK_PROFILE|FORM_SENSITIVE"	"PROPOSED_FOR_HUMAN_REVIEW"
"GHEE"	"Ghee"	"APPLICABLE"	"Geklärtes Butterreinfett mit nussigem Aroma und hoher Hitzetoleranz; nahezu frei von Wasser und Milcheiweiß."	"GENERAL_BROAD"	"Für „Ghee“ führt der Rostocker Marktweg über gut sortierte Vollsortimenter und etablierte deutsche Molkereihändler."	"PLANNED"	"Den Weg über gut sortierte Vollsortimenter und etablierte deutsche Molkereihändler nutzt Tobias in Rostock für „Ghee“, wobei folgende Abgrenzung gilt: „Geklärtes Butterreinfett mit nussigem Aroma und hoher Hitzetoleranz; nahezu frei von Wasser und Milcheiweiß.“"	"OPTIONAL"	"Ghee Geklärtes Butterreinfett mit nussigem Aroma und hoher Hitzetoleranz; Tobias Rostock Milchprodukt genaue Sorte Fettstufe; Kochfett / Milchprodukte; gut sortierte Vollsortimenter und etablierte deutsche Molkereihändler; gezielter Einkauf Deutschland Wochenvorlauf; die präzise gekühlte oder tierische Produktform"	""	"TOBIAS_ROSTOCK_PROFILE"	"PROPOSED_FOR_HUMAN_REVIEW"
"GINGER"	"Ingwer"	"APPLICABLE"	"Frisches Ingwer-Rhizom mit zitrischer Schärfe; nicht getrocknetes Ingwerpulver oder eingelegter Ingwer."	"GENERAL_LOCAL"	"Tobias sucht „Ingwer“ in Rostock über die Gemüseabteilung eines gewöhnlichen großen Rostocker Supermarkts gesucht."	"EASY"	"Das Angebot zu „Ingwer“ über die Gemüseabteilung eines gewöhnlichen großen Rostocker Supermarkts kontrolliert Tobias in Rostock nach dieser Produktbeschreibung: „Frisches Ingwer-Rhizom mit zitrischer Schärfe; nicht getrocknetes Ingwerpulver oder eingelegter Ingwer.“"	"OPTIONAL"	"Ingwer Frisches Ingwer-Rhizom mit zitrischer Schärfe; Tobias Rostock frisches Rhizom genaue Art; Gewürz oder trockenes Würzmittel; Die Gemüseabteilung eines gewöhnlichen großen Rostocker Supermarkts; reguläres Sortiment Filialverfügbarkeit; die verlangte frische Form"	""	"TOBIAS_ROSTOCK_PROFILE|FORM_SENSITIVE"	"PROPOSED_FOR_HUMAN_REVIEW"
"GIO_LUA"	"Giò lụa oder Chả lụa"	"APPLICABLE"	"Fein emulgierte vietnamesische Schweinewurst mit elastisch-glatter Textur, traditionell in Bananenblättern geformt und gedämpft. Gemeint ist die schlichte Giò-lụa-/Chả-lụa-Grundform, nicht gebratene Chả-Varianten oder grobe Sülzwurst."	"NICHE_IMPORT"	"Tobias prüft „Giò lụa oder Chả lụa“ in Rostock über den vietnamesischen Lebensmittel-Spezialhandel, wobei die Evidenz die menschliche v2-Freigabe für diesen Weg und Kühlversand, Importbeschränkungen sowie einen gezielten Händlerbesuch ausweist."	"DIFFICULT"	"Über den vietnamesischen Lebensmittel-Spezialhandel (Evidenzstand: die menschliche v2-Freigabe für diesen Weg und Kühlversand, Importbeschränkungen sowie einen gezielten Händlerbesuch) prüft Tobias in Rostock „Giò lụa oder Chả lụa“, wobei folgende Abgrenzung gilt: „Fein emulgierte vietnamesische Schweinewurst mit elastisch-glatter Textur, traditionell in Bananenblättern geformt und gedämpft. Gemeint ist die schlichte Giò-lụa-/Chả-lụa-Grundform, nicht gebratene Chả-Varianten oder grobe Sülzwurst.“"	"REQUIRED"	"Giò lụa oder Chả lụa Fein emulgierte vietnamesische Schweinewurst mit elastisch-glatter Textur…; Tobias Rostock Fleisch Wurst exakte Tierart Zuschnitt; Schweinefleisch / Wurst; vietnamesischen Lebensmittel-Spezialhandel Nischenweg; Bestand Produktform Versandlogistik; die präzise tierische Produktform"	"AV2E-091"	"REFERENCE_ANCHOR|TOBIAS_ROSTOCK_PROFILE|FORM_OR_LOGISTICS_RISK|RESEARCH_REQUIRED|REFERENCE_ANCHOR_V2"	"APPROVED_REFERENCE_ANCHOR_V2"
"GLASS_NOODLES"	"Glasnudeln"	"APPLICABLE"	"Transparente Nudeln aus Stärke, häufig Mungbohnen-, Süßkartoffel- oder Erbsenstärke; nicht Reisnudeln."	"GENERAL_LOCAL"	"Tobias sucht „Glasnudeln“ in Rostock über das Getreide-, Mehl-, Reis- oder Teigwarenregal eines gewöhnlichen großen Rostocker Supermarkts gesucht."	"EASY"	"Tobias nutzt in Rostock das Getreide-, Mehl-, Reis- oder Teigwarenregal eines gewöhnlichen großen Rostocker Supermarkts für „Glasnudeln“, wobei folgende Abgrenzung gilt: „Transparente Nudeln aus Stärke, häufig Mungbohnen-, Süßkartoffel- oder Erbsenstärke; nicht Reisnudeln.“"	"OPTIONAL"	"Glasnudeln Transparente Nudeln aus Stärke, häufig Mungbohnen-, Süßkartoffel- oder…; Tobias Rostock Getreide Stärke Teigware genaue Form; Nudeln; Das Getreide-, Mehl-, Reis- oder Teigwarenregal eines gewöhnlichen großen Rostocker Supermarkts; reguläres Sortiment Filialverfügbarkeit; die exakt festgelegte Darreichung"	""	"TOBIAS_ROSTOCK_PROFILE"	"PROPOSED_FOR_HUMAN_REVIEW"
"GNOCCHI"	"Gnocchi"	"APPLICABLE"	"Kleine weiche Klößchen, typischerweise auf Kartoffel- und Mehlbasis; gemeint ist das ungefüllte Grundprodukt."	"GENERAL_LOCAL"	"Die Rostocker Warenprüfung für „Gnocchi“ erfolgt über das Getreide-, Mehl-, Reis- oder Teigwarenregal eines gewöhnlichen großen Rostocker Supermarkts."	"EASY"	"Tobias organisiert über das Getreide-, Mehl-, Reis- oder Teigwarenregal eines gewöhnlichen großen Rostocker Supermarkts die Rostocker Prüfung von „Gnocchi“, wobei folgende Abgrenzung gilt: „Kleine weiche Klößchen, typischerweise auf Kartoffel- und Mehlbasis; gemeint ist das ungefüllte Grundprodukt.“"	"OPTIONAL"	"Gnocchi Kleine weiche Klößchen, typischerweise auf Kartoffel- und Mehlbasis; Tobias Rostock Getreide Stärke Teigware genaue Form; stärkehaltige Zutat oder Sättigungsbeilage; Das Getreide-, Mehl-, Reis- oder Teigwarenregal eines gewöhnlichen großen Rostocker Supermarkts; reguläres Sortiment Filialverfügbarkeit; die exakt festgelegte Darreichung"	""	"TOBIAS_ROSTOCK_PROFILE"	"PROPOSED_FOR_HUMAN_REVIEW"
"GOAT"	"Ziegenfleisch"	"APPLICABLE"	"Ziegenfleisch mit kräftigem Eigengeschmack; Zuschnitt und Alter des Tieres bleiben offen."	"NICHE_IMPORT"	"Aus Rostock führt der einzige deutschlandweite exakte Ziegenfleischweg über einen Versand ohne Temperaturkontrolle; Tukwilas zweite Produktseite gehört zu einem Dresdner Laden. Die Kühl- und Entfernungsgrenzen bleiben für Tobias entscheidend."	"DIFFICULT"	"Für Tobias ist weder das 1-kg-Ziegenfleischpaket ohne zugesicherte Temperaturführung noch der ausschließlich in Dresden belegte Tukwila-Weg eine robuste Rostocker Beschaffung. Obwohl der Zuschnitt offen bleiben darf, machen Kühlrisiko und Entfernung die Fleischware zu einem engen Fall."	"REQUIRED"	"Tobias Rostock Ziegenfleisch MAS Impex Versand ohne Temperaturkontrolle Tukwila Dresden Kühlrisiko"	"AV2N-A-0103|AV2N-A-0104"	"TOBIAS_ROSTOCK_PROFILE|FORM_SENSITIVE|NICHE_IMPORT|RATING_RECONCILED_V2|RESEARCH_REQUIRED"	"PROPOSED_FOR_HUMAN_REVIEW"
"GOAT_CHEESE"	"Ziegenkäse"	"APPLICABLE"	"Käse aus Ziegenmilch; Frischkäse, Weichkäse und gereifte feste Formen sind mögliche Ausprägungen."	"GENERAL_LOCAL"	"Die Rostocker Warenprüfung für „Ziegenkäse“ erfolgt über die Käsekühlung oder Käsetheke eines gewöhnlichen großen Rostocker Supermarkts."	"EASY"	"Tobias organisiert über die Käsekühlung oder Käsetheke eines gewöhnlichen großen Rostocker Supermarkts die Rostocker Prüfung von „Ziegenkäse“, wobei folgende Abgrenzung gilt: „Käse aus Ziegenmilch; Frischkäse, Weichkäse und gereifte feste Formen sind mögliche Ausprägungen.“"	"OPTIONAL"	"Ziegenkäse Käse aus Ziegenmilch; Frischkäse, Weichkäse und gereifte feste Formen sind…; Tobias Rostock Käse genaue Sorte Milch Reifung; Käse; Die Käsekühlung oder Käsetheke eines gewöhnlichen großen Rostocker Supermarkts; reguläres Sortiment Filialverfügbarkeit; die zugelassene Ziegenkäseform"	""	"TOBIAS_ROSTOCK_PROFILE|FORM_SENSITIVE"	"PROPOSED_FOR_HUMAN_REVIEW"
"GOCHUGARU"	"Gochugaru"	"APPLICABLE"	"Koreanische grobe Chiliflocken mit fruchtigem Aroma und meist mittlerer Schärfe; nicht beliebige Chiliflocken."	"SPECIALTY_BROAD"	"Gochugaru: Mehrere koreanische Lebensmittel-Fachhändler führen die charakteristisch groben roten Chiliflocken in haushaltsüblichen Beuteln; das reguläre Rostocker Gewürzregal sichert diese koreanische Ausprägung nicht."	"SPECIALTY"	"Für Tobias in Rostock trägt der koreanische Spezialhandel den Bezug von grobem, fruchtigem und meist mittelscharfem Gochugaru; gewöhnliche fein gemahlene Chili oder beliebige Chiliflocken zählen nicht als Treffer."	"REQUIRED"	"Gochugaru Koreanische grobe Chiliflocken mit fruchtigem Aroma und meist mittlerer…; Tobias Rostock Lebensmittel genaue Produktform; Chiliflocken; koreanischen Lebensmittel-Spezialhandel; mehrere unabhängige Fachhändler Marktbreite; die exakt festgelegte Darreichung"	"AV2E-051"	"REFERENCE_ANCHOR|TOBIAS_ROSTOCK_PROFILE|SPECIALTY_MARKET_BREADTH|RESEARCH_REQUIRED|REFERENCE_ANCHOR_V2"	"APPROVED_REFERENCE_ANCHOR_V2"
"GOCHUJANG"	"Gochujang"	"APPLICABLE"	"Koreanische fermentierte rote Chilipaste mit dicklicher Konsistenz sowie süß-scharfem, salzigem und umamireichem Profil."	"SPECIALTY_BROAD"	"Gochujang: Koreanische Lebensmittel-Spezialsortimente bieten die dicke fermentierte rote Chilipaste in mehreren Packungsgrößen und Marken; ihre Breite begründet den Fachhandelsweg jenseits des normalen Rostocker Saucenregals."	"SPECIALTY"	"Tobias kann in Rostock über koreanischen Spezialhandel dickliche, fermentierte Gochujang-Paste mit süß-scharfem, salzigem Umamiprofil beziehen; Sambal oder nicht fermentierte rote Chilipaste sind keine formgleichen Ersatztreffer."	"REQUIRED"	"Gochujang Koreanische fermentierte rote Chilipaste mit dicklicher Konsistenz sowie…; Tobias Rostock Würzsauce Paste Essig exakte Sorte; Chilisauce oder -paste / fermentierte Würzzutat; koreanischen Lebensmittel-Spezialhandel; mehrere unabhängige Fachhändler Marktbreite; die exakt festgelegte Darreichung"	"AV2E-050"	"REFERENCE_ANCHOR|TOBIAS_ROSTOCK_PROFILE|SPECIALTY_MARKET_BREADTH|RESEARCH_REQUIRED|REFERENCE_ANCHOR_V2"	"APPROVED_REFERENCE_ANCHOR_V2"
"GOOSE"	"Gans"	"APPLICABLE"	"Gänsefleisch ohne Festlegung auf Brust, Keule oder ganzes Tier; fettreiche Haut ist ein typischer Bestandteil."	"GENERAL_BROAD"	"Für Tobias belegt Gourmetfleisch.de eine aktuell bestellbare Gänsebrust HKL-A mit Haut. Der deutschlandweite Tiefkühlversand macht diesen zulässigen Gänsezuschnitt in Rostock erreichbar."	"PLANNED"	"Gänsefleisch lässt sich für Tobias über eine konkrete Gänsebrust mit Haut beschaffen. Gourmetfleisch.de weist sie unmittelbar verfügbar aus und sendet sie tiefgekühlt nach Rostock; Keule oder ganzes Tier werden damit nicht behauptet."	"REQUIRED"	"Gans Gänsefleisch Gänsebrust Haut Gourmetfleisch sofort verfügbar tiefgekühlt Rostock"	"AV2N-A-0105"	"TOBIAS_ROSTOCK_PROFILE|RESEARCH_REQUIRED"	"PROPOSED_FOR_HUMAN_REVIEW"
"GOOSEBERRY"	"Stachelbeere"	"APPLICABLE"	"Stachelbeere mit fester Schale und süß-säuerlichem bis herbem Fruchtfleisch; Farbe und Reifegrad bleiben offen."	"GENERAL_BROAD"	"Beim Einkauf von „Stachelbeere“ nutzt Tobias gut sortierte Vollsortimenter und etablierte deutsche Frucht- oder Frischehändler."	"PLANNED"	"Die Beschaffung von „Stachelbeere“ über gut sortierte Vollsortimenter und etablierte deutsche Frucht- oder Frischehändler prüft Tobias in Rostock, wobei folgende Abgrenzung gilt: „Stachelbeere mit fester Schale und süß-säuerlichem bis herbem Fruchtfleisch; Farbe und Reifegrad bleiben offen.“"	"OPTIONAL"	"Stachelbeere Stachelbeere mit fester Schale und süß-säuerlichem bis herbem Fruchtfleisch; Tobias Rostock Obst frisch TK genaue Sorte; Beeren; gut sortierte Vollsortimenter und etablierte deutsche Frucht- oder Frischehändler; gezielter Einkauf Deutschland Wochenvorlauf; die exakt festgelegte Darreichung"	""	"TOBIAS_ROSTOCK_PROFILE"	"PROPOSED_FOR_HUMAN_REVIEW"
"GOUDA"	"Gouda"	"APPLICABLE"	"Halbfester bis fester Kuhmilchkäse nach Gouda-Art; Reifegrad reicht von mild-cremig bis kristallin-würzig."	"GENERAL_LOCAL"	"Tobias prüft „Gouda“ in Rostock über die Käsekühlung oder Käsetheke eines gewöhnlichen großen Rostocker Supermarkts."	"EASY"	"Über die Käsekühlung oder Käsetheke eines gewöhnlichen großen Rostocker Supermarkts prüft Tobias in Rostock „Gouda“ mit diesem inhaltlichen Maßstab: „Halbfester bis fester Kuhmilchkäse nach Gouda-Art; Reifegrad reicht von mild-cremig bis kristallin-würzig.“"	"OPTIONAL"	"Gouda Halbfester bis fester Kuhmilchkäse nach Gouda-Art; Tobias Rostock Käse genaue Sorte Milch Reifung; Käse; Die Käsekühlung oder Käsetheke eines gewöhnlichen großen Rostocker Supermarkts; reguläres Sortiment Filialverfügbarkeit; die präzise gekühlte oder tierische Produktform"	""	"TOBIAS_ROSTOCK_PROFILE"	"PROPOSED_FOR_HUMAN_REVIEW"
"GRAINS"	"Getreide oder Pseudogetreide"	"APPLICABLE"	"Offene Vorgabe für Getreide und kulinarisch vergleichbare Pseudogetreide; Art und Verarbeitungsgrad bleiben wählbar."	"GENERAL_LOCAL"	"Tobias prüft „Getreide oder Pseudogetreide“ in Rostock über das Getreide-, Mehl-, Reis- oder Teigwarenregal eines gewöhnlichen großen Rostocker Supermarkts."	"EASY"	"Über das Getreide-, Mehl-, Reis- oder Teigwarenregal eines gewöhnlichen großen Rostocker Supermarkts prüft Tobias in Rostock „Getreide oder Pseudogetreide“ mit diesem inhaltlichen Maßstab: „Offene Vorgabe für Getreide und kulinarisch vergleichbare Pseudogetreide; Art und Verarbeitungsgrad bleiben wählbar.“"	"OPTIONAL"	"Getreide oder Pseudogetreide Offene Vorgabe für Getreide und kulinarisch vergleichbare Pseudogetreide; Tobias Rostock Getreide Stärke Teigware genaue Form; stärkehaltige Zutat oder Sättigungsbeilage; Das Getreide-, Mehl-, Reis- oder Teigwarenregal eines gewöhnlichen großen Rostocker Supermarkts; reguläres Sortiment Filialverfügbarkeit; die exakt festgelegte Darreichung"	""	"TOBIAS_ROSTOCK_PROFILE"	"PROPOSED_FOR_HUMAN_REVIEW"
"GRAPE"	"Weintrauben"	"APPLICABLE"	"Frische Weintrauben als süße, saftige Frucht; helle und dunkle sowie kernlose und kernhaltige Sorten sind umfasst."	"GENERAL_LOCAL"	"Die Rostocker Warenprüfung für „Weintrauben“ erfolgt über die Obstabteilung eines gewöhnlichen großen Rostocker Supermarkts."	"EASY"	"Tobias organisiert über die Obstabteilung eines gewöhnlichen großen Rostocker Supermarkts die Rostocker Prüfung von „Weintrauben“, wobei folgende Abgrenzung gilt: „Frische Weintrauben als süße, saftige Frucht; helle und dunkle sowie kernlose und kernhaltige Sorten sind umfasst.“"	"OPTIONAL"	"Weintrauben Frische Weintrauben als süße, saftige Frucht; Tobias Rostock Obst frisch TK genaue Sorte; Obst; Die Obstabteilung eines gewöhnlichen großen Rostocker Supermarkts; reguläres Sortiment Filialverfügbarkeit; die verlangte frische Form"	""	"TOBIAS_ROSTOCK_PROFILE|FORM_SENSITIVE"	"PROPOSED_FOR_HUMAN_REVIEW"
"GRAPEFRUIT"	"Grapefruit"	"APPLICABLE"	"Große Zitrusfrucht mit saftigem, deutlich bitter-säuerlichem Fruchtfleisch; Farbe und Sorte bleiben offen."	"GENERAL_LOCAL"	"Tobias prüft „Grapefruit“ in Rostock über die Obstabteilung eines gewöhnlichen großen Rostocker Supermarkts."	"EASY"	"Über die Obstabteilung eines gewöhnlichen großen Rostocker Supermarkts prüft Tobias in Rostock „Grapefruit“ mit diesem inhaltlichen Maßstab: „Große Zitrusfrucht mit saftigem, deutlich bitter-säuerlichem Fruchtfleisch; Farbe und Sorte bleiben offen.“"	"OPTIONAL"	"Grapefruit Große Zitrusfrucht mit saftigem, deutlich bitter-säuerlichem Fruchtfleisch; Tobias Rostock Obst frisch TK genaue Sorte; Zitrusfrucht; Die Obstabteilung eines gewöhnlichen großen Rostocker Supermarkts; reguläres Sortiment Filialverfügbarkeit; die exakt festgelegte Darreichung"	""	"TOBIAS_ROSTOCK_PROFILE"	"PROPOSED_FOR_HUMAN_REVIEW"
"GRAVLAX"	"Gravlax"	"APPLICABLE"	"Mit Salz, Zucker und meist Dill trocken gebeizter roher Lachs; nicht geräuchert und nicht gegart."	"GENERAL_BROAD"	"Deutsche See – Gravedlachs gebeizt in Scheiben belegt formgenau: Deutsche See führt ungeräucherten, mit Salz, Zucker und Dill gebeizten Atlantiklachs in Scheiben als verfügbaren Artikel. Für Tobias in Rostock gilt: Deutschlandweiter gekühlter Wunschterminversand nach Bornheim und Rostock; Logistik CHILLED_SHIPPING. Die etwa 540-g-Gewichtsware erfordert terminierten Kühlversand und besitzt mindestens vier Tage Resthaltbarkeit."	"PLANNED"	"Im Rostocker Profil von Tobias ist maßgeblich: Gravlax wird im gekühlten Fischsortiment als gebeizter, ungegarter Lachs vorbestandsgeprüft, nicht als Räucherlachs oder Konserve."	"OPTIONAL"	"Deutsche See Gravedlachs gebeizt Salz Zucker Dill ungeräuchert verfügbar | Tobias in Rostock | IN_STOCK CHILLED_SHIPPING"	"AV2N-A-0106|AV2N-P-0013"	"TOBIAS_ROSTOCK_PROFILE|RATING_RECONCILED_V2"	"PROPOSED_FOR_HUMAN_REVIEW"
"GREEK_YOGURT"	"griechischer Joghurt"	"APPLICABLE"	"Abgetropfter beziehungsweise besonders proteinreicher Joghurt mit dichter, cremiger Textur; Fettstufe bleibt offen, natur gemeint."	"GENERAL_LOCAL"	"Tobias prüft „griechischer Joghurt“ in Rostock über die Molkereikühlung eines gewöhnlichen großen Rostocker Supermarkts."	"EASY"	"Über die Molkereikühlung eines gewöhnlichen großen Rostocker Supermarkts prüft Tobias in Rostock „griechischer Joghurt“ mit diesem inhaltlichen Maßstab: „Abgetropfter beziehungsweise besonders proteinreicher Joghurt mit dichter, cremiger Textur; Fettstufe bleibt offen, natur gemeint.“"	"OPTIONAL"	"griechischer Joghurt Abgetropfter beziehungsweise besonders proteinreicher Joghurt mit dichter…; Tobias Rostock Milchprodukt genaue Sorte Fettstufe; Joghurt; Die Molkereikühlung eines gewöhnlichen großen Rostocker Supermarkts; reguläres Sortiment Filialverfügbarkeit; die präzise gekühlte oder tierische Produktform"	""	"TOBIAS_ROSTOCK_PROFILE"	"PROPOSED_FOR_HUMAN_REVIEW"
"GREEN_ASPARAGUS"	"grüner Spargel"	"APPLICABLE"	"Grüner oberirdisch gewachsener Spargel mit kräftigerem, grasig-nussigem Aroma; Schälen ist meist nur am unteren Ende nötig."	"GENERAL_LOCAL"	"Die Rostocker Warenprüfung für „grüner Spargel“ erfolgt über die Gemüseabteilung eines gewöhnlichen großen Rostocker Supermarkts."	"EASY"	"Tobias nutzt in Rostock die Gemüseabteilung eines gewöhnlichen großen Rostocker Supermarkts für „grüner Spargel“ nach dieser Produktbeschreibung: „Grüner oberirdisch gewachsener Spargel mit kräftigerem, grasig-nussigem Aroma; Schälen ist meist nur am unteren Ende nötig.“"	"OPTIONAL"	"grüner Spargel Grüner oberirdisch gewachsener Spargel mit kräftigerem, grasig-nussigem Aroma; Tobias Rostock Gemüse frisch TK genaue Sorte; Spargel; Die Gemüseabteilung eines gewöhnlichen großen Rostocker Supermarkts; reguläres Sortiment Filialverfügbarkeit; die exakt festgelegte Darreichung"	""	"TOBIAS_ROSTOCK_PROFILE"	"PROPOSED_FOR_HUMAN_REVIEW"
"GREEN_BEANS"	"grüne Bohnen"	"APPLICABLE"	"Junge essbare Bohnenhülsen mit knackiger Textur; vor dem Verzehr garen, nicht trockene Bohnenkerne."	"GENERAL_LOCAL"	"Tobias prüft „grüne Bohnen“ in Rostock über die Gemüseabteilung eines gewöhnlichen großen Rostocker Supermarkts."	"EASY"	"Tobias organisiert über die Gemüseabteilung eines gewöhnlichen großen Rostocker Supermarkts die Rostocker Prüfung von „grüne Bohnen“ nach dieser Produktbeschreibung: „Junge essbare Bohnenhülsen mit knackiger Textur; vor dem Verzehr garen, nicht trockene Bohnenkerne.“"	"OPTIONAL"	"grüne Bohnen Junge essbare Bohnenhülsen mit knackiger Textur; Tobias Rostock Gemüse frisch TK genaue Sorte; Hülsen- und Schotengemüse; Die Gemüseabteilung eines gewöhnlichen großen Rostocker Supermarkts; reguläres Sortiment Filialverfügbarkeit; die exakt festgelegte Darreichung"	""	"TOBIAS_ROSTOCK_PROFILE"	"PROPOSED_FOR_HUMAN_REVIEW"
"GREEN_BELL_PEPPER"	"grüne Paprika"	"APPLICABLE"	"Unreif grün geerntete Gemüsepaprika mit herberem, grasigem Geschmack; nicht scharfe grüne Chili."	"GENERAL_LOCAL"	"Für „grüne Paprika“ führt der Rostocker Marktweg über die Gemüseabteilung eines gewöhnlichen großen Rostocker Supermarkts."	"EASY"	"Über die Gemüseabteilung eines gewöhnlichen großen Rostocker Supermarkts prüft Tobias in Rostock „grüne Paprika“ unter folgender Warenvorgabe: „Unreif grün geerntete Gemüsepaprika mit herberem, grasigem Geschmack; nicht scharfe grüne Chili.“"	"OPTIONAL"	"grüne Paprika Unreif grün geerntete Gemüsepaprika mit herberem, grasigem Geschmack; Tobias Rostock Gemüse frisch TK genaue Sorte; Paprika; Die Gemüseabteilung eines gewöhnlichen großen Rostocker Supermarkts; reguläres Sortiment Filialverfügbarkeit; die exakt festgelegte Darreichung"	""	"TOBIAS_ROSTOCK_PROFILE"	"PROPOSED_FOR_HUMAN_REVIEW"
"GREEN_PAPAYA"	"grüne Papaya"	"APPLICABLE"	"Unreife feste Papaya mit mildem Geschmack, als knackiges Gemüse verwendbar; nicht reife süße Papaya."	"SPECIALTY_BROAD"	"Tobias prüft „grüne Papaya“ in Rostock über Asia Moin – Obst und Gemüse und Asia4Friends – Gemüse, wobei die Evidenz eine vor dem Einkauf erneut zu prüfende Verfügbarkeit und Frischeversand ausweist."	"SPECIALTY"	"Über Asia Moin – Obst und Gemüse und Asia4Friends – Gemüse (Evidenzstand: eine vor dem Einkauf erneut zu prüfende Verfügbarkeit und Frischeversand) prüft Tobias in Rostock „grüne Papaya“, wobei folgende Abgrenzung gilt: „Unreife feste Papaya mit mildem Geschmack, als knackiges Gemüse verwendbar; nicht reife süße Papaya.“"	"REQUIRED"	"grüne Papaya Unreife feste Papaya mit mildem Geschmack, als knackiges Gemüse verwendbar; Tobias Rostock Obst frisch TK genaue Sorte; Papaya; Asia4Friends – Gemüse | Asia Moin; mehrere unabhängige Fachhändler Marktbreite; die exakt festgelegte Darreichung"	"AV2N-A-0107|AV2N-A-0108"	"TOBIAS_ROSTOCK_PROFILE|SPECIALTY_MARKET_BREADTH|RESEARCH_REQUIRED"	"PROPOSED_FOR_HUMAN_REVIEW"
"GREEN_PEAS"	"grüne Erbsen"	"APPLICABLE"	"Junge grüne Erbsen, frisch oder tiefgekühlt, mit süßlichem Geschmack; nicht getrocknete Spalterbsen."	"GENERAL_LOCAL"	"Die Beschaffung von „grüne Erbsen“ erfolgt in Rostock über den Gemüse- oder Tiefkühlgemüsebereich eines gewöhnlichen großen Rostocker Supermarkts."	"EASY"	"Für „grüne Erbsen“ kontrolliert Tobias den Rostocker Bezug über den Gemüse- oder Tiefkühlgemüsebereich eines gewöhnlichen großen Rostocker Supermarkts, wobei folgende Abgrenzung gilt: „Junge grüne Erbsen, frisch oder tiefgekühlt, mit süßlichem Geschmack; nicht getrocknete Spalterbsen.“"	"OPTIONAL"	"grüne Erbsen Junge grüne Erbsen, frisch oder tiefgekühlt, mit süßlichem Geschmack; Tobias Rostock Gemüse frisch TK genaue Sorte; Erbsen / Hülsen- und Schotengemüse; Der Gemüse- oder Tiefkühlgemüsebereich eines gewöhnlichen großen Rostocker Supermarkts; reguläres Sortiment Filialverfügbarkeit; die zugelassene Frisch- oder Tiefkühlform"	""	"TOBIAS_ROSTOCK_PROFILE|FORM_SENSITIVE"	"PROPOSED_FOR_HUMAN_REVIEW"
"GREEN_PEPPER"	"grüne Pfefferkörner"	"APPLICABLE"	"Unreif geerntete Pfefferfrüchte, frisch, gefriergetrocknet oder in Lake; milder und frischer als schwarzer Pfeffer."	"GENERAL_LOCAL"	"Grüne Pfefferkörner: gewöhnliche große Rostocker Supermärkte führen sie je nach Produktform im Gewürz- oder Feinkostregal, insbesondere gefriergetrocknet oder in Lake; die frische Variante ist keine Pflicht."	"EASY"	"Tobias kann grüne Pfefferkörner in Rostock im Gewürz- oder Feinkostregal großer Supermärkte finden — Für die offene Produktform genügen frische, gefriergetrocknete oder in Lake eingelegte Körner — sie wird nicht auf Frischware verengt."	"OPTIONAL"	"grüne Pfefferkörner Unreif geerntete Pfefferfrüchte, frisch, gefriergetrocknet oder in Lake; Tobias Rostock Lebensmittel genaue Produktform; Pfeffer; Das passende Regal oder die Frischeabteilung eines gewöhnlichen großen Rostocker Supermarkts; reguläres Sortiment Filialverfügbarkeit; die verlangte frische Form"	""	"TOBIAS_ROSTOCK_PROFILE|FORM_SENSITIVE"	"PROPOSED_FOR_HUMAN_REVIEW"
"GREEN_RICE_FLAKES"	"Cốm oder grüne Reisflocken"	"APPLICABLE"	"Aus jungen, noch grünen Klebreiskörnern geröstete und flachgestampfte vietnamesische Reisflocken mit zart nussigem, leicht süßlichem Aroma. Pur, in Süßspeisen, Kuchen oder als Panierung verwendbar; nicht gefärbte reife Reisflocken."	"NICHE_IMPORT"	"Tobias prüft „Cốm oder grüne Reisflocken“ in Rostock über AsiaFoodland – grüne Reisflocken, wobei die Evidenz beim Abruf verfügbaren Bestand und Standardversand ausweist."	"DIFFICULT"	"Über AsiaFoodland – grüne Reisflocken (Evidenzstand: beim Abruf verfügbaren Bestand und Standardversand) prüft Tobias in Rostock „Cốm oder grüne Reisflocken“, wobei folgende Abgrenzung gilt: „Aus jungen, noch grünen Klebreiskörnern geröstete und flachgestampfte vietnamesische Reisflocken mit zart nussigem, leicht süßlichem Aroma. Pur, in Süßspeisen, Kuchen oder als Panierung verwendbar; nicht gefärbte reife Reisflocken.“"	"REQUIRED"	"Cốm oder grüne Reisflocken Aus jungen, noch grünen Klebreiskörnern geröstete und flachgestampfte…; Tobias Rostock Getreide Stärke Teigware genaue Form; Reisprodukt; AsiaFoodland – grüne Reisflocken; Bestand Produktform Versandlogistik; die exakt festgelegte Darreichung"	"AV2N-A-0109"	"TOBIAS_ROSTOCK_PROFILE|FORM_OR_LOGISTICS_RISK|RESEARCH_REQUIRED"	"PROPOSED_FOR_HUMAN_REVIEW"
"GREEN_SPLIT_PEAS"	"grüne Schälerbsen"	"APPLICABLE"	"Getrocknete grüne geschälte und halbierte Erbsen mit mild-erdigem Geschmack; nicht gelbe Schälerbsen oder frische grüne Erbsen."	"GENERAL_LOCAL"	"Die Beschaffung von „grüne Schälerbsen“ erfolgt in Rostock über das Hülsenfrucht-, Konserven- oder Trockensortiment eines gewöhnlichen großen Rostocker Supermarkts."	"EASY"	"Für „grüne Schälerbsen“ kontrolliert Tobias den Rostocker Bezug über das Hülsenfrucht-, Konserven- oder Trockensortiment eines gewöhnlichen großen Rostocker Supermarkts, wobei folgende Abgrenzung gilt: „Getrocknete grüne geschälte und halbierte Erbsen mit mild-erdigem Geschmack; nicht gelbe Schälerbsen oder frische grüne Erbsen.“"	"OPTIONAL"	"grüne Schälerbsen Getrocknete grüne geschälte und halbierte Erbsen mit mild-erdigem Geschmack; Tobias Rostock Hülsenfrucht getrocknet vorgegart Sorte; Spalterbsen; Das Hülsenfrucht-, Konserven- oder Trockensortiment eines gewöhnlichen großen Rostocker Supermarkts; reguläres Sortiment Filialverfügbarkeit; die getrocknete Produktform"	""	"TOBIAS_ROSTOCK_PROFILE|FORM_SENSITIVE"	"PROPOSED_FOR_HUMAN_REVIEW"
"GREEN_TEA"	"grüner Tee"	"APPLICABLE"	"Nicht oder nur wenig oxidierter Tee mit grasigem bis nussigem Profil; Sorte, Blattgrad und Röstung bleiben offen."	"GENERAL_LOCAL"	"Tobias prüft „grüner Tee“ in Rostock über das Kaffee- oder Teeregal eines gewöhnlichen großen Rostocker Supermarkts."	"EASY"	"Über das Kaffee- oder Teeregal eines gewöhnlichen großen Rostocker Supermarkts prüft Tobias in Rostock „grüner Tee“, wobei folgende Abgrenzung gilt: „Nicht oder nur wenig oxidierter Tee mit grasigem bis nussigem Profil; Sorte, Blattgrad und Röstung bleiben offen.“"	"OPTIONAL"	"grüner Tee Nicht oder nur wenig oxidierter Tee mit grasigem bis nussigem Profil; Tobias Rostock Kaffee Tee genaue Röstung Sorte Form; Tee; Das Kaffee- oder Teeregal eines gewöhnlichen großen Rostocker Supermarkts; reguläres Sortiment Filialverfügbarkeit; die exakt festgelegte Darreichung"	""	"TOBIAS_ROSTOCK_PROFILE|RATING_RECONCILED_V2"	"PROPOSED_FOR_HUMAN_REVIEW"
"GRUYERE"	"Gruyère"	"APPLICABLE"	"Fester gereifter Kuhmilchkäse nach Gruyère-Art mit nussig-würzigem Aroma und guter Schmelzeignung."	"GENERAL_BROAD"	"Formatta – Schweizer Gruyère AOP sechs Monate belegt formgenau: Formatta bietet formgenauen Schweizer Gruyère AOP aus Rohmilch, sechs Monate gereift, als aktuell lieferbare Ware an. Für Tobias in Rostock gilt: Deutschlandweiter Kühlversand in Thermobox; 1–3 Werktage; Logistik CHILLED_SHIPPING. Käsefachversand, Thermobox und Versandkosten bleiben nötig; Käse nach Gruyère-Art wird nicht mitgezählt."	"PLANNED"	"Auf dem Rostocker Marktweg von Tobias: Gruyère wird anhand der gereiften AOP-Packung geplant beschafft; allgemeiner Hartkäse mit guter Schmelzeignung reicht nicht aus."	"OPTIONAL"	"Formatta Le Gruyère AOP Rohmilch sechs Monate lieferbar | Tobias in Rostock | IN_STOCK CHILLED_SHIPPING"	"AV2N-A-0110|AV2N-P-0014"	"TOBIAS_ROSTOCK_PROFILE"	"PROPOSED_FOR_HUMAN_REVIEW"
"GUAVA"	"Guave"	"APPLICABLE"	"Tropische Frucht mit intensiv duftendem, süß-säuerlichem Fruchtfleisch und vielen essbaren Kernen."	"GENERAL_BROAD"	"Guave: Obstwelt bietet ganze frische rote Guaven mit Warenkorb und bundesweitem Frischeversand in mehreren Mengen an. vor Ort in Rostock ist der Bestand erneut abzufragen."	"PLANNED"	"Für Tobias in Rostock gilt: Guave ist über den konkreten Obstwelt-Versand planbar; gesucht wird die ganze duftende Frucht mit Fruchtfleisch und essbaren Kernen, nicht Nektar."	"REQUIRED"	"Guave rote Guaven ganz frisch Obstwelt bundesweiter Frischeversand; Tobias Rostock konkrete Produktseite Bestand Logistik 2026-09-04"	"AV2N-A-0111"	"TOBIAS_ROSTOCK_PROFILE|RESEARCH_REQUIRED"	"PROPOSED_FOR_HUMAN_REVIEW"
"HABANERO"	"Habanero"	"APPLICABLE"	"Sehr scharfe frische Chili mit ausgeprägt fruchtigem Aroma; Farbe und konkrete Habanero-Sorte bleiben offen."	"GENERAL_BROAD"	"Tobias sucht „Habanero“ in Rostock über gut sortierte Vollsortimenter und etablierte deutsche Gemüse- oder Frischehändler gesucht."	"PLANNED"	"Tobias nutzt in Rostock gut sortierte Vollsortimenter und etablierte deutsche Gemüse- oder Frischehändler für „Habanero“, wobei folgende Abgrenzung gilt: „Sehr scharfe frische Chili mit ausgeprägt fruchtigem Aroma; Farbe und konkrete Habanero-Sorte bleiben offen.“"	"OPTIONAL"	"Habanero Sehr scharfe frische Chili mit ausgeprägt fruchtigem Aroma; Tobias Rostock Gemüse frisch TK genaue Sorte; frische Chili; gut sortierte Vollsortimenter und etablierte deutsche Gemüse- oder Frischehändler; gezielter Einkauf Deutschland Wochenvorlauf; die verlangte frische Form"	""	"TOBIAS_ROSTOCK_PROFILE|FORM_SENSITIVE"	"PROPOSED_FOR_HUMAN_REVIEW"
"HADDOCK"	"Schellfisch"	"APPLICABLE"	"Schellfisch mit mildem, magerem und blättrigem Fleisch; frisch oder tiefgekühlt, nicht automatisch geräuchert."	"GENERAL_BROAD"	"Für „Schellfisch“ führt der Rostocker Marktweg über Vorbestellung an einer gut sortierten Supermarkt-Fischtheke oder etablierter bundesweiter Seafood-Versand, wobei die Evidenz die menschliche v2-Freigabe für diesen Weg und Tiefkühlversand sowie einen gezielten Händlerbesuch ausweist."	"PLANNED"	"Über Vorbestellung an einer gut sortierten Supermarkt-Fischtheke oder etablierter bundesweiter Seafood-Versand (Evidenzstand: die menschliche v2-Freigabe für diesen Weg und Tiefkühlversand sowie einen gezielten Händlerbesuch) prüft Tobias in Rostock „Schellfisch“, wobei folgende Abgrenzung gilt: „Schellfisch mit mildem, magerem und blättrigem Fleisch; frisch oder tiefgekühlt, nicht automatisch geräuchert.“"	"REQUIRED"	"Schellfisch Schellfisch mit mildem, magerem und blättrigem Fleisch; Tobias Rostock Fisch Seafood Frische TK genauer Zuschnitt; weißfleischiger Fisch; Vorbestellung an einer gut sortierten Supermarkt-Fischtheke oder etablierter bundesweiter Seafood-Versand; gezielter Einkauf Deutschland Wochenvorlauf; die zugelassene Frisch- oder Tiefkühlform"	"AV2E-020"	"REFERENCE_ANCHOR|TOBIAS_ROSTOCK_PROFILE|FORM_SENSITIVE|RESEARCH_REQUIRED|REFERENCE_ANCHOR_V2"	"APPROVED_REFERENCE_ANCHOR_V2"
"HAKE"	"Seehecht"	"APPLICABLE"	"Seehecht als magerer Weißfisch mit zartem, grobblättrigem Fleisch; Zuschnitt bleibt offen."	"GENERAL_BROAD"	"1aFisch – Seehecht-Loin ohne Haut belegt: 1aFisch kennzeichnet das frische handfiletierte Seehecht-Loin ohne Haut als sofort versandfertig, nennt einen Liefertermin und verschickt Frischfisch gekühlt binnen 24 Stunden. Der Bezug erfolgt über Deutschland; gekühlter 24-Stunden-Express mit nächstem Liefertermin; maßgeblich ist CHILLED_SHIPPING. Der positive Weg ist ein etwa 250 Gramm schweres grätenfreies Rückenfilet; Fang- und Liefertermin beeinflussen den kurzfristigen Bestand."	"PLANNED"	"Als planbare Route für Tobias in Rostock dient: 1aFisch kennzeichnet das frische handfiletierte Seehecht-Loin ohne Haut als sofort versandfertig, nennt einen Liefertermin und verschickt Frischfisch gekühlt binnen 24 Stunden. Der positive Weg ist ein etwa 250 Gramm schweres grätenfreies Rückenfilet; Fang- und Liefertermin beeinflussen den kurzfristigen Bestand."	"REQUIRED"	"Seehecht Loin ohne Haut frisch sofort versandfertig 1aFisch 24 Stunden Express | Tobias Rostock | 1aFisch – Seehecht-Loin ohne Haut | IN_STOCK CHILLED_SHIPPING"	"AV2N-A-0112"	"TOBIAS_ROSTOCK_PROFILE|RESEARCH_REQUIRED"	"PROPOSED_FOR_HUMAN_REVIEW"
"HALIBUT"	"Heilbutt"	"APPLICABLE"	"Heilbutt mit festem, mildem und vergleichsweise fleischigem Weißfischfilet; schwarzer und weißer Heilbutt sind umfasst."	"GENERAL_BROAD"	"Deutsche See – weißes Heilbuttfilet TK belegt: Das verfügbare Produkt ist weißes Heilbuttfilet mit Haut, vakuumverpackt und tiefgefroren; Art und konkreter Filetzuschnitt sind ausgewiesen. Der Bezug erfolgt über Deutschland und Österreich; tiefgekühlte GO!-Express-Lieferung zum Wunschtermin; maßgeblich ist FROZEN_SHIPPING. Nachgewiesen ist weißer Heilbutt als Tiefkühlfilet, nicht jede schwarze Heilbuttform; die Tiefkühlzustellung ist einzuplanen."	"PLANNED"	"Tobias Rostocker Zugang wird durch diesen Formtreffer getragen: Das verfügbare Produkt ist weißes Heilbuttfilet mit Haut, vakuumverpackt und tiefgefroren; Art und konkreter Filetzuschnitt sind ausgewiesen. Nachgewiesen ist weißer Heilbutt als Tiefkühlfilet, nicht jede schwarze Heilbuttform; die Tiefkühlzustellung ist einzuplanen."	"REQUIRED"	"weißes Heilbuttfilet Hippoglossus hippoglossus tiefgekühlt Deutsche See verfügbar | Tobias Rostock | Deutsche See – weißes Heilbuttfilet TK | IN_STOCK FROZEN_SHIPPING"	"AV2N-A-0113"	"TOBIAS_ROSTOCK_PROFILE|RESEARCH_REQUIRED"	"PROPOSED_FOR_HUMAN_REVIEW"
"HALLOUMI"	"Halloumi"	"APPLICABLE"	"Fester Salzlakenkäse mit hoher Hitzestabilität und charakteristischem Biss; meist aus Schaf-, Ziegen- und/oder Kuhmilch."	"GENERAL_LOCAL"	"Für „Halloumi“ führt der Rostocker Marktweg über die Käsekühlung oder Käsetheke eines gewöhnlichen großen Rostocker Supermarkts."	"EASY"	"Den Weg über die Käsekühlung oder Käsetheke eines gewöhnlichen großen Rostocker Supermarkts nutzt Tobias in Rostock für „Halloumi“ mit diesem inhaltlichen Maßstab: „Fester Salzlakenkäse mit hoher Hitzestabilität und charakteristischem Biss; meist aus Schaf-, Ziegen- und/oder Kuhmilch.“"	"OPTIONAL"	"Halloumi Fester Salzlakenkäse mit hoher Hitzestabilität und charakteristischem Biss; Tobias Rostock Käse genaue Sorte Milch Reifung; Käse; Die Käsekühlung oder Käsetheke eines gewöhnlichen großen Rostocker Supermarkts; reguläres Sortiment Filialverfügbarkeit; die präzise gekühlte oder tierische Produktform"	""	"TOBIAS_ROSTOCK_PROFILE"	"PROPOSED_FOR_HUMAN_REVIEW"
"HAM"	"Schinken"	"APPLICABLE"	"Offene Schinkenfamilie aus gepökeltem Fleisch; gekochte, geräucherte und luftgetrocknete Ausprägungen sind umfasst."	"GENERAL_LOCAL"	"Die Rostocker Warenprüfung für „Schinken“ erfolgt über die Fleischkühlung oder Bedientheke eines gewöhnlichen großen Rostocker Supermarkts."	"EASY"	"Tobias nutzt in Rostock die Fleischkühlung oder Bedientheke eines gewöhnlichen großen Rostocker Supermarkts für „Schinken“ mit diesem inhaltlichen Maßstab: „Offene Schinkenfamilie aus gepökeltem Fleisch; gekochte, geräucherte und luftgetrocknete Ausprägungen sind umfasst.“"	"OPTIONAL"	"Schinken Offene Schinkenfamilie aus gepökeltem Fleisch; Tobias Rostock Fleisch Wurst exakte Tierart Zuschnitt; gepökeltes oder luftgetrocknetes Fleisch / Schweinefleisch; Die Fleischkühlung oder Bedientheke eines gewöhnlichen großen Rostocker Supermarkts; reguläres Sortiment Filialverfügbarkeit; die getrocknete Produktform"	""	"TOBIAS_ROSTOCK_PROFILE"	"PROPOSED_FOR_HUMAN_REVIEW"
"HARISSA"	"Harissa"	"APPLICABLE"	"Nordafrikanische Chilipaste mit Gewürzen und häufig Knoblauch; Schärfe, Ölanteil und genaue Zusammensetzung variieren."	"SPECIALTY_BROAD"	"Harissa: Levantinisch-nordafrikanische Lebensmittel-Fachsortimente führen fertige Chilipaste in ausreichender Marktbreite; der Einkauf bleibt auf diesen Spezialhandel ausgerichtet, obwohl Schärfe und Ölanteil markenabhängig variieren."	"SPECIALTY"	"Tobias erreicht Harissa in Rostock über den breiten levantinisch-nordafrikanischen Spezialhandel; gesucht wird eine fertige Chilipaste mit Gewürzen und häufig Knoblauch, nicht bloß allgemeine Chilisauce."	"REQUIRED"	"Harissa Nordafrikanische Chilipaste mit Gewürzen und häufig Knoblauch; Tobias Rostock Würzsauce Paste Essig exakte Sorte; Chilisauce oder -paste; levantinisch-nordafrikanischen Lebensmittel-Spezialhandel; mehrere unabhängige Fachhändler Marktbreite; die exakt festgelegte Darreichung"	"AV2E-029"	"REFERENCE_ANCHOR|TOBIAS_ROSTOCK_PROFILE|SPECIALTY_MARKET_BREADTH|RESEARCH_REQUIRED|PERSON_DIFFERENCE|REFERENCE_ANCHOR_V2"	"APPROVED_REFERENCE_ANCHOR_V2"
"HARZER_CHEESE"	"Harzer Käse"	"APPLICABLE"	"Kräftig gereifter, sehr fettarmer Sauermilchkäse nach Harzer Art; nicht generisch jeder Sauermilchkäse oder Handkäse."	"GENERAL_LOCAL"	"Die Beschaffung von „Harzer Käse“ erfolgt in Rostock über die Käsekühlung oder Käsetheke eines gewöhnlichen großen Rostocker Supermarkts."	"EASY"	"Für „Harzer Käse“ kontrolliert Tobias den Rostocker Bezug über die Käsekühlung oder Käsetheke eines gewöhnlichen großen Rostocker Supermarkts mit diesem inhaltlichen Maßstab: „Kräftig gereifter, sehr fettarmer Sauermilchkäse nach Harzer Art; nicht generisch jeder Sauermilchkäse oder Handkäse.“"	"OPTIONAL"	"Harzer Käse Kräftig gereifter, sehr fettarmer Sauermilchkäse nach Harzer Art; Tobias Rostock Käse genaue Sorte Milch Reifung; Käse; Die Käsekühlung oder Käsetheke eines gewöhnlichen großen Rostocker Supermarkts; reguläres Sortiment Filialverfügbarkeit; die präzise gekühlte oder tierische Produktform"	""	"TOBIAS_ROSTOCK_PROFILE"	"PROPOSED_FOR_HUMAN_REVIEW"
"HAZELNUT"	"Haselnüsse"	"APPLICABLE"	"Haselnusskerne mit süßlich-nussigem Aroma; roh, geröstet, ganz oder gemahlen verwendbar."	"GENERAL_LOCAL"	"Für „Haselnüsse“ wird das Angebot über das Nuss-, Saaten-, Back- oder Brotaufstrichregal eines gewöhnlichen großen Rostocker Supermarkts kontrolliert."	"EASY"	"Beim Rostocker Einkauf setzt Tobias für „Haselnüsse“ auf das Nuss-, Saaten-, Back- oder Brotaufstrichregal eines gewöhnlichen großen Rostocker Supermarkts, wobei folgende Abgrenzung gilt: „Haselnusskerne mit süßlich-nussigem Aroma; roh, geröstet, ganz oder gemahlen verwendbar.“"	"OPTIONAL"	"Haselnüsse Haselnusskerne mit süßlich-nussigem Aroma; Tobias Rostock Nuss Samen Mus genaue Rohware; Nüsse; Das Nuss-, Saaten-, Back- oder Brotaufstrichregal eines gewöhnlichen großen Rostocker Supermarkts; reguläres Sortiment Filialverfügbarkeit; die gemahlene oder pulverisierte Form"	""	"TOBIAS_ROSTOCK_PROFILE"	"PROPOSED_FOR_HUMAN_REVIEW"
"HEMP_SEEDS"	"Hanfsamen"	"APPLICABLE"	"Geschälte oder ungeschälte Hanfsamen mit mild-nussigem Geschmack; als Saat, nicht als Rauschmittel gemeint."	"GENERAL_BROAD"	"Die Beschaffung von „Hanfsamen“ erfolgt in Rostock über gut sortierte Vollsortimenter und etablierte deutsche Nuss- oder Biohändler."	"PLANNED"	"Für „Hanfsamen“ kontrolliert Tobias den Rostocker Bezug über gut sortierte Vollsortimenter und etablierte deutsche Nuss- oder Biohändler, wobei folgende Abgrenzung gilt: „Geschälte oder ungeschälte Hanfsamen mit mild-nussigem Geschmack; als Saat, nicht als Rauschmittel gemeint.“"	"OPTIONAL"	"Hanfsamen Geschälte oder ungeschälte Hanfsamen mit mild-nussigem Geschmack; Tobias Rostock Nuss Samen Mus genaue Rohware; Kerne und Samen; gut sortierte Vollsortimenter und etablierte deutsche Nuss- oder Biohändler; gezielter Einkauf Deutschland Wochenvorlauf; die exakt festgelegte Darreichung"	""	"TOBIAS_ROSTOCK_PROFILE"	"PROPOSED_FOR_HUMAN_REVIEW"
"HERB_BUTTER"	"Kräuterbutter"	"APPLICABLE"	"Butterzubereitung mit frischen oder getrockneten Kräutern; Kräutermischung und weitere milde Würzung bleiben offen."	"GENERAL_LOCAL"	"Für „Kräuterbutter“ führt der Rostocker Marktweg über die Molkereikühlung eines gewöhnlichen großen Rostocker Supermarkts."	"EASY"	"Den Weg über die Molkereikühlung eines gewöhnlichen großen Rostocker Supermarkts nutzt Tobias in Rostock für „Kräuterbutter“ mit diesem inhaltlichen Maßstab: „Butterzubereitung mit frischen oder getrockneten Kräutern; Kräutermischung und weitere milde Würzung bleiben offen.“"	"OPTIONAL"	"Kräuterbutter Butterzubereitung mit frischen oder getrockneten Kräutern; Tobias Rostock Milchprodukt genaue Sorte Fettstufe; Butter; Die Molkereikühlung eines gewöhnlichen großen Rostocker Supermarkts; reguläres Sortiment Filialverfügbarkeit; die verlangte frische Form"	""	"TOBIAS_ROSTOCK_PROFILE|FORM_SENSITIVE"	"PROPOSED_FOR_HUMAN_REVIEW"
"HERBES_DE_PROVENCE"	"Kräuter der Provence"	"APPLICABLE"	"Getrocknete Kräutermischung nach Herbes-de-Provence-Art, typischerweise mit Thymian, Rosmarin, Oregano, Bohnenkraut und/oder vergleichbaren mediterranen Kräutern. Zusammensetzung kann variieren; nicht mit Fines herbes gleichsetzen."	"GENERAL_LOCAL"	"Der konkrete Bezug von „Kräuter der Provence“ läuft über das Gewürz- oder Backregal eines gewöhnlichen großen Rostocker Supermarkts."	"EASY"	"Beim Rostocker Einkauf setzt Tobias für „Kräuter der Provence“ auf das Gewürz- oder Backregal eines gewöhnlichen großen Rostocker Supermarkts mit diesem inhaltlichen Maßstab: „Getrocknete Kräutermischung nach Herbes-de-Provence-Art, typischerweise mit Thymian, Rosmarin, Oregano, Bohnenkraut und/oder vergleichbaren mediterranen Kräutern. Zusammensetzung kann variieren; nicht mit Fines herbes gleichsetzen.“"	"OPTIONAL"	"Kräuter der Provence Getrocknete Kräutermischung nach Herbes-de-Provence-Art, typischerweise mit…; Tobias Rostock Gewürz ganze gemahlene getrocknete Form; Gewürzmischung; Das Gewürz- oder Backregal eines gewöhnlichen großen Rostocker Supermarkts; reguläres Sortiment Filialverfügbarkeit; die getrocknete Produktform"	""	"TOBIAS_ROSTOCK_PROFILE"	"PROPOSED_FOR_HUMAN_REVIEW"
"HERRING"	"Hering"	"APPLICABLE"	"Hering als fettreicher Fisch; frisch oder schlicht tiefgekühlt gemeint, spezifische Reife- und Einlegeformen sind getrennt."	"GENERAL_BROAD"	"Deutsche See – Heringsfilets TK belegt: Deutsche See führt vier bis sechs verfügbare Heringsfilets mit Haut tiefgekühlt in einer Mehrkammerpackung; die schlichte Fischform ist weder gereift noch eingelegt. Der Bezug erfolgt über Deutschland und Österreich; tiefgekühlte GO!-Express-Lieferung zum Wunschtermin; maßgeblich ist FROZEN_SHIPPING. Der Beleg gilt für naturbelassene Tiefkühlfilets, nicht für frischen ganzen Hering; die Kühlkette bleibt erforderlich."	"PLANNED"	"Für den vorgesehenen Einkauf prüft Tobias in Rostock: Deutsche See führt vier bis sechs verfügbare Heringsfilets mit Haut tiefgekühlt in einer Mehrkammerpackung; die schlichte Fischform ist weder gereift noch eingelegt. Der Beleg gilt für naturbelassene Tiefkühlfilets, nicht für frischen ganzen Hering; die Kühlkette bleibt erforderlich."	"REQUIRED"	"Heringsfilets natur mit Haut tiefgekühlt Deutsche See verfügbar nicht eingelegt | Tobias Rostock | Deutsche See – Heringsfilets TK | IN_STOCK FROZEN_SHIPPING"	"AV2N-A-0114"	"TOBIAS_ROSTOCK_PROFILE|FORM_SENSITIVE|RATING_RECONCILED_V2"	"PROPOSED_FOR_HUMAN_REVIEW"
"HERVE_CHEESE"	"Herve-Käse"	"APPLICABLE"	"Belgischer AOP-Weichkäse aus Kuhmilch mit gewaschener Rinde. Umfasst die mildere und die kräftigere/pikante Herve-Ausprägung; charakteristisch würzig und teils sehr intensiv. Nicht mit beliebigem Limburger oder Romadur gleichsetzen."	"NICHE_IMPORT"	"Tobias prüft „Herve-Käse“ in Rostock über Tölzer Kasladen – Herve, wobei die Evidenz eine vor dem Einkauf erneut zu prüfende Verfügbarkeit und Kühlversand ausweist."	"DIFFICULT"	"Über Tölzer Kasladen – Herve (Evidenzstand: eine vor dem Einkauf erneut zu prüfende Verfügbarkeit und Kühlversand) prüft Tobias in Rostock „Herve-Käse“, wobei folgende Abgrenzung gilt: „Belgischer AOP-Weichkäse aus Kuhmilch mit gewaschener Rinde. Umfasst die mildere und die kräftigere/pikante Herve-Ausprägung; charakteristisch würzig und teils sehr intensiv. Nicht mit beliebigem Limburger oder Romadur gleichsetzen.“"	"REQUIRED"	"Herve-Käse Belgischer AOP-Weichkäse aus Kuhmilch mit gewaschener Rinde; Tobias Rostock Käse genaue Sorte Milch Reifung; Käse; Tölzer Kasladen – Herve; Bestand Produktform Versandlogistik; die präzise gekühlte oder tierische Produktform"	"AV2N-A-0115"	"TOBIAS_ROSTOCK_PROFILE|FORM_OR_LOGISTICS_RISK|RESEARCH_REQUIRED"	"PROPOSED_FOR_HUMAN_REVIEW"
"HIJIKI"	"Hijiki"	"APPLICABLE"	"Dunkle fadenförmige Meeresalge der ostasiatischen Küche mit kräftigem Meeresaroma; üblicherweise getrocknet und eingeweicht."	"SPECIALTY_BROAD"	"Tobias prüft „Hijiki“ in Rostock über Asia4Friends – Gemüse/Algen und AsiaFoodland – Algen, wobei die Evidenz eine vor dem Einkauf erneut zu prüfende Verfügbarkeit und Standardversand ausweist."	"SPECIALTY"	"Über Asia4Friends – Gemüse/Algen und AsiaFoodland – Algen (Evidenzstand: eine vor dem Einkauf erneut zu prüfende Verfügbarkeit und Standardversand) prüft Tobias in Rostock „Hijiki“, wobei folgende Abgrenzung gilt: „Dunkle fadenförmige Meeresalge der ostasiatischen Küche mit kräftigem Meeresaroma; üblicherweise getrocknet und eingeweicht.“"	"REQUIRED"	"Hijiki Dunkle fadenförmige Meeresalge der ostasiatischen Küche mit kräftigem…; Tobias Rostock Algen Trockenware exakte Art; Algen; Asia4Friends – Gemüse/Algen | AsiaFoodland – Algen; mehrere unabhängige Fachhändler Marktbreite; die getrocknete Produktform"	"AV2N-A-0116|AV2N-A-0117"	"TOBIAS_ROSTOCK_PROFILE|SPECIALTY_MARKET_BREADTH|RESEARCH_REQUIRED"	"PROPOSED_FOR_HUMAN_REVIEW"
"HOISIN_SAUCE"	"Hoisinsauce"	"APPLICABLE"	"Dicke süß-salzige chinesische Würzsauce auf fermentierter Bohnenbasis; nicht Austernsauce oder Pflaumensauce."	"GENERAL_BROAD"	"Beim Einkauf von „Hoisinsauce“ nutzt Tobias gut sortierte Vollsortimenter und etablierte deutsche Feinkost- oder Würzsaucenhändler."	"PLANNED"	"Die Beschaffung von „Hoisinsauce“ über gut sortierte Vollsortimenter und etablierte deutsche Feinkost- oder Würzsaucenhändler prüft Tobias in Rostock, wobei folgende Abgrenzung gilt: „Dicke süß-salzige chinesische Würzsauce auf fermentierter Bohnenbasis; nicht Austernsauce oder Pflaumensauce.“"	"OPTIONAL"	"Hoisinsauce Dicke süß-salzige chinesische Würzsauce auf fermentierter Bohnenbasis; Tobias Rostock Würzsauce Paste Essig exakte Sorte; fermentierte Würzzutat / fertige Sauce oder Würzpaste; gut sortierte Vollsortimenter und etablierte deutsche Feinkost- oder Würzsaucenhändler; gezielter Einkauf Deutschland Wochenvorlauf; die exakt festgelegte Darreichung"	""	"TOBIAS_ROSTOCK_PROFILE"	"PROPOSED_FOR_HUMAN_REVIEW"
"HOKKAIDO_SQUASH"	"Hokkaido-Kürbis"	"APPLICABLE"	"Orangefarbener Hokkaido-Kürbis mit essbarer Schale und nussig-süßlichem, dichtem Fruchtfleisch."	"GENERAL_LOCAL"	"Die Beschaffung von „Hokkaido-Kürbis“ erfolgt in Rostock über die Gemüseabteilung eines gewöhnlichen großen Rostocker Supermarkts."	"EASY"	"Den Weg über die Gemüseabteilung eines gewöhnlichen großen Rostocker Supermarkts nutzt Tobias in Rostock für „Hokkaido-Kürbis“ unter folgender Warenvorgabe: „Orangefarbener Hokkaido-Kürbis mit essbarer Schale und nussig-süßlichem, dichtem Fruchtfleisch.“"	"OPTIONAL"	"Hokkaido-Kürbis Orangefarbener Hokkaido-Kürbis mit essbarer Schale und nussig-süßlichem…; Tobias Rostock Gemüse frisch TK genaue Sorte; Kürbis; Die Gemüseabteilung eines gewöhnlichen großen Rostocker Supermarkts; reguläres Sortiment Filialverfügbarkeit; die exakt festgelegte Darreichung"	""	"TOBIAS_ROSTOCK_PROFILE"	"PROPOSED_FOR_HUMAN_REVIEW"
"HOLY_BASIL"	"Krapao"	"APPLICABLE"	"Frische Blätter von Ocimum tenuiflorum mit pfeffrig-nelkenartigem Aroma, besonders für Pad Krapao. Nicht mit Thai-Basilikum verwechseln; getrockneter Tulsi-Tee ist keine gleichwertige Kochzutat."	"NICHE_IMPORT"	"Tobias prüft „Krapao“ in Rostock über den thailändischen Lebensmittel-Spezialhandel, wobei die Evidenz die menschliche v2-Freigabe für diesen Weg und Frischeversand, Importbeschränkungen sowie einen gezielten Händlerbesuch ausweist."	"DIFFICULT"	"Über den thailändischen Lebensmittel-Spezialhandel (Evidenzstand: die menschliche v2-Freigabe für diesen Weg und Frischeversand, Importbeschränkungen sowie einen gezielten Händlerbesuch) prüft Tobias in Rostock „Krapao“, wobei folgende Abgrenzung gilt: „Frische Blätter von Ocimum tenuiflorum mit pfeffrig-nelkenartigem Aroma, besonders für Pad Krapao. Nicht mit Thai-Basilikum verwechseln; getrockneter Tulsi-Tee ist keine gleichwertige Kochzutat.“"	"REQUIRED"	"Krapao Frische Blätter von Ocimum tenuiflorum mit pfeffrig-nelkenartigem Aroma…; Tobias Rostock Lebensmittel genaue Produktform; Basilikum; thailändischen Lebensmittel-Spezialhandel Nischenweg; Bestand Produktform Versandlogistik; die verlangte frische Form"	"AV2E-080"	"REFERENCE_ANCHOR|TOBIAS_ROSTOCK_PROFILE|FORM_OR_LOGISTICS_RISK|FORM_SENSITIVE|RESEARCH_REQUIRED|REFERENCE_ANCHOR_V2"	"APPROVED_REFERENCE_ANCHOR_V2"
"HONEY"	"Honig"	"APPLICABLE"	"Von Bienen erzeugtes flüssiges bis kristallines Süßungsmittel; Blütentyp und Aromaintensität bleiben offen."	"GENERAL_LOCAL"	"Die Beschaffung von „Honig“ erfolgt in Rostock über das Back-, Süßwaren- oder Brotregal eines gewöhnlichen großen Rostocker Supermarkts."	"EASY"	"Für „Honig“ kontrolliert Tobias den Rostocker Bezug über das Back-, Süßwaren- oder Brotregal eines gewöhnlichen großen Rostocker Supermarkts mit diesem inhaltlichen Maßstab: „Von Bienen erzeugtes flüssiges bis kristallines Süßungsmittel; Blütentyp und Aromaintensität bleiben offen.“"	"OPTIONAL"	"Honig Von Bienen erzeugtes flüssiges bis kristallines Süßungsmittel; Tobias Rostock Backware Süßungsmittel exakte Form; Süßungsmittel; Das Back-, Süßwaren- oder Brotregal eines gewöhnlichen großen Rostocker Supermarkts; reguläres Sortiment Filialverfügbarkeit; die exakt festgelegte Darreichung"	""	"TOBIAS_ROSTOCK_PROFILE"	"PROPOSED_FOR_HUMAN_REVIEW"
"HONEYDEW_MELON"	"Honigmelone"	"APPLICABLE"	"Helle Honigmelone mit glatter Schale und süßem, saftigem Fruchtfleisch; nicht Cantaloupe."	"GENERAL_LOCAL"	"Für „Honigmelone“ führt der Rostocker Marktweg über die Obstabteilung eines gewöhnlichen großen Rostocker Supermarkts."	"EASY"	"Den Weg über die Obstabteilung eines gewöhnlichen großen Rostocker Supermarkts nutzt Tobias in Rostock für „Honigmelone“ mit diesem inhaltlichen Maßstab: „Helle Honigmelone mit glatter Schale und süßem, saftigem Fruchtfleisch; nicht Cantaloupe.“"	"OPTIONAL"	"Honigmelone Helle Honigmelone mit glatter Schale und süßem, saftigem Fruchtfleisch; Tobias Rostock Obst frisch TK genaue Sorte; Melone; Die Obstabteilung eines gewöhnlichen großen Rostocker Supermarkts; reguläres Sortiment Filialverfügbarkeit; die exakt festgelegte Darreichung"	""	"TOBIAS_ROSTOCK_PROFILE"	"PROPOSED_FOR_HUMAN_REVIEW"
"HORSERADISH"	"Meerrettich"	"APPLICABLE"	"Scharfe Meerrettichwurzel, frisch gerieben oder als möglichst schlichte Zubereitung; Schärfe verfliegt bei Hitze."	"GENERAL_LOCAL"	"Beim Einkauf von „Meerrettich“ nutzt Tobias die Gemüseabteilung eines gewöhnlichen großen Rostocker Supermarkts."	"EASY"	"Für „Meerrettich“ kontrolliert Tobias den Rostocker Bezug über die Gemüseabteilung eines gewöhnlichen großen Rostocker Supermarkts unter folgender Warenvorgabe: „Scharfe Meerrettichwurzel, frisch gerieben oder als möglichst schlichte Zubereitung; Schärfe verfliegt bei Hitze.“"	"OPTIONAL"	"Meerrettich Scharfe Meerrettichwurzel, frisch gerieben oder als möglichst schlichte…; Tobias Rostock Gemüse frisch TK genaue Sorte; Wurzel- und Knollengemüse; Die Gemüseabteilung eines gewöhnlichen großen Rostocker Supermarkts; reguläres Sortiment Filialverfügbarkeit; die verlangte frische Form"	""	"TOBIAS_ROSTOCK_PROFILE|FORM_SENSITIVE"	"PROPOSED_FOR_HUMAN_REVIEW"
"HOT_MUSTARD"	"scharfer Senf"	"APPLICABLE"	"Senf mit ausgeprägt stechender Schärfe; Körnung und verwendete Senfsaat bleiben offen."	"GENERAL_LOCAL"	"Für „scharfer Senf“ führt der Rostocker Marktweg über das Saucen-, Essig- oder Feinkostregal eines gewöhnlichen großen Rostocker Supermarkts."	"EASY"	"Den Weg über das Saucen-, Essig- oder Feinkostregal eines gewöhnlichen großen Rostocker Supermarkts nutzt Tobias in Rostock für „scharfer Senf“ mit diesem inhaltlichen Maßstab: „Senf mit ausgeprägt stechender Schärfe; Körnung und verwendete Senfsaat bleiben offen.“"	"OPTIONAL"	"scharfer Senf Senf mit ausgeprägt stechender Schärfe; Körnung und verwendete Senfsaat…; Tobias Rostock Würzsauce Paste Essig exakte Sorte; Senf; Das Saucen-, Essig- oder Feinkostregal eines gewöhnlichen großen Rostocker Supermarkts; reguläres Sortiment Filialverfügbarkeit; die exakt festgelegte Darreichung"	""	"TOBIAS_ROSTOCK_PROFILE"	"PROPOSED_FOR_HUMAN_REVIEW"
"HOT_PAPRIKA_POWDER"	"Paprikapulver rosenscharf"	"APPLICABLE"	"Scharfes Paprikapulver nach rosenscharfer Art; nicht süßes oder geräuchertes Paprikapulver."	"GENERAL_LOCAL"	"Tobias sucht „Paprikapulver rosenscharf“ in Rostock über das Gewürz- oder Backregal eines gewöhnlichen großen Rostocker Supermarkts gesucht."	"EASY"	"Das Angebot zu „Paprikapulver rosenscharf“ über das Gewürz- oder Backregal eines gewöhnlichen großen Rostocker Supermarkts kontrolliert Tobias in Rostock mit diesem inhaltlichen Maßstab: „Scharfes Paprikapulver nach rosenscharfer Art; nicht süßes oder geräuchertes Paprikapulver.“"	"OPTIONAL"	"Paprikapulver rosenscharf Scharfes Paprikapulver nach rosenscharfer Art; Tobias Rostock Gewürz ganze gemahlene getrocknete Form; Paprikapulver; Das Gewürz- oder Backregal eines gewöhnlichen großen Rostocker Supermarkts; reguläres Sortiment Filialverfügbarkeit; die gemahlene oder pulverisierte Form"	""	"TOBIAS_ROSTOCK_PROFILE"	"PROPOSED_FOR_HUMAN_REVIEW"
"IBERICO_HAM"	"Jamón ibérico"	"APPLICABLE"	"Spanischer luftgetrockneter Schinken vom iberischen Schwein; Qualitäts- und Fütterungsklassen können variieren. Nicht automatisch Jamón ibérico de bellota und nicht mit Jamón serrano gleichsetzen."	"GENERAL_BROAD"	"jamon.de – Jamón de Cebo 50 Prozent Ibérico 80 g belegt formgenau: jamon.de führt luftgetrockneten, 24 Monate gereiften und geschnittenen Schinken vom Iberischen Schwein mit klarem Lagerstatus. Für Tobias in Rostock gilt: Deutschlandweiter Paketversand nach Bornheim und Rostock; bei früher Bestellung taggleicher Versand; Logistik STANDARD_SHIPPING. Belegt ist die Cebo-/50-Prozent-Ibérico-Klasse, nicht Bellota oder jede Qualitätsstufe; Serrano wird nicht substituiert."	"PLANNED"	"Die Beschaffung von Tobias am Standort Rostock: Jamón ibérico wird mit Vorabprüfung der 70-g-Kühlware organisiert; Serrano ist kein Ersatz, eine Bellota-Klasse wird dagegen nicht vorausgesetzt."	"REQUIRED"	"Jamón de Cebo 50 Ibérico 80 g Scheiben jamon.de Lager | Tobias in Rostock | IN_STOCK STANDARD_SHIPPING"	"AV2N-A-0118|AV2N-P-0015"	"TOBIAS_ROSTOCK_PROFILE|RESEARCH_REQUIRED"	"PROPOSED_FOR_HUMAN_REVIEW"
"INVERTEBRATES"	"wirbellose Tiere"	"APPLICABLE"	"Übergeordnete Familie essbarer wirbelloser Tiere wie Weichtiere und Krebstiere; weitere kulinarisch eigenständige Gruppen wie Insekten oder Ringelwürmer können separat darunter eingeordnet werden."	"GENERAL_LOCAL"	"Für „wirbellose Tiere“ führt der Rostocker Marktweg über die Fischkühlung, Tiefkühltruhe oder Fischtheke eines gewöhnlichen großen Rostocker Supermarkts."	"EASY"	"Den Weg über die Fischkühlung, Tiefkühltruhe oder Fischtheke eines gewöhnlichen großen Rostocker Supermarkts nutzt Tobias in Rostock für „wirbellose Tiere“, wobei folgende Abgrenzung gilt: „Übergeordnete Familie essbarer wirbelloser Tiere wie Weichtiere und Krebstiere; weitere kulinarisch eigenständige Gruppen wie Insekten oder Ringelwürmer können separat darunter eingeordnet werden.“"	"OPTIONAL"	"wirbellose Tiere Übergeordnete Familie essbarer wirbelloser Tiere wie Weichtiere und Krebstiere; Tobias Rostock Fisch Seafood Frische TK genauer Zuschnitt; Fisch und Meeresfrüchte; Die Fischkühlung, Tiefkühltruhe oder Fischtheke eines gewöhnlichen großen Rostocker Supermarkts; reguläres Sortiment Filialverfügbarkeit; die exakt festgelegte Darreichung"	""	"TOBIAS_ROSTOCK_PROFILE"	"PROPOSED_FOR_HUMAN_REVIEW"
"JACKFRUIT"	"Jackfruit"	"APPLICABLE"	"Gemeint ist je nach Gericht junge grüne oder reife Jackfruit; für herzhafte Anwendungen meist junge Jackfruit."	"GENERAL_BROAD"	"Für „Jackfruit“ wird das Angebot über gut sortierte Vollsortimenter und etablierte deutsche Frucht- oder Frischehändler kontrolliert."	"PLANNED"	"Beim Rostocker Einkauf setzt Tobias für „Jackfruit“ auf gut sortierte Vollsortimenter und etablierte deutsche Frucht- oder Frischehändler, wobei folgende Abgrenzung gilt: „Gemeint ist je nach Gericht junge grüne oder reife Jackfruit; für herzhafte Anwendungen meist junge Jackfruit.“"	"OPTIONAL"	"Jackfruit Gemeint ist je nach Gericht junge grüne oder reife Jackfruit; Tobias Rostock Obst frisch TK genaue Sorte; Tropenfrucht; gut sortierte Vollsortimenter und etablierte deutsche Frucht- oder Frischehändler; gezielter Einkauf Deutschland Wochenvorlauf; die exakt festgelegte Darreichung"	""	"TOBIAS_ROSTOCK_PROFILE"	"PROPOSED_FOR_HUMAN_REVIEW"
"JALAPENO"	"Jalapeño"	"APPLICABLE"	"Dickfleischige frische Chili mit milder bis mittlerer Schärfe; grüne und reife rote Früchte sind umfasst."	"GENERAL_BROAD"	"Die Rostocker Warenprüfung für „Jalapeño“ erfolgt über gut sortierte Vollsortimenter und etablierte deutsche Gemüse- oder Frischehändler."	"PLANNED"	"Tobias organisiert über gut sortierte Vollsortimenter und etablierte deutsche Gemüse- oder Frischehändler die Rostocker Prüfung von „Jalapeño“, wobei folgende Abgrenzung gilt: „Dickfleischige frische Chili mit milder bis mittlerer Schärfe; grüne und reife rote Früchte sind umfasst.“"	"OPTIONAL"	"Jalapeño Dickfleischige frische Chili mit milder bis mittlerer Schärfe; Tobias Rostock Gemüse frisch TK genaue Sorte; frische Chili; gut sortierte Vollsortimenter und etablierte deutsche Gemüse- oder Frischehändler; gezielter Einkauf Deutschland Wochenvorlauf; die verlangte frische Form"	""	"TOBIAS_ROSTOCK_PROFILE|FORM_SENSITIVE"	"PROPOSED_FOR_HUMAN_REVIEW"
"JASMINE_RICE"	"Jasminreis"	"APPLICABLE"	"Duftender südostasiatischer Langkornreis mit weicherem, leicht haftendem Korn; nicht Basmatireis."	"GENERAL_LOCAL"	"Für „Jasminreis“ führt der Rostocker Marktweg über das Getreide-, Mehl-, Reis- oder Teigwarenregal eines gewöhnlichen großen Rostocker Supermarkts."	"EASY"	"Den Weg über das Getreide-, Mehl-, Reis- oder Teigwarenregal eines gewöhnlichen großen Rostocker Supermarkts nutzt Tobias in Rostock für „Jasminreis“ mit diesem inhaltlichen Maßstab: „Duftender südostasiatischer Langkornreis mit weicherem, leicht haftendem Korn; nicht Basmatireis.“"	"OPTIONAL"	"Jasminreis Duftender südostasiatischer Langkornreis mit weicherem, leicht haftendem Korn; Tobias Rostock Getreide Stärke Teigware genaue Form; Reis; Das Getreide-, Mehl-, Reis- oder Teigwarenregal eines gewöhnlichen großen Rostocker Supermarkts; reguläres Sortiment Filialverfügbarkeit; die geforderte ganze oder körnige Form"	""	"TOBIAS_ROSTOCK_PROFILE"	"PROPOSED_FOR_HUMAN_REVIEW"
"JENEVER"	"Jenever"	"APPLICABLE"	"Jenever/Genever: wacholderaromatisierte Spirituose mit Getreidedestillat beziehungsweise Moutwijn-Anteil; nicht mit Gin gleichsetzen."	"GENERAL_BROAD"	"Niederländischer Getreide-Wacholderschnaps über allgemeinen Spirituosenversand; Bokma Jonge Graanjenever ist bei Conalco lagernd."	"PLANNED"	"Tobias kann formechten Genever aus Getreide und Wacholder nach Rostock bestellen; der Versandweg ersetzt keinen gesicherten lokalen Standardsortimentsplatz."	"REQUIRED"	"Bokma Jonge Graanjenever Genever Getreide Wacholder Conalco Rostock"	"AV2N-A-0119"	"TOBIAS_ROSTOCK_PROFILE|RESEARCH_REQUIRED"	"PROPOSED_FOR_HUMAN_REVIEW"
"JERK_SEASONING"	"Jerk-Gewürzmischung"	"APPLICABLE"	"Jamaikanisch geprägte Gewürzmischung mit typischerweise Piment, Thymian und Chili; trocken oder als Marinadenbasis verwendbar."	"GENERAL_BROAD"	"Der konkrete Bezug von „Jerk-Gewürzmischung“ läuft über gut sortierte Vollsortimenter und etablierte deutsche Gewürzhändler."	"PLANNED"	"Das Angebot zu „Jerk-Gewürzmischung“ über gut sortierte Vollsortimenter und etablierte deutsche Gewürzhändler kontrolliert Tobias in Rostock, wobei folgende Abgrenzung gilt: „Jamaikanisch geprägte Gewürzmischung mit typischerweise Piment, Thymian und Chili; trocken oder als Marinadenbasis verwendbar.“"	"OPTIONAL"	"Jerk-Gewürzmischung Jamaikanisch geprägte Gewürzmischung mit typischerweise Piment, Thymian und…; Tobias Rostock Gewürz ganze gemahlene getrocknete Form; Gewürzmischung; gut sortierte Vollsortimenter und etablierte deutsche Gewürzhändler; gezielter Einkauf Deutschland Wochenvorlauf; die exakt festgelegte Darreichung"	""	"TOBIAS_ROSTOCK_PROFILE"	"PROPOSED_FOR_HUMAN_REVIEW"
"JERUSALEM_ARTICHOKE"	"Topinambur"	"APPLICABLE"	"Topinamburknolle mit nussig-süßlichem Geschmack und knackiger bis cremiger Textur; nicht Artischocke."	"GENERAL_BROAD"	"Tobias prüft „Topinambur“ in Rostock über gut sortierte Vollsortimenter und etablierte deutsche Gemüse- oder Frischehändler."	"PLANNED"	"Über gut sortierte Vollsortimenter und etablierte deutsche Gemüse- oder Frischehändler prüft Tobias in Rostock „Topinambur“ mit diesem inhaltlichen Maßstab: „Topinamburknolle mit nussig-süßlichem Geschmack und knackiger bis cremiger Textur; nicht Artischocke.“"	"OPTIONAL"	"Topinambur Topinamburknolle mit nussig-süßlichem Geschmack und knackiger bis cremiger…; Tobias Rostock Gemüse frisch TK genaue Sorte; Wurzel- und Knollengemüse / stärkehaltige Zutat oder Sättigungsbeilage; gut sortierte Vollsortimenter und etablierte deutsche Gemüse- oder Frischehändler; gezielter Einkauf Deutschland Wochenvorlauf; die exakt festgelegte Darreichung"	""	"TOBIAS_ROSTOCK_PROFILE"	"PROPOSED_FOR_HUMAN_REVIEW"
"JUNIPER_BERRIES"	"Wacholderbeeren"	"APPLICABLE"	"Getrocknete Wacholderbeeren als kräftiges Würzmittel insbesondere für Kohl-, Wild-, Fleisch-, Fisch- und Schmorgerichte; nicht Wacholderholz, Gin oder Wacholderextrakt."	"GENERAL_LOCAL"	"Die Rostocker Warenprüfung für „Wacholderbeeren“ erfolgt über das Gewürz- oder Backregal eines gewöhnlichen großen Rostocker Supermarkts."	"EASY"	"Tobias nutzt in Rostock das Gewürz- oder Backregal eines gewöhnlichen großen Rostocker Supermarkts für „Wacholderbeeren“ mit diesem inhaltlichen Maßstab: „Getrocknete Wacholderbeeren als kräftiges Würzmittel insbesondere für Kohl-, Wild-, Fleisch-, Fisch- und Schmorgerichte; nicht Wacholderholz, Gin oder Wacholderextrakt.“"	"OPTIONAL"	"Wacholderbeeren Getrocknete Wacholderbeeren als kräftiges Würzmittel insbesondere für Kohl-…; Tobias Rostock Gewürz ganze gemahlene getrocknete Form; Gewürz oder trockenes Würzmittel; Das Gewürz- oder Backregal eines gewöhnlichen großen Rostocker Supermarkts; reguläres Sortiment Filialverfügbarkeit; die getrocknete Produktform"	""	"TOBIAS_ROSTOCK_PROFILE"	"PROPOSED_FOR_HUMAN_REVIEW"
"KAFFIR_LIME_LEAVES"	"Makrut-Limettenblätter"	"APPLICABLE"	"Aromatische Blätter der Makrut-Limette mit intensiv zitrischem Duft; frisch, tiefgekühlt oder getrocknet verwendbar."	"SPECIALTY_BROAD"	"Tobias prüft „Makrut-Limettenblätter“ in Rostock über AsiaFoodland – Kaffir-Limettenblätter und Asia4Friends – Gewürze, wobei die Evidenz eine vor dem Einkauf erneut zu prüfende Verfügbarkeit und Standardversand ausweist."	"SPECIALTY"	"Über AsiaFoodland – Kaffir-Limettenblätter und Asia4Friends – Gewürze (Evidenzstand: eine vor dem Einkauf erneut zu prüfende Verfügbarkeit und Standardversand) prüft Tobias in Rostock „Makrut-Limettenblätter“, wobei folgende Abgrenzung gilt: „Aromatische Blätter der Makrut-Limette mit intensiv zitrischem Duft; frisch, tiefgekühlt oder getrocknet verwendbar.“"	"REQUIRED"	"Makrut-Limettenblätter Aromatische Blätter der Makrut-Limette mit intensiv zitrischem Duft; Tobias Rostock frische Kräuter Bund Topf genaue Art; Kräuter und Würzblätter; AsiaFoodland – Kaffir-Limettenblätter | Asia4Friends – Gewürze; mehrere unabhängige Fachhändler Marktbreite; die verlangte frische Form"	"AV2N-A-0120|AV2N-A-0121"	"TOBIAS_ROSTOCK_PROFILE|SPECIALTY_MARKET_BREADTH|FORM_SENSITIVE|RESEARCH_REQUIRED"	"PROPOSED_FOR_HUMAN_REVIEW"
"KALE"	"Grünkohl"	"APPLICABLE"	"Grünkohl mit robusten krausen oder glatten Blättern und kräftig-grünem Geschmack; Stiele je nach Zartheit mitverwenden."	"GENERAL_LOCAL"	"Für „Grünkohl“ wird das Angebot über die Gemüseabteilung eines gewöhnlichen großen Rostocker Supermarkts kontrolliert."	"EASY"	"Die Beschaffung von „Grünkohl“ über die Gemüseabteilung eines gewöhnlichen großen Rostocker Supermarkts prüft Tobias in Rostock unter folgender Warenvorgabe: „Grünkohl mit robusten krausen oder glatten Blättern und kräftig-grünem Geschmack; Stiele je nach Zartheit mitverwenden.“"	"OPTIONAL"	"Grünkohl Grünkohl mit robusten krausen oder glatten Blättern und kräftig-grünem…; Tobias Rostock Gemüse frisch TK genaue Sorte; Kohlgemüse / Blattgemüse; Die Gemüseabteilung eines gewöhnlichen großen Rostocker Supermarkts; reguläres Sortiment Filialverfügbarkeit; die exakt festgelegte Darreichung"	""	"TOBIAS_ROSTOCK_PROFILE"	"PROPOSED_FOR_HUMAN_REVIEW"
"KASHMIRI_CHILI_POWDER"	"Kashmiri-Chilipulver"	"APPLICABLE"	"Leuchtend rotes Chilipulver nach Kashmiri-Art mit fruchtigem Aroma und meist moderater Schärfe."	"SPECIALTY_BROAD"	"Tobias prüft „Kashmiri-Chilipulver“ in Rostock über AsianBrand – Gewürze und Sairas – indische Gewürze, wobei die Evidenz eine vor dem Einkauf erneut zu prüfende Verfügbarkeit und Standardversand ausweist."	"SPECIALTY"	"Über AsianBrand – Gewürze und Sairas – indische Gewürze (Evidenzstand: eine vor dem Einkauf erneut zu prüfende Verfügbarkeit und Standardversand) prüft Tobias in Rostock „Kashmiri-Chilipulver“, wobei folgende Abgrenzung gilt: „Leuchtend rotes Chilipulver nach Kashmiri-Art mit fruchtigem Aroma und meist moderater Schärfe.“"	"REQUIRED"	"Kashmiri-Chilipulver Leuchtend rotes Chilipulver nach Kashmiri-Art mit fruchtigem Aroma und meist…; Tobias Rostock Gewürz ganze gemahlene getrocknete Form; Chilipulver; Sairas – indische Gewürze | AsianBrand – Gewürze; mehrere unabhängige Fachhändler Marktbreite; die gemahlene oder pulverisierte Form"	"AV2N-A-0122|AV2N-A-0123"	"TOBIAS_ROSTOCK_PROFILE|SPECIALTY_MARKET_BREADTH|RESEARCH_REQUIRED"	"PROPOSED_FOR_HUMAN_REVIEW"
"KASSELER"	"Kasseler"	"APPLICABLE"	"Gepökeltes und geräuchertes Schweinefleisch aus geeigneten Teilstücken wie Rücken, Nacken oder Rippe; nicht das fertig zubereitete Gericht."	"GENERAL_LOCAL"	"Tobias prüft „Kasseler“ in Rostock über die Fleischkühlung oder Bedientheke eines gewöhnlichen großen Rostocker Supermarkts."	"EASY"	"Tobias organisiert über die Fleischkühlung oder Bedientheke eines gewöhnlichen großen Rostocker Supermarkts die Rostocker Prüfung von „Kasseler“ mit diesem inhaltlichen Maßstab: „Gepökeltes und geräuchertes Schweinefleisch aus geeigneten Teilstücken wie Rücken, Nacken oder Rippe; nicht das fertig zubereitete Gericht.“"	"OPTIONAL"	"Kasseler Gepökeltes und geräuchertes Schweinefleisch aus geeigneten Teilstücken wie…; Tobias Rostock Fleisch Wurst exakte Tierart Zuschnitt; gepökeltes oder luftgetrocknetes Fleisch / Schweinefleisch; Die Fleischkühlung oder Bedientheke eines gewöhnlichen großen Rostocker Supermarkts; reguläres Sortiment Filialverfügbarkeit; den festgelegten Zuschnitt"	""	"TOBIAS_ROSTOCK_PROFILE"	"PROPOSED_FOR_HUMAN_REVIEW"
"KECAP_MANIS"	"Kecap Manis"	"APPLICABLE"	"Indonesische dicke süße Sojasauce mit Palmzucker beziehungsweise vergleichbarer Süße; nicht helle Sojasauce."	"SPECIALTY_BROAD"	"Tobias prüft „Kecap Manis“ in Rostock über Fachgeschäfte mit Angeboten für Saucen, Pasten und Würzen, wobei die Evidenz die menschliche v2-Freigabe für diesen Weg und einen gezielten Händlerbesuch sowie Standardversand ausweist."	"SPECIALTY"	"Über Fachgeschäfte mit Angeboten für Saucen, Pasten und Würzen (Evidenzstand: die menschliche v2-Freigabe für diesen Weg und einen gezielten Händlerbesuch sowie Standardversand) prüft Tobias in Rostock „Kecap Manis“, wobei folgende Abgrenzung gilt: „Indonesische dicke süße Sojasauce mit Palmzucker beziehungsweise vergleichbarer Süße; nicht helle Sojasauce.“"	"REQUIRED"	"Kecap Manis Indonesische dicke süße Sojasauce mit Palmzucker beziehungsweise…; Tobias Rostock Würzsauce Paste Essig exakte Sorte; Sojasauce / Süßungsmittel; Spezialhandel für Saucen, Pasten und Würzen; mehrere unabhängige Fachhändler Marktbreite; die exakt festgelegte Darreichung"	"AV2E-061"	"REFERENCE_ANCHOR|TOBIAS_ROSTOCK_PROFILE|SPECIALTY_MARKET_BREADTH|RESEARCH_REQUIRED|REFERENCE_ANCHOR_V2"	"APPROVED_REFERENCE_ANCHOR_V2"
"KEFIR"	"Kefir"	"APPLICABLE"	"Fermentiertes Milchgetränk aus Kefirkulturen mit säuerlicher, leicht hefiger Note; nicht Buttermilch oder Joghurt."	"GENERAL_LOCAL"	"Die Beschaffung von „Kefir“ erfolgt in Rostock über die Molkereikühlung eines gewöhnlichen großen Rostocker Supermarkts."	"EASY"	"Für „Kefir“ kontrolliert Tobias den Rostocker Bezug über die Molkereikühlung eines gewöhnlichen großen Rostocker Supermarkts mit diesem inhaltlichen Maßstab: „Fermentiertes Milchgetränk aus Kefirkulturen mit säuerlicher, leicht hefiger Note; nicht Buttermilch oder Joghurt.“"	"OPTIONAL"	"Kefir Fermentiertes Milchgetränk aus Kefirkulturen mit säuerlicher, leicht hefiger…; Tobias Rostock Milchprodukt genaue Sorte Fettstufe; gesäuertes Milchprodukt; Die Molkereikühlung eines gewöhnlichen großen Rostocker Supermarkts; reguläres Sortiment Filialverfügbarkeit; die präzise gekühlte oder tierische Produktform"	""	"TOBIAS_ROSTOCK_PROFILE"	"PROPOSED_FOR_HUMAN_REVIEW"
"KETCHUP"	"Ketchup"	"APPLICABLE"	"Glatte süß-säuerliche Tomatenwürzsauce; Gewürzung und Süße können variieren, Bananenketchup bleibt getrennt."	"GENERAL_LOCAL"	"Die Beschaffung von „Ketchup“ erfolgt in Rostock über das Saucen-, Essig- oder Feinkostregal eines gewöhnlichen großen Rostocker Supermarkts."	"EASY"	"Für „Ketchup“ kontrolliert Tobias den Rostocker Bezug über das Saucen-, Essig- oder Feinkostregal eines gewöhnlichen großen Rostocker Supermarkts mit diesem inhaltlichen Maßstab: „Glatte süß-säuerliche Tomatenwürzsauce; Gewürzung und Süße können variieren, Bananenketchup bleibt getrennt.“"	"OPTIONAL"	"Ketchup Glatte süß-säuerliche Tomatenwürzsauce; Gewürzung und Süße können variieren…; Tobias Rostock Würzsauce Paste Essig exakte Sorte; fertige Sauce oder Würzpaste / Tomatenprodukt; Das Saucen-, Essig- oder Feinkostregal eines gewöhnlichen großen Rostocker Supermarkts; reguläres Sortiment Filialverfügbarkeit; die exakt festgelegte Darreichung"	""	"TOBIAS_ROSTOCK_PROFILE"	"PROPOSED_FOR_HUMAN_REVIEW"
"KIDNEY_BEANS"	"Kidneybohnen"	"APPLICABLE"	"Nierenförmige rote Bohnen mit fester Schale und cremigem Inneren; getrocknet ausreichend garen oder vorgegart verwenden."	"GENERAL_LOCAL"	"Beim Einkauf von „Kidneybohnen“ nutzt Tobias das Hülsenfrucht-, Konserven- oder Trockensortiment eines gewöhnlichen großen Rostocker Supermarkts."	"EASY"	"Die Beschaffung von „Kidneybohnen“ über das Hülsenfrucht-, Konserven- oder Trockensortiment eines gewöhnlichen großen Rostocker Supermarkts prüft Tobias in Rostock, wobei folgende Abgrenzung gilt: „Nierenförmige rote Bohnen mit fester Schale und cremigem Inneren; getrocknet ausreichend garen oder vorgegart verwenden.“"	"OPTIONAL"	"Kidneybohnen Nierenförmige rote Bohnen mit fester Schale und cremigem Inneren; Tobias Rostock Hülsenfrucht getrocknet vorgegart Sorte; Bohnen; Das Hülsenfrucht-, Konserven- oder Trockensortiment eines gewöhnlichen großen Rostocker Supermarkts; reguläres Sortiment Filialverfügbarkeit; die getrocknete Produktform"	""	"TOBIAS_ROSTOCK_PROFILE"	"PROPOSED_FOR_HUMAN_REVIEW"
"KIMCHI"	"Kimchi"	"APPLICABLE"	"Koreanisches milchsauer fermentiertes Gemüse, meist Chinakohl oder Rettich, mit kräftiger Würzung; konkrete Sorte bleibt offen."	"GENERAL_BROAD"	"Die Produktseite von Asia4Friends zeigt Kimchi Wang im 410-g-Glas mit aktuellem Lagerbestand und kurzer Lieferzeit. Tobias kann den Chinakohl-Kimchi per Standardpaket nach Rostock bestellen; eine Kühlzustellung ist dort nicht ausgewiesen."	"PLANNED"	"Für Tobias ist Kimchi als lagerndes 410-g-Glas fermentierten Chinakohls bei Asia4Friends belegt. Der kräftig gewürzte Artikel erreicht Rostock per Standardversand in 1–3 Werktagen, ohne die offene Sortenwahl auf Rettich oder andere Varianten zu schließen."	"REQUIRED"	"Kimchi Wang Glas 410 g Asia4Friends Lagerbestand 1 3 Werktage Rostock"	"AV2N-A-0124"	"TOBIAS_ROSTOCK_PROFILE|SPECIALTY_MARKET_BREADTH|RESEARCH_REQUIRED|RATING_RECONCILED_V2"	"PROPOSED_FOR_HUMAN_REVIEW"
"KING_OYSTER_MUSHROOM"	"Kräuterseitlinge"	"APPLICABLE"	"Kräuterseitling mit dickem, festem Stiel und mildem, umamireichem Aroma; Stiel und Hut sind essbar."	"GENERAL_BROAD"	"Tobias prüft „Kräuterseitlinge“ in Rostock über gut sortierte Vollsortimenter und etablierte deutsche Pilz- oder Frischehändler."	"PLANNED"	"Über gut sortierte Vollsortimenter und etablierte deutsche Pilz- oder Frischehändler prüft Tobias in Rostock „Kräuterseitlinge“, wobei folgende Abgrenzung gilt: „Kräuterseitling mit dickem, festem Stiel und mildem, umamireichem Aroma; Stiel und Hut sind essbar.“"	"OPTIONAL"	"Kräuterseitlinge Kräuterseitling mit dickem, festem Stiel und mildem, umamireichem Aroma; Tobias Rostock Pilze frisch genaue Art; Pilze; gut sortierte Vollsortimenter und etablierte deutsche Pilz- oder Frischehändler; gezielter Einkauf Deutschland Wochenvorlauf; die exakt festgelegte Darreichung"	""	"TOBIAS_ROSTOCK_PROFILE"	"PROPOSED_FOR_HUMAN_REVIEW"
"KIWI"	"Kiwi"	"APPLICABLE"	"Kiwi mit saftigem süß-säuerlichem Fruchtfleisch und essbaren kleinen Samen; grüne und goldene Sorten sind umfasst."	"GENERAL_LOCAL"	"Die Beschaffung von „Kiwi“ erfolgt in Rostock über die Obstabteilung eines gewöhnlichen großen Rostocker Supermarkts."	"EASY"	"Für „Kiwi“ kontrolliert Tobias den Rostocker Bezug über die Obstabteilung eines gewöhnlichen großen Rostocker Supermarkts mit diesem inhaltlichen Maßstab: „Kiwi mit saftigem süß-säuerlichem Fruchtfleisch und essbaren kleinen Samen; grüne und goldene Sorten sind umfasst.“"	"OPTIONAL"	"Kiwi Kiwi mit saftigem süß-säuerlichem Fruchtfleisch und essbaren kleinen Samen; Tobias Rostock Obst frisch TK genaue Sorte; Obst; Die Obstabteilung eines gewöhnlichen großen Rostocker Supermarkts; reguläres Sortiment Filialverfügbarkeit; die geforderte ganze oder körnige Form"	""	"TOBIAS_ROSTOCK_PROFILE"	"PROPOSED_FOR_HUMAN_REVIEW"
"KLIPPFISH"	"Klippfisch"	"APPLICABLE"	"Stark gesalzener und anschließend getrockneter Fisch nach Klippfisch-/Klippfisk-Art, häufig Kabeljau oder anderer geeigneter Weißfisch; vor der Zubereitung typischerweise zu wässern. Nicht mit ungesalzenem Stockfisch gleichsetzen."	"SPECIALTY_BROAD"	"Klippfisch: Portugiesisch und nordisch ausgerichtete Seafood-Fachsortimente führen stark gesalzenen, getrockneten Kabeljau oder vergleichbaren Weißfisch; die haltbare Ware ist über breiten Spezialhandel erhältlich, nicht über jede Rostocker Fischtheke."	"SPECIALTY"	"Tobias bezieht in Rostock Klippfisch über portugiesischen oder nordischen Lebensmittel-Spezialhandel: Maßgeblich sind starke Salzung, anschließende Trocknung und das notwendige Wässern; ungesalzener Stockfisch bleibt ausgeschlossen."	"REQUIRED"	"Klippfisch Stark gesalzener und anschließend getrockneter Fisch nach…; Tobias Rostock Fisch Seafood exakte Art Konserve Trockenware; konservierter Fisch; philippinischen Lebensmittel-Spezialhandel; mehrere unabhängige Fachhändler Marktbreite; die getrocknete Produktform"	"AV2E-062"	"REFERENCE_ANCHOR|TOBIAS_ROSTOCK_PROFILE|SPECIALTY_MARKET_BREADTH|RESEARCH_REQUIRED|REFERENCE_ANCHOR_V2"	"APPROVED_REFERENCE_ANCHOR_V2"
"KOHLRABI"	"Kohlrabi"	"APPLICABLE"	"Knackige verdickte Kohlrabi-Sprossachse mit mild-kohligem Geschmack; Blätter können mitverwendet werden."	"GENERAL_LOCAL"	"Der konkrete Bezug von „Kohlrabi“ läuft über die Gemüseabteilung eines gewöhnlichen großen Rostocker Supermarkts."	"EASY"	"Beim Rostocker Einkauf setzt Tobias für „Kohlrabi“ auf die Gemüseabteilung eines gewöhnlichen großen Rostocker Supermarkts unter folgender Warenvorgabe: „Knackige verdickte Kohlrabi-Sprossachse mit mild-kohligem Geschmack; Blätter können mitverwendet werden.“"	"OPTIONAL"	"Kohlrabi Knackige verdickte Kohlrabi-Sprossachse mit mild-kohligem Geschmack; Tobias Rostock Gemüse frisch TK genaue Sorte; Kohlgemüse; Die Gemüseabteilung eines gewöhnlichen großen Rostocker Supermarkts; reguläres Sortiment Filialverfügbarkeit; die geforderte Blatt- oder Kräuterform"	""	"TOBIAS_ROSTOCK_PROFILE"	"PROPOSED_FOR_HUMAN_REVIEW"
"KOLACHE"	"Kolatschen"	"APPLICABLE"	"Rundes mitteleuropäisches Hefeteiggebäck der tschechischen Koláč-Familie mit typischerweise zentraler Füllung, etwa Mohn, Quark, Pflaumenmus oder Obst. Nicht beliebiges Hefegebäck und nicht Trdelník."	"NICHE_IMPORT"	"Tobias prüft „Kolatschen“ in Rostock über Luisa Minimarkt Prag – Chemnitz, wobei die Evidenz ein dokumentiertes laufendes Angebot und einen gezielten Händlerbesuch ausweist."	"DIFFICULT"	"Über Luisa Minimarkt Prag – Chemnitz (Evidenzstand: ein dokumentiertes laufendes Angebot und einen gezielten Händlerbesuch) prüft Tobias in Rostock „Kolatschen“, wobei folgende Abgrenzung gilt: „Rundes mitteleuropäisches Hefeteiggebäck der tschechischen Koláč-Familie mit typischerweise zentraler Füllung, etwa Mohn, Quark, Pflaumenmus oder Obst. Nicht beliebiges Hefegebäck und nicht Trdelník.“"	"REQUIRED"	"Kolatschen Rundes mitteleuropäisches Hefeteiggebäck der tschechischen Koláč-Familie mit…; Tobias Rostock Backware Süßungsmittel exakte Form; Backware / Süßware; Luisa Minimarkt Prag – Chemnitz; Bestand Produktform Versandlogistik; die exakt festgelegte Darreichung"	"AV2N-A-0125"	"TOBIAS_ROSTOCK_PROFILE|FORM_OR_LOGISTICS_RISK|RESEARCH_REQUIRED"	"PROPOSED_FOR_HUMAN_REVIEW"
"KOMBU"	"Kombu"	"APPLICABLE"	"Dicke getrocknete Braunalge, besonders zum Ansetzen umamireicher Fonds wie Dashi; nicht Nori oder Wakame."	"SPECIALTY_BROAD"	"Kombu: Mehrere japanische und ostasiatische Lebensmittel-Fachhändler führen dicke getrocknete Braunalgenblätter für Dashi in unterschiedlichen Packungsgrößen; das begründet einen breiten Spezialmarktweg."	"SPECIALTY"	"Für Tobias in Rostock ist Kombu über japanischen Spezialhandel erreichbar: Die gesuchte dicke getrocknete Braunalge dient dem Ansetzen umamireicher Fonds und darf weder durch Nori noch durch Wakame ersetzt werden."	"REQUIRED"	"Kombu Dicke getrocknete Braunalge, besonders zum Ansetzen umamireicher Fonds wie…; Tobias Rostock Algen Trockenware exakte Art; Algen; japanischen Lebensmittel-Spezialhandel; mehrere unabhängige Fachhändler Marktbreite; die getrocknete Produktform"	"AV2E-057"	"REFERENCE_ANCHOR|TOBIAS_ROSTOCK_PROFILE|SPECIALTY_MARKET_BREADTH|RESEARCH_REQUIRED|REFERENCE_ANCHOR_V2"	"APPROVED_REFERENCE_ANCHOR_V2"
"LA_LOT_LEAVES"	"Lá-lốt-Blätter"	"APPLICABLE"	"Als Lá lốt gehandelte herzförmige Pfefferblätter mit warm-würzigem Aroma, besonders zum Umwickeln und Grillen von Fleischfüllungen. Nicht mit Betelblättern zum Kauen oder gewöhnlichem Pfefferblatt gleichsetzen."	"NICHE_IMPORT"	"Die Beschaffung von „Lá-lốt-Blätter“ erfolgt in Rostock über ausgewählte Fachanbieter für frische Kräuter, wobei die Evidenz die menschliche v2-Freigabe für diesen Weg und Kühlversand, Importbeschränkungen sowie einen gezielten Händlerbesuch ausweist."	"DIFFICULT"	"Über ausgewählte Fachanbieter für frische Kräuter (Evidenzstand: die menschliche v2-Freigabe für diesen Weg und Kühlversand, Importbeschränkungen sowie einen gezielten Händlerbesuch) prüft Tobias in Rostock „Lá-lốt-Blätter“, wobei folgende Abgrenzung gilt: „Als Lá lốt gehandelte herzförmige Pfefferblätter mit warm-würzigem Aroma, besonders zum Umwickeln und Grillen von Fleischfüllungen. Nicht mit Betelblättern zum Kauen oder gewöhnlichem Pfefferblatt gleichsetzen.“"	"REQUIRED"	"Lá-lốt-Blätter Als Lá lốt gehandelte herzförmige Pfefferblätter mit warm-würzigem Aroma…; Tobias Rostock frische Kräuter Bund Topf genaue Art; Kräuter und Würzblätter; Spezialhandel für frische Kräuter Nischenweg; Bestand Produktform Versandlogistik; die exakt festgelegte Darreichung"	"AV2E-079"	"REFERENCE_ANCHOR|TOBIAS_ROSTOCK_PROFILE|FORM_OR_LOGISTICS_RISK|RESEARCH_REQUIRED|REFERENCE_ANCHOR_V2"	"APPROVED_REFERENCE_ANCHOR_V2"
"LAKSA_PASTE"	"Laksa-Paste"	"APPLICABLE"	"Fertige südostasiatische Gewürzpaste für Laksa mit Chili, Aromaten und Gewürzen; regional unterschiedliche Stile sind umfasst."	"SPECIALTY_BROAD"	"Tobias prüft „Laksa-Paste“ in Rostock über Asia4Friends – Currypasten und AsiaFoodland – Saucen und Pasten, wobei die Evidenz eine vor dem Einkauf erneut zu prüfende Verfügbarkeit und Standardversand ausweist."	"SPECIALTY"	"Über Asia4Friends – Currypasten und AsiaFoodland – Saucen und Pasten (Evidenzstand: eine vor dem Einkauf erneut zu prüfende Verfügbarkeit und Standardversand) prüft Tobias in Rostock „Laksa-Paste“, wobei folgende Abgrenzung gilt: „Fertige südostasiatische Gewürzpaste für Laksa mit Chili, Aromaten und Gewürzen; regional unterschiedliche Stile sind umfasst.“"	"REQUIRED"	"Laksa-Paste Fertige südostasiatische Gewürzpaste für Laksa mit Chili, Aromaten und…; Tobias Rostock Würzsauce Paste Essig exakte Sorte; fertige Currypaste; Asia4Friends – Currypasten | AsiaFoodland – Saucen und Pasten; mehrere unabhängige Fachhändler Marktbreite; die exakt festgelegte Darreichung"	"AV2N-A-0126|AV2N-A-0127"	"TOBIAS_ROSTOCK_PROFILE|SPECIALTY_MARKET_BREADTH|RESEARCH_REQUIRED"	"PROPOSED_FOR_HUMAN_REVIEW"
"LAMB"	"Lamm"	"APPLICABLE"	"Lammfleisch ohne Festlegung auf Zuschnitt oder Garmethode; gemeint ist Fleisch vom jungen Schaf."	"GENERAL_BROAD"	"Tobias prüft „Lamm“ in Rostock über MeinMetzger – Lammfleisch, wobei die Evidenz ein dokumentiertes laufendes Angebot und Kühlversand ausweist."	"PLANNED"	"Über MeinMetzger – Lammfleisch (Evidenzstand: ein dokumentiertes laufendes Angebot und Kühlversand) prüft Tobias in Rostock „Lamm“, wobei folgende Abgrenzung gilt: „Lammfleisch ohne Festlegung auf Zuschnitt oder Garmethode; gemeint ist Fleisch vom jungen Schaf.“"	"OPTIONAL"	"Lamm Lammfleisch ohne Festlegung auf Zuschnitt oder Garmethode; Tobias Rostock Fleisch Wurst exakte Tierart Zuschnitt; Fleisch; MeinMetzger – Lammfleisch; gezielter Einkauf Deutschland Wochenvorlauf; den festgelegten Zuschnitt"	"AV2N-A-0128"	"TOBIAS_ROSTOCK_PROFILE"	"PROPOSED_FOR_HUMAN_REVIEW"
"LAMB_CHOP"	"Lammkotelett"	"APPLICABLE"	"Lammkotelett mit Knochen aus Rücken oder Rippenbereich; zum kurzen Braten oder Grillen geeignet."	"GENERAL_BROAD"	"Tobias prüft „Lammkotelett“ in Rostock über MeinMetzger – Lammkotelett Stiel portioniert, wobei die Evidenz beim Abruf verfügbaren Bestand und Kühlversand ausweist."	"PLANNED"	"Über MeinMetzger – Lammkotelett Stiel portioniert (Evidenzstand: beim Abruf verfügbaren Bestand und Kühlversand) prüft Tobias in Rostock „Lammkotelett“, wobei folgende Abgrenzung gilt: „Lammkotelett mit Knochen aus Rücken oder Rippenbereich; zum kurzen Braten oder Grillen geeignet.“"	"OPTIONAL"	"Lammkotelett Lammkotelett mit Knochen aus Rücken oder Rippenbereich; Tobias Rostock Fleisch Wurst exakte Tierart Zuschnitt; Lamm; MeinMetzger – Lammkotelett Stiel portioniert; gezielter Einkauf Deutschland Wochenvorlauf; die präzise tierische Produktform"	"AV2N-A-0130"	"TOBIAS_ROSTOCK_PROFILE"	"PROPOSED_FOR_HUMAN_REVIEW"
"LAMB_LEG"	"Lammkeule"	"APPLICABLE"	"Lammkeule als großer, relativ magerer Braten- oder Schmorcut; ganz oder ausgelöst verwendbar."	"GENERAL_BROAD"	"Tobias prüft „Lammkeule“ in Rostock über MeinMetzger – Lammkeule nur mit Röhrenknochen, wobei die Evidenz beim Abruf verfügbaren Bestand und Kühlversand ausweist."	"PLANNED"	"Über MeinMetzger – Lammkeule nur mit Röhrenknochen (Evidenzstand: beim Abruf verfügbaren Bestand und Kühlversand) prüft Tobias in Rostock „Lammkeule“, wobei folgende Abgrenzung gilt: „Lammkeule als großer, relativ magerer Braten- oder Schmorcut; ganz oder ausgelöst verwendbar.“"	"OPTIONAL"	"Lammkeule Lammkeule als großer, relativ magerer Braten- oder Schmorcut; Tobias Rostock Fleisch Wurst exakte Tierart Zuschnitt; Lamm; MeinMetzger – Lammkeule nur mit Röhrenknochen; gezielter Einkauf Deutschland Wochenvorlauf; die geforderte ganze oder körnige Form"	"AV2N-A-0131"	"TOBIAS_ROSTOCK_PROFILE"	"PROPOSED_FOR_HUMAN_REVIEW"
"LAMB_MINCE"	"Lammhack"	"APPLICABLE"	"Zerkleinertes Lammfleisch mit charakteristischem Eigengeschmack; nicht gemischtes Hackfleisch."	"GENERAL_BROAD"	"Tobias prüft „Lammhack“ in Rostock über MeinMetzger – reines Lammhackfleisch, wobei die Evidenz beim Abruf verfügbaren Bestand und Kühlversand ausweist."	"PLANNED"	"Über MeinMetzger – reines Lammhackfleisch (Evidenzstand: beim Abruf verfügbaren Bestand und Kühlversand) prüft Tobias in Rostock „Lammhack“, wobei folgende Abgrenzung gilt: „Zerkleinertes Lammfleisch mit charakteristischem Eigengeschmack; nicht gemischtes Hackfleisch.“"	"OPTIONAL"	"Lammhack Zerkleinertes Lammfleisch mit charakteristischem Eigengeschmack; Tobias Rostock Fleisch Wurst exakte Tierart Zuschnitt; Lamm / Hackfleisch; MeinMetzger – reines Lammhackfleisch; gezielter Einkauf Deutschland Wochenvorlauf; die präzise tierische Produktform"	"AV2N-A-0132"	"TOBIAS_ROSTOCK_PROFILE"	"PROPOSED_FOR_HUMAN_REVIEW"
"LAMB_SHOULDER"	"Lammschulter"	"APPLICABLE"	"Kollagenreiche Lammschulter mit kräftigem Geschmack; besonders für langsames Braten oder Schmoren geeignet."	"GENERAL_BROAD"	"Tobias prüft „Lammschulter“ in Rostock über MeinMetzger – Lammschulterbraten mit Knochen, wobei die Evidenz beim Abruf verfügbaren Bestand und Kühlversand ausweist."	"PLANNED"	"Über MeinMetzger – Lammschulterbraten mit Knochen (Evidenzstand: beim Abruf verfügbaren Bestand und Kühlversand) prüft Tobias in Rostock „Lammschulter“, wobei folgende Abgrenzung gilt: „Kollagenreiche Lammschulter mit kräftigem Geschmack; besonders für langsames Braten oder Schmoren geeignet.“"	"OPTIONAL"	"Lammschulter Kollagenreiche Lammschulter mit kräftigem Geschmack; Tobias Rostock Fleisch Wurst exakte Tierart Zuschnitt; Lamm; MeinMetzger – Lammschulterbraten mit Knochen; gezielter Einkauf Deutschland Wochenvorlauf; die präzise tierische Produktform"	"AV2N-A-0133"	"TOBIAS_ROSTOCK_PROFILE"	"PROPOSED_FOR_HUMAN_REVIEW"
"LAMBIC"	"Lambic"	"APPLICABLE"	"Traditioneller belgischer Bierstil aus spontan vergorener Würze. Gemeint ist der Grundstil; Gueuze, Kriek und andere Frucht- oder Blendvarianten sind nicht automatisch eingeschlossen."	"SPECIALTY_BROAD"	"Belgoshop und Beyond Beer bilden zwei voneinander unabhängige Spezialbierwege; beide listen Cantillon Grand Cru Bruocsella als reines, ungeblendetes dreijähriges Lambic aktuell positiv, während ein allgemeiner Rostocker Getränkeweg fehlt."	"SPECIALTY"	"Tobias erreicht den Lambic-Grundstil über spezialisierte Bierhändler und nicht nur als Kriek oder Gueuze; die kleine chargenabhängige Ware verlangt eine Bestandsprüfung vor dem Versand nach Rostock."	"REQUIRED"	"Cantillon Grand Cru Bruocsella reines ungeblendetes Lambic Belgoshop Beyond Beer Rostock"	"AV2N-A-0129|AV2N-A-0129B"	"TOBIAS_ROSTOCK_PROFILE|RESEARCH_REQUIRED"	"PROPOSED_FOR_HUMAN_REVIEW"
"LAMBS_LETTUCE"	"Feldsalat"	"APPLICABLE"	"Feldsalat mit kleinen zarten Blättern und mild-nussigem Geschmack; überwiegend roh verwendet."	"GENERAL_LOCAL"	"Tobias sucht „Feldsalat“ in Rostock über die Gemüseabteilung eines gewöhnlichen großen Rostocker Supermarkts gesucht."	"EASY"	"Das Angebot zu „Feldsalat“ über die Gemüseabteilung eines gewöhnlichen großen Rostocker Supermarkts kontrolliert Tobias in Rostock unter folgender Warenvorgabe: „Feldsalat mit kleinen zarten Blättern und mild-nussigem Geschmack; überwiegend roh verwendet.“"	"OPTIONAL"	"Feldsalat Feldsalat mit kleinen zarten Blättern und mild-nussigem Geschmack; Tobias Rostock Gemüse frisch TK genaue Sorte; Blattsalat; Die Gemüseabteilung eines gewöhnlichen großen Rostocker Supermarkts; reguläres Sortiment Filialverfügbarkeit; die exakt festgelegte Darreichung"	""	"TOBIAS_ROSTOCK_PROFILE"	"PROPOSED_FOR_HUMAN_REVIEW"
"LAND_SNAILS"	"Landschnecken"	"APPLICABLE"	"Essbare Landschnecken als küchenfertige Zutat; umfasst Weinbergschnecken und mögliche weitere terrestrische Arten. Nicht Süßwasser- oder Meeresschnecken."	"GENERAL_BROAD"	"Konservierte Landschnecken über allgemeinen Feinkostversand; Culina bietet Weinbergschnecken ohne Haus als Dosenware an und nennt eine Deutschland-Lieferfrist von ungefähr einer Woche."	"PLANNED"	"Tobias kann die konkrete Landschneckenform nach Rostock bestellen, muss den längeren Culina-Versand aber in den Kochtermin einplanen."	"REQUIRED"	"Culina Weinbergschnecken Landschnecken ohne Haus Dose Versand Rostock Lieferzeit"	"AV2N-A-0134"	"TOBIAS_ROSTOCK_PROFILE|RESEARCH_REQUIRED"	"PROPOSED_FOR_HUMAN_REVIEW"
"LARD"	"Schweineschmalz"	"APPLICABLE"	"Ausgelassenes Schweinefett zum Braten, Backen oder Verfeinern; natur gemeint, nicht fertiger Griebenschmalzaufstrich."	"GENERAL_LOCAL"	"Tobias prüft „Schweineschmalz“ in Rostock über das Öl- oder Kochfettregal eines gewöhnlichen großen Rostocker Supermarkts."	"EASY"	"Über das Öl- oder Kochfettregal eines gewöhnlichen großen Rostocker Supermarkts prüft Tobias in Rostock „Schweineschmalz“, wobei folgende Abgrenzung gilt: „Ausgelassenes Schweinefett zum Braten, Backen oder Verfeinern; natur gemeint, nicht fertiger Griebenschmalzaufstrich.“"	"OPTIONAL"	"Schweineschmalz Ausgelassenes Schweinefett zum Braten, Backen oder Verfeinern; Tobias Rostock Speiseöl Kochfett genaue Rohware; Kochfett; Das Öl- oder Kochfettregal eines gewöhnlichen großen Rostocker Supermarkts; reguläres Sortiment Filialverfügbarkeit; die exakt festgelegte Darreichung"	""	"TOBIAS_ROSTOCK_PROFILE"	"PROPOSED_FOR_HUMAN_REVIEW"
"LASAGNE_SHEETS"	"Lasagneplatten"	"APPLICABLE"	"Breite flache Weizenpastablätter für geschichtete Gerichte; frisch, getrocknet oder vorgekocht verwendbar."	"GENERAL_LOCAL"	"Die Beschaffung von „Lasagneplatten“ erfolgt in Rostock über das Getreide-, Mehl-, Reis- oder Teigwarenregal eines gewöhnlichen großen Rostocker Supermarkts."	"EASY"	"Für „Lasagneplatten“ kontrolliert Tobias den Rostocker Bezug über das Getreide-, Mehl-, Reis- oder Teigwarenregal eines gewöhnlichen großen Rostocker Supermarkts mit diesem inhaltlichen Maßstab: „Breite flache Weizenpastablätter für geschichtete Gerichte; frisch, getrocknet oder vorgekocht verwendbar.“"	"OPTIONAL"	"Lasagneplatten Breite flache Weizenpastablätter für geschichtete Gerichte; Tobias Rostock Getreide Stärke Teigware genaue Form; Weizenpasta; Das Getreide-, Mehl-, Reis- oder Teigwarenregal eines gewöhnlichen großen Rostocker Supermarkts; reguläres Sortiment Filialverfügbarkeit; die verlangte frische Form"	""	"TOBIAS_ROSTOCK_PROFILE|FORM_SENSITIVE"	"PROPOSED_FOR_HUMAN_REVIEW"
"LEAFY_GREENS"	"Blattgemüse"	"APPLICABLE"	"Offene Vorgabe für Gemüse, dessen Blätter kulinarisch im Mittelpunkt stehen; Salate und Kochgemüse sind möglich."	"GENERAL_LOCAL"	"Die Rostocker Warenprüfung für „Blattgemüse“ erfolgt über die Gemüseabteilung eines gewöhnlichen großen Rostocker Supermarkts."	"EASY"	"Tobias nutzt in Rostock die Gemüseabteilung eines gewöhnlichen großen Rostocker Supermarkts für „Blattgemüse“ unter folgender Warenvorgabe: „Offene Vorgabe für Gemüse, dessen Blätter kulinarisch im Mittelpunkt stehen; Salate und Kochgemüse sind möglich.“"	"OPTIONAL"	"Blattgemüse Offene Vorgabe für Gemüse, dessen Blätter kulinarisch im Mittelpunkt stehen; Tobias Rostock Gemüse frisch TK genaue Sorte; Gemüse; Die Gemüseabteilung eines gewöhnlichen großen Rostocker Supermarkts; reguläres Sortiment Filialverfügbarkeit; die geforderte Blatt- oder Kräuterform"	""	"TOBIAS_ROSTOCK_PROFILE"	"PROPOSED_FOR_HUMAN_REVIEW"
"LEBERKAESE"	"Leberkäse"	"APPLICABLE"	"Fein zerkleinertes, gebackenes Fleisch- oder Brühwursterzeugnis nach Leberkäse- beziehungsweise Fleischkäse-Art; konkrete Fleischmischung kann variieren. Nicht gewöhnlicher Hackbraten."	"GENERAL_LOCAL"	"Für „Leberkäse“ führt der Rostocker Marktweg über die Fleischkühlung oder Bedientheke eines gewöhnlichen großen Rostocker Supermarkts."	"EASY"	"Über die Fleischkühlung oder Bedientheke eines gewöhnlichen großen Rostocker Supermarkts prüft Tobias in Rostock „Leberkäse“ nach dieser Produktbeschreibung: „Fein zerkleinertes, gebackenes Fleisch- oder Brühwursterzeugnis nach Leberkäse- beziehungsweise Fleischkäse-Art; konkrete Fleischmischung kann variieren. Nicht gewöhnlicher Hackbraten.“"	"OPTIONAL"	"Leberkäse Fein zerkleinertes, gebackenes Fleisch- oder Brühwursterzeugnis nach…; Tobias Rostock Fleisch Wurst exakte Tierart Zuschnitt; Wurst; Die Fleischkühlung oder Bedientheke eines gewöhnlichen großen Rostocker Supermarkts; reguläres Sortiment Filialverfügbarkeit; die präzise tierische Produktform"	""	"TOBIAS_ROSTOCK_PROFILE"	"PROPOSED_FOR_HUMAN_REVIEW"
"LEEK"	"Lauch"	"APPLICABLE"	"Lauch mit mild-süßlichem Zwiebelaroma; weißer und grüner Teil sind je nach Gericht verwendbar."	"GENERAL_LOCAL"	"Tobias prüft „Lauch“ in Rostock über die Gemüseabteilung eines gewöhnlichen großen Rostocker Supermarkts."	"EASY"	"Tobias organisiert über die Gemüseabteilung eines gewöhnlichen großen Rostocker Supermarkts die Rostocker Prüfung von „Lauch“ unter folgender Warenvorgabe: „Lauch mit mild-süßlichem Zwiebelaroma; weißer und grüner Teil sind je nach Gericht verwendbar.“"	"OPTIONAL"	"Lauch Lauch mit mild-süßlichem Zwiebelaroma; weißer und grüner Teil sind je nach…; Tobias Rostock Gemüse frisch TK genaue Sorte; Lauch- und Zwiebelgemüse; Die Gemüseabteilung eines gewöhnlichen großen Rostocker Supermarkts; reguläres Sortiment Filialverfügbarkeit; die exakt festgelegte Darreichung"	""	"TOBIAS_ROSTOCK_PROFILE"	"PROPOSED_FOR_HUMAN_REVIEW"
"LEFSE"	"Lefse"	"APPLICABLE"	"Weiches norwegisches Fladenbrot nach Lefse-Art; je nach Variante auf Kartoffel- oder Mehlbasis. Gemeint ist die Lefse selbst, nicht eine bestimmte süße oder herzhafte Füllung beziehungsweise ein fertig belegtes Gericht."	"NICHE_IMPORT"	"Für „Lefse“ führt der Rostocker Marktweg über skandinavische Lebensmittelfachhändler, wobei die Evidenz die menschliche v2-Freigabe für diesen Weg und Importbeschränkungen, einen gezielten Händlerbesuch sowie Standardversand ausweist."	"DIFFICULT"	"Über skandinavische Lebensmittelfachhändler (Evidenzstand: die menschliche v2-Freigabe für diesen Weg und Importbeschränkungen, einen gezielten Händlerbesuch sowie Standardversand) prüft Tobias in Rostock „Lefse“, wobei folgende Abgrenzung gilt: „Weiches norwegisches Fladenbrot nach Lefse-Art; je nach Variante auf Kartoffel- oder Mehlbasis. Gemeint ist die Lefse selbst, nicht eine bestimmte süße oder herzhafte Füllung beziehungsweise ein fertig belegtes Gericht.“"	"REQUIRED"	"Lefse Weiches norwegisches Fladenbrot nach Lefse-Art; Tobias Rostock Backware Süßungsmittel exakte Form; Fladenbrot; skandinavischen Lebensmittel-Spezialhandel Nischenweg; Bestand Produktform Versandlogistik; die exakt festgelegte Darreichung"	"AV2E-083"	"REFERENCE_ANCHOR|TOBIAS_ROSTOCK_PROFILE|FORM_OR_LOGISTICS_RISK|RESEARCH_REQUIRED|REFERENCE_ANCHOR_V2"	"APPROVED_REFERENCE_ANCHOR_V2"
"LEGUMES"	"Hülsenfrüchte"	"APPLICABLE"	"Offene Vorgabe für Hülsenfrüchte wie Bohnen, Linsen, Erbsen oder Kichererbsen; Produktform bleibt wählbar."	"GENERAL_LOCAL"	"Für „Hülsenfrüchte“ wird das Angebot über das Hülsenfrucht-, Konserven- oder Trockensortiment eines gewöhnlichen großen Rostocker Supermarkts kontrolliert."	"EASY"	"Beim Rostocker Einkauf setzt Tobias für „Hülsenfrüchte“ auf das Hülsenfrucht-, Konserven- oder Trockensortiment eines gewöhnlichen großen Rostocker Supermarkts, wobei folgende Abgrenzung gilt: „Offene Vorgabe für Hülsenfrüchte wie Bohnen, Linsen, Erbsen oder Kichererbsen; Produktform bleibt wählbar.“"	"OPTIONAL"	"Hülsenfrüchte Offene Vorgabe für Hülsenfrüchte wie Bohnen, Linsen, Erbsen oder Kichererbsen; Tobias Rostock Hülsenfrucht getrocknet vorgegart Sorte; Hülsenfrüchte; Das Hülsenfrucht-, Konserven- oder Trockensortiment eines gewöhnlichen großen Rostocker Supermarkts; reguläres Sortiment Filialverfügbarkeit; die exakt festgelegte Darreichung"	""	"TOBIAS_ROSTOCK_PROFILE"	"PROPOSED_FOR_HUMAN_REVIEW"
"LEMON"	"Zitrone"	"APPLICABLE"	"Zitrone mit aromatischer Schale und deutlich saurem Saft; Fruchtfleisch und unbehandelte Schale sind ebenfalls nutzbar."	"GENERAL_LOCAL"	"Beim Einkauf von „Zitrone“ nutzt Tobias die Obstabteilung eines gewöhnlichen großen Rostocker Supermarkts."	"EASY"	"Die Beschaffung von „Zitrone“ über die Obstabteilung eines gewöhnlichen großen Rostocker Supermarkts prüft Tobias in Rostock mit diesem inhaltlichen Maßstab: „Zitrone mit aromatischer Schale und deutlich saurem Saft; Fruchtfleisch und unbehandelte Schale sind ebenfalls nutzbar.“"	"OPTIONAL"	"Zitrone Zitrone mit aromatischer Schale und deutlich saurem Saft; Tobias Rostock Obst frisch TK genaue Sorte; Zitrusfrucht; Die Obstabteilung eines gewöhnlichen großen Rostocker Supermarkts; reguläres Sortiment Filialverfügbarkeit; die exakt festgelegte Darreichung"	""	"TOBIAS_ROSTOCK_PROFILE"	"PROPOSED_FOR_HUMAN_REVIEW"
"LEMONGRASS"	"Zitronengras"	"APPLICABLE"	"Faserige aromatische Halme mit klarem Zitronenduft; meist angedrückt, fein geschnitten oder zum Mitkochen verwendet."	"GENERAL_BROAD"	"Tobias prüft „Zitronengras“ in Rostock über gut sortierte Vollsortimenter, Kräutergärtnereien und etablierte deutsche Frischehändler."	"PLANNED"	"Über gut sortierte Vollsortimenter, Kräutergärtnereien und etablierte deutsche Frischehändler prüft Tobias in Rostock „Zitronengras“, wobei folgende Abgrenzung gilt: „Faserige aromatische Halme mit klarem Zitronenduft; meist angedrückt, fein geschnitten oder zum Mitkochen verwendet.“"	"OPTIONAL"	"Zitronengras Faserige aromatische Halme mit klarem Zitronenduft; Tobias Rostock frische Kräuter Bund Topf genaue Art; Kräuter und Würzblätter; gut sortierte Vollsortimenter, Kräutergärtnereien und etablierte deutsche Frischehändler; gezielter Einkauf Deutschland Wochenvorlauf; die exakt festgelegte Darreichung"	""	"TOBIAS_ROSTOCK_PROFILE|FORM_SENSITIVE|RATING_RECONCILED_V2"	"PROPOSED_FOR_HUMAN_REVIEW"
"LENTILS"	"Linsen"	"APPLICABLE"	"Linsen als kleine trockene Hülsenfrüchte; Sorte, Farbe und Formstabilität bleiben offen."	"GENERAL_LOCAL"	"Der konkrete Bezug von „Linsen“ läuft über das Hülsenfrucht-, Konserven- oder Trockensortiment eines gewöhnlichen großen Rostocker Supermarkts."	"EASY"	"Das Angebot zu „Linsen“ über das Hülsenfrucht-, Konserven- oder Trockensortiment eines gewöhnlichen großen Rostocker Supermarkts kontrolliert Tobias in Rostock, wobei folgende Abgrenzung gilt: „Linsen als kleine trockene Hülsenfrüchte; Sorte, Farbe und Formstabilität bleiben offen.“"	"OPTIONAL"	"Linsen Linsen als kleine trockene Hülsenfrüchte; Tobias Rostock Hülsenfrucht getrocknet vorgegart Sorte; Hülsenfrüchte; Das Hülsenfrucht-, Konserven- oder Trockensortiment eines gewöhnlichen großen Rostocker Supermarkts; reguläres Sortiment Filialverfügbarkeit; die exakt festgelegte Darreichung"	""	"TOBIAS_ROSTOCK_PROFILE"	"PROPOSED_FOR_HUMAN_REVIEW"
"LETTUCE"	"Kopfsalat"	"APPLICABLE"	"Kopfsalat mit zarten bis knackigen Blättern und mildem Geschmack; nicht die gesamte Blattsalatfamilie."	"GENERAL_LOCAL"	"Für „Kopfsalat“ führt der Rostocker Marktweg über die Gemüseabteilung eines gewöhnlichen großen Rostocker Supermarkts."	"EASY"	"Über die Gemüseabteilung eines gewöhnlichen großen Rostocker Supermarkts prüft Tobias in Rostock „Kopfsalat“ und verwendet dafür die Definition: „Kopfsalat mit zarten bis knackigen Blättern und mildem Geschmack; nicht die gesamte Blattsalatfamilie.“"	"OPTIONAL"	"Kopfsalat Kopfsalat mit zarten bis knackigen Blättern und mildem Geschmack; Tobias Rostock Gemüse frisch TK genaue Sorte; Blattsalat; Die Gemüseabteilung eines gewöhnlichen großen Rostocker Supermarkts; reguläres Sortiment Filialverfügbarkeit; die exakt festgelegte Darreichung"	""	"TOBIAS_ROSTOCK_PROFILE"	"PROPOSED_FOR_HUMAN_REVIEW"
"LIEGE_SYRUP"	"Sirop de Liège"	"APPLICABLE"	"Dick eingekochter belgischer Apfel-/Birnen-Fruchtsirup beziehungsweise Fruchtaufstrich nach Lütticher Tradition. Kein Markenbegriff; Zuckerzusatz und konkrete Fruchtanteile können variieren. Nicht mit dünnflüssigem Getränkesirup oder beliebigem Fruchtsirup gleichsetzen."	"NICHE_IMPORT"	"Tobias prüft „Sirop de Liège“ in Rostock über Belgoshop – Meurens Original Lütticher Sirup, wobei die Evidenz ein dokumentiertes laufendes Angebot und Standardversand ausweist."	"DIFFICULT"	"Über Belgoshop – Meurens Original Lütticher Sirup (Evidenzstand: ein dokumentiertes laufendes Angebot und Standardversand) prüft Tobias in Rostock „Sirop de Liège“, wobei folgende Abgrenzung gilt: „Dick eingekochter belgischer Apfel-/Birnen-Fruchtsirup beziehungsweise Fruchtaufstrich nach Lütticher Tradition. Kein Markenbegriff; Zuckerzusatz und konkrete Fruchtanteile können variieren. Nicht mit dünnflüssigem Getränkesirup oder beliebigem Fruchtsirup gleichsetzen.“"	"REQUIRED"	"Sirop de Liège Dick eingekochter belgischer Apfel-/Birnen-Fruchtsirup beziehungsweise…; Tobias Rostock Sauergemüse Konserve Ferment exakte Form; konservierte pflanzliche Zutat / Sirup; Belgoshop – Meurens Original Lütticher Sirup; Bestand Produktform Versandlogistik; die sirupartige Produktform"	"AV2N-A-0135"	"TOBIAS_ROSTOCK_PROFILE|FORM_OR_LOGISTICS_RISK|RESEARCH_REQUIRED"	"PROPOSED_FOR_HUMAN_REVIEW"
"LIEGE_WAFFLE"	"Lütticher Waffel"	"APPLICABLE"	"Kleinere, kompakte belgische Waffel nach Lütticher Art mit eingebackenem Perl- beziehungsweise Hagelzucker und typischerweise karamellisierten Rändern. Nicht mit der größeren, luftigen Brüsseler Waffel gleichsetzen."	"GENERAL_BROAD"	"Morgenmarkt – Gut & Günstig Lütticher Zuckerwaffeln 550 g belegt formgenau: Morgenmarkt bietet belgische Lütticher Zuckerwaffeln der allgemeinen Handelsmarke Gut & Günstig als sofort verfügbare 550-g-Packung an. Für Tobias in Rostock gilt: Deutscher Online-Lebensmittelversand nach Bornheim und Rostock; Logistik STANDARD_SHIPPING. Die Seite nennt Zuckeranteil und Herkunft, aber die Stückchenform nur im Produktnamen; die bestehende REWE-Seite belegt ergänzend ausdrücklich Perlzucker."	"PLANNED"	"Tobias prüft für Rostock die konkrete REWE-Filiale; die Lütticher Form mit Hagelzucker ist exakt, aber nicht als durchgehend lokaler Bestand zugesichert."	"REQUIRED"	"Gut und Günstig Lütticher Zuckerwaffeln 550 g Morgenmarkt sofort verfügbar | Tobias in Rostock | IN_STOCK STANDARD_SHIPPING"	"AV2N-A-0136|AV2N-P-0016"	"TOBIAS_ROSTOCK_PROFILE|SPECIALTY_MARKET_BREADTH|RESEARCH_REQUIRED|RATING_RECONCILED_V2"	"PROPOSED_FOR_HUMAN_REVIEW"
"LIGHT_SOY_SAUCE"	"helle Sojasauce"	"APPLICABLE"	"Dünnflüssige salzige Sojasauce für Würze und Umami; nicht die süßlichere dunkle Sojasauce."	"GENERAL_BROAD"	"Für „helle Sojasauce“ wird das Angebot über gut sortierte Vollsortimenter und etablierte deutsche Feinkost- oder Würzsaucenhändler kontrolliert."	"PLANNED"	"Beim Rostocker Einkauf setzt Tobias für „helle Sojasauce“ auf gut sortierte Vollsortimenter und etablierte deutsche Feinkost- oder Würzsaucenhändler, wobei folgende Abgrenzung gilt: „Dünnflüssige salzige Sojasauce für Würze und Umami; nicht die süßlichere dunkle Sojasauce.“"	"OPTIONAL"	"helle Sojasauce Dünnflüssige salzige Sojasauce für Würze und Umami; Tobias Rostock Würzsauce Paste Essig exakte Sorte; Sojasauce; gut sortierte Vollsortimenter und etablierte deutsche Feinkost- oder Würzsaucenhändler; gezielter Einkauf Deutschland Wochenvorlauf; die exakt festgelegte Darreichung"	""	"TOBIAS_ROSTOCK_PROFILE|RATING_RECONCILED_V2"	"PROPOSED_FOR_HUMAN_REVIEW"
"LIME"	"Limette"	"APPLICABLE"	"Limette mit intensiv aromatischer Schale und saurem Saft; konkrete Sorte bleibt offen."	"GENERAL_LOCAL"	"Für „Limette“ wird das Angebot über die Obstabteilung eines gewöhnlichen großen Rostocker Supermarkts kontrolliert."	"EASY"	"Beim Rostocker Einkauf setzt Tobias für „Limette“ auf die Obstabteilung eines gewöhnlichen großen Rostocker Supermarkts mit diesem inhaltlichen Maßstab: „Limette mit intensiv aromatischer Schale und saurem Saft; konkrete Sorte bleibt offen.“"	"OPTIONAL"	"Limette Limette mit intensiv aromatischer Schale und saurem Saft; Tobias Rostock Obst frisch TK genaue Sorte; Zitrusfrucht; Die Obstabteilung eines gewöhnlichen großen Rostocker Supermarkts; reguläres Sortiment Filialverfügbarkeit; die exakt festgelegte Darreichung"	""	"TOBIAS_ROSTOCK_PROFILE"	"PROPOSED_FOR_HUMAN_REVIEW"
"LINGONBERRY"	"Preiselbeeren"	"APPLICABLE"	"Preiselbeeren mit herber Säure; frisch oder ungesüßt tiefgekühlt gemeint, nicht Konfitüre."	"GENERAL_BROAD"	"Der konkrete Bezug von „Preiselbeeren“ läuft über gut sortierte Vollsortimenter und etablierte deutsche Frucht- oder Frischehändler."	"PLANNED"	"Das Angebot zu „Preiselbeeren“ über gut sortierte Vollsortimenter und etablierte deutsche Frucht- oder Frischehändler kontrolliert Tobias in Rostock, wobei folgende Abgrenzung gilt: „Preiselbeeren mit herber Säure; frisch oder ungesüßt tiefgekühlt gemeint, nicht Konfitüre.“"	"OPTIONAL"	"Preiselbeeren Preiselbeeren mit herber Säure; frisch oder ungesüßt tiefgekühlt gemeint…; Tobias Rostock Obst frisch TK genaue Sorte; Beeren; gut sortierte Vollsortimenter und etablierte deutsche Frucht- oder Frischehändler; gezielter Einkauf Deutschland Wochenvorlauf; die zugelassene Frisch- oder Tiefkühlform"	""	"TOBIAS_ROSTOCK_PROFILE|FORM_SENSITIVE|RATING_RECONCILED_V2"	"PROPOSED_FOR_HUMAN_REVIEW"
"LINGONBERRY_PRESERVES"	"Preiselbeer-Konfitüre/-kompott"	"APPLICABLE"	"Gesüßte Preiselbeerzubereitung wie Konfitüre, Kompott oder gerührte Preiselbeeren; nicht die ungesüßte frische Beere."	"GENERAL_LOCAL"	"Die Beschaffung von „Preiselbeer-Konfitüre/-kompott“ erfolgt in Rostock über das Konserven-, Sauergemüse- oder Feinkostregal eines gewöhnlichen großen Rostocker Supermarkts."	"EASY"	"Für „Preiselbeer-Konfitüre/-kompott“ kontrolliert Tobias den Rostocker Bezug über das Konserven-, Sauergemüse- oder Feinkostregal eines gewöhnlichen großen Rostocker Supermarkts, wobei folgende Abgrenzung gilt: „Gesüßte Preiselbeerzubereitung wie Konfitüre, Kompott oder gerührte Preiselbeeren; nicht die ungesüßte frische Beere.“"	"OPTIONAL"	"Preiselbeer-Konfitüre/-kompott Gesüßte Preiselbeerzubereitung wie Konfitüre, Kompott oder gerührte…; Tobias Rostock Sauergemüse Konserve Ferment exakte Form; Preiselbeeren / konservierte pflanzliche Zutat; Das Konserven-, Sauergemüse- oder Feinkostregal eines gewöhnlichen großen Rostocker Supermarkts; reguläres Sortiment Filialverfügbarkeit; die exakt festgelegte Darreichung"	""	"TOBIAS_ROSTOCK_PROFILE|FORM_SENSITIVE"	"PROPOSED_FOR_HUMAN_REVIEW"
"LIQUORICE"	"Lakritz"	"APPLICABLE"	"Lakritzware mit süßen und salzigen Ausprägungen, auch als Kochzutat verwendbar; nicht Süßholzwurzel oder reiner Lakritzextrakt."	"GENERAL_LOCAL"	"Beim Einkauf von „Lakritz“ nutzt Tobias das Back-, Süßwaren- oder Brotregal eines gewöhnlichen großen Rostocker Supermarkts, wobei die Evidenz die menschliche v2-Freigabe für diesen Weg und eine lokale Standortprüfung ausweist."	"EASY"	"Über das Back-, Süßwaren- oder Brotregal eines gewöhnlichen großen Rostocker Supermarkts (Evidenzstand: die menschliche v2-Freigabe für diesen Weg und eine lokale Standortprüfung) prüft Tobias in Rostock „Lakritz“, wobei folgende Abgrenzung gilt: „Lakritzware mit süßen und salzigen Ausprägungen, auch als Kochzutat verwendbar; nicht Süßholzwurzel oder reiner Lakritzextrakt.“"	"OPTIONAL"	"Lakritz Lakritzware mit süßen und salzigen Ausprägungen, auch als Kochzutat verwendbar; Tobias Rostock Backware Süßungsmittel exakte Form; Süßware; Das Back-, Süßwaren- oder Brotregal eines gewöhnlichen großen Rostocker Supermarkts; reguläres Sortiment Filialverfügbarkeit; die exakt festgelegte Darreichung"	"AV2E-012"	"REFERENCE_ANCHOR|TOBIAS_ROSTOCK_PROFILE|REFERENCE_ANCHOR_V2"	"APPROVED_REFERENCE_ANCHOR_V2"
"LIVER_PATE"	"Leberpastete"	"APPLICABLE"	"Streichfähige Pastete auf Leberbasis; umfasst typische Schweine-, Geflügel- und vergleichbare Leberpasteten, nicht reine Leber und nicht automatisch Leberwurst."	"GENERAL_LOCAL"	"Die Beschaffung von „Leberpastete“ erfolgt in Rostock über die Fleischkühlung oder Bedientheke eines gewöhnlichen großen Rostocker Supermarkts."	"EASY"	"Den Weg über die Fleischkühlung oder Bedientheke eines gewöhnlichen großen Rostocker Supermarkts nutzt Tobias in Rostock für „Leberpastete“ nach dieser Produktbeschreibung: „Streichfähige Pastete auf Leberbasis; umfasst typische Schweine-, Geflügel- und vergleichbare Leberpasteten, nicht reine Leber und nicht automatisch Leberwurst.“"	"OPTIONAL"	"Leberpastete Streichfähige Pastete auf Leberbasis; umfasst typische Schweine-, Geflügel-…; Tobias Rostock Fleisch Wurst exakte Tierart Zuschnitt; Innereien; Die Fleischkühlung oder Bedientheke eines gewöhnlichen großen Rostocker Supermarkts; reguläres Sortiment Filialverfügbarkeit; die präzise tierische Produktform"	""	"TOBIAS_ROSTOCK_PROFILE"	"PROPOSED_FOR_HUMAN_REVIEW"
"LIVER_SAUSAGE"	"Leberwurst"	"APPLICABLE"	"Leberhaltige Koch- oder Streichwurst; Tierart, Körnung und Rezeptur können variieren. Nicht mit Leberpastete gleichsetzen."	"GENERAL_LOCAL"	"Beim Einkauf von „Leberwurst“ nutzt Tobias die Fleischkühlung oder Bedientheke eines gewöhnlichen großen Rostocker Supermarkts."	"EASY"	"Für „Leberwurst“ kontrolliert Tobias den Rostocker Bezug über die Fleischkühlung oder Bedientheke eines gewöhnlichen großen Rostocker Supermarkts nach dieser Produktbeschreibung: „Leberhaltige Koch- oder Streichwurst; Tierart, Körnung und Rezeptur können variieren. Nicht mit Leberpastete gleichsetzen.“"	"OPTIONAL"	"Leberwurst Leberhaltige Koch- oder Streichwurst; Tierart, Körnung und Rezeptur können…; Tobias Rostock Fleisch Wurst exakte Tierart Zuschnitt; Innereien / Wurst; Die Fleischkühlung oder Bedientheke eines gewöhnlichen großen Rostocker Supermarkts; reguläres Sortiment Filialverfügbarkeit; die präzise tierische Produktform"	""	"TOBIAS_ROSTOCK_PROFILE"	"PROPOSED_FOR_HUMAN_REVIEW"
"LOBSTER"	"Hummer"	"APPLICABLE"	"Hummer mit festem, süßlichem Fleisch aus Schwanz und Scheren; ganz, ausgelöst, frisch oder tiefgekühlt verwendbar."	"SPECIALTY_BROAD"	"Tobias prüft „Hummer“ in Rostock über spezialisierte Bezugsquellen für Fisch und Meeresfrüchte, wobei die Evidenz die menschliche v2-Freigabe für diesen Weg und Tiefkühlversand sowie einen gezielten Händlerbesuch ausweist."	"SPECIALTY"	"Über spezialisierte Bezugsquellen für Fisch und Meeresfrüchte (Evidenzstand: die menschliche v2-Freigabe für diesen Weg und Tiefkühlversand sowie einen gezielten Händlerbesuch) prüft Tobias in Rostock „Hummer“, wobei folgende Abgrenzung gilt: „Hummer mit festem, süßlichem Fleisch aus Schwanz und Scheren; ganz, ausgelöst, frisch oder tiefgekühlt verwendbar.“"	"REQUIRED"	"Hummer Hummer mit festem, süßlichem Fleisch aus Schwanz und Scheren; Tobias Rostock Fisch Seafood Frische TK genauer Zuschnitt; Krustentiere; Spezialhandel für Fisch und Meeresfrüchte; mehrere unabhängige Fachhändler Marktbreite; die zugelassene Frisch- oder Tiefkühlform"	"AV2E-017"	"REFERENCE_ANCHOR|TOBIAS_ROSTOCK_PROFILE|SPECIALTY_MARKET_BREADTH|FORM_SENSITIVE|RESEARCH_REQUIRED|REFERENCE_ANCHOR_V2"	"APPROVED_REFERENCE_ANCHOR_V2"
"LONGGANISA"	"Longganisa"	"APPLICABLE"	"Offene philippinische Wurstfamilie mit regional stark unterschiedlichen Rezepturen, von süßlichen bis kräftig knoblauchbetonten Varianten. Üblicherweise, aber nicht zwingend, aus Schweinefleisch; keine bestimmte regionale Longganisa wird vorausgesetzt."	"NICHE_IMPORT"	"Tobias sucht „Longganisa“ in Rostock über Spezialanbieter mit philippinischer Warenauswahl, wobei die Evidenz die menschliche v2-Freigabe für diesen Weg und Kühlversand, Importbeschränkungen sowie einen gezielten Händlerbesuch ausweist gesucht."	"DIFFICULT"	"Über Spezialanbieter mit philippinischer Warenauswahl (Evidenzstand: die menschliche v2-Freigabe für diesen Weg und Kühlversand, Importbeschränkungen sowie einen gezielten Händlerbesuch) prüft Tobias in Rostock „Longganisa“, wobei folgende Abgrenzung gilt: „Offene philippinische Wurstfamilie mit regional stark unterschiedlichen Rezepturen, von süßlichen bis kräftig knoblauchbetonten Varianten. Üblicherweise, aber nicht zwingend, aus Schweinefleisch; keine bestimmte regionale Longganisa wird vorausgesetzt.“"	"REQUIRED"	"Longganisa Offene philippinische Wurstfamilie mit regional stark unterschiedlichen…; Tobias Rostock Fleisch Wurst exakte Tierart Zuschnitt; Wurst; philippinischen Lebensmittel-Spezialhandel Nischenweg; Bestand Produktform Versandlogistik; die präzise tierische Produktform"	"AV2E-074"	"REFERENCE_ANCHOR|TOBIAS_ROSTOCK_PROFILE|FORM_OR_LOGISTICS_RISK|RESEARCH_REQUIRED|REFERENCE_ANCHOR_V2"	"APPROVED_REFERENCE_ANCHOR_V2"
"LOTUS_ROOT"	"Lotuswurzel"	"APPLICABLE"	"Rhizom der Lotuspflanze mit charakteristischen Hohlkammern und knackiger Textur; frisch, tiefgekühlt oder schlicht konserviert."	"SPECIALTY_BROAD"	"Für „Lotuswurzel“ führt der Rostocker Marktweg über Asia Moin – Obst und Gemüse und Asia4Friends – Gemüse, wobei die Evidenz eine vor dem Einkauf erneut zu prüfende Verfügbarkeit und Frischeversand ausweist."	"SPECIALTY"	"Den Weg über Asia Moin – Obst und Gemüse und Asia4Friends – Gemüse (Evidenzstand: eine vor dem Einkauf erneut zu prüfende Verfügbarkeit und Frischeversand) nutzt Tobias in Rostock für „Lotuswurzel“, wobei folgende Abgrenzung gilt: „Rhizom der Lotuspflanze mit charakteristischen Hohlkammern und knackiger Textur; frisch, tiefgekühlt oder schlicht konserviert.“"	"REQUIRED"	"Lotuswurzel Rhizom der Lotuspflanze mit charakteristischen Hohlkammern und knackiger…; Tobias Rostock Gemüse frisch TK genaue Sorte; Wurzel- und Knollengemüse; Asia4Friends – Gemüse | Asia Moin; mehrere unabhängige Fachhändler Marktbreite; die verlangte frische Form"	"AV2N-A-0137|AV2N-A-0138"	"TOBIAS_ROSTOCK_PROFILE|SPECIALTY_MARKET_BREADTH|FORM_SENSITIVE|RESEARCH_REQUIRED"	"PROPOSED_FOR_HUMAN_REVIEW"
"LOTUS_SEEDS"	"Lotussamen"	"APPLICABLE"	"Essbare reife Lotussamen mit mild-nussigem, leicht süßlichem Geschmack; frisch, getrocknet oder vorgegart für Suppen, Reisgerichte, Füllungen und Süßspeisen. Nicht Lotuswurzel oder der bittere Keim als eigenes Produkt."	"SPECIALTY_BROAD"	"Tobias prüft „Lotussamen“ in Rostock über Asia4Friends – Gewürze/Trockenwaren und AsiaFoodland – Trockenwaren, wobei die Evidenz eine vor dem Einkauf erneut zu prüfende Verfügbarkeit und Standardversand ausweist."	"SPECIALTY"	"Über Asia4Friends – Gewürze/Trockenwaren und AsiaFoodland – Trockenwaren (Evidenzstand: eine vor dem Einkauf erneut zu prüfende Verfügbarkeit und Standardversand) prüft Tobias in Rostock „Lotussamen“, wobei folgende Abgrenzung gilt: „Essbare reife Lotussamen mit mild-nussigem, leicht süßlichem Geschmack; frisch, getrocknet oder vorgegart für Suppen, Reisgerichte, Füllungen und Süßspeisen. Nicht Lotuswurzel oder der bittere Keim als eigenes Produkt.“"	"REQUIRED"	"Lotussamen Essbare reife Lotussamen mit mild-nussigem, leicht süßlichem Geschmack; Tobias Rostock Nuss Samen Mus genaue Rohware; Kerne und Samen; Asia4Friends – Gewürze/Trockenwaren | AsiaFoodland – Trockenwaren; mehrere unabhängige Fachhändler Marktbreite; die verlangte frische Form"	"AV2N-A-0139|AV2N-A-0140"	"TOBIAS_ROSTOCK_PROFILE|SPECIALTY_MARKET_BREADTH|FORM_SENSITIVE|RESEARCH_REQUIRED"	"PROPOSED_FOR_HUMAN_REVIEW"
"LOVAGE"	"Liebstöckel"	"APPLICABLE"	"Liebstöckelblätter mit kräftigem sellerieartig-würzigem Aroma; frisch oder sparsam getrocknet, nicht Maggi-Würze."	"GENERAL_BROAD"	"Ankerkraut – Liebstöckel getrocknet und gerebelt 15 g belegt formgenau: Ankerkraut führt reinen getrockneten und gerebelten Liebstöckel im 15-g-Glas als auf Lager und in den Warenkorb legbar. Für Tobias in Rostock gilt: Deutschlandweiter Standardversand nach Bornheim und Rostock; 5–10 Werktage; Logistik STANDARD_SHIPPING. Die Route belegt sparsam dosierbare Trockenblätter, nicht frischen Kerbel und nicht flüssige Maggi-Würze."	"PLANNED"	"Die Beschaffung von Tobias am Standort Rostock: Liebstöckel wird planbar im Gewürzregal als sparsam einzusetzendes getrocknetes Blatt geprüft; frisches Kraut bleibt alternativ zulässig."	"REQUIRED"	"Ankerkraut Liebstöckel getrocknet gerebelt 15 g auf Lager | Tobias in Rostock | IN_STOCK STANDARD_SHIPPING"	"AV2N-A-0141|AV2N-P-0017"	"TOBIAS_ROSTOCK_PROFILE|FORM_SENSITIVE|RESEARCH_REQUIRED"	"PROPOSED_FOR_HUMAN_REVIEW"
"LUPIN"	"Lupinen"	"APPLICABLE"	"Essbare, fachgerecht entbitterte Lupinensamen beziehungsweise schlichtes Lupinenprodukt; nicht rohe bittere Samen."	"GENERAL_BROAD"	"Tobias sucht „Lupinen“ in Rostock über gut sortierte Vollsortimenter und etablierte deutsche Bio- oder Trockenwarenhändler gesucht."	"PLANNED"	"Beim Rostocker Einkauf setzt Tobias für „Lupinen“ auf gut sortierte Vollsortimenter und etablierte deutsche Bio- oder Trockenwarenhändler mit diesem inhaltlichen Maßstab: „Essbare, fachgerecht entbitterte Lupinensamen beziehungsweise schlichtes Lupinenprodukt; nicht rohe bittere Samen.“"	"OPTIONAL"	"Lupinen Essbare, fachgerecht entbitterte Lupinensamen beziehungsweise schlichtes…; Tobias Rostock Hülsenfrucht getrocknet vorgegart Sorte; Hülsenfrüchte; gut sortierte Vollsortimenter und etablierte deutsche Bio- oder Trockenwarenhändler; gezielter Einkauf Deutschland Wochenvorlauf; die exakt festgelegte Darreichung"	""	"TOBIAS_ROSTOCK_PROFILE"	"PROPOSED_FOR_HUMAN_REVIEW"
"LUTEFISK"	"Lutefisk"	"APPLICABLE"	"Aus getrocknetem Weißfisch durch Wässern und Laugenbehandlung hergestelltes und anschließend gründlich gespültes, küchenfertiges Fischprodukt nach Lutefisk-Art. Nicht trockener Stockfisch, Lauge oder das fertig zubereitete Gericht."	"NICHE_IMPORT"	"Tobias prüft „Lutefisk“ in Rostock über Scandinavian Online Store – Food, wobei die Evidenz keinen aktuellen formgenauen Treffer und Importbeschränkungen ausweist."	"DIFFICULT"	"Über Scandinavian Online Store – Food (Evidenzstand: keinen aktuellen formgenauen Treffer und Importbeschränkungen) prüft Tobias in Rostock „Lutefisk“, wobei folgende Abgrenzung gilt: „Aus getrocknetem Weißfisch durch Wässern und Laugenbehandlung hergestelltes und anschließend gründlich gespültes, küchenfertiges Fischprodukt nach Lutefisk-Art. Nicht trockener Stockfisch, Lauge oder das fertig zubereitete Gericht.“"	"REQUIRED"	"Lutefisk Aus getrocknetem Weißfisch durch Wässern und Laugenbehandlung hergestelltes…; Tobias Rostock Fisch Seafood exakte Art Konserve Trockenware; konservierter Fisch; Scandinavian Online Store – Food; Bestand Produktform Versandlogistik; die getrocknete Produktform"	"AV2N-A-0142"	"TOBIAS_ROSTOCK_PROFILE|FORM_OR_LOGISTICS_RISK|RESEARCH_REQUIRED"	"PROPOSED_FOR_HUMAN_REVIEW"
"LYCHEE"	"Litschi"	"APPLICABLE"	"Litschi mit saftigem, floral-süßem Fruchtfleisch; frisch oder schlicht konserviert, ohne Schale und Kern."	"GENERAL_BROAD"	"Tobias sucht „Litschi“ in Rostock über gut sortierte Vollsortimenter und etablierte deutsche Frucht- oder Frischehändler gesucht."	"PLANNED"	"Tobias nutzt in Rostock gut sortierte Vollsortimenter und etablierte deutsche Frucht- oder Frischehändler für „Litschi“, wobei folgende Abgrenzung gilt: „Litschi mit saftigem, floral-süßem Fruchtfleisch; frisch oder schlicht konserviert, ohne Schale und Kern.“"	"OPTIONAL"	"Litschi Litschi mit saftigem, floral-süßem Fruchtfleisch; Tobias Rostock Obst frisch TK genaue Sorte; Tropenfrucht; gut sortierte Vollsortimenter und etablierte deutsche Frucht- oder Frischehändler; gezielter Einkauf Deutschland Wochenvorlauf; die verlangte frische Form"	""	"TOBIAS_ROSTOCK_PROFILE|FORM_SENSITIVE"	"PROPOSED_FOR_HUMAN_REVIEW"
"MACADAMIA"	"Macadamianüsse"	"APPLICABLE"	"Sehr fettreiche, cremig-knackige Macadamianüsse mit mild-buttrigem Geschmack; natur oder geröstet verwendbar."	"GENERAL_LOCAL"	"Der konkrete Bezug von „Macadamianüsse“ läuft über das Nuss-, Saaten-, Back- oder Brotaufstrichregal eines gewöhnlichen großen Rostocker Supermarkts."	"EASY"	"Das Angebot zu „Macadamianüsse“ über das Nuss-, Saaten-, Back- oder Brotaufstrichregal eines gewöhnlichen großen Rostocker Supermarkts kontrolliert Tobias in Rostock, wobei folgende Abgrenzung gilt: „Sehr fettreiche, cremig-knackige Macadamianüsse mit mild-buttrigem Geschmack; natur oder geröstet verwendbar.“"	"OPTIONAL"	"Macadamianüsse Sehr fettreiche, cremig-knackige Macadamianüsse mit mild-buttrigem Geschmack; Tobias Rostock Nuss Samen Mus genaue Rohware; Nüsse; Das Nuss-, Saaten-, Back- oder Brotaufstrichregal eines gewöhnlichen großen Rostocker Supermarkts; reguläres Sortiment Filialverfügbarkeit; die exakt festgelegte Darreichung"	""	"TOBIAS_ROSTOCK_PROFILE"	"PROPOSED_FOR_HUMAN_REVIEW"
"MACAPUNO"	"Macapuno"	"APPLICABLE"	"Weiches bis gelatinöses Endosperm einer besonderen Kokosnussausprägung; frisch, tiefgekühlt oder konserviert verwendbar. Nicht gewöhnliches Kokosfleisch, Kokoscreme oder bloß mit Kokos aromatisierte Süßware."	"SPECIALTY_BROAD"	"Tobias prüft „Macapuno“ in Rostock über Pilipino Business – Macapuno Coco Sport und PinoyFood – Manila Macapuno, wobei die Evidenz verfügbaren Bestand in einem laufenden Fachsortiment und Standardversand ausweist."	"SPECIALTY"	"Über Pilipino Business – Macapuno Coco Sport und PinoyFood – Manila Macapuno (Evidenzstand: verfügbaren Bestand in einem laufenden Fachsortiment und Standardversand) prüft Tobias in Rostock „Macapuno“, wobei folgende Abgrenzung gilt: „Weiches bis gelatinöses Endosperm einer besonderen Kokosnussausprägung; frisch, tiefgekühlt oder konserviert verwendbar. Nicht gewöhnliches Kokosfleisch, Kokoscreme oder bloß mit Kokos aromatisierte Süßware.“"	"REQUIRED"	"Macapuno Weiches bis gelatinöses Endosperm einer besonderen Kokosnussausprägung; Tobias Rostock Obst frisch TK genaue Sorte; Kokosnuss; PinoyFood – Manila Macapuno | Pilipino Business – Macapuno Coco Sport; mehrere unabhängige Fachhändler Marktbreite; die verlangte frische Form"	"AV2N-A-0143|AV2N-A-0144"	"TOBIAS_ROSTOCK_PROFILE|FORM_OR_LOGISTICS_RISK|FORM_SENSITIVE|RESEARCH_REQUIRED|RATING_RECONCILED_V2"	"PROPOSED_FOR_HUMAN_REVIEW"
"MACKEREL"	"Makrele"	"APPLICABLE"	"Makrele als fettreicher Fisch mit kräftigem Eigengeschmack; frisch oder tiefgekühlt, nicht automatisch geräuchert."	"GENERAL_BROAD"	"Deutsche See – Makrele TK belegt: Die aktuell verfügbare Makrele ist ausgenommen, mit Kopf und Haut tiefgefroren; sie belegt ausdrücklich die unveredelte Kochform statt Räucherware. Der Bezug erfolgt über Deutschland und Österreich; tiefgekühlte GO!-Express-Lieferung zum Wunschtermin; maßgeblich ist FROZEN_SHIPPING. Gewicht und Stückgröße schwanken naturbedingt; die Tiefkühlzustellung muss terminiert werden."	"PLANNED"	"Der belastbare Warenbezug für Tobias beginnt in Rostock mit: Die aktuell verfügbare Makrele ist ausgenommen, mit Kopf und Haut tiefgefroren; sie belegt ausdrücklich die unveredelte Kochform statt Räucherware. Gewicht und Stückgröße schwanken naturbedingt; die Tiefkühlzustellung muss terminiert werden."	"REQUIRED"	"Makrele ganz ausgenommen mit Kopf tiefgekühlt Deutsche See verfügbar nicht geräuchert | Tobias Rostock | Deutsche See – Makrele TK | IN_STOCK FROZEN_SHIPPING"	"AV2N-A-0145"	"TOBIAS_ROSTOCK_PROFILE|FORM_SENSITIVE|RATING_RECONCILED_V2"	"PROPOSED_FOR_HUMAN_REVIEW"
"MAGGI_SEASONING"	"Maggi-Würze"	"APPLICABLE"	"Dunkle flüssige Würzsauce nach Maggi-Art mit salzig-würzigem Umami; nicht Liebstöckel, Sojasauce oder Brühwürfel."	"GENERAL_LOCAL"	"Beim Einkauf von „Maggi-Würze“ nutzt Tobias das Saucen-, Essig- oder Feinkostregal eines gewöhnlichen großen Rostocker Supermarkts."	"EASY"	"Die Beschaffung von „Maggi-Würze“ über das Saucen-, Essig- oder Feinkostregal eines gewöhnlichen großen Rostocker Supermarkts prüft Tobias in Rostock mit diesem inhaltlichen Maßstab: „Dunkle flüssige Würzsauce nach Maggi-Art mit salzig-würzigem Umami; nicht Liebstöckel, Sojasauce oder Brühwürfel.“"	"OPTIONAL"	"Maggi-Würze Dunkle flüssige Würzsauce nach Maggi-Art mit salzig-würzigem Umami; Tobias Rostock Würzsauce Paste Essig exakte Sorte; fertige Sauce oder Würzpaste; Das Saucen-, Essig- oder Feinkostregal eines gewöhnlichen großen Rostocker Supermarkts; reguläres Sortiment Filialverfügbarkeit; die exakt festgelegte Darreichung"	""	"TOBIAS_ROSTOCK_PROFILE"	"PROPOSED_FOR_HUMAN_REVIEW"
"MAITAKE"	"Maitake"	"APPLICABLE"	"Maitake beziehungsweise Klapperschwamm mit vielgliedrigen Büscheln und kräftig-würzigem Pilzaroma."	"GENERAL_BROAD"	"Maitake: Obstwelt bietet frische Maitake beziehungsweise Klapperschwämme mit Warenkorb und bundesweitem Frischeversand an. eine konkrete Rostocker Abholstelle muss aktuell ausgewählt werden."	"PLANNED"	"Für Tobias in Rostock gilt: Maitake wird als vielgliedriger frischer Pilzbüschel bei Obstwelt geplant bestellt; Pulver oder Extrakt würden die Produktform verfehlen."	"REQUIRED"	"Maitake Klapperschwamm frisch Pilzbüschel Obstwelt Frischeversand; Tobias Rostock konkrete Produktseite Bestand Logistik 2026-09-04"	"AV2N-A-0146"	"TOBIAS_ROSTOCK_PROFILE|RESEARCH_REQUIRED"	"PROPOSED_FOR_HUMAN_REVIEW"
"MALT_VINEGAR"	"Malzessig"	"APPLICABLE"	"Essig aus vermälztem Getreide mit malzig-röstigem Aroma; nicht Bier oder chinesischer schwarzer Essig."	"GENERAL_BROAD"	"Malzessig: REWE nennt für Sarson's Malzessig Gerstenmalzessig und Gerstenmalzextrakt; das konkrete Kettenprodukt kann Tobias standortbezogen im Rostocker Essigsortiment prüfen."	"PLANNED"	"Tobias plant Sarson's Malzessig über eine REWE-Filialabfrage in Rostock; Gerstenmalzessig und Gerstenmalzextrakt belegen die verlangte vermälzte Getreidebasis, während Bier und chinesischer schwarzer Essig ausscheiden."	"REQUIRED"	"Sarson's Malzessig 250 ml | REWE Gerstenmalzessig Gerstenmalzextrakt | Rostock Standort Bestand"	"AV2N-A-0147"	"TOBIAS_ROSTOCK_PROFILE|RESEARCH_REQUIRED"	"PROPOSED_FOR_HUMAN_REVIEW"
"MAM_NEM"	"Mắm nêm"	"APPLICABLE"	"Kräftige vietnamesische Würzpaste aus salzfermentiertem, weitgehend unfiltriertem Fisch, häufig Sardellen. Handelsprodukte können bereits mit Ananas, Zucker, Chili oder Aromaten abgeschmeckt sein; nicht flüssige Fischsauce."	"SPECIALTY_BROAD"	"Tobias prüft „Mắm nêm“ in Rostock über den vietnamesischen Lebensmittel-Spezialhandel, wobei die Evidenz die menschliche v2-Freigabe für diesen Weg und Frischeversand sowie einen gezielten Händlerbesuch ausweist."	"SPECIALTY"	"Über den vietnamesischen Lebensmittel-Spezialhandel (Evidenzstand: die menschliche v2-Freigabe für diesen Weg und Frischeversand sowie einen gezielten Händlerbesuch) prüft Tobias in Rostock „Mắm nêm“, wobei folgende Abgrenzung gilt: „Kräftige vietnamesische Würzpaste aus salzfermentiertem, weitgehend unfiltriertem Fisch, häufig Sardellen. Handelsprodukte können bereits mit Ananas, Zucker, Chili oder Aromaten abgeschmeckt sein; nicht flüssige Fischsauce.“"	"REQUIRED"	"Mắm nêm Kräftige vietnamesische Würzpaste aus salzfermentiertem, weitgehend…; Tobias Rostock Würzsauce Paste Essig exakte Sorte; fermentierte Würzzutat / fertige Sauce oder Würzpaste; vietnamesischen Lebensmittel-Spezialhandel; mehrere unabhängige Fachhändler Marktbreite; die pastöse Produktform"	"AV2E-067"	"REFERENCE_ANCHOR|TOBIAS_ROSTOCK_PROFILE|SPECIALTY_MARKET_BREADTH|RESEARCH_REQUIRED|REFERENCE_ANCHOR_V2"	"APPROVED_REFERENCE_ANCHOR_V2"
"MAM_RUOC"	"Mắm ruốc"	"APPLICABLE"	"Vietnamesische fermentierte Garnelenpaste mit intensiv salzigem Aroma, meist sparsam als Würze verwendet. Nicht mit Mắm tôm gleichsetzen; regionale Produktbezeichnungen und Übergänge können sich jedoch überschneiden."	"NICHE_IMPORT"	"Für „Mắm ruốc“ führt der Rostocker Marktweg über vietnamesische Lebensmittelfachhändler, wobei die Evidenz die menschliche v2-Freigabe für diesen Weg und Importbeschränkungen, einen gezielten Händlerbesuch sowie Standardversand ausweist."	"DIFFICULT"	"Über vietnamesische Lebensmittelfachhändler (Evidenzstand: die menschliche v2-Freigabe für diesen Weg und Importbeschränkungen, einen gezielten Händlerbesuch sowie Standardversand) prüft Tobias in Rostock „Mắm ruốc“, wobei folgende Abgrenzung gilt: „Vietnamesische fermentierte Garnelenpaste mit intensiv salzigem Aroma, meist sparsam als Würze verwendet. Nicht mit Mắm tôm gleichsetzen; regionale Produktbezeichnungen und Übergänge können sich jedoch überschneiden.“"	"REQUIRED"	"Mắm ruốc Vietnamesische fermentierte Garnelenpaste mit intensiv salzigem Aroma, meist…; Tobias Rostock Würzsauce Paste Essig exakte Sorte; Garnelenpaste; vietnamesischen Lebensmittel-Spezialhandel Nischenweg; Bestand Produktform Versandlogistik; die exakt festgelegte Darreichung"	"AV2E-072"	"REFERENCE_ANCHOR|TOBIAS_ROSTOCK_PROFILE|FORM_OR_LOGISTICS_RISK|RESEARCH_REQUIRED|REFERENCE_ANCHOR_V2"	"APPROVED_REFERENCE_ANCHOR_V2"
"MAM_TOM"	"Mắm tôm"	"APPLICABLE"	"Sehr kräftige vietnamesische fermentierte Garnelenpaste, besonders als Dip zu Bún đậu und als Würze zu Chả cá bekannt. Nicht mit Mắm ruốc gleichsetzen; regionale Produktbezeichnungen und Übergänge können sich jedoch überschneiden."	"SPECIALTY_BROAD"	"Für „Mắm tôm“ führt der Rostocker Marktweg über vietnamesische Lebensmittelfachhändler, wobei die Evidenz die menschliche v2-Freigabe für diesen Weg und einen gezielten Händlerbesuch sowie Standardversand ausweist."	"SPECIALTY"	"Über vietnamesische Lebensmittelfachhändler (Evidenzstand: die menschliche v2-Freigabe für diesen Weg und einen gezielten Händlerbesuch sowie Standardversand) prüft Tobias in Rostock „Mắm tôm“, wobei folgende Abgrenzung gilt: „Sehr kräftige vietnamesische fermentierte Garnelenpaste, besonders als Dip zu Bún đậu und als Würze zu Chả cá bekannt. Nicht mit Mắm ruốc gleichsetzen; regionale Produktbezeichnungen und Übergänge können sich jedoch überschneiden.“"	"REQUIRED"	"Mắm tôm Sehr kräftige vietnamesische fermentierte Garnelenpaste, besonders als Dip zu…; Tobias Rostock Würzsauce Paste Essig exakte Sorte; Garnelenpaste; vietnamesischen Lebensmittel-Spezialhandel; mehrere unabhängige Fachhändler Marktbreite; die exakt festgelegte Darreichung"	"AV2E-068"	"REFERENCE_ANCHOR|TOBIAS_ROSTOCK_PROFILE|SPECIALTY_MARKET_BREADTH|RESEARCH_REQUIRED|REFERENCE_ANCHOR_V2"	"APPROVED_REFERENCE_ANCHOR_V2"
"MANCHEGO"	"Manchego"	"APPLICABLE"	"Spanischer Käse aus Manchega-Schafmilch aus La Mancha; nicht generisch jeder Schafskäse."	"GENERAL_BROAD"	"jamon.de – Manchego Curado D.O. zwölf Monate 200 g belegt formgenau: jamon.de führt D.O.-Manchego aus Milch von Manchega-Schafen als festen, zwölf Monate gereiften 200-g-Käse auf Lager. Für Tobias in Rostock gilt: Deutschlandweiter Versand vakuumierter Kühlware nach Bornheim und Rostock; Logistik CHILLED_SHIPPING. Die Curado-Ausführung belegt nicht jede Manchego-Reifestufe; Vakuum- und Kühltransport bleiben erforderlich."	"PLANNED"	"Die Beschaffung von Tobias am Standort Rostock: Manchego wird über die bezeichnete g.U.-Packung geplant geprüft; beliebiger Schafskäse aus anderer Herkunft zählt nicht."	"OPTIONAL"	"Manchego Curado D.O. zwölf Monate Manchega Schafmilch jamon.de Lager | Tobias in Rostock | IN_STOCK CHILLED_SHIPPING"	"AV2N-A-0148|AV2N-P-0018"	"TOBIAS_ROSTOCK_PROFILE"	"PROPOSED_FOR_HUMAN_REVIEW"
"MANDARIN"	"Mandarine"	"APPLICABLE"	"Mandarine als leicht schälbare, süß-aromatische Zitrusfrucht; Clementinen und ähnliche handelsübliche Formen sind umfasst."	"GENERAL_LOCAL"	"Der konkrete Bezug von „Mandarine“ läuft über die Obstabteilung eines gewöhnlichen großen Rostocker Supermarkts."	"EASY"	"Das Angebot zu „Mandarine“ über die Obstabteilung eines gewöhnlichen großen Rostocker Supermarkts kontrolliert Tobias in Rostock mit diesem inhaltlichen Maßstab: „Mandarine als leicht schälbare, süß-aromatische Zitrusfrucht; Clementinen und ähnliche handelsübliche Formen sind umfasst.“"	"OPTIONAL"	"Mandarine Mandarine als leicht schälbare, süß-aromatische Zitrusfrucht; Tobias Rostock Obst frisch TK genaue Sorte; Zitrusfrucht; Die Obstabteilung eines gewöhnlichen großen Rostocker Supermarkts; reguläres Sortiment Filialverfügbarkeit; die exakt festgelegte Darreichung"	""	"TOBIAS_ROSTOCK_PROFILE"	"PROPOSED_FOR_HUMAN_REVIEW"
"MANGO"	"Mango"	"APPLICABLE"	"Mango mit saftigem, süß-aromatischem Fruchtfleisch; Sorte und Reifegrad bleiben offen."	"GENERAL_LOCAL"	"Tobias sucht „Mango“ in Rostock über die Obstabteilung eines gewöhnlichen großen Rostocker Supermarkts gesucht."	"EASY"	"Tobias nutzt in Rostock die Obstabteilung eines gewöhnlichen großen Rostocker Supermarkts für „Mango“ mit diesem inhaltlichen Maßstab: „Mango mit saftigem, süß-aromatischem Fruchtfleisch; Sorte und Reifegrad bleiben offen.“"	"OPTIONAL"	"Mango Mango mit saftigem, süß-aromatischem Fruchtfleisch; Tobias Rostock Obst frisch TK genaue Sorte; Tropenfrucht; Die Obstabteilung eines gewöhnlichen großen Rostocker Supermarkts; reguläres Sortiment Filialverfügbarkeit; die exakt festgelegte Darreichung"	""	"TOBIAS_ROSTOCK_PROFILE"	"PROPOSED_FOR_HUMAN_REVIEW"
"MAPLE_SYRUP"	"Ahornsirup"	"APPLICABLE"	"Eingekochter Saft des Zuckerahorns mit karamellig-holzigem Aroma; nicht künstlich aromatisierter Pancake-Sirup."	"GENERAL_LOCAL"	"Für „Ahornsirup“ wird das Angebot über das Back-, Süßwaren- oder Brotregal eines gewöhnlichen großen Rostocker Supermarkts kontrolliert."	"EASY"	"Die Beschaffung von „Ahornsirup“ über das Back-, Süßwaren- oder Brotregal eines gewöhnlichen großen Rostocker Supermarkts prüft Tobias in Rostock mit diesem inhaltlichen Maßstab: „Eingekochter Saft des Zuckerahorns mit karamellig-holzigem Aroma; nicht künstlich aromatisierter Pancake-Sirup.“"	"OPTIONAL"	"Ahornsirup Eingekochter Saft des Zuckerahorns mit karamellig-holzigem Aroma; Tobias Rostock Backware Süßungsmittel exakte Form; Sirup; Das Back-, Süßwaren- oder Brotregal eines gewöhnlichen großen Rostocker Supermarkts; reguläres Sortiment Filialverfügbarkeit; die sirupartige Produktform"	""	"TOBIAS_ROSTOCK_PROFILE"	"PROPOSED_FOR_HUMAN_REVIEW"
"MARJORAM"	"Majoran"	"APPLICABLE"	"Majoranblätter mit warmem, leicht süßlichem und herbem Aroma; frisch oder getrocknet verwendbar."	"GENERAL_LOCAL"	"Für „Majoran“ wird das Angebot über die Kräuterkühlung der Obst- und Gemüseabteilung eines gewöhnlichen großen Rostocker Supermarkts kontrolliert."	"EASY"	"Beim Rostocker Einkauf setzt Tobias für „Majoran“ auf die Kräuterkühlung der Obst- und Gemüseabteilung eines gewöhnlichen großen Rostocker Supermarkts, wobei folgende Abgrenzung gilt: „Majoranblätter mit warmem, leicht süßlichem und herbem Aroma; frisch oder getrocknet verwendbar.“"	"OPTIONAL"	"Majoran Majoranblätter mit warmem, leicht süßlichem und herbem Aroma; Tobias Rostock frische Kräuter Bund Topf genaue Art; Kräuter und Würzblätter; Die Kräuterkühlung der Obst- und Gemüseabteilung eines gewöhnlichen großen Rostocker Supermarkts; reguläres Sortiment Filialverfügbarkeit; die verlangte frische Form"	""	"TOBIAS_ROSTOCK_PROFILE|FORM_SENSITIVE|RATING_RECONCILED_V2"	"PROPOSED_FOR_HUMAN_REVIEW"
"MARSALA"	"Marsala"	"APPLICABLE"	"Aufgespriteter sizilianischer Wein nach Marsala-Art, trocken bis süß; als Kochwein, nicht beliebiger Likörwein."	"GENERAL_BROAD"	"Marsala DOC ist bei Weinquelle als semisecco Koch- und Dessertwein lagernd und mit kurzer Deutschlandlieferzeit ausgewiesen."	"PLANNED"	"Tobias kann die aufgespritete DOC-Weinform nach Rostock bestellen; belegt ist die semisecco-Ausprägung, nicht automatisch jeder süße oder trockene Stil."	"REQUIRED"	"Weinquelle Marsala DOC semisecco lagernd Kochwein Dessertwein Rostock"	"AV2N-A-0149"	"TOBIAS_ROSTOCK_PROFILE|RESEARCH_REQUIRED"	"PROPOSED_FOR_HUMAN_REVIEW"
"MARZIPAN"	"Marzipan"	"APPLICABLE"	"Süße Mandel-Zucker-Masse einschließlich als Backzutat verwendbarer Marzipanmasse; nicht Persipan oder bloßes Mandelaroma."	"GENERAL_LOCAL"	"Der konkrete Bezug von „Marzipan“ läuft über das Back-, Süßwaren- oder Brotregal eines gewöhnlichen großen Rostocker Supermarkts."	"EASY"	"Beim Rostocker Einkauf setzt Tobias für „Marzipan“ auf das Back-, Süßwaren- oder Brotregal eines gewöhnlichen großen Rostocker Supermarkts mit diesem inhaltlichen Maßstab: „Süße Mandel-Zucker-Masse einschließlich als Backzutat verwendbarer Marzipanmasse; nicht Persipan oder bloßes Mandelaroma.“"	"OPTIONAL"	"Marzipan Süße Mandel-Zucker-Masse einschließlich als Backzutat verwendbarer…; Tobias Rostock Backware Süßungsmittel exakte Form; Mandeln / Süßware; Das Back-, Süßwaren- oder Brotregal eines gewöhnlichen großen Rostocker Supermarkts; reguläres Sortiment Filialverfügbarkeit; die exakt festgelegte Darreichung"	""	"TOBIAS_ROSTOCK_PROFILE"	"PROPOSED_FOR_HUMAN_REVIEW"
"MASA_HARINA"	"Masa Harina"	"APPLICABLE"	"Nixtamalisiertes Maismehl für Tortillas und ähnliche Teige; nicht gewöhnliches Maismehl oder Maisstärke."	"SPECIALTY_BROAD"	"Tobias prüft „Masa Harina“ in Rostock über Hola Mexico – mexikanische Lebensmittel und Mex-Al – mexikanische Lebensmittel, wobei die Evidenz eine vor dem Einkauf erneut zu prüfende Verfügbarkeit und Standardversand ausweist."	"SPECIALTY"	"Über Hola Mexico – mexikanische Lebensmittel und Mex-Al – mexikanische Lebensmittel (Evidenzstand: eine vor dem Einkauf erneut zu prüfende Verfügbarkeit und Standardversand) prüft Tobias in Rostock „Masa Harina“, wobei folgende Abgrenzung gilt: „Nixtamalisiertes Maismehl für Tortillas und ähnliche Teige; nicht gewöhnliches Maismehl oder Maisstärke.“"	"REQUIRED"	"Masa Harina Nixtamalisiertes Maismehl für Tortillas und ähnliche Teige; Tobias Rostock Gemüse frisch TK genaue Sorte; Mais; Hola Mexico – mexikanische Lebensmittel | Mex-Al – mexikanische Lebensmittel; mehrere unabhängige Fachhändler Marktbreite; die exakt festgelegte Darreichung"	"AV2N-A-0150|AV2N-A-0151"	"TOBIAS_ROSTOCK_PROFILE|SPECIALTY_MARKET_BREADTH|RESEARCH_REQUIRED"	"PROPOSED_FOR_HUMAN_REVIEW"
"MASCARPONE"	"Mascarpone"	"APPLICABLE"	"Sehr fettreicher, milder italienischer Frischkäse aus Rahm mit dichter cremiger Textur."	"GENERAL_LOCAL"	"Beim Einkauf von „Mascarpone“ nutzt Tobias die Käsekühlung oder Käsetheke eines gewöhnlichen großen Rostocker Supermarkts."	"EASY"	"Die Beschaffung von „Mascarpone“ über die Käsekühlung oder Käsetheke eines gewöhnlichen großen Rostocker Supermarkts prüft Tobias in Rostock mit diesem inhaltlichen Maßstab: „Sehr fettreicher, milder italienischer Frischkäse aus Rahm mit dichter cremiger Textur.“"	"OPTIONAL"	"Mascarpone Sehr fettreicher, milder italienischer Frischkäse aus Rahm mit dichter…; Tobias Rostock Käse genaue Sorte Milch Reifung; Käse; Die Käsekühlung oder Käsetheke eines gewöhnlichen großen Rostocker Supermarkts; reguläres Sortiment Filialverfügbarkeit; die verlangte frische Form"	""	"TOBIAS_ROSTOCK_PROFILE|FORM_SENSITIVE"	"PROPOSED_FOR_HUMAN_REVIEW"
"MASSAMAN_CURRY_PASTE"	"Massaman-Currypaste"	"APPLICABLE"	"Fertige Thai-Currypaste nach Massaman-Art mit warmen Gewürzen, Chili und Aromaten; Markenrezepturen variieren."	"SPECIALTY_BROAD"	"Tobias prüft „Massaman-Currypaste“ in Rostock über Asia4Friends – Currypasten und AsiaFoodland – Thai-Currypasten, wobei die Evidenz ein dokumentiertes laufendes Angebot und Standardversand ausweist."	"SPECIALTY"	"Über Asia4Friends – Currypasten und AsiaFoodland – Thai-Currypasten (Evidenzstand: ein dokumentiertes laufendes Angebot und Standardversand) prüft Tobias in Rostock „Massaman-Currypaste“, wobei folgende Abgrenzung gilt: „Fertige Thai-Currypaste nach Massaman-Art mit warmen Gewürzen, Chili und Aromaten; Markenrezepturen variieren.“"	"REQUIRED"	"Massaman-Currypaste Fertige Thai-Currypaste nach Massaman-Art mit warmen Gewürzen, Chili und…; Tobias Rostock Würzsauce Paste Essig exakte Sorte; fertige Currypaste; Asia4Friends – Currypasten | AsiaFoodland – Thai-Currypasten; mehrere unabhängige Fachhändler Marktbreite; die pastöse Produktform"	"AV2N-A-0152|AV2N-A-0153"	"TOBIAS_ROSTOCK_PROFILE|SPECIALTY_MARKET_BREADTH|RESEARCH_REQUIRED"	"PROPOSED_FOR_HUMAN_REVIEW"
"MATCHA"	"Matcha"	"APPLICABLE"	"Fein vermahlener japanischer Grüntee mit intensiv grasigem, herbem Umami; kein gesüßtes Matcha-Getränkepulver."	"GENERAL_BROAD"	"Tobias prüft „Matcha“ in Rostock über gut sortierte Vollsortimenter und etablierte deutsche Kaffee- oder Teehändler."	"PLANNED"	"Über gut sortierte Vollsortimenter und etablierte deutsche Kaffee- oder Teehändler prüft Tobias in Rostock „Matcha“, wobei folgende Abgrenzung gilt: „Fein vermahlener japanischer Grüntee mit intensiv grasigem, herbem Umami; kein gesüßtes Matcha-Getränkepulver.“"	"OPTIONAL"	"Matcha Fein vermahlener japanischer Grüntee mit intensiv grasigem, herbem Umami; Tobias Rostock Kaffee Tee genaue Röstung Sorte Form; grüner Tee; gut sortierte Vollsortimenter und etablierte deutsche Kaffee- oder Teehändler; gezielter Einkauf Deutschland Wochenvorlauf; die exakt festgelegte Darreichung"	""	"TOBIAS_ROSTOCK_PROFILE"	"PROPOSED_FOR_HUMAN_REVIEW"
"MATJES"	"Matjes"	"APPLICABLE"	"Mild gesalzener und enzymatisch gereifter Hering beziehungsweise Matjes. Umfasst klassische norddeutsche und niederländische Matjesformen; nicht automatisch essigsauer und nicht auf Hollandse Nieuwe beschränkt."	"GENERAL_LOCAL"	"Beim Einkauf von „Matjes“ nutzt Tobias das Fischkonserven- oder haltbare Seafood-Regal eines gewöhnlichen großen Rostocker Supermarkts."	"EASY"	"Die Beschaffung von „Matjes“ über das Fischkonserven- oder haltbare Seafood-Regal eines gewöhnlichen großen Rostocker Supermarkts prüft Tobias in Rostock, wobei folgende Abgrenzung gilt: „Mild gesalzener und enzymatisch gereifter Hering beziehungsweise Matjes. Umfasst klassische norddeutsche und niederländische Matjesformen; nicht automatisch essigsauer und nicht auf Hollandse Nieuwe beschränkt.“"	"OPTIONAL"	"Matjes Mild gesalzener und enzymatisch gereifter Hering beziehungsweise Matjes; Tobias Rostock Fisch Seafood exakte Art Konserve Trockenware; Hering / konservierter Fisch; Das Fischkonserven- oder haltbare Seafood-Regal eines gewöhnlichen großen Rostocker Supermarkts; reguläres Sortiment Filialverfügbarkeit; die präzise tierische Produktform"	""	"TOBIAS_ROSTOCK_PROFILE|RATING_RECONCILED_V2"	"PROPOSED_FOR_HUMAN_REVIEW"
"MAYONNAISE"	"Mayonnaise"	"APPLICABLE"	"Kalte Emulsionssauce aus Öl und Ei beziehungsweise Eigelb mit Säure; Würzung und Ölsorte bleiben offen."	"GENERAL_LOCAL"	"Für „Mayonnaise“ wird das Angebot über das Saucen-, Essig- oder Feinkostregal eines gewöhnlichen großen Rostocker Supermarkts kontrolliert."	"EASY"	"Beim Rostocker Einkauf setzt Tobias für „Mayonnaise“ auf das Saucen-, Essig- oder Feinkostregal eines gewöhnlichen großen Rostocker Supermarkts mit diesem inhaltlichen Maßstab: „Kalte Emulsionssauce aus Öl und Ei beziehungsweise Eigelb mit Säure; Würzung und Ölsorte bleiben offen.“"	"OPTIONAL"	"Mayonnaise Kalte Emulsionssauce aus Öl und Ei beziehungsweise Eigelb mit Säure; Tobias Rostock Würzsauce Paste Essig exakte Sorte; fertige Sauce oder Würzpaste; Das Saucen-, Essig- oder Feinkostregal eines gewöhnlichen großen Rostocker Supermarkts; reguläres Sortiment Filialverfügbarkeit; die exakt festgelegte Darreichung"	""	"TOBIAS_ROSTOCK_PROFILE"	"PROPOSED_FOR_HUMAN_REVIEW"
"MEAT"	"Fleisch"	"APPLICABLE"	"Offene Vorgabe für Fleisch von Säugetieren; Tierart, Zuschnitt, Fettanteil und Garmethode bleiben wählbar."	"GENERAL_LOCAL"	"Tobias prüft „Fleisch“ in Rostock über die Fleischkühlung oder Bedientheke eines gewöhnlichen großen Rostocker Supermarkts."	"EASY"	"Über die Fleischkühlung oder Bedientheke eines gewöhnlichen großen Rostocker Supermarkts prüft Tobias in Rostock „Fleisch“, wobei folgende Abgrenzung gilt: „Offene Vorgabe für Fleisch von Säugetieren; Tierart, Zuschnitt, Fettanteil und Garmethode bleiben wählbar.“"	"OPTIONAL"	"Fleisch Offene Vorgabe für Fleisch von Säugetieren; Tobias Rostock Fleisch Wurst exakte Tierart Zuschnitt; Fleisch und Wurst; Die Fleischkühlung oder Bedientheke eines gewöhnlichen großen Rostocker Supermarkts; reguläres Sortiment Filialverfügbarkeit; den festgelegten Zuschnitt"	""	"TOBIAS_ROSTOCK_PROFILE"	"PROPOSED_FOR_HUMAN_REVIEW"
"MEAT_ASPIC"	"Fleischsülze"	"APPLICABLE"	"Kalt schnittfähiges Fleischprodukt aus gegarten Fleischstücken in natürlichem oder zugesetztem Aspik beziehungsweise Gelee; umfasst unter anderem tschechische Tlačenka und vergleichbare Fleischsülzen. Keine beliebige Fisch-, Gemüse- oder Dessertsülze."	"GENERAL_LOCAL"	"Für „Fleischsülze“ wird das Angebot über die Fleischkühlung oder Bedientheke eines gewöhnlichen großen Rostocker Supermarkts kontrolliert."	"EASY"	"Die Beschaffung von „Fleischsülze“ über die Fleischkühlung oder Bedientheke eines gewöhnlichen großen Rostocker Supermarkts prüft Tobias in Rostock nach dieser Produktbeschreibung: „Kalt schnittfähiges Fleischprodukt aus gegarten Fleischstücken in natürlichem oder zugesetztem Aspik beziehungsweise Gelee; umfasst unter anderem tschechische Tlačenka und vergleichbare Fleischsülzen. Keine beliebige Fisch-, Gemüse- oder Dessertsülze.“"	"OPTIONAL"	"Fleischsülze Kalt schnittfähiges Fleischprodukt aus gegarten Fleischstücken in natürlichem…; Tobias Rostock Fleisch Wurst exakte Tierart Zuschnitt; Fleisch; Die Fleischkühlung oder Bedientheke eines gewöhnlichen großen Rostocker Supermarkts; reguläres Sortiment Filialverfügbarkeit; die präzise tierische Produktform"	""	"TOBIAS_ROSTOCK_PROFILE"	"PROPOSED_FOR_HUMAN_REVIEW"
"MELONS"	"Melone"	"APPLICABLE"	"Offene Vorgabe für süße Melonenfrüchte; Wasser-, Honig- und Cantaloupe-Melonen sind mögliche Ausprägungen."	"GENERAL_LOCAL"	"Die Rostocker Warenprüfung für „Melone“ erfolgt über die Obstabteilung eines gewöhnlichen großen Rostocker Supermarkts."	"EASY"	"Tobias organisiert über die Obstabteilung eines gewöhnlichen großen Rostocker Supermarkts die Rostocker Prüfung von „Melone“ mit diesem inhaltlichen Maßstab: „Offene Vorgabe für süße Melonenfrüchte; Wasser-, Honig- und Cantaloupe-Melonen sind mögliche Ausprägungen.“"	"OPTIONAL"	"Melone Offene Vorgabe für süße Melonenfrüchte; Wasser-, Honig- und Cantaloupe-Melonen…; Tobias Rostock Obst frisch TK genaue Sorte; Obst; Die Obstabteilung eines gewöhnlichen großen Rostocker Supermarkts; reguläres Sortiment Filialverfügbarkeit; die exakt festgelegte Darreichung"	""	"TOBIAS_ROSTOCK_PROFILE"	"PROPOSED_FOR_HUMAN_REVIEW"
"MEMBRILLO"	"Quittenpaste"	"APPLICABLE"	"Feste bis schnittfähige süße Quittenpaste (dulce de membrillo) aus eingekochter Quitte; nicht frische Quitte, Quittengelee oder beliebige Fruchtkonfitüre."	"SPECIALTY_BROAD"	"Tobias prüft „Quittenpaste“ in Rostock über Gourmet Versand – spanische Feinkost und Jamon.de – spanische Feinkost, wobei die Evidenz eine vor dem Einkauf erneut zu prüfende Verfügbarkeit und Standardversand ausweist."	"SPECIALTY"	"Über Gourmet Versand – spanische Feinkost und Jamon.de – spanische Feinkost (Evidenzstand: eine vor dem Einkauf erneut zu prüfende Verfügbarkeit und Standardversand) prüft Tobias in Rostock „Quittenpaste“, wobei folgende Abgrenzung gilt: „Feste bis schnittfähige süße Quittenpaste (dulce de membrillo) aus eingekochter Quitte; nicht frische Quitte, Quittengelee oder beliebige Fruchtkonfitüre.“"	"REQUIRED"	"Quittenpaste Feste bis schnittfähige süße Quittenpaste (dulce de membrillo) aus…; Tobias Rostock Sauergemüse Konserve Ferment exakte Form; konservierte pflanzliche Zutat / Quitte; Jamon.de – spanische Feinkost | Gourmet Versand – spanische Feinkost; mehrere unabhängige Fachhändler Marktbreite; die exakt festgelegte Darreichung"	"AV2N-A-0154|AV2N-A-0155"	"TOBIAS_ROSTOCK_PROFILE|SPECIALTY_MARKET_BREADTH|FORM_SENSITIVE|RESEARCH_REQUIRED"	"PROPOSED_FOR_HUMAN_REVIEW"
"MERGUEZ"	"Merguez"	"APPLICABLE"	"Kräftig gewürzte nordafrikanische Bratwurst, typischerweise aus Lamm- und/oder Rindfleisch mit Chili; nicht Schweinewurst."	"GENERAL_BROAD"	"Merguez: Das REWE-Listing Schwamm Merguez weist Rind, Lamm und Harissa aus und trifft die nordafrikanische Wurstform; Tobias benötigt dafür eine vorherige Bestandsprüfung an einer Rostocker Servicetheke."	"PLANNED"	"Für Tobias besteht der konkrete Planweg in Rostock über Schwamm Merguez aus der REWE-Servicetheke — 65 Prozent Rind, 28 Prozent Lamm und Harissa belegen die verlangte Wurst, nicht irgendein Schweineprodukt."	"OPTIONAL"	"Schwamm Merguez Lamm Rind Harissa | REWE Servicetheke gekühlt | Rostock Standort Bestand"	"AV2N-A-0156"	"TOBIAS_ROSTOCK_PROFILE"	"PROPOSED_FOR_HUMAN_REVIEW"
"MILK"	"Milch"	"APPLICABLE"	"Flüssige Kuhmilch als Kochzutat; Fettstufe bleibt offen, Pflanzendrinks und gesäuerte Milchprodukte sind getrennt."	"GENERAL_LOCAL"	"Beim Einkauf von „Milch“ nutzt Tobias die Molkereikühlung eines gewöhnlichen großen Rostocker Supermarkts."	"EASY"	"Die Beschaffung von „Milch“ über die Molkereikühlung eines gewöhnlichen großen Rostocker Supermarkts prüft Tobias in Rostock mit diesem inhaltlichen Maßstab: „Flüssige Kuhmilch als Kochzutat; Fettstufe bleibt offen, Pflanzendrinks und gesäuerte Milchprodukte sind getrennt.“"	"OPTIONAL"	"Milch Flüssige Kuhmilch als Kochzutat; Fettstufe bleibt offen, Pflanzendrinks und…; Tobias Rostock Milchprodukt genaue Sorte Fettstufe; frisches Milchprodukt; Die Molkereikühlung eines gewöhnlichen großen Rostocker Supermarkts; reguläres Sortiment Filialverfügbarkeit; die präzise gekühlte oder tierische Produktform"	""	"TOBIAS_ROSTOCK_PROFILE"	"PROPOSED_FOR_HUMAN_REVIEW"
"MILK_CHOCOLATE"	"Milchschokolade"	"APPLICABLE"	"Schokolade mit Milchbestandteilen und deutlicher Süße; Kakaoanteil und konkrete Milchform können variieren."	"GENERAL_LOCAL"	"Tobias sucht „Milchschokolade“ in Rostock über das Back-, Süßwaren- oder Brotregal eines gewöhnlichen großen Rostocker Supermarkts gesucht."	"EASY"	"Das Angebot zu „Milchschokolade“ über das Back-, Süßwaren- oder Brotregal eines gewöhnlichen großen Rostocker Supermarkts kontrolliert Tobias in Rostock mit diesem inhaltlichen Maßstab: „Schokolade mit Milchbestandteilen und deutlicher Süße; Kakaoanteil und konkrete Milchform können variieren.“"	"OPTIONAL"	"Milchschokolade Schokolade mit Milchbestandteilen und deutlicher Süße; Tobias Rostock Backware Süßungsmittel exakte Form; Schokolade; Das Back-, Süßwaren- oder Brotregal eines gewöhnlichen großen Rostocker Supermarkts; reguläres Sortiment Filialverfügbarkeit; die exakt festgelegte Darreichung"	""	"TOBIAS_ROSTOCK_PROFILE"	"PROPOSED_FOR_HUMAN_REVIEW"
"MILKFISH"	"Milchfisch oder Bangus"	"APPLICABLE"	"Milchfisch (Chanos chanos), auf den Philippinen Bangus; frischer oder tiefgekühlter ganzer Fisch, Stück oder Filet. Nicht automatisch getrocknete, geräucherte oder anderweitig konservierte Bangus-Produkte."	"NICHE_IMPORT"	"Der positive Nischenweg führt über einen philippinischen Lebensmittelhändler mit tiefgekühltem Milchfisch; schwankende Verfügbarkeit und die geführte Kühlkette begrenzen die Route."	"DIFFICULT"	"Tobias prüft für Rostock beim philippinischen Spezialhändler Milchfisch der Art Chanos, dort Bangus genannt, als ganzen Fisch, Stück oder Filet in Frisch- oder Tiefkühlform. Die enge Importauswahl und Tiefkühlzustellung bleiben störanfällig; konservierte Bangus-Produkte sind kein Ersatz."	"REQUIRED"	"Milchfisch Art Chanos Bangus frisch tiefgekühlt ganz Stück Filet Tobias Rostock philippinischer Händler Bestand Tiefkühlversand nicht konserviert"	"AV2N-A-0157"	"TOBIAS_ROSTOCK_PROFILE|SPECIALTY_MARKET_BREADTH|FORM_SENSITIVE|RESEARCH_REQUIRED|RATING_RECONCILED_V2"	"PROPOSED_FOR_HUMAN_REVIEW"
"MILLET"	"Hirse"	"APPLICABLE"	"Glutenfreie kleine Hirsekörner mit mild-nussigem Geschmack; Sorte und geschälte Produktform bleiben offen."	"GENERAL_BROAD"	"Die Rostocker Warenprüfung für „Hirse“ erfolgt über gut sortierte Vollsortimenter und etablierte deutsche Bio- oder Trockenwarenhändler."	"PLANNED"	"Das Angebot zu „Hirse“ über gut sortierte Vollsortimenter und etablierte deutsche Bio- oder Trockenwarenhändler kontrolliert Tobias in Rostock mit diesem inhaltlichen Maßstab: „Glutenfreie kleine Hirsekörner mit mild-nussigem Geschmack; Sorte und geschälte Produktform bleiben offen.“"	"OPTIONAL"	"Hirse Glutenfreie kleine Hirsekörner mit mild-nussigem Geschmack; Tobias Rostock Getreide Stärke Teigware genaue Form; Getreide oder Pseudogetreide; gut sortierte Vollsortimenter und etablierte deutsche Bio- oder Trockenwarenhändler; gezielter Einkauf Deutschland Wochenvorlauf; die exakt festgelegte Darreichung"	""	"TOBIAS_ROSTOCK_PROFILE"	"PROPOSED_FOR_HUMAN_REVIEW"
"MINCED_MEAT"	"Hackfleisch"	"APPLICABLE"	"Offene Vorgabe für zerkleinertes rohes Fleisch; Tierart und Fettanteil sind bewusst nicht festgelegt."	"GENERAL_LOCAL"	"Der konkrete Bezug von „Hackfleisch“ läuft über die Fleischkühlung oder Bedientheke eines gewöhnlichen großen Rostocker Supermarkts."	"EASY"	"Beim Rostocker Einkauf setzt Tobias für „Hackfleisch“ auf die Fleischkühlung oder Bedientheke eines gewöhnlichen großen Rostocker Supermarkts nach dieser Produktbeschreibung: „Offene Vorgabe für zerkleinertes rohes Fleisch; Tierart und Fettanteil sind bewusst nicht festgelegt.“"	"OPTIONAL"	"Hackfleisch Offene Vorgabe für zerkleinertes rohes Fleisch; Tobias Rostock Fleisch Wurst exakte Tierart Zuschnitt; Fleisch; Die Fleischkühlung oder Bedientheke eines gewöhnlichen großen Rostocker Supermarkts; reguläres Sortiment Filialverfügbarkeit; die präzise tierische Produktform"	""	"TOBIAS_ROSTOCK_PROFILE"	"PROPOSED_FOR_HUMAN_REVIEW"
"MINT"	"Minze"	"APPLICABLE"	"Frische Minzblätter mit kühlendem, aromatischem Geschmack; konkrete Minzart bleibt offen."	"GENERAL_LOCAL"	"Der konkrete Bezug von „Minze“ läuft über die Kräuterkühlung der Obst- und Gemüseabteilung eines gewöhnlichen großen Rostocker Supermarkts."	"EASY"	"Das Angebot zu „Minze“ über die Kräuterkühlung der Obst- und Gemüseabteilung eines gewöhnlichen großen Rostocker Supermarkts kontrolliert Tobias in Rostock, wobei folgende Abgrenzung gilt: „Frische Minzblätter mit kühlendem, aromatischem Geschmack; konkrete Minzart bleibt offen.“"	"OPTIONAL"	"Minze Frische Minzblätter mit kühlendem, aromatischem Geschmack; Tobias Rostock frische Kräuter Bund Topf genaue Art; Kräuter und Würzblätter; Die Kräuterkühlung der Obst- und Gemüseabteilung eines gewöhnlichen großen Rostocker Supermarkts; reguläres Sortiment Filialverfügbarkeit; die verlangte frische Form"	""	"TOBIAS_ROSTOCK_PROFILE|FORM_SENSITIVE"	"PROPOSED_FOR_HUMAN_REVIEW"
"MIRABELLE"	"Mirabelle"	"APPLICABLE"	"Kleine gelbe Mirabellenpflaume mit süßem, intensiv aromatischem Fruchtfleisch; frisch oder ungesüßt tiefgekühlt."	"GENERAL_BROAD"	"Die Rostocker Warenprüfung für „Mirabelle“ erfolgt über gut sortierte Vollsortimenter und etablierte deutsche Frucht- oder Frischehändler."	"PLANNED"	"Tobias organisiert über gut sortierte Vollsortimenter und etablierte deutsche Frucht- oder Frischehändler die Rostocker Prüfung von „Mirabelle“, wobei folgende Abgrenzung gilt: „Kleine gelbe Mirabellenpflaume mit süßem, intensiv aromatischem Fruchtfleisch; frisch oder ungesüßt tiefgekühlt.“"	"OPTIONAL"	"Mirabelle Kleine gelbe Mirabellenpflaume mit süßem, intensiv aromatischem Fruchtfleisch; Tobias Rostock Obst frisch TK genaue Sorte; Steinobst; gut sortierte Vollsortimenter und etablierte deutsche Frucht- oder Frischehändler; gezielter Einkauf Deutschland Wochenvorlauf; die zugelassene Frisch- oder Tiefkühlform"	""	"TOBIAS_ROSTOCK_PROFILE|FORM_SENSITIVE"	"PROPOSED_FOR_HUMAN_REVIEW"
"MIRIN"	"Mirin"	"APPLICABLE"	"Süßer japanischer Reiswürzwein mit Alkohol und ausgeprägter Süße; nicht Reisessig oder bloß gesüßter Sirup."	"SPECIALTY_BROAD"	"Tobias prüft „Mirin“ in Rostock über Asia4Friends – Saucen und AsiaFoodland – japanische Lebensmittel, wobei die Evidenz eine vor dem Einkauf erneut zu prüfende Verfügbarkeit und Standardversand ausweist."	"SPECIALTY"	"Über Asia4Friends – Saucen und AsiaFoodland – japanische Lebensmittel (Evidenzstand: eine vor dem Einkauf erneut zu prüfende Verfügbarkeit und Standardversand) prüft Tobias in Rostock „Mirin“, wobei folgende Abgrenzung gilt: „Süßer japanischer Reiswürzwein mit Alkohol und ausgeprägter Süße; nicht Reisessig oder bloß gesüßter Sirup.“"	"REQUIRED"	"Mirin Süßer japanischer Reiswürzwein mit Alkohol und ausgeprägter Süße; Tobias Rostock Getränkehandel Kochalkohol genaue Sorte; Kochalkohol / Süßungsmittel; Asia4Friends – Saucen | AsiaFoodland – japanische Lebensmittel; mehrere unabhängige Fachhändler Marktbreite; die exakt festgelegte Darreichung"	"AV2N-A-0158|AV2N-A-0159"	"TOBIAS_ROSTOCK_PROFILE|SPECIALTY_MARKET_BREADTH|RESEARCH_REQUIRED"	"PROPOSED_FOR_HUMAN_REVIEW"
"MISO"	"Miso"	"APPLICABLE"	"Japanische fermentierte Würzpaste auf Sojabohnenbasis, häufig mit Reis oder Gerste; Farbe, Salzgehalt und Reifegrad bleiben offen."	"GENERAL_BROAD"	"Der konkrete Bezug von „Miso“ läuft über gut sortierte Vollsortimenter und etablierte deutsche Feinkost- oder Würzsaucenhändler, wobei die Evidenz die menschliche v2-Freigabe für diesen Weg und einen gezielten Händlerbesuch sowie Standardversand ausweist."	"PLANNED"	"Über gut sortierte Vollsortimenter und etablierte deutsche Feinkost- oder Würzsaucenhändler (Evidenzstand: die menschliche v2-Freigabe für diesen Weg und einen gezielten Händlerbesuch sowie Standardversand) prüft Tobias in Rostock „Miso“, wobei folgende Abgrenzung gilt: „Japanische fermentierte Würzpaste auf Sojabohnenbasis, häufig mit Reis oder Gerste; Farbe, Salzgehalt und Reifegrad bleiben offen.“"	"REQUIRED"	"Miso Japanische fermentierte Würzpaste auf Sojabohnenbasis, häufig mit Reis oder…; Tobias Rostock Würzsauce Paste Essig exakte Sorte; fermentierte Würzzutat / fertige Sauce oder Würzpaste; gut sortierte Vollsortimenter und etablierte deutsche Feinkost- oder Würzsaucenhändler; gezielter Einkauf Deutschland Wochenvorlauf; die pastöse Produktform"	"AV2E-013"	"REFERENCE_ANCHOR|TOBIAS_ROSTOCK_PROFILE|RESEARCH_REQUIRED|REFERENCE_ANCHOR_V2"	"APPROVED_REFERENCE_ANCHOR_V2"
"MOLASSES"	"Melasse"	"APPLICABLE"	"Dunkler zähflüssiger Rückstand der Zuckerherstellung mit kräftig karamellig-herbem Aroma; nicht heller Sirup."	"GENERAL_BROAD"	"Die Beschaffung von „Melasse“ erfolgt in Rostock über gut sortierte Vollsortimenter und etablierte deutsche Back- oder Süßwarenhändler."	"PLANNED"	"Für „Melasse“ kontrolliert Tobias den Rostocker Bezug über gut sortierte Vollsortimenter und etablierte deutsche Back- oder Süßwarenhändler, wobei folgende Abgrenzung gilt: „Dunkler zähflüssiger Rückstand der Zuckerherstellung mit kräftig karamellig-herbem Aroma; nicht heller Sirup.“"	"OPTIONAL"	"Melasse Dunkler zähflüssiger Rückstand der Zuckerherstellung mit kräftig…; Tobias Rostock Backware Süßungsmittel exakte Form; Süßungsmittel; gut sortierte Vollsortimenter und etablierte deutsche Back- oder Süßwarenhändler; gezielter Einkauf Deutschland Wochenvorlauf; die sirupartige Produktform"	""	"TOBIAS_ROSTOCK_PROFILE"	"PROPOSED_FOR_HUMAN_REVIEW"
"MOLE_PASTE"	"Mole-Paste"	"APPLICABLE"	"Konzentrierte mexikanische Würzpaste für Mole-Saucen mit Chili, Gewürzen und weiteren variablen Zutaten; nicht fertige Sauce."	"SPECIALTY_BROAD"	"Für „Mole-Paste“ führt der Rostocker Marktweg über Hola Mexico – mexikanische Lebensmittel und Mex-Al – mexikanische Lebensmittel, wobei die Evidenz eine vor dem Einkauf erneut zu prüfende Verfügbarkeit und Standardversand ausweist."	"SPECIALTY"	"Den Weg über Hola Mexico – mexikanische Lebensmittel und Mex-Al – mexikanische Lebensmittel (Evidenzstand: eine vor dem Einkauf erneut zu prüfende Verfügbarkeit und Standardversand) nutzt Tobias in Rostock für „Mole-Paste“, wobei folgende Abgrenzung gilt: „Konzentrierte mexikanische Würzpaste für Mole-Saucen mit Chili, Gewürzen und weiteren variablen Zutaten; nicht fertige Sauce.“"	"REQUIRED"	"Mole-Paste Konzentrierte mexikanische Würzpaste für Mole-Saucen mit Chili, Gewürzen und…; Tobias Rostock Würzsauce Paste Essig exakte Sorte; fertige Sauce oder Würzpaste; Hola Mexico – mexikanische Lebensmittel | Mex-Al – mexikanische Lebensmittel; mehrere unabhängige Fachhändler Marktbreite; die pastöse Produktform"	"AV2N-A-0160|AV2N-A-0161"	"TOBIAS_ROSTOCK_PROFILE|SPECIALTY_MARKET_BREADTH|RESEARCH_REQUIRED"	"PROPOSED_FOR_HUMAN_REVIEW"
"MOLLUSCS"	"Weichtiere"	"APPLICABLE"	"Offene Vorgabe für essbare Weichtiere wie Muscheln, Schnecken, Oktopus oder Kalmar; aquatische und terrestrische Formen sind umfasst. Krebstiere, Insekten und Würmer sind nicht gemeint."	"GENERAL_BROAD"	"Tobias prüft „Weichtiere“ in Rostock über Deutsche See – Miesmuscheln, wobei die Evidenz beim Abruf verfügbaren Bestand und Kühlversand ausweist."	"PLANNED"	"Über Deutsche See – Miesmuscheln (Evidenzstand: beim Abruf verfügbaren Bestand und Kühlversand) prüft Tobias in Rostock „Weichtiere“, wobei folgende Abgrenzung gilt: „Offene Vorgabe für essbare Weichtiere wie Muscheln, Schnecken, Oktopus oder Kalmar; aquatische und terrestrische Formen sind umfasst. Krebstiere, Insekten und Würmer sind nicht gemeint.“"	"REQUIRED"	"Weichtiere Offene Vorgabe für essbare Weichtiere wie Muscheln, Schnecken, Oktopus oder…; Tobias Rostock Fisch Seafood Frische TK genauer Zuschnitt; wirbellose Tiere; Deutsche See – Miesmuscheln; gezielter Einkauf Deutschland Wochenvorlauf; die exakt festgelegte Darreichung"	"AV2N-A-0162"	"TOBIAS_ROSTOCK_PROFILE|RATING_RECONCILED_V2"	"PROPOSED_FOR_HUMAN_REVIEW"
"MONKFISH"	"Seeteufel"	"APPLICABLE"	"Seeteufel mit festem, magerem und nahezu grätenfreiem Fleisch; meist als Schwanzfilet erhältlich."	"GENERAL_BROAD"	"Deutsche See – Seeteufel handfiletierte Portionen TK belegt: Deutsche See verkauft verfügbare handfiletierte Seeteufelportionen tiefgekühlt; der nahezu grätenfreie Filetzuschnitt trifft die maßgebliche Fleischform. Der Bezug erfolgt über Deutschland und Österreich; tiefgekühlte GO!-Express-Lieferung zum Wunschtermin; maßgeblich ist FROZEN_SHIPPING. Die Produktseite belegt portioniertes Tiefkühlfilet, keinen ganzen Schwanz; Warenkorbstatus und Wunschliefertermin bleiben zu prüfen."	"PLANNED"	"Tobias plant den Rostocker Bezug über diesen konkreten Treffer: Deutsche See verkauft verfügbare handfiletierte Seeteufelportionen tiefgekühlt; der nahezu grätenfreie Filetzuschnitt trifft die maßgebliche Fleischform. Die Produktseite belegt portioniertes Tiefkühlfilet, keinen ganzen Schwanz; Warenkorbstatus und Wunschliefertermin bleiben zu prüfen."	"OPTIONAL"	"Seeteufel handfiletierte Portionen praktisch grätenfrei tiefgekühlt Deutsche See verfügbar | Tobias Rostock | Deutsche See – Seeteufel handfiletierte Portionen TK | IN_STOCK FROZEN_SHIPPING"	"AV2N-A-0163"	"TOBIAS_ROSTOCK_PROFILE|RATING_RECONCILED_V2"	"PROPOSED_FOR_HUMAN_REVIEW"
"MOOSE"	"Elchfleisch"	"APPLICABLE"	"Elchfleisch als frisches oder tiefgekühltes Fleischstück beziehungsweise geeignetes Gulasch-/Geschnetzeltesfleisch. Nicht Elchwurst, Trockenfleisch oder ein bereits zubereitetes Wildgericht."	"NICHE_IMPORT"	"Tobias prüft „Elchfleisch“ in Rostock über Nordvild – Elchfleisch, wobei die Evidenz ein dokumentiertes laufendes Angebot und Tiefkühlversand ausweist."	"DIFFICULT"	"Über Nordvild – Elchfleisch (Evidenzstand: ein dokumentiertes laufendes Angebot und Tiefkühlversand) prüft Tobias in Rostock „Elchfleisch“, wobei folgende Abgrenzung gilt: „Elchfleisch als frisches oder tiefgekühltes Fleischstück beziehungsweise geeignetes Gulasch-/Geschnetzeltesfleisch. Nicht Elchwurst, Trockenfleisch oder ein bereits zubereitetes Wildgericht.“"	"REQUIRED"	"Elchfleisch Elchfleisch als frisches oder tiefgekühltes Fleischstück beziehungsweise…; Tobias Rostock Fleisch Wurst exakte Tierart Zuschnitt; Wildfleisch; Nordvild – Elchfleisch; Bestand Produktform Versandlogistik; die zugelassene Frisch- oder Tiefkühlform"	"AV2N-A-0164"	"TOBIAS_ROSTOCK_PROFILE|FORM_OR_LOGISTICS_RISK|FORM_SENSITIVE|RESEARCH_REQUIRED"	"PROPOSED_FOR_HUMAN_REVIEW"
"MORCILLA"	"Morcilla"	"APPLICABLE"	"Spanische Blutwurstfamilie mit regional stark variierenden Rezepturen, etwa mit Zwiebel, Reis oder Nüssen; Schweineblut ist charakteristisch. Nicht generisch jede Blutwurst und nicht auf Morcilla de Burgos beschränkt."	"SPECIALTY_BROAD"	"Tobias prüft „Morcilla“ in Rostock über Gourmet Versand – spanische Lebensmittel und Jamon.de – spanische Wurst und Feinkost, wobei die Evidenz eine vor dem Einkauf erneut zu prüfende Verfügbarkeit und Kühlversand ausweist."	"SPECIALTY"	"Über Gourmet Versand – spanische Lebensmittel und Jamon.de – spanische Wurst und Feinkost (Evidenzstand: eine vor dem Einkauf erneut zu prüfende Verfügbarkeit und Kühlversand) prüft Tobias in Rostock „Morcilla“, wobei folgende Abgrenzung gilt: „Spanische Blutwurstfamilie mit regional stark variierenden Rezepturen, etwa mit Zwiebel, Reis oder Nüssen; Schweineblut ist charakteristisch. Nicht generisch jede Blutwurst und nicht auf Morcilla de Burgos beschränkt.“"	"REQUIRED"	"Morcilla Spanische Blutwurstfamilie mit regional stark variierenden Rezepturen, etwa…; Tobias Rostock Fleisch Wurst exakte Tierart Zuschnitt; Blutwurst / Schweinefleisch; Jamon.de – spanische Wurst und Feinkost | Gourmet Versand – spanische Lebensmittel; mehrere unabhängige Fachhändler Marktbreite; die präzise tierische Produktform"	"AV2N-A-0165|AV2N-A-0166"	"TOBIAS_ROSTOCK_PROFILE|SPECIALTY_MARKET_BREADTH|RESEARCH_REQUIRED"	"PROPOSED_FOR_HUMAN_REVIEW"
"MOREL"	"Morcheln"	"APPLICABLE"	"Morcheln mit wabenartigem Hut und intensivem Waldpilzaroma; nur vollständig gegart verwenden."	"GENERAL_BROAD"	"Waldfrüchte Zwicknagl – getrocknete Morcheln belegt formgenau: Der etablierte Pilzhandel führt echte Morcheln als naturbelassene Trockenware in mehreren Haushaltsgrößen mit positivem Lagerstatus. Für Tobias in Rostock gilt: Deutschlandweiter Standardversand nach Bornheim und Rostock; 2–3 Werktage; Logistik STANDARD_SHIPPING. Die haltbare Form ist hochpreisig und muss eingeweicht sowie vollständig gegart werden; frische Saisonmorcheln werden nicht behauptet."	"PLANNED"	"Auf dem Rostocker Marktweg von Tobias: Morcheln werden formtreu als getrocknete Spitzmorcheln im Trockenwarenweg geplant; der Garhinweis bleibt Teil der Beschaffung."	"REQUIRED"	"Waldfrüchte Zwicknagl echte Morcheln getrocknet 25 g auf Lager | Tobias in Rostock | IN_STOCK STANDARD_SHIPPING"	"AV2N-A-0167|AV2N-P-0019"	"TOBIAS_ROSTOCK_PROFILE|RESEARCH_REQUIRED"	"PROPOSED_FOR_HUMAN_REVIEW"
"MORINGA_LEAVES"	"Moringablätter oder Malunggay"	"APPLICABLE"	"Blätter von Moringa oleifera, auf den Philippinen Malunggay; frisch, tiefgekühlt oder als kulinarisch verwendete getrocknete Blattform. Nicht Samen, Öl oder Nahrungsergänzungskapseln."	"SPECIALTY_BROAD"	"Tobias prüft „Moringablätter oder Malunggay“ in Rostock über 1000Kräuter – Moringablätter geschnitten und Asia Foodstore – Moringablätter zerkleinert, wobei die Evidenz beim Abruf verfügbaren Bestand und Standardversand ausweist."	"SPECIALTY"	"Über 1000Kräuter – Moringablätter geschnitten und Asia Foodstore – Moringablätter zerkleinert (Evidenzstand: beim Abruf verfügbaren Bestand und Standardversand) prüft Tobias in Rostock „Moringablätter oder Malunggay“, wobei folgende Abgrenzung gilt: „Blätter von Moringa oleifera, auf den Philippinen Malunggay; frisch, tiefgekühlt oder als kulinarisch verwendete getrocknete Blattform. Nicht Samen, Öl oder Nahrungsergänzungskapseln.“"	"REQUIRED"	"Moringablätter oder Malunggay Blätter von Moringa oleifera, auf den Philippinen Malunggay; Tobias Rostock Gemüse frisch TK genaue Sorte; Blattgemüse; Asia Foodstore – Moringablätter zerkleinert | 1000Kräuter – Moringablätter geschnitten; mehrere unabhängige Fachhändler Marktbreite; die verlangte frische Form"	"AV2N-A-0168|AV2N-A-0169"	"TOBIAS_ROSTOCK_PROFILE|FORM_OR_LOGISTICS_RISK|FORM_SENSITIVE|RESEARCH_REQUIRED|RATING_RECONCILED_V2"	"PROPOSED_FOR_HUMAN_REVIEW"
"MOZZARELLA"	"Mozzarella"	"APPLICABLE"	"Milder Pasta-filata-Käse mit elastischer bis weicher Textur; Kuh- und Büffelmilchvarianten sind umfasst."	"GENERAL_LOCAL"	"Für „Mozzarella“ wird das Angebot über die Käsekühlung oder Käsetheke eines gewöhnlichen großen Rostocker Supermarkts kontrolliert."	"EASY"	"Beim Rostocker Einkauf setzt Tobias für „Mozzarella“ auf die Käsekühlung oder Käsetheke eines gewöhnlichen großen Rostocker Supermarkts mit diesem inhaltlichen Maßstab: „Milder Pasta-filata-Käse mit elastischer bis weicher Textur; Kuh- und Büffelmilchvarianten sind umfasst.“"	"OPTIONAL"	"Mozzarella Milder Pasta-filata-Käse mit elastischer bis weicher Textur; Tobias Rostock Käse genaue Sorte Milch Reifung; Käse; Die Käsekühlung oder Käsetheke eines gewöhnlichen großen Rostocker Supermarkts; reguläres Sortiment Filialverfügbarkeit; die präzise gekühlte oder tierische Produktform"	""	"TOBIAS_ROSTOCK_PROFILE"	"PROPOSED_FOR_HUMAN_REVIEW"
"MSG"	"Mononatriumglutamat"	"APPLICABLE"	"Reines Mononatriumglutamat als kristalline Umami-Würze; kein vollständiger Gewürzmix oder Brühpulver."	"GENERAL_BROAD"	"Tobias prüft „Mononatriumglutamat“ in Rostock über Asia4Friends – Gewürze, wobei die Evidenz ein dokumentiertes laufendes Angebot und Standardversand ausweist."	"PLANNED"	"Über Asia4Friends – Gewürze (Evidenzstand: ein dokumentiertes laufendes Angebot und Standardversand) prüft Tobias in Rostock „Mononatriumglutamat“, wobei folgende Abgrenzung gilt: „Reines Mononatriumglutamat als kristalline Umami-Würze; kein vollständiger Gewürzmix oder Brühpulver.“"	"REQUIRED"	"Mononatriumglutamat Reines Mononatriumglutamat als kristalline Umami-Würze; Tobias Rostock Gewürz ganze gemahlene getrocknete Form; Gewürz oder trockenes Würzmittel; Asia4Friends – Gewürze; gezielter Einkauf Deutschland Wochenvorlauf; die exakt festgelegte Darreichung"	"AV2N-A-0171"	"TOBIAS_ROSTOCK_PROFILE|SPECIALTY_MARKET_BREADTH|RESEARCH_REQUIRED|RATING_RECONCILED_V2"	"PROPOSED_FOR_HUMAN_REVIEW"
"MULBERRY"	"Maulbeeren"	"APPLICABLE"	"Maulbeeren mit süßem, mild-säuerlichem Aroma; frisch oder getrocknet verwendbar."	"GENERAL_BROAD"	"Tobias prüft „Maulbeeren“ in Rostock über gut sortierte Vollsortimenter und etablierte deutsche Frucht- oder Frischehändler."	"PLANNED"	"Über gut sortierte Vollsortimenter und etablierte deutsche Frucht- oder Frischehändler prüft Tobias in Rostock „Maulbeeren“ mit diesem inhaltlichen Maßstab: „Maulbeeren mit süßem, mild-säuerlichem Aroma; frisch oder getrocknet verwendbar.“"	"OPTIONAL"	"Maulbeeren Maulbeeren mit süßem, mild-säuerlichem Aroma; Tobias Rostock Obst frisch TK genaue Sorte; Beeren; gut sortierte Vollsortimenter und etablierte deutsche Frucht- oder Frischehändler; gezielter Einkauf Deutschland Wochenvorlauf; die verlangte frische Form"	""	"TOBIAS_ROSTOCK_PROFILE|FORM_SENSITIVE"	"PROPOSED_FOR_HUMAN_REVIEW"
"MUNG_BEANS"	"Mungbohnen"	"APPLICABLE"	"Kleine grüne Mungbohnen mit mildem Geschmack; ganz, geschält oder vorgegart verwendbar, nicht ihre Sprossen."	"GENERAL_BROAD"	"Tobias prüft „Mungbohnen“ in Rostock über gut sortierte Vollsortimenter und etablierte deutsche Bio- oder Trockenwarenhändler."	"PLANNED"	"Tobias nutzt in Rostock gut sortierte Vollsortimenter und etablierte deutsche Bio- oder Trockenwarenhändler für „Mungbohnen“ mit diesem inhaltlichen Maßstab: „Kleine grüne Mungbohnen mit mildem Geschmack; ganz, geschält oder vorgegart verwendbar, nicht ihre Sprossen.“"	"OPTIONAL"	"Mungbohnen Kleine grüne Mungbohnen mit mildem Geschmack; Tobias Rostock Hülsenfrucht getrocknet vorgegart Sorte; Bohnen; gut sortierte Vollsortimenter und etablierte deutsche Bio- oder Trockenwarenhändler; gezielter Einkauf Deutschland Wochenvorlauf; die geforderte ganze oder körnige Form"	""	"TOBIAS_ROSTOCK_PROFILE"	"PROPOSED_FOR_HUMAN_REVIEW"
"MUOI_TOM"	"Muối tôm"	"APPLICABLE"	"Vietnamesische trockene Würzmischung aus Salz, Chili und getrockneten Garnelen, häufig zusätzlich mit Knoblauch, Zucker oder Zitronengras. Besonders als Dip für Obst und Gemüse sowie zum Würzen von Reispapiersnacks verwendet."	"SPECIALTY_BROAD"	"Tobias prüft „Muối tôm“ in Rostock über Asia Foodstore – Muoi Tom und Nagofa – Muoi Tom Tay Ninh, wobei die Evidenz eine vor dem Einkauf erneut zu prüfende Verfügbarkeit und Standardversand ausweist."	"SPECIALTY"	"Über Asia Foodstore – Muoi Tom und Nagofa – Muoi Tom Tay Ninh (Evidenzstand: eine vor dem Einkauf erneut zu prüfende Verfügbarkeit und Standardversand) prüft Tobias in Rostock „Muối tôm“, wobei folgende Abgrenzung gilt: „Vietnamesische trockene Würzmischung aus Salz, Chili und getrockneten Garnelen, häufig zusätzlich mit Knoblauch, Zucker oder Zitronengras. Besonders als Dip für Obst und Gemüse sowie zum Würzen von Reispapiersnacks verwendet.“"	"REQUIRED"	"Muối tôm Vietnamesische trockene Würzmischung aus Salz, Chili und getrockneten…; Tobias Rostock Gewürz ganze gemahlene getrocknete Form; Gewürzmischung; Asia Foodstore – Muoi Tom | Nagofa – Muoi Tom Tay Ninh; mehrere unabhängige Fachhändler Marktbreite; die getrocknete Produktform"	"AV2N-A-0172|AV2N-A-0173"	"TOBIAS_ROSTOCK_PROFILE|SPECIALTY_MARKET_BREADTH|RESEARCH_REQUIRED"	"PROPOSED_FOR_HUMAN_REVIEW"
"MUSHROOM_STOCK"	"Pilzfond"	"APPLICABLE"	"Brühe oder Fond mit Pilzen als prägender Aromabasis; selbst gekocht oder als schlichtes Fertigprodukt verwendbar."	"GENERAL_BROAD"	"Die Beschaffung von „Pilzfond“ erfolgt in Rostock über gut sortierte Vollsortimenter und etablierte deutsche Fonds- oder Feinkosthändler."	"PLANNED"	"Für „Pilzfond“ kontrolliert Tobias den Rostocker Bezug über gut sortierte Vollsortimenter und etablierte deutsche Fonds- oder Feinkosthändler, wobei folgende Abgrenzung gilt: „Brühe oder Fond mit Pilzen als prägender Aromabasis; selbst gekocht oder als schlichtes Fertigprodukt verwendbar.“"	"OPTIONAL"	"Pilzfond Brühe oder Fond mit Pilzen als prägender Aromabasis; Tobias Rostock Brühe Fond genaue Basis; Brühe oder Fond; gut sortierte Vollsortimenter und etablierte deutsche Fonds- oder Feinkosthändler; gezielter Einkauf Deutschland Wochenvorlauf; die exakt festgelegte Darreichung"	""	"TOBIAS_ROSTOCK_PROFILE"	"PROPOSED_FOR_HUMAN_REVIEW"
"MUSHROOMS"	"Pilze"	"APPLICABLE"	"Offene Vorgabe für essbare Pilze; Art, Kultur- oder Waldpilz und frisch oder getrocknet bleiben wählbar."	"GENERAL_LOCAL"	"Beim Einkauf von „Pilze“ nutzt Tobias den Pilzbereich der Obst- und Gemüseabteilung eines gewöhnlichen großen Rostocker Supermarkts."	"EASY"	"Die Beschaffung von „Pilze“ über den Pilzbereich der Obst- und Gemüseabteilung eines gewöhnlichen großen Rostocker Supermarkts prüft Tobias in Rostock, wobei folgende Abgrenzung gilt: „Offene Vorgabe für essbare Pilze; Art, Kultur- oder Waldpilz und frisch oder getrocknet bleiben wählbar.“"	"OPTIONAL"	"Pilze Offene Vorgabe für essbare Pilze; Art, Kultur- oder Waldpilz und frisch oder…; Tobias Rostock Pilze frisch genaue Art; Gemüse; Der Pilzbereich der Obst- und Gemüseabteilung eines gewöhnlichen großen Rostocker Supermarkts; reguläres Sortiment Filialverfügbarkeit; die verlangte frische Form"	""	"TOBIAS_ROSTOCK_PROFILE|FORM_SENSITIVE"	"PROPOSED_FOR_HUMAN_REVIEW"
"MUSSELS"	"Miesmuscheln"	"APPLICABLE"	"Miesmuscheln mit dunkler Schale und saftigem, jodig-süßlichem Fleisch; frisch, tiefgekühlt oder ausgelöst verwendbar."	"GENERAL_BROAD"	"Tobias prüft „Miesmuscheln“ in Rostock über Deutsche See – Miesmuscheln, wobei die Evidenz beim Abruf verfügbaren Bestand und Kühlversand ausweist."	"PLANNED"	"Über Deutsche See – Miesmuscheln (Evidenzstand: beim Abruf verfügbaren Bestand und Kühlversand) prüft Tobias in Rostock „Miesmuscheln“, wobei folgende Abgrenzung gilt: „Miesmuscheln mit dunkler Schale und saftigem, jodig-süßlichem Fleisch; frisch, tiefgekühlt oder ausgelöst verwendbar.“"	"REQUIRED"	"Miesmuscheln Miesmuscheln mit dunkler Schale und saftigem, jodig-süßlichem Fleisch; Tobias Rostock Fisch Seafood Frische TK genauer Zuschnitt; Muscheln; Deutsche See – Miesmuscheln; gezielter Einkauf Deutschland Wochenvorlauf; die verlangte frische Form"	"AV2N-A-0174"	"TOBIAS_ROSTOCK_PROFILE|FORM_SENSITIVE|RATING_RECONCILED_V2"	"PROPOSED_FOR_HUMAN_REVIEW"
"MUSTARD"	"Senf"	"APPLICABLE"	"Verzehrfertige Senfzubereitung aus Senfsaat, Flüssigkeit und Würzung; Schärfe und Körnung bleiben offen."	"GENERAL_LOCAL"	"Der konkrete Bezug von „Senf“ läuft über das Saucen-, Essig- oder Feinkostregal eines gewöhnlichen großen Rostocker Supermarkts."	"EASY"	"Das Angebot zu „Senf“ über das Saucen-, Essig- oder Feinkostregal eines gewöhnlichen großen Rostocker Supermarkts kontrolliert Tobias in Rostock mit diesem inhaltlichen Maßstab: „Verzehrfertige Senfzubereitung aus Senfsaat, Flüssigkeit und Würzung; Schärfe und Körnung bleiben offen.“"	"OPTIONAL"	"Senf Verzehrfertige Senfzubereitung aus Senfsaat, Flüssigkeit und Würzung; Tobias Rostock Würzsauce Paste Essig exakte Sorte; fertige Sauce oder Würzpaste; Das Saucen-, Essig- oder Feinkostregal eines gewöhnlichen großen Rostocker Supermarkts; reguläres Sortiment Filialverfügbarkeit; die exakt festgelegte Darreichung"	""	"TOBIAS_ROSTOCK_PROFILE"	"PROPOSED_FOR_HUMAN_REVIEW"
"MUSTARD_SEED"	"Senfsaat"	"APPLICABLE"	"Ganze Senfsamen mit nussiger bis stechend-scharfer Wirkung; gelbe, braune und schwarze Saat sind umfasst."	"GENERAL_LOCAL"	"Tobias prüft „Senfsaat“ in Rostock über das Gewürz- oder Backregal eines gewöhnlichen großen Rostocker Supermarkts."	"EASY"	"Tobias organisiert über das Gewürz- oder Backregal eines gewöhnlichen großen Rostocker Supermarkts die Rostocker Prüfung von „Senfsaat“ mit diesem inhaltlichen Maßstab: „Ganze Senfsamen mit nussiger bis stechend-scharfer Wirkung; gelbe, braune und schwarze Saat sind umfasst.“"	"OPTIONAL"	"Senfsaat Ganze Senfsamen mit nussiger bis stechend-scharfer Wirkung; Tobias Rostock Gewürz ganze gemahlene getrocknete Form; Gewürz oder trockenes Würzmittel; Das Gewürz- oder Backregal eines gewöhnlichen großen Rostocker Supermarkts; reguläres Sortiment Filialverfügbarkeit; die geforderte ganze oder körnige Form"	""	"TOBIAS_ROSTOCK_PROFILE"	"PROPOSED_FOR_HUMAN_REVIEW"
"MYCOPROTEIN"	"Mykoprotein"	"APPLICABLE"	"Pilzproteinbasierte Fleischalternative; Marke, Produktform und Würzung können variieren."	"GENERAL_BROAD"	"Tobias prüft „Mykoprotein“ in Rostock über gut sortierte Vollsortimenter und etablierte deutsche Bio- oder Pflanzensortimente."	"PLANNED"	"Über gut sortierte Vollsortimenter und etablierte deutsche Bio- oder Pflanzensortimente prüft Tobias in Rostock „Mykoprotein“, wobei folgende Abgrenzung gilt: „Pilzproteinbasierte Fleischalternative; Marke, Produktform und Würzung können variieren.“"	"OPTIONAL"	"Mykoprotein Pilzproteinbasierte Fleischalternative; Marke, Produktform und Würzung können…; Tobias Rostock Tofu Sojaprodukt genaue Form; pflanzliches Proteinprodukt; gut sortierte Vollsortimenter und etablierte deutsche Bio- oder Pflanzensortimente; gezielter Einkauf Deutschland Wochenvorlauf; die exakt festgelegte Darreichung"	""	"TOBIAS_ROSTOCK_PROFILE"	"PROPOSED_FOR_HUMAN_REVIEW"
"NAM_PRIK_PAO"	"Nam Prik Pao"	"APPLICABLE"	"Geröstete thailändische Chilipaste mit Öl, süßlich-rauchigem Profil und kräftigem Umami; häufig mit Schalotten, Knoblauch, Tamarinde sowie Garnelen- oder Fischbestandteilen. Nicht bloß Chiliöl oder Sriracha."	"SPECIALTY_BROAD"	"Tobias prüft „Nam Prik Pao“ in Rostock über Asia4Friends – Nam Prik Pao 227 g und My-Asia-Shop – Mae Pranom Nam Prik Pao 513 g, wobei die Evidenz beim Abruf verfügbaren Bestand und Standardversand ausweist."	"SPECIALTY"	"Über Asia4Friends – Nam Prik Pao 227 g und My-Asia-Shop – Mae Pranom Nam Prik Pao 513 g (Evidenzstand: beim Abruf verfügbaren Bestand und Standardversand) prüft Tobias in Rostock „Nam Prik Pao“, wobei folgende Abgrenzung gilt: „Geröstete thailändische Chilipaste mit Öl, süßlich-rauchigem Profil und kräftigem Umami; häufig mit Schalotten, Knoblauch, Tamarinde sowie Garnelen- oder Fischbestandteilen. Nicht bloß Chiliöl oder Sriracha.“"	"REQUIRED"	"Nam Prik Pao Geröstete thailändische Chilipaste mit Öl, süßlich-rauchigem Profil und…; Tobias Rostock Würzsauce Paste Essig exakte Sorte; Chilisauce oder -paste; Asia4Friends – Nam Prik Pao 227 g | My-Asia-Shop – Mae Pranom Nam Prik Pao 513 g; mehrere unabhängige Fachhändler Marktbreite; die exakt festgelegte Darreichung"	"AV2N-N-0003|AV2N-N-0004"	"TOBIAS_ROSTOCK_PROFILE|SPECIALTY_MARKET_BREADTH|RESEARCH_REQUIRED"	"PROPOSED_FOR_HUMAN_REVIEW"
"NAPA_CABBAGE"	"Chinakohl"	"APPLICABLE"	"Chinakohl mit hellen knackigen Rippen und zarten Blättern; roh, gegart oder fermentiert verwendbar."	"GENERAL_LOCAL"	"Die Beschaffung von „Chinakohl“ erfolgt in Rostock über die Gemüseabteilung eines gewöhnlichen großen Rostocker Supermarkts."	"EASY"	"Den Weg über die Gemüseabteilung eines gewöhnlichen großen Rostocker Supermarkts nutzt Tobias in Rostock für „Chinakohl“ und verwendet dafür die Definition: „Chinakohl mit hellen knackigen Rippen und zarten Blättern; roh, gegart oder fermentiert verwendbar.“"	"OPTIONAL"	"Chinakohl Chinakohl mit hellen knackigen Rippen und zarten Blättern; Tobias Rostock Gemüse frisch TK genaue Sorte; Kohlgemüse; Die Gemüseabteilung eines gewöhnlichen großen Rostocker Supermarkts; reguläres Sortiment Filialverfügbarkeit; die exakt festgelegte Darreichung"	""	"TOBIAS_ROSTOCK_PROFILE"	"PROPOSED_FOR_HUMAN_REVIEW"
"NATA_DE_COCO"	"Nata de coco"	"APPLICABLE"	"Kaubares, transparentes Cellulosegel aus fermentativ verarbeiteter Kokosrohware; typischerweise gesüßt als Dessert-, Getränke- oder Fruchtsalatzutat angeboten. Nicht mit Agar-, Konjak- oder beliebigem Kokosgelee gleichsetzen."	"SPECIALTY_BROAD"	"Tobias prüft „Nata de coco“ in Rostock über Asiafoodland – Monika Nata de coco 220 g und Pinoyfood – coconut products including Nata de coco, wobei die Evidenz eine vor dem Einkauf erneut zu prüfende Verfügbarkeit und Standardversand ausweist."	"SPECIALTY"	"Über Asiafoodland – Monika Nata de coco 220 g und Pinoyfood – coconut products including Nata de coco (Evidenzstand: eine vor dem Einkauf erneut zu prüfende Verfügbarkeit und Standardversand) prüft Tobias in Rostock „Nata de coco“, wobei folgende Abgrenzung gilt: „Kaubares, transparentes Cellulosegel aus fermentativ verarbeiteter Kokosrohware; typischerweise gesüßt als Dessert-, Getränke- oder Fruchtsalatzutat angeboten. Nicht mit Agar-, Konjak- oder beliebigem Kokosgelee gleichsetzen.“"	"REQUIRED"	"Nata de coco Kaubares, transparentes Cellulosegel aus fermentativ verarbeiteter…; Tobias Rostock Kokosprodukt genaue flüssige feste frische Form; Kokoszutat; Asiafoodland – Monika Nata de coco 220 g | Pinoyfood – coconut products including Nata de coco; mehrere unabhängige Fachhändler Marktbreite; die exakt festgelegte Darreichung"	"AV2N-N-0007|AV2N-N-0008"	"TOBIAS_ROSTOCK_PROFILE|SPECIALTY_MARKET_BREADTH|RESEARCH_REQUIRED"	"PROPOSED_FOR_HUMAN_REVIEW"
"NATTO"	"Nattō"	"APPLICABLE"	"Japanische fermentierte Sojabohnen mit klebrigen Fäden und kräftigem, erdig-würzigem Aroma."	"NICHE_IMPORT"	"Tobias prüft „Nattō“ in Rostock über den japanischen Lebensmittel-Spezialhandel, wobei die Evidenz die menschliche v2-Freigabe für diesen Weg und Importbeschränkungen, einen gezielten Händlerbesuch sowie Standardversand ausweist."	"DIFFICULT"	"Über den japanischen Lebensmittel-Spezialhandel (Evidenzstand: die menschliche v2-Freigabe für diesen Weg und Importbeschränkungen, einen gezielten Händlerbesuch sowie Standardversand) prüft Tobias in Rostock „Nattō“, wobei folgende Abgrenzung gilt: „Japanische fermentierte Sojabohnen mit klebrigen Fäden und kräftigem, erdig-würzigem Aroma.“"	"REQUIRED"	"Nattō Japanische fermentierte Sojabohnen mit klebrigen Fäden und kräftigem…; Tobias Rostock Hülsenfrucht getrocknet vorgegart Sorte; pflanzliches Proteinprodukt / Sojazutat; japanischen Lebensmittel-Spezialhandel Nischenweg; Bestand Produktform Versandlogistik; die exakt festgelegte Darreichung"	"AV2E-048"	"REFERENCE_ANCHOR|TOBIAS_ROSTOCK_PROFILE|FORM_OR_LOGISTICS_RISK|RESEARCH_REQUIRED|PERSON_DIFFERENCE|REFERENCE_ANCHOR_V2"	"APPROVED_REFERENCE_ANCHOR_V2"
"NDUJA"	"’Nduja"	"APPLICABLE"	"Weiche streichfähige kalabrische Schweinewurst mit hohem Chili- und Fettanteil; nicht feste Chorizo."	"GENERAL_BROAD"	"’Nduja: Mitte Meer führt Nduja di Spilinga als streichfähige kalabrische Schweinewurstpaste im Glas bestellbar; DHL liefert auf das deutsche Festland in 3–4 Werktagen, sodass Rostock über einen eingeplanten Versandweg erreichbar ist."	"PLANNED"	"Für Tobias in Rostock belegt die geprüfte Mitte-Meer-Seite echte Nduja di Spilinga aus Schweinefleisch und Peperoncino in streichfähiger Form; der Artikel lässt sich per DHL vorbestellen und ist keine feste Chorizo."	"REQUIRED"	"’Nduja di Spilinga streichfähige kalabrische Schweinewurst Wurstpaste Glas | Tobias Rostock Mitte Meer DHL 3–4 Werktage | nicht feste Chorizo"	"AV2N-N-0009"	"TOBIAS_ROSTOCK_PROFILE|RESEARCH_REQUIRED"	"PROPOSED_FOR_HUMAN_REVIEW"
"NECTARINE"	"Nektarine"	"APPLICABLE"	"Glattschalige Steinfrucht aus der Pfirsichfamilie mit saftigem süß-säuerlichem Fleisch."	"GENERAL_BROAD"	"Für „Nektarine“ führt der Rostocker Marktweg über gut sortierte Vollsortimenter und etablierte deutsche Frucht- oder Frischehändler."	"PLANNED"	"Den Weg über gut sortierte Vollsortimenter und etablierte deutsche Frucht- oder Frischehändler nutzt Tobias in Rostock für „Nektarine“ mit diesem inhaltlichen Maßstab: „Glattschalige Steinfrucht aus der Pfirsichfamilie mit saftigem süß-säuerlichem Fleisch.“"	"OPTIONAL"	"Nektarine Glattschalige Steinfrucht aus der Pfirsichfamilie mit saftigem süß-säuerlichem…; Tobias Rostock Obst frisch TK genaue Sorte; Steinobst; gut sortierte Vollsortimenter und etablierte deutsche Frucht- oder Frischehändler; gezielter Einkauf Deutschland Wochenvorlauf; die exakt festgelegte Darreichung"	""	"TOBIAS_ROSTOCK_PROFILE|RATING_RECONCILED_V2"	"PROPOSED_FOR_HUMAN_REVIEW"
"NEUTRAL_OIL"	"neutrales Pflanzenöl"	"APPLICABLE"	"Raffiniertes Pflanzenöl mit wenig Eigengeschmack und guter Hitzetoleranz; konkrete Ölpflanze bleibt offen."	"GENERAL_LOCAL"	"Für „neutrales Pflanzenöl“ führt der Rostocker Marktweg über das Öl- oder Kochfettregal eines gewöhnlichen großen Rostocker Supermarkts."	"EASY"	"Den Weg über das Öl- oder Kochfettregal eines gewöhnlichen großen Rostocker Supermarkts nutzt Tobias in Rostock für „neutrales Pflanzenöl“, wobei folgende Abgrenzung gilt: „Raffiniertes Pflanzenöl mit wenig Eigengeschmack und guter Hitzetoleranz; konkrete Ölpflanze bleibt offen.“"	"OPTIONAL"	"neutrales Pflanzenöl Raffiniertes Pflanzenöl mit wenig Eigengeschmack und guter Hitzetoleranz; Tobias Rostock Speiseöl Kochfett genaue Rohware; Speiseöl; Das Öl- oder Kochfettregal eines gewöhnlichen großen Rostocker Supermarkts; reguläres Sortiment Filialverfügbarkeit; die exakt festgelegte Darreichung"	""	"TOBIAS_ROSTOCK_PROFILE"	"PROPOSED_FOR_HUMAN_REVIEW"
"NEW_POTATOES"	"Frühkartoffeln"	"APPLICABLE"	"Jung geerntete Kartoffeln mit dünner Schale und wachsiger Textur; Sorte bleibt offen."	"GENERAL_LOCAL"	"Beim Einkauf von „Frühkartoffeln“ nutzt Tobias die Gemüseabteilung eines gewöhnlichen großen Rostocker Supermarkts."	"EASY"	"Für „Frühkartoffeln“ kontrolliert Tobias den Rostocker Bezug über die Gemüseabteilung eines gewöhnlichen großen Rostocker Supermarkts und verwendet dafür die Definition: „Jung geerntete Kartoffeln mit dünner Schale und wachsiger Textur; Sorte bleibt offen.“"	"OPTIONAL"	"Frühkartoffeln Jung geerntete Kartoffeln mit dünner Schale und wachsiger Textur; Tobias Rostock Gemüse frisch TK genaue Sorte; Kartoffel; Die Gemüseabteilung eines gewöhnlichen großen Rostocker Supermarkts; reguläres Sortiment Filialverfügbarkeit; die exakt festgelegte Darreichung"	""	"TOBIAS_ROSTOCK_PROFILE"	"PROPOSED_FOR_HUMAN_REVIEW"
"NIPA_PALM_VINEGAR"	"Nipapalmenessig"	"APPLICABLE"	"Natürlich fermentierter Essig aus dem Saft der Nipapalme. Gemeint ist die generische Produktart; regionale Produkte wie Sukang Paombong sind mögliche Ausprägungen, aber keine Voraussetzung."	"NICHE_IMPORT"	"Tobias prüft „Nipapalmenessig“ in Rostock über Händler mit Sortimenten für Saucen, Pasten und Würzen, wobei die Evidenz die menschliche v2-Freigabe für diesen Weg und Importbeschränkungen, einen gezielten Händlerbesuch sowie Standardversand ausweist."	"DIFFICULT"	"Über Händler mit Sortimenten für Saucen, Pasten und Würzen (Evidenzstand: die menschliche v2-Freigabe für diesen Weg und Importbeschränkungen, einen gezielten Händlerbesuch sowie Standardversand) prüft Tobias in Rostock „Nipapalmenessig“, wobei folgende Abgrenzung gilt: „Natürlich fermentierter Essig aus dem Saft der Nipapalme. Gemeint ist die generische Produktart; regionale Produkte wie Sukang Paombong sind mögliche Ausprägungen, aber keine Voraussetzung.“"	"REQUIRED"	"Nipapalmenessig Natürlich fermentierter Essig aus dem Saft der Nipapalme; Tobias Rostock Würzsauce Paste Essig exakte Sorte; Essig; Spezialhandel für Saucen, Pasten und Würzen Nischenweg; Bestand Produktform Versandlogistik; die exakt festgelegte Darreichung"	"AV2E-089"	"REFERENCE_ANCHOR|TOBIAS_ROSTOCK_PROFILE|FORM_OR_LOGISTICS_RISK|RESEARCH_REQUIRED|REFERENCE_ANCHOR_V2"	"APPROVED_REFERENCE_ANCHOR_V2"
"NOODLES"	"Nudeln"	"APPLICABLE"	"Offene Vorgabe für geformte Nudeln aus Getreide oder Stärke; Rohstoff, Form und Küchentradition bleiben wählbar."	"GENERAL_LOCAL"	"Beim Einkauf von „Nudeln“ nutzt Tobias das Getreide-, Mehl-, Reis- oder Teigwarenregal eines gewöhnlichen großen Rostocker Supermarkts."	"EASY"	"Die Beschaffung von „Nudeln“ über das Getreide-, Mehl-, Reis- oder Teigwarenregal eines gewöhnlichen großen Rostocker Supermarkts prüft Tobias in Rostock mit diesem inhaltlichen Maßstab: „Offene Vorgabe für geformte Nudeln aus Getreide oder Stärke; Rohstoff, Form und Küchentradition bleiben wählbar.“"	"OPTIONAL"	"Nudeln Offene Vorgabe für geformte Nudeln aus Getreide oder Stärke; Tobias Rostock Getreide Stärke Teigware genaue Form; stärkehaltige Zutat oder Sättigungsbeilage; Das Getreide-, Mehl-, Reis- oder Teigwarenregal eines gewöhnlichen großen Rostocker Supermarkts; reguläres Sortiment Filialverfügbarkeit; die exakt festgelegte Darreichung"	""	"TOBIAS_ROSTOCK_PROFILE"	"PROPOSED_FOR_HUMAN_REVIEW"
"NORA_PEPPER"	"Ñora-Paprika"	"APPLICABLE"	"Kleine runde, reif rot geerntete und getrocknete spanische Paprika (ñora), meist eingeweicht beziehungsweise ausgeschabt als Würzzutat verwendet; nicht Paprikapulver und nicht generische getrocknete Chili."	"SPECIALTY_BROAD"	"Tobias prüft „Ñora-Paprika“ in Rostock über Gewürze der Welt – Ñora/Niora geschrotet und Mitte Meer – getrocknete Ñora-Paprika, wobei die Evidenz ein dokumentiertes laufendes Angebot und Standardversand ausweist."	"SPECIALTY"	"Über Gewürze der Welt – Ñora/Niora geschrotet und Mitte Meer – getrocknete Ñora-Paprika (Evidenzstand: ein dokumentiertes laufendes Angebot und Standardversand) prüft Tobias in Rostock „Ñora-Paprika“, wobei folgende Abgrenzung gilt: „Kleine runde, reif rot geerntete und getrocknete spanische Paprika (ñora), meist eingeweicht beziehungsweise ausgeschabt als Würzzutat verwendet; nicht Paprikapulver und nicht generische getrocknete Chili.“"	"REQUIRED"	"Ñora-Paprika Kleine runde, reif rot geerntete und getrocknete spanische Paprika (ñora)…; Tobias Rostock Sauergemüse Konserve Ferment exakte Form; konservierte pflanzliche Zutat / Gewürz oder trockenes Würzmittel; Mitte Meer – getrocknete Ñora-Paprika | Gewürze der Welt – Ñora/Niora geschrotet; mehrere unabhängige Fachhändler Marktbreite; die getrocknete Produktform"	"AV2N-N-0012|AV2N-N-0013"	"TOBIAS_ROSTOCK_PROFILE|RATING_RECONCILED_V2"	"PROPOSED_FOR_HUMAN_REVIEW"
"NORI"	"Nori"	"APPLICABLE"	"Dünne getrocknete Blätter aus roten Meeresalgen, typischerweise geröstet; nicht Kombu oder Wakame."	"GENERAL_BROAD"	"Tobias prüft „Nori“ in Rostock über gut sortierte Vollsortimenter und etablierte deutsche Händler für haltbare Algenprodukte."	"PLANNED"	"Über gut sortierte Vollsortimenter und etablierte deutsche Händler für haltbare Algenprodukte prüft Tobias in Rostock „Nori“, wobei folgende Abgrenzung gilt: „Dünne getrocknete Blätter aus roten Meeresalgen, typischerweise geröstet; nicht Kombu oder Wakame.“"	"OPTIONAL"	"Nori Dünne getrocknete Blätter aus roten Meeresalgen, typischerweise geröstet; Tobias Rostock Algen Trockenware exakte Art; Algen; gut sortierte Vollsortimenter und etablierte deutsche Händler für haltbare Algenprodukte; gezielter Einkauf Deutschland Wochenvorlauf; die getrocknete Produktform"	""	"TOBIAS_ROSTOCK_PROFILE"	"PROPOSED_FOR_HUMAN_REVIEW"
"NORTH_SEA_SHRIMP"	"Nordseekrabbe"	"APPLICABLE"	"Kleine graue Nordseegarnele (Crangon crangon), in Deutschland üblicherweise als Nordseekrabbe bezeichnet; typischerweise bereits gekocht und geschält erhältlich. Nicht beliebige Garnelen und trotz des deutschen Namens keine echte Krabbe."	"GENERAL_BROAD"	"Gekochte und geschälte Nordseegarnelen werden über eine geplante Bestandsprüfung an gut sortierten Fischtheken oder einen etablierten Seafood-Versand gesucht; die exakte Crangon-Art muss ausgewiesen sein."	"PLANNED"	"Für Tobias in Rostock ist Nordseekrabbe als kleine graue Garnele der Art Crangon vorgesehen, üblicherweise gekocht und geschält. Eine Fischtheken-Vorbestellung oder der formgenaue Seafood-Versand ist planbar; Warmwassergarnelen und echte Krabben erfüllen die Vorgabe nicht."	"REQUIRED"	"Nordseekrabbe graue Garnele Art Crangon gekocht geschält Tobias Rostock Fischtheke Vorbestellung Seafood Versand nicht Warmwassergarnele"	"AV2E-021"	"REFERENCE_ANCHOR|TOBIAS_ROSTOCK_PROFILE|RESEARCH_REQUIRED|REFERENCE_ANCHOR_V2"	"APPROVED_REFERENCE_ANCHOR_V2"
"NORTHERN_PRAWN"	"Eismeergarnele"	"APPLICABLE"	"Eismeergarnele beziehungsweise Nordische Garnele (Pandalus borealis), frisch oder tiefgekühlt und je nach Produkt geschält oder ungeschält. Nicht mit der Nordseekrabbe (Crangon crangon) oder beliebigen Warmwassergarnelen gleichsetzen."	"GENERAL_BROAD"	"Köser – Cocktail-Krabben Pandalus borealis belegt: Köser weist seine sofort verfügbaren Cocktail-Krabben als Pandalus borealis aus; sie sind gekocht, einzeln schockgefrostet und werden ohne Unterbrechung der Kühlkette in Trockeneis geliefert. Der Bezug erfolgt über Deutschland und ausgewählte EU-Länder; Express am Wunschtag in Trockeneis-Isolierung; maßgeblich ist FROZEN_SHIPPING. Belegt ist eine gekochte geschälte Kilopackung, nicht rohe Ware; Menge und Expresskosten machen den Bezug planungsbedürftig."	"PLANNED"	"Für Tobias ist aus Rostock folgende Warenroute belegt: Köser weist seine sofort verfügbaren Cocktail-Krabben als Pandalus borealis aus; sie sind gekocht, einzeln schockgefrostet und werden ohne Unterbrechung der Kühlkette in Trockeneis geliefert. Belegt ist eine gekochte geschälte Kilopackung, nicht rohe Ware; Menge und Expresskosten machen den Bezug planungsbedürftig."	"REQUIRED"	"Pandalus borealis Cocktail Krabben schockgefrostet Köser sofort verfügbar Trockeneis | Tobias Rostock | Köser – Cocktail-Krabben Pandalus borealis | IN_STOCK FROZEN_SHIPPING"	"AV2N-N-0015"	"TOBIAS_ROSTOCK_PROFILE|FORM_SENSITIVE|RESEARCH_REQUIRED"	"PROPOSED_FOR_HUMAN_REVIEW"
"NORWEGIAN_WAFFLE"	"Norwegische Waffel"	"APPLICABLE"	"Dünne, weiche Waffel nach norwegischer Art, typischerweise herzförmig, leicht süß und mit Kardamom aromatisiert. Gemeint ist die Waffel selbst, ohne vorausgesetzte Beläge."	"NICHE_IMPORT"	"Tobias prüft „Norwegische Waffel“ in Rostock über Norwegian Foodstore – Norwegian bakery range, wobei die Evidenz eine vor dem Einkauf erneut zu prüfende Verfügbarkeit und Importbeschränkungen ausweist."	"DIFFICULT"	"Über Norwegian Foodstore – Norwegian bakery range (Evidenzstand: eine vor dem Einkauf erneut zu prüfende Verfügbarkeit und Importbeschränkungen) prüft Tobias in Rostock „Norwegische Waffel“, wobei folgende Abgrenzung gilt: „Dünne, weiche Waffel nach norwegischer Art, typischerweise herzförmig, leicht süß und mit Kardamom aromatisiert. Gemeint ist die Waffel selbst, ohne vorausgesetzte Beläge.“"	"REQUIRED"	"Norwegische Waffel Dünne, weiche Waffel nach norwegischer Art, typischerweise herzförmig, leicht…; Tobias Rostock Backware Süßungsmittel exakte Form; Waffel; Norwegian Foodstore – Norwegian bakery range; Bestand Produktform Versandlogistik; die exakt festgelegte Darreichung"	"AV2N-N-0017"	"TOBIAS_ROSTOCK_PROFILE|FORM_OR_LOGISTICS_RISK|RESEARCH_REQUIRED"	"PROPOSED_FOR_HUMAN_REVIEW"
"NUT_AND_SEED_PASTES"	"Nuss- oder Samenpaste"	"APPLICABLE"	"Offene Familie fein vermahlener Nuss- oder Samenpasten; Rohstoff, Röstung und Süßung bleiben offen."	"GENERAL_LOCAL"	"Tobias prüft „Nuss- oder Samenpaste“ in Rostock über Brotaufstrich-, Nussmus- oder Bio-Regal gewöhnlicher großer Rostocker Supermärkte."	"EASY"	"Über Brotaufstrich-, Nussmus- oder Bio-Regal gewöhnlicher großer Rostocker Supermärkte prüft Tobias in Rostock „Nuss- oder Samenpaste“, wobei folgende Abgrenzung gilt: „Offene Familie fein vermahlener Nuss- oder Samenpasten; Rohstoff, Röstung und Süßung bleiben offen.“"	"OPTIONAL"	"Nuss- oder Samenpaste Offene Familie fein vermahlener Nuss- oder Samenpasten; Tobias Rostock Nussmus Saatenpaste Brotaufstrich Bio-Regal offene Familie; Sauce, Würzmittel oder Paste; Brotaufstrich-, Nussmus- oder Bio-Regal gewöhnlicher großer Rostocker Supermärkte; reguläres Sortiment Filialverfügbarkeit; die exakt festgelegte Darreichung"	""	"TOBIAS_ROSTOCK_PROFILE"	"PROPOSED_FOR_HUMAN_REVIEW"
"NUTMEG"	"Muskatnuss"	"APPLICABLE"	"Muskatnuss als intensiv warm-würziger Samenkern, frisch gerieben oder gemahlen; sparsam dosieren."	"GENERAL_LOCAL"	"Für „Muskatnuss“ führt der Rostocker Marktweg über das Gewürz- oder Backregal eines gewöhnlichen großen Rostocker Supermarkts."	"EASY"	"Über das Gewürz- oder Backregal eines gewöhnlichen großen Rostocker Supermarkts prüft Tobias in Rostock „Muskatnuss“ nach dieser Produktbeschreibung: „Muskatnuss als intensiv warm-würziger Samenkern, frisch gerieben oder gemahlen; sparsam dosieren.“"	"OPTIONAL"	"Muskatnuss Muskatnuss als intensiv warm-würziger Samenkern, frisch gerieben oder gemahlen; Tobias Rostock Gewürz ganze gemahlene getrocknete Form; Gewürz oder trockenes Würzmittel; Das Gewürz- oder Backregal eines gewöhnlichen großen Rostocker Supermarkts; reguläres Sortiment Filialverfügbarkeit; die verlangte frische Form"	""	"TOBIAS_ROSTOCK_PROFILE|FORM_SENSITIVE"	"PROPOSED_FOR_HUMAN_REVIEW"
"NUTRITIONAL_YEAST"	"Hefeflocken"	"APPLICABLE"	"Inaktive getrocknete Hefeflocken mit nussig-käsigem Umami; keine aktive Backhefe."	"GENERAL_BROAD"	"Tobias sucht „Hefeflocken“ in Rostock über gut sortierte Vollsortimenter und etablierte deutsche Gewürzhändler, wobei die Evidenz die menschliche v2-Freigabe für diesen Weg und einen gezielten Händlerbesuch sowie Standardversand ausweist gesucht."	"PLANNED"	"Über gut sortierte Vollsortimenter und etablierte deutsche Gewürzhändler (Evidenzstand: die menschliche v2-Freigabe für diesen Weg und einen gezielten Händlerbesuch sowie Standardversand) prüft Tobias in Rostock „Hefeflocken“, wobei folgende Abgrenzung gilt: „Inaktive getrocknete Hefeflocken mit nussig-käsigem Umami; keine aktive Backhefe.“"	"REQUIRED"	"Hefeflocken Inaktive getrocknete Hefeflocken mit nussig-käsigem Umami; Tobias Rostock Gewürz ganze gemahlene getrocknete Form; Gewürz oder trockenes Würzmittel; gut sortierte Vollsortimenter und etablierte deutsche Gewürzhändler; gezielter Einkauf Deutschland Wochenvorlauf; die getrocknete Produktform"	"AV2E-024"	"REFERENCE_ANCHOR|TOBIAS_ROSTOCK_PROFILE|RESEARCH_REQUIRED|REFERENCE_ANCHOR_V2"	"APPROVED_REFERENCE_ANCHOR_V2"
"NUTS"	"Nüsse"	"APPLICABLE"	"Offene Vorgabe für kulinarisch als Nüsse verwendete Kerne; Sorte, Röstung und Zerkleinerung bleiben wählbar."	"GENERAL_LOCAL"	"Tobias sucht „Nüsse“ in Rostock über das Nuss-, Saaten-, Back- oder Brotaufstrichregal eines gewöhnlichen großen Rostocker Supermarkts gesucht."	"EASY"	"Tobias nutzt in Rostock das Nuss-, Saaten-, Back- oder Brotaufstrichregal eines gewöhnlichen großen Rostocker Supermarkts für „Nüsse“, wobei folgende Abgrenzung gilt: „Offene Vorgabe für kulinarisch als Nüsse verwendete Kerne; Sorte, Röstung und Zerkleinerung bleiben wählbar.“"	"OPTIONAL"	"Nüsse Offene Vorgabe für kulinarisch als Nüsse verwendete Kerne; Tobias Rostock Nuss Samen Mus genaue Rohware; Nüsse und Samen; Das Nuss-, Saaten-, Back- oder Brotaufstrichregal eines gewöhnlichen großen Rostocker Supermarkts; reguläres Sortiment Filialverfügbarkeit; die exakt festgelegte Darreichung"	""	"TOBIAS_ROSTOCK_PROFILE"	"PROPOSED_FOR_HUMAN_REVIEW"
"OAT_DRINK"	"Haferdrink"	"APPLICABLE"	"Flüssiger Pflanzendrink auf Haferbasis; gesüßte und ungesüßte sowie baristataugliche Varianten sind umfasst."	"GENERAL_LOCAL"	"Für „Haferdrink“ führt der Rostocker Marktweg über das Pflanzendrinkregal eines gewöhnlichen großen Rostocker Supermarkts."	"EASY"	"Den Weg über das Pflanzendrinkregal eines gewöhnlichen großen Rostocker Supermarkts nutzt Tobias in Rostock für „Haferdrink“, wobei folgende Abgrenzung gilt: „Flüssiger Pflanzendrink auf Haferbasis; gesüßte und ungesüßte sowie baristataugliche Varianten sind umfasst.“"	"OPTIONAL"	"Haferdrink Flüssiger Pflanzendrink auf Haferbasis; gesüßte und ungesüßte sowie…; Tobias Rostock Pflanzendrink genaue Basis gesüßt ungesüßt; pflanzlicher Drink; Das Pflanzendrinkregal eines gewöhnlichen großen Rostocker Supermarkts; reguläres Sortiment Filialverfügbarkeit; die exakt festgelegte Darreichung"	""	"TOBIAS_ROSTOCK_PROFILE"	"PROPOSED_FOR_HUMAN_REVIEW"
"OATS"	"Hafer"	"APPLICABLE"	"Hafer als ganzes Korn, Grütze oder Flocken; konkrete Verarbeitungsform bleibt wählbar."	"GENERAL_LOCAL"	"Für „Hafer“ wird das Angebot über das Getreide-, Mehl-, Reis- oder Teigwarenregal eines gewöhnlichen großen Rostocker Supermarkts kontrolliert."	"EASY"	"Beim Rostocker Einkauf setzt Tobias für „Hafer“ auf das Getreide-, Mehl-, Reis- oder Teigwarenregal eines gewöhnlichen großen Rostocker Supermarkts mit diesem inhaltlichen Maßstab: „Hafer als ganzes Korn, Grütze oder Flocken; konkrete Verarbeitungsform bleibt wählbar.“"	"OPTIONAL"	"Hafer Hafer als ganzes Korn, Grütze oder Flocken; Tobias Rostock Getreide Stärke Teigware genaue Form; Getreide oder Pseudogetreide; Das Getreide-, Mehl-, Reis- oder Teigwarenregal eines gewöhnlichen großen Rostocker Supermarkts; reguläres Sortiment Filialverfügbarkeit; die geforderte ganze oder körnige Form"	""	"TOBIAS_ROSTOCK_PROFILE"	"PROPOSED_FOR_HUMAN_REVIEW"
"OCTOPUS"	"Oktopus"	"APPLICABLE"	"Oktopus mit festen Armen und kollagenreichem Fleisch, das durch geeignete Garung zart wird; nicht Kalmar."	"GENERAL_BROAD"	"Deutsche See – Mini Pulpo Octopus TK belegt: Die Produktseite bietet Mini-Pulpo als rohen, geputzten und einzeln entnehmbaren Oktopus tiefgekühlt an; der Artikel ist aktuell verfügbar. Der Bezug erfolgt über Deutschland und Österreich; tiefgekühlte GO!-Express-Lieferung zum Wunschtermin; maßgeblich ist FROZEN_SHIPPING. Die Ware ist glasiert und vorgesalzen; sie belegt kleine ganze Oktopusse, andere Größen oder vorgekochte Arme nicht."	"PLANNED"	"Die Rostocker Beschaffung für Tobias beginnt mit dem formgenauen Nachweis: Die Produktseite bietet Mini-Pulpo als rohen, geputzten und einzeln entnehmbaren Oktopus tiefgekühlt an; der Artikel ist aktuell verfügbar. Die Ware ist glasiert und vorgesalzen; sie belegt kleine ganze Oktopusse, andere Größen oder vorgekochte Arme nicht."	"REQUIRED"	"Mini Pulpo Octopus roh geputzt tiefgekühlt Deutsche See verfügbar nicht Kalmar | Tobias Rostock | Deutsche See – Mini Pulpo Octopus TK | IN_STOCK FROZEN_SHIPPING"	"AV2N-N-0019"	"TOBIAS_ROSTOCK_PROFILE|RESEARCH_REQUIRED"	"PROPOSED_FOR_HUMAN_REVIEW"
"OFFAL"	"Innereien"	"APPLICABLE"	"Offene Vorgabe für essbare Innereien und verwandte Schlachtteile; Tierart und Organ bleiben bewusst wählbar."	"GENERAL_BROAD"	"Für „Innereien“ wird das Angebot über Vorbestellung an einer gut sortierten Fleischtheke oder etablierter deutscher Metzgereiversand kontrolliert."	"PLANNED"	"Beim Rostocker Einkauf setzt Tobias für „Innereien“ auf Vorbestellung an einer gut sortierten Fleischtheke oder etablierter deutscher Metzgereiversand, wobei folgende Abgrenzung gilt: „Offene Vorgabe für essbare Innereien und verwandte Schlachtteile; Tierart und Organ bleiben bewusst wählbar.“"	"OPTIONAL"	"Innereien Offene Vorgabe für essbare Innereien und verwandte Schlachtteile; Tobias Rostock Fleisch Wurst exakte Tierart Zuschnitt; Fleisch; Vorbestellung an einer gut sortierten Fleischtheke oder etablierter deutscher Metzgereiversand; gezielter Einkauf Deutschland Wochenvorlauf; die präzise tierische Produktform"	""	"TOBIAS_ROSTOCK_PROFILE|RATING_RECONCILED_V2"	"PROPOSED_FOR_HUMAN_REVIEW"
"OILS"	"Speiseöl"	"APPLICABLE"	"Offene Vorgabe für flüssige Speiseöle; Rohstoff, Raffination, Eigengeschmack und Hitzetoleranz bleiben offen."	"GENERAL_LOCAL"	"Die Beschaffung von „Speiseöl“ erfolgt in Rostock über das Öl- oder Kochfettregal eines gewöhnlichen großen Rostocker Supermarkts."	"EASY"	"Für „Speiseöl“ kontrolliert Tobias den Rostocker Bezug über das Öl- oder Kochfettregal eines gewöhnlichen großen Rostocker Supermarkts, wobei folgende Abgrenzung gilt: „Offene Vorgabe für flüssige Speiseöle; Rohstoff, Raffination, Eigengeschmack und Hitzetoleranz bleiben offen.“"	"OPTIONAL"	"Speiseöl Offene Vorgabe für flüssige Speiseöle; Rohstoff, Raffination, Eigengeschmack…; Tobias Rostock Speiseöl Kochfett genaue Rohware; Kochfett; Das Öl- oder Kochfettregal eines gewöhnlichen großen Rostocker Supermarkts; reguläres Sortiment Filialverfügbarkeit; die exakt festgelegte Darreichung"	""	"TOBIAS_ROSTOCK_PROFILE"	"PROPOSED_FOR_HUMAN_REVIEW"
"OILY_FISH"	"fettreicher Fisch"	"APPLICABLE"	"Offene Vorgabe für fettreiche Fischarten mit kräftigerem Geschmack und saftigem Fleisch."	"GENERAL_LOCAL"	"Die Beschaffung von „fettreicher Fisch“ erfolgt in Rostock über die Fischkühlung, Tiefkühltruhe oder Fischtheke eines gewöhnlichen großen Rostocker Supermarkts."	"EASY"	"Für „fettreicher Fisch“ kontrolliert Tobias den Rostocker Bezug über die Fischkühlung, Tiefkühltruhe oder Fischtheke eines gewöhnlichen großen Rostocker Supermarkts, wobei folgende Abgrenzung gilt: „Offene Vorgabe für fettreiche Fischarten mit kräftigerem Geschmack und saftigem Fleisch.“"	"OPTIONAL"	"fettreicher Fisch Offene Vorgabe für fettreiche Fischarten mit kräftigerem Geschmack und…; Tobias Rostock Fisch Seafood Frische TK genauer Zuschnitt; Fisch; Die Fischkühlung, Tiefkühltruhe oder Fischtheke eines gewöhnlichen großen Rostocker Supermarkts; reguläres Sortiment Filialverfügbarkeit; die präzise tierische Produktform"	""	"TOBIAS_ROSTOCK_PROFILE"	"PROPOSED_FOR_HUMAN_REVIEW"
"OKRA"	"Okra"	"APPLICABLE"	"Junge Okraschoten mit grasig-mildem Geschmack; ihre Samen und Schleimstoffe entwickeln beim Garen eine charakteristische Bindung."	"SPECIALTY_BROAD"	"Tobias prüft „Okra“ in Rostock über FrischeParadies – fruit and vegetable direct shop und Spice Mart – fresh produce with fresh okra, wobei die Evidenz eine vor dem Einkauf erneut zu prüfende Verfügbarkeit und Frischeversand ausweist."	"SPECIALTY"	"Über FrischeParadies – fruit and vegetable direct shop und Spice Mart – fresh produce with fresh okra (Evidenzstand: eine vor dem Einkauf erneut zu prüfende Verfügbarkeit und Frischeversand) prüft Tobias in Rostock „Okra“, wobei folgende Abgrenzung gilt: „Junge Okraschoten mit grasig-mildem Geschmack; ihre Samen und Schleimstoffe entwickeln beim Garen eine charakteristische Bindung.“"	"REQUIRED"	"Okra Junge Okraschoten mit grasig-mildem Geschmack; Tobias Rostock Gemüse frisch TK genaue Sorte; Fruchtgemüse / Hülsen- und Schotengemüse; FrischeParadies – fruit and vegetable direct shop | Spice Mart – fresh produce with fresh okra; mehrere unabhängige Fachhändler Marktbreite; die geforderte ganze oder körnige Form"	"AV2N-N-0024|AV2N-N-0025"	"TOBIAS_ROSTOCK_PROFILE|SPECIALTY_MARKET_BREADTH|RESEARCH_REQUIRED"	"PROPOSED_FOR_HUMAN_REVIEW"
"OLIVE_OIL"	"Olivenöl"	"APPLICABLE"	"Speiseöl aus Oliven; natives aromatisches und raffiniertes milderes Öl sind je nach Anwendung möglich."	"GENERAL_LOCAL"	"Beim Einkauf von „Olivenöl“ nutzt Tobias das Öl- oder Kochfettregal eines gewöhnlichen großen Rostocker Supermarkts."	"EASY"	"Die Beschaffung von „Olivenöl“ über das Öl- oder Kochfettregal eines gewöhnlichen großen Rostocker Supermarkts prüft Tobias in Rostock, wobei folgende Abgrenzung gilt: „Speiseöl aus Oliven; natives aromatisches und raffiniertes milderes Öl sind je nach Anwendung möglich.“"	"OPTIONAL"	"Olivenöl Speiseöl aus Oliven; natives aromatisches und raffiniertes milderes Öl sind je…; Tobias Rostock Speiseöl Kochfett genaue Rohware; Speiseöl; Das Öl- oder Kochfettregal eines gewöhnlichen großen Rostocker Supermarkts; reguläres Sortiment Filialverfügbarkeit; die exakt festgelegte Darreichung"	""	"TOBIAS_ROSTOCK_PROFILE"	"PROPOSED_FOR_HUMAN_REVIEW"
"OLIVES"	"Oliven"	"APPLICABLE"	"Essfertig entbitterte Oliven in Lake oder Öl; Farbe, Sorte, Entsteinung und Würzung bleiben offen."	"GENERAL_LOCAL"	"Beim Einkauf von „Oliven“ nutzt Tobias das Konserven-, Sauergemüse- oder Feinkostregal eines gewöhnlichen großen Rostocker Supermarkts."	"EASY"	"Die Beschaffung von „Oliven“ über das Konserven-, Sauergemüse- oder Feinkostregal eines gewöhnlichen großen Rostocker Supermarkts prüft Tobias in Rostock, wobei folgende Abgrenzung gilt: „Essfertig entbitterte Oliven in Lake oder Öl; Farbe, Sorte, Entsteinung und Würzung bleiben offen.“"	"OPTIONAL"	"Oliven Essfertig entbitterte Oliven in Lake oder Öl; Tobias Rostock Sauergemüse Konserve Ferment exakte Form; konservierte pflanzliche Zutat; Das Konserven-, Sauergemüse- oder Feinkostregal eines gewöhnlichen großen Rostocker Supermarkts; reguläres Sortiment Filialverfügbarkeit; die exakt festgelegte Darreichung"	""	"TOBIAS_ROSTOCK_PROFILE"	"PROPOSED_FOR_HUMAN_REVIEW"
"OLOMOUC_TVARUZKY"	"Olmützer Quargel"	"APPLICABLE"	"Olomoucké tvarůžky: tschechischer g.g.A.-Schmierkäse aus Sauermilchquark mit höchstens 1 % Fett, kräftigem bis sehr scharfem Aroma und ausgeprägter Reifungsnote. Nicht mit beliebigem Harzer Käse oder Quark gleichsetzen."	"NICHE_IMPORT"	"Tobias prüft „Olmützer Quargel“ in Rostock über A.W. Loštice – Olomoucké tvarůžky manufacturer, wobei die Evidenz ein dokumentiertes laufendes Angebot und Kühlversand ausweist."	"DIFFICULT"	"Über A.W. Loštice – Olomoucké tvarůžky manufacturer (Evidenzstand: ein dokumentiertes laufendes Angebot und Kühlversand) prüft Tobias in Rostock „Olmützer Quargel“, wobei folgende Abgrenzung gilt: „Olomoucké tvarůžky: tschechischer g.g.A.-Schmierkäse aus Sauermilchquark mit höchstens 1 % Fett, kräftigem bis sehr scharfem Aroma und ausgeprägter Reifungsnote. Nicht mit beliebigem Harzer Käse oder Quark gleichsetzen.“"	"REQUIRED"	"Olmützer Quargel Olomoucké tvarůžky: tschechischer g.g.A.-Schmierkäse aus Sauermilchquark mit…; Tobias Rostock Käse genaue Sorte Milch Reifung; Käse; A.W. Loštice – Olomoucké tvarůžky manufacturer; Bestand Produktform Versandlogistik; die präzise gekühlte oder tierische Produktform"	"AV2N-N-0027"	"TOBIAS_ROSTOCK_PROFILE|FORM_OR_LOGISTICS_RISK|RESEARCH_REQUIRED"	"PROPOSED_FOR_HUMAN_REVIEW"
"ONION"	"Zwiebel"	"APPLICABLE"	"Küchenzwiebel mit schwefelig-scharfem, beim Garen süßlichem Aroma; gelbe beziehungsweise braune Standardsorte gemeint."	"GENERAL_LOCAL"	"Für „Zwiebel“ wird das Angebot über die Gemüseabteilung eines gewöhnlichen großen Rostocker Supermarkts, wobei die Evidenz die menschliche v2-Freigabe für diesen Weg und eine lokale Standortprüfung ausweist kontrolliert."	"EASY"	"Den Weg über die Gemüseabteilung eines gewöhnlichen großen Rostocker Supermarkts (Evidenzstand: die menschliche v2-Freigabe für diesen Weg und eine lokale Standortprüfung) nutzt Tobias in Rostock für „Zwiebel“, wobei folgende Abgrenzung gilt: „Küchenzwiebel mit schwefelig-scharfem, beim Garen süßlichem Aroma; gelbe beziehungsweise braune Standardsorte gemeint.“"	"OPTIONAL"	"Zwiebel Küchenzwiebel mit schwefelig-scharfem, beim Garen süßlichem Aroma; Tobias Rostock Gemüse frisch TK genaue Sorte; Lauch- und Zwiebelgemüse; Die Gemüseabteilung eines gewöhnlichen großen Rostocker Supermarkts; reguläres Sortiment Filialverfügbarkeit; die exakt festgelegte Darreichung"	"AV2E-001"	"REFERENCE_ANCHOR|TOBIAS_ROSTOCK_PROFILE|REFERENCE_ANCHOR_V2"	"APPROVED_REFERENCE_ANCHOR_V2"
"ONION_POWDER"	"Zwiebelpulver"	"APPLICABLE"	"Getrocknete gemahlene oder granulierte Zwiebel mit konzentriertem Aroma; nicht frische Zwiebel oder Zwiebelsalz."	"GENERAL_LOCAL"	"Die Beschaffung von „Zwiebelpulver“ erfolgt in Rostock über das Gewürz- oder Backregal eines gewöhnlichen großen Rostocker Supermarkts."	"EASY"	"Den Weg über das Gewürz- oder Backregal eines gewöhnlichen großen Rostocker Supermarkts nutzt Tobias in Rostock für „Zwiebelpulver“ nach dieser Produktbeschreibung: „Getrocknete gemahlene oder granulierte Zwiebel mit konzentriertem Aroma; nicht frische Zwiebel oder Zwiebelsalz.“"	"OPTIONAL"	"Zwiebelpulver Getrocknete gemahlene oder granulierte Zwiebel mit konzentriertem Aroma; Tobias Rostock Gewürz ganze gemahlene getrocknete Form; Gewürz oder trockenes Würzmittel; Das Gewürz- oder Backregal eines gewöhnlichen großen Rostocker Supermarkts; reguläres Sortiment Filialverfügbarkeit; die getrocknete Produktform"	""	"TOBIAS_ROSTOCK_PROFILE|FORM_SENSITIVE"	"PROPOSED_FOR_HUMAN_REVIEW"
"OOLONG_TEA"	"Oolongtee"	"APPLICABLE"	"Teiloxidierter Tee zwischen grünem und schwarzem Tee; Stil reicht von floral-leicht bis dunkel geröstet."	"GENERAL_BROAD"	"Für „Oolongtee“ führt der Rostocker Marktweg über gut sortierte Vollsortimenter und etablierte deutsche Kaffee- oder Teehändler."	"PLANNED"	"Den Weg über gut sortierte Vollsortimenter und etablierte deutsche Kaffee- oder Teehändler nutzt Tobias in Rostock für „Oolongtee“, wobei folgende Abgrenzung gilt: „Teiloxidierter Tee zwischen grünem und schwarzem Tee; Stil reicht von floral-leicht bis dunkel geröstet.“"	"OPTIONAL"	"Oolongtee Teiloxidierter Tee zwischen grünem und schwarzem Tee; Tobias Rostock Kaffee Tee genaue Röstung Sorte Form; Tee; gut sortierte Vollsortimenter und etablierte deutsche Kaffee- oder Teehändler; gezielter Einkauf Deutschland Wochenvorlauf; die exakt festgelegte Darreichung"	""	"TOBIAS_ROSTOCK_PROFILE"	"PROPOSED_FOR_HUMAN_REVIEW"
"ORANGE"	"Orange"	"APPLICABLE"	"Süße Orange mit saftigem Fruchtfleisch und aromatischer Schale; Blutorange bleibt als eigene Ausprägung getrennt."	"GENERAL_LOCAL"	"Tobias prüft „Orange“ in Rostock über die Obstabteilung eines gewöhnlichen großen Rostocker Supermarkts."	"EASY"	"Über die Obstabteilung eines gewöhnlichen großen Rostocker Supermarkts prüft Tobias in Rostock „Orange“ nach dieser Produktbeschreibung: „Süße Orange mit saftigem Fruchtfleisch und aromatischer Schale; Blutorange bleibt als eigene Ausprägung getrennt.“"	"OPTIONAL"	"Orange Süße Orange mit saftigem Fruchtfleisch und aromatischer Schale; Tobias Rostock Obst frisch TK genaue Sorte; Zitrusfrucht; Die Obstabteilung eines gewöhnlichen großen Rostocker Supermarkts; reguläres Sortiment Filialverfügbarkeit; die exakt festgelegte Darreichung"	""	"TOBIAS_ROSTOCK_PROFILE"	"PROPOSED_FOR_HUMAN_REVIEW"
"OREGANO"	"Oregano"	"APPLICABLE"	"Oregano mit kräftig-herbem, warmem Kräuteraroma; frisch oder getrocknet verwendbar."	"GENERAL_LOCAL"	"Tobias sucht „Oregano“ in Rostock über die Kräuterkühlung der Obst- und Gemüseabteilung eines gewöhnlichen großen Rostocker Supermarkts gesucht."	"EASY"	"Tobias nutzt in Rostock die Kräuterkühlung der Obst- und Gemüseabteilung eines gewöhnlichen großen Rostocker Supermarkts für „Oregano“, wobei folgende Abgrenzung gilt: „Oregano mit kräftig-herbem, warmem Kräuteraroma; frisch oder getrocknet verwendbar.“"	"OPTIONAL"	"Oregano Oregano mit kräftig-herbem, warmem Kräuteraroma; Tobias Rostock frische Kräuter Bund Topf genaue Art; Kräuter und Würzblätter; Die Kräuterkühlung der Obst- und Gemüseabteilung eines gewöhnlichen großen Rostocker Supermarkts; reguläres Sortiment Filialverfügbarkeit; die verlangte frische Form"	""	"TOBIAS_ROSTOCK_PROFILE|FORM_SENSITIVE"	"PROPOSED_FOR_HUMAN_REVIEW"
"ORZO"	"Kritharaki oder Orzo"	"APPLICABLE"	"Kleine reisförmige Weizenpasta, auch Kritharaki genannt; trotz der Form kein Reis."	"GENERAL_BROAD"	"Für „Kritharaki oder Orzo“ führt der Rostocker Marktweg über gut sortierte Vollsortimenter und etablierte deutsche Bio- oder Trockenwarenhändler."	"PLANNED"	"Tobias organisiert über gut sortierte Vollsortimenter und etablierte deutsche Bio- oder Trockenwarenhändler die Rostocker Prüfung von „Kritharaki oder Orzo“ mit diesem inhaltlichen Maßstab: „Kleine reisförmige Weizenpasta, auch Kritharaki genannt; trotz der Form kein Reis.“"	"OPTIONAL"	"Kritharaki oder Orzo Kleine reisförmige Weizenpasta, auch Kritharaki genannt; Tobias Rostock Getreide Stärke Teigware genaue Form; Weizenpasta; gut sortierte Vollsortimenter und etablierte deutsche Bio- oder Trockenwarenhändler; gezielter Einkauf Deutschland Wochenvorlauf; die exakt festgelegte Darreichung"	""	"TOBIAS_ROSTOCK_PROFILE"	"PROPOSED_FOR_HUMAN_REVIEW"
"OXTAIL"	"Ochsenschwanz"	"APPLICABLE"	"Quergeschnittener Rinderschwanz mit Knochen, Fett und viel Kollagen; für langsames Schmoren oder Brühen geeignet."	"GENERAL_BROAD"	"Tobias prüft „Ochsenschwanz“ in Rostock über MeinMetzger – Ochsenschwanz vom Simmentaler Rind, wobei die Evidenz beim Abruf verfügbaren Bestand und Kühlversand ausweist."	"PLANNED"	"Über MeinMetzger – Ochsenschwanz vom Simmentaler Rind (Evidenzstand: beim Abruf verfügbaren Bestand und Kühlversand) prüft Tobias in Rostock „Ochsenschwanz“, wobei folgende Abgrenzung gilt: „Quergeschnittener Rinderschwanz mit Knochen, Fett und viel Kollagen; für langsames Schmoren oder Brühen geeignet.“"	"REQUIRED"	"Ochsenschwanz Quergeschnittener Rinderschwanz mit Knochen, Fett und viel Kollagen; Tobias Rostock Fleisch Wurst exakte Tierart Zuschnitt; Rindfleisch; MeinMetzger – Ochsenschwanz vom Simmentaler Rind; gezielter Einkauf Deutschland Wochenvorlauf; die präzise tierische Produktform"	"AV2N-N-0028"	"TOBIAS_ROSTOCK_PROFILE|RESEARCH_REQUIRED"	"PROPOSED_FOR_HUMAN_REVIEW"
"OYSTER"	"Austern"	"APPLICABLE"	"Auster als essbare Muschel mit jodig-salzigem Geschmack; lebend in der Schale oder ausgelöst verwendbar."	"GENERAL_BROAD"	"Deutsche See – Fines de Claire Austern belegt: Deutsche See kennzeichnet zwölf Fines-de-Claire-Austern aus Frankreich als frisch, lebend und aktuell verfügbar; die Schalenware wird gekühlt zugestellt. Der Bezug erfolgt über Deutschland und Österreich; gekühlte GO!-Express-Lieferung zum Wunschtermin; maßgeblich ist CHILLED_SHIPPING. Lebende Austern sind kurz haltbar und der Bestand kann sich rasch ändern; ausgelöste Austern belegt diese Route nicht."	"PLANNED"	"Tobias kann den Einkauf in Rostock anhand dieses Artikels terminieren: Deutsche See kennzeichnet zwölf Fines-de-Claire-Austern aus Frankreich als frisch, lebend und aktuell verfügbar; die Schalenware wird gekühlt zugestellt. Lebende Austern sind kurz haltbar und der Bestand kann sich rasch ändern; ausgelöste Austern belegt diese Route nicht."	"REQUIRED"	"Fines de Claire Austern lebend Schale frisch Deutsche See verfügbar gekühlt | Tobias Rostock | Deutsche See – Fines de Claire Austern | IN_STOCK CHILLED_SHIPPING"	"AV2N-N-0030"	"TOBIAS_ROSTOCK_PROFILE|RESEARCH_REQUIRED"	"PROPOSED_FOR_HUMAN_REVIEW"
"OYSTER_MUSHROOM"	"Austernpilze"	"APPLICABLE"	"Austernseitling mit breitem Hut, zart-faseriger Textur und mildem Umami; nicht Kräuterseitling."	"GENERAL_LOCAL"	"Für „Austernpilze“ wird das Angebot über den Pilzbereich der Obst- und Gemüseabteilung eines gewöhnlichen großen Rostocker Supermarkts kontrolliert."	"EASY"	"Beim Rostocker Einkauf setzt Tobias für „Austernpilze“ auf den Pilzbereich der Obst- und Gemüseabteilung eines gewöhnlichen großen Rostocker Supermarkts, wobei folgende Abgrenzung gilt: „Austernseitling mit breitem Hut, zart-faseriger Textur und mildem Umami; nicht Kräuterseitling.“"	"OPTIONAL"	"Austernpilze Austernseitling mit breitem Hut, zart-faseriger Textur und mildem Umami; Tobias Rostock Pilze frisch genaue Art; Pilze; Der Pilzbereich der Obst- und Gemüseabteilung eines gewöhnlichen großen Rostocker Supermarkts; reguläres Sortiment Filialverfügbarkeit; die exakt festgelegte Darreichung"	""	"TOBIAS_ROSTOCK_PROFILE"	"PROPOSED_FOR_HUMAN_REVIEW"
"OYSTER_SAUCE"	"Austernsauce"	"APPLICABLE"	"Dicke salzig-süßliche Würzsauce mit Austernextrakt und Umami; vegetarische Pilzvarianten sind nicht gemeint."	"GENERAL_BROAD"	"Tobias sucht „Austernsauce“ in Rostock über gut sortierte Vollsortimenter und etablierte deutsche Feinkost- oder Würzsaucenhändler gesucht."	"PLANNED"	"Das Angebot zu „Austernsauce“ über gut sortierte Vollsortimenter und etablierte deutsche Feinkost- oder Würzsaucenhändler kontrolliert Tobias in Rostock, wobei folgende Abgrenzung gilt: „Dicke salzig-süßliche Würzsauce mit Austernextrakt und Umami; vegetarische Pilzvarianten sind nicht gemeint.“"	"OPTIONAL"	"Austernsauce Dicke salzig-süßliche Würzsauce mit Austernextrakt und Umami; Tobias Rostock Würzsauce Paste Essig exakte Sorte; fertige Sauce oder Würzpaste; gut sortierte Vollsortimenter und etablierte deutsche Feinkost- oder Würzsaucenhändler; gezielter Einkauf Deutschland Wochenvorlauf; die exakt festgelegte Darreichung"	""	"TOBIAS_ROSTOCK_PROFILE"	"PROPOSED_FOR_HUMAN_REVIEW"
"PADRON_PEPPER"	"Padrón-Paprika"	"APPLICABLE"	"Kleine grüne Paprika der Padrón-/Pemento-de-Herbón-Tradition; überwiegend mild, einzelne Früchte deutlich scharf. Gemeint ist die frische ganze Paprika, nicht ein fertiges Tapasgericht."	"GENERAL_BROAD"	"Padrón-Paprika: FrischeParadies führt frische ganze Pimientos de Padrón im 200-g-Beutel mit bundesweiter Frischezustellung oder Marktabholung. der Artikel kann je nach Rostocker Markt fehlen."	"PLANNED"	"Auf dem Rostocker Marktweg von Tobias: Padrón-Paprika wird als ganze frische kleine Paprika geplant bezogen; Sauce und fertiges Tapasgericht sind keine passenden Treffer."	"REQUIRED"	"Pimientos de Padrón frisch ganz 200 g FrischeParadies Frischezustellung; Tobias Rostock konkrete Produktseite Bestand Logistik 2026-09-04"	"AV2N-N-0032"	"TOBIAS_ROSTOCK_PROFILE|FORM_SENSITIVE|RESEARCH_REQUIRED"	"PROPOSED_FOR_HUMAN_REVIEW"
"PAK_CHOI"	"Pak Choi"	"APPLICABLE"	"Asiatisches Kohlgemüse mit saftigen hellen Stielen und dunklen Blättern; beide Teile sind essbar."	"GENERAL_BROAD"	"Für „Pak Choi“ führt der Rostocker Marktweg über gut sortierte Vollsortimenter und etablierte deutsche Gemüse- oder Frischehändler."	"PLANNED"	"Den Weg über gut sortierte Vollsortimenter und etablierte deutsche Gemüse- oder Frischehändler nutzt Tobias in Rostock für „Pak Choi“ mit diesem inhaltlichen Maßstab: „Asiatisches Kohlgemüse mit saftigen hellen Stielen und dunklen Blättern; beide Teile sind essbar.“"	"OPTIONAL"	"Pak Choi Asiatisches Kohlgemüse mit saftigen hellen Stielen und dunklen Blättern; Tobias Rostock Gemüse frisch TK genaue Sorte; Kohlgemüse / Blattgemüse; gut sortierte Vollsortimenter und etablierte deutsche Gemüse- oder Frischehändler; gezielter Einkauf Deutschland Wochenvorlauf; die exakt festgelegte Darreichung"	""	"TOBIAS_ROSTOCK_PROFILE"	"PROPOSED_FOR_HUMAN_REVIEW"
"PALM_SUGAR"	"Palmzucker"	"APPLICABLE"	"Aus Palmensaft eingekochter Zucker mit karamelligem Aroma; Block-, Pasten- und Granulatformen sind umfasst."	"SPECIALTY_BROAD"	"Tobias prüft „Palmzucker“ in Rostock über Asiafoodland – palm sugar slices 200 g und Asiashoponline – Nesia palm sugar 250 g, wobei die Evidenz eine vor dem Einkauf erneut zu prüfende Verfügbarkeit und Standardversand ausweist."	"SPECIALTY"	"Über Asiafoodland – palm sugar slices 200 g und Asiashoponline – Nesia palm sugar 250 g (Evidenzstand: eine vor dem Einkauf erneut zu prüfende Verfügbarkeit und Standardversand) prüft Tobias in Rostock „Palmzucker“, wobei folgende Abgrenzung gilt: „Aus Palmensaft eingekochter Zucker mit karamelligem Aroma; Block-, Pasten- und Granulatformen sind umfasst.“"	"REQUIRED"	"Palmzucker Aus Palmensaft eingekochter Zucker mit karamelligem Aroma; Tobias Rostock Backware Süßungsmittel exakte Form; Süßungsmittel; Asiafoodland – palm sugar slices 200 g | Asiashoponline – Nesia palm sugar 250 g; mehrere unabhängige Fachhändler Marktbreite; die exakt festgelegte Darreichung"	"AV2N-N-0035|AV2N-N-0036"	"TOBIAS_ROSTOCK_PROFILE|SPECIALTY_MARKET_BREADTH|RESEARCH_REQUIRED"	"PROPOSED_FOR_HUMAN_REVIEW"
"PANCETTA"	"Pancetta"	"APPLICABLE"	"Italienischer gepökelter, meist ungeräucherter Schweinebauch; gerollt oder flach und roh zu garen beziehungsweise gereift."	"GENERAL_BROAD"	"Der konkrete Bezug von „Pancetta“ läuft über Vorbestellung an einer gut sortierten Fleischtheke oder etablierter deutscher Metzgereiversand."	"PLANNED"	"Das Angebot zu „Pancetta“ über Vorbestellung an einer gut sortierten Fleischtheke oder etablierter deutscher Metzgereiversand kontrolliert Tobias in Rostock, wobei folgende Abgrenzung gilt: „Italienischer gepökelter, meist ungeräucherter Schweinebauch; gerollt oder flach und roh zu garen beziehungsweise gereift.“"	"OPTIONAL"	"Pancetta Italienischer gepökelter, meist ungeräucherter Schweinebauch; Tobias Rostock Fleisch Wurst exakte Tierart Zuschnitt; gepökeltes oder luftgetrocknetes Fleisch / Schweinebauch; Vorbestellung an einer gut sortierten Fleischtheke oder etablierter deutscher Metzgereiversand; gezielter Einkauf Deutschland Wochenvorlauf; die präzise tierische Produktform"	""	"TOBIAS_ROSTOCK_PROFILE|RATING_RECONCILED_V2"	"PROPOSED_FOR_HUMAN_REVIEW"
"PANDAN_LEAVES"	"Pandanblätter"	"APPLICABLE"	"Lange aromatische Pandanblätter mit süßlich-grünem, vanilleähnlichem Duft; meist zum Mitgaren oder Extrahieren."	"SPECIALTY_BROAD"	"Für „Pandanblätter“ führt der Rostocker Marktweg über Fachsortimente für frische Kräuter, wobei die Evidenz die menschliche v2-Freigabe für diesen Weg und Frischeversand sowie einen gezielten Händlerbesuch ausweist."	"SPECIALTY"	"Über Fachsortimente für frische Kräuter (Evidenzstand: die menschliche v2-Freigabe für diesen Weg und Frischeversand sowie einen gezielten Händlerbesuch) prüft Tobias in Rostock „Pandanblätter“, wobei folgende Abgrenzung gilt: „Lange aromatische Pandanblätter mit süßlich-grünem, vanilleähnlichem Duft; meist zum Mitgaren oder Extrahieren.“"	"REQUIRED"	"Pandanblätter Lange aromatische Pandanblätter mit süßlich-grünem, vanilleähnlichem Duft; Tobias Rostock frische Kräuter Bund Topf genaue Art; Kräuter und Würzblätter; Spezialhandel für frische Kräuter; mehrere unabhängige Fachhändler Marktbreite; die exakt festgelegte Darreichung"	"AV2E-054"	"REFERENCE_ANCHOR|TOBIAS_ROSTOCK_PROFILE|SPECIALTY_MARKET_BREADTH|RESEARCH_REQUIRED|REFERENCE_ANCHOR_V2"	"APPROVED_REFERENCE_ANCHOR_V2"
"PANEER"	"Paneer"	"APPLICABLE"	"Ungereifter indischer Frischkäse mit fester, nicht schmelzender Textur; typischerweise aus Kuh- oder Büffelmilch."	"SPECIALTY_BROAD"	"Tobias prüft „Paneer“ in Rostock über FrischeParadies – cheese direct shop und Spice Mart – fresh Paneer range, wobei die Evidenz eine vor dem Einkauf erneut zu prüfende Verfügbarkeit und Kühlversand ausweist."	"SPECIALTY"	"Über FrischeParadies – cheese direct shop und Spice Mart – fresh Paneer range (Evidenzstand: eine vor dem Einkauf erneut zu prüfende Verfügbarkeit und Kühlversand) prüft Tobias in Rostock „Paneer“, wobei folgende Abgrenzung gilt: „Ungereifter indischer Frischkäse mit fester, nicht schmelzender Textur; typischerweise aus Kuh- oder Büffelmilch.“"	"REQUIRED"	"Paneer Ungereifter indischer Frischkäse mit fester, nicht schmelzender Textur; Tobias Rostock Käse genaue Sorte Milch Reifung; Käse; FrischeParadies – cheese direct shop | Spice Mart – fresh Paneer range; mehrere unabhängige Fachhändler Marktbreite; die verlangte frische Form"	"AV2N-N-0040|AV2N-N-0041"	"TOBIAS_ROSTOCK_PROFILE|SPECIALTY_MARKET_BREADTH|FORM_SENSITIVE|RESEARCH_REQUIRED"	"PROPOSED_FOR_HUMAN_REVIEW"
"PANGASIUS"	"Pangasius"	"APPLICABLE"	"Milder weißfleischiger Süßwasserfisch, meist als grätenarmes Filet erhältlich."	"GENERAL_LOCAL"	"Beim Einkauf von „Pangasius“ nutzt Tobias die Fischkühlung, Tiefkühltruhe oder Fischtheke eines gewöhnlichen großen Rostocker Supermarkts."	"EASY"	"Die Beschaffung von „Pangasius“ über die Fischkühlung, Tiefkühltruhe oder Fischtheke eines gewöhnlichen großen Rostocker Supermarkts prüft Tobias in Rostock, wobei folgende Abgrenzung gilt: „Milder weißfleischiger Süßwasserfisch, meist als grätenarmes Filet erhältlich.“"	"OPTIONAL"	"Pangasius Milder weißfleischiger Süßwasserfisch, meist als grätenarmes Filet erhältlich; Tobias Rostock Fisch Seafood Frische TK genauer Zuschnitt; weißfleischiger Fisch; Die Fischkühlung, Tiefkühltruhe oder Fischtheke eines gewöhnlichen großen Rostocker Supermarkts; reguläres Sortiment Filialverfügbarkeit; den festgelegten Zuschnitt"	""	"TOBIAS_ROSTOCK_PROFILE|RATING_RECONCILED_V2"	"PROPOSED_FOR_HUMAN_REVIEW"
"PANKO"	"Panko"	"APPLICABLE"	"Grobe luftige japanische Weißbrotbrösel für besonders knusprige Panaden; nicht feine Semmelbrösel."	"GENERAL_BROAD"	"Die Beschaffung von „Panko“ erfolgt in Rostock über gut sortierte Vollsortimenter und etablierte deutsche Bio- oder Trockenwarenhändler."	"PLANNED"	"Über gut sortierte Vollsortimenter und etablierte deutsche Bio- oder Trockenwarenhändler prüft Tobias in Rostock „Panko“ nach dieser Produktbeschreibung: „Grobe luftige japanische Weißbrotbrösel für besonders knusprige Panaden; nicht feine Semmelbrösel.“"	"OPTIONAL"	"Panko Grobe luftige japanische Weißbrotbrösel für besonders knusprige Panaden; Tobias Rostock Getreide Stärke Teigware genaue Form; Semmelbrösel; gut sortierte Vollsortimenter und etablierte deutsche Bio- oder Trockenwarenhändler; gezielter Einkauf Deutschland Wochenvorlauf; die exakt festgelegte Darreichung"	""	"TOBIAS_ROSTOCK_PROFILE"	"PROPOSED_FOR_HUMAN_REVIEW"
"PAPAYA"	"Papaya"	"APPLICABLE"	"Reife Papaya mit weichem, süß-mildem Fruchtfleisch; grüne unreife Papaya bleibt getrennt."	"GENERAL_BROAD"	"Die Beschaffung von „Papaya“ erfolgt in Rostock über gut sortierte Vollsortimenter und etablierte deutsche Frucht- oder Frischehändler."	"PLANNED"	"Für „Papaya“ kontrolliert Tobias den Rostocker Bezug über gut sortierte Vollsortimenter und etablierte deutsche Frucht- oder Frischehändler mit diesem inhaltlichen Maßstab: „Reife Papaya mit weichem, süß-mildem Fruchtfleisch; grüne unreife Papaya bleibt getrennt.“"	"OPTIONAL"	"Papaya Reife Papaya mit weichem, süß-mildem Fruchtfleisch; Tobias Rostock Obst frisch TK genaue Sorte; Tropenfrucht; gut sortierte Vollsortimenter und etablierte deutsche Frucht- oder Frischehändler; gezielter Einkauf Deutschland Wochenvorlauf; die exakt festgelegte Darreichung"	""	"TOBIAS_ROSTOCK_PROFILE"	"PROPOSED_FOR_HUMAN_REVIEW"
"PAPRIKA_POWDER"	"Paprikapulver"	"APPLICABLE"	"Paprikapulver als Gewürzfamilie mit süßen, scharfen und geräucherten Varianten; nicht frische Paprika."	"GENERAL_LOCAL"	"Beim Einkauf von „Paprikapulver“ nutzt Tobias das Gewürz- oder Backregal eines gewöhnlichen großen Rostocker Supermarkts."	"EASY"	"Für „Paprikapulver“ kontrolliert Tobias den Rostocker Bezug über das Gewürz- oder Backregal eines gewöhnlichen großen Rostocker Supermarkts nach dieser Produktbeschreibung: „Paprikapulver als Gewürzfamilie mit süßen, scharfen und geräucherten Varianten; nicht frische Paprika.“"	"OPTIONAL"	"Paprikapulver Paprikapulver als Gewürzfamilie mit süßen, scharfen und geräucherten Varianten; Tobias Rostock Gewürz ganze gemahlene getrocknete Form; Gewürz oder trockenes Würzmittel; Das Gewürz- oder Backregal eines gewöhnlichen großen Rostocker Supermarkts; reguläres Sortiment Filialverfügbarkeit; die gemahlene oder pulverisierte Form"	""	"TOBIAS_ROSTOCK_PROFILE|FORM_SENSITIVE"	"PROPOSED_FOR_HUMAN_REVIEW"
"PARMESAN"	"Parmesan"	"APPLICABLE"	"Sehr harter, lange gereifter italienischer Kuhmilchkäse nach Parmesan-Art; würzig, salzig und umamireich."	"GENERAL_LOCAL"	"Der konkrete Bezug von „Parmesan“ läuft über die Käsekühlung oder Käsetheke eines gewöhnlichen großen Rostocker Supermarkts."	"EASY"	"Das Angebot zu „Parmesan“ über die Käsekühlung oder Käsetheke eines gewöhnlichen großen Rostocker Supermarkts kontrolliert Tobias in Rostock mit diesem inhaltlichen Maßstab: „Sehr harter, lange gereifter italienischer Kuhmilchkäse nach Parmesan-Art; würzig, salzig und umamireich.“"	"OPTIONAL"	"Parmesan Sehr harter, lange gereifter italienischer Kuhmilchkäse nach Parmesan-Art; Tobias Rostock Käse genaue Sorte Milch Reifung; Käse; Die Käsekühlung oder Käsetheke eines gewöhnlichen großen Rostocker Supermarkts; reguläres Sortiment Filialverfügbarkeit; die präzise gekühlte oder tierische Produktform"	""	"TOBIAS_ROSTOCK_PROFILE"	"PROPOSED_FOR_HUMAN_REVIEW"
"PARSLEY"	"Petersilie"	"APPLICABLE"	"Frische Petersilienblätter mit grün-würzigem Aroma; glatte und krause Formen sind umfasst, nicht Petersilienwurzel."	"GENERAL_LOCAL"	"Die Rostocker Warenprüfung für „Petersilie“ erfolgt über die Kräuterkühlung der Obst- und Gemüseabteilung eines gewöhnlichen großen Rostocker Supermarkts."	"EASY"	"Tobias organisiert über die Kräuterkühlung der Obst- und Gemüseabteilung eines gewöhnlichen großen Rostocker Supermarkts die Rostocker Prüfung von „Petersilie“, wobei folgende Abgrenzung gilt: „Frische Petersilienblätter mit grün-würzigem Aroma; glatte und krause Formen sind umfasst, nicht Petersilienwurzel.“"	"OPTIONAL"	"Petersilie Frische Petersilienblätter mit grün-würzigem Aroma; Tobias Rostock frische Kräuter Bund Topf genaue Art; Kräuter und Würzblätter; Die Kräuterkühlung der Obst- und Gemüseabteilung eines gewöhnlichen großen Rostocker Supermarkts; reguläres Sortiment Filialverfügbarkeit; die verlangte frische Form"	""	"TOBIAS_ROSTOCK_PROFILE|FORM_SENSITIVE"	"PROPOSED_FOR_HUMAN_REVIEW"
"PARSLEY_ROOT"	"Petersilienwurzel"	"APPLICABLE"	"Essbare Wurzel der Wurzelpetersilie; aromatisches Wurzelgemüse. Nicht mit Pastinake und nicht mit Petersilienblättern gleichsetzen."	"GENERAL_LOCAL"	"Der konkrete Bezug von „Petersilienwurzel“ läuft über die Gemüseabteilung eines gewöhnlichen großen Rostocker Supermarkts."	"EASY"	"Die Beschaffung von „Petersilienwurzel“ über die Gemüseabteilung eines gewöhnlichen großen Rostocker Supermarkts prüft Tobias in Rostock und verwendet dafür die Definition: „Essbare Wurzel der Wurzelpetersilie; aromatisches Wurzelgemüse. Nicht mit Pastinake und nicht mit Petersilienblättern gleichsetzen.“"	"OPTIONAL"	"Petersilienwurzel Essbare Wurzel der Wurzelpetersilie; aromatisches Wurzelgemüse; Tobias Rostock Gemüse frisch TK genaue Sorte; Wurzel- und Knollengemüse; Die Gemüseabteilung eines gewöhnlichen großen Rostocker Supermarkts; reguläres Sortiment Filialverfügbarkeit; die festgelegte Wurzel-, Knollen- oder Rhizomform"	""	"TOBIAS_ROSTOCK_PROFILE"	"PROPOSED_FOR_HUMAN_REVIEW"
"PARSNIP"	"Pastinake"	"APPLICABLE"	"Pastinake mit süßlich-erdigem, leicht würzigem Wurzelfleisch; nicht Petersilienwurzel."	"GENERAL_LOCAL"	"Tobias sucht „Pastinake“ in Rostock über die Gemüseabteilung eines gewöhnlichen großen Rostocker Supermarkts gesucht."	"EASY"	"Beim Rostocker Einkauf setzt Tobias für „Pastinake“ auf die Gemüseabteilung eines gewöhnlichen großen Rostocker Supermarkts und verwendet dafür die Definition: „Pastinake mit süßlich-erdigem, leicht würzigem Wurzelfleisch; nicht Petersilienwurzel.“"	"OPTIONAL"	"Pastinake Pastinake mit süßlich-erdigem, leicht würzigem Wurzelfleisch; Tobias Rostock Gemüse frisch TK genaue Sorte; Wurzel- und Knollengemüse; Die Gemüseabteilung eines gewöhnlichen großen Rostocker Supermarkts; reguläres Sortiment Filialverfügbarkeit; die exakt festgelegte Darreichung"	""	"TOBIAS_ROSTOCK_PROFILE"	"PROPOSED_FOR_HUMAN_REVIEW"
"PASSION_FRUIT"	"Passionsfrucht"	"APPLICABLE"	"Passionsfrucht mit aromatischem süß-saurem Fruchtmark und knackigen essbaren Kernen."	"GENERAL_BROAD"	"Jamoona Fresh – frische Passionsfrucht 500 g belegt formgenau: Jamoona führt ganze frische Passiflora-edulis-Früchte mit essbarem kernreichem Fruchtfleisch und konkret ausgewiesenem Bestand. Für Tobias in Rostock gilt: Deutschlandweiter Frischeversand nach Bornheim und Rostock; 2–3 Werktage oder Express; Logistik FRESH_SHIPPING. Niedriger Momentanbestand und Versand nur Montag bis Donnerstag bleiben frischebedingt; die parallele REWE-Listung stützt die allgemeine Marktbreite."	"PLANNED"	"Die Beschaffung von „Passionsfrucht“ über gut sortierte Vollsortimenter und etablierte deutsche Frucht- oder Frischehändler prüft Tobias in Rostock mit diesem inhaltlichen Maßstab: „Passionsfrucht mit aromatischem süß-saurem Fruchtmark und knackigen essbaren Kernen.“"	"OPTIONAL"	"Jamoona Fresh Passionsfrucht Maracuja 500 g Passiflora edulis Bestand | Tobias in Rostock | IN_STOCK FRESH_SHIPPING"	"AV2N-P-0020"	"TOBIAS_ROSTOCK_PROFILE|RATING_RECONCILED_V2"	"PROPOSED_FOR_HUMAN_REVIEW"
"PASTIS"	"Pastis"	"APPLICABLE"	"Anisbetonte französische Spirituose nach Pastis-Art, typischerweise zusätzlich mit Süßholz und weiteren Kräutern beziehungsweise Gewürzen aromatisiert. Nicht Absinth oder beliebiger Anislikör."	"GENERAL_BROAD"	"Tobias prüft „Pastis“ in Rostock über große Getränkefachmärkte und etablierte deutsche Spirituosen- oder Weinversender."	"PLANNED"	"Über große Getränkefachmärkte und etablierte deutsche Spirituosen- oder Weinversender prüft Tobias in Rostock „Pastis“, wobei folgende Abgrenzung gilt: „Anisbetonte französische Spirituose nach Pastis-Art, typischerweise zusätzlich mit Süßholz und weiteren Kräutern beziehungsweise Gewürzen aromatisiert. Nicht Absinth oder beliebiger Anislikör.“"	"OPTIONAL"	"Pastis Anisbetonte französische Spirituose nach Pastis-Art, typischerweise zusätzlich…; Tobias Rostock Getränkehandel Kochalkohol genaue Sorte; Kochalkohol; große Getränkefachmärkte und etablierte deutsche Spirituosen- oder Weinversender; gezielter Einkauf Deutschland Wochenvorlauf; die exakt festgelegte Darreichung"	""	"TOBIAS_ROSTOCK_PROFILE"	"PROPOSED_FOR_HUMAN_REVIEW"
"PEA_EGGPLANT"	"Erbsenaubergine"	"APPLICABLE"	"Erbsengroße, traubenartig wachsende Früchte von Solanum torvum mit knackigem Biss und deutlich herber Note, besonders für Currys. Keine Miniaturform der gewöhnlichen Aubergine."	"NICHE_IMPORT"	"Die Rostocker Warenprüfung für „Erbsenaubergine“ erfolgt über Händler mit spezialisiertem philippinischem Sortiment, wobei die Evidenz die menschliche v2-Freigabe für diesen Weg und Importbeschränkungen, einen gezielten Händlerbesuch sowie Standardversand ausweist."	"DIFFICULT"	"Über Händler mit spezialisiertem philippinischem Sortiment (Evidenzstand: die menschliche v2-Freigabe für diesen Weg und Importbeschränkungen, einen gezielten Händlerbesuch sowie Standardversand) prüft Tobias in Rostock „Erbsenaubergine“, wobei folgende Abgrenzung gilt: „Erbsengroße, traubenartig wachsende Früchte von Solanum torvum mit knackigem Biss und deutlich herber Note, besonders für Currys. Keine Miniaturform der gewöhnlichen Aubergine.“"	"REQUIRED"	"Erbsenaubergine Erbsengroße, traubenartig wachsende Früchte von Solanum torvum mit knackigem…; Tobias Rostock Gemüse frisch TK genaue Sorte; Fruchtgemüse; philippinischen Lebensmittel-Spezialhandel Nischenweg; Bestand Produktform Versandlogistik; die exakt festgelegte Darreichung"	"AV2E-088"	"REFERENCE_ANCHOR|TOBIAS_ROSTOCK_PROFILE|FORM_OR_LOGISTICS_RISK|RESEARCH_REQUIRED|REFERENCE_ANCHOR_V2"	"APPROVED_REFERENCE_ANCHOR_V2"
"PEACH"	"Pfirsich"	"APPLICABLE"	"Pfirsich mit samtiger Schale und saftigem süß-aromatischem Fruchtfleisch; weiß- und gelbfleischige Sorten sind umfasst."	"GENERAL_LOCAL"	"Für „Pfirsich“ führt der Rostocker Marktweg über die Obstabteilung eines gewöhnlichen großen Rostocker Supermarkts."	"EASY"	"Den Weg über die Obstabteilung eines gewöhnlichen großen Rostocker Supermarkts nutzt Tobias in Rostock für „Pfirsich“ nach dieser Produktbeschreibung: „Pfirsich mit samtiger Schale und saftigem süß-aromatischem Fruchtfleisch; weiß- und gelbfleischige Sorten sind umfasst.“"	"OPTIONAL"	"Pfirsich Pfirsich mit samtiger Schale und saftigem süß-aromatischem Fruchtfleisch; Tobias Rostock Obst frisch TK genaue Sorte; Steinobst; Die Obstabteilung eines gewöhnlichen großen Rostocker Supermarkts; reguläres Sortiment Filialverfügbarkeit; die exakt festgelegte Darreichung"	""	"TOBIAS_ROSTOCK_PROFILE"	"PROPOSED_FOR_HUMAN_REVIEW"
"PEANUT"	"Erdnüsse"	"APPLICABLE"	"Erdnusskerne mit kräftig-nussigem Aroma; roh, geröstet, ganz oder gehackt verwendbar."	"GENERAL_LOCAL"	"Die Rostocker Warenprüfung für „Erdnüsse“ erfolgt über das Nuss-, Saaten-, Back- oder Brotaufstrichregal eines gewöhnlichen großen Rostocker Supermarkts."	"EASY"	"Tobias organisiert über das Nuss-, Saaten-, Back- oder Brotaufstrichregal eines gewöhnlichen großen Rostocker Supermarkts die Rostocker Prüfung von „Erdnüsse“, wobei folgende Abgrenzung gilt: „Erdnusskerne mit kräftig-nussigem Aroma; roh, geröstet, ganz oder gehackt verwendbar.“"	"OPTIONAL"	"Erdnüsse Erdnusskerne mit kräftig-nussigem Aroma; roh, geröstet, ganz oder gehackt…; Tobias Rostock Nuss Samen Mus genaue Rohware; Nüsse; Das Nuss-, Saaten-, Back- oder Brotaufstrichregal eines gewöhnlichen großen Rostocker Supermarkts; reguläres Sortiment Filialverfügbarkeit; die geforderte ganze oder körnige Form"	""	"TOBIAS_ROSTOCK_PROFILE"	"PROPOSED_FOR_HUMAN_REVIEW"
"PEANUT_BUTTER"	"Erdnussbutter"	"APPLICABLE"	"Streichfähige Erdnusspaste, glatt oder stückig; ungesüßte und leicht gesüßte Varianten sind umfasst."	"GENERAL_LOCAL"	"Tobias prüft „Erdnussbutter“ in Rostock über das Nuss-, Saaten-, Back- oder Brotaufstrichregal eines gewöhnlichen großen Rostocker Supermarkts."	"EASY"	"Über das Nuss-, Saaten-, Back- oder Brotaufstrichregal eines gewöhnlichen großen Rostocker Supermarkts prüft Tobias in Rostock „Erdnussbutter“ mit diesem inhaltlichen Maßstab: „Streichfähige Erdnusspaste, glatt oder stückig; ungesüßte und leicht gesüßte Varianten sind umfasst.“"	"OPTIONAL"	"Erdnussbutter Streichfähige Erdnusspaste, glatt oder stückig; Tobias Rostock Nuss Samen Mus genaue Rohware; Nuss- oder Samenpaste / Erdnüsse; Das Nuss-, Saaten-, Back- oder Brotaufstrichregal eines gewöhnlichen großen Rostocker Supermarkts; reguläres Sortiment Filialverfügbarkeit; die exakt festgelegte Darreichung"	""	"TOBIAS_ROSTOCK_PROFILE"	"PROPOSED_FOR_HUMAN_REVIEW"
"PEANUT_SATAY_SAUCE"	"Erdnuss-Satay-Sauce"	"APPLICABLE"	"Fertige erdnussbasierte Satay-/Pindasaus; typischerweise süß-salzig und kräftig nussig, konkrete Würzung und Schärfe können variieren. Nicht mit reinem Erdnussmus oder Erdnussbutter gleichsetzen."	"GENERAL_BROAD"	"Die Rostocker Warenprüfung für „Erdnuss-Satay-Sauce“ erfolgt über gut sortierte Vollsortimenter und etablierte deutsche Feinkost- oder Würzsaucenhändler."	"PLANNED"	"Tobias nutzt in Rostock gut sortierte Vollsortimenter und etablierte deutsche Feinkost- oder Würzsaucenhändler für „Erdnuss-Satay-Sauce“, wobei folgende Abgrenzung gilt: „Fertige erdnussbasierte Satay-/Pindasaus; typischerweise süß-salzig und kräftig nussig, konkrete Würzung und Schärfe können variieren. Nicht mit reinem Erdnussmus oder Erdnussbutter gleichsetzen.“"	"OPTIONAL"	"Erdnuss-Satay-Sauce Fertige erdnussbasierte Satay-/Pindasaus; Tobias Rostock Würzsauce Paste Essig exakte Sorte; fertige Sauce oder Würzpaste; gut sortierte Vollsortimenter und etablierte deutsche Feinkost- oder Würzsaucenhändler; gezielter Einkauf Deutschland Wochenvorlauf; die exakt festgelegte Darreichung"	""	"TOBIAS_ROSTOCK_PROFILE|RATING_RECONCILED_V2"	"PROPOSED_FOR_HUMAN_REVIEW"
"PEAR"	"Birne"	"APPLICABLE"	"Birne als saftiges Kernobst; Sorte, Festigkeit und Verhältnis von Süße zu Säure bleiben offen."	"GENERAL_LOCAL"	"Die Beschaffung von „Birne“ erfolgt in Rostock über die Obstabteilung eines gewöhnlichen großen Rostocker Supermarkts."	"EASY"	"Für „Birne“ kontrolliert Tobias den Rostocker Bezug über die Obstabteilung eines gewöhnlichen großen Rostocker Supermarkts nach dieser Produktbeschreibung: „Birne als saftiges Kernobst; Sorte, Festigkeit und Verhältnis von Süße zu Säure bleiben offen.“"	"OPTIONAL"	"Birne Birne als saftiges Kernobst; Sorte, Festigkeit und Verhältnis von Süße zu…; Tobias Rostock Obst frisch TK genaue Sorte; Kernobst; Die Obstabteilung eines gewöhnlichen großen Rostocker Supermarkts; reguläres Sortiment Filialverfügbarkeit; die exakt festgelegte Darreichung"	""	"TOBIAS_ROSTOCK_PROFILE"	"PROPOSED_FOR_HUMAN_REVIEW"
"PEARL_BARLEY"	"Graupen"	"APPLICABLE"	"Geschälte und rund geschliffene Gerstenkörner, auch Graupen; schneller garend und weicher als ganze Gerste."	"GENERAL_LOCAL"	"Der konkrete Bezug von „Graupen“ läuft über das Getreide-, Mehl-, Reis- oder Teigwarenregal eines gewöhnlichen großen Rostocker Supermarkts."	"EASY"	"Das Angebot zu „Graupen“ über das Getreide-, Mehl-, Reis- oder Teigwarenregal eines gewöhnlichen großen Rostocker Supermarkts kontrolliert Tobias in Rostock mit diesem inhaltlichen Maßstab: „Geschälte und rund geschliffene Gerstenkörner, auch Graupen; schneller garend und weicher als ganze Gerste.“"	"OPTIONAL"	"Graupen Geschälte und rund geschliffene Gerstenkörner, auch Graupen; Tobias Rostock Getreide Stärke Teigware genaue Form; Gerste; Das Getreide-, Mehl-, Reis- oder Teigwarenregal eines gewöhnlichen großen Rostocker Supermarkts; reguläres Sortiment Filialverfügbarkeit; die geforderte ganze oder körnige Form"	""	"TOBIAS_ROSTOCK_PROFILE"	"PROPOSED_FOR_HUMAN_REVIEW"
"PEAS"	"Erbsen"	"APPLICABLE"	"Offene Vorgabe für Erbsenkerne; frisch, getrocknet oder gespalten sind mögliche Wege, essbare Hülsen nicht automatisch."	"GENERAL_LOCAL"	"Tobias sucht „Erbsen“ in Rostock über das Hülsenfrucht-, Konserven- oder Trockensortiment eines gewöhnlichen großen Rostocker Supermarkts gesucht."	"EASY"	"Tobias nutzt in Rostock das Hülsenfrucht-, Konserven- oder Trockensortiment eines gewöhnlichen großen Rostocker Supermarkts für „Erbsen“, wobei folgende Abgrenzung gilt: „Offene Vorgabe für Erbsenkerne; frisch, getrocknet oder gespalten sind mögliche Wege, essbare Hülsen nicht automatisch.“"	"OPTIONAL"	"Erbsen Offene Vorgabe für Erbsenkerne; frisch, getrocknet oder gespalten sind…; Tobias Rostock Hülsenfrucht getrocknet vorgegart Sorte; Hülsenfrüchte; Das Hülsenfrucht-, Konserven- oder Trockensortiment eines gewöhnlichen großen Rostocker Supermarkts; reguläres Sortiment Filialverfügbarkeit; die verlangte frische Form"	""	"TOBIAS_ROSTOCK_PROFILE|FORM_SENSITIVE"	"PROPOSED_FOR_HUMAN_REVIEW"
"PECAN"	"Pekannüsse"	"APPLICABLE"	"Pekannusskerne mit buttrigem, mild-süßlichem Aroma; natur oder geröstet verwendbar."	"GENERAL_LOCAL"	"Für „Pekannüsse“ führt der Rostocker Marktweg über das Nuss-, Saaten-, Back- oder Brotaufstrichregal eines gewöhnlichen großen Rostocker Supermarkts."	"EASY"	"Den Weg über das Nuss-, Saaten-, Back- oder Brotaufstrichregal eines gewöhnlichen großen Rostocker Supermarkts nutzt Tobias in Rostock für „Pekannüsse“ mit diesem inhaltlichen Maßstab: „Pekannusskerne mit buttrigem, mild-süßlichem Aroma; natur oder geröstet verwendbar.“"	"OPTIONAL"	"Pekannüsse Pekannusskerne mit buttrigem, mild-süßlichem Aroma; Tobias Rostock Nuss Samen Mus genaue Rohware; Nüsse; Das Nuss-, Saaten-, Back- oder Brotaufstrichregal eines gewöhnlichen großen Rostocker Supermarkts; reguläres Sortiment Filialverfügbarkeit; die exakt festgelegte Darreichung"	""	"TOBIAS_ROSTOCK_PROFILE"	"PROPOSED_FOR_HUMAN_REVIEW"
"PECORINO"	"Pecorino"	"APPLICABLE"	"Harter bis halbfester italienischer Schafmilchkäse; Herkunft, Reifegrad und Salzintensität bleiben offen."	"GENERAL_BROAD"	"Viani – Pecorino Romano DOP 200 g belegt formgenau: Viani bietet Pecorino Romano DOP als festen italienischen Hartkäse aus Schafmilch sofort verfügbar an. Für Tobias in Rostock gilt: Deutschlandweiter Kühlversand nach Bornheim und Rostock mit Frischezuschlag; Logistik CHILLED_SHIPPING. Der Beleg deckt die Romano-Unterart der offenen Pecorino-Familie; andere regionale Reifegrade und Zuschnitte bleiben variabel."	"PLANNED"	"Über gut sortierte Käsetheken und etablierte deutsche Käsehändler prüft Tobias in Rostock „Pecorino“, wobei folgende Abgrenzung gilt: „Harter bis halbfester italienischer Schafmilchkäse; Herkunft, Reifegrad und Salzintensität bleiben offen.“"	"OPTIONAL"	"Viani Pecorino Romano DOP 200 g Schafmilch sofort verfügbar | Tobias in Rostock | IN_STOCK CHILLED_SHIPPING"	"AV2N-P-0021"	"TOBIAS_ROSTOCK_PROFILE"	"PROPOSED_FOR_HUMAN_REVIEW"
"PENNE"	"Penne"	"APPLICABLE"	"Kurze röhrenförmige Weizenpasta mit schrägen Enden; glatt oder geriffelt verwendbar."	"GENERAL_LOCAL"	"Tobias sucht „Penne“ in Rostock über das Getreide-, Mehl-, Reis- oder Teigwarenregal eines gewöhnlichen großen Rostocker Supermarkts gesucht."	"EASY"	"Tobias nutzt in Rostock das Getreide-, Mehl-, Reis- oder Teigwarenregal eines gewöhnlichen großen Rostocker Supermarkts für „Penne“ mit diesem inhaltlichen Maßstab: „Kurze röhrenförmige Weizenpasta mit schrägen Enden; glatt oder geriffelt verwendbar.“"	"OPTIONAL"	"Penne Kurze röhrenförmige Weizenpasta mit schrägen Enden; Tobias Rostock Getreide Stärke Teigware genaue Form; Weizenpasta; Das Getreide-, Mehl-, Reis- oder Teigwarenregal eines gewöhnlichen großen Rostocker Supermarkts; reguläres Sortiment Filialverfügbarkeit; die exakt festgelegte Darreichung"	""	"TOBIAS_ROSTOCK_PROFILE"	"PROPOSED_FOR_HUMAN_REVIEW"
"PEPPER"	"Pfeffer"	"APPLICABLE"	"Echter Pfeffer und seine Reife- beziehungsweise Verarbeitungsformen; Szechuanpfeffer bleibt eigenständig."	"GENERAL_LOCAL"	"Für „Pfeffer“ wird das Angebot über das Gewürz- oder Backregal eines gewöhnlichen großen Rostocker Supermarkts kontrolliert."	"EASY"	"Die Beschaffung von „Pfeffer“ über das Gewürz- oder Backregal eines gewöhnlichen großen Rostocker Supermarkts prüft Tobias in Rostock nach dieser Produktbeschreibung: „Echter Pfeffer und seine Reife- beziehungsweise Verarbeitungsformen; Szechuanpfeffer bleibt eigenständig.“"	"OPTIONAL"	"Pfeffer Echter Pfeffer und seine Reife- beziehungsweise Verarbeitungsformen; Tobias Rostock Gewürz ganze gemahlene getrocknete Form; Gewürz oder trockenes Würzmittel; Das Gewürz- oder Backregal eines gewöhnlichen großen Rostocker Supermarkts; reguläres Sortiment Filialverfügbarkeit; die exakt festgelegte Darreichung"	""	"TOBIAS_ROSTOCK_PROFILE"	"PROPOSED_FOR_HUMAN_REVIEW"
"PERILLA_LEAVES"	"Perillablätter"	"APPLICABLE"	"Frische Perillablätter mit kräftig kräuterigem, leicht minzig-anisigem und teils erdigem Aroma; grüne und violette kulinarische Formen sind umfasst. Nicht vietnamesischer Koriander oder Minze."	"NICHE_IMPORT"	"Perillablätter: Das konkrete Frischeangebot von Asia Moin eröffnet einen engen Versandweg für grüne oder violette Blätter; Kühlzustellung und wechselnder Frischbestand begrenzen ihn."	"DIFFICULT"	"Für Tobias in Rostock belegt Asia Moin einen engen Versandweg zu frischen grünen oder violetten Perillablättern — die notwendige Kühlzustellung und der wechselnde Frischbestand halten diesen Bezug fragil, vietnamesischer Koriander oder Minze wären kein Ersatz."	"REQUIRED"	"Perillablätter Frische Perillablätter mit kräftig kräuterigem, leicht minzig-anisigem und…; Tobias Rostock frische Kräuter Bund Topf genaue Art; Kräuter und Würzblätter; Asia Moin – fresh vegetables with Perilla/Shiso bunch; Bestand Produktform Versandlogistik; die verlangte frische Form"	"AV2N-N-0046"	"TOBIAS_ROSTOCK_PROFILE|FORM_OR_LOGISTICS_RISK|FORM_SENSITIVE|RESEARCH_REQUIRED|RATING_RECONCILED_V2"	"PROPOSED_FOR_HUMAN_REVIEW"
"PERSIMMON"	"Kaki"	"APPLICABLE"	"Kaki mit süßem orangefarbenem Fruchtfleisch; feste nichtadstringierende und weichreife Sorten sind umfasst."	"GENERAL_LOCAL"	"Beim Einkauf von „Kaki“ nutzt Tobias die Obstabteilung eines gewöhnlichen großen Rostocker Supermarkts."	"EASY"	"Die Beschaffung von „Kaki“ über die Obstabteilung eines gewöhnlichen großen Rostocker Supermarkts prüft Tobias in Rostock nach dieser Produktbeschreibung: „Kaki mit süßem orangefarbenem Fruchtfleisch; feste nichtadstringierende und weichreife Sorten sind umfasst.“"	"OPTIONAL"	"Kaki Kaki mit süßem orangefarbenem Fruchtfleisch; Tobias Rostock Obst frisch TK genaue Sorte; Obst; Die Obstabteilung eines gewöhnlichen großen Rostocker Supermarkts; reguläres Sortiment Filialverfügbarkeit; die exakt festgelegte Darreichung"	""	"TOBIAS_ROSTOCK_PROFILE"	"PROPOSED_FOR_HUMAN_REVIEW"
"PESTO"	"Pesto"	"APPLICABLE"	"Rohe oder wenig erhitzte Kräuter- beziehungsweise Pflanzenpaste mit Öl; Zutatenbasis bleibt offen, nicht nur Pesto Genovese."	"GENERAL_LOCAL"	"Tobias sucht „Pesto“ in Rostock über das Saucen-, Essig- oder Feinkostregal eines gewöhnlichen großen Rostocker Supermarkts gesucht."	"EASY"	"Tobias nutzt in Rostock das Saucen-, Essig- oder Feinkostregal eines gewöhnlichen großen Rostocker Supermarkts für „Pesto“ mit diesem inhaltlichen Maßstab: „Rohe oder wenig erhitzte Kräuter- beziehungsweise Pflanzenpaste mit Öl; Zutatenbasis bleibt offen, nicht nur Pesto Genovese.“"	"OPTIONAL"	"Pesto Rohe oder wenig erhitzte Kräuter- beziehungsweise Pflanzenpaste mit Öl; Tobias Rostock Würzsauce Paste Essig exakte Sorte; fertige Sauce oder Würzpaste; Das Saucen-, Essig- oder Feinkostregal eines gewöhnlichen großen Rostocker Supermarkts; reguläres Sortiment Filialverfügbarkeit; die geforderte Blatt- oder Kräuterform"	""	"TOBIAS_ROSTOCK_PROFILE"	"PROPOSED_FOR_HUMAN_REVIEW"
"PICKLED_CHILI"	"eingelegte Chili"	"APPLICABLE"	"In Essig- oder Gewürzlake eingelegte ganze oder geschnittene Chili; Sorte und Schärfe bleiben offen, trockene Formen sind nicht gemeint."	"GENERAL_LOCAL"	"Für „eingelegte Chili“ wird das Angebot über das Konserven-, Sauergemüse- oder Feinkostregal eines gewöhnlichen großen Rostocker Supermarkts kontrolliert."	"EASY"	"Beim Rostocker Einkauf setzt Tobias für „eingelegte Chili“ auf das Konserven-, Sauergemüse- oder Feinkostregal eines gewöhnlichen großen Rostocker Supermarkts, wobei folgende Abgrenzung gilt: „In Essig- oder Gewürzlake eingelegte ganze oder geschnittene Chili; Sorte und Schärfe bleiben offen, trockene Formen sind nicht gemeint.“"	"OPTIONAL"	"eingelegte Chili In Essig- oder Gewürzlake eingelegte ganze oder geschnittene Chili; Tobias Rostock Sauergemüse Konserve Ferment exakte Form; konservierte pflanzliche Zutat; Das Konserven-, Sauergemüse- oder Feinkostregal eines gewöhnlichen großen Rostocker Supermarkts; reguläres Sortiment Filialverfügbarkeit; die konservierte Produktform"	""	"TOBIAS_ROSTOCK_PROFILE"	"PROPOSED_FOR_HUMAN_REVIEW"
"PICKLED_CUCUMBER"	"Gewürzgurke"	"APPLICABLE"	"Essigbasierte Gewürzgurke mit süß-säuerlicher bis würziger Lake; nicht milchsauer fermentierte Salzgurke."	"GENERAL_LOCAL"	"Der konkrete Bezug von „Gewürzgurke“ läuft über das Konserven-, Sauergemüse- oder Feinkostregal eines gewöhnlichen großen Rostocker Supermarkts."	"EASY"	"Das Angebot zu „Gewürzgurke“ über das Konserven-, Sauergemüse- oder Feinkostregal eines gewöhnlichen großen Rostocker Supermarkts kontrolliert Tobias in Rostock, wobei folgende Abgrenzung gilt: „Essigbasierte Gewürzgurke mit süß-säuerlicher bis würziger Lake; nicht milchsauer fermentierte Salzgurke.“"	"OPTIONAL"	"Gewürzgurke Essigbasierte Gewürzgurke mit süß-säuerlicher bis würziger Lake; Tobias Rostock Sauergemüse Konserve Ferment exakte Form; Gurke / konservierte pflanzliche Zutat; Das Konserven-, Sauergemüse- oder Feinkostregal eines gewöhnlichen großen Rostocker Supermarkts; reguläres Sortiment Filialverfügbarkeit; die exakt festgelegte Darreichung"	""	"TOBIAS_ROSTOCK_PROFILE"	"PROPOSED_FOR_HUMAN_REVIEW"
"PICKLED_GINGER"	"eingelegter Ingwer"	"APPLICABLE"	"Dünn geschnittener, süß-säuerlich eingelegter Ingwer nach Gari-Art; nicht frisches Ingwer-Rhizom."	"GENERAL_BROAD"	"Tobias prüft „eingelegter Ingwer“ in Rostock über gut sortierte Vollsortimenter und etablierte deutsche Händler für konservierte Gemüsewaren."	"PLANNED"	"Über gut sortierte Vollsortimenter und etablierte deutsche Händler für konservierte Gemüsewaren prüft Tobias in Rostock „eingelegter Ingwer“, wobei folgende Abgrenzung gilt: „Dünn geschnittener, süß-säuerlich eingelegter Ingwer nach Gari-Art; nicht frisches Ingwer-Rhizom.“"	"OPTIONAL"	"eingelegter Ingwer Dünn geschnittener, süß-säuerlich eingelegter Ingwer nach Gari-Art; Tobias Rostock Sauergemüse Konserve Ferment exakte Form; Ingwer / konservierte pflanzliche Zutat; gut sortierte Vollsortimenter und etablierte deutsche Händler für konservierte Gemüsewaren; gezielter Einkauf Deutschland Wochenvorlauf; die konservierte Produktform"	""	"TOBIAS_ROSTOCK_PROFILE|FORM_SENSITIVE|RATING_RECONCILED_V2"	"PROPOSED_FOR_HUMAN_REVIEW"
"PICKLED_HERRING"	"eingelegter Hering"	"APPLICABLE"	"Hering in essig- oder säurebasierter Würzlake; süße, zwiebelige und cremig weiterverarbeitete Varianten sind möglich."	"GENERAL_LOCAL"	"Für „eingelegter Hering“ wird das Angebot über das Fischkonserven- oder haltbare Seafood-Regal eines gewöhnlichen großen Rostocker Supermarkts kontrolliert."	"EASY"	"Beim Rostocker Einkauf setzt Tobias für „eingelegter Hering“ auf das Fischkonserven- oder haltbare Seafood-Regal eines gewöhnlichen großen Rostocker Supermarkts, wobei folgende Abgrenzung gilt: „Hering in essig- oder säurebasierter Würzlake; süße, zwiebelige und cremig weiterverarbeitete Varianten sind möglich.“"	"OPTIONAL"	"eingelegter Hering Hering in essig- oder säurebasierter Würzlake; Tobias Rostock Fisch Seafood exakte Art Konserve Trockenware; Hering / konservierter Fisch; Das Fischkonserven- oder haltbare Seafood-Regal eines gewöhnlichen großen Rostocker Supermarkts; reguläres Sortiment Filialverfügbarkeit; die präzise tierische Produktform"	""	"TOBIAS_ROSTOCK_PROFILE"	"PROPOSED_FOR_HUMAN_REVIEW"
"PICKLED_MUSHROOMS"	"eingelegte Pilze"	"APPLICABLE"	"In Essiglake eingelegte Speisepilze; eine Fermentation wird nicht vorausgesetzt."	"GENERAL_BROAD"	"Für „eingelegte Pilze“ führt der Rostocker Marktweg über gut sortierte Vollsortimenter und etablierte deutsche Händler für konservierte Pilze."	"PLANNED"	"Den Weg über gut sortierte Vollsortimenter und etablierte deutsche Händler für konservierte Pilze nutzt Tobias in Rostock für „eingelegte Pilze“, wobei folgende Abgrenzung gilt: „In Essiglake eingelegte Speisepilze; eine Fermentation wird nicht vorausgesetzt.“"	"OPTIONAL"	"eingelegte Pilze In Essiglake eingelegte Speisepilze; eine Fermentation wird nicht…; Tobias Rostock Pilze genaue Art Dose Glas TK; Pilze; gut sortierte Vollsortimenter und etablierte deutsche Händler für konservierte Pilze; gezielter Einkauf Deutschland Wochenvorlauf; die konservierte Produktform"	""	"TOBIAS_ROSTOCK_PROFILE|RATING_RECONCILED_V2"	"PROPOSED_FOR_HUMAN_REVIEW"
"PICKLED_SAUSAGE"	"eingelegte Wurst"	"APPLICABLE"	"Verzehrfertige Wurst, die über längere Zeit in einer überwiegend essig- beziehungsweise säurebasierten Lake eingelegt wird. Umfasst unter anderem tschechischen Utopenec und vergleichbare eingelegte Wurstprodukte. Nicht bloß mit Essig angemachte Wurst und nicht nur kurz in Essigsud gegarte Wurst."	"NICHE_IMPORT"	"Für „eingelegte Wurst“ führt der Rostocker Marktweg über den Spezialhandel für Fleisch und Wurst, wobei die Evidenz die menschliche v2-Freigabe für diesen Weg und Kühlversand, Importbeschränkungen sowie einen gezielten Händlerbesuch ausweist."	"DIFFICULT"	"Über den Spezialhandel für Fleisch und Wurst (Evidenzstand: die menschliche v2-Freigabe für diesen Weg und Kühlversand, Importbeschränkungen sowie einen gezielten Händlerbesuch) prüft Tobias in Rostock „eingelegte Wurst“, wobei folgende Abgrenzung gilt: „Verzehrfertige Wurst, die über längere Zeit in einer überwiegend essig- beziehungsweise säurebasierten Lake eingelegt wird. Umfasst unter anderem tschechischen Utopenec und vergleichbare eingelegte Wurstprodukte. Nicht bloß mit Essig angemachte Wurst und nicht nur kurz in Essigsud gegarte Wurst.“"	"REQUIRED"	"eingelegte Wurst Verzehrfertige Wurst, die über längere Zeit in einer überwiegend essig-…; Tobias Rostock Fleisch Wurst exakte Tierart Zuschnitt; Wurst; Spezialhandel für Fleisch und Wurst Nischenweg; Bestand Produktform Versandlogistik; die konservierte Produktform"	"AV2E-092"	"REFERENCE_ANCHOR|TOBIAS_ROSTOCK_PROFILE|FORM_OR_LOGISTICS_RISK|RESEARCH_REQUIRED|REFERENCE_ANCHOR_V2"	"APPROVED_REFERENCE_ANCHOR_V2"
"PIKEPERCH"	"Zander"	"APPLICABLE"	"Zander als magerer Süßwasserfisch mit festem, mildem Fleisch und wenigen Gräten."	"GENERAL_BROAD"	"Deutsche See – Zander handfiletierte Portionen TK belegt formgenau: Deutsche See weist handfiletierte Zanderportionen mit Haut als verfügbaren Tiefkühlartikel mit Warenkorb aus. Für Tobias in Rostock gilt: Deutschlandweiter Tiefkühl-Wunschterminversand nach Bornheim und Rostock; Mindestbestellwert 49 Euro; Logistik FROZEN_SHIPPING. Mindestbestellwert, Wunschtermin und geschlossene Tiefkühlkette müssen eingeplant werden; praktisch grätenfrei bedeutet keine absolute Grätenfreiheit."	"PLANNED"	"Über Deutsche See – hand-cut pikeperch portions (Evidenzstand: eine vor dem Einkauf erneut zu prüfende Verfügbarkeit und Frischeversand) prüft Tobias in Rostock „Zander“, wobei folgende Abgrenzung gilt: „Zander als magerer Süßwasserfisch mit festem, mildem Fleisch und wenigen Gräten.“"	"REQUIRED"	"Deutsche See Zander handfiletierte Portionen tiefgekühlt verfügbar | Tobias in Rostock | IN_STOCK FROZEN_SHIPPING"	"AV2N-N-0048|AV2N-P-0022"	"TOBIAS_ROSTOCK_PROFILE|RATING_RECONCILED_V2"	"PROPOSED_FOR_HUMAN_REVIEW"
"PILSNER_LAGER"	"Pilsner"	"APPLICABLE"	"Helles untergäriges Lagerbier nach Pilsner Art mit deutlich hopfenbetontem Profil. Gemeint ist der Bierstil, nicht eine bestimmte Marke; Pilsner Urquell ist historischer Referenztyp."	"GENERAL_LOCAL"	"Pilsner: im Bier- und Getränkeregal gewöhnlicher großer Rostocker Supermärkte ist helles, untergäriges Lagerbier nach Pilsner Art ohne Vorbestellung verfügbar; keine bestimmte Marke ist verlangt."	"EASY"	"Für Tobias in Rostock führt der alltägliche Weg zum Pilsner über das Bier- und Getränkeregal großer Supermärkte — Entscheidend ist der hopfenbetonte Bierstil, während die Marke ausdrücklich offenbleibt."	"OPTIONAL"	"Pilsner Helles untergäriges Lagerbier nach Pilsner Art mit deutlich hopfenbetontem…; Tobias Rostock Lebensmittel genaue Produktform; Bier; Das passende Regal oder die Frischeabteilung eines gewöhnlichen großen Rostocker Supermarkts; reguläres Sortiment Filialverfügbarkeit; die exakt festgelegte Darreichung"	""	"TOBIAS_ROSTOCK_PROFILE"	"PROPOSED_FOR_HUMAN_REVIEW"
"PIMENT_D_ESPELETTE"	"Piment d’Espelette"	"APPLICABLE"	"Getrocknetes, fein gemahlenes Piment-d’Espelette-Gewürz nach französisch-baskischer Art; nicht generisches Chilipulver oder die frische ganze Schote."	"GENERAL_BROAD"	"Piment d’Espelette: Boomers bietet das AOP-Gewürz aus Espelette luftgetrocknet und fein gemahlen lagernd an; DHL-Zustellung in 1–3 Werktagen eröffnet Rostock eine konkrete Vorbestellroute."	"PLANNED"	"Tobias kann Piment d’Espelette in Rostock über den geprüften Boomers-Artikel einplanen: Das lagernde AOP-Produkt aus Gorria-Chili trifft die fein gemahlene baskische Gewürzform und ist weder generisches Chilipulver noch eine frische Schote."	"REQUIRED"	"Piment d’Espelette AOP Darguy Gorria fein gemahlen luftgetrocknet | Tobias Rostock Boomers DHL 1–3 Werktage | kein generisches Chilipulver keine frische Schote"	"AV2N-N-0051"	"TOBIAS_ROSTOCK_PROFILE|FORM_SENSITIVE|RESEARCH_REQUIRED"	"PROPOSED_FOR_HUMAN_REVIEW"
"PINE_NUT"	"Pinienkerne"	"APPLICABLE"	"Ölreiche Samen von Pinien mit mild-harzigem, buttrigem Aroma; roh oder geröstet verwendbar."	"GENERAL_LOCAL"	"Die Beschaffung von „Pinienkerne“ erfolgt in Rostock über das Nuss-, Saaten-, Back- oder Brotaufstrichregal eines gewöhnlichen großen Rostocker Supermarkts."	"EASY"	"Für „Pinienkerne“ kontrolliert Tobias den Rostocker Bezug über das Nuss-, Saaten-, Back- oder Brotaufstrichregal eines gewöhnlichen großen Rostocker Supermarkts mit diesem inhaltlichen Maßstab: „Ölreiche Samen von Pinien mit mild-harzigem, buttrigem Aroma; roh oder geröstet verwendbar.“"	"OPTIONAL"	"Pinienkerne Ölreiche Samen von Pinien mit mild-harzigem, buttrigem Aroma; Tobias Rostock Nuss Samen Mus genaue Rohware; Nüsse / Kerne und Samen; Das Nuss-, Saaten-, Back- oder Brotaufstrichregal eines gewöhnlichen großen Rostocker Supermarkts; reguläres Sortiment Filialverfügbarkeit; die geforderte ganze oder körnige Form"	""	"TOBIAS_ROSTOCK_PROFILE"	"PROPOSED_FOR_HUMAN_REVIEW"
"PINEAPPLE"	"Ananas"	"APPLICABLE"	"Ananas mit saftigem süß-säuerlichem Fruchtfleisch; frisch, tiefgekühlt oder schlicht konserviert verwendbar."	"GENERAL_LOCAL"	"Tobias sucht „Ananas“ in Rostock über den Obst- oder Tiefkühlobstbereich eines gewöhnlichen großen Rostocker Supermarkts gesucht."	"EASY"	"Tobias nutzt in Rostock den Obst- oder Tiefkühlobstbereich eines gewöhnlichen großen Rostocker Supermarkts für „Ananas“, wobei folgende Abgrenzung gilt: „Ananas mit saftigem süß-säuerlichem Fruchtfleisch; frisch, tiefgekühlt oder schlicht konserviert verwendbar.“"	"OPTIONAL"	"Ananas Ananas mit saftigem süß-säuerlichem Fruchtfleisch; Tobias Rostock Obst frisch TK genaue Sorte; Tropenfrucht; Der Obst- oder Tiefkühlobstbereich eines gewöhnlichen großen Rostocker Supermarkts; reguläres Sortiment Filialverfügbarkeit; die verlangte frische Form"	""	"TOBIAS_ROSTOCK_PROFILE|FORM_SENSITIVE"	"PROPOSED_FOR_HUMAN_REVIEW"
"PINNEKJOTT"	"Pinnekjøtt"	"APPLICABLE"	"Gesalzene und getrocknete Rippen vom Schaf oder Lamm nach Pinnekjøtt-Art; geräucherte Varianten sind möglich, werden aber nicht vorausgesetzt. Gemeint ist das noch zuzubereitende Fleischprodukt, nicht das vollständige Weihnachtsgericht."	"NICHE_IMPORT"	"Tobias prüft „Pinnekjøtt“ in Rostock über den philippinischen Lebensmittel-Spezialhandel, wobei die Evidenz die menschliche v2-Freigabe für diesen Weg und Importbeschränkungen, einen gezielten Händlerbesuch sowie Standardversand ausweist."	"DIFFICULT"	"Über den philippinischen Lebensmittel-Spezialhandel (Evidenzstand: die menschliche v2-Freigabe für diesen Weg und Importbeschränkungen, einen gezielten Händlerbesuch sowie Standardversand) prüft Tobias in Rostock „Pinnekjøtt“, wobei folgende Abgrenzung gilt: „Gesalzene und getrocknete Rippen vom Schaf oder Lamm nach Pinnekjøtt-Art; geräucherte Varianten sind möglich, werden aber nicht vorausgesetzt. Gemeint ist das noch zuzubereitende Fleischprodukt, nicht das vollständige Weihnachtsgericht.“"	"REQUIRED"	"Pinnekjøtt Gesalzene und getrocknete Rippen vom Schaf oder Lamm nach Pinnekjøtt-Art; Tobias Rostock Fleisch Wurst exakte Tierart Zuschnitt; gepökeltes oder luftgetrocknetes Fleisch; philippinischen Lebensmittel-Spezialhandel Nischenweg; Bestand Produktform Versandlogistik; die getrocknete Produktform"	"AV2E-084"	"REFERENCE_ANCHOR|TOBIAS_ROSTOCK_PROFILE|FORM_OR_LOGISTICS_RISK|RESEARCH_REQUIRED|REFERENCE_ANCHOR_V2"	"APPROVED_REFERENCE_ANCHOR_V2"
"PINTO_BEANS"	"Pintobohnen"	"APPLICABLE"	"Gesprenkelte Pintobohnen mit erdig-cremigem Geschmack; getrocknet oder vorgegart verwendbar."	"GENERAL_BROAD"	"Beim Einkauf von „Pintobohnen“ nutzt Tobias gut sortierte Vollsortimenter und etablierte deutsche Bio- oder Trockenwarenhändler."	"PLANNED"	"Den Weg über gut sortierte Vollsortimenter und etablierte deutsche Bio- oder Trockenwarenhändler nutzt Tobias in Rostock für „Pintobohnen“ nach dieser Produktbeschreibung: „Gesprenkelte Pintobohnen mit erdig-cremigem Geschmack; getrocknet oder vorgegart verwendbar.“"	"OPTIONAL"	"Pintobohnen Gesprenkelte Pintobohnen mit erdig-cremigem Geschmack; Tobias Rostock Hülsenfrucht getrocknet vorgegart Sorte; Bohnen; gut sortierte Vollsortimenter und etablierte deutsche Bio- oder Trockenwarenhändler; gezielter Einkauf Deutschland Wochenvorlauf; die getrocknete Produktform"	""	"TOBIAS_ROSTOCK_PROFILE|RATING_RECONCILED_V2"	"PROPOSED_FOR_HUMAN_REVIEW"
"PIQUILLO_PEPPER"	"Piquillo-Paprika"	"APPLICABLE"	"Geröstete und geschälte rote Piquillo-Paprika als küchenfertiges Produkt, typischerweise im Glas oder in der Dose; nicht rohe rote Paprika."	"SPECIALTY_BROAD"	"Tobias prüft „Piquillo-Paprika“ in Rostock über BOS FOOD – Pimiento Piquillo El Carrascal 225 g und FrischeParadies – fruit and vegetable direct shop, wobei die Evidenz eine vor dem Einkauf erneut zu prüfende Verfügbarkeit und Frischeversand sowie Standardversand ausweist."	"SPECIALTY"	"Über BOS FOOD – Pimiento Piquillo El Carrascal 225 g und FrischeParadies – fruit and vegetable direct shop (Evidenzstand: eine vor dem Einkauf erneut zu prüfende Verfügbarkeit und Frischeversand sowie Standardversand) prüft Tobias in Rostock „Piquillo-Paprika“, wobei folgende Abgrenzung gilt: „Geröstete und geschälte rote Piquillo-Paprika als küchenfertiges Produkt, typischerweise im Glas oder in der Dose; nicht rohe rote Paprika.“"	"REQUIRED"	"Piquillo-Paprika Geröstete und geschälte rote Piquillo-Paprika als küchenfertiges Produkt…; Tobias Rostock Gemüse genaue Sorte haltbar TK; geröstete Paprika; FrischeParadies – fruit and vegetable direct shop | BOS FOOD – Pimiento Piquillo El Carrascal 225 g; mehrere unabhängige Fachhändler Marktbreite; die konservierte Produktform"	"AV2N-N-0054|AV2N-N-0055"	"TOBIAS_ROSTOCK_PROFILE|SPECIALTY_MARKET_BREADTH|RESEARCH_REQUIRED"	"PROPOSED_FOR_HUMAN_REVIEW"
"PISTACHIO"	"Pistazien"	"APPLICABLE"	"Grüne Pistazienkerne mit süßlich-nussigem Aroma; ungesalzen, roh oder geröstet verwendbar."	"GENERAL_LOCAL"	"Beim Einkauf von „Pistazien“ nutzt Tobias das Nuss-, Saaten-, Back- oder Brotaufstrichregal eines gewöhnlichen großen Rostocker Supermarkts."	"EASY"	"Die Beschaffung von „Pistazien“ über das Nuss-, Saaten-, Back- oder Brotaufstrichregal eines gewöhnlichen großen Rostocker Supermarkts prüft Tobias in Rostock mit diesem inhaltlichen Maßstab: „Grüne Pistazienkerne mit süßlich-nussigem Aroma; ungesalzen, roh oder geröstet verwendbar.“"	"OPTIONAL"	"Pistazien Grüne Pistazienkerne mit süßlich-nussigem Aroma; Tobias Rostock Nuss Samen Mus genaue Rohware; Nüsse; Das Nuss-, Saaten-, Back- oder Brotaufstrichregal eines gewöhnlichen großen Rostocker Supermarkts; reguläres Sortiment Filialverfügbarkeit; die exakt festgelegte Darreichung"	""	"TOBIAS_ROSTOCK_PROFILE"	"PROPOSED_FOR_HUMAN_REVIEW"
"PITA"	"Pita"	"APPLICABLE"	"Rundes weiches Fladenbrot, häufig mit beim Backen entstehender Tasche; nicht Tortilla."	"GENERAL_LOCAL"	"Die Rostocker Warenprüfung für „Pita“ erfolgt über das Back-, Süßwaren- oder Brotregal eines gewöhnlichen großen Rostocker Supermarkts."	"EASY"	"Tobias nutzt in Rostock das Back-, Süßwaren- oder Brotregal eines gewöhnlichen großen Rostocker Supermarkts für „Pita“ mit diesem inhaltlichen Maßstab: „Rundes weiches Fladenbrot, häufig mit beim Backen entstehender Tasche; nicht Tortilla.“"	"OPTIONAL"	"Pita Rundes weiches Fladenbrot, häufig mit beim Backen entstehender Tasche; Tobias Rostock Backware Süßungsmittel exakte Form; Fladenbrot; Das Back-, Süßwaren- oder Brotregal eines gewöhnlichen großen Rostocker Supermarkts; reguläres Sortiment Filialverfügbarkeit; die exakt festgelegte Darreichung"	""	"TOBIAS_ROSTOCK_PROFILE"	"PROPOSED_FOR_HUMAN_REVIEW"
"PLA_RA"	"Pla Ra"	"APPLICABLE"	"Thailändischer, besonders mit Isan verbundener salzfermentierter Süßwasserfisch; je nach Produkt als Fischstücke, Paste oder gekochte flüssige Würze erhältlich. Nicht Fischsauce oder Garnelenpaste."	"SPECIALTY_BROAD"	"Tobias prüft „Pla Ra“ in Rostock über Asia Foodstore – Nongporn Pla Ra fermented fish sauce und MyThaiFood – Mea E-Pim fermented Pla-ra sauce, wobei die Evidenz verfügbaren Bestand in einem laufenden Fachsortiment und Standardversand ausweist."	"SPECIALTY"	"Über Asia Foodstore – Nongporn Pla Ra fermented fish sauce und MyThaiFood – Mea E-Pim fermented Pla-ra sauce (Evidenzstand: verfügbaren Bestand in einem laufenden Fachsortiment und Standardversand) prüft Tobias in Rostock „Pla Ra“, wobei folgende Abgrenzung gilt: „Thailändischer, besonders mit Isan verbundener salzfermentierter Süßwasserfisch; je nach Produkt als Fischstücke, Paste oder gekochte flüssige Würze erhältlich. Nicht Fischsauce oder Garnelenpaste.“"	"REQUIRED"	"Pla Ra Thailändischer, besonders mit Isan verbundener salzfermentierter…; Tobias Rostock Würzsauce Paste Essig exakte Sorte; fermentierte Würzzutat / fertige Sauce oder Würzpaste; Asia Foodstore – Nongporn Pla Ra fermented fish sauce | MyThaiFood – Mea E-Pim fermented Pla-ra sauce; mehrere unabhängige Fachhändler Marktbreite; die pastöse Produktform"	"AV2N-N-0058|AV2N-N-0059"	"TOBIAS_ROSTOCK_PROFILE|SPECIALTY_MARKET_BREADTH|RESEARCH_REQUIRED"	"PROPOSED_FOR_HUMAN_REVIEW"
"PLAICE"	"Scholle"	"APPLICABLE"	"Scholle als magerer Plattfisch mit zartem, mildem Fleisch; ganz oder als Filet verwendbar."	"GENERAL_BROAD"	"Deutsche See – Scholle ohne Kopf belegt formgenau: Deutsche See bietet eine ganze ausgenommene Scholle ohne Kopf mit Haut und Gräten als aktuell verfügbaren Artikel an. Für Tobias in Rostock gilt: Deutschlandweiter gekühlter Wunschterminversand nach Bornheim und Rostock; Logistik FRESH_SHIPPING. Frischware soll spätestens am Folgetag verbraucht werden; Liefertermin, Mindestbestellwert und Kühlkette bleiben erforderlich."	"PLANNED"	"Über Deutsche See – fresh plaice without head (Evidenzstand: eine vor dem Einkauf erneut zu prüfende Verfügbarkeit und Frischeversand) prüft Tobias in Rostock „Scholle“, wobei folgende Abgrenzung gilt: „Scholle als magerer Plattfisch mit zartem, mildem Fleisch; ganz oder als Filet verwendbar.“"	"REQUIRED"	"Deutsche See Scholle ohne Kopf ausgenommen verfügbar frisch tiefgekühlt | Tobias in Rostock | IN_STOCK FRESH_SHIPPING"	"AV2N-N-0061|AV2N-P-0023"	"TOBIAS_ROSTOCK_PROFILE|RATING_RECONCILED_V2"	"PROPOSED_FOR_HUMAN_REVIEW"
"PLANT_DRINKS"	"pflanzlicher Drink"	"NOT_APPLICABLE_STRUCTURE"	""	""	""	""	""	""	""	""	""	"APPROVED_NOT_APPLICABLE"
"PLANT_PROTEIN_PRODUCTS"	"pflanzliches Proteinprodukt"	"APPLICABLE"	"Offene Vorgabe für verarbeitete pflanzliche Proteinprodukte wie Tofu, Seitan oder Mykoprotein; Rohstoff bleibt wählbar."	"GENERAL_LOCAL"	"Tobias prüft „pflanzliches Proteinprodukt“ in Rostock über die Kühl- oder Bioabteilung eines gewöhnlichen großen Rostocker Supermarkts."	"EASY"	"Über die Kühl- oder Bioabteilung eines gewöhnlichen großen Rostocker Supermarkts prüft Tobias in Rostock „pflanzliches Proteinprodukt“, wobei folgende Abgrenzung gilt: „Offene Vorgabe für verarbeitete pflanzliche Proteinprodukte wie Tofu, Seitan oder Mykoprotein; Rohstoff bleibt wählbar.“"	"OPTIONAL"	"pflanzliches Proteinprodukt Offene Vorgabe für verarbeitete pflanzliche Proteinprodukte wie Tofu, Seitan…; Tobias Rostock Tofu Sojaprodukt genaue Form; pflanzliche Proteinprodukte; Die Kühl- oder Bioabteilung eines gewöhnlichen großen Rostocker Supermarkts; reguläres Sortiment Filialverfügbarkeit; die exakt festgelegte Darreichung"	""	"TOBIAS_ROSTOCK_PROFILE"	"PROPOSED_FOR_HUMAN_REVIEW"
"PLANTAIN"	"Kochbanane"	"APPLICABLE"	"Stärkereiche Kochbanane, meist gegart verwendet; grüne und reife süßere Stadien sind umfasst, nicht Dessertbanane."	"SPECIALTY_BROAD"	"Tobias prüft „Kochbanane“ in Rostock über FrischeParadies – fruit and vegetable direct shop und Spice Mart – fresh green plantain, wobei die Evidenz eine vor dem Einkauf erneut zu prüfende Verfügbarkeit und Frischeversand ausweist."	"SPECIALTY"	"Über FrischeParadies – fruit and vegetable direct shop und Spice Mart – fresh green plantain (Evidenzstand: eine vor dem Einkauf erneut zu prüfende Verfügbarkeit und Frischeversand) prüft Tobias in Rostock „Kochbanane“, wobei folgende Abgrenzung gilt: „Stärkereiche Kochbanane, meist gegart verwendet; grüne und reife süßere Stadien sind umfasst, nicht Dessertbanane.“"	"REQUIRED"	"Kochbanane Stärkereiche Kochbanane, meist gegart verwendet; Tobias Rostock Obst frisch TK genaue Sorte; stärkehaltige Zutat oder Sättigungsbeilage / Tropenfrucht; FrischeParadies – fruit and vegetable direct shop | Spice Mart – fresh green plantain; mehrere unabhängige Fachhändler Marktbreite; die exakt festgelegte Darreichung"	"AV2N-N-0064|AV2N-N-0065"	"TOBIAS_ROSTOCK_PROFILE|SPECIALTY_MARKET_BREADTH|RESEARCH_REQUIRED"	"PROPOSED_FOR_HUMAN_REVIEW"
"PLUM"	"Pflaume"	"APPLICABLE"	"Pflaume beziehungsweise Zwetschge als saftige Steinfrucht; Sorte, Süße und Festigkeit bleiben offen."	"GENERAL_LOCAL"	"Für „Pflaume“ wird das Angebot über die Obstabteilung eines gewöhnlichen großen Rostocker Supermarkts kontrolliert."	"EASY"	"Beim Rostocker Einkauf setzt Tobias für „Pflaume“ auf die Obstabteilung eines gewöhnlichen großen Rostocker Supermarkts nach dieser Produktbeschreibung: „Pflaume beziehungsweise Zwetschge als saftige Steinfrucht; Sorte, Süße und Festigkeit bleiben offen.“"	"OPTIONAL"	"Pflaume Pflaume beziehungsweise Zwetschge als saftige Steinfrucht; Tobias Rostock Obst frisch TK genaue Sorte; Steinobst; Die Obstabteilung eines gewöhnlichen großen Rostocker Supermarkts; reguläres Sortiment Filialverfügbarkeit; die exakt festgelegte Darreichung"	""	"TOBIAS_ROSTOCK_PROFILE"	"PROPOSED_FOR_HUMAN_REVIEW"
"PLUM_BUTTER"	"Pflaumenmus"	"APPLICABLE"	"Dick eingekochte Pflaumenzubereitung nach Powidl-/Pflaumenmus-Art; als Füllung, Aufstrich oder süß-fruchtige Kochzutat. Zuckerzusatz kann je nach Produkt variieren. Nicht mit Trockenpflaumen oder beliebiger Pflaumenmarmelade gleichsetzen."	"GENERAL_LOCAL"	"Tobias sucht „Pflaumenmus“ in Rostock über das Konserven-, Sauergemüse- oder Feinkostregal eines gewöhnlichen großen Rostocker Supermarkts gesucht."	"EASY"	"Tobias nutzt in Rostock das Konserven-, Sauergemüse- oder Feinkostregal eines gewöhnlichen großen Rostocker Supermarkts für „Pflaumenmus“, wobei folgende Abgrenzung gilt: „Dick eingekochte Pflaumenzubereitung nach Powidl-/Pflaumenmus-Art; als Füllung, Aufstrich oder süß-fruchtige Kochzutat. Zuckerzusatz kann je nach Produkt variieren. Nicht mit Trockenpflaumen oder beliebiger Pflaumenmarmelade gleichsetzen.“"	"OPTIONAL"	"Pflaumenmus Dick eingekochte Pflaumenzubereitung nach Powidl-/Pflaumenmus-Art; Tobias Rostock Sauergemüse Konserve Ferment exakte Form; Pflaume / konservierte pflanzliche Zutat; Das Konserven-, Sauergemüse- oder Feinkostregal eines gewöhnlichen großen Rostocker Supermarkts; reguläres Sortiment Filialverfügbarkeit; die exakt festgelegte Darreichung"	""	"TOBIAS_ROSTOCK_PROFILE"	"PROPOSED_FOR_HUMAN_REVIEW"
"POBLANO"	"Poblano"	"APPLICABLE"	"Große dunkelgrüne mexikanische Chili mit milder bis mittlerer Schärfe; getrocknet heißt sie Ancho."	"NICHE_IMPORT"	"Tobias prüft „Poblano“ in Rostock über México Mágico – fresh Poblano listing, wobei die Evidenz nur einen beim Abruf ausverkauften Formtreffer und Frischeversand ausweist."	"DIFFICULT"	"Über México Mágico – fresh Poblano listing (Evidenzstand: nur einen beim Abruf ausverkauften Formtreffer und Frischeversand) prüft Tobias in Rostock „Poblano“, wobei folgende Abgrenzung gilt: „Große dunkelgrüne mexikanische Chili mit milder bis mittlerer Schärfe; getrocknet heißt sie Ancho.“"	"REQUIRED"	"Poblano Große dunkelgrüne mexikanische Chili mit milder bis mittlerer Schärfe; Tobias Rostock Gemüse genaue Sorte haltbar TK; frische Chili; México Mágico – fresh Poblano listing; Bestand Produktform Versandlogistik; die getrocknete Produktform"	"AV2N-N-0067"	"TOBIAS_ROSTOCK_PROFILE|FORM_OR_LOGISTICS_RISK|RESEARCH_REQUIRED"	"PROPOSED_FOR_HUMAN_REVIEW"
"POD_VEGETABLES"	"Hülsen- und Schotengemüse"	"APPLICABLE"	"Offene Vorgabe für Gemüse aus jungen Hülsen, Schoten oder darin enthaltenen frischen Samen."	"GENERAL_LOCAL"	"Die Rostocker Warenprüfung für „Hülsen- und Schotengemüse“ erfolgt über die Gemüseabteilung eines gewöhnlichen großen Rostocker Supermarkts."	"EASY"	"Das Angebot zu „Hülsen- und Schotengemüse“ über die Gemüseabteilung eines gewöhnlichen großen Rostocker Supermarkts kontrolliert Tobias in Rostock und verwendet dafür die Definition: „Offene Vorgabe für Gemüse aus jungen Hülsen, Schoten oder darin enthaltenen frischen Samen.“"	"OPTIONAL"	"Hülsen- und Schotengemüse Offene Vorgabe für Gemüse aus jungen Hülsen, Schoten oder darin enthaltenen…; Tobias Rostock Gemüse frisch TK genaue Sorte; Gemüse; Die Gemüseabteilung eines gewöhnlichen großen Rostocker Supermarkts; reguläres Sortiment Filialverfügbarkeit; die verlangte frische Form"	""	"TOBIAS_ROSTOCK_PROFILE|FORM_SENSITIVE"	"PROPOSED_FOR_HUMAN_REVIEW"
"POINTED_CABBAGE"	"Spitzkohl"	"APPLICABLE"	"Zarter kegelförmiger Spitzkohl mit milderem Geschmack als Weißkohl; roh und gegart verwendbar."	"GENERAL_LOCAL"	"Tobias prüft „Spitzkohl“ in Rostock über die Gemüseabteilung eines gewöhnlichen großen Rostocker Supermarkts."	"EASY"	"Tobias nutzt in Rostock die Gemüseabteilung eines gewöhnlichen großen Rostocker Supermarkts für „Spitzkohl“ und verwendet dafür die Definition: „Zarter kegelförmiger Spitzkohl mit milderem Geschmack als Weißkohl; roh und gegart verwendbar.“"	"OPTIONAL"	"Spitzkohl Zarter kegelförmiger Spitzkohl mit milderem Geschmack als Weißkohl; Tobias Rostock Gemüse frisch TK genaue Sorte; Kohlgemüse; Die Gemüseabteilung eines gewöhnlichen großen Rostocker Supermarkts; reguläres Sortiment Filialverfügbarkeit; die exakt festgelegte Darreichung"	""	"TOBIAS_ROSTOCK_PROFILE"	"PROPOSED_FOR_HUMAN_REVIEW"
"POLENTA"	"Polenta"	"APPLICABLE"	"Maisgrieß beziehungsweise daraus gegarte schnittfeste oder cremige Polenta; Körnung und Vorbehandlung bleiben offen."	"GENERAL_LOCAL"	"Polenta: das Getreide-, Maisgrieß- und Trockenwarenregal gewöhnlicher großer Rostocker Supermärkte führt Maisgrieß regulär; vorgegarte Polenta kann ergänzend im Conveniencebereich liegen, Körnung und Vorbehandlung bleiben offen."	"EASY"	"Für Tobias in Rostock ist Polenta über das Getreide- und Trockenwarenregal großer Supermärkte ohne Vorbestellung erreichbar — Als Treffer gelten Maisgrieß sowie daraus gegarte schnittfeste oder cremige Polenta — Körnung und Vorbehandlung sind nicht festgelegt."	"OPTIONAL"	"Polenta Maisgrieß beziehungsweise daraus gegarte schnittfeste oder cremige Polenta; Tobias Rostock Gemüse frisch TK genaue Sorte; Mais; Die Gemüseabteilung eines gewöhnlichen großen Rostocker Supermarkts; reguläres Sortiment Filialverfügbarkeit; die exakt festgelegte Darreichung"	""	"TOBIAS_ROSTOCK_PROFILE"	"PROPOSED_FOR_HUMAN_REVIEW"
"POLLOCK"	"Köhler (Seelachs)"	"APPLICABLE"	"Gemeint ist Köhler beziehungsweise Seelachs (Pollachius virens), nicht Alaska-Seelachs (Gadus chalcogrammus)."	"GENERAL_BROAD"	"Tobias prüft „Köhler (Seelachs)“ in Rostock über Deutsche See – Pollachius virens Seelachs fillets, wobei die Evidenz ein dokumentiertes laufendes Angebot und Tiefkühlversand ausweist."	"PLANNED"	"Über Deutsche See – Pollachius virens Seelachs fillets (Evidenzstand: ein dokumentiertes laufendes Angebot und Tiefkühlversand) prüft Tobias in Rostock „Köhler (Seelachs)“, wobei folgende Abgrenzung gilt: „Gemeint ist Köhler beziehungsweise Seelachs (Pollachius virens), nicht Alaska-Seelachs (Gadus chalcogrammus).“"	"REQUIRED"	"Köhler (Seelachs) Gemeint ist Köhler beziehungsweise Seelachs (Pollachius virens), nicht…; Tobias Rostock Fisch Seafood Frische TK genauer Zuschnitt; weißfleischiger Fisch; Deutsche See – Pollachius virens Seelachs fillets; gezielter Einkauf Deutschland Wochenvorlauf; die präzise tierische Produktform"	"AV2N-N-0070"	"TOBIAS_ROSTOCK_PROFILE|RATING_RECONCILED_V2"	"PROPOSED_FOR_HUMAN_REVIEW"
"POME_FRUIT"	"Kernobst"	"APPLICABLE"	"Offene Vorgabe für Kernobst wie Apfel, Birne oder Quitte; Sorte und Reifegrad bleiben wählbar."	"GENERAL_LOCAL"	"Der konkrete Bezug von „Kernobst“ läuft über die Obstabteilung eines gewöhnlichen großen Rostocker Supermarkts."	"EASY"	"Das Angebot zu „Kernobst“ über die Obstabteilung eines gewöhnlichen großen Rostocker Supermarkts kontrolliert Tobias in Rostock nach dieser Produktbeschreibung: „Offene Vorgabe für Kernobst wie Apfel, Birne oder Quitte; Sorte und Reifegrad bleiben wählbar.“"	"OPTIONAL"	"Kernobst Offene Vorgabe für Kernobst wie Apfel, Birne oder Quitte; Tobias Rostock Obst frisch TK genaue Sorte; Obst; Die Obstabteilung eines gewöhnlichen großen Rostocker Supermarkts; reguläres Sortiment Filialverfügbarkeit; die exakt festgelegte Darreichung"	""	"TOBIAS_ROSTOCK_PROFILE"	"PROPOSED_FOR_HUMAN_REVIEW"
"POMEGRANATE"	"Granatapfel"	"APPLICABLE"	"Granatapfel mit saftig-säuerlichen Samenhüllen; gemeint sind Frucht und Kerne, nicht Sirup."	"GENERAL_LOCAL"	"Tobias sucht „Granatapfel“ in Rostock über die Obstabteilung eines gewöhnlichen großen Rostocker Supermarkts gesucht."	"EASY"	"Tobias nutzt in Rostock die Obstabteilung eines gewöhnlichen großen Rostocker Supermarkts für „Granatapfel“ nach dieser Produktbeschreibung: „Granatapfel mit saftig-säuerlichen Samenhüllen; gemeint sind Frucht und Kerne, nicht Sirup.“"	"OPTIONAL"	"Granatapfel Granatapfel mit saftig-säuerlichen Samenhüllen; Tobias Rostock Obst frisch TK genaue Sorte; Obst; Die Obstabteilung eines gewöhnlichen großen Rostocker Supermarkts; reguläres Sortiment Filialverfügbarkeit; die exakt festgelegte Darreichung"	""	"TOBIAS_ROSTOCK_PROFILE"	"PROPOSED_FOR_HUMAN_REVIEW"
"POMEGRANATE_MOLASSES"	"Granatapfelmelasse"	"APPLICABLE"	"Dick eingekochter Granatapfelsaft mit intensiver süß-saurer Fruchtigkeit; nicht Zuckerrohrmelasse."	"SPECIALTY_BROAD"	"Granatapfelmelasse: Levantinische und türkische Lebensmittel-Fachsortimente führen dick eingekochten Granatapfelsaft in Flaschen verschiedener Hersteller; diese Spezialmarktbreite trägt die sirupartige Produktform."	"SPECIALTY"	"Tobias findet Granatapfelmelasse in Rostock über levantinisch-türkischen Spezialhandel als dicke süß-saure Reduktion aus Granatapfelsaft; Zuckerrohrmelasse oder dünner Granatapfelsirup sind nicht formgleich."	"REQUIRED"	"Granatapfelmelasse Dick eingekochter Granatapfelsaft mit intensiver süß-saurer Fruchtigkeit; Tobias Rostock Backware Süßungsmittel exakte Form; Sirup; levantinisch-nordafrikanischen Lebensmittel-Spezialhandel; mehrere unabhängige Fachhändler Marktbreite; die sirupartige Produktform"	"AV2E-037"	"REFERENCE_ANCHOR|TOBIAS_ROSTOCK_PROFILE|SPECIALTY_MARKET_BREADTH|RESEARCH_REQUIRED|PERSON_DIFFERENCE|REFERENCE_ANCHOR_V2"	"APPROVED_REFERENCE_ANCHOR_V2"
"POMELO"	"Pomelo"	"APPLICABLE"	"Sehr große Zitrusfrucht mit dickem Mesokarp und mild bitter-säuerlichen Fruchtsegmenten; nicht Grapefruit."	"GENERAL_BROAD"	"Für „Pomelo“ wird das Angebot über gut sortierte Vollsortimenter und etablierte deutsche Frucht- oder Frischehändler kontrolliert."	"PLANNED"	"Beim Rostocker Einkauf setzt Tobias für „Pomelo“ auf gut sortierte Vollsortimenter und etablierte deutsche Frucht- oder Frischehändler mit diesem inhaltlichen Maßstab: „Sehr große Zitrusfrucht mit dickem Mesokarp und mild bitter-säuerlichen Fruchtsegmenten; nicht Grapefruit.“"	"OPTIONAL"	"Pomelo Sehr große Zitrusfrucht mit dickem Mesokarp und mild bitter-säuerlichen…; Tobias Rostock Obst frisch TK genaue Sorte; Zitrusfrucht; gut sortierte Vollsortimenter und etablierte deutsche Frucht- oder Frischehändler; gezielter Einkauf Deutschland Wochenvorlauf; die exakt festgelegte Darreichung"	""	"TOBIAS_ROSTOCK_PROFILE"	"PROPOSED_FOR_HUMAN_REVIEW"
"PONZU"	"Ponzu"	"APPLICABLE"	"Japanische zitrusbetonte Würzsauce, meist mit Sojasauce und Dashi-Komponenten; konkrete Zitrusfrucht kann variieren."	"SPECIALTY_BROAD"	"Tobias prüft „Ponzu“ in Rostock über Asiafoodland – Asian food direct shop und Deutsche See – Ponzu with Yuzu and Sudachi, wobei die Evidenz verfügbaren Bestand in einem laufenden Fachsortiment und Standardversand ausweist."	"SPECIALTY"	"Über Asiafoodland – Asian food direct shop und Deutsche See – Ponzu with Yuzu and Sudachi (Evidenzstand: verfügbaren Bestand in einem laufenden Fachsortiment und Standardversand) prüft Tobias in Rostock „Ponzu“, wobei folgende Abgrenzung gilt: „Japanische zitrusbetonte Würzsauce, meist mit Sojasauce und Dashi-Komponenten; konkrete Zitrusfrucht kann variieren.“"	"REQUIRED"	"Ponzu Japanische zitrusbetonte Würzsauce, meist mit Sojasauce und Dashi-Komponenten; Tobias Rostock Würzsauce Paste Essig exakte Sorte; fertige Sauce oder Würzpaste; Asiafoodland – Asian food direct shop | Deutsche See – Ponzu with Yuzu and Sudachi; mehrere unabhängige Fachhändler Marktbreite; die exakt festgelegte Darreichung"	"AV2N-N-0073|AV2N-N-0074"	"TOBIAS_ROSTOCK_PROFILE|SPECIALTY_MARKET_BREADTH|RESEARCH_REQUIRED"	"PROPOSED_FOR_HUMAN_REVIEW"
"POPPY_SEEDS"	"Mohn"	"APPLICABLE"	"Mohnsamen mit nussigem Aroma; ganz, gemahlen oder als ungesüßte Mohnmasse verwendbar."	"GENERAL_LOCAL"	"Mohn: Die Backregale gewöhnlicher großer Rostocker Supermärkte führen Mohnsamen regelmäßig ganz, gemahlen oder als ungesüßte Mohnmasse; die konkrete Produktform richtet sich nach dem Rezept."	"EASY"	"Für Tobias in Rostock deckt das normale Backregal die offene Mohnform ab: Ganze Samen, gemahlener Mohn und ungesüßte Mohnmasse sind zulässige Varianten, während fertige gesüßte Füllung nicht automatisch gleichgesetzt wird."	"OPTIONAL"	"Mohn Mohnsamen mit nussigem Aroma; ganz, gemahlen oder als ungesüßte Mohnmasse…; Tobias Rostock Nuss Samen Mus genaue Rohware; Kerne und Samen; Das Nuss-, Saaten-, Back- oder Brotaufstrichregal eines gewöhnlichen großen Rostocker Supermarkts; reguläres Sortiment Filialverfügbarkeit; die gemahlene oder pulverisierte Form"	""	"TOBIAS_ROSTOCK_PROFILE"	"PROPOSED_FOR_HUMAN_REVIEW"
"PORCINI"	"Steinpilze"	"APPLICABLE"	"Steinpilze mit festem Fleisch und intensiv nussig-umamireichem Waldpilzaroma; frisch oder getrocknet verwendbar."	"GENERAL_BROAD"	"Für „Steinpilze“ führt der Rostocker Marktweg über gut sortierte Vollsortimenter und etablierte deutsche Pilz- oder Frischehändler."	"PLANNED"	"Den Weg über gut sortierte Vollsortimenter und etablierte deutsche Pilz- oder Frischehändler nutzt Tobias in Rostock für „Steinpilze“, wobei folgende Abgrenzung gilt: „Steinpilze mit festem Fleisch und intensiv nussig-umamireichem Waldpilzaroma; frisch oder getrocknet verwendbar.“"	"OPTIONAL"	"Steinpilze Steinpilze mit festem Fleisch und intensiv nussig-umamireichem Waldpilzaroma; Tobias Rostock Pilze frisch genaue Art; Pilze; gut sortierte Vollsortimenter und etablierte deutsche Pilz- oder Frischehändler; gezielter Einkauf Deutschland Wochenvorlauf; die verlangte frische Form"	""	"TOBIAS_ROSTOCK_PROFILE|FORM_SENSITIVE"	"PROPOSED_FOR_HUMAN_REVIEW"
"PORK"	"Schweinefleisch"	"APPLICABLE"	"Offene Vorgabe für Schweinefleisch; Zuschnitt, Fettanteil und geeignete Garmethode bleiben bewusst wählbar."	"GENERAL_LOCAL"	"Tobias sucht „Schweinefleisch“ in Rostock über die Fleischkühlung oder Bedientheke eines gewöhnlichen großen Rostocker Supermarkts gesucht."	"EASY"	"Das Angebot zu „Schweinefleisch“ über die Fleischkühlung oder Bedientheke eines gewöhnlichen großen Rostocker Supermarkts kontrolliert Tobias in Rostock nach dieser Produktbeschreibung: „Offene Vorgabe für Schweinefleisch; Zuschnitt, Fettanteil und geeignete Garmethode bleiben bewusst wählbar.“"	"OPTIONAL"	"Schweinefleisch Offene Vorgabe für Schweinefleisch; Zuschnitt, Fettanteil und geeignete…; Tobias Rostock Fleisch Wurst exakte Tierart Zuschnitt; Fleisch; Die Fleischkühlung oder Bedientheke eines gewöhnlichen großen Rostocker Supermarkts; reguläres Sortiment Filialverfügbarkeit; den festgelegten Zuschnitt"	""	"TOBIAS_ROSTOCK_PROFILE"	"PROPOSED_FOR_HUMAN_REVIEW"
"PORK_BELLY"	"Schweinebauch"	"APPLICABLE"	"Durchwachsener Schweinebauch mit Schichten aus Fleisch und Fett; mit oder ohne Schwarte verwendbar."	"GENERAL_LOCAL"	"Die Rostocker Warenprüfung für „Schweinebauch“ erfolgt über die Fleischkühlung oder Bedientheke eines gewöhnlichen großen Rostocker Supermarkts."	"EASY"	"Tobias nutzt in Rostock die Fleischkühlung oder Bedientheke eines gewöhnlichen großen Rostocker Supermarkts für „Schweinebauch“ nach dieser Produktbeschreibung: „Durchwachsener Schweinebauch mit Schichten aus Fleisch und Fett; mit oder ohne Schwarte verwendbar.“"	"OPTIONAL"	"Schweinebauch Durchwachsener Schweinebauch mit Schichten aus Fleisch und Fett; Tobias Rostock Fleisch Wurst exakte Tierart Zuschnitt; Schweinefleisch; Die Fleischkühlung oder Bedientheke eines gewöhnlichen großen Rostocker Supermarkts; reguläres Sortiment Filialverfügbarkeit; die präzise tierische Produktform"	""	"TOBIAS_ROSTOCK_PROFILE"	"PROPOSED_FOR_HUMAN_REVIEW"
"PORK_CHEEK"	"Schweinebäckchen"	"APPLICABLE"	"Kleiner, kollagenreicher Zuschnitt aus der Schweinebacke; durch langsames Garen besonders zart."	"GENERAL_BROAD"	"Tobias sucht „Schweinebäckchen“ in Rostock über Vorbestellung an einer gut sortierten Fleischtheke oder etablierter deutscher Metzgereiversand gesucht."	"PLANNED"	"Tobias nutzt in Rostock Vorbestellung an einer gut sortierten Fleischtheke oder etablierter deutscher Metzgereiversand für „Schweinebäckchen“, wobei folgende Abgrenzung gilt: „Kleiner, kollagenreicher Zuschnitt aus der Schweinebacke; durch langsames Garen besonders zart.“"	"OPTIONAL"	"Schweinebäckchen Kleiner, kollagenreicher Zuschnitt aus der Schweinebacke; Tobias Rostock Fleisch Wurst exakte Tierart Zuschnitt; Schweinefleisch; Vorbestellung an einer gut sortierten Fleischtheke oder etablierter deutscher Metzgereiversand; gezielter Einkauf Deutschland Wochenvorlauf; den festgelegten Zuschnitt"	""	"TOBIAS_ROSTOCK_PROFILE"	"PROPOSED_FOR_HUMAN_REVIEW"
"PORK_CHOP"	"Schweinekotelett"	"APPLICABLE"	"Schweinekotelett aus dem Rücken mit Rippen- oder Wirbelknochen; zum Braten oder Grillen geeignet."	"GENERAL_LOCAL"	"Tobias prüft „Schweinekotelett“ in Rostock über die Fleischkühlung oder Bedientheke eines gewöhnlichen großen Rostocker Supermarkts."	"EASY"	"Tobias organisiert über die Fleischkühlung oder Bedientheke eines gewöhnlichen großen Rostocker Supermarkts die Rostocker Prüfung von „Schweinekotelett“ nach dieser Produktbeschreibung: „Schweinekotelett aus dem Rücken mit Rippen- oder Wirbelknochen; zum Braten oder Grillen geeignet.“"	"OPTIONAL"	"Schweinekotelett Schweinekotelett aus dem Rücken mit Rippen- oder Wirbelknochen; Tobias Rostock Fleisch Wurst exakte Tierart Zuschnitt; Schweinefleisch; Die Fleischkühlung oder Bedientheke eines gewöhnlichen großen Rostocker Supermarkts; reguläres Sortiment Filialverfügbarkeit; die präzise tierische Produktform"	""	"TOBIAS_ROSTOCK_PROFILE"	"PROPOSED_FOR_HUMAN_REVIEW"
"PORK_CUTLET"	"Schweineschnitzel"	"APPLICABLE"	"Dünne magere Schweinefleischscheibe für Schnitzel; paniert oder unpaniert, gemeint ist der Zuschnitt."	"GENERAL_LOCAL"	"Für „Schweineschnitzel“ führt der Rostocker Marktweg über die Fleischkühlung oder Bedientheke eines gewöhnlichen großen Rostocker Supermarkts."	"EASY"	"Über die Fleischkühlung oder Bedientheke eines gewöhnlichen großen Rostocker Supermarkts prüft Tobias in Rostock „Schweineschnitzel“ unter folgender Warenvorgabe: „Dünne magere Schweinefleischscheibe für Schnitzel; paniert oder unpaniert, gemeint ist der Zuschnitt.“"	"OPTIONAL"	"Schweineschnitzel Dünne magere Schweinefleischscheibe für Schnitzel; Tobias Rostock Fleisch Wurst exakte Tierart Zuschnitt; Schweinefleisch; Die Fleischkühlung oder Bedientheke eines gewöhnlichen großen Rostocker Supermarkts; reguläres Sortiment Filialverfügbarkeit; den festgelegten Zuschnitt"	""	"TOBIAS_ROSTOCK_PROFILE"	"PROPOSED_FOR_HUMAN_REVIEW"
"PORK_KNUCKLE"	"Schweinshaxe"	"APPLICABLE"	"Schweinshaxe mit Knochen, Schwarte und viel Bindegewebe; für langes Braten, Kochen oder Schmoren geeignet."	"GENERAL_LOCAL"	"Die Beschaffung von „Schweinshaxe“ erfolgt in Rostock über die Fleischkühlung oder Bedientheke eines gewöhnlichen großen Rostocker Supermarkts."	"EASY"	"Den Weg über die Fleischkühlung oder Bedientheke eines gewöhnlichen großen Rostocker Supermarkts nutzt Tobias in Rostock für „Schweinshaxe“ unter folgender Warenvorgabe: „Schweinshaxe mit Knochen, Schwarte und viel Bindegewebe; für langes Braten, Kochen oder Schmoren geeignet.“"	"OPTIONAL"	"Schweinshaxe Schweinshaxe mit Knochen, Schwarte und viel Bindegewebe; Tobias Rostock Fleisch Wurst exakte Tierart Zuschnitt; Schweinefleisch; Die Fleischkühlung oder Bedientheke eines gewöhnlichen großen Rostocker Supermarkts; reguläres Sortiment Filialverfügbarkeit; die präzise tierische Produktform"	""	"TOBIAS_ROSTOCK_PROFILE"	"PROPOSED_FOR_HUMAN_REVIEW"
"PORK_LIVER"	"Schweineleber"	"APPLICABLE"	"Schweineleber mit kräftigem, mineralischem Geschmack und weicher Textur; nicht Leberwurst."	"GENERAL_BROAD"	"Die Rostocker Warenprüfung für „Schweineleber“ erfolgt über Vorbestellung an einer gut sortierten Fleischtheke oder etablierter deutscher Metzgereiversand."	"PLANNED"	"Tobias organisiert über Vorbestellung an einer gut sortierten Fleischtheke oder etablierter deutscher Metzgereiversand die Rostocker Prüfung von „Schweineleber“, wobei folgende Abgrenzung gilt: „Schweineleber mit kräftigem, mineralischem Geschmack und weicher Textur; nicht Leberwurst.“"	"OPTIONAL"	"Schweineleber Schweineleber mit kräftigem, mineralischem Geschmack und weicher Textur; Tobias Rostock Fleisch Wurst exakte Tierart Zuschnitt; Innereien / Schweinefleisch; Vorbestellung an einer gut sortierten Fleischtheke oder etablierter deutscher Metzgereiversand; gezielter Einkauf Deutschland Wochenvorlauf; die präzise tierische Produktform"	""	"TOBIAS_ROSTOCK_PROFILE"	"PROPOSED_FOR_HUMAN_REVIEW"
"PORK_LOIN"	"Schweinerücken"	"APPLICABLE"	"Magerer Schweinerücken als Kotelettstrang oder ausgelöstes Stück; nicht Schweinefilet."	"GENERAL_LOCAL"	"Beim Einkauf von „Schweinerücken“ nutzt Tobias die Fleischkühlung oder Bedientheke eines gewöhnlichen großen Rostocker Supermarkts."	"EASY"	"Für „Schweinerücken“ kontrolliert Tobias den Rostocker Bezug über die Fleischkühlung oder Bedientheke eines gewöhnlichen großen Rostocker Supermarkts unter folgender Warenvorgabe: „Magerer Schweinerücken als Kotelettstrang oder ausgelöstes Stück; nicht Schweinefilet.“"	"OPTIONAL"	"Schweinerücken Magerer Schweinerücken als Kotelettstrang oder ausgelöstes Stück; Tobias Rostock Fleisch Wurst exakte Tierart Zuschnitt; Schweinefleisch; Die Fleischkühlung oder Bedientheke eines gewöhnlichen großen Rostocker Supermarkts; reguläres Sortiment Filialverfügbarkeit; die präzise tierische Produktform"	""	"TOBIAS_ROSTOCK_PROFILE"	"PROPOSED_FOR_HUMAN_REVIEW"
"PORK_MINCE"	"Schweinehack"	"APPLICABLE"	"Zerkleinertes Schweinefleisch mit variablem Fettanteil; nicht gemischtes Hackfleisch."	"GENERAL_LOCAL"	"Für „Schweinehack“ wird das Angebot über die Fleischkühlung oder Bedientheke eines gewöhnlichen großen Rostocker Supermarkts kontrolliert."	"EASY"	"Die Beschaffung von „Schweinehack“ über die Fleischkühlung oder Bedientheke eines gewöhnlichen großen Rostocker Supermarkts prüft Tobias in Rostock unter folgender Warenvorgabe: „Zerkleinertes Schweinefleisch mit variablem Fettanteil; nicht gemischtes Hackfleisch.“"	"OPTIONAL"	"Schweinehack Zerkleinertes Schweinefleisch mit variablem Fettanteil; Tobias Rostock Fleisch Wurst exakte Tierart Zuschnitt; Hackfleisch / Schweinefleisch; Die Fleischkühlung oder Bedientheke eines gewöhnlichen großen Rostocker Supermarkts; reguläres Sortiment Filialverfügbarkeit; die präzise tierische Produktform"	""	"TOBIAS_ROSTOCK_PROFILE"	"PROPOSED_FOR_HUMAN_REVIEW"
"PORK_NECK"	"Schweinenacken"	"APPLICABLE"	"Gut marmorierter Schweinenacken mit saftigem Fleisch; zum Grillen, Braten oder Schmoren geeignet."	"GENERAL_LOCAL"	"Der konkrete Bezug von „Schweinenacken“ läuft über die Fleischkühlung oder Bedientheke eines gewöhnlichen großen Rostocker Supermarkts."	"EASY"	"Beim Rostocker Einkauf setzt Tobias für „Schweinenacken“ auf die Fleischkühlung oder Bedientheke eines gewöhnlichen großen Rostocker Supermarkts unter folgender Warenvorgabe: „Gut marmorierter Schweinenacken mit saftigem Fleisch; zum Grillen, Braten oder Schmoren geeignet.“"	"OPTIONAL"	"Schweinenacken Gut marmorierter Schweinenacken mit saftigem Fleisch; Tobias Rostock Fleisch Wurst exakte Tierart Zuschnitt; Schweinefleisch; Die Fleischkühlung oder Bedientheke eines gewöhnlichen großen Rostocker Supermarkts; reguläres Sortiment Filialverfügbarkeit; die präzise tierische Produktform"	""	"TOBIAS_ROSTOCK_PROFILE"	"PROPOSED_FOR_HUMAN_REVIEW"
"PORK_RIBS"	"Schweinerippchen"	"APPLICABLE"	"Fleischige Schweinerippen mit Knochen und Bindegewebe; Rippenabschnitt und Zuschnitt bleiben offen."	"GENERAL_LOCAL"	"Tobias sucht „Schweinerippchen“ in Rostock über die Fleischkühlung oder Bedientheke eines gewöhnlichen großen Rostocker Supermarkts gesucht."	"EASY"	"Das Angebot zu „Schweinerippchen“ über die Fleischkühlung oder Bedientheke eines gewöhnlichen großen Rostocker Supermarkts kontrolliert Tobias in Rostock unter folgender Warenvorgabe: „Fleischige Schweinerippen mit Knochen und Bindegewebe; Rippenabschnitt und Zuschnitt bleiben offen.“"	"OPTIONAL"	"Schweinerippchen Fleischige Schweinerippen mit Knochen und Bindegewebe; Tobias Rostock Fleisch Wurst exakte Tierart Zuschnitt; Schweinefleisch; Die Fleischkühlung oder Bedientheke eines gewöhnlichen großen Rostocker Supermarkts; reguläres Sortiment Filialverfügbarkeit; den festgelegten Zuschnitt"	""	"TOBIAS_ROSTOCK_PROFILE"	"PROPOSED_FOR_HUMAN_REVIEW"
"PORK_SHOULDER"	"Schweineschulter"	"APPLICABLE"	"Durchwachsene Schweineschulter mit Bindegewebe; besonders für Braten, Schmoren oder Zupffleisch geeignet."	"GENERAL_LOCAL"	"Die Rostocker Warenprüfung für „Schweineschulter“ erfolgt über die Fleischkühlung oder Bedientheke eines gewöhnlichen großen Rostocker Supermarkts."	"EASY"	"Tobias nutzt in Rostock die Fleischkühlung oder Bedientheke eines gewöhnlichen großen Rostocker Supermarkts für „Schweineschulter“ unter folgender Warenvorgabe: „Durchwachsene Schweineschulter mit Bindegewebe; besonders für Braten, Schmoren oder Zupffleisch geeignet.“"	"OPTIONAL"	"Schweineschulter Durchwachsene Schweineschulter mit Bindegewebe; Tobias Rostock Fleisch Wurst exakte Tierart Zuschnitt; Schweinefleisch; Die Fleischkühlung oder Bedientheke eines gewöhnlichen großen Rostocker Supermarkts; reguläres Sortiment Filialverfügbarkeit; die präzise tierische Produktform"	""	"TOBIAS_ROSTOCK_PROFILE"	"PROPOSED_FOR_HUMAN_REVIEW"
"PORK_STOCK"	"Schweinefond"	"APPLICABLE"	"Brühe oder Fond auf Basis von Schweinefleisch und/oder -knochen; nicht fertige Suppe."	"GENERAL_BROAD"	"Beim Einkauf von „Schweinefond“ nutzt Tobias gut sortierte Vollsortimenter und etablierte deutsche Fonds- oder Feinkosthändler."	"PLANNED"	"Die Beschaffung von „Schweinefond“ über gut sortierte Vollsortimenter und etablierte deutsche Fonds- oder Feinkosthändler prüft Tobias in Rostock, wobei folgende Abgrenzung gilt: „Brühe oder Fond auf Basis von Schweinefleisch und/oder -knochen; nicht fertige Suppe.“"	"OPTIONAL"	"Schweinefond Brühe oder Fond auf Basis von Schweinefleisch und/oder -knochen; Tobias Rostock Brühe Fond genaue Basis; Brühe oder Fond; gut sortierte Vollsortimenter und etablierte deutsche Fonds- oder Feinkosthändler; gezielter Einkauf Deutschland Wochenvorlauf; die exakt festgelegte Darreichung"	""	"TOBIAS_ROSTOCK_PROFILE"	"PROPOSED_FOR_HUMAN_REVIEW"
"PORK_TENDERLOIN"	"Schweinefilet"	"APPLICABLE"	"Sehr mageres und zartes Schweinefilet für kurze bis mittlere Garung; nicht Schweinerücken."	"GENERAL_LOCAL"	"Tobias prüft „Schweinefilet“ in Rostock über die Fleischkühlung oder Bedientheke eines gewöhnlichen großen Rostocker Supermarkts."	"EASY"	"Tobias organisiert über die Fleischkühlung oder Bedientheke eines gewöhnlichen großen Rostocker Supermarkts die Rostocker Prüfung von „Schweinefilet“ unter folgender Warenvorgabe: „Sehr mageres und zartes Schweinefilet für kurze bis mittlere Garung; nicht Schweinerücken.“"	"OPTIONAL"	"Schweinefilet Sehr mageres und zartes Schweinefilet für kurze bis mittlere Garung; Tobias Rostock Fleisch Wurst exakte Tierart Zuschnitt; Schweinefleisch; Die Fleischkühlung oder Bedientheke eines gewöhnlichen großen Rostocker Supermarkts; reguläres Sortiment Filialverfügbarkeit; die präzise tierische Produktform"	""	"TOBIAS_ROSTOCK_PROFILE"	"PROPOSED_FOR_HUMAN_REVIEW"
"PORK_TONGUE"	"Schweinezunge"	"APPLICABLE"	"Schweinezunge als festes, nach langem Garen zartes Muskelfleisch; vor dem Servieren üblicherweise gehäutet."	"GENERAL_BROAD"	"Tobias prüft „Schweinezunge“ in Rostock über Vorbestellung an einer gut sortierten Fleischtheke oder etablierter deutscher Metzgereiversand."	"PLANNED"	"Über Vorbestellung an einer gut sortierten Fleischtheke oder etablierter deutscher Metzgereiversand prüft Tobias in Rostock „Schweinezunge“ mit diesem inhaltlichen Maßstab: „Schweinezunge als festes, nach langem Garen zartes Muskelfleisch; vor dem Servieren üblicherweise gehäutet.“"	"OPTIONAL"	"Schweinezunge Schweinezunge als festes, nach langem Garen zartes Muskelfleisch; Tobias Rostock Fleisch Wurst exakte Tierart Zuschnitt; Innereien / Schweinefleisch; Vorbestellung an einer gut sortierten Fleischtheke oder etablierter deutscher Metzgereiversand; gezielter Einkauf Deutschland Wochenvorlauf; die präzise tierische Produktform"	""	"TOBIAS_ROSTOCK_PROFILE"	"PROPOSED_FOR_HUMAN_REVIEW"
"PORT_WINE"	"Portwein"	"APPLICABLE"	"Aufgespriteter portugiesischer Wein nach Portwein-Art mit deutlicher Süße und konzentriertem Fruchtaroma."	"GENERAL_BROAD"	"Für „Portwein“ führt der Rostocker Marktweg über große Getränkefachmärkte und etablierte deutsche Spirituosen- oder Weinversender."	"PLANNED"	"Den Weg über große Getränkefachmärkte und etablierte deutsche Spirituosen- oder Weinversender nutzt Tobias in Rostock für „Portwein“, wobei folgende Abgrenzung gilt: „Aufgespriteter portugiesischer Wein nach Portwein-Art mit deutlicher Süße und konzentriertem Fruchtaroma.“"	"OPTIONAL"	"Portwein Aufgespriteter portugiesischer Wein nach Portwein-Art mit deutlicher Süße und…; Tobias Rostock Getränkehandel Kochalkohol genaue Sorte; Kochalkohol; große Getränkefachmärkte und etablierte deutsche Spirituosen- oder Weinversender; gezielter Einkauf Deutschland Wochenvorlauf; die exakt festgelegte Darreichung"	""	"TOBIAS_ROSTOCK_PROFILE"	"PROPOSED_FOR_HUMAN_REVIEW"
"POTATO"	"Kartoffel"	"APPLICABLE"	"Kartoffel als stärkehaltige Knolle; Sorte, Kochtyp und Zubereitungsform bleiben offen."	"GENERAL_LOCAL"	"Für „Kartoffel“ führt der Rostocker Marktweg über die Gemüseabteilung eines gewöhnlichen großen Rostocker Supermarkts, wobei die Evidenz die menschliche v2-Freigabe für diesen Weg und eine lokale Standortprüfung ausweist."	"EASY"	"Für „Kartoffel“ kontrolliert Tobias den Rostocker Bezug über die Gemüseabteilung eines gewöhnlichen großen Rostocker Supermarkts (Evidenzstand: die menschliche v2-Freigabe für diesen Weg und eine lokale Standortprüfung), wobei folgende Abgrenzung gilt: „Kartoffel als stärkehaltige Knolle; Sorte, Kochtyp und Zubereitungsform bleiben offen.“"	"OPTIONAL"	"Kartoffel Kartoffel als stärkehaltige Knolle; Sorte, Kochtyp und Zubereitungsform…; Tobias Rostock Gemüse frisch TK genaue Sorte; Wurzel- und Knollengemüse / stärkehaltige Zutat oder Sättigungsbeilage; Die Gemüseabteilung eines gewöhnlichen großen Rostocker Supermarkts; reguläres Sortiment Filialverfügbarkeit; die festgelegte Wurzel-, Knollen- oder Rhizomform"	"AV2E-002"	"REFERENCE_ANCHOR|TOBIAS_ROSTOCK_PROFILE|REFERENCE_ANCHOR_V2"	"APPROVED_REFERENCE_ANCHOR_V2"
"POTATO_DUMPLING"	"Kartoffelknödel"	"APPLICABLE"	"Gekochter kartoffelbasierter Knödel als fertige Beilage; nicht mit Gnocchi gleichsetzen."	"GENERAL_LOCAL"	"Die Beschaffung von „Kartoffelknödel“ erfolgt in Rostock über die Gemüseabteilung eines gewöhnlichen großen Rostocker Supermarkts."	"EASY"	"Tobias organisiert über die Gemüseabteilung eines gewöhnlichen großen Rostocker Supermarkts die Rostocker Prüfung von „Kartoffelknödel“ und verwendet dafür die Definition: „Gekochter kartoffelbasierter Knödel als fertige Beilage; nicht mit Gnocchi gleichsetzen.“"	"OPTIONAL"	"Kartoffelknödel Gekochter kartoffelbasierter Knödel als fertige Beilage; Tobias Rostock Gemüse frisch TK genaue Sorte; Kartoffel; Die Gemüseabteilung eines gewöhnlichen großen Rostocker Supermarkts; reguläres Sortiment Filialverfügbarkeit; die exakt festgelegte Darreichung"	""	"TOBIAS_ROSTOCK_PROFILE"	"PROPOSED_FOR_HUMAN_REVIEW"
"POTATO_STARCH"	"Kartoffelstärke"	"APPLICABLE"	"Feine geschmacksneutrale Stärke aus Kartoffeln zum Binden und für Teige; nicht Kartoffelmehl aus ganzen Knollen."	"GENERAL_LOCAL"	"Die Rostocker Warenprüfung für „Kartoffelstärke“ erfolgt über das Getreide-, Mehl-, Reis- oder Teigwarenregal eines gewöhnlichen großen Rostocker Supermarkts."	"EASY"	"Tobias organisiert über das Getreide-, Mehl-, Reis- oder Teigwarenregal eines gewöhnlichen großen Rostocker Supermarkts die Rostocker Prüfung von „Kartoffelstärke“ mit diesem inhaltlichen Maßstab: „Feine geschmacksneutrale Stärke aus Kartoffeln zum Binden und für Teige; nicht Kartoffelmehl aus ganzen Knollen.“"	"OPTIONAL"	"Kartoffelstärke Feine geschmacksneutrale Stärke aus Kartoffeln zum Binden und für Teige; Tobias Rostock Getreide Stärke Teigware genaue Form; Stärke oder Bindemittel; Das Getreide-, Mehl-, Reis- oder Teigwarenregal eines gewöhnlichen großen Rostocker Supermarkts; reguläres Sortiment Filialverfügbarkeit; die exakt festgelegte Darreichung"	""	"TOBIAS_ROSTOCK_PROFILE"	"PROPOSED_FOR_HUMAN_REVIEW"
"POULTRY"	"Geflügel"	"APPLICABLE"	"Offene Vorgabe für Geflügelfleisch wie Hähnchen, Ente, Gans oder Pute; Tierart und Zuschnitt bleiben wählbar."	"GENERAL_LOCAL"	"Für „Geflügel“ führt der Rostocker Marktweg über die Fleischkühlung oder Bedientheke eines gewöhnlichen großen Rostocker Supermarkts."	"EASY"	"Über die Fleischkühlung oder Bedientheke eines gewöhnlichen großen Rostocker Supermarkts prüft Tobias in Rostock „Geflügel“ und verwendet dafür die Definition: „Offene Vorgabe für Geflügelfleisch wie Hähnchen, Ente, Gans oder Pute; Tierart und Zuschnitt bleiben wählbar.“"	"OPTIONAL"	"Geflügel Offene Vorgabe für Geflügelfleisch wie Hähnchen, Ente, Gans oder Pute; Tobias Rostock Fleisch Wurst exakte Tierart Zuschnitt; Fleisch; Die Fleischkühlung oder Bedientheke eines gewöhnlichen großen Rostocker Supermarkts; reguläres Sortiment Filialverfügbarkeit; den festgelegten Zuschnitt"	""	"TOBIAS_ROSTOCK_PROFILE"	"PROPOSED_FOR_HUMAN_REVIEW"
"PRESERVED_FISH"	"konservierter Fisch"	"APPLICABLE"	"Offene Familie durch Salz, Trocknung, Räuchern, Einlegen oder Konservieren haltbar gemachter Fischprodukte."	"GENERAL_LOCAL"	"Der konkrete Bezug von „konservierter Fisch“ läuft über das Fischkonserven- oder haltbare Seafood-Regal eines gewöhnlichen großen Rostocker Supermarkts."	"EASY"	"Das Angebot zu „konservierter Fisch“ über das Fischkonserven- oder haltbare Seafood-Regal eines gewöhnlichen großen Rostocker Supermarkts kontrolliert Tobias in Rostock, wobei folgende Abgrenzung gilt: „Offene Familie durch Salz, Trocknung, Räuchern, Einlegen oder Konservieren haltbar gemachter Fischprodukte.“"	"OPTIONAL"	"konservierter Fisch Offene Familie durch Salz, Trocknung, Räuchern, Einlegen oder Konservieren…; Tobias Rostock Fisch Seafood exakte Art Konserve Trockenware; Fisch; Das Fischkonserven- oder haltbare Seafood-Regal eines gewöhnlichen großen Rostocker Supermarkts; reguläres Sortiment Filialverfügbarkeit; die präzise tierische Produktform"	""	"TOBIAS_ROSTOCK_PROFILE"	"PROPOSED_FOR_HUMAN_REVIEW"
"PRESERVED_LEMON"	"Salzzitrone"	"APPLICABLE"	"In Salzlake gereifte ganze oder geteilte Zitrone mit weicher Schale und intensiv salzig-zitrischem Aroma."	"SPECIALTY_BROAD"	"Tobias prüft „Salzzitrone“ in Rostock über FrischeParadies – fruit and vegetable direct shop und Piccantino – Belberry lemons in brine, wobei die Evidenz eine vor dem Einkauf erneut zu prüfende Verfügbarkeit und Frischeversand sowie Standardversand ausweist."	"SPECIALTY"	"Über FrischeParadies – fruit and vegetable direct shop und Piccantino – Belberry lemons in brine (Evidenzstand: eine vor dem Einkauf erneut zu prüfende Verfügbarkeit und Frischeversand sowie Standardversand) prüft Tobias in Rostock „Salzzitrone“, wobei folgende Abgrenzung gilt: „In Salzlake gereifte ganze oder geteilte Zitrone mit weicher Schale und intensiv salzig-zitrischem Aroma.“"	"REQUIRED"	"Salzzitrone In Salzlake gereifte ganze oder geteilte Zitrone mit weicher Schale und…; Tobias Rostock Sauergemüse Konserve Ferment exakte Form; Zitrone / konservierte pflanzliche Zutat; FrischeParadies – fruit and vegetable direct shop | Piccantino – Belberry lemons in brine; mehrere unabhängige Fachhändler Marktbreite; die geforderte ganze oder körnige Form"	"AV2N-N-0078|AV2N-N-0079"	"TOBIAS_ROSTOCK_PROFILE|SPECIALTY_MARKET_BREADTH|RESEARCH_REQUIRED"	"PROPOSED_FOR_HUMAN_REVIEW"
"PRESERVED_PRODUCE"	"konservierte pflanzliche Zutat"	"APPLICABLE"	"Offene Vorgabe für eingelegtes, fermentiertes, getrocknetes oder anderweitig konserviertes pflanzliches Produkt."	"GENERAL_LOCAL"	"Die Rostocker Warenprüfung für „konservierte pflanzliche Zutat“ erfolgt über das Konserven-, Sauergemüse- oder Feinkostregal eines gewöhnlichen großen Rostocker Supermarkts."	"EASY"	"Tobias organisiert über das Konserven-, Sauergemüse- oder Feinkostregal eines gewöhnlichen großen Rostocker Supermarkts die Rostocker Prüfung von „konservierte pflanzliche Zutat“, wobei folgende Abgrenzung gilt: „Offene Vorgabe für eingelegtes, fermentiertes, getrocknetes oder anderweitig konserviertes pflanzliches Produkt.“"	"OPTIONAL"	"konservierte pflanzliche Zutat Offene Vorgabe für eingelegtes, fermentiertes, getrocknetes oder anderweitig…; Tobias Rostock Sauergemüse Konserve Ferment exakte Form; haltbare Gemüse- und Fermentprodukte; Das Konserven-, Sauergemüse- oder Feinkostregal eines gewöhnlichen großen Rostocker Supermarkts; reguläres Sortiment Filialverfügbarkeit; die getrocknete Produktform"	""	"TOBIAS_ROSTOCK_PROFILE"	"PROPOSED_FOR_HUMAN_REVIEW"
"PRETZEL"	"Laugenbrezel"	"APPLICABLE"	"Herzhafte Laugenbrezel als gebackenes Einzelprodukt; nicht süße Brezel, Salzbrezel-Snack oder beliebiges Laugengebäck."	"GENERAL_LOCAL"	"Tobias prüft „Laugenbrezel“ in Rostock über das Back-, Süßwaren- oder Brotregal eines gewöhnlichen großen Rostocker Supermarkts."	"EASY"	"Tobias organisiert über das Back-, Süßwaren- oder Brotregal eines gewöhnlichen großen Rostocker Supermarkts die Rostocker Prüfung von „Laugenbrezel“ mit diesem inhaltlichen Maßstab: „Herzhafte Laugenbrezel als gebackenes Einzelprodukt; nicht süße Brezel, Salzbrezel-Snack oder beliebiges Laugengebäck.“"	"OPTIONAL"	"Laugenbrezel Herzhafte Laugenbrezel als gebackenes Einzelprodukt; Tobias Rostock Backware Süßungsmittel exakte Form; Brot oder Fladenbrot; Das Back-, Süßwaren- oder Brotregal eines gewöhnlichen großen Rostocker Supermarkts; reguläres Sortiment Filialverfügbarkeit; die exakt festgelegte Darreichung"	""	"TOBIAS_ROSTOCK_PROFILE"	"PROPOSED_FOR_HUMAN_REVIEW"
"PROSCIUTTO"	"Prosciutto"	"APPLICABLE"	"Italienischer luftgetrockneter Rohschinken nach Prosciutto-crudo-Art; dünn geschnitten oder als Kochzutat verwendbar."	"GENERAL_LOCAL"	"Die Beschaffung von „Prosciutto“ erfolgt in Rostock über die Fleischkühlung oder Bedientheke eines gewöhnlichen großen Rostocker Supermarkts."	"EASY"	"Den Weg über die Fleischkühlung oder Bedientheke eines gewöhnlichen großen Rostocker Supermarkts nutzt Tobias in Rostock für „Prosciutto“ und verwendet dafür die Definition: „Italienischer luftgetrockneter Rohschinken nach Prosciutto-crudo-Art; dünn geschnitten oder als Kochzutat verwendbar.“"	"OPTIONAL"	"Prosciutto Italienischer luftgetrockneter Rohschinken nach Prosciutto-crudo-Art; Tobias Rostock Fleisch Wurst exakte Tierart Zuschnitt; Schinken; Die Fleischkühlung oder Bedientheke eines gewöhnlichen großen Rostocker Supermarkts; reguläres Sortiment Filialverfügbarkeit; die getrocknete Produktform"	""	"TOBIAS_ROSTOCK_PROFILE"	"PROPOSED_FOR_HUMAN_REVIEW"
"PRUNE"	"Trockenpflaumen"	"APPLICABLE"	"Getrocknete Pflaume mit konzentrierter Süße und weicher bis zäher Textur; entsteint oder mit Stein verwendbar."	"GENERAL_LOCAL"	"Die Beschaffung von „Trockenpflaumen“ erfolgt in Rostock über das Trockenobst-, Tiefkühlobst- oder Obstkonservenregal eines gewöhnlichen großen Rostocker Supermarkts."	"EASY"	"Für „Trockenpflaumen“ kontrolliert Tobias den Rostocker Bezug über das Trockenobst-, Tiefkühlobst- oder Obstkonservenregal eines gewöhnlichen großen Rostocker Supermarkts, wobei folgende Abgrenzung gilt: „Getrocknete Pflaume mit konzentrierter Süße und weicher bis zäher Textur; entsteint oder mit Stein verwendbar.“"	"OPTIONAL"	"Trockenpflaumen Getrocknete Pflaume mit konzentrierter Süße und weicher bis zäher Textur; Tobias Rostock Frucht genaue Sorte haltbar TK; Trockenfrüchte / Pflaume; Das Trockenobst-, Tiefkühlobst- oder Obstkonservenregal eines gewöhnlichen großen Rostocker Supermarkts; reguläres Sortiment Filialverfügbarkeit; die getrocknete Produktform"	""	"TOBIAS_ROSTOCK_PROFILE"	"PROPOSED_FOR_HUMAN_REVIEW"
"PUL_BIBER"	"Pul Biber"	"APPLICABLE"	"Türkisch geprägte grobe Chiliflocken, häufig mild bis mittelscharf und leicht ölig; Aleppo-Stil ist eine mögliche Ausprägung."	"SPECIALTY_BROAD"	"Tobias prüft „Pul Biber“ in Rostock über den levantinisch-nordafrikanischen Lebensmittel-Spezialhandel, wobei die Evidenz die menschliche v2-Freigabe für diesen Weg und einen gezielten Händlerbesuch sowie Standardversand ausweist."	"SPECIALTY"	"Über den levantinisch-nordafrikanischen Lebensmittel-Spezialhandel (Evidenzstand: die menschliche v2-Freigabe für diesen Weg und einen gezielten Händlerbesuch sowie Standardversand) prüft Tobias in Rostock „Pul Biber“, wobei folgende Abgrenzung gilt: „Türkisch geprägte grobe Chiliflocken, häufig mild bis mittelscharf und leicht ölig; Aleppo-Stil ist eine mögliche Ausprägung.“"	"REQUIRED"	"Pul Biber Türkisch geprägte grobe Chiliflocken, häufig mild bis mittelscharf und leicht…; Tobias Rostock Lebensmittel genaue Produktform; Chiliflocken; levantinisch-nordafrikanischen Lebensmittel-Spezialhandel; mehrere unabhängige Fachhändler Marktbreite; die exakt festgelegte Darreichung"	"AV2E-031"	"REFERENCE_ANCHOR|TOBIAS_ROSTOCK_PROFILE|SPECIALTY_MARKET_BREADTH|RESEARCH_REQUIRED|PERSON_DIFFERENCE|REFERENCE_ANCHOR_V2"	"APPROVED_REFERENCE_ANCHOR_V2"
"PUMPERNICKEL"	"Pumpernickel"	"APPLICABLE"	"Sehr dunkles, dichtes Vollkorn-Roggenbrot nach Pumpernickel-Art mit charakteristisch langer Backzeit; nicht beliebiges dunkles Roggenbrot."	"GENERAL_LOCAL"	"Für „Pumpernickel“ führt der Rostocker Marktweg über das Back-, Süßwaren- oder Brotregal eines gewöhnlichen großen Rostocker Supermarkts."	"EASY"	"Über das Back-, Süßwaren- oder Brotregal eines gewöhnlichen großen Rostocker Supermarkts prüft Tobias in Rostock „Pumpernickel“ nach dieser Produktbeschreibung: „Sehr dunkles, dichtes Vollkorn-Roggenbrot nach Pumpernickel-Art mit charakteristisch langer Backzeit; nicht beliebiges dunkles Roggenbrot.“"	"OPTIONAL"	"Pumpernickel Sehr dunkles, dichtes Vollkorn-Roggenbrot nach Pumpernickel-Art mit…; Tobias Rostock Backware Süßungsmittel exakte Form; Roggenbrot; Das Back-, Süßwaren- oder Brotregal eines gewöhnlichen großen Rostocker Supermarkts; reguläres Sortiment Filialverfügbarkeit; die exakt festgelegte Darreichung"	""	"TOBIAS_ROSTOCK_PROFILE"	"PROPOSED_FOR_HUMAN_REVIEW"
"PUMPKIN"	"Kürbis"	"APPLICABLE"	"Speisekürbis mit festem bis cremigem Fruchtfleisch; die konkrete Sorte bleibt wählbar."	"GENERAL_LOCAL"	"Beim Einkauf von „Kürbis“ nutzt Tobias die Gemüseabteilung eines gewöhnlichen großen Rostocker Supermarkts."	"EASY"	"Über die Gemüseabteilung eines gewöhnlichen großen Rostocker Supermarkts prüft Tobias in Rostock „Kürbis“ anhand der vollständigen Beschreibung: „Speisekürbis mit festem bis cremigem Fruchtfleisch; die konkrete Sorte bleibt wählbar.“"	"OPTIONAL"	"Kürbis Speisekürbis mit festem bis cremigem Fruchtfleisch; Tobias Rostock Gemüse frisch TK genaue Sorte; Fruchtgemüse; Die Gemüseabteilung eines gewöhnlichen großen Rostocker Supermarkts; reguläres Sortiment Filialverfügbarkeit; die exakt festgelegte Darreichung"	""	"TOBIAS_ROSTOCK_PROFILE"	"PROPOSED_FOR_HUMAN_REVIEW"
"PUMPKIN_SEEDS"	"Kürbiskerne"	"APPLICABLE"	"Grüne geschälte oder ganze Kürbiskerne mit nussigem Aroma; roh oder geröstet verwendbar."	"GENERAL_LOCAL"	"Für „Kürbiskerne“ wird das Angebot über das Nuss-, Saaten-, Back- oder Brotaufstrichregal eines gewöhnlichen großen Rostocker Supermarkts kontrolliert."	"EASY"	"Beim Rostocker Einkauf setzt Tobias für „Kürbiskerne“ auf das Nuss-, Saaten-, Back- oder Brotaufstrichregal eines gewöhnlichen großen Rostocker Supermarkts mit diesem inhaltlichen Maßstab: „Grüne geschälte oder ganze Kürbiskerne mit nussigem Aroma; roh oder geröstet verwendbar.“"	"OPTIONAL"	"Kürbiskerne Grüne geschälte oder ganze Kürbiskerne mit nussigem Aroma; Tobias Rostock Nuss Samen Mus genaue Rohware; Kerne und Samen; Das Nuss-, Saaten-, Back- oder Brotaufstrichregal eines gewöhnlichen großen Rostocker Supermarkts; reguläres Sortiment Filialverfügbarkeit; die geforderte ganze oder körnige Form"	""	"TOBIAS_ROSTOCK_PROFILE"	"PROPOSED_FOR_HUMAN_REVIEW"
"PURSLANE"	"Portulak"	"APPLICABLE"	"Portulak mit fleischigen Blättern, frischer Säure und leicht salzigem Geschmack; roh oder kurz gegart verwendbar."	"NICHE_IMPORT"	"Für Tobias in Rostock ist die konkrete Sommerportulak-Seite ohne Bestand; daneben bleibt nur ein regionales, saisonales Portulak/Postelein-Angebot ohne belastbaren Rostock-Weg. Frischeform und Liefergebiet verengen die Route."	"DIFFICULT"	"Tobias sieht für frischen Portulak eine ausverkaufte Sommerportulak-Seite und ein regional begrenztes Angebot, das zugleich Postelein nennt. Weil weder die genaue Blattgemüseform noch eine Lieferung nach Rostock stabil gesichert ist, bleibt der Einkauf saison- und logistikabhängig schwierig."	"REQUIRED"	"Tobias Rostock frischer Sommerportulak ausverkauft Portulak Postelein saisonal regionale Lieferung"	"AV2N-N-0082|AV2N-N-0083"	"TOBIAS_ROSTOCK_PROFILE|FORM_SENSITIVE|SEASONAL_FRESH_ROUTE|RATING_RECONCILED_V2|RESEARCH_REQUIRED"	"PROPOSED_FOR_HUMAN_REVIEW"
"QUAIL"	"Wachtel"	"APPLICABLE"	"Wachtelfleisch als kleines, aromatisches Geflügel; ganz oder in Teilstücken verwendbar."	"GENERAL_BROAD"	"Tobias prüft „Wachtel“ in Rostock über MeinMetzger – Wachtelbrüstchen, wobei die Evidenz beim Abruf verfügbaren Bestand und Kühlversand ausweist."	"PLANNED"	"Über MeinMetzger – Wachtelbrüstchen (Evidenzstand: beim Abruf verfügbaren Bestand und Kühlversand) prüft Tobias in Rostock „Wachtel“, wobei folgende Abgrenzung gilt: „Wachtelfleisch als kleines, aromatisches Geflügel; ganz oder in Teilstücken verwendbar.“"	"REQUIRED"	"Wachtel Wachtelfleisch als kleines, aromatisches Geflügel; Tobias Rostock Fleisch Wurst exakte Tierart Zuschnitt; Geflügel; MeinMetzger – Wachtelbrüstchen; gezielter Einkauf Deutschland Wochenvorlauf; die geforderte ganze oder körnige Form"	"AV2N-N-0085"	"TOBIAS_ROSTOCK_PROFILE|RESEARCH_REQUIRED"	"PROPOSED_FOR_HUMAN_REVIEW"
"QUAIL_EGG"	"Wachtelei"	"APPLICABLE"	"Kleines gesprenkeltes Wachtelei mit höherem Eigelbanteil; frisch zu garen, nicht eingelegt."	"GENERAL_BROAD"	"Wachtelei: REWE listet Feine Welt Wachteleier aus Auslaufhaltung als gekühlte Zwölferpackung mit Durchgarhinweis; Tobias kann die konkrete Rostocker Filialverfügbarkeit vorab abfragen."	"PLANNED"	"Für Tobias führt der geplante Wachtelei-Einkauf zum standortabhängigen REWE-Artikel Feine Welt Wachteleier in Rostock; gesucht werden frische, gekühlte Eier zum Garen und keine eingelegte Ware oder Fischkategorie."	"REQUIRED"	"REWE Feine Welt Wachteleier Auslaufhaltung 12 Stück | frisch gekühlt nicht eingelegt | Rostock Standort Bestand"	"AV2N-N-0087"	"TOBIAS_ROSTOCK_PROFILE|FORM_SENSITIVE|RESEARCH_REQUIRED"	"PROPOSED_FOR_HUMAN_REVIEW"
"QUARK"	"Quark"	"APPLICABLE"	"Frischer säuerlicher Milchbruch mit magerer bis cremiger Konsistenz; Fettstufe bleibt offen."	"GENERAL_LOCAL"	"Für „Quark“ wird das Angebot über die Molkereikühlung eines gewöhnlichen großen Rostocker Supermarkts kontrolliert."	"EASY"	"Beim Rostocker Einkauf setzt Tobias für „Quark“ auf die Molkereikühlung eines gewöhnlichen großen Rostocker Supermarkts mit diesem inhaltlichen Maßstab: „Frischer säuerlicher Milchbruch mit magerer bis cremiger Konsistenz; Fettstufe bleibt offen.“"	"OPTIONAL"	"Quark Frischer säuerlicher Milchbruch mit magerer bis cremiger Konsistenz; Tobias Rostock Milchprodukt genaue Sorte Fettstufe; gesäuertes Milchprodukt; Die Molkereikühlung eines gewöhnlichen großen Rostocker Supermarkts; reguläres Sortiment Filialverfügbarkeit; die verlangte frische Form"	""	"TOBIAS_ROSTOCK_PROFILE|FORM_SENSITIVE"	"PROPOSED_FOR_HUMAN_REVIEW"
"QUINCE"	"Quitte"	"APPLICABLE"	"Quitte mit festem, roh herbem und beim Garen floral-aromatischem Fruchtfleisch; meist gegart verwendet."	"GENERAL_BROAD"	"Quitte: Bauer Lümmel weist frische Birnenquitten auf Lager aus und nennt bundesweiten GO-Overnight-Frischeversand während der Herbstsaison. der Artikel kann je nach Rostocker Markt fehlen."	"PLANNED"	"Im Rostocker Profil von Tobias ist maßgeblich: Quitte wird als feste frische Birnenquitte für die spätere Garverwendung geplant bestellt; Gelee oder Saft ersetzt die Frucht nicht."	"REQUIRED"	"Quitte Birnenquitte frisch 500 g Bauer Lümmel Lager Overnight Herbst; Tobias Rostock konkrete Produktseite Bestand Logistik 2026-09-04"	"AV2N-N-0088"	"TOBIAS_ROSTOCK_PROFILE|RESEARCH_REQUIRED"	"PROPOSED_FOR_HUMAN_REVIEW"
"QUINOA"	"Quinoa"	"APPLICABLE"	"Glutenfreies Pseudogetreide mit kleinen Samen und leicht nussigem Geschmack; helle, rote und schwarze Sorten sind umfasst."	"GENERAL_LOCAL"	"Tobias prüft „Quinoa“ in Rostock über das Getreide-, Mehl-, Reis- oder Teigwarenregal eines gewöhnlichen großen Rostocker Supermarkts."	"EASY"	"Über das Getreide-, Mehl-, Reis- oder Teigwarenregal eines gewöhnlichen großen Rostocker Supermarkts prüft Tobias in Rostock „Quinoa“ nach dieser Produktbeschreibung: „Glutenfreies Pseudogetreide mit kleinen Samen und leicht nussigem Geschmack; helle, rote und schwarze Sorten sind umfasst.“"	"OPTIONAL"	"Quinoa Glutenfreies Pseudogetreide mit kleinen Samen und leicht nussigem Geschmack; Tobias Rostock Getreide Stärke Teigware genaue Form; Getreide oder Pseudogetreide; Das Getreide-, Mehl-, Reis- oder Teigwarenregal eines gewöhnlichen großen Rostocker Supermarkts; reguläres Sortiment Filialverfügbarkeit; die geforderte ganze oder körnige Form"	""	"TOBIAS_ROSTOCK_PROFILE"	"PROPOSED_FOR_HUMAN_REVIEW"
"RABBIT"	"Kaninchen"	"APPLICABLE"	"Kaninchenfleisch mit magerem, mildem Geschmack; ganzes Tier oder Teilstücke sind verwendbar, unabhängig von Haus- oder Wildhaltung."	"GENERAL_BROAD"	"Tobias prüft „Kaninchen“ in Rostock über MeinMetzger – ganzes Kaninchen, wobei die Evidenz beim Abruf verfügbaren Bestand und Kühlversand ausweist."	"PLANNED"	"Über MeinMetzger – ganzes Kaninchen (Evidenzstand: beim Abruf verfügbaren Bestand und Kühlversand) prüft Tobias in Rostock „Kaninchen“, wobei folgende Abgrenzung gilt: „Kaninchenfleisch mit magerem, mildem Geschmack; ganzes Tier oder Teilstücke sind verwendbar, unabhängig von Haus- oder Wildhaltung.“"	"REQUIRED"	"Kaninchen Kaninchenfleisch mit magerem, mildem Geschmack; Tobias Rostock Fleisch Wurst exakte Tierart Zuschnitt; Wildfleisch; MeinMetzger – ganzes Kaninchen; gezielter Einkauf Deutschland Wochenvorlauf; die präzise tierische Produktform"	"AV2N-N-0090"	"TOBIAS_ROSTOCK_PROFILE|RESEARCH_REQUIRED"	"PROPOSED_FOR_HUMAN_REVIEW"
"RADICCHIO"	"Radicchio"	"APPLICABLE"	"Rot-weißer Blattsalat aus der Zichorienfamilie mit markanter Bitterkeit; roh oder gegart verwendbar."	"GENERAL_LOCAL"	"Für „Radicchio“ wird das Angebot über die Gemüseabteilung eines gewöhnlichen großen Rostocker Supermarkts kontrolliert."	"EASY"	"Den Weg über die Gemüseabteilung eines gewöhnlichen großen Rostocker Supermarkts nutzt Tobias in Rostock für „Radicchio“ anhand der vollständigen Beschreibung: „Rot-weißer Blattsalat aus der Zichorienfamilie mit markanter Bitterkeit; roh oder gegart verwendbar.“"	"OPTIONAL"	"Radicchio Rot-weißer Blattsalat aus der Zichorienfamilie mit markanter Bitterkeit; Tobias Rostock Gemüse frisch TK genaue Sorte; Blattsalat; Die Gemüseabteilung eines gewöhnlichen großen Rostocker Supermarkts; reguläres Sortiment Filialverfügbarkeit; die exakt festgelegte Darreichung"	""	"TOBIAS_ROSTOCK_PROFILE"	"PROPOSED_FOR_HUMAN_REVIEW"
"RADISH"	"Rettich"	"APPLICABLE"	"Offene Rettichvorgabe von kleinen Radieschen bis größeren weißen oder schwarzen Rettichen; Schärfe und Form bleiben wählbar."	"GENERAL_LOCAL"	"Der konkrete Bezug von „Rettich“ läuft über die Gemüseabteilung eines gewöhnlichen großen Rostocker Supermarkts."	"EASY"	"Für „Rettich“ kontrolliert Tobias den Rostocker Bezug über die Gemüseabteilung eines gewöhnlichen großen Rostocker Supermarkts anhand der vollständigen Beschreibung: „Offene Rettichvorgabe von kleinen Radieschen bis größeren weißen oder schwarzen Rettichen; Schärfe und Form bleiben wählbar.“"	"OPTIONAL"	"Rettich Offene Rettichvorgabe von kleinen Radieschen bis größeren weißen oder…; Tobias Rostock Gemüse frisch TK genaue Sorte; Wurzel- und Knollengemüse; Die Gemüseabteilung eines gewöhnlichen großen Rostocker Supermarkts; reguläres Sortiment Filialverfügbarkeit; die exakt festgelegte Darreichung"	""	"TOBIAS_ROSTOCK_PROFILE"	"PROPOSED_FOR_HUMAN_REVIEW"
"RAISIN"	"Rosinen"	"APPLICABLE"	"Getrocknete Weintrauben mit konzentrierter Süße; helle und dunkle sowie kleine und große Formen sind umfasst."	"GENERAL_LOCAL"	"Beim Einkauf von „Rosinen“ nutzt Tobias das Trockenobst-, Tiefkühlobst- oder Obstkonservenregal eines gewöhnlichen großen Rostocker Supermarkts."	"EASY"	"Die Beschaffung von „Rosinen“ über das Trockenobst-, Tiefkühlobst- oder Obstkonservenregal eines gewöhnlichen großen Rostocker Supermarkts prüft Tobias in Rostock, wobei folgende Abgrenzung gilt: „Getrocknete Weintrauben mit konzentrierter Süße; helle und dunkle sowie kleine und große Formen sind umfasst.“"	"OPTIONAL"	"Rosinen Getrocknete Weintrauben mit konzentrierter Süße; Tobias Rostock Frucht genaue Sorte haltbar TK; Trockenfrüchte / Weintrauben; Das Trockenobst-, Tiefkühlobst- oder Obstkonservenregal eines gewöhnlichen großen Rostocker Supermarkts; reguläres Sortiment Filialverfügbarkeit; die getrocknete Produktform"	""	"TOBIAS_ROSTOCK_PROFILE"	"PROPOSED_FOR_HUMAN_REVIEW"
"RAKFISK"	"Rakfisk"	"APPLICABLE"	"Professionell hergestellter, gesalzener und fermentierter Süßwasserfisch nach Rakfisk-Art. Gemeint ist ein handelsübliches verzehrfertiges Produkt; keine Aufforderung zur häuslichen Fischfermentation."	"NO_REAL_ROUTE"	"Für „Rakfisk“ führt der Rostocker Marktweg über deutsche und europäische Endkundenanbieter mit formgenauer Ware, wobei die Evidenz die menschliche v2-Freigabe für diesen Weg und Importbeschränkungen ausweist."	"UNAVAILABLE"	"Den Weg über deutsche und europäische Endkundenanbieter mit formgenauer Ware (Evidenzstand: die menschliche v2-Freigabe für diesen Weg und Importbeschränkungen) nutzt Tobias in Rostock für „Rakfisk“, wobei folgende Abgrenzung gilt: „Professionell hergestellter, gesalzener und fermentierter Süßwasserfisch nach Rakfisk-Art. Gemeint ist ein handelsübliches verzehrfertiges Produkt; keine Aufforderung zur häuslichen Fischfermentation.“"	"REQUIRED"	"Rakfisk Professionell hergestellter, gesalzener und fermentierter Süßwasserfisch nach…; Tobias Rostock Fisch Seafood exakte Art Konserve Trockenware; konservierter Fisch; deutsche und EU-Endkundenwege exakte Ware; Negativsuche keine Ersatzware; die präzise tierische Produktform"	"AV2E-094"	"REFERENCE_ANCHOR|TOBIAS_ROSTOCK_PROFILE|NEGATIVE_ROUTE_SEARCH|RESEARCH_REQUIRED|REFERENCE_ANCHOR_V2"	"APPROVED_REFERENCE_ANCHOR_V2"
"RAMEN_NOODLES"	"Ramennudeln"	"APPLICABLE"	"Japanische Weizennudeln für Ramen, typischerweise alkalisch und elastisch; frisch, getrocknet oder vorgegart verwendbar."	"GENERAL_LOCAL"	"Für „Ramennudeln“ führt der Rostocker Marktweg über das Getreide-, Mehl-, Reis- oder Teigwarenregal eines gewöhnlichen großen Rostocker Supermarkts."	"EASY"	"Den Weg über das Getreide-, Mehl-, Reis- oder Teigwarenregal eines gewöhnlichen großen Rostocker Supermarkts nutzt Tobias in Rostock für „Ramennudeln“ nach dieser Produktbeschreibung: „Japanische Weizennudeln für Ramen, typischerweise alkalisch und elastisch; frisch, getrocknet oder vorgegart verwendbar.“"	"OPTIONAL"	"Ramennudeln Japanische Weizennudeln für Ramen, typischerweise alkalisch und elastisch; Tobias Rostock Getreide Stärke Teigware genaue Form; Nudeln; Das Getreide-, Mehl-, Reis- oder Teigwarenregal eines gewöhnlichen großen Rostocker Supermarkts; reguläres Sortiment Filialverfügbarkeit; die verlangte frische Form"	""	"TOBIAS_ROSTOCK_PROFILE|FORM_SENSITIVE"	"PROPOSED_FOR_HUMAN_REVIEW"
"RAS_EL_HANOUT"	"Ras el-Hanout"	"APPLICABLE"	"Nordafrikanische Gewürzmischung aus zahlreichen warmen, erdigen und floralen Gewürzen; Rezeptur variiert stark."	"SPECIALTY_BROAD"	"Tobias prüft „Ras el-Hanout“ in Rostock über Miori – Ras el Hanout blend und Mitte Meer – Mediterranean direct shop, wobei die Evidenz verfügbaren Bestand in einem laufenden Fachsortiment und Standardversand ausweist."	"SPECIALTY"	"Über Miori – Ras el Hanout blend und Mitte Meer – Mediterranean direct shop (Evidenzstand: verfügbaren Bestand in einem laufenden Fachsortiment und Standardversand) prüft Tobias in Rostock „Ras el-Hanout“, wobei folgende Abgrenzung gilt: „Nordafrikanische Gewürzmischung aus zahlreichen warmen, erdigen und floralen Gewürzen; Rezeptur variiert stark.“"	"REQUIRED"	"Ras el-Hanout Nordafrikanische Gewürzmischung aus zahlreichen warmen, erdigen und floralen…; Tobias Rostock Gewürz ganze gemahlene getrocknete Form; Gewürzmischung; Mitte Meer – Mediterranean direct shop | Miori – Ras el Hanout blend; mehrere unabhängige Fachhändler Marktbreite; die exakt festgelegte Darreichung"	"AV2N-N-0093|AV2N-N-0094"	"TOBIAS_ROSTOCK_PROFILE|SPECIALTY_MARKET_BREADTH|RESEARCH_REQUIRED"	"PROPOSED_FOR_HUMAN_REVIEW"
"RASPBERRY"	"Himbeere"	"APPLICABLE"	"Himbeere mit zarter Struktur und süß-säuerlichem Aroma; frisch oder ungesüßt tiefgekühlt verwendbar."	"GENERAL_LOCAL"	"Die Rostocker Warenprüfung für „Himbeere“ erfolgt über den Obst- oder Tiefkühlobstbereich eines gewöhnlichen großen Rostocker Supermarkts."	"EASY"	"Tobias organisiert über den Obst- oder Tiefkühlobstbereich eines gewöhnlichen großen Rostocker Supermarkts die Rostocker Prüfung von „Himbeere“, wobei folgende Abgrenzung gilt: „Himbeere mit zarter Struktur und süß-säuerlichem Aroma; frisch oder ungesüßt tiefgekühlt verwendbar.“"	"OPTIONAL"	"Himbeere Himbeere mit zarter Struktur und süß-säuerlichem Aroma; Tobias Rostock Obst frisch TK genaue Sorte; Beeren; Der Obst- oder Tiefkühlobstbereich eines gewöhnlichen großen Rostocker Supermarkts; reguläres Sortiment Filialverfügbarkeit; die zugelassene Frisch- oder Tiefkühlform"	""	"TOBIAS_ROSTOCK_PROFILE|FORM_SENSITIVE"	"PROPOSED_FOR_HUMAN_REVIEW"
"RAZOR_CLAMS"	"Schwertmuscheln"	"APPLICABLE"	"Längliche Schwert- beziehungsweise Messermuscheln mit zartem, leicht süßlichem Fleisch; frisch oder ausgelöst verwendbar."	"NICHE_IMPORT"	"Tobias prüft „Schwertmuscheln“ in Rostock über Honest Catch – precooked razor clams frozen, wobei die Evidenz nur einen beim Abruf ausverkauften Formtreffer und Tiefkühlversand ausweist."	"DIFFICULT"	"Über Honest Catch – precooked razor clams frozen (Evidenzstand: nur einen beim Abruf ausverkauften Formtreffer und Tiefkühlversand) prüft Tobias in Rostock „Schwertmuscheln“, wobei folgende Abgrenzung gilt: „Längliche Schwert- beziehungsweise Messermuscheln mit zartem, leicht süßlichem Fleisch; frisch oder ausgelöst verwendbar.“"	"REQUIRED"	"Schwertmuscheln Längliche Schwert- beziehungsweise Messermuscheln mit zartem, leicht süßlichem…; Tobias Rostock Fisch Seafood Frische TK genauer Zuschnitt; Muscheln; Honest Catch – precooked razor clams frozen; Bestand Produktform Versandlogistik; die verlangte frische Form"	"AV2N-N-0096"	"TOBIAS_ROSTOCK_PROFILE|FORM_OR_LOGISTICS_RISK|FORM_SENSITIVE|RESEARCH_REQUIRED"	"PROPOSED_FOR_HUMAN_REVIEW"
"READY_CURRY_PASTE"	"fertige Currypaste"	"APPLICABLE"	"Offene Familie verzehrfertiger Currypasten mit bereits kombinierter Gewürz- und Aromatenbasis; Küche, Farbe und Schärfe bleiben offen."	"GENERAL_BROAD"	"Asiafoodland bündelt 61 fertige Currypasten verschiedener Küchen und Schärfen in einer formgenauen Kategorie. Tobias kann lagernde rote, grüne, gelbe, Massaman- oder Panang-Paste per Standard-DHL nach Rostock bestellen."	"PLANNED"	"Für Tobias belegt die Currypasten-Kategorie von Asiafoodland eine breite Auswahl verzehrfertiger Gewürz- und Aromatenpasten. Die aktuell gelisteten Varianten werden als haltbare Ware nach Rostock versandt; Rezeptur, Farbe und Schärfe bleiben offen."	"REQUIRED"	"fertige Currypaste Asiafoodland 61 Produkte Gewürz Aromatenbasis Standardversand Rostock"	"AV2N-N-0097"	"TOBIAS_ROSTOCK_PROFILE|SPECIALTY_MARKET_BREADTH|RESEARCH_REQUIRED|RATING_RECONCILED_V2"	"PROPOSED_FOR_HUMAN_REVIEW"
"READY_SAUCES_AND_PASTES"	"fertige Sauce oder Würzpaste"	"NOT_APPLICABLE_STRUCTURE"	""	""	""	""	""	""	""	""	""	"APPROVED_NOT_APPLICABLE"
"RED_BELL_PEPPER"	"rote Paprika"	"APPLICABLE"	"Reif rote Gemüsepaprika mit süßem, fruchtigem Geschmack; frisch gemeint, nicht geröstete Konserve."	"GENERAL_LOCAL"	"Tobias sucht „rote Paprika“ in Rostock über die Gemüseabteilung eines gewöhnlichen großen Rostocker Supermarkts gesucht."	"EASY"	"Die Beschaffung von „rote Paprika“ über die Gemüseabteilung eines gewöhnlichen großen Rostocker Supermarkts prüft Tobias in Rostock anhand der vollständigen Beschreibung: „Reif rote Gemüsepaprika mit süßem, fruchtigem Geschmack; frisch gemeint, nicht geröstete Konserve.“"	"OPTIONAL"	"rote Paprika Reif rote Gemüsepaprika mit süßem, fruchtigem Geschmack; Tobias Rostock Gemüse frisch TK genaue Sorte; Paprika; Die Gemüseabteilung eines gewöhnlichen großen Rostocker Supermarkts; reguläres Sortiment Filialverfügbarkeit; die verlangte frische Form"	""	"TOBIAS_ROSTOCK_PROFILE|FORM_SENSITIVE"	"PROPOSED_FOR_HUMAN_REVIEW"
"RED_CABBAGE"	"Rotkohl"	"APPLICABLE"	"Rotkohl mit festen violetten Blättern und leicht pfeffrigem Geschmack; roh, geschmort oder fermentiert verwendbar."	"GENERAL_LOCAL"	"Die Rostocker Warenprüfung für „Rotkohl“ erfolgt über die Gemüseabteilung eines gewöhnlichen großen Rostocker Supermarkts."	"EASY"	"Beim Rostocker Einkauf setzt Tobias für „Rotkohl“ auf die Gemüseabteilung eines gewöhnlichen großen Rostocker Supermarkts anhand der vollständigen Beschreibung: „Rotkohl mit festen violetten Blättern und leicht pfeffrigem Geschmack; roh, geschmort oder fermentiert verwendbar.“"	"OPTIONAL"	"Rotkohl Rotkohl mit festen violetten Blättern und leicht pfeffrigem Geschmack; Tobias Rostock Gemüse frisch TK genaue Sorte; Kohlgemüse; Die Gemüseabteilung eines gewöhnlichen großen Rostocker Supermarkts; reguläres Sortiment Filialverfügbarkeit; die exakt festgelegte Darreichung"	""	"TOBIAS_ROSTOCK_PROFILE|FORM_SENSITIVE"	"PROPOSED_FOR_HUMAN_REVIEW"
"RED_CURRANT"	"rote Johannisbeere"	"APPLICABLE"	"Rote Johannisbeere mit klarer Säure und saftigem Fruchtfleisch; frisch oder ungesüßt tiefgekühlt."	"GENERAL_BROAD"	"Der konkrete Bezug von „rote Johannisbeere“ läuft über gut sortierte Vollsortimenter und etablierte deutsche Frucht- oder Frischehändler."	"PLANNED"	"Das Angebot zu „rote Johannisbeere“ über gut sortierte Vollsortimenter und etablierte deutsche Frucht- oder Frischehändler kontrolliert Tobias in Rostock mit diesem inhaltlichen Maßstab: „Rote Johannisbeere mit klarer Säure und saftigem Fruchtfleisch; frisch oder ungesüßt tiefgekühlt.“"	"OPTIONAL"	"rote Johannisbeere Rote Johannisbeere mit klarer Säure und saftigem Fruchtfleisch; Tobias Rostock Obst frisch TK genaue Sorte; Beeren; gut sortierte Vollsortimenter und etablierte deutsche Frucht- oder Frischehändler; gezielter Einkauf Deutschland Wochenvorlauf; die zugelassene Frisch- oder Tiefkühlform"	""	"TOBIAS_ROSTOCK_PROFILE|FORM_SENSITIVE|RATING_RECONCILED_V2"	"PROPOSED_FOR_HUMAN_REVIEW"
"RED_LENTILS"	"rote Linsen"	"APPLICABLE"	"Geschälte rote Linsen, die schnell garen und meist cremig zerfallen; nicht formstabile ganze Linsen."	"GENERAL_LOCAL"	"Die Rostocker Warenprüfung für „rote Linsen“ erfolgt über das Hülsenfrucht-, Konserven- oder Trockensortiment eines gewöhnlichen großen Rostocker Supermarkts."	"EASY"	"Tobias organisiert über das Hülsenfrucht-, Konserven- oder Trockensortiment eines gewöhnlichen großen Rostocker Supermarkts die Rostocker Prüfung von „rote Linsen“, wobei folgende Abgrenzung gilt: „Geschälte rote Linsen, die schnell garen und meist cremig zerfallen; nicht formstabile ganze Linsen.“"	"OPTIONAL"	"rote Linsen Geschälte rote Linsen, die schnell garen und meist cremig zerfallen; Tobias Rostock Hülsenfrucht getrocknet vorgegart Sorte; Linsen; Das Hülsenfrucht-, Konserven- oder Trockensortiment eines gewöhnlichen großen Rostocker Supermarkts; reguläres Sortiment Filialverfügbarkeit; die exakt festgelegte Darreichung"	""	"TOBIAS_ROSTOCK_PROFILE"	"PROPOSED_FOR_HUMAN_REVIEW"
"RED_ONION"	"rote Zwiebel"	"APPLICABLE"	"Rote Zwiebel mit milderer Schärfe und violetter Farbe; roh und gegart verwendbar."	"GENERAL_LOCAL"	"Tobias prüft „rote Zwiebel“ in Rostock über die Gemüseabteilung eines gewöhnlichen großen Rostocker Supermarkts."	"EASY"	"Das Angebot zu „rote Zwiebel“ über die Gemüseabteilung eines gewöhnlichen großen Rostocker Supermarkts kontrolliert Tobias in Rostock anhand der vollständigen Beschreibung: „Rote Zwiebel mit milderer Schärfe und violetter Farbe; roh und gegart verwendbar.“"	"OPTIONAL"	"rote Zwiebel Rote Zwiebel mit milderer Schärfe und violetter Farbe; Tobias Rostock Gemüse frisch TK genaue Sorte; Zwiebel; Die Gemüseabteilung eines gewöhnlichen großen Rostocker Supermarkts; reguläres Sortiment Filialverfügbarkeit; die exakt festgelegte Darreichung"	""	"TOBIAS_ROSTOCK_PROFILE"	"PROPOSED_FOR_HUMAN_REVIEW"
"RED_WINE"	"Rotwein"	"APPLICABLE"	"Rotwein als Kochzutat; Rebsorte, Körper und Trockenheitsgrad bleiben offen, kein aromatisiertes Weingetränk."	"GENERAL_LOCAL"	"Die Beschaffung von „Rotwein“ erfolgt in Rostock über das Spirituosen- oder Weinregal eines gewöhnlichen großen Rostocker Supermarkts."	"EASY"	"Für „Rotwein“ kontrolliert Tobias den Rostocker Bezug über das Spirituosen- oder Weinregal eines gewöhnlichen großen Rostocker Supermarkts, wobei folgende Abgrenzung gilt: „Rotwein als Kochzutat; Rebsorte, Körper und Trockenheitsgrad bleiben offen, kein aromatisiertes Weingetränk.“"	"OPTIONAL"	"Rotwein Rotwein als Kochzutat; Rebsorte, Körper und Trockenheitsgrad bleiben offen…; Tobias Rostock Getränkehandel Kochalkohol genaue Sorte; Kochalkohol; Das Spirituosen- oder Weinregal eines gewöhnlichen großen Rostocker Supermarkts; reguläres Sortiment Filialverfügbarkeit; die exakt festgelegte Darreichung"	""	"TOBIAS_ROSTOCK_PROFILE"	"PROPOSED_FOR_HUMAN_REVIEW"
"RED_WINE_VINEGAR"	"Rotweinessig"	"APPLICABLE"	"Aus Rotwein vergorener Essig mit fruchtig-herber Säure; nicht Rotwein oder Balsamico."	"GENERAL_LOCAL"	"Die Rostocker Warenprüfung für „Rotweinessig“ erfolgt über das Saucen-, Essig- oder Feinkostregal eines gewöhnlichen großen Rostocker Supermarkts."	"EASY"	"Tobias organisiert über das Saucen-, Essig- oder Feinkostregal eines gewöhnlichen großen Rostocker Supermarkts die Rostocker Prüfung von „Rotweinessig“ mit diesem inhaltlichen Maßstab: „Aus Rotwein vergorener Essig mit fruchtig-herber Säure; nicht Rotwein oder Balsamico.“"	"OPTIONAL"	"Rotweinessig Aus Rotwein vergorener Essig mit fruchtig-herber Säure; Tobias Rostock Würzsauce Paste Essig exakte Sorte; Essig; Das Saucen-, Essig- oder Feinkostregal eines gewöhnlichen großen Rostocker Supermarkts; reguläres Sortiment Filialverfügbarkeit; die exakt festgelegte Darreichung"	""	"TOBIAS_ROSTOCK_PROFILE"	"PROPOSED_FOR_HUMAN_REVIEW"
"REDFISH"	"Rotbarsch"	"APPLICABLE"	"Rotbarsch mit festem, mildem und relativ magerem Fleisch; meist als Filet erhältlich."	"GENERAL_BROAD"	"Deutsche See – Rotbarschfilets TK belegt formgenau: Die Produktseite führt hautlose, portionierte und vakuumierte Rotbarschfilets als verfügbaren Tiefkühlartikel. Für Tobias in Rostock gilt: Deutschlandweiter Tiefkühl-Wunschterminversand nach Bornheim und Rostock; Mindestbestellwert 49 Euro; Logistik FROZEN_SHIPPING. Wunschtermin, Mindestbestellwert und minus-18-Grad-Kette verhindern spontane Beschaffung, bleiben aber robust planbar."	"PLANNED"	"Über Deutsche See – redfish fillets (Evidenzstand: eine vor dem Einkauf erneut zu prüfende Verfügbarkeit und Frischeversand) prüft Tobias in Rostock „Rotbarsch“, wobei folgende Abgrenzung gilt: „Rotbarsch mit festem, mildem und relativ magerem Fleisch; meist als Filet erhältlich.“"	"REQUIRED"	"Deutsche See Rotbarschfilets hautlos portioniert tiefgekühlt verfügbar | Tobias in Rostock | IN_STOCK FROZEN_SHIPPING"	"AV2N-N-0099|AV2N-P-0024"	"TOBIAS_ROSTOCK_PROFILE|RATING_RECONCILED_V2"	"PROPOSED_FOR_HUMAN_REVIEW"
"REINDEER"	"Rentierfleisch"	"APPLICABLE"	"Rentierfleisch als frisches oder tiefgekühltes Fleischstück beziehungsweise geeignetes Gulasch-/Geschnetzeltesfleisch. Nicht Rentierwurst, Trockenfleisch oder ein bereits zubereitetes Rentiergericht."	"NICHE_IMPORT"	"Tobias prüft „Rentierfleisch“ in Rostock über Swedish Wild – reindeer meat range, wobei die Evidenz eine vor dem Einkauf erneut zu prüfende Verfügbarkeit und Tiefkühlversand ausweist."	"DIFFICULT"	"Über Swedish Wild – reindeer meat range (Evidenzstand: eine vor dem Einkauf erneut zu prüfende Verfügbarkeit und Tiefkühlversand) prüft Tobias in Rostock „Rentierfleisch“, wobei folgende Abgrenzung gilt: „Rentierfleisch als frisches oder tiefgekühltes Fleischstück beziehungsweise geeignetes Gulasch-/Geschnetzeltesfleisch. Nicht Rentierwurst, Trockenfleisch oder ein bereits zubereitetes Rentiergericht.“"	"REQUIRED"	"Rentierfleisch Rentierfleisch als frisches oder tiefgekühltes Fleischstück beziehungsweise…; Tobias Rostock Fleisch Wurst exakte Tierart Zuschnitt; Wildfleisch; Swedish Wild – reindeer meat range; Bestand Produktform Versandlogistik; die zugelassene Frisch- oder Tiefkühlform"	"AV2N-N-0101"	"TOBIAS_ROSTOCK_PROFILE|FORM_OR_LOGISTICS_RISK|FORM_SENSITIVE|RESEARCH_REQUIRED"	"PROPOSED_FOR_HUMAN_REVIEW"
"REMOULADE"	"Remoulade"	"APPLICABLE"	"Würzige mayonnaiseartige Sauce mit typischerweise Gurken/Pickles, Senf, Kräutern und weiteren Würzzutaten; konkrete Rezepturen können variieren."	"GENERAL_LOCAL"	"Tobias prüft „Remoulade“ in Rostock über das Saucen-, Essig- oder Feinkostregal eines gewöhnlichen großen Rostocker Supermarkts."	"EASY"	"Über das Saucen-, Essig- oder Feinkostregal eines gewöhnlichen großen Rostocker Supermarkts prüft Tobias in Rostock „Remoulade“ nach dieser Produktbeschreibung: „Würzige mayonnaiseartige Sauce mit typischerweise Gurken/Pickles, Senf, Kräutern und weiteren Würzzutaten; konkrete Rezepturen können variieren.“"	"OPTIONAL"	"Remoulade Würzige mayonnaiseartige Sauce mit typischerweise Gurken/Pickles, Senf…; Tobias Rostock Würzsauce Paste Essig exakte Sorte; fertige Sauce oder Würzpaste; Das Saucen-, Essig- oder Feinkostregal eines gewöhnlichen großen Rostocker Supermarkts; reguläres Sortiment Filialverfügbarkeit; die exakt festgelegte Darreichung"	""	"TOBIAS_ROSTOCK_PROFILE"	"PROPOSED_FOR_HUMAN_REVIEW"
"RENDANG_PASTE"	"Rendang-Paste"	"APPLICABLE"	"Konzentrierte Gewürzpaste für Rendang mit Chili, Aromaten und Gewürzen; nicht das fertige Schmorgericht."	"SPECIALTY_BROAD"	"Tobias prüft „Rendang-Paste“ in Rostock über Asiashoponline – Munik Rendang paste 39 g und My-Asia-Shop – Asian Home Gourmet Rendang paste, wobei die Evidenz verfügbaren Bestand in einem laufenden Fachsortiment und Standardversand ausweist."	"SPECIALTY"	"Über Asiashoponline – Munik Rendang paste 39 g und My-Asia-Shop – Asian Home Gourmet Rendang paste (Evidenzstand: verfügbaren Bestand in einem laufenden Fachsortiment und Standardversand) prüft Tobias in Rostock „Rendang-Paste“, wobei folgende Abgrenzung gilt: „Konzentrierte Gewürzpaste für Rendang mit Chili, Aromaten und Gewürzen; nicht das fertige Schmorgericht.“"	"REQUIRED"	"Rendang-Paste Konzentrierte Gewürzpaste für Rendang mit Chili, Aromaten und Gewürzen; Tobias Rostock Würzsauce Paste Essig exakte Sorte; fertige Currypaste; Asiashoponline – Munik Rendang paste 39 g | My-Asia-Shop – Asian Home Gourmet Rendang paste; mehrere unabhängige Fachhändler Marktbreite; die exakt festgelegte Darreichung"	"AV2N-N-0104|AV2N-N-0105"	"TOBIAS_ROSTOCK_PROFILE|SPECIALTY_MARKET_BREADTH|RESEARCH_REQUIRED"	"PROPOSED_FOR_HUMAN_REVIEW"
"RHUBARB"	"Rhabarber"	"APPLICABLE"	"Fleischige saure Blattstiele des Rhabarbers; nur die Stiele verwenden, nicht die Blätter."	"GENERAL_BROAD"	"Die Beschaffung von „Rhabarber“ erfolgt in Rostock über gut sortierte Vollsortimenter und etablierte deutsche Gemüse- oder Frischehändler."	"PLANNED"	"Für „Rhabarber“ kontrolliert Tobias den Rostocker Bezug über gut sortierte Vollsortimenter und etablierte deutsche Gemüse- oder Frischehändler mit diesem inhaltlichen Maßstab: „Fleischige saure Blattstiele des Rhabarbers; nur die Stiele verwenden, nicht die Blätter.“"	"OPTIONAL"	"Rhabarber Fleischige saure Blattstiele des Rhabarbers; Tobias Rostock Gemüse frisch TK genaue Sorte; Stängelgemüse; gut sortierte Vollsortimenter und etablierte deutsche Gemüse- oder Frischehändler; gezielter Einkauf Deutschland Wochenvorlauf; die exakt festgelegte Darreichung"	""	"TOBIAS_ROSTOCK_PROFILE"	"PROPOSED_FOR_HUMAN_REVIEW"
"RICE"	"Reis"	"APPLICABLE"	"Reiskorn als Kochzutat; Sorte, Kornlänge, Vollkornanteil und Klebrigkeit bleiben bewusst wählbar."	"GENERAL_LOCAL"	"Tobias prüft „Reis“ in Rostock über das Getreide-, Mehl-, Reis- oder Teigwarenregal eines gewöhnlichen großen Rostocker Supermarkts, wobei die Evidenz die menschliche v2-Freigabe für diesen Weg und eine lokale Standortprüfung ausweist."	"EASY"	"Über das Getreide-, Mehl-, Reis- oder Teigwarenregal eines gewöhnlichen großen Rostocker Supermarkts (Evidenzstand: die menschliche v2-Freigabe für diesen Weg und eine lokale Standortprüfung) prüft Tobias in Rostock „Reis“, wobei folgende Abgrenzung gilt: „Reiskorn als Kochzutat; Sorte, Kornlänge, Vollkornanteil und Klebrigkeit bleiben bewusst wählbar.“"	"OPTIONAL"	"Reis Reiskorn als Kochzutat; Sorte, Kornlänge, Vollkornanteil und Klebrigkeit…; Tobias Rostock Getreide Stärke Teigware genaue Form; Getreide oder Pseudogetreide; Das Getreide-, Mehl-, Reis- oder Teigwarenregal eines gewöhnlichen großen Rostocker Supermarkts; reguläres Sortiment Filialverfügbarkeit; die exakt festgelegte Darreichung"	"AV2E-011"	"REFERENCE_ANCHOR|TOBIAS_ROSTOCK_PROFILE|REFERENCE_ANCHOR_V2"	"APPROVED_REFERENCE_ANCHOR_V2"
"RICE_CAKES"	"koreanische Reiskuchen"	"APPLICABLE"	"Koreanische Reiskuchen nach Tteok-Art mit zäher, elastischer Textur; Form und frisch oder tiefgekühlt bleiben offen."	"SPECIALTY_BROAD"	"Tobias prüft „koreanische Reiskuchen“ in Rostock über Asiafoodland – Korean Garae-tteok 400 g und Reishunger – Tteok Korean rice cakes, wobei die Evidenz verfügbaren Bestand in einem laufenden Fachsortiment und Standardversand ausweist."	"SPECIALTY"	"Über Asiafoodland – Korean Garae-tteok 400 g und Reishunger – Tteok Korean rice cakes (Evidenzstand: verfügbaren Bestand in einem laufenden Fachsortiment und Standardversand) prüft Tobias in Rostock „koreanische Reiskuchen“, wobei folgende Abgrenzung gilt: „Koreanische Reiskuchen nach Tteok-Art mit zäher, elastischer Textur; Form und frisch oder tiefgekühlt bleiben offen.“"	"REQUIRED"	"koreanische Reiskuchen Koreanische Reiskuchen nach Tteok-Art mit zäher, elastischer Textur; Tobias Rostock Getreide Stärke Teigware genaue Form; Reisprodukt; Asiafoodland – Korean Garae-tteok 400 g | Reishunger – Tteok Korean rice cakes; mehrere unabhängige Fachhändler Marktbreite; die zugelassene Frisch- oder Tiefkühlform"	"AV2N-N-0108|AV2N-N-0109"	"TOBIAS_ROSTOCK_PROFILE|SPECIALTY_MARKET_BREADTH|FORM_SENSITIVE|RESEARCH_REQUIRED"	"PROPOSED_FOR_HUMAN_REVIEW"
"RICE_FLOUR"	"Reismehl"	"APPLICABLE"	"Fein gemahlener Reis, weiß oder als Vollkorn; nicht reine Reisstärke."	"GENERAL_BROAD"	"Für „Reismehl“ wird das Angebot über gut sortierte Vollsortimenter und etablierte deutsche Bio- oder Trockenwarenhändler kontrolliert."	"PLANNED"	"Für „Reismehl“ kontrolliert Tobias den Rostocker Bezug über gut sortierte Vollsortimenter und etablierte deutsche Bio- oder Trockenwarenhändler nach dieser Produktbeschreibung: „Fein gemahlener Reis, weiß oder als Vollkorn; nicht reine Reisstärke.“"	"OPTIONAL"	"Reismehl Fein gemahlener Reis, weiß oder als Vollkorn; Tobias Rostock Getreide Stärke Teigware genaue Form; Mehl / Reisprodukt; gut sortierte Vollsortimenter und etablierte deutsche Bio- oder Trockenwarenhändler; gezielter Einkauf Deutschland Wochenvorlauf; die gemahlene oder pulverisierte Form"	""	"TOBIAS_ROSTOCK_PROFILE"	"PROPOSED_FOR_HUMAN_REVIEW"
"RICE_NOODLES"	"Reisnudeln"	"APPLICABLE"	"Nudeln überwiegend auf Reisbasis; Breite, Form und Frisch- oder Trockenware bleiben offen."	"GENERAL_LOCAL"	"Die Beschaffung von „Reisnudeln“ erfolgt in Rostock über das Getreide-, Mehl-, Reis- oder Teigwarenregal eines gewöhnlichen großen Rostocker Supermarkts."	"EASY"	"Für „Reisnudeln“ kontrolliert Tobias den Rostocker Bezug über das Getreide-, Mehl-, Reis- oder Teigwarenregal eines gewöhnlichen großen Rostocker Supermarkts nach dieser Produktbeschreibung: „Nudeln überwiegend auf Reisbasis; Breite, Form und Frisch- oder Trockenware bleiben offen.“"	"OPTIONAL"	"Reisnudeln Nudeln überwiegend auf Reisbasis; Breite, Form und Frisch- oder Trockenware…; Tobias Rostock Getreide Stärke Teigware genaue Form; Nudeln / Reisprodukt; Das Getreide-, Mehl-, Reis- oder Teigwarenregal eines gewöhnlichen großen Rostocker Supermarkts; reguläres Sortiment Filialverfügbarkeit; die verlangte frische Form"	""	"TOBIAS_ROSTOCK_PROFILE|FORM_SENSITIVE"	"PROPOSED_FOR_HUMAN_REVIEW"
"RICE_PADDY_HERB"	"Reisfeldkraut"	"APPLICABLE"	"Frisches Reisfeldkraut (ngò om beziehungsweise ngổ) mit zitrischem und leicht kümmelartigem Aroma; besonders für saure Suppen und Brühen. Nicht vietnamesischer Koriander oder Culantro."	"NICHE_IMPORT"	"Tobias prüft „Reisfeldkraut“ in Rostock über Viet Long Foods – fresh herb importer catalog, wobei die Evidenz eine vor dem Einkauf erneut zu prüfende Verfügbarkeit und Importbeschränkungen ausweist."	"DIFFICULT"	"Über Viet Long Foods – fresh herb importer catalog (Evidenzstand: eine vor dem Einkauf erneut zu prüfende Verfügbarkeit und Importbeschränkungen) prüft Tobias in Rostock „Reisfeldkraut“, wobei folgende Abgrenzung gilt: „Frisches Reisfeldkraut (ngò om beziehungsweise ngổ) mit zitrischem und leicht kümmelartigem Aroma; besonders für saure Suppen und Brühen. Nicht vietnamesischer Koriander oder Culantro.“"	"REQUIRED"	"Reisfeldkraut Frisches Reisfeldkraut (ngò om beziehungsweise ngổ) mit zitrischem und leicht…; Tobias Rostock frische Kräuter Bund Topf genaue Art; Kräuter und Würzblätter; Viet Long Foods – fresh herb importer catalog; Bestand Produktform Versandlogistik; die verlangte frische Form"	"AV2N-N-0111"	"TOBIAS_ROSTOCK_PROFILE|FORM_OR_LOGISTICS_RISK|FORM_SENSITIVE|RESEARCH_REQUIRED"	"PROPOSED_FOR_HUMAN_REVIEW"
"RICE_PAPER"	"Reispapier"	"APPLICABLE"	"Dünne trockene Blätter auf Reisbasis zum Einweichen und Rollen; nicht essbares Dekorpapier."	"GENERAL_BROAD"	"Der konkrete Bezug von „Reispapier“ läuft über gut sortierte Vollsortimenter und etablierte deutsche Bio- oder Trockenwarenhändler."	"PLANNED"	"Die Beschaffung von „Reispapier“ über gut sortierte Vollsortimenter und etablierte deutsche Bio- oder Trockenwarenhändler prüft Tobias in Rostock nach dieser Produktbeschreibung: „Dünne trockene Blätter auf Reisbasis zum Einweichen und Rollen; nicht essbares Dekorpapier.“"	"OPTIONAL"	"Reispapier Dünne trockene Blätter auf Reisbasis zum Einweichen und Rollen; Tobias Rostock Getreide Stärke Teigware genaue Form; Teigblatt oder Dumpling-Hülle / Reisprodukt; gut sortierte Vollsortimenter und etablierte deutsche Bio- oder Trockenwarenhändler; gezielter Einkauf Deutschland Wochenvorlauf; die geforderte Blatt- oder Kräuterform"	""	"TOBIAS_ROSTOCK_PROFILE"	"PROPOSED_FOR_HUMAN_REVIEW"
"RICE_PRODUCTS"	"Reisprodukt"	"APPLICABLE"	"Offene Vorgabe für verarbeitete Reisprodukte wie Nudeln, Reiskuchen, Mehl oder Papier; gewöhnliches Reiskorn bleibt getrennt."	"GENERAL_LOCAL"	"Beim Einkauf von „Reisprodukt“ nutzt Tobias das Getreide-, Mehl-, Reis- oder Teigwarenregal eines gewöhnlichen großen Rostocker Supermarkts."	"EASY"	"Die Beschaffung von „Reisprodukt“ über das Getreide-, Mehl-, Reis- oder Teigwarenregal eines gewöhnlichen großen Rostocker Supermarkts prüft Tobias in Rostock nach dieser Produktbeschreibung: „Offene Vorgabe für verarbeitete Reisprodukte wie Nudeln, Reiskuchen, Mehl oder Papier; gewöhnliches Reiskorn bleibt getrennt.“"	"OPTIONAL"	"Reisprodukt Offene Vorgabe für verarbeitete Reisprodukte wie Nudeln, Reiskuchen, Mehl oder…; Tobias Rostock Getreide Stärke Teigware genaue Form; stärkehaltige Zutat oder Sättigungsbeilage; Das Getreide-, Mehl-, Reis- oder Teigwarenregal eines gewöhnlichen großen Rostocker Supermarkts; reguläres Sortiment Filialverfügbarkeit; die exakt festgelegte Darreichung"	""	"TOBIAS_ROSTOCK_PROFILE"	"PROPOSED_FOR_HUMAN_REVIEW"
"RICE_VINEGAR"	"Reisessig"	"APPLICABLE"	"Milder Essig aus Reis beziehungsweise Reiswein; helle und dunklere regionale Varianten sind möglich."	"GENERAL_BROAD"	"Tobias prüft „Reisessig“ in Rostock über gut sortierte Vollsortimenter und etablierte deutsche Feinkost- oder Würzsaucenhändler."	"PLANNED"	"Tobias organisiert über gut sortierte Vollsortimenter und etablierte deutsche Feinkost- oder Würzsaucenhändler die Rostocker Prüfung von „Reisessig“, wobei folgende Abgrenzung gilt: „Milder Essig aus Reis beziehungsweise Reiswein; helle und dunklere regionale Varianten sind möglich.“"	"OPTIONAL"	"Reisessig Milder Essig aus Reis beziehungsweise Reiswein; Tobias Rostock Würzsauce Paste Essig exakte Sorte; Essig; gut sortierte Vollsortimenter und etablierte deutsche Feinkost- oder Würzsaucenhändler; gezielter Einkauf Deutschland Wochenvorlauf; die exakt festgelegte Darreichung"	""	"TOBIAS_ROSTOCK_PROFILE"	"PROPOSED_FOR_HUMAN_REVIEW"
"RICOTTA"	"Ricotta"	"APPLICABLE"	"Milder italienischer Molkenfrischkäse mit körnig-cremiger Textur; Kuh-, Schaf- oder andere Milchbasis möglich."	"GENERAL_LOCAL"	"Tobias sucht „Ricotta“ in Rostock über die Käsekühlung oder Käsetheke eines gewöhnlichen großen Rostocker Supermarkts gesucht."	"EASY"	"Tobias nutzt in Rostock die Käsekühlung oder Käsetheke eines gewöhnlichen großen Rostocker Supermarkts für „Ricotta“ mit diesem inhaltlichen Maßstab: „Milder italienischer Molkenfrischkäse mit körnig-cremiger Textur; Kuh-, Schaf- oder andere Milchbasis möglich.“"	"OPTIONAL"	"Ricotta Milder italienischer Molkenfrischkäse mit körnig-cremiger Textur; Tobias Rostock Käse genaue Sorte Milch Reifung; Käse; Die Käsekühlung oder Käsetheke eines gewöhnlichen großen Rostocker Supermarkts; reguläres Sortiment Filialverfügbarkeit; die verlangte frische Form"	""	"TOBIAS_ROSTOCK_PROFILE|FORM_SENSITIVE"	"PROPOSED_FOR_HUMAN_REVIEW"
"RILLETTES"	"Rillettes"	"APPLICABLE"	"Offene Familie langsam gegarter und zerfaserter Fleischaufstriche nach Rillettes-Art, insbesondere aus Schwein, Ente oder Gans. Fisch-Rillettes und gewöhnliche Leberpastete sind ausdrücklich nicht gemeint."	"GENERAL_BROAD"	"Rillettes: Bahier Gänserillettes ist bei REWE als Glas aus zart gekochtem Gänsefleisch, Gänsefett und Schweinefleisch gelistet; Tobias plant die Beschaffung über eine Rostocker Standortprüfung."	"PLANNED"	"Tobias prüft für Rillettes das konkrete REWE-Angebot Bahier Rillettes Gans in Rostock — die Fleisch- und Fettzusammensetzung trifft den zerfaserten Fleischaufstrich und schließt Fischware sowie Leberpastete aus."	"REQUIRED"	"Bahier Rillettes Gans 180 g | REWE zart gekocht Fleischaufstrich | Rostock Standort Bestand"	"AV2N-N-0113"	"TOBIAS_ROSTOCK_PROFILE|RESEARCH_REQUIRED"	"PROPOSED_FOR_HUMAN_REVIEW"
"RISOTTO_RICE"	"Risottoreis"	"APPLICABLE"	"Stärkereiche mittel- bis kurzkörnige Reissorte für cremiges Risotto, etwa Arborio oder Carnaroli."	"GENERAL_LOCAL"	"Für „Risottoreis“ wird das Angebot über das Getreide-, Mehl-, Reis- oder Teigwarenregal eines gewöhnlichen großen Rostocker Supermarkts kontrolliert."	"EASY"	"Beim Rostocker Einkauf setzt Tobias für „Risottoreis“ auf das Getreide-, Mehl-, Reis- oder Teigwarenregal eines gewöhnlichen großen Rostocker Supermarkts nach dieser Produktbeschreibung: „Stärkereiche mittel- bis kurzkörnige Reissorte für cremiges Risotto, etwa Arborio oder Carnaroli.“"	"OPTIONAL"	"Risottoreis Stärkereiche mittel- bis kurzkörnige Reissorte für cremiges Risotto, etwa…; Tobias Rostock Getreide Stärke Teigware genaue Form; Reis; Das Getreide-, Mehl-, Reis- oder Teigwarenregal eines gewöhnlichen großen Rostocker Supermarkts; reguläres Sortiment Filialverfügbarkeit; die exakt festgelegte Darreichung"	""	"TOBIAS_ROSTOCK_PROFILE"	"PROPOSED_FOR_HUMAN_REVIEW"
"ROASTED_RED_PEPPER"	"geröstete Paprika"	"APPLICABLE"	"Geröstete und gehäutete rote Paprika, frisch zubereitet oder schlicht in Glas beziehungsweise Öl konserviert."	"GENERAL_LOCAL"	"Tobias prüft „geröstete Paprika“ in Rostock über das Konserven-, Sauergemüse- oder Feinkostregal eines gewöhnlichen großen Rostocker Supermarkts."	"EASY"	"Über das Konserven-, Sauergemüse- oder Feinkostregal eines gewöhnlichen großen Rostocker Supermarkts prüft Tobias in Rostock „geröstete Paprika“ mit diesem inhaltlichen Maßstab: „Geröstete und gehäutete rote Paprika, frisch zubereitet oder schlicht in Glas beziehungsweise Öl konserviert.“"	"OPTIONAL"	"geröstete Paprika Geröstete und gehäutete rote Paprika, frisch zubereitet oder schlicht in Glas…; Tobias Rostock Sauergemüse Konserve Ferment exakte Form; konservierte pflanzliche Zutat / rote Paprika; Das Konserven-, Sauergemüse- oder Feinkostregal eines gewöhnlichen großen Rostocker Supermarkts; reguläres Sortiment Filialverfügbarkeit; die verlangte frische Form"	""	"TOBIAS_ROSTOCK_PROFILE|FORM_SENSITIVE"	"PROPOSED_FOR_HUMAN_REVIEW"
"ROD_POLSE"	"Rød pølse"	"APPLICABLE"	"Dänische rote Hotdog-/Brühwurst (rød pølse), typischerweise aus Schweinefleisch, gekocht und geräuchert; nicht generisch jede rot gefärbte Wurst."	"NICHE_IMPORT"	"Tobias prüft „Rød pølse“ in Rostock über Dänemark Shop – Danish sausage assortment, wobei die Evidenz eine vor dem Einkauf erneut zu prüfende Verfügbarkeit und Kühlversand ausweist."	"DIFFICULT"	"Über Dänemark Shop – Danish sausage assortment (Evidenzstand: eine vor dem Einkauf erneut zu prüfende Verfügbarkeit und Kühlversand) prüft Tobias in Rostock „Rød pølse“, wobei folgende Abgrenzung gilt: „Dänische rote Hotdog-/Brühwurst (rød pølse), typischerweise aus Schweinefleisch, gekocht und geräuchert; nicht generisch jede rot gefärbte Wurst.“"	"REQUIRED"	"Rød pølse Dänische rote Hotdog-/Brühwurst (rød pølse), typischerweise aus…; Tobias Rostock Fleisch Wurst exakte Tierart Zuschnitt; Schweinefleisch / Wurst; Dänemark Shop – Danish sausage assortment; Bestand Produktform Versandlogistik; die präzise tierische Produktform"	"AV2N-N-0115"	"TOBIAS_ROSTOCK_PROFILE|FORM_OR_LOGISTICS_RISK|RESEARCH_REQUIRED"	"PROPOSED_FOR_HUMAN_REVIEW"
"ROMAINE_LETTUCE"	"Römersalat"	"APPLICABLE"	"Römersalat mit länglichen kräftigen Blättern und knackiger Mittelrippe; roh oder gegrillt verwendbar."	"GENERAL_LOCAL"	"Für „Römersalat“ führt der Rostocker Marktweg über die Gemüseabteilung eines gewöhnlichen großen Rostocker Supermarkts."	"EASY"	"Tobias nutzt in Rostock die Gemüseabteilung eines gewöhnlichen großen Rostocker Supermarkts für „Römersalat“ anhand der vollständigen Beschreibung: „Römersalat mit länglichen kräftigen Blättern und knackiger Mittelrippe; roh oder gegrillt verwendbar.“"	"OPTIONAL"	"Römersalat Römersalat mit länglichen kräftigen Blättern und knackiger Mittelrippe; Tobias Rostock Gemüse frisch TK genaue Sorte; Blattsalat; Die Gemüseabteilung eines gewöhnlichen großen Rostocker Supermarkts; reguläres Sortiment Filialverfügbarkeit; die exakt festgelegte Darreichung"	""	"TOBIAS_ROSTOCK_PROFILE"	"PROPOSED_FOR_HUMAN_REVIEW"
"ROMANESCO"	"Romanesco"	"APPLICABLE"	"Hellgrünes Kohlgemüse mit fraktal geformtem Blütenstand und mild-nussigem Geschmack; nicht Brokkoli."	"GENERAL_BROAD"	"GLOBUS – frischer Romanesco belegt formgenau: GLOBUS bezeichnet den exakten frischen Romanesco-Kopf ausdrücklich als Artikel im regulären Markthallensortiment. Für Tobias in Rostock gilt: Reguläres Sortiment im deutschen GLOBUS-Markthallennetz; konkrete Filiale für Bornheim oder Rostock prüfen; Logistik STANDARD_LOCAL. Saison und Einzelmarktbestand schwanken; generischer Brokkoli wird nicht als Ersatz für die fraktale Kohlform gezählt."	"PLANNED"	"Die Beschaffung von „Romanesco“ über gut sortierte Vollsortimenter und etablierte deutsche Gemüse- oder Frischehändler prüft Tobias in Rostock mit diesem inhaltlichen Maßstab: „Hellgrünes Kohlgemüse mit fraktal geformtem Blütenstand und mild-nussigem Geschmack; nicht Brokkoli.“"	"OPTIONAL"	"GLOBUS Romanesco frischer Kohlkopf im Sortiment | Tobias in Rostock | REGULAR_RANGE STANDARD_LOCAL"	"AV2N-P-0025"	"TOBIAS_ROSTOCK_PROFILE"	"PROPOSED_FOR_HUMAN_REVIEW"
"ROMESCO"	"Romesco-Sauce"	"APPLICABLE"	"Katalanische Sauce auf Basis gerösteter Paprika beziehungsweise Ñora, Tomate, Nüssen, Öl und Säure; genaue Nussmischung und Brotanteil können variieren. Nicht Ajvar oder allgemeine Paprikasauce."	"SPECIALTY_BROAD"	"Tobias prüft „Romesco-Sauce“ in Rostock über La Tradición – Priorat Romesco sauce und Mitte Meer – Mediterranean direct shop, wobei die Evidenz verfügbaren Bestand in einem laufenden Fachsortiment und Standardversand ausweist."	"SPECIALTY"	"Über La Tradición – Priorat Romesco sauce und Mitte Meer – Mediterranean direct shop (Evidenzstand: verfügbaren Bestand in einem laufenden Fachsortiment und Standardversand) prüft Tobias in Rostock „Romesco-Sauce“, wobei folgende Abgrenzung gilt: „Katalanische Sauce auf Basis gerösteter Paprika beziehungsweise Ñora, Tomate, Nüssen, Öl und Säure; genaue Nussmischung und Brotanteil können variieren. Nicht Ajvar oder allgemeine Paprikasauce.“"	"REQUIRED"	"Romesco-Sauce Katalanische Sauce auf Basis gerösteter Paprika beziehungsweise Ñora, Tomate…; Tobias Rostock Würzsauce Paste Essig exakte Sorte; fertige Sauce oder Würzpaste; Mitte Meer – Mediterranean direct shop | La Tradición – Priorat Romesco sauce; mehrere unabhängige Fachhändler Marktbreite; die exakt festgelegte Darreichung"	"AV2N-N-0119|AV2N-N-0120"	"TOBIAS_ROSTOCK_PROFILE|SPECIALTY_MARKET_BREADTH|RESEARCH_REQUIRED"	"PROPOSED_FOR_HUMAN_REVIEW"
"ROOKWORST"	"Rookworst"	"APPLICABLE"	"Niederländische geräucherte Koch- oder Brühwurst; die Fleischzusammensetzung kann variieren und muss nicht ausschließlich aus Schweinefleisch bestehen."	"NICHE_IMPORT"	"Tobias prüft „Rookworst“ in Rostock über Hollandshop24 – Dutch rookworst range, wobei die Evidenz ein dokumentiertes laufendes Angebot und Importbeschränkungen ausweist."	"DIFFICULT"	"Über Hollandshop24 – Dutch rookworst range (Evidenzstand: ein dokumentiertes laufendes Angebot und Importbeschränkungen) prüft Tobias in Rostock „Rookworst“, wobei folgende Abgrenzung gilt: „Niederländische geräucherte Koch- oder Brühwurst; die Fleischzusammensetzung kann variieren und muss nicht ausschließlich aus Schweinefleisch bestehen.“"	"REQUIRED"	"Rookworst Niederländische geräucherte Koch- oder Brühwurst; Tobias Rostock Fleisch Wurst exakte Tierart Zuschnitt; Wurst; Hollandshop24 – Dutch rookworst range; Bestand Produktform Versandlogistik; die präzise tierische Produktform"	"AV2N-N-0122"	"TOBIAS_ROSTOCK_PROFILE|SPECIALTY_MARKET_BREADTH|RESEARCH_REQUIRED|RATING_RECONCILED_V2"	"PROPOSED_FOR_HUMAN_REVIEW"
"ROOT_VEGETABLES"	"Wurzel- und Knollengemüse"	"APPLICABLE"	"Offene Vorgabe für kulinarisch genutzte Wurzeln und Knollen; Art, Stärkegehalt und Süße bleiben wählbar."	"GENERAL_LOCAL"	"Die Beschaffung von „Wurzel- und Knollengemüse“ erfolgt in Rostock über die Gemüseabteilung eines gewöhnlichen großen Rostocker Supermarkts."	"EASY"	"Tobias organisiert über die Gemüseabteilung eines gewöhnlichen großen Rostocker Supermarkts die Rostocker Prüfung von „Wurzel- und Knollengemüse“ anhand der vollständigen Beschreibung: „Offene Vorgabe für kulinarisch genutzte Wurzeln und Knollen; Art, Stärkegehalt und Süße bleiben wählbar.“"	"OPTIONAL"	"Wurzel- und Knollengemüse Offene Vorgabe für kulinarisch genutzte Wurzeln und Knollen; Tobias Rostock Gemüse frisch TK genaue Sorte; Gemüse; Die Gemüseabteilung eines gewöhnlichen großen Rostocker Supermarkts; reguläres Sortiment Filialverfügbarkeit; die exakt festgelegte Darreichung"	""	"TOBIAS_ROSTOCK_PROFILE"	"PROPOSED_FOR_HUMAN_REVIEW"
"ROQUEFORT"	"Roquefort"	"APPLICABLE"	"Französischer Blauschimmelkäse aus Schafmilch nach Roquefort-AOP; kräftig, salzig und ausgeprägt würzig. Nicht generischer Blauschimmelkäse."	"GENERAL_BROAD"	"Formatta – Roquefort AOP Papillon belegt formgenau: Formatta führt Roquefort AOP Papillon aus Schafrohmilch als aktuell lieferbaren, formgenauen Blauschimmelkäse. Für Tobias in Rostock gilt: Deutschlandweiter Kühlversand in Thermobox; 1–3 Werktage; Logistik CHILLED_SHIPPING. Thermobox und Versandkosten bleiben nötig; generischer Kuhmilch-Blauschimmelkäse trägt den Nachweis nicht."	"PLANNED"	"Für „Roquefort“ kontrolliert Tobias den Rostocker Bezug über gut sortierte Vollsortimenter und etablierte deutsche Molkereihändler, wobei folgende Abgrenzung gilt: „Französischer Blauschimmelkäse aus Schafmilch nach Roquefort-AOP; kräftig, salzig und ausgeprägt würzig. Nicht generischer Blauschimmelkäse.“"	"OPTIONAL"	"Formatta Roquefort AOP Papillon Schafrohmilch lieferbar | Tobias in Rostock | IN_STOCK CHILLED_SHIPPING"	"AV2N-P-0026"	"TOBIAS_ROSTOCK_PROFILE"	"PROPOSED_FOR_HUMAN_REVIEW"
"ROSEMARY"	"Rosmarin"	"APPLICABLE"	"Rosmarinnadeln mit harzigem, kampferartigem Aroma; frisch oder getrocknet sparsam verwendbar."	"GENERAL_LOCAL"	"Tobias prüft „Rosmarin“ in Rostock über die Kräuterkühlung der Obst- und Gemüseabteilung eines gewöhnlichen großen Rostocker Supermarkts."	"EASY"	"Über die Kräuterkühlung der Obst- und Gemüseabteilung eines gewöhnlichen großen Rostocker Supermarkts prüft Tobias in Rostock „Rosmarin“ mit diesem inhaltlichen Maßstab: „Rosmarinnadeln mit harzigem, kampferartigem Aroma; frisch oder getrocknet sparsam verwendbar.“"	"OPTIONAL"	"Rosmarin Rosmarinnadeln mit harzigem, kampferartigem Aroma; Tobias Rostock frische Kräuter Bund Topf genaue Art; Kräuter und Würzblätter; Die Kräuterkühlung der Obst- und Gemüseabteilung eines gewöhnlichen großen Rostocker Supermarkts; reguläres Sortiment Filialverfügbarkeit; die verlangte frische Form"	""	"TOBIAS_ROSTOCK_PROFILE|FORM_SENSITIVE"	"PROPOSED_FOR_HUMAN_REVIEW"
"RUM"	"Rum"	"APPLICABLE"	"Spirituose aus Zuckerrohrprodukten; weißer, goldener oder dunkler Rum und Süßegrad bleiben offen."	"GENERAL_LOCAL"	"Beim Einkauf von „Rum“ nutzt Tobias das Spirituosen- oder Weinregal eines gewöhnlichen großen Rostocker Supermarkts."	"EASY"	"Die Beschaffung von „Rum“ über das Spirituosen- oder Weinregal eines gewöhnlichen großen Rostocker Supermarkts prüft Tobias in Rostock, wobei folgende Abgrenzung gilt: „Spirituose aus Zuckerrohrprodukten; weißer, goldener oder dunkler Rum und Süßegrad bleiben offen.“"	"OPTIONAL"	"Rum Spirituose aus Zuckerrohrprodukten; weißer, goldener oder dunkler Rum und…; Tobias Rostock Getränkehandel Kochalkohol genaue Sorte; Kochalkohol; Das Spirituosen- oder Weinregal eines gewöhnlichen großen Rostocker Supermarkts; reguläres Sortiment Filialverfügbarkeit; die exakt festgelegte Darreichung"	""	"TOBIAS_ROSTOCK_PROFILE"	"PROPOSED_FOR_HUMAN_REVIEW"
"RUTABAGA"	"Steckrübe"	"APPLICABLE"	"Steckrübe mit dichtem gelblichem Fleisch und mild erdig-süßlichem Kohlaroma; nicht Speiserübe."	"GENERAL_LOCAL"	"Beim Einkauf von „Steckrübe“ nutzt Tobias die Gemüseabteilung eines gewöhnlichen großen Rostocker Supermarkts."	"EASY"	"Über die Gemüseabteilung eines gewöhnlichen großen Rostocker Supermarkts prüft Tobias in Rostock „Steckrübe“, wobei die konkrete Ware so bestimmt ist: „Steckrübe mit dichtem gelblichem Fleisch und mild erdig-süßlichem Kohlaroma; nicht Speiserübe.“"	"OPTIONAL"	"Steckrübe Steckrübe mit dichtem gelblichem Fleisch und mild erdig-süßlichem Kohlaroma; Tobias Rostock Gemüse frisch TK genaue Sorte; Wurzel- und Knollengemüse; Die Gemüseabteilung eines gewöhnlichen großen Rostocker Supermarkts; reguläres Sortiment Filialverfügbarkeit; die exakt festgelegte Darreichung"	""	"TOBIAS_ROSTOCK_PROFILE"	"PROPOSED_FOR_HUMAN_REVIEW"
"RYE_BREAD"	"Roggenbrot"	"APPLICABLE"	"Brot mit Roggen als prägendem Getreide; Misch- und Vollkornformen sind umfasst, Sauerteig wird nicht zwingend vorausgesetzt."	"GENERAL_LOCAL"	"Die Beschaffung von „Roggenbrot“ erfolgt in Rostock über das Back-, Süßwaren- oder Brotregal eines gewöhnlichen großen Rostocker Supermarkts."	"EASY"	"Den Weg über das Back-, Süßwaren- oder Brotregal eines gewöhnlichen großen Rostocker Supermarkts nutzt Tobias in Rostock für „Roggenbrot“ nach dieser Produktbeschreibung: „Brot mit Roggen als prägendem Getreide; Misch- und Vollkornformen sind umfasst, Sauerteig wird nicht zwingend vorausgesetzt.“"	"OPTIONAL"	"Roggenbrot Brot mit Roggen als prägendem Getreide; Misch- und Vollkornformen sind…; Tobias Rostock Backware Süßungsmittel exakte Form; Brot oder Fladenbrot; Das Back-, Süßwaren- oder Brotregal eines gewöhnlichen großen Rostocker Supermarkts; reguläres Sortiment Filialverfügbarkeit; die exakt festgelegte Darreichung"	""	"TOBIAS_ROSTOCK_PROFILE"	"PROPOSED_FOR_HUMAN_REVIEW"
"RYE_FLOUR"	"Roggenmehl"	"APPLICABLE"	"Mehl aus Roggen mit kräftigem Getreidearoma; Ausmahlungsgrad bleibt offen."	"GENERAL_LOCAL"	"Der konkrete Bezug von „Roggenmehl“ läuft über das Getreide-, Mehl-, Reis- oder Teigwarenregal eines gewöhnlichen großen Rostocker Supermarkts."	"EASY"	"Das Angebot zu „Roggenmehl“ über das Getreide-, Mehl-, Reis- oder Teigwarenregal eines gewöhnlichen großen Rostocker Supermarkts kontrolliert Tobias in Rostock nach dieser Produktbeschreibung: „Mehl aus Roggen mit kräftigem Getreidearoma; Ausmahlungsgrad bleibt offen.“"	"OPTIONAL"	"Roggenmehl Mehl aus Roggen mit kräftigem Getreidearoma; Tobias Rostock Getreide Stärke Teigware genaue Form; Mehl; Das Getreide-, Mehl-, Reis- oder Teigwarenregal eines gewöhnlichen großen Rostocker Supermarkts; reguläres Sortiment Filialverfügbarkeit; die exakt festgelegte Darreichung"	""	"TOBIAS_ROSTOCK_PROFILE"	"PROPOSED_FOR_HUMAN_REVIEW"
"SAFFRON"	"Safran"	"APPLICABLE"	"Getrocknete Safranfäden beziehungsweise Narben mit intensiv floral-honigartigem Aroma und starker gelber Färbekraft; sparsam dosieren."	"GENERAL_LOCAL"	"Der konkrete Bezug von „Safran“ läuft über das Gewürz- oder Backregal eines gewöhnlichen großen Rostocker Supermarkts, wobei die Evidenz die menschliche v2-Freigabe für diesen Weg und eine lokale Standortprüfung ausweist."	"EASY"	"Den Weg über das Gewürz- oder Backregal eines gewöhnlichen großen Rostocker Supermarkts (Evidenzstand: die menschliche v2-Freigabe für diesen Weg und eine lokale Standortprüfung) nutzt Tobias in Rostock für „Safran“, wobei folgende Abgrenzung gilt: „Getrocknete Safranfäden beziehungsweise Narben mit intensiv floral-honigartigem Aroma und starker gelber Färbekraft; sparsam dosieren.“"	"OPTIONAL"	"Safran Getrocknete Safranfäden beziehungsweise Narben mit intensiv…; Tobias Rostock Gewürz ganze gemahlene getrocknete Form; Gewürz oder trockenes Würzmittel; Das Gewürz- oder Backregal eines gewöhnlichen großen Rostocker Supermarkts; reguläres Sortiment Filialverfügbarkeit; die getrocknete Produktform"	"AV2E-016"	"REFERENCE_ANCHOR|TOBIAS_ROSTOCK_PROFILE|REFERENCE_ANCHOR_V2"	"APPROVED_REFERENCE_ANCHOR_V2"
"SAGE"	"Salbei"	"APPLICABLE"	"Salbeiblätter mit kräftig herbem, kampferartigem Aroma; frisch oder getrocknet und meist sparsam verwendet."	"GENERAL_LOCAL"	"Für „Salbei“ führt der Rostocker Marktweg über die Kräuterkühlung der Obst- und Gemüseabteilung eines gewöhnlichen großen Rostocker Supermarkts."	"EASY"	"Den Weg über die Kräuterkühlung der Obst- und Gemüseabteilung eines gewöhnlichen großen Rostocker Supermarkts nutzt Tobias in Rostock für „Salbei“ mit diesem inhaltlichen Maßstab: „Salbeiblätter mit kräftig herbem, kampferartigem Aroma; frisch oder getrocknet und meist sparsam verwendet.“"	"OPTIONAL"	"Salbei Salbeiblätter mit kräftig herbem, kampferartigem Aroma; Tobias Rostock frische Kräuter Bund Topf genaue Art; Kräuter und Würzblätter; Die Kräuterkühlung der Obst- und Gemüseabteilung eines gewöhnlichen großen Rostocker Supermarkts; reguläres Sortiment Filialverfügbarkeit; die verlangte frische Form"	""	"TOBIAS_ROSTOCK_PROFILE|FORM_SENSITIVE"	"PROPOSED_FOR_HUMAN_REVIEW"
"SAI_UA"	"Sai Ua"	"APPLICABLE"	"Nordthailändische grobe Schweinewurst mit Zitronengras, Makrut-Limettenblatt, Chili und weiteren Kräutern; meist gegrillt und aromatisch-intensiv. Nicht mit der fermentierten Sai Krok Isan gleichsetzen."	"NICHE_IMPORT"	"Tobias prüft „Sai Ua“ in Rostock über Yak Thai – Sai Ua 2 x 250 g, wobei die Evidenz beim Abruf verfügbaren Bestand und Kühlversand ausweist."	"DIFFICULT"	"Über Yak Thai – Sai Ua 2 x 250 g (Evidenzstand: beim Abruf verfügbaren Bestand und Kühlversand) prüft Tobias in Rostock „Sai Ua“, wobei folgende Abgrenzung gilt: „Nordthailändische grobe Schweinewurst mit Zitronengras, Makrut-Limettenblatt, Chili und weiteren Kräutern; meist gegrillt und aromatisch-intensiv. Nicht mit der fermentierten Sai Krok Isan gleichsetzen.“"	"REQUIRED"	"Sai Ua Nordthailändische grobe Schweinewurst mit Zitronengras, Makrut-Limettenblatt…; Tobias Rostock Fleisch Wurst exakte Tierart Zuschnitt; Schweinefleisch / Wurst; Yak Thai – Sai Ua 2 x 250 g; Bestand Produktform Versandlogistik; die präzise tierische Produktform"	"AV2N-N-0125"	"TOBIAS_ROSTOCK_PROFILE|FORM_OR_LOGISTICS_RISK|RESEARCH_REQUIRED"	"PROPOSED_FOR_HUMAN_REVIEW"
"SAKE"	"Sake"	"APPLICABLE"	"Japanisches vergorenes Reisgetränk; trocken bis süß und als Kochsake oder Trinkqualität verwendbar, nicht Mirin."	"GENERAL_BROAD"	"Bremer Weinkolleg – Akashi Sake Junmai belegt formgenau: Der etablierte Weinhandel bietet Akashi Junmai als traditionell aus fermentiertem Reis gebrauten Trink-Sake sofort verfügbar an. Für Tobias in Rostock gilt: DHL-Versand ausschließlich innerhalb Deutschlands; 2–4 Werktage nach Bornheim und Rostock; Logistik STANDARD_SHIPPING. Altersprüfung und Versandkosten gelten; Mirin sowie beliebige Kochsake-Produkte werden nicht als Formersatz verwendet."	"PLANNED"	"Für „Sake“ kontrolliert Tobias den Rostocker Bezug über große Getränkefachmärkte und etablierte deutsche Spirituosen- oder Weinversender, wobei folgende Abgrenzung gilt: „Japanisches vergorenes Reisgetränk; trocken bis süß und als Kochsake oder Trinkqualität verwendbar, nicht Mirin.“"	"OPTIONAL"	"Bremer Weinkolleg Akashi Sake Junmai sofort verfügbar Deutschland | Tobias in Rostock | IN_STOCK STANDARD_SHIPPING"	"AV2N-P-0027"	"TOBIAS_ROSTOCK_PROFILE"	"PROPOSED_FOR_HUMAN_REVIEW"
"SALAD_GREENS"	"Blattsalat"	"APPLICABLE"	"Offene Vorgabe für roh geeignete Blattsalate; Sorte, Bitterkeit und Blattstruktur bleiben wählbar."	"GENERAL_LOCAL"	"Für „Blattsalat“ wird das Angebot über die Gemüseabteilung eines gewöhnlichen großen Rostocker Supermarkts kontrolliert."	"EASY"	"Den Weg über die Gemüseabteilung eines gewöhnlichen großen Rostocker Supermarkts nutzt Tobias in Rostock für „Blattsalat“, wobei die konkrete Ware so bestimmt ist: „Offene Vorgabe für roh geeignete Blattsalate; Sorte, Bitterkeit und Blattstruktur bleiben wählbar.“"	"OPTIONAL"	"Blattsalat Offene Vorgabe für roh geeignete Blattsalate; Tobias Rostock Gemüse frisch TK genaue Sorte; Blattgemüse; Die Gemüseabteilung eines gewöhnlichen großen Rostocker Supermarkts; reguläres Sortiment Filialverfügbarkeit; die exakt festgelegte Darreichung"	""	"TOBIAS_ROSTOCK_PROFILE"	"PROPOSED_FOR_HUMAN_REVIEW"
"SALAMI"	"Salami"	"APPLICABLE"	"Luftgetrocknete beziehungsweise gereifte Rohwurst der Salami-Familie; Tierart, Körnung und Würzung können variieren."	"GENERAL_LOCAL"	"Beim Einkauf von „Salami“ nutzt Tobias die Fleischkühlung oder Bedientheke eines gewöhnlichen großen Rostocker Supermarkts."	"EASY"	"Für „Salami“ kontrolliert Tobias den Rostocker Bezug über die Fleischkühlung oder Bedientheke eines gewöhnlichen großen Rostocker Supermarkts und verwendet dafür die Definition: „Luftgetrocknete beziehungsweise gereifte Rohwurst der Salami-Familie; Tierart, Körnung und Würzung können variieren.“"	"OPTIONAL"	"Salami Luftgetrocknete beziehungsweise gereifte Rohwurst der Salami-Familie; Tobias Rostock Fleisch Wurst exakte Tierart Zuschnitt; gepökeltes oder luftgetrocknetes Fleisch / Schweinefleisch; Die Fleischkühlung oder Bedientheke eines gewöhnlichen großen Rostocker Supermarkts; reguläres Sortiment Filialverfügbarkeit; die getrocknete Produktform"	""	"TOBIAS_ROSTOCK_PROFILE"	"PROPOSED_FOR_HUMAN_REVIEW"
"SALMON"	"Lachs"	"APPLICABLE"	"Lachs als fettreicher Fisch mit festem, saftigem Fleisch; frisch oder tiefgekühlt, nicht bereits geräuchert oder gebeizt."	"GENERAL_LOCAL"	"Für „Lachs“ wird das Angebot über die Fischkühlung, Tiefkühltruhe oder Fischtheke eines gewöhnlichen großen Rostocker Supermarkts kontrolliert."	"EASY"	"Beim Rostocker Einkauf setzt Tobias für „Lachs“ auf die Fischkühlung, Tiefkühltruhe oder Fischtheke eines gewöhnlichen großen Rostocker Supermarkts, wobei folgende Abgrenzung gilt: „Lachs als fettreicher Fisch mit festem, saftigem Fleisch; frisch oder tiefgekühlt, nicht bereits geräuchert oder gebeizt.“"	"OPTIONAL"	"Lachs Lachs als fettreicher Fisch mit festem, saftigem Fleisch; Tobias Rostock Fisch Seafood Frische TK genauer Zuschnitt; fettreicher Fisch; Die Fischkühlung, Tiefkühltruhe oder Fischtheke eines gewöhnlichen großen Rostocker Supermarkts; reguläres Sortiment Filialverfügbarkeit; die zugelassene Frisch- oder Tiefkühlform"	""	"TOBIAS_ROSTOCK_PROFILE|FORM_SENSITIVE"	"PROPOSED_FOR_HUMAN_REVIEW"
"SALMON_ROE"	"Lachsrogen"	"APPLICABLE"	"Lachsrogen mit großen orangefarbenen, salzig platzenden Eiern; meist gesalzen als Ikura erhältlich."	"GENERAL_BROAD"	"Deutsche See – Keta-Wildlachs Kaviar 100 g belegt: Der verfügbare Keta-Wildlachs-Kaviar enthält große bernsteinfarbene Lachsrogeneier und wird gekühlt bei minus drei bis plus drei Grad Celsius geführt. Der Bezug erfolgt über Deutschland und Österreich; gekühlte GO!-Express-Lieferung zum Wunschtermin; maßgeblich ist CHILLED_SHIPPING. Die Route belegt gesalzenen Keta-Lachsrogen, nicht andere Lachsarten oder ungesalzenen Rogen."	"PLANNED"	"Von Rostock aus erhält Tobias einen reproduzierbaren Bestellweg: Der verfügbare Keta-Wildlachs-Kaviar enthält große bernsteinfarbene Lachsrogeneier und wird gekühlt bei minus drei bis plus drei Grad Celsius geführt. Die Route belegt gesalzenen Keta-Lachsrogen, nicht andere Lachsarten oder ungesalzenen Rogen."	"REQUIRED"	"Keta Wildlachs Kaviar Lachsrogen gesalzen orange 100 g Deutsche See verfügbar | Tobias Rostock | Deutsche See – Keta-Wildlachs Kaviar 100 g | IN_STOCK CHILLED_SHIPPING"	"AV2N-N-0128"	"TOBIAS_ROSTOCK_PROFILE|RESEARCH_REQUIRED"	"PROPOSED_FOR_HUMAN_REVIEW"
"SALSA"	"Salsa"	"APPLICABLE"	"Fertige oder frisch zubereitete mexikanisch geprägte Würzsauce; Tomaten-, Chili-, Frucht- und Rohvarianten sind möglich."	"GENERAL_LOCAL"	"Für „Salsa“ führt der Rostocker Marktweg über das Saucen-, Essig- oder Feinkostregal eines gewöhnlichen großen Rostocker Supermarkts."	"EASY"	"Den Weg über das Saucen-, Essig- oder Feinkostregal eines gewöhnlichen großen Rostocker Supermarkts nutzt Tobias in Rostock für „Salsa“ nach dieser Produktbeschreibung: „Fertige oder frisch zubereitete mexikanisch geprägte Würzsauce; Tomaten-, Chili-, Frucht- und Rohvarianten sind möglich.“"	"OPTIONAL"	"Salsa Fertige oder frisch zubereitete mexikanisch geprägte Würzsauce; Tobias Rostock Würzsauce Paste Essig exakte Sorte; fertige Sauce oder Würzpaste; Das Saucen-, Essig- oder Feinkostregal eines gewöhnlichen großen Rostocker Supermarkts; reguläres Sortiment Filialverfügbarkeit; die verlangte frische Form"	""	"TOBIAS_ROSTOCK_PROFILE|FORM_SENSITIVE"	"PROPOSED_FOR_HUMAN_REVIEW"
"SALTED_DUCK_EGG"	"gesalzenes Entenei"	"APPLICABLE"	"Durch Salz beziehungsweise Lake konserviertes Entenei, philippinisch insbesondere als itlog na maalat bekannt. Gemeint ist das ganze Ei; nicht Balut und nicht Salted-Egg-Pulver oder bloßes Salted-Egg-Aroma."	"SPECIALTY_BROAD"	"Tobias prüft „gesalzenes Entenei“ in Rostock über Reissack – Goosun salted duck eggs 432 g und Warindo – cooked salted duck eggs 360 g, wobei die Evidenz eine vor dem Einkauf erneut zu prüfende Verfügbarkeit und Standardversand ausweist."	"SPECIALTY"	"Über Reissack – Goosun salted duck eggs 432 g und Warindo – cooked salted duck eggs 360 g (Evidenzstand: eine vor dem Einkauf erneut zu prüfende Verfügbarkeit und Standardversand) prüft Tobias in Rostock „gesalzenes Entenei“, wobei folgende Abgrenzung gilt: „Durch Salz beziehungsweise Lake konserviertes Entenei, philippinisch insbesondere als itlog na maalat bekannt. Gemeint ist das ganze Ei; nicht Balut und nicht Salted-Egg-Pulver oder bloßes Salted-Egg-Aroma.“"	"REQUIRED"	"gesalzenes Entenei Durch Salz beziehungsweise Lake konserviertes Entenei, philippinisch…; Tobias Rostock Ei genaue Tierart frisch konserviert; Entenei; Reissack – Goosun salted duck eggs 432 g | Warindo – cooked salted duck eggs 360 g; mehrere unabhängige Fachhändler Marktbreite; die konservierte Produktform"	"AV2N-N-0131|AV2N-N-0132"	"TOBIAS_ROSTOCK_PROFILE|SPECIALTY_MARKET_BREADTH|RESEARCH_REQUIRED"	"PROPOSED_FOR_HUMAN_REVIEW"
"SALTY_LIQUORICE"	"Salzlakritz"	"APPLICABLE"	"Salzige Lakritzware mit Süßholz und typischerweise Salmiak (Ammoniumchlorid); bewusst von allgemeiner beziehungsweise rein süßer Lakritzware abgegrenzt."	"GENERAL_LOCAL"	"Beim Einkauf von „Salzlakritz“ nutzt Tobias das Back-, Süßwaren- oder Brotregal eines gewöhnlichen großen Rostocker Supermarkts."	"EASY"	"Für „Salzlakritz“ kontrolliert Tobias den Rostocker Bezug über das Back-, Süßwaren- oder Brotregal eines gewöhnlichen großen Rostocker Supermarkts nach dieser Produktbeschreibung: „Salzige Lakritzware mit Süßholz und typischerweise Salmiak (Ammoniumchlorid); bewusst von allgemeiner beziehungsweise rein süßer Lakritzware abgegrenzt.“"	"OPTIONAL"	"Salzlakritz Salzige Lakritzware mit Süßholz und typischerweise Salmiak (Ammoniumchlorid); Tobias Rostock Backware Süßungsmittel exakte Form; Lakritz; Das Back-, Süßwaren- oder Brotregal eines gewöhnlichen großen Rostocker Supermarkts; reguläres Sortiment Filialverfügbarkeit; die exakt festgelegte Darreichung"	""	"TOBIAS_ROSTOCK_PROFILE"	"PROPOSED_FOR_HUMAN_REVIEW"
"SAMBAL"	"Sambal"	"APPLICABLE"	"Chilipaste oder Chilisauce mit je nach Variante unterschiedlicher Schärfe, Konsistenz und Aromatik; nicht auf Sambal Oelek beschränkt."	"GENERAL_LOCAL"	"Die Beschaffung von „Sambal“ erfolgt in Rostock über das Saucen-, Essig- oder Feinkostregal eines gewöhnlichen großen Rostocker Supermarkts."	"EASY"	"Für „Sambal“ kontrolliert Tobias den Rostocker Bezug über das Saucen-, Essig- oder Feinkostregal eines gewöhnlichen großen Rostocker Supermarkts nach dieser Produktbeschreibung: „Chilipaste oder Chilisauce mit je nach Variante unterschiedlicher Schärfe, Konsistenz und Aromatik; nicht auf Sambal Oelek beschränkt.“"	"OPTIONAL"	"Sambal Chilipaste oder Chilisauce mit je nach Variante unterschiedlicher Schärfe…; Tobias Rostock Würzsauce Paste Essig exakte Sorte; Chilisauce oder -paste; Das Saucen-, Essig- oder Feinkostregal eines gewöhnlichen großen Rostocker Supermarkts; reguläres Sortiment Filialverfügbarkeit; die exakt festgelegte Darreichung"	""	"TOBIAS_ROSTOCK_PROFILE"	"PROPOSED_FOR_HUMAN_REVIEW"
"SAMBAL_BRANDAL"	"Sambal Brandal"	"APPLICABLE"	"Gebratenes indonesisches Sambal mit Chili, Aromaten und häufig süßlich-würziger Tiefe; nicht Sambal Oelek."	"SPECIALTY_BROAD"	"Tobias prüft „Sambal Brandal“ in Rostock über Asian Brand – Koningsvogel Sambal Brandal und Hollandshop24 – Conimex Sambal Brandal, wobei die Evidenz beim Abruf verfügbaren Bestand und Standardversand ausweist."	"SPECIALTY"	"Über Asian Brand – Koningsvogel Sambal Brandal und Hollandshop24 – Conimex Sambal Brandal (Evidenzstand: beim Abruf verfügbaren Bestand und Standardversand) prüft Tobias in Rostock „Sambal Brandal“, wobei folgende Abgrenzung gilt: „Gebratenes indonesisches Sambal mit Chili, Aromaten und häufig süßlich-würziger Tiefe; nicht Sambal Oelek.“"	"REQUIRED"	"Sambal Brandal Gebratenes indonesisches Sambal mit Chili, Aromaten und häufig…; Tobias Rostock Lebensmittel genaue Produktform; Sambal; Asian Brand – Koningsvogel Sambal Brandal | Hollandshop24 – Conimex Sambal Brandal; mehrere unabhängige Fachhändler Marktbreite; die exakt festgelegte Darreichung"	"AV2N-N-0135|AV2N-N-0136"	"TOBIAS_ROSTOCK_PROFILE|SPECIALTY_MARKET_BREADTH|RESEARCH_REQUIRED"	"PROPOSED_FOR_HUMAN_REVIEW"
"SAMBAL_OELEK"	"Sambal Oelek"	"APPLICABLE"	"Schlichte grobe Chilipaste vor allem aus roten Chilis, Salz und Säure; nicht süßes oder komplex gebratenes Sambal."	"GENERAL_LOCAL"	"Sambal Oelek: das Saucen-, Würzpasten- oder internationale Regal großer Rostocker Supermärkte führt die schlichte grobe Chilipaste aus Chili, Salz und Säure regulär."	"EASY"	"Tobias findet Sambal Oelek in Rostock im Saucen-, Würzpasten- oder internationalen Regal großer Supermärkte — Der Treffer muss eine schlichte grobe Chilipaste sein — süßes oder komplex gebratenes Sambal wäre die falsche Form."	"OPTIONAL"	"Sambal Oelek Schlichte grobe Chilipaste vor allem aus roten Chilis, Salz und Säure; Tobias Rostock Lebensmittel genaue Produktform; Sambal; Das passende Regal oder die Frischeabteilung eines gewöhnlichen großen Rostocker Supermarkts; reguläres Sortiment Filialverfügbarkeit; die exakt festgelegte Darreichung"	""	"TOBIAS_ROSTOCK_PROFILE"	"PROPOSED_FOR_HUMAN_REVIEW"
"SARDINES"	"Sardinen"	"APPLICABLE"	"Sardinen als kleine fettreiche Meeresfische; frisch oder tiefgekühlt, Dosenware ist eine eigene Produktform."	"GENERAL_BROAD"	"Tobias prüft „Sardinen“ in Rostock über Globus – Escal whole raw frozen sardines, wobei die Evidenz ein dokumentiertes laufendes Angebot und Tiefkühlversand ausweist."	"PLANNED"	"Über Globus – Escal whole raw frozen sardines (Evidenzstand: ein dokumentiertes laufendes Angebot und Tiefkühlversand) prüft Tobias in Rostock „Sardinen“, wobei folgende Abgrenzung gilt: „Sardinen als kleine fettreiche Meeresfische; frisch oder tiefgekühlt, Dosenware ist eine eigene Produktform.“"	"REQUIRED"	"Sardinen Sardinen als kleine fettreiche Meeresfische; Tobias Rostock Fisch Seafood Frische TK genauer Zuschnitt; fettreicher Fisch; Globus – Escal whole raw frozen sardines; gezielter Einkauf Deutschland Wochenvorlauf; die zugelassene Frisch- oder Tiefkühlform"	"AV2N-N-0138"	"TOBIAS_ROSTOCK_PROFILE|FORM_SENSITIVE|RATING_RECONCILED_V2"	"PROPOSED_FOR_HUMAN_REVIEW"
"SAUCES_AND_PASTES"	"Sauce, Würzmittel oder Paste"	"APPLICABLE"	"Offene Vorgabe für Saucen, Würzmittel und Pasten, die ein Gericht geschmacklich prägen; konkrete Basis bleibt offen."	"GENERAL_LOCAL"	"Beim Einkauf von „Sauce, Würzmittel oder Paste“ nutzt Tobias das Saucen-, Essig- oder Feinkostregal eines gewöhnlichen großen Rostocker Supermarkts."	"EASY"	"Die Beschaffung von „Sauce, Würzmittel oder Paste“ über das Saucen-, Essig- oder Feinkostregal eines gewöhnlichen großen Rostocker Supermarkts prüft Tobias in Rostock nach dieser Produktbeschreibung: „Offene Vorgabe für Saucen, Würzmittel und Pasten, die ein Gericht geschmacklich prägen; konkrete Basis bleibt offen.“"	"OPTIONAL"	"Sauce, Würzmittel oder Paste Offene Vorgabe für Saucen, Würzmittel und Pasten, die ein Gericht…; Tobias Rostock Würzsauce Paste Essig exakte Sorte; Saucen, Pasten und Würzen; Das Saucen-, Essig- oder Feinkostregal eines gewöhnlichen großen Rostocker Supermarkts; reguläres Sortiment Filialverfügbarkeit; die exakt festgelegte Darreichung"	""	"TOBIAS_ROSTOCK_PROFILE"	"PROPOSED_FOR_HUMAN_REVIEW"
"SAUERKRAUT"	"Sauerkraut"	"APPLICABLE"	"Milchsauer fermentierter fein geschnittener Weißkohl mit deutlicher Säure; roh oder gegart verwendbar."	"GENERAL_LOCAL"	"Für „Sauerkraut“ führt der Rostocker Marktweg über das Konserven-, Sauergemüse- oder Feinkostregal eines gewöhnlichen großen Rostocker Supermarkts, wobei die Evidenz die menschliche v2-Freigabe für diesen Weg und eine lokale Standortprüfung ausweist."	"EASY"	"Über das Konserven-, Sauergemüse- oder Feinkostregal eines gewöhnlichen großen Rostocker Supermarkts (Evidenzstand: die menschliche v2-Freigabe für diesen Weg und eine lokale Standortprüfung) prüft Tobias in Rostock „Sauerkraut“, wobei folgende Abgrenzung gilt: „Milchsauer fermentierter fein geschnittener Weißkohl mit deutlicher Säure; roh oder gegart verwendbar.“"	"OPTIONAL"	"Sauerkraut Milchsauer fermentierter fein geschnittener Weißkohl mit deutlicher Säure; Tobias Rostock Sauergemüse Konserve Ferment exakte Form; konservierte pflanzliche Zutat; Das Konserven-, Sauergemüse- oder Feinkostregal eines gewöhnlichen großen Rostocker Supermarkts; reguläres Sortiment Filialverfügbarkeit; die exakt festgelegte Darreichung"	"AV2E-006"	"REFERENCE_ANCHOR|TOBIAS_ROSTOCK_PROFILE|REFERENCE_ANCHOR_V2"	"APPROVED_REFERENCE_ANCHOR_V2"
"SAUSAGE"	"Wurst"	"APPLICABLE"	"Offene Wurstfamilie; Tierart, Brüh-, Koch-, Brat- oder Reifeform und Würzung bleiben bewusst wählbar."	"GENERAL_LOCAL"	"Für „Wurst“ wird das Angebot über die Fleischkühlung oder Bedientheke eines gewöhnlichen großen Rostocker Supermarkts kontrolliert."	"EASY"	"Die Beschaffung von „Wurst“ über die Fleischkühlung oder Bedientheke eines gewöhnlichen großen Rostocker Supermarkts prüft Tobias in Rostock und verwendet dafür die Definition: „Offene Wurstfamilie; Tierart, Brüh-, Koch-, Brat- oder Reifeform und Würzung bleiben bewusst wählbar.“"	"OPTIONAL"	"Wurst Offene Wurstfamilie; Tierart, Brüh-, Koch-, Brat- oder Reifeform und Würzung…; Tobias Rostock Fleisch Wurst exakte Tierart Zuschnitt; Fleisch; Die Fleischkühlung oder Bedientheke eines gewöhnlichen großen Rostocker Supermarkts; reguläres Sortiment Filialverfügbarkeit; die präzise tierische Produktform"	""	"TOBIAS_ROSTOCK_PROFILE"	"PROPOSED_FOR_HUMAN_REVIEW"
"SAVOY_CABBAGE"	"Wirsing"	"APPLICABLE"	"Wirsing mit gekräuselten zarten Blättern und mild-würzigem Kohlaroma; roh nur bei zarten Blättern, sonst gegart."	"GENERAL_LOCAL"	"Der konkrete Bezug von „Wirsing“ läuft über die Gemüseabteilung eines gewöhnlichen großen Rostocker Supermarkts."	"EASY"	"Für „Wirsing“ kontrolliert Tobias den Rostocker Bezug über die Gemüseabteilung eines gewöhnlichen großen Rostocker Supermarkts, wobei die konkrete Ware so bestimmt ist: „Wirsing mit gekräuselten zarten Blättern und mild-würzigem Kohlaroma; roh nur bei zarten Blättern, sonst gegart.“"	"OPTIONAL"	"Wirsing Wirsing mit gekräuselten zarten Blättern und mild-würzigem Kohlaroma; Tobias Rostock Gemüse frisch TK genaue Sorte; Kohlgemüse; Die Gemüseabteilung eines gewöhnlichen großen Rostocker Supermarkts; reguläres Sortiment Filialverfügbarkeit; die exakt festgelegte Darreichung"	""	"TOBIAS_ROSTOCK_PROFILE"	"PROPOSED_FOR_HUMAN_REVIEW"
"SCALLOPS"	"Jakobsmuscheln"	"APPLICABLE"	"Jakobsmuscheln mit festem, süßlichem Muskelfleisch; mit oder ohne Rogen und frisch oder tiefgekühlt verwendbar."	"GENERAL_BROAD"	"Deutsche See – Jakobsmuschelfleisch TK 200 g belegt: Deutsche See führt verfügbares Jakobsmuschelfleisch der Art Pecten maximus roh, ohne Rogen, glasiert und einzeln tiefgefroren. Der Bezug erfolgt über Deutschland und Österreich; tiefgekühlte GO!-Express-Lieferung zum Wunschtermin; maßgeblich ist FROZEN_SHIPPING. Der Treffer deckt die Variante ohne Rogen ab; Schalen- und Frischware sind nicht garantiert, die Tiefkühlkette bleibt erforderlich."	"PLANNED"	"Für Tobias und seine Rostocker Planung ist diese Produktseite maßgeblich: Deutsche See führt verfügbares Jakobsmuschelfleisch der Art Pecten maximus roh, ohne Rogen, glasiert und einzeln tiefgefroren. Der Treffer deckt die Variante ohne Rogen ab; Schalen- und Frischware sind nicht garantiert, die Tiefkühlkette bleibt erforderlich."	"REQUIRED"	"Jakobsmuschelfleisch Pecten maximus ohne Rogen tiefgekühlt Deutsche See verfügbar | Tobias Rostock | Deutsche See – Jakobsmuschelfleisch TK 200 g | IN_STOCK FROZEN_SHIPPING"	"AV2N-N-0140"	"TOBIAS_ROSTOCK_PROFILE|FORM_SENSITIVE|RESEARCH_REQUIRED"	"PROPOSED_FOR_HUMAN_REVIEW"
"SEA_BASS"	"Wolfsbarsch"	"APPLICABLE"	"Wolfsbarsch mit mildem, festem und magerem Fleisch; ganz oder als Filet verwendbar."	"GENERAL_BROAD"	"Deutsche See – frischer Wolfsbarsch belegt: Der aktuell verfügbare Wolfsbarsch kommt frisch als ganzer ausgenommener Fisch mit Haut und wird gekühlt zum gewählten Termin zugestellt. Der Bezug erfolgt über Deutschland und Österreich; gekühlte GO!-Express-Lieferung zum Wunschtermin; maßgeblich ist CHILLED_SHIPPING. Der Beleg betrifft die ganze Frischfischform, nicht ein jederzeit verfügbares Filet; Gewicht und Haltbarkeit erfordern Vorplanung."	"PLANNED"	"Der konkrete Rostocker Prüfweg für Tobias lautet: Der aktuell verfügbare Wolfsbarsch kommt frisch als ganzer ausgenommener Fisch mit Haut und wird gekühlt zum gewählten Termin zugestellt. Der Beleg betrifft die ganze Frischfischform, nicht ein jederzeit verfügbares Filet; Gewicht und Haltbarkeit erfordern Vorplanung."	"REQUIRED"	"Wolfsbarsch frisch ganz ausgenommen Deutsche See verfügbar gekühlte Lieferung | Tobias Rostock | Deutsche See – frischer Wolfsbarsch | IN_STOCK CHILLED_SHIPPING"	"AV2N-N-0142"	"TOBIAS_ROSTOCK_PROFILE|RESEARCH_REQUIRED"	"PROPOSED_FOR_HUMAN_REVIEW"
"SEA_BREAM"	"Dorade"	"APPLICABLE"	"Dorade beziehungsweise Meerbrasse mit festem, mildem Fleisch; ganz oder als Filet verwendbar."	"GENERAL_BROAD"	"Deutsche See – Dorade Royal handfiletierte Portionen TK belegt: Die verfügbare Dorade Royal liegt als handfiletierte geschuppte Portion mit Haut praktisch grätenfrei und tiefgekühlt vor. Der Bezug erfolgt über Deutschland und Österreich; tiefgekühlte GO!-Express-Lieferung zum Wunschtermin; maßgeblich ist FROZEN_SHIPPING. Damit ist eine zulässige Filetform belegt, nicht jede ganze Meerbrasse; die Tiefkühlzustellung ist einzuplanen."	"PLANNED"	"Tobias kann vor dem Einkauf in Rostock diesen Bestand kontrollieren: Die verfügbare Dorade Royal liegt als handfiletierte geschuppte Portion mit Haut praktisch grätenfrei und tiefgekühlt vor. Damit ist eine zulässige Filetform belegt, nicht jede ganze Meerbrasse; die Tiefkühlzustellung ist einzuplanen."	"REQUIRED"	"Dorade Royal Filet handfiletiert mit Haut tiefgekühlt Deutsche See verfügbar | Tobias Rostock | Deutsche See – Dorade Royal handfiletierte Portionen TK | IN_STOCK FROZEN_SHIPPING"	"AV2N-N-0144"	"TOBIAS_ROSTOCK_PROFILE|RESEARCH_REQUIRED"	"PROPOSED_FOR_HUMAN_REVIEW"
"SEA_SNAILS"	"Meeresschnecken"	"APPLICABLE"	"Offene Vorgabe für kulinarisch verwendete Meeresschnecken; Art, Größe und Zuschnitt bleiben wählbar. Nicht Muscheln, Tintenfische oder Landschnecken."	"NICHE_IMPORT"	"Tobias prüft „Meeresschnecken“ in Rostock über Fachhändler für Fisch und Meeresfrüchte, wobei die Evidenz die menschliche v2-Freigabe für diesen Weg und Importbeschränkungen, einen gezielten Händlerbesuch sowie Standardversand ausweist."	"DIFFICULT"	"Über Fachhändler für Fisch und Meeresfrüchte (Evidenzstand: die menschliche v2-Freigabe für diesen Weg und Importbeschränkungen, einen gezielten Händlerbesuch sowie Standardversand) prüft Tobias in Rostock „Meeresschnecken“, wobei folgende Abgrenzung gilt: „Offene Vorgabe für kulinarisch verwendete Meeresschnecken; Art, Größe und Zuschnitt bleiben wählbar. Nicht Muscheln, Tintenfische oder Landschnecken.“"	"REQUIRED"	"Meeresschnecken Offene Vorgabe für kulinarisch verwendete Meeresschnecken; Tobias Rostock Fisch Seafood Frische TK genauer Zuschnitt; essbare Schnecken / Schalen- und Krustentiere; Spezialhandel für Fisch und Meeresfrüchte Nischenweg; Bestand Produktform Versandlogistik; den festgelegten Zuschnitt"	"AV2E-087"	"REFERENCE_ANCHOR|TOBIAS_ROSTOCK_PROFILE|FORM_OR_LOGISTICS_RISK|RESEARCH_REQUIRED|REFERENCE_ANCHOR_V2"	"APPROVED_REFERENCE_ANCHOR_V2"
"SEAFOOD"	"Fisch und Meeresfrüchte"	"APPLICABLE"	"Offene Vorgabe für Fisch und essbare Meerestiere; konkrete Tiergruppe, Fettgehalt und Produktform bleiben wählbar."	"GENERAL_LOCAL"	"Der konkrete Bezug von „Fisch und Meeresfrüchte“ läuft über die Fischkühlung, Tiefkühltruhe oder Fischtheke eines gewöhnlichen großen Rostocker Supermarkts."	"EASY"	"Das Angebot zu „Fisch und Meeresfrüchte“ über die Fischkühlung, Tiefkühltruhe oder Fischtheke eines gewöhnlichen großen Rostocker Supermarkts kontrolliert Tobias in Rostock, wobei folgende Abgrenzung gilt: „Offene Vorgabe für Fisch und essbare Meerestiere; konkrete Tiergruppe, Fettgehalt und Produktform bleiben wählbar.“"	"OPTIONAL"	"Fisch und Meeresfrüchte Offene Vorgabe für Fisch und essbare Meerestiere; Tobias Rostock Fisch Seafood Frische TK genauer Zuschnitt; Fisch und Meeresfrüchte; Die Fischkühlung, Tiefkühltruhe oder Fischtheke eines gewöhnlichen großen Rostocker Supermarkts; reguläres Sortiment Filialverfügbarkeit; die präzise tierische Produktform"	""	"TOBIAS_ROSTOCK_PROFILE"	"PROPOSED_FOR_HUMAN_REVIEW"
"SEAWEED"	"Algen"	"APPLICABLE"	"Essbare Meeresalgen; konkrete Arten und Produkte können geschmacklich stark variieren."	"GENERAL_BROAD"	"Tobias prüft „Algen“ in Rostock über gut sortierte Vollsortimenter und etablierte deutsche Händler für haltbare Algenprodukte."	"PLANNED"	"Über gut sortierte Vollsortimenter und etablierte deutsche Händler für haltbare Algenprodukte prüft Tobias in Rostock „Algen“, wobei folgende Abgrenzung gilt: „Essbare Meeresalgen; konkrete Arten und Produkte können geschmacklich stark variieren.“"	"OPTIONAL"	"Algen Essbare Meeresalgen; konkrete Arten und Produkte können geschmacklich stark…; Tobias Rostock Algen Trockenware exakte Art; Gemüse; gut sortierte Vollsortimenter und etablierte deutsche Händler für haltbare Algenprodukte; gezielter Einkauf Deutschland Wochenvorlauf; die exakt festgelegte Darreichung"	""	"TOBIAS_ROSTOCK_PROFILE"	"PROPOSED_FOR_HUMAN_REVIEW"
"SEEDS"	"Kerne und Samen"	"APPLICABLE"	"Offene Vorgabe für kulinarisch genutzte Kerne und Samen; Sorte, Röstung und Zerkleinerung bleiben wählbar."	"GENERAL_LOCAL"	"Der konkrete Bezug von „Kerne und Samen“ läuft über das Nuss-, Saaten-, Back- oder Brotaufstrichregal eines gewöhnlichen großen Rostocker Supermarkts."	"EASY"	"Das Angebot zu „Kerne und Samen“ über das Nuss-, Saaten-, Back- oder Brotaufstrichregal eines gewöhnlichen großen Rostocker Supermarkts kontrolliert Tobias in Rostock mit diesem inhaltlichen Maßstab: „Offene Vorgabe für kulinarisch genutzte Kerne und Samen; Sorte, Röstung und Zerkleinerung bleiben wählbar.“"	"OPTIONAL"	"Kerne und Samen Offene Vorgabe für kulinarisch genutzte Kerne und Samen; Tobias Rostock Nuss Samen Mus genaue Rohware; Nüsse und Samen; Das Nuss-, Saaten-, Back- oder Brotaufstrichregal eines gewöhnlichen großen Rostocker Supermarkts; reguläres Sortiment Filialverfügbarkeit; die geforderte ganze oder körnige Form"	""	"TOBIAS_ROSTOCK_PROFILE"	"PROPOSED_FOR_HUMAN_REVIEW"
"SEITAN"	"Seitan"	"APPLICABLE"	"Festes proteinreiches Lebensmittel aus ausgewaschenem oder isoliertem Weizengluten; natur oder neutral vorgewürzt verwendbar."	"GENERAL_BROAD"	"Für „Seitan“ führt der Rostocker Marktweg über gut sortierte Vollsortimenter und etablierte deutsche Bio- oder Pflanzensortimente."	"PLANNED"	"Den Weg über gut sortierte Vollsortimenter und etablierte deutsche Bio- oder Pflanzensortimente nutzt Tobias in Rostock für „Seitan“, wobei folgende Abgrenzung gilt: „Festes proteinreiches Lebensmittel aus ausgewaschenem oder isoliertem Weizengluten; natur oder neutral vorgewürzt verwendbar.“"	"OPTIONAL"	"Seitan Festes proteinreiches Lebensmittel aus ausgewaschenem oder isoliertem…; Tobias Rostock Tofu Sojaprodukt genaue Form; pflanzliches Proteinprodukt; gut sortierte Vollsortimenter und etablierte deutsche Bio- oder Pflanzensortimente; gezielter Einkauf Deutschland Wochenvorlauf; die exakt festgelegte Darreichung"	""	"TOBIAS_ROSTOCK_PROFILE"	"PROPOSED_FOR_HUMAN_REVIEW"
"SEMOLINA"	"Hartweizengrieß"	"APPLICABLE"	"Körniger Hartweizengrieß für Teige, Breie oder Bindung; nicht feines Weizenmehl."	"GENERAL_LOCAL"	"Tobias sucht „Hartweizengrieß“ in Rostock über das Getreide-, Mehl-, Reis- oder Teigwarenregal eines gewöhnlichen großen Rostocker Supermarkts gesucht."	"EASY"	"Tobias nutzt in Rostock das Getreide-, Mehl-, Reis- oder Teigwarenregal eines gewöhnlichen großen Rostocker Supermarkts für „Hartweizengrieß“ nach dieser Produktbeschreibung: „Körniger Hartweizengrieß für Teige, Breie oder Bindung; nicht feines Weizenmehl.“"	"OPTIONAL"	"Hartweizengrieß Körniger Hartweizengrieß für Teige, Breie oder Bindung; Tobias Rostock Getreide Stärke Teigware genaue Form; Getreide oder Pseudogetreide; Das Getreide-, Mehl-, Reis- oder Teigwarenregal eines gewöhnlichen großen Rostocker Supermarkts; reguläres Sortiment Filialverfügbarkeit; die exakt festgelegte Darreichung"	""	"TOBIAS_ROSTOCK_PROFILE"	"PROPOSED_FOR_HUMAN_REVIEW"
"SERRANO_CHILI"	"Serrano-Chili"	"APPLICABLE"	"Schlanke frische Serrano-Chili mit mittlerer bis hoher Schärfe und frischem grünen Aroma."	"NICHE_IMPORT"	"Tobias prüft „Serrano-Chili“ in Rostock über México Mágico – fresh Serrano listing, wobei die Evidenz beim Abruf verfügbaren Bestand und Frischeversand ausweist."	"DIFFICULT"	"Über México Mágico – fresh Serrano listing (Evidenzstand: beim Abruf verfügbaren Bestand und Frischeversand) prüft Tobias in Rostock „Serrano-Chili“, wobei folgende Abgrenzung gilt: „Schlanke frische Serrano-Chili mit mittlerer bis hoher Schärfe und frischem grünen Aroma.“"	"REQUIRED"	"Serrano-Chili Schlanke frische Serrano-Chili mit mittlerer bis hoher Schärfe und frischem…; Tobias Rostock Gemüse frisch TK genaue Sorte; frische Chili; México Mágico – fresh Serrano listing; Bestand Produktform Versandlogistik; die verlangte frische Form"	"AV2N-N-0146"	"TOBIAS_ROSTOCK_PROFILE|FORM_OR_LOGISTICS_RISK|FORM_SENSITIVE|RESEARCH_REQUIRED"	"PROPOSED_FOR_HUMAN_REVIEW"
"SERRANO_HAM"	"Serrano-Schinken"	"APPLICABLE"	"Spanischer luftgetrockneter Rohschinken nach Serrano-Art; nicht italienischer Prosciutto."	"GENERAL_LOCAL"	"Der konkrete Bezug von „Serrano-Schinken“ läuft über die Fleischkühlung oder Bedientheke eines gewöhnlichen großen Rostocker Supermarkts."	"EASY"	"Beim Rostocker Einkauf setzt Tobias für „Serrano-Schinken“ auf die Fleischkühlung oder Bedientheke eines gewöhnlichen großen Rostocker Supermarkts und verwendet dafür die Definition: „Spanischer luftgetrockneter Rohschinken nach Serrano-Art; nicht italienischer Prosciutto.“"	"OPTIONAL"	"Serrano-Schinken Spanischer luftgetrockneter Rohschinken nach Serrano-Art; Tobias Rostock Fleisch Wurst exakte Tierart Zuschnitt; Schinken; Die Fleischkühlung oder Bedientheke eines gewöhnlichen großen Rostocker Supermarkts; reguläres Sortiment Filialverfügbarkeit; die getrocknete Produktform"	""	"TOBIAS_ROSTOCK_PROFILE"	"PROPOSED_FOR_HUMAN_REVIEW"
"SESAME_OIL"	"Sesamöl"	"APPLICABLE"	"Öl aus Sesam; geröstetes Öl ist intensiv würzend, helles ungeröstetes Öl milder und hitzetauglicher."	"GENERAL_BROAD"	"Tobias prüft „Sesamöl“ in Rostock über gut sortierte Vollsortimenter und etablierte deutsche Öl- oder Feinkosthändler."	"PLANNED"	"Über gut sortierte Vollsortimenter und etablierte deutsche Öl- oder Feinkosthändler prüft Tobias in Rostock „Sesamöl“, wobei folgende Abgrenzung gilt: „Öl aus Sesam; geröstetes Öl ist intensiv würzend, helles ungeröstetes Öl milder und hitzetauglicher.“"	"OPTIONAL"	"Sesamöl Öl aus Sesam; geröstetes Öl ist intensiv würzend, helles ungeröstetes Öl…; Tobias Rostock Speiseöl Kochfett genaue Rohware; Speiseöl; gut sortierte Vollsortimenter und etablierte deutsche Öl- oder Feinkosthändler; gezielter Einkauf Deutschland Wochenvorlauf; die exakt festgelegte Darreichung"	""	"TOBIAS_ROSTOCK_PROFILE"	"PROPOSED_FOR_HUMAN_REVIEW"
"SESAME_SEEDS"	"Sesam"	"APPLICABLE"	"Sesamsamen mit nussigem Aroma; hell oder schwarz, roh oder geröstet verwendbar."	"GENERAL_LOCAL"	"Tobias sucht „Sesam“ in Rostock über das Nuss-, Saaten-, Back- oder Brotaufstrichregal eines gewöhnlichen großen Rostocker Supermarkts gesucht."	"EASY"	"Tobias nutzt in Rostock das Nuss-, Saaten-, Back- oder Brotaufstrichregal eines gewöhnlichen großen Rostocker Supermarkts für „Sesam“ mit diesem inhaltlichen Maßstab: „Sesamsamen mit nussigem Aroma; hell oder schwarz, roh oder geröstet verwendbar.“"	"OPTIONAL"	"Sesam Sesamsamen mit nussigem Aroma; hell oder schwarz, roh oder geröstet verwendbar; Tobias Rostock Nuss Samen Mus genaue Rohware; Kerne und Samen; Das Nuss-, Saaten-, Back- oder Brotaufstrichregal eines gewöhnlichen großen Rostocker Supermarkts; reguläres Sortiment Filialverfügbarkeit; die exakt festgelegte Darreichung"	""	"TOBIAS_ROSTOCK_PROFILE"	"PROPOSED_FOR_HUMAN_REVIEW"
"SHALLOT"	"Schalotte"	"APPLICABLE"	"Kleine längliche Schalotte mit feinerem, milderem Zwiebelaroma; nicht Frühlingszwiebel."	"GENERAL_LOCAL"	"Tobias sucht „Schalotte“ in Rostock über die Gemüseabteilung eines gewöhnlichen großen Rostocker Supermarkts gesucht."	"EASY"	"Die Beschaffung von „Schalotte“ über die Gemüseabteilung eines gewöhnlichen großen Rostocker Supermarkts prüft Tobias in Rostock, wobei die konkrete Ware so bestimmt ist: „Kleine längliche Schalotte mit feinerem, milderem Zwiebelaroma; nicht Frühlingszwiebel.“"	"OPTIONAL"	"Schalotte Kleine längliche Schalotte mit feinerem, milderem Zwiebelaroma; Tobias Rostock Gemüse frisch TK genaue Sorte; Lauch- und Zwiebelgemüse; Die Gemüseabteilung eines gewöhnlichen großen Rostocker Supermarkts; reguläres Sortiment Filialverfügbarkeit; die exakt festgelegte Darreichung"	""	"TOBIAS_ROSTOCK_PROFILE"	"PROPOSED_FOR_HUMAN_REVIEW"
"SHAOXING_WINE"	"Shaoxing-Reiswein"	"APPLICABLE"	"Chinesischer fermentierter Reiswein nach Shaoxing-Art mit nussig-oxidativem Aroma; als Kochwein, nicht Reisessig."	"SPECIALTY_BROAD"	"Tobias prüft „Shaoxing-Reiswein“ in Rostock über Asia Street Food – Shaoxing rice wine 750 ml und My-Asia-Shop – Shaoxing cooking rice wine 750 ml, wobei die Evidenz ein dokumentiertes laufendes Angebot und Standardversand ausweist."	"SPECIALTY"	"Über Asia Street Food – Shaoxing rice wine 750 ml und My-Asia-Shop – Shaoxing cooking rice wine 750 ml (Evidenzstand: ein dokumentiertes laufendes Angebot und Standardversand) prüft Tobias in Rostock „Shaoxing-Reiswein“, wobei folgende Abgrenzung gilt: „Chinesischer fermentierter Reiswein nach Shaoxing-Art mit nussig-oxidativem Aroma; als Kochwein, nicht Reisessig.“"	"REQUIRED"	"Shaoxing-Reiswein Chinesischer fermentierter Reiswein nach Shaoxing-Art mit nussig-oxidativem…; Tobias Rostock Getränkehandel Kochalkohol genaue Sorte; Kochalkohol; My-Asia-Shop – Shaoxing cooking rice wine 750 ml | Asia Street Food – Shaoxing rice wine 750 ml; mehrere unabhängige Fachhändler Marktbreite; die exakt festgelegte Darreichung"	"AV2N-N-0149|AV2N-N-0150"	"TOBIAS_ROSTOCK_PROFILE|SPECIALTY_MARKET_BREADTH|RESEARCH_REQUIRED"	"PROPOSED_FOR_HUMAN_REVIEW"
"SHELLFISH"	"Schalen- und Krustentiere"	"APPLICABLE"	"Offene Vorgabe für Schalen- und Krustentiere, insbesondere Krebstiere und zweischalige Muscheln."	"GENERAL_LOCAL"	"Tobias sucht „Schalen- und Krustentiere“ in Rostock über die Fischkühlung, Tiefkühltruhe oder Fischtheke eines gewöhnlichen großen Rostocker Supermarkts gesucht."	"EASY"	"Tobias nutzt in Rostock die Fischkühlung, Tiefkühltruhe oder Fischtheke eines gewöhnlichen großen Rostocker Supermarkts für „Schalen- und Krustentiere“, wobei folgende Abgrenzung gilt: „Offene Vorgabe für Schalen- und Krustentiere, insbesondere Krebstiere und zweischalige Muscheln.“"	"OPTIONAL"	"Schalen- und Krustentiere Offene Vorgabe für Schalen- und Krustentiere, insbesondere Krebstiere und…; Tobias Rostock Fisch Seafood Frische TK genauer Zuschnitt; Fisch und Meeresfrüchte; Die Fischkühlung, Tiefkühltruhe oder Fischtheke eines gewöhnlichen großen Rostocker Supermarkts; reguläres Sortiment Filialverfügbarkeit; die präzise tierische Produktform"	""	"TOBIAS_ROSTOCK_PROFILE"	"PROPOSED_FOR_HUMAN_REVIEW"
"SHERRY"	"Sherry"	"APPLICABLE"	"Aufgespriteter spanischer Wein nach Sherry-Art; trocken-oxidative bis süße Stile sind je nach Gericht möglich."	"GENERAL_BROAD"	"Beim Einkauf von „Sherry“ nutzt Tobias große Getränkefachmärkte und etablierte deutsche Spirituosen- oder Weinversender."	"PLANNED"	"Die Beschaffung von „Sherry“ über große Getränkefachmärkte und etablierte deutsche Spirituosen- oder Weinversender prüft Tobias in Rostock, wobei folgende Abgrenzung gilt: „Aufgespriteter spanischer Wein nach Sherry-Art; trocken-oxidative bis süße Stile sind je nach Gericht möglich.“"	"OPTIONAL"	"Sherry Aufgespriteter spanischer Wein nach Sherry-Art; Tobias Rostock Getränkehandel Kochalkohol genaue Sorte; Kochalkohol; große Getränkefachmärkte und etablierte deutsche Spirituosen- oder Weinversender; gezielter Einkauf Deutschland Wochenvorlauf; die exakt festgelegte Darreichung"	""	"TOBIAS_ROSTOCK_PROFILE|RATING_RECONCILED_V2"	"PROPOSED_FOR_HUMAN_REVIEW"
"SHERRY_VINEGAR"	"Sherryessig"	"APPLICABLE"	"Aus Sherrywein erzeugter gereifter Essig mit nussig-komplexer Säure; nicht Sherry oder Rotweinessig."	"GENERAL_BROAD"	"Für „Sherryessig“ führt der Rostocker Marktweg über gut sortierte Vollsortimenter und etablierte deutsche Feinkost- oder Würzsaucenhändler, wobei die Evidenz die menschliche v2-Freigabe für diesen Weg und einen gezielten Händlerbesuch sowie Standardversand ausweist."	"PLANNED"	"Den Weg über gut sortierte Vollsortimenter und etablierte deutsche Feinkost- oder Würzsaucenhändler (Evidenzstand: die menschliche v2-Freigabe für diesen Weg und einen gezielten Händlerbesuch sowie Standardversand) nutzt Tobias in Rostock für „Sherryessig“, wobei folgende Abgrenzung gilt: „Aus Sherrywein erzeugter gereifter Essig mit nussig-komplexer Säure; nicht Sherry oder Rotweinessig.“"	"REQUIRED"	"Sherryessig Aus Sherrywein erzeugter gereifter Essig mit nussig-komplexer Säure; Tobias Rostock Würzsauce Paste Essig exakte Sorte; Essig; gut sortierte Vollsortimenter und etablierte deutsche Feinkost- oder Würzsaucenhändler; gezielter Einkauf Deutschland Wochenvorlauf; die exakt festgelegte Darreichung"	"AV2E-023"	"REFERENCE_ANCHOR|TOBIAS_ROSTOCK_PROFILE|RESEARCH_REQUIRED|REFERENCE_ANCHOR_V2"	"APPROVED_REFERENCE_ANCHOR_V2"
"SHIITAKE"	"Shiitake"	"APPLICABLE"	"Shiitake mit fleischigem Biss und kräftigem Umami; frisch oder getrocknet, wobei Trockenware intensiver schmeckt."	"GENERAL_BROAD"	"Die Beschaffung von „Shiitake“ erfolgt in Rostock über gut sortierte Vollsortimenter und etablierte deutsche Pilz- oder Frischehändler."	"PLANNED"	"Für „Shiitake“ kontrolliert Tobias den Rostocker Bezug über gut sortierte Vollsortimenter und etablierte deutsche Pilz- oder Frischehändler, wobei folgende Abgrenzung gilt: „Shiitake mit fleischigem Biss und kräftigem Umami; frisch oder getrocknet, wobei Trockenware intensiver schmeckt.“"	"OPTIONAL"	"Shiitake Shiitake mit fleischigem Biss und kräftigem Umami; Tobias Rostock Pilze frisch genaue Art; Pilze; gut sortierte Vollsortimenter und etablierte deutsche Pilz- oder Frischehändler; gezielter Einkauf Deutschland Wochenvorlauf; die verlangte frische Form"	""	"TOBIAS_ROSTOCK_PROFILE|FORM_SENSITIVE"	"PROPOSED_FOR_HUMAN_REVIEW"
"SHIMEJI"	"Shimeji"	"APPLICABLE"	"Büschelig wachsende japanische Zuchtpilze mit festem Biss und mild-nussigem Aroma; braune und weiße Formen sind umfasst."	"GENERAL_BROAD"	"Frische braune Shimeji-Buchenpilze sind bei Asia4Friends im 150-g-Pack aktuell bestellbar. Für Rostock erfolgt Frischversand mit Isoliertasche und Kühlakkus an den vorgesehenen Versandtagen."	"PLANNED"	"Tobias erreicht Shimeji als frische braune, büschelig wachsende Buchenpilze über Asia4Friends. Die 150-g-Packung ist aktuell nur in kleinem Bestand vorhanden und wird gekühlt nach Rostock geschickt; die weiße Form bleibt ebenfalls zulässig."	"REQUIRED"	"Shimeji frisch braun 150 g Asia4Friends Frischversand Montag Donnerstag Rostock"	"AV2N-N-0154"	"TOBIAS_ROSTOCK_PROFILE|RESEARCH_REQUIRED"	"PROPOSED_FOR_HUMAN_REVIEW"
"SHIRATAKI"	"Shirataki-Nudeln"	"APPLICABLE"	"Transparente, sehr stärkearme Nudeln aus Konjak mit elastischem Biss; nicht Glas- oder Reisnudeln."	"GENERAL_BROAD"	"Tobias sucht „Shirataki-Nudeln“ in Rostock über gut sortierte Vollsortimenter und etablierte deutsche Bio- oder Trockenwarenhändler gesucht."	"PLANNED"	"Beim Rostocker Einkauf setzt Tobias für „Shirataki-Nudeln“ auf gut sortierte Vollsortimenter und etablierte deutsche Bio- oder Trockenwarenhändler nach dieser Produktbeschreibung: „Transparente, sehr stärkearme Nudeln aus Konjak mit elastischem Biss; nicht Glas- oder Reisnudeln.“"	"OPTIONAL"	"Shirataki-Nudeln Transparente, sehr stärkearme Nudeln aus Konjak mit elastischem Biss; Tobias Rostock Getreide Stärke Teigware genaue Form; Nudeln; gut sortierte Vollsortimenter und etablierte deutsche Bio- oder Trockenwarenhändler; gezielter Einkauf Deutschland Wochenvorlauf; die exakt festgelegte Darreichung"	""	"TOBIAS_ROSTOCK_PROFILE"	"PROPOSED_FOR_HUMAN_REVIEW"
"SHRIMP"	"Garnelen"	"APPLICABLE"	"Garnelen als Krebstiere mit festem, leicht süßlichem Fleisch; Größe, Schale und frisch oder tiefgekühlt bleiben offen."	"GENERAL_LOCAL"	"Die Rostocker Warenprüfung für „Garnelen“ erfolgt über die Fischkühlung, Tiefkühltruhe oder Fischtheke eines gewöhnlichen großen Rostocker Supermarkts."	"EASY"	"Tobias organisiert über die Fischkühlung, Tiefkühltruhe oder Fischtheke eines gewöhnlichen großen Rostocker Supermarkts die Rostocker Prüfung von „Garnelen“, wobei folgende Abgrenzung gilt: „Garnelen als Krebstiere mit festem, leicht süßlichem Fleisch; Größe, Schale und frisch oder tiefgekühlt bleiben offen.“"	"OPTIONAL"	"Garnelen Garnelen als Krebstiere mit festem, leicht süßlichem Fleisch; Tobias Rostock Fisch Seafood Frische TK genauer Zuschnitt; Krustentiere; Die Fischkühlung, Tiefkühltruhe oder Fischtheke eines gewöhnlichen großen Rostocker Supermarkts; reguläres Sortiment Filialverfügbarkeit; die zugelassene Frisch- oder Tiefkühlform"	""	"TOBIAS_ROSTOCK_PROFILE|FORM_SENSITIVE"	"PROPOSED_FOR_HUMAN_REVIEW"
"SHRIMP_PASTE"	"Garnelenpaste"	"APPLICABLE"	"Offene Familie fermentierter Garnelenpasten mit sehr intensivem salzigem Umami; regionale feste und weiche Formen sind umfasst."	"SPECIALTY_BROAD"	"Tobias prüft „Garnelenpaste“ in Rostock über Asiashoponline – Mae Pranom shrimp paste 350 g und Village Foods – Por Kwan shrimp paste 200 g, wobei die Evidenz ein dokumentiertes laufendes Angebot und Standardversand ausweist."	"SPECIALTY"	"Über Asiashoponline – Mae Pranom shrimp paste 350 g und Village Foods – Por Kwan shrimp paste 200 g (Evidenzstand: ein dokumentiertes laufendes Angebot und Standardversand) prüft Tobias in Rostock „Garnelenpaste“, wobei folgende Abgrenzung gilt: „Offene Familie fermentierter Garnelenpasten mit sehr intensivem salzigem Umami; regionale feste und weiche Formen sind umfasst.“"	"REQUIRED"	"Garnelenpaste Offene Familie fermentierter Garnelenpasten mit sehr intensivem salzigem Umami; Tobias Rostock Würzsauce Paste Essig exakte Sorte; fermentierte Würzzutat / fertige Sauce oder Würzpaste; Village Foods – Por Kwan shrimp paste 200 g | Asiashoponline – Mae Pranom shrimp paste 350 g; mehrere unabhängige Fachhändler Marktbreite; die exakt festgelegte Darreichung"	"AV2N-N-0157|AV2N-N-0158"	"TOBIAS_ROSTOCK_PROFILE|SPECIALTY_MARKET_BREADTH|RESEARCH_REQUIRED"	"PROPOSED_FOR_HUMAN_REVIEW"
"SICHUAN_PEPPER"	"Szechuanpfeffer"	"APPLICABLE"	"Aromatische Samenkapseln verschiedener Zanthoxylum-Arten mit zitrischem Duft und prickelnd-betäubender Wirkung; kein echter Pfeffer."	"SPECIALTY_BROAD"	"Tobias prüft „Szechuanpfeffer“ in Rostock über Asiafoodland – whole wild Sichuan pepper 50 g und Gewürze der Welt – Sichuan pepper range, wobei die Evidenz ein dokumentiertes laufendes Angebot und Standardversand ausweist."	"SPECIALTY"	"Über Asiafoodland – whole wild Sichuan pepper 50 g und Gewürze der Welt – Sichuan pepper range (Evidenzstand: ein dokumentiertes laufendes Angebot und Standardversand) prüft Tobias in Rostock „Szechuanpfeffer“, wobei folgende Abgrenzung gilt: „Aromatische Samenkapseln verschiedener Zanthoxylum-Arten mit zitrischem Duft und prickelnd-betäubender Wirkung; kein echter Pfeffer.“"	"REQUIRED"	"Szechuanpfeffer Aromatische Samenkapseln verschiedener Zanthoxylum-Arten mit zitrischem Duft…; Tobias Rostock Gewürz ganze gemahlene getrocknete Form; Gewürz oder trockenes Würzmittel; Asiafoodland – whole wild Sichuan pepper 50 g | Gewürze der Welt – Sichuan pepper range; mehrere unabhängige Fachhändler Marktbreite; die exakt festgelegte Darreichung"	"AV2N-N-0161|AV2N-N-0162"	"TOBIAS_ROSTOCK_PROFILE|SPECIALTY_MARKET_BREADTH|RESEARCH_REQUIRED"	"PROPOSED_FOR_HUMAN_REVIEW"
"SILKEN_TOFU"	"Seidentofu"	"APPLICABLE"	"Sehr weicher, kaum gepresster Tofu mit glatter puddingartiger Textur; nicht fester Tofu."	"GENERAL_BROAD"	"Die Rostocker Warenprüfung für „Seidentofu“ erfolgt über gut sortierte Vollsortimenter und etablierte deutsche Bio- oder Trockenwarenhändler."	"PLANNED"	"Das Angebot zu „Seidentofu“ über gut sortierte Vollsortimenter und etablierte deutsche Bio- oder Trockenwarenhändler kontrolliert Tobias in Rostock nach dieser Produktbeschreibung: „Sehr weicher, kaum gepresster Tofu mit glatter puddingartiger Textur; nicht fester Tofu.“"	"OPTIONAL"	"Seidentofu Sehr weicher, kaum gepresster Tofu mit glatter puddingartiger Textur; Tobias Rostock Hülsenfrucht getrocknet vorgegart Sorte; Tofu; gut sortierte Vollsortimenter und etablierte deutsche Bio- oder Trockenwarenhändler; gezielter Einkauf Deutschland Wochenvorlauf; die exakt festgelegte Darreichung"	""	"TOBIAS_ROSTOCK_PROFILE"	"PROPOSED_FOR_HUMAN_REVIEW"
"SLIVOVICE"	"Sliwowitz"	"APPLICABLE"	"Pflaumenbrand als generische Spirituosenart; nicht auf eine Marke beschränkt und nicht mit Pflaumenlikör gleichsetzen."	"GENERAL_BROAD"	"Sliwowitz: Weinquelles formgenaue Kategorie „Obstbrand aus Pflaumen“ zeigt mehrere lagernde Flaschen; der deutschlandweite Versand in üblicherweise 1–3 Werktagen ist für Rostock ein belastbarer geplanter Spirituosenweg."	"PLANNED"	"Für Tobias in Rostock lässt sich Sliwowitz über die geprüfte Weinquelle-Kategorie bestellen: Mehrere lagernde Marken belegen Pflaumenbrand als generische Spirituosenart, ohne ihn mit Pflaumenlikör gleichzusetzen."	"REQUIRED"	"Sliwowitz Sliwovitz Obstbrand aus Pflaumen mehrere Flaschen lagernd | Tobias Rostock Weinquelle Deutschlandversand 1–3 Werktage | kein Pflaumenlikör"	"AV2N-N-0164"	"TOBIAS_ROSTOCK_PROFILE|RESEARCH_REQUIRED"	"PROPOSED_FOR_HUMAN_REVIEW"
"SMOKED_PAPRIKA"	"geräuchertes Paprikapulver"	"APPLICABLE"	"Geräuchertes Paprikapulver mit süßer bis scharfer Ausprägung und deutlichem Raucharoma."	"GENERAL_LOCAL"	"Tobias sucht „geräuchertes Paprikapulver“ in Rostock über das Gewürz- oder Backregal eines gewöhnlichen großen Rostocker Supermarkts gesucht."	"EASY"	"Beim Rostocker Einkauf setzt Tobias für „geräuchertes Paprikapulver“ auf das Gewürz- oder Backregal eines gewöhnlichen großen Rostocker Supermarkts nach dieser Produktbeschreibung: „Geräuchertes Paprikapulver mit süßer bis scharfer Ausprägung und deutlichem Raucharoma.“"	"OPTIONAL"	"geräuchertes Paprikapulver Geräuchertes Paprikapulver mit süßer bis scharfer Ausprägung und deutlichem…; Tobias Rostock Gewürz ganze gemahlene getrocknete Form; Paprikapulver; Das Gewürz- oder Backregal eines gewöhnlichen großen Rostocker Supermarkts; reguläres Sortiment Filialverfügbarkeit; die gemahlene oder pulverisierte Form"	""	"TOBIAS_ROSTOCK_PROFILE"	"PROPOSED_FOR_HUMAN_REVIEW"
"SMOKED_SALMON"	"Räucherlachs"	"APPLICABLE"	"Heiß- oder kaltgeräucherter Lachs mit salzigem Raucharoma; nicht bloß gebeizter Gravlax."	"GENERAL_LOCAL"	"Tobias sucht „Räucherlachs“ in Rostock über das Fischkonserven- oder haltbare Seafood-Regal eines gewöhnlichen großen Rostocker Supermarkts gesucht."	"EASY"	"Tobias nutzt in Rostock das Fischkonserven- oder haltbare Seafood-Regal eines gewöhnlichen großen Rostocker Supermarkts für „Räucherlachs“, wobei folgende Abgrenzung gilt: „Heiß- oder kaltgeräucherter Lachs mit salzigem Raucharoma; nicht bloß gebeizter Gravlax.“"	"OPTIONAL"	"Räucherlachs Heiß- oder kaltgeräucherter Lachs mit salzigem Raucharoma; Tobias Rostock Fisch Seafood exakte Art Konserve Trockenware; konservierter Fisch / Lachs; Das Fischkonserven- oder haltbare Seafood-Regal eines gewöhnlichen großen Rostocker Supermarkts; reguläres Sortiment Filialverfügbarkeit; die präzise tierische Produktform"	""	"TOBIAS_ROSTOCK_PROFILE"	"PROPOSED_FOR_HUMAN_REVIEW"
"SMOKED_TOFU"	"Räuchertofu"	"APPLICABLE"	"Fester Tofu mit deutlichem Raucharoma, durch Räuchern oder entsprechende Verarbeitung; nicht fermentierter Tofu."	"GENERAL_LOCAL"	"Tobias prüft „Räuchertofu“ in Rostock über das Hülsenfrucht-, Konserven- oder Trockensortiment eines gewöhnlichen großen Rostocker Supermarkts."	"EASY"	"Über das Hülsenfrucht-, Konserven- oder Trockensortiment eines gewöhnlichen großen Rostocker Supermarkts prüft Tobias in Rostock „Räuchertofu“ mit diesem inhaltlichen Maßstab: „Fester Tofu mit deutlichem Raucharoma, durch Räuchern oder entsprechende Verarbeitung; nicht fermentierter Tofu.“"	"OPTIONAL"	"Räuchertofu Fester Tofu mit deutlichem Raucharoma, durch Räuchern oder entsprechende…; Tobias Rostock Hülsenfrucht getrocknet vorgegart Sorte; Tofu; Das Hülsenfrucht-, Konserven- oder Trockensortiment eines gewöhnlichen großen Rostocker Supermarkts; reguläres Sortiment Filialverfügbarkeit; die exakt festgelegte Darreichung"	""	"TOBIAS_ROSTOCK_PROFILE"	"PROPOSED_FOR_HUMAN_REVIEW"
"SMOKED_TROUT"	"Räucherforelle"	"APPLICABLE"	"Geräucherte Forelle, ganz oder als Filet, mit festem Fleisch und mildem Raucharoma."	"GENERAL_BROAD"	"Tobias prüft „Räucherforelle“ in Rostock über gut sortierte Vollsortimenter und etablierte deutsche Händler für haltbare Seafoodprodukte, wobei die Evidenz die menschliche v2-Freigabe für diesen Weg und Kühlversand sowie einen gezielten Händlerbesuch ausweist."	"PLANNED"	"Über gut sortierte Vollsortimenter und etablierte deutsche Händler für haltbare Seafoodprodukte (Evidenzstand: die menschliche v2-Freigabe für diesen Weg und Kühlversand sowie einen gezielten Händlerbesuch) prüft Tobias in Rostock „Räucherforelle“, wobei folgende Abgrenzung gilt: „Geräucherte Forelle, ganz oder als Filet, mit festem Fleisch und mildem Raucharoma.“"	"REQUIRED"	"Räucherforelle Geräucherte Forelle, ganz oder als Filet, mit festem Fleisch und mildem…; Tobias Rostock Fisch Seafood exakte Art Konserve Trockenware; konservierter Fisch / Forelle; gut sortierte Vollsortimenter und etablierte deutsche Händler für haltbare Seafoodprodukte; gezielter Einkauf Deutschland Wochenvorlauf; die geforderte ganze oder körnige Form"	"AV2E-022"	"REFERENCE_ANCHOR|TOBIAS_ROSTOCK_PROFILE|RESEARCH_REQUIRED|REFERENCE_ANCHOR_V2"	"APPROVED_REFERENCE_ANCHOR_V2"
"SOBA"	"Soba"	"APPLICABLE"	"Japanische dünne Nudeln mit Buchweizen als typischem Teigbestandteil; Buchweizenanteil und Beimischung von Weizen können variieren."	"GENERAL_BROAD"	"Tobias prüft „Soba“ in Rostock über gut sortierte Vollsortimenter und etablierte deutsche Bio- oder Trockenwarenhändler."	"PLANNED"	"Tobias nutzt in Rostock gut sortierte Vollsortimenter und etablierte deutsche Bio- oder Trockenwarenhändler für „Soba“ nach dieser Produktbeschreibung: „Japanische dünne Nudeln mit Buchweizen als typischem Teigbestandteil; Buchweizenanteil und Beimischung von Weizen können variieren.“"	"OPTIONAL"	"Soba Japanische dünne Nudeln mit Buchweizen als typischem Teigbestandteil; Tobias Rostock Getreide Stärke Teigware genaue Form; Nudeln; gut sortierte Vollsortimenter und etablierte deutsche Bio- oder Trockenwarenhändler; gezielter Einkauf Deutschland Wochenvorlauf; die exakt festgelegte Darreichung"	""	"TOBIAS_ROSTOCK_PROFILE"	"PROPOSED_FOR_HUMAN_REVIEW"
"SOBRASADA"	"Sobrasada"	"APPLICABLE"	"Streichfähige, mit Paprika gewürzte luftgereifte Rohwurst der Balearen, typischerweise aus Schweinefleisch; nicht Chorizo und nicht ’Nduja."	"SPECIALTY_BROAD"	"Tobias prüft „Sobrasada“ in Rostock über Directos – spicy sobrassade und Mitte Meer – Mediterranean direct shop, wobei die Evidenz ein dokumentiertes laufendes Angebot und Kühlversand sowie Standardversand ausweist."	"SPECIALTY"	"Über Directos – spicy sobrassade und Mitte Meer – Mediterranean direct shop (Evidenzstand: ein dokumentiertes laufendes Angebot und Kühlversand sowie Standardversand) prüft Tobias in Rostock „Sobrasada“, wobei folgende Abgrenzung gilt: „Streichfähige, mit Paprika gewürzte luftgereifte Rohwurst der Balearen, typischerweise aus Schweinefleisch; nicht Chorizo und nicht ’Nduja.“"	"REQUIRED"	"Sobrasada Streichfähige, mit Paprika gewürzte luftgereifte Rohwurst der Balearen…; Tobias Rostock Fleisch Wurst exakte Tierart Zuschnitt; gepökeltes oder luftgetrocknetes Fleisch / Schweinefleisch; Mitte Meer – Mediterranean direct shop | Directos – spicy sobrassade; mehrere unabhängige Fachhändler Marktbreite; die präzise tierische Produktform"	"AV2N-N-0167|AV2N-N-0168"	"TOBIAS_ROSTOCK_PROFILE|SPECIALTY_MARKET_BREADTH|RESEARCH_REQUIRED"	"PROPOSED_FOR_HUMAN_REVIEW"
"SOLE"	"Seezunge"	"APPLICABLE"	"Seezunge als feiner magerer Plattfisch mit zartem, festem Fleisch; nicht Scholle."	"GENERAL_BROAD"	"Deutsche See – frische Seezunge belegt: Deutsche See bietet die echte Seezunge Solea solea aktuell verfügbar als frischen ganzen Plattfisch an und liefert sie gekühlt. Der Bezug erfolgt über Deutschland und Österreich; gekühlte GO!-Express-Lieferung zum Wunschtermin; maßgeblich ist CHILLED_SHIPPING. Die Seite belegt ausdrücklich Seezunge und keine Scholle; Gewicht, kurze Haltbarkeit und Terminbestand müssen geprüft werden."	"PLANNED"	"Als planbare Route für Tobias in Rostock dient: Deutsche See bietet die echte Seezunge die Art Solea aktuell verfügbar als frischen ganzen Plattfisch an und liefert sie gekühlt. Die Seite belegt ausdrücklich Seezunge und keine Scholle; Gewicht, kurze Haltbarkeit und Terminbestand müssen geprüft werden."	"REQUIRED"	"Seezunge Solea solea frisch ganz Deutsche See verfügbar nicht Scholle | Tobias Rostock | Deutsche See – frische Seezunge | IN_STOCK CHILLED_SHIPPING"	"AV2N-N-0170"	"TOBIAS_ROSTOCK_PROFILE|RESEARCH_REQUIRED"	"PROPOSED_FOR_HUMAN_REVIEW"
"SOUR_CHERRY"	"Sauerkirsche"	"APPLICABLE"	"Sauerkirsche mit deutlich höherer Säure als Süßkirsche; frisch, tiefgekühlt oder ungesüßt konserviert verwendbar."	"GENERAL_BROAD"	"GLOBUS – Alnatura Bio-Sauerkirschen ungesüßt belegt formgenau: GLOBUS listet ungesüßte Alnatura-Sauerkirschen aus Sauerkirschen, Wasser und Sauerkirschsaft im regulären Konservensortiment. Für Tobias in Rostock gilt: Reguläres Sortiment im deutschen GLOBUS-Markthallennetz; konkrete Filiale für Bornheim oder Rostock prüfen; Logistik STANDARD_LOCAL. Belegt ist die zulässige konservierte, nicht die frische oder tiefgekühlte Form; Einzelmarktbestand bleibt offen."	"PLANNED"	"Im Rostocker Profil von Tobias ist maßgeblich: Sauerkirsche wird über den TK-Beutel als säuerliche Monofrucht geplant; Süßkirschen und gesüßte Fruchtzubereitungen sind ausgeschlossen."	"REQUIRED"	"GLOBUS Alnatura Bio Sauerkirschen ungesüßt Wasser Sauerkirschsaft Sortiment | Tobias in Rostock | REGULAR_RANGE STANDARD_LOCAL"	"AV2N-N-0172|AV2N-P-0028"	"TOBIAS_ROSTOCK_PROFILE|FORM_SENSITIVE|RESEARCH_REQUIRED"	"PROPOSED_FOR_HUMAN_REVIEW"
"SOUR_CREAM"	"saure Sahne"	"APPLICABLE"	"Gesäuerter Rahm mit frischer Säure und mittlerem Fettgehalt; nicht Crème fraîche oder Quark."	"GENERAL_LOCAL"	"Der konkrete Bezug von „saure Sahne“ läuft über die Molkereikühlung eines gewöhnlichen großen Rostocker Supermarkts."	"EASY"	"Das Angebot zu „saure Sahne“ über die Molkereikühlung eines gewöhnlichen großen Rostocker Supermarkts kontrolliert Tobias in Rostock mit diesem inhaltlichen Maßstab: „Gesäuerter Rahm mit frischer Säure und mittlerem Fettgehalt; nicht Crème fraîche oder Quark.“"	"OPTIONAL"	"saure Sahne Gesäuerter Rahm mit frischer Säure und mittlerem Fettgehalt; Tobias Rostock Milchprodukt genaue Sorte Fettstufe; gesäuertes Milchprodukt; Die Molkereikühlung eines gewöhnlichen großen Rostocker Supermarkts; reguläres Sortiment Filialverfügbarkeit; die verlangte frische Form"	""	"TOBIAS_ROSTOCK_PROFILE|FORM_SENSITIVE"	"PROPOSED_FOR_HUMAN_REVIEW"
"SOUR_RYE_STARTER"	"Żur-Saueransatz"	"APPLICABLE"	"Fermentierter Roggenmehl-Saueransatz (zakwas/żur) als flüssige Basis für żur/żurek; nicht die fertige Suppe. Gewürzzusätze können variieren."	"SPECIALTY_BROAD"	"Tobias prüft „Żur-Saueransatz“ in Rostock über Krakowiacy i Górale – Zakwas na żur 900 ml und Polskashop24 – Polish cooking aids with Zakwas, wobei die Evidenz ein dokumentiertes laufendes Angebot und Standardversand ausweist."	"SPECIALTY"	"Über Krakowiacy i Górale – Zakwas na żur 900 ml und Polskashop24 – Polish cooking aids with Zakwas (Evidenzstand: ein dokumentiertes laufendes Angebot und Standardversand) prüft Tobias in Rostock „Żur-Saueransatz“, wobei folgende Abgrenzung gilt: „Fermentierter Roggenmehl-Saueransatz (zakwas/żur) als flüssige Basis für żur/żurek; nicht die fertige Suppe. Gewürzzusätze können variieren.“"	"REQUIRED"	"Żur-Saueransatz Fermentierter Roggenmehl-Saueransatz (zakwas/żur) als flüssige Basis für…; Tobias Rostock Würzsauce Paste Essig exakte Sorte; fermentierte Würzzutat; Polskashop24 – Polish cooking aids with Zakwas | Krakowiacy i Górale – Zakwas na żur 900 ml; mehrere unabhängige Fachhändler Marktbreite; die exakt festgelegte Darreichung"	"AV2N-N-0175|AV2N-N-0176"	"TOBIAS_ROSTOCK_PROFILE|SPECIALTY_MARKET_BREADTH|RESEARCH_REQUIRED"	"PROPOSED_FOR_HUMAN_REVIEW"
"SOURDOUGH_BREAD"	"Sauerteigbrot"	"APPLICABLE"	"Brot mit Sauerteig als prägendem Trieb- und Aromamittel; Getreide und Säuregrad bleiben offen."	"GENERAL_LOCAL"	"Für „Sauerteigbrot“ wird das Angebot über das Back-, Süßwaren- oder Brotregal eines gewöhnlichen großen Rostocker Supermarkts kontrolliert."	"EASY"	"Die Beschaffung von „Sauerteigbrot“ über das Back-, Süßwaren- oder Brotregal eines gewöhnlichen großen Rostocker Supermarkts prüft Tobias in Rostock nach dieser Produktbeschreibung: „Brot mit Sauerteig als prägendem Trieb- und Aromamittel; Getreide und Säuregrad bleiben offen.“"	"OPTIONAL"	"Sauerteigbrot Brot mit Sauerteig als prägendem Trieb- und Aromamittel; Tobias Rostock Backware Süßungsmittel exakte Form; Brot oder Fladenbrot; Das Back-, Süßwaren- oder Brotregal eines gewöhnlichen großen Rostocker Supermarkts; reguläres Sortiment Filialverfügbarkeit; die exakt festgelegte Darreichung"	""	"TOBIAS_ROSTOCK_PROFILE"	"PROPOSED_FOR_HUMAN_REVIEW"
"SOY_DRINK"	"Sojadrink"	"APPLICABLE"	"Flüssiger Pflanzendrink aus Sojabohnen; gesüßte und ungesüßte Varianten sind umfasst."	"GENERAL_LOCAL"	"Die Beschaffung von „Sojadrink“ erfolgt in Rostock über das Pflanzendrinkregal eines gewöhnlichen großen Rostocker Supermarkts."	"EASY"	"Für „Sojadrink“ kontrolliert Tobias den Rostocker Bezug über das Pflanzendrinkregal eines gewöhnlichen großen Rostocker Supermarkts, wobei folgende Abgrenzung gilt: „Flüssiger Pflanzendrink aus Sojabohnen; gesüßte und ungesüßte Varianten sind umfasst.“"	"OPTIONAL"	"Sojadrink Flüssiger Pflanzendrink aus Sojabohnen; gesüßte und ungesüßte Varianten sind…; Tobias Rostock Pflanzendrink genaue Basis gesüßt ungesüßt; pflanzlicher Drink; Das Pflanzendrinkregal eines gewöhnlichen großen Rostocker Supermarkts; reguläres Sortiment Filialverfügbarkeit; die exakt festgelegte Darreichung"	""	"TOBIAS_ROSTOCK_PROFILE"	"PROPOSED_FOR_HUMAN_REVIEW"
"SOY_PRODUCTS"	"Sojazutat"	"APPLICABLE"	"Offene Vorgabe für Sojabohnen und daraus hergestellte kulinarische Produkte; konkrete Verarbeitung bleibt wählbar."	"GENERAL_LOCAL"	"Für „Sojazutat“ führt der Rostocker Marktweg über das Hülsenfrucht-, Konserven- oder Trockensortiment eines gewöhnlichen großen Rostocker Supermarkts."	"EASY"	"Den Weg über das Hülsenfrucht-, Konserven- oder Trockensortiment eines gewöhnlichen großen Rostocker Supermarkts nutzt Tobias in Rostock für „Sojazutat“ mit diesem inhaltlichen Maßstab: „Offene Vorgabe für Sojabohnen und daraus hergestellte kulinarische Produkte; konkrete Verarbeitung bleibt wählbar.“"	"OPTIONAL"	"Sojazutat Offene Vorgabe für Sojabohnen und daraus hergestellte kulinarische Produkte; Tobias Rostock Hülsenfrucht getrocknet vorgegart Sorte; Hülsenfrüchte; Das Hülsenfrucht-, Konserven- oder Trockensortiment eines gewöhnlichen großen Rostocker Supermarkts; reguläres Sortiment Filialverfügbarkeit; die exakt festgelegte Darreichung"	""	"TOBIAS_ROSTOCK_PROFILE"	"PROPOSED_FOR_HUMAN_REVIEW"
"SOY_SAUCE"	"Sojasauce"	"APPLICABLE"	"Fermentierte salzige Würzsauce auf Sojabohnenbasis; Stil, Weizenanteil, Farbe und Intensität bleiben offen."	"GENERAL_LOCAL"	"Für „Sojasauce“ wird das Angebot über das Saucen-, Essig- oder Feinkostregal eines gewöhnlichen großen Rostocker Supermarkts kontrolliert."	"EASY"	"Beim Rostocker Einkauf setzt Tobias für „Sojasauce“ auf das Saucen-, Essig- oder Feinkostregal eines gewöhnlichen großen Rostocker Supermarkts nach dieser Produktbeschreibung: „Fermentierte salzige Würzsauce auf Sojabohnenbasis; Stil, Weizenanteil, Farbe und Intensität bleiben offen.“"	"OPTIONAL"	"Sojasauce Fermentierte salzige Würzsauce auf Sojabohnenbasis; Tobias Rostock Würzsauce Paste Essig exakte Sorte; fermentierte Würzzutat / fertige Sauce oder Würzpaste; Das Saucen-, Essig- oder Feinkostregal eines gewöhnlichen großen Rostocker Supermarkts; reguläres Sortiment Filialverfügbarkeit; die exakt festgelegte Darreichung"	""	"TOBIAS_ROSTOCK_PROFILE"	"PROPOSED_FOR_HUMAN_REVIEW"
"SOYBEANS"	"Sojabohnen"	"APPLICABLE"	"Reife Sojabohnen als trockene oder vorgegarte Hülsenfrucht; nicht junge grüne Edamame."	"GENERAL_BROAD"	"Für „Sojabohnen“ führt der Rostocker Marktweg über gut sortierte Vollsortimenter und etablierte deutsche Bio- oder Trockenwarenhändler."	"PLANNED"	"Tobias organisiert über gut sortierte Vollsortimenter und etablierte deutsche Bio- oder Trockenwarenhändler die Rostocker Prüfung von „Sojabohnen“ nach dieser Produktbeschreibung: „Reife Sojabohnen als trockene oder vorgegarte Hülsenfrucht; nicht junge grüne Edamame.“"	"OPTIONAL"	"Sojabohnen Reife Sojabohnen als trockene oder vorgegarte Hülsenfrucht; Tobias Rostock Hülsenfrucht getrocknet vorgegart Sorte; Bohnen / Sojazutat; gut sortierte Vollsortimenter und etablierte deutsche Bio- oder Trockenwarenhändler; gezielter Einkauf Deutschland Wochenvorlauf; die exakt festgelegte Darreichung"	""	"TOBIAS_ROSTOCK_PROFILE"	"PROPOSED_FOR_HUMAN_REVIEW"
"SPAETZLE"	"Spätzle"	"APPLICABLE"	"Weiche unregelmäßige Eiernudeln aus zähflüssigem Teig; frisch, getrocknet oder vorgegart verwendbar."	"GENERAL_LOCAL"	"Die Rostocker Warenprüfung für „Spätzle“ erfolgt über das Getreide-, Mehl-, Reis- oder Teigwarenregal eines gewöhnlichen großen Rostocker Supermarkts."	"EASY"	"Tobias organisiert über das Getreide-, Mehl-, Reis- oder Teigwarenregal eines gewöhnlichen großen Rostocker Supermarkts die Rostocker Prüfung von „Spätzle“ nach dieser Produktbeschreibung: „Weiche unregelmäßige Eiernudeln aus zähflüssigem Teig; frisch, getrocknet oder vorgegart verwendbar.“"	"OPTIONAL"	"Spätzle Weiche unregelmäßige Eiernudeln aus zähflüssigem Teig; Tobias Rostock Getreide Stärke Teigware genaue Form; Nudeln; Das Getreide-, Mehl-, Reis- oder Teigwarenregal eines gewöhnlichen großen Rostocker Supermarkts; reguläres Sortiment Filialverfügbarkeit; die verlangte frische Form"	""	"TOBIAS_ROSTOCK_PROFILE|FORM_SENSITIVE"	"PROPOSED_FOR_HUMAN_REVIEW"
"SPAGHETTI"	"Spaghetti"	"APPLICABLE"	"Lange dünne runde Weizenpasta; Vollkorn- und gewöhnliche Hartweizenvarianten sind umfasst."	"GENERAL_LOCAL"	"Tobias prüft „Spaghetti“ in Rostock über das Getreide-, Mehl-, Reis- oder Teigwarenregal eines gewöhnlichen großen Rostocker Supermarkts."	"EASY"	"Über das Getreide-, Mehl-, Reis- oder Teigwarenregal eines gewöhnlichen großen Rostocker Supermarkts prüft Tobias in Rostock „Spaghetti“ unter folgender Warenvorgabe: „Lange dünne runde Weizenpasta; Vollkorn- und gewöhnliche Hartweizenvarianten sind umfasst.“"	"OPTIONAL"	"Spaghetti Lange dünne runde Weizenpasta; Vollkorn- und gewöhnliche Hartweizenvarianten…; Tobias Rostock Getreide Stärke Teigware genaue Form; Weizenpasta; Das Getreide-, Mehl-, Reis- oder Teigwarenregal eines gewöhnlichen großen Rostocker Supermarkts; reguläres Sortiment Filialverfügbarkeit; die exakt festgelegte Darreichung"	""	"TOBIAS_ROSTOCK_PROFILE"	"PROPOSED_FOR_HUMAN_REVIEW"
"SPAGHETTI_SQUASH"	"Spaghettikürbis"	"APPLICABLE"	"Kürbis, dessen gegartes Fruchtfleisch in spaghettiartige Fasern zerfällt; nicht Pasta."	"GENERAL_BROAD"	"Für „Spaghettikürbis“ wird das Angebot über gut sortierte Vollsortimenter und etablierte deutsche Gemüse- oder Frischehändler kontrolliert."	"PLANNED"	"Beim Rostocker Einkauf setzt Tobias für „Spaghettikürbis“ auf gut sortierte Vollsortimenter und etablierte deutsche Gemüse- oder Frischehändler mit diesem inhaltlichen Maßstab: „Kürbis, dessen gegartes Fruchtfleisch in spaghettiartige Fasern zerfällt; nicht Pasta.“"	"OPTIONAL"	"Spaghettikürbis Kürbis, dessen gegartes Fruchtfleisch in spaghettiartige Fasern zerfällt; Tobias Rostock Gemüse frisch TK genaue Sorte; Kürbis; gut sortierte Vollsortimenter und etablierte deutsche Gemüse- oder Frischehändler; gezielter Einkauf Deutschland Wochenvorlauf; die exakt festgelegte Darreichung"	""	"TOBIAS_ROSTOCK_PROFILE"	"PROPOSED_FOR_HUMAN_REVIEW"
"SPECULAAS_SPICE"	"Spekulatiusgewürz"	"APPLICABLE"	"Gewürzmischung für Speculaas/Spekulatius, typischerweise auf Basis von Zimt mit weiteren warmen Gewürzen wie Nelke und Muskat; Zusammensetzung kann variieren und Zucker wird nicht vorausgesetzt."	"GENERAL_BROAD"	"Die Rostocker Warenprüfung für „Spekulatiusgewürz“ erfolgt über gut sortierte Vollsortimenter und etablierte deutsche Gewürzhändler."	"PLANNED"	"Tobias nutzt in Rostock gut sortierte Vollsortimenter und etablierte deutsche Gewürzhändler für „Spekulatiusgewürz“, wobei folgende Abgrenzung gilt: „Gewürzmischung für Speculaas/Spekulatius, typischerweise auf Basis von Zimt mit weiteren warmen Gewürzen wie Nelke und Muskat; Zusammensetzung kann variieren und Zucker wird nicht vorausgesetzt.“"	"OPTIONAL"	"Spekulatiusgewürz Gewürzmischung für Speculaas/Spekulatius, typischerweise auf Basis von Zimt…; Tobias Rostock Gewürz ganze gemahlene getrocknete Form; Gewürzmischung; gut sortierte Vollsortimenter und etablierte deutsche Gewürzhändler; gezielter Einkauf Deutschland Wochenvorlauf; die exakt festgelegte Darreichung"	""	"TOBIAS_ROSTOCK_PROFILE|RATING_RECONCILED_V2"	"PROPOSED_FOR_HUMAN_REVIEW"
"SPECULOOS"	"Spekulatius"	"APPLICABLE"	"Knuspriges karamellisiertes Gewürzgebäck der Spekulatius-/Speculoos-Familie. Gemeint ist der fertige Keks, nicht eine Gewürzmischung; konkrete Gewürzzusammensetzung und Fettquelle können variieren."	"GENERAL_LOCAL"	"Der konkrete Bezug von „Spekulatius“ läuft über das Back-, Süßwaren- oder Brotregal eines gewöhnlichen großen Rostocker Supermarkts."	"EASY"	"Beim Rostocker Einkauf setzt Tobias für „Spekulatius“ auf das Back-, Süßwaren- oder Brotregal eines gewöhnlichen großen Rostocker Supermarkts nach dieser Produktbeschreibung: „Knuspriges karamellisiertes Gewürzgebäck der Spekulatius-/Speculoos-Familie. Gemeint ist der fertige Keks, nicht eine Gewürzmischung; konkrete Gewürzzusammensetzung und Fettquelle können variieren.“"	"OPTIONAL"	"Spekulatius Knuspriges karamellisiertes Gewürzgebäck der Spekulatius-/Speculoos-Familie; Tobias Rostock Backware Süßungsmittel exakte Form; Süßware; Das Back-, Süßwaren- oder Brotregal eines gewöhnlichen großen Rostocker Supermarkts; reguläres Sortiment Filialverfügbarkeit; die exakt festgelegte Darreichung"	""	"TOBIAS_ROSTOCK_PROFILE"	"PROPOSED_FOR_HUMAN_REVIEW"
"SPELT"	"Dinkel"	"APPLICABLE"	"Dinkelkorn als Getreide mit nussigem Aroma; ganz, geschrotet oder als Flocken, nicht Dinkelmehl."	"GENERAL_BROAD"	"Die Beschaffung von „Dinkel“ erfolgt in Rostock über gut sortierte Vollsortimenter und etablierte deutsche Bio- oder Trockenwarenhändler."	"PLANNED"	"Über gut sortierte Vollsortimenter und etablierte deutsche Bio- oder Trockenwarenhändler prüft Tobias in Rostock „Dinkel“ unter folgender Warenvorgabe: „Dinkelkorn als Getreide mit nussigem Aroma; ganz, geschrotet oder als Flocken, nicht Dinkelmehl.“"	"OPTIONAL"	"Dinkel Dinkelkorn als Getreide mit nussigem Aroma; Tobias Rostock Getreide Stärke Teigware genaue Form; Getreide oder Pseudogetreide; gut sortierte Vollsortimenter und etablierte deutsche Bio- oder Trockenwarenhändler; gezielter Einkauf Deutschland Wochenvorlauf; die geforderte ganze oder körnige Form"	""	"TOBIAS_ROSTOCK_PROFILE|RATING_RECONCILED_V2"	"PROPOSED_FOR_HUMAN_REVIEW"
"SPICE_BLENDS"	"Gewürzmischung"	"APPLICABLE"	"Offene Vorgabe für bewusst zusammengesetzte trockene Gewürzmischungen; Stil und Schärfe bleiben offen."	"GENERAL_LOCAL"	"Die Rostocker Warenprüfung für „Gewürzmischung“ erfolgt über das Gewürz- oder Backregal eines gewöhnlichen großen Rostocker Supermarkts."	"EASY"	"Das Angebot zu „Gewürzmischung“ über das Gewürz- oder Backregal eines gewöhnlichen großen Rostocker Supermarkts kontrolliert Tobias in Rostock nach dieser Produktbeschreibung: „Offene Vorgabe für bewusst zusammengesetzte trockene Gewürzmischungen; Stil und Schärfe bleiben offen.“"	"OPTIONAL"	"Gewürzmischung Offene Vorgabe für bewusst zusammengesetzte trockene Gewürzmischungen; Tobias Rostock Gewürz ganze gemahlene getrocknete Form; Gewürz oder trockenes Würzmittel; Das Gewürz- oder Backregal eines gewöhnlichen großen Rostocker Supermarkts; reguläres Sortiment Filialverfügbarkeit; die exakt festgelegte Darreichung"	""	"TOBIAS_ROSTOCK_PROFILE"	"PROPOSED_FOR_HUMAN_REVIEW"
"SPICES"	"Gewürz oder trockenes Würzmittel"	"NOT_APPLICABLE_STRUCTURE"	""	""	""	""	""	""	""	""	""	"APPROVED_NOT_APPLICABLE"
"SPINACH"	"Spinat"	"APPLICABLE"	"Spinatblätter mit mild-grünem, leicht mineralischem Geschmack; frisch oder tiefgekühlt verwendbar."	"GENERAL_LOCAL"	"Beim Einkauf von „Spinat“ nutzt Tobias den Gemüse- oder Tiefkühlgemüsebereich eines gewöhnlichen großen Rostocker Supermarkts."	"EASY"	"Die Beschaffung von „Spinat“ über den Gemüse- oder Tiefkühlgemüsebereich eines gewöhnlichen großen Rostocker Supermarkts prüft Tobias in Rostock, wobei folgende Abgrenzung gilt: „Spinatblätter mit mild-grünem, leicht mineralischem Geschmack; frisch oder tiefgekühlt verwendbar.“"	"OPTIONAL"	"Spinat Spinatblätter mit mild-grünem, leicht mineralischem Geschmack; Tobias Rostock Gemüse frisch TK genaue Sorte; Blattgemüse; Der Gemüse- oder Tiefkühlgemüsebereich eines gewöhnlichen großen Rostocker Supermarkts; reguläres Sortiment Filialverfügbarkeit; die zugelassene Frisch- oder Tiefkühlform"	""	"TOBIAS_ROSTOCK_PROFILE|FORM_SENSITIVE"	"PROPOSED_FOR_HUMAN_REVIEW"
"SPLIT_PEAS"	"Spalterbsen"	"APPLICABLE"	"Getrocknete geschälte und halbierte Erbsen für Suppen, Pürees oder Eintöpfe; Farbe bleibt offen."	"GENERAL_LOCAL"	"Die Beschaffung von „Spalterbsen“ erfolgt in Rostock über das Hülsenfrucht-, Konserven- oder Trockensortiment eines gewöhnlichen großen Rostocker Supermarkts."	"EASY"	"Für „Spalterbsen“ kontrolliert Tobias den Rostocker Bezug über das Hülsenfrucht-, Konserven- oder Trockensortiment eines gewöhnlichen großen Rostocker Supermarkts mit diesem inhaltlichen Maßstab: „Getrocknete geschälte und halbierte Erbsen für Suppen, Pürees oder Eintöpfe; Farbe bleibt offen.“"	"OPTIONAL"	"Spalterbsen Getrocknete geschälte und halbierte Erbsen für Suppen, Pürees oder Eintöpfe; Tobias Rostock Hülsenfrucht getrocknet vorgegart Sorte; Erbsen; Das Hülsenfrucht-, Konserven- oder Trockensortiment eines gewöhnlichen großen Rostocker Supermarkts; reguläres Sortiment Filialverfügbarkeit; die getrocknete Produktform"	""	"TOBIAS_ROSTOCK_PROFILE"	"PROPOSED_FOR_HUMAN_REVIEW"
"SPRING_ONION"	"Frühlingszwiebel"	"APPLICABLE"	"Frühlingszwiebel mit mildem Zwiebelaroma; weißer und grüner Teil sind essbar."	"GENERAL_LOCAL"	"Die Rostocker Warenprüfung für „Frühlingszwiebel“ erfolgt über die Gemüseabteilung eines gewöhnlichen großen Rostocker Supermarkts."	"EASY"	"Beim Rostocker Einkauf setzt Tobias für „Frühlingszwiebel“ auf die Gemüseabteilung eines gewöhnlichen großen Rostocker Supermarkts, wobei die konkrete Ware so bestimmt ist: „Frühlingszwiebel mit mildem Zwiebelaroma; weißer und grüner Teil sind essbar.“"	"OPTIONAL"	"Frühlingszwiebel Frühlingszwiebel mit mildem Zwiebelaroma; Tobias Rostock Gemüse frisch TK genaue Sorte; Lauch- und Zwiebelgemüse; Die Gemüseabteilung eines gewöhnlichen großen Rostocker Supermarkts; reguläres Sortiment Filialverfügbarkeit; die exakt festgelegte Darreichung"	""	"TOBIAS_ROSTOCK_PROFILE"	"PROPOSED_FOR_HUMAN_REVIEW"
"SPROUTS"	"Sprossen"	"APPLICABLE"	"Offene Vorgabe für essbare junge Keimlinge; Pflanzenart, Größe und roh oder gegart bleiben wählbar."	"GENERAL_BROAD"	"Der konkrete Bezug von „Sprossen“ läuft über gut sortierte Vollsortimenter und etablierte deutsche Gemüse- oder Frischehändler."	"PLANNED"	"Das Angebot zu „Sprossen“ über gut sortierte Vollsortimenter und etablierte deutsche Gemüse- oder Frischehändler kontrolliert Tobias in Rostock mit diesem inhaltlichen Maßstab: „Offene Vorgabe für essbare junge Keimlinge; Pflanzenart, Größe und roh oder gegart bleiben wählbar.“"	"OPTIONAL"	"Sprossen Offene Vorgabe für essbare junge Keimlinge; Tobias Rostock Gemüse frisch TK genaue Sorte; Gemüse; gut sortierte Vollsortimenter und etablierte deutsche Gemüse- oder Frischehändler; gezielter Einkauf Deutschland Wochenvorlauf; die exakt festgelegte Darreichung"	""	"TOBIAS_ROSTOCK_PROFILE"	"PROPOSED_FOR_HUMAN_REVIEW"
"SQUID"	"Tintenfisch"	"APPLICABLE"	"Kalmar mit röhrenförmigem Mantel und Armen; kurz oder sehr lange garen, nicht Oktopus oder Sepia."	"GENERAL_BROAD"	"Die Beschaffung von „Tintenfisch“ erfolgt in Rostock über Vorbestellung an einer gut sortierten Supermarkt-Fischtheke oder etablierter bundesweiter Seafood-Versand."	"PLANNED"	"Über Vorbestellung an einer gut sortierten Supermarkt-Fischtheke oder etablierter bundesweiter Seafood-Versand prüft Tobias in Rostock „Tintenfisch“, wobei folgende Abgrenzung gilt: „Kalmar mit röhrenförmigem Mantel und Armen; kurz oder sehr lange garen, nicht Oktopus oder Sepia.“"	"OPTIONAL"	"Tintenfisch Kalmar mit röhrenförmigem Mantel und Armen; Tobias Rostock Fisch Seafood Frische TK genauer Zuschnitt; Weichtiere / Fisch und Meeresfrüchte; Vorbestellung an einer gut sortierten Supermarkt-Fischtheke oder etablierter bundesweiter Seafood-Versand; gezielter Einkauf Deutschland Wochenvorlauf; die präzise tierische Produktform"	""	"TOBIAS_ROSTOCK_PROFILE"	"PROPOSED_FOR_HUMAN_REVIEW"
"SRIRACHA"	"Sriracha"	"APPLICABLE"	"Glatte fermentierte oder gereifte Chilisauce nach Sriracha-Art mit Knoblauch, Säure und leichter Süße."	"GENERAL_BROAD"	"Die Beschaffung von „Sriracha“ erfolgt in Rostock über gut sortierte Vollsortimenter und etablierte deutsche Feinkost- oder Würzsaucenhändler."	"PLANNED"	"Über gut sortierte Vollsortimenter und etablierte deutsche Feinkost- oder Würzsaucenhändler prüft Tobias in Rostock „Sriracha“ mit diesem inhaltlichen Maßstab: „Glatte fermentierte oder gereifte Chilisauce nach Sriracha-Art mit Knoblauch, Säure und leichter Süße.“"	"OPTIONAL"	"Sriracha Glatte fermentierte oder gereifte Chilisauce nach Sriracha-Art mit Knoblauch…; Tobias Rostock Würzsauce Paste Essig exakte Sorte; Chilisauce oder -paste; gut sortierte Vollsortimenter und etablierte deutsche Feinkost- oder Würzsaucenhändler; gezielter Einkauf Deutschland Wochenvorlauf; die exakt festgelegte Darreichung"	""	"TOBIAS_ROSTOCK_PROFILE"	"PROPOSED_FOR_HUMAN_REVIEW"
"STAR_ANISE"	"Sternanis"	"APPLICABLE"	"Sternförmige Frucht mit intensiv süßlichem Anisaroma; ganz oder gemahlen sparsam verwendbar."	"GENERAL_BROAD"	"Tobias prüft „Sternanis“ in Rostock über gut sortierte Vollsortimenter und etablierte deutsche Gewürzhändler."	"PLANNED"	"Tobias organisiert über gut sortierte Vollsortimenter und etablierte deutsche Gewürzhändler die Rostocker Prüfung von „Sternanis“, wobei folgende Abgrenzung gilt: „Sternförmige Frucht mit intensiv süßlichem Anisaroma; ganz oder gemahlen sparsam verwendbar.“"	"OPTIONAL"	"Sternanis Sternförmige Frucht mit intensiv süßlichem Anisaroma; Tobias Rostock Gewürz ganze gemahlene getrocknete Form; Gewürz oder trockenes Würzmittel; gut sortierte Vollsortimenter und etablierte deutsche Gewürzhändler; gezielter Einkauf Deutschland Wochenvorlauf; die gemahlene oder pulverisierte Form"	""	"TOBIAS_ROSTOCK_PROFILE"	"PROPOSED_FOR_HUMAN_REVIEW"
"STARCH_BINDERS"	"Stärke oder Bindemittel"	"APPLICABLE"	"Offene Vorgabe für isolierte Stärke und andere neutrale Bindemittel; Rohstoff und Bindeeigenschaft bleiben offen."	"GENERAL_LOCAL"	"Für „Stärke oder Bindemittel“ führt der Rostocker Marktweg über das Getreide-, Mehl-, Reis- oder Teigwarenregal eines gewöhnlichen großen Rostocker Supermarkts."	"EASY"	"Den Weg über das Getreide-, Mehl-, Reis- oder Teigwarenregal eines gewöhnlichen großen Rostocker Supermarkts nutzt Tobias in Rostock für „Stärke oder Bindemittel“ unter folgender Warenvorgabe: „Offene Vorgabe für isolierte Stärke und andere neutrale Bindemittel; Rohstoff und Bindeeigenschaft bleiben offen.“"	"OPTIONAL"	"Stärke oder Bindemittel Offene Vorgabe für isolierte Stärke und andere neutrale Bindemittel; Tobias Rostock Getreide Stärke Teigware genaue Form; stärkehaltige Zutat oder Sättigungsbeilage; Das Getreide-, Mehl-, Reis- oder Teigwarenregal eines gewöhnlichen großen Rostocker Supermarkts; reguläres Sortiment Filialverfügbarkeit; die exakt festgelegte Darreichung"	""	"TOBIAS_ROSTOCK_PROFILE"	"PROPOSED_FOR_HUMAN_REVIEW"
"STARCHES"	"stärkehaltige Zutat oder Sättigungsbeilage"	"APPLICABLE"	"Offene Vorgabe für stärkeprägende Zutaten oder Sättigungsbeilagen; Getreide, Knolle und Produktform bleiben wählbar."	"GENERAL_LOCAL"	"Die Beschaffung von „stärkehaltige Zutat oder Sättigungsbeilage“ erfolgt in Rostock über das Getreide-, Mehl-, Reis- oder Teigwarenregal eines gewöhnlichen großen Rostocker Supermarkts."	"EASY"	"Für „stärkehaltige Zutat oder Sättigungsbeilage“ kontrolliert Tobias den Rostocker Bezug über das Getreide-, Mehl-, Reis- oder Teigwarenregal eines gewöhnlichen großen Rostocker Supermarkts unter folgender Warenvorgabe: „Offene Vorgabe für stärkeprägende Zutaten oder Sättigungsbeilagen; Getreide, Knolle und Produktform bleiben wählbar.“"	"OPTIONAL"	"stärkehaltige Zutat oder Sättigungsbeilage Offene Vorgabe für stärkeprägende Zutaten oder Sättigungsbeilagen; Tobias Rostock Getreide Stärke Teigware genaue Form; Getreide, Stärke und Teigwaren; Das Getreide-, Mehl-, Reis- oder Teigwarenregal eines gewöhnlichen großen Rostocker Supermarkts; reguläres Sortiment Filialverfügbarkeit; die festgelegte Wurzel-, Knollen- oder Rhizomform"	""	"TOBIAS_ROSTOCK_PROFILE"	"PROPOSED_FOR_HUMAN_REVIEW"
"STARFRUIT"	"Sternfrucht oder Karambole"	"APPLICABLE"	"Saftig-knackige Sternfrucht mit je nach Reife deutlich säuerlichem bis mild süßem Geschmack; roh, in Salaten oder als säuernde Frucht in warmen Gerichten verwendbar."	"GENERAL_BROAD"	"Tobias sucht „Sternfrucht oder Karambole“ in Rostock über gut sortierte Vollsortimenter und etablierte deutsche Frucht- oder Frischehändler gesucht."	"PLANNED"	"Tobias nutzt in Rostock gut sortierte Vollsortimenter und etablierte deutsche Frucht- oder Frischehändler für „Sternfrucht oder Karambole“ mit diesem inhaltlichen Maßstab: „Saftig-knackige Sternfrucht mit je nach Reife deutlich säuerlichem bis mild süßem Geschmack; roh, in Salaten oder als säuernde Frucht in warmen Gerichten verwendbar.“"	"OPTIONAL"	"Sternfrucht oder Karambole Saftig-knackige Sternfrucht mit je nach Reife deutlich säuerlichem bis mild…; Tobias Rostock Obst frisch TK genaue Sorte; Tropenfrucht; gut sortierte Vollsortimenter und etablierte deutsche Frucht- oder Frischehändler; gezielter Einkauf Deutschland Wochenvorlauf; die exakt festgelegte Darreichung"	""	"TOBIAS_ROSTOCK_PROFILE"	"PROPOSED_FOR_HUMAN_REVIEW"
"STEM_VEGETABLES"	"Stängelgemüse"	"APPLICABLE"	"Offene Vorgabe für Gemüse mit kulinarisch prägendem Stiel, Spross oder verdickter Sprossachse."	"GENERAL_LOCAL"	"Tobias prüft „Stängelgemüse“ in Rostock über die Gemüseabteilung eines gewöhnlichen großen Rostocker Supermarkts."	"EASY"	"Das Angebot zu „Stängelgemüse“ über die Gemüseabteilung eines gewöhnlichen großen Rostocker Supermarkts kontrolliert Tobias in Rostock, wobei die konkrete Ware so bestimmt ist: „Offene Vorgabe für Gemüse mit kulinarisch prägendem Stiel, Spross oder verdickter Sprossachse.“"	"OPTIONAL"	"Stängelgemüse Offene Vorgabe für Gemüse mit kulinarisch prägendem Stiel, Spross oder…; Tobias Rostock Gemüse frisch TK genaue Sorte; Gemüse; Die Gemüseabteilung eines gewöhnlichen großen Rostocker Supermarkts; reguläres Sortiment Filialverfügbarkeit; die exakt festgelegte Darreichung"	""	"TOBIAS_ROSTOCK_PROFILE"	"PROPOSED_FOR_HUMAN_REVIEW"
"STICKY_RICE"	"Klebreis"	"APPLICABLE"	"Klebreis mit hohem Amylopektinanteil und stark haftender Textur; weiß, schwarz oder violett möglich, nicht Sushireis."	"SPECIALTY_BROAD"	"Tobias prüft „Klebreis“ in Rostock über Asia4Friends – sticky rice range und Asiafoodland – sticky rice range, wobei die Evidenz ein dokumentiertes laufendes Angebot und Standardversand ausweist."	"SPECIALTY"	"Über Asia4Friends – sticky rice range und Asiafoodland – sticky rice range (Evidenzstand: ein dokumentiertes laufendes Angebot und Standardversand) prüft Tobias in Rostock „Klebreis“, wobei folgende Abgrenzung gilt: „Klebreis mit hohem Amylopektinanteil und stark haftender Textur; weiß, schwarz oder violett möglich, nicht Sushireis.“"	"REQUIRED"	"Klebreis Klebreis mit hohem Amylopektinanteil und stark haftender Textur; Tobias Rostock Getreide Stärke Teigware genaue Form; Reis; Asiafoodland – sticky rice range | Asia4Friends – sticky rice range; mehrere unabhängige Fachhändler Marktbreite; die exakt festgelegte Darreichung"	"AV2N-N-0179|AV2N-N-0180"	"TOBIAS_ROSTOCK_PROFILE|SPECIALTY_MARKET_BREADTH|RESEARCH_REQUIRED"	"PROPOSED_FOR_HUMAN_REVIEW"
"STINKY_TOFU"	"Stinky Tofu"	"APPLICABLE"	"Intensiv fermentierter Tofu ostasiatischer Art mit markantem Geruch; Produktform und spätere Garung bleiben offen."	"NICHE_IMPORT"	"Tobias prüft „Stinky Tofu“ in Rostock über Bick Shop – Wangzhihe stinky tofu 330 g, wobei die Evidenz eine vor dem Einkauf erneut zu prüfende Verfügbarkeit und Importbeschränkungen ausweist."	"DIFFICULT"	"Über Bick Shop – Wangzhihe stinky tofu 330 g (Evidenzstand: eine vor dem Einkauf erneut zu prüfende Verfügbarkeit und Importbeschränkungen) prüft Tobias in Rostock „Stinky Tofu“, wobei folgende Abgrenzung gilt: „Intensiv fermentierter Tofu ostasiatischer Art mit markantem Geruch; Produktform und spätere Garung bleiben offen.“"	"REQUIRED"	"Stinky Tofu Intensiv fermentierter Tofu ostasiatischer Art mit markantem Geruch; Tobias Rostock Hülsenfrucht getrocknet vorgegart Sorte; fermentierter Tofu; Bick Shop – Wangzhihe stinky tofu 330 g; Bestand Produktform Versandlogistik; die exakt festgelegte Darreichung"	"AV2N-N-0182"	"TOBIAS_ROSTOCK_PROFILE|FORM_OR_LOGISTICS_RISK|RESEARCH_REQUIRED"	"PROPOSED_FOR_HUMAN_REVIEW"
"STOCKFISH"	"Stockfisch"	"APPLICABLE"	"Ungesalzener, luftgetrockneter Fisch, typischerweise Kabeljau; nicht mit gesalzenem und getrocknetem Klippfisch gleichsetzen."	"NICHE_IMPORT"	"Die Beschaffung von „Stockfisch“ erfolgt in Rostock über auf skandinavische Lebensmittel spezialisierte Anbieter, wobei die Evidenz die menschliche v2-Freigabe für diesen Weg und Frischeversand, Importbeschränkungen sowie einen gezielten Händlerbesuch ausweist."	"DIFFICULT"	"Über auf skandinavische Lebensmittel spezialisierte Anbieter (Evidenzstand: die menschliche v2-Freigabe für diesen Weg und Frischeversand, Importbeschränkungen sowie einen gezielten Händlerbesuch) prüft Tobias in Rostock „Stockfisch“, wobei folgende Abgrenzung gilt: „Ungesalzener, luftgetrockneter Fisch, typischerweise Kabeljau; nicht mit gesalzenem und getrocknetem Klippfisch gleichsetzen.“"	"REQUIRED"	"Stockfisch Ungesalzener, luftgetrockneter Fisch, typischerweise Kabeljau; Tobias Rostock Fisch Seafood exakte Art Konserve Trockenware; Kabeljau / getrockneter Fisch; skandinavischen Lebensmittel-Spezialhandel Nischenweg; Bestand Produktform Versandlogistik; die getrocknete Produktform"	"AV2E-081"	"REFERENCE_ANCHOR|TOBIAS_ROSTOCK_PROFILE|FORM_OR_LOGISTICS_RISK|RESEARCH_REQUIRED|REFERENCE_ANCHOR_V2"	"APPROVED_REFERENCE_ANCHOR_V2"
"STOCKS"	"Brühe oder Fond"	"APPLICABLE"	"Offene Vorgabe für Brühe oder Fond als aromatische Flüssigkeitsbasis; tierische, pflanzliche und pilzbasierte Formen sind möglich."	"GENERAL_LOCAL"	"Für „Brühe oder Fond“ führt der Rostocker Marktweg über das Brühen-, Fonds- oder Suppenregal eines gewöhnlichen großen Rostocker Supermarkts."	"EASY"	"Den Weg über das Brühen-, Fonds- oder Suppenregal eines gewöhnlichen großen Rostocker Supermarkts nutzt Tobias in Rostock für „Brühe oder Fond“, wobei folgende Abgrenzung gilt: „Offene Vorgabe für Brühe oder Fond als aromatische Flüssigkeitsbasis; tierische, pflanzliche und pilzbasierte Formen sind möglich.“"	"OPTIONAL"	"Brühe oder Fond Offene Vorgabe für Brühe oder Fond als aromatische Flüssigkeitsbasis; Tobias Rostock Brühe Fond genaue Basis; Brühen und Fonds; Das Brühen-, Fonds- oder Suppenregal eines gewöhnlichen großen Rostocker Supermarkts; reguläres Sortiment Filialverfügbarkeit; die exakt festgelegte Darreichung"	""	"TOBIAS_ROSTOCK_PROFILE"	"PROPOSED_FOR_HUMAN_REVIEW"
"STONE_FRUIT"	"Steinobst"	"APPLICABLE"	"Offene Vorgabe für Steinobst mit einem zentralen harten Kern; Art, Süße und Reifegrad bleiben wählbar."	"GENERAL_LOCAL"	"Die Rostocker Warenprüfung für „Steinobst“ erfolgt über die Obstabteilung eines gewöhnlichen großen Rostocker Supermarkts."	"EASY"	"Tobias organisiert über die Obstabteilung eines gewöhnlichen großen Rostocker Supermarkts die Rostocker Prüfung von „Steinobst“ nach dieser Produktbeschreibung: „Offene Vorgabe für Steinobst mit einem zentralen harten Kern; Art, Süße und Reifegrad bleiben wählbar.“"	"OPTIONAL"	"Steinobst Offene Vorgabe für Steinobst mit einem zentralen harten Kern; Tobias Rostock Obst frisch TK genaue Sorte; Obst; Die Obstabteilung eines gewöhnlichen großen Rostocker Supermarkts; reguläres Sortiment Filialverfügbarkeit; die exakt festgelegte Darreichung"	""	"TOBIAS_ROSTOCK_PROFILE"	"PROPOSED_FOR_HUMAN_REVIEW"
"STRAWBERRY"	"Erdbeere"	"APPLICABLE"	"Erdbeere mit süß-säuerlichem, aromatischem Fruchtfleisch; frisch oder ungesüßt tiefgekühlt verwendbar."	"GENERAL_LOCAL"	"Tobias prüft „Erdbeere“ in Rostock über den Obst- oder Tiefkühlobstbereich eines gewöhnlichen großen Rostocker Supermarkts."	"EASY"	"Über den Obst- oder Tiefkühlobstbereich eines gewöhnlichen großen Rostocker Supermarkts prüft Tobias in Rostock „Erdbeere“ mit diesem inhaltlichen Maßstab: „Erdbeere mit süß-säuerlichem, aromatischem Fruchtfleisch; frisch oder ungesüßt tiefgekühlt verwendbar.“"	"OPTIONAL"	"Erdbeere Erdbeere mit süß-säuerlichem, aromatischem Fruchtfleisch; Tobias Rostock Obst frisch TK genaue Sorte; Beeren; Der Obst- oder Tiefkühlobstbereich eines gewöhnlichen großen Rostocker Supermarkts; reguläres Sortiment Filialverfügbarkeit; die zugelassene Frisch- oder Tiefkühlform"	""	"TOBIAS_ROSTOCK_PROFILE|FORM_SENSITIVE"	"PROPOSED_FOR_HUMAN_REVIEW"
"STROOPWAFEL"	"Stroopwafel"	"APPLICABLE"	"Zwei dünne Waffeln mit süßer Sirup- oder Karamellfüllung; gemeint ist die fertige Süßware, nicht eine allgemeine Waffel oder der Sirup allein."	"GENERAL_BROAD"	"Beim Einkauf von „Stroopwafel“ nutzt Tobias gut sortierte Vollsortimenter und etablierte deutsche Back- oder Süßwarenhändler."	"PLANNED"	"Die Beschaffung von „Stroopwafel“ über gut sortierte Vollsortimenter und etablierte deutsche Back- oder Süßwarenhändler prüft Tobias in Rostock, wobei folgende Abgrenzung gilt: „Zwei dünne Waffeln mit süßer Sirup- oder Karamellfüllung; gemeint ist die fertige Süßware, nicht eine allgemeine Waffel oder der Sirup allein.“"	"OPTIONAL"	"Stroopwafel Zwei dünne Waffeln mit süßer Sirup- oder Karamellfüllung; Tobias Rostock Backware Süßungsmittel exakte Form; Süßware / Waffel; gut sortierte Vollsortimenter und etablierte deutsche Back- oder Süßwarenhändler; gezielter Einkauf Deutschland Wochenvorlauf; die exakt festgelegte Darreichung"	""	"TOBIAS_ROSTOCK_PROFILE"	"PROPOSED_FOR_HUMAN_REVIEW"
"SUGAR_SNAP_PEAS"	"Zuckerschoten"	"APPLICABLE"	"Zuckerschoten mit essbarer knackiger Hülse und süßen jungen Erbsen; nicht ausgelöste grüne Erbsen."	"GENERAL_LOCAL"	"Für „Zuckerschoten“ führt der Rostocker Marktweg über die Gemüseabteilung eines gewöhnlichen großen Rostocker Supermarkts."	"EASY"	"Tobias nutzt in Rostock die Gemüseabteilung eines gewöhnlichen großen Rostocker Supermarkts für „Zuckerschoten“, wobei die konkrete Ware so bestimmt ist: „Zuckerschoten mit essbarer knackiger Hülse und süßen jungen Erbsen; nicht ausgelöste grüne Erbsen.“"	"OPTIONAL"	"Zuckerschoten Zuckerschoten mit essbarer knackiger Hülse und süßen jungen Erbsen; Tobias Rostock Gemüse frisch TK genaue Sorte; Erbsen / Hülsen- und Schotengemüse; Die Gemüseabteilung eines gewöhnlichen großen Rostocker Supermarkts; reguläres Sortiment Filialverfügbarkeit; die exakt festgelegte Darreichung"	""	"TOBIAS_ROSTOCK_PROFILE"	"PROPOSED_FOR_HUMAN_REVIEW"
"SUGARCANE_VINEGAR"	"Zuckerrohressig"	"APPLICABLE"	"Natürlich fermentierter Essig auf Basis von Zuckerrohr beziehungsweise Zuckerrohrsaft. Gemeint ist die generische Essigart; nicht auf Sukang Iloko oder eine bestimmte Marke beschränkt."	"SPECIALTY_BROAD"	"Tobias prüft „Zuckerrohressig“ in Rostock über Pilipino Business – Datu Puti cane vinegar 750 ml und Village Foods – Silver Swan cane vinegar, wobei die Evidenz eine vor dem Einkauf erneut zu prüfende Verfügbarkeit und Standardversand ausweist."	"SPECIALTY"	"Über Pilipino Business – Datu Puti cane vinegar 750 ml und Village Foods – Silver Swan cane vinegar (Evidenzstand: eine vor dem Einkauf erneut zu prüfende Verfügbarkeit und Standardversand) prüft Tobias in Rostock „Zuckerrohressig“, wobei folgende Abgrenzung gilt: „Natürlich fermentierter Essig auf Basis von Zuckerrohr beziehungsweise Zuckerrohrsaft. Gemeint ist die generische Essigart; nicht auf Sukang Iloko oder eine bestimmte Marke beschränkt.“"	"REQUIRED"	"Zuckerrohressig Natürlich fermentierter Essig auf Basis von Zuckerrohr beziehungsweise…; Tobias Rostock Würzsauce Paste Essig exakte Sorte; Essig; Village Foods – Silver Swan cane vinegar | Pilipino Business – Datu Puti cane vinegar 750 ml; mehrere unabhängige Fachhändler Marktbreite; die exakt festgelegte Darreichung"	"AV2N-N-0185|AV2N-N-0186"	"TOBIAS_ROSTOCK_PROFILE|FORM_OR_LOGISTICS_RISK|RESEARCH_REQUIRED|RATING_RECONCILED_V2"	"PROPOSED_FOR_HUMAN_REVIEW"
"SUMAC"	"Sumach"	"APPLICABLE"	"Getrocknete gemahlene Sumachfrüchte mit fruchtig-zitroniger Säure; nicht giftiger Zier-Sumach."	"SPECIALTY_BROAD"	"Sumach: Türkische und levantinische Gewürz-Fachsortimente führen getrocknete gemahlene Sumachfrüchte markenübergreifend; der breite Spezialhandel trägt diese zitronig-saure Würzform."	"SPECIALTY"	"Für Tobias in Rostock ist gemahlener Speise-Sumach über türkisch-levantinischen Spezialhandel erreichbar; verlangt sind getrocknete säuerliche Früchte als Gewürz, ausdrücklich kein giftiger Zier-Sumach."	"REQUIRED"	"Sumach Getrocknete gemahlene Sumachfrüchte mit fruchtig-zitroniger Säure; Tobias Rostock Gewürz ganze gemahlene getrocknete Form; Gewürz oder trockenes Würzmittel; levantinisch-nordafrikanischen Lebensmittel-Spezialhandel; mehrere unabhängige Fachhändler Marktbreite; die getrocknete Produktform"	"AV2E-035"	"REFERENCE_ANCHOR|TOBIAS_ROSTOCK_PROFILE|SPECIALTY_MARKET_BREADTH|RESEARCH_REQUIRED|PERSON_DIFFERENCE|REFERENCE_ANCHOR_V2"	"APPROVED_REFERENCE_ANCHOR_V2"
"SUN_DRIED_TOMATO"	"getrocknete Tomaten"	"APPLICABLE"	"Durch Trocknung konzentrierte Tomaten mit süß-säuerlichem Umami; trocken oder in Öl eingelegt verwendbar."	"GENERAL_LOCAL"	"Der konkrete Bezug von „getrocknete Tomaten“ läuft über das Saucen-, Essig- oder Feinkostregal eines gewöhnlichen großen Rostocker Supermarkts."	"EASY"	"Das Angebot zu „getrocknete Tomaten“ über das Saucen-, Essig- oder Feinkostregal eines gewöhnlichen großen Rostocker Supermarkts kontrolliert Tobias in Rostock nach dieser Produktbeschreibung: „Durch Trocknung konzentrierte Tomaten mit süß-säuerlichem Umami; trocken oder in Öl eingelegt verwendbar.“"	"OPTIONAL"	"getrocknete Tomaten Durch Trocknung konzentrierte Tomaten mit süß-säuerlichem Umami; Tobias Rostock Würzsauce Paste Essig exakte Sorte; Tomate / Tomatenprodukt; Das Saucen-, Essig- oder Feinkostregal eines gewöhnlichen großen Rostocker Supermarkts; reguläres Sortiment Filialverfügbarkeit; die konservierte Produktform"	""	"TOBIAS_ROSTOCK_PROFILE"	"PROPOSED_FOR_HUMAN_REVIEW"
"SUNFLOWER_SEEDS"	"Sonnenblumenkerne"	"APPLICABLE"	"Sonnenblumenkerne mit mild-nussigem Geschmack; geschält, roh oder geröstet verwendbar."	"GENERAL_LOCAL"	"Die Rostocker Warenprüfung für „Sonnenblumenkerne“ erfolgt über das Nuss-, Saaten-, Back- oder Brotaufstrichregal eines gewöhnlichen großen Rostocker Supermarkts."	"EASY"	"Tobias organisiert über das Nuss-, Saaten-, Back- oder Brotaufstrichregal eines gewöhnlichen großen Rostocker Supermarkts die Rostocker Prüfung von „Sonnenblumenkerne“ mit diesem inhaltlichen Maßstab: „Sonnenblumenkerne mit mild-nussigem Geschmack; geschält, roh oder geröstet verwendbar.“"	"OPTIONAL"	"Sonnenblumenkerne Sonnenblumenkerne mit mild-nussigem Geschmack; Tobias Rostock Nuss Samen Mus genaue Rohware; Kerne und Samen; Das Nuss-, Saaten-, Back- oder Brotaufstrichregal eines gewöhnlichen großen Rostocker Supermarkts; reguläres Sortiment Filialverfügbarkeit; die exakt festgelegte Darreichung"	""	"TOBIAS_ROSTOCK_PROFILE"	"PROPOSED_FOR_HUMAN_REVIEW"
"SURIMI"	"Surimi"	"APPLICABLE"	"Gegartes geformtes Fischmusprodukt, häufig als Krebsfleischimitat; nicht echtes Krabbenfleisch."	"GENERAL_LOCAL"	"Tobias prüft „Surimi“ in Rostock über die Fischkühlung, Tiefkühltruhe oder Fischtheke eines gewöhnlichen großen Rostocker Supermarkts."	"EASY"	"Über die Fischkühlung, Tiefkühltruhe oder Fischtheke eines gewöhnlichen großen Rostocker Supermarkts prüft Tobias in Rostock „Surimi“ mit diesem inhaltlichen Maßstab: „Gegartes geformtes Fischmusprodukt, häufig als Krebsfleischimitat; nicht echtes Krabbenfleisch.“"	"OPTIONAL"	"Surimi Gegartes geformtes Fischmusprodukt, häufig als Krebsfleischimitat; Tobias Rostock Fisch Seafood Frische TK genauer Zuschnitt; Fisch; Die Fischkühlung, Tiefkühltruhe oder Fischtheke eines gewöhnlichen großen Rostocker Supermarkts; reguläres Sortiment Filialverfügbarkeit; die präzise tierische Produktform"	""	"TOBIAS_ROSTOCK_PROFILE"	"PROPOSED_FOR_HUMAN_REVIEW"
"SUSHI_RICE"	"Sushireis"	"APPLICABLE"	"Japanischer Rundkornreis mit haftender Textur, üblicherweise nach dem Garen gewürzt; nicht beliebiger Klebreis."	"GENERAL_BROAD"	"Beim Einkauf von „Sushireis“ nutzt Tobias gut sortierte Vollsortimenter und etablierte deutsche Bio- oder Trockenwarenhändler, wobei die Evidenz die menschliche v2-Freigabe für diesen Weg und einen gezielten Händlerbesuch sowie Standardversand ausweist."	"PLANNED"	"Für „Sushireis“ kontrolliert Tobias den Rostocker Bezug über gut sortierte Vollsortimenter und etablierte deutsche Bio- oder Trockenwarenhändler (Evidenzstand: die menschliche v2-Freigabe für diesen Weg und einen gezielten Händlerbesuch sowie Standardversand), wobei folgende Abgrenzung gilt: „Japanischer Rundkornreis mit haftender Textur, üblicherweise nach dem Garen gewürzt; nicht beliebiger Klebreis.“"	"REQUIRED"	"Sushireis Japanischer Rundkornreis mit haftender Textur, üblicherweise nach dem Garen…; Tobias Rostock Getreide Stärke Teigware genaue Form; Reis; gut sortierte Vollsortimenter und etablierte deutsche Bio- oder Trockenwarenhändler; gezielter Einkauf Deutschland Wochenvorlauf; die exakt festgelegte Darreichung"	"AV2E-025"	"REFERENCE_ANCHOR|TOBIAS_ROSTOCK_PROFILE|RESEARCH_REQUIRED|REFERENCE_ANCHOR_V2"	"APPROVED_REFERENCE_ANCHOR_V2"
"SWEET_PAPRIKA_POWDER"	"Paprikapulver edelsüß"	"APPLICABLE"	"Mildes süßlich-fruchtiges Paprikapulver ohne prägende Schärfe oder Räucherung."	"GENERAL_LOCAL"	"Tobias prüft „Paprikapulver edelsüß“ in Rostock über das Gewürz- oder Backregal eines gewöhnlichen großen Rostocker Supermarkts."	"EASY"	"Tobias nutzt in Rostock das Gewürz- oder Backregal eines gewöhnlichen großen Rostocker Supermarkts für „Paprikapulver edelsüß“ nach dieser Produktbeschreibung: „Mildes süßlich-fruchtiges Paprikapulver ohne prägende Schärfe oder Räucherung.“"	"OPTIONAL"	"Paprikapulver edelsüß Mildes süßlich-fruchtiges Paprikapulver ohne prägende Schärfe oder Räucherung; Tobias Rostock Gewürz ganze gemahlene getrocknete Form; Paprikapulver; Das Gewürz- oder Backregal eines gewöhnlichen großen Rostocker Supermarkts; reguläres Sortiment Filialverfügbarkeit; die gemahlene oder pulverisierte Form"	""	"TOBIAS_ROSTOCK_PROFILE"	"PROPOSED_FOR_HUMAN_REVIEW"
"SWEET_POTATO"	"Süßkartoffel"	"APPLICABLE"	"Stärkereiche Süßkartoffelknolle mit süßlichem Geschmack; orange, violette und helle Sorten sind umfasst, nicht Yams."	"GENERAL_LOCAL"	"Die Beschaffung von „Süßkartoffel“ erfolgt in Rostock über die Gemüseabteilung eines gewöhnlichen großen Rostocker Supermarkts."	"EASY"	"Tobias organisiert über die Gemüseabteilung eines gewöhnlichen großen Rostocker Supermarkts die Rostocker Prüfung von „Süßkartoffel“, wobei die konkrete Ware so bestimmt ist: „Stärkereiche Süßkartoffelknolle mit süßlichem Geschmack; orange, violette und helle Sorten sind umfasst, nicht Yams.“"	"OPTIONAL"	"Süßkartoffel Stärkereiche Süßkartoffelknolle mit süßlichem Geschmack; Tobias Rostock Gemüse frisch TK genaue Sorte; Wurzel- und Knollengemüse / stärkehaltige Zutat oder Sättigungsbeilage; Die Gemüseabteilung eines gewöhnlichen großen Rostocker Supermarkts; reguläres Sortiment Filialverfügbarkeit; die exakt festgelegte Darreichung"	""	"TOBIAS_ROSTOCK_PROFILE"	"PROPOSED_FOR_HUMAN_REVIEW"
"SWEETENERS"	"Süßungsmittel"	"APPLICABLE"	"Offene Vorgabe für Zucker, Sirupe, Honig und andere kulinarische Süßungsmittel; Form und Eigengeschmack bleiben offen."	"GENERAL_LOCAL"	"Süßungsmittel: Zucker-, Sirup-, Honig- und Backregale gewöhnlicher großer Rostocker Supermärkte decken die offene Familie kulinarischer Süßungsmittel ab; Form und Eigengeschmack bleiben wählbar."	"EASY"	"Tobias erreicht Süßungsmittel in Rostock regulär über Zucker-, Sirup-, Honig- und Backregale großer Supermärkte — Die Vorgabe bleibt offen für Zucker, Sirupe, Honig und andere Kochsüßen, ohne eine Form oder einen Eigengeschmack festzuschreiben."	"OPTIONAL"	"Süßungsmittel Offene Vorgabe für Zucker, Sirupe, Honig und andere kulinarische Süßungsmittel; Tobias Rostock Backware Süßungsmittel exakte Form; Süßungsmittel und Backwaren; Das Back-, Süßwaren- oder Brotregal eines gewöhnlichen großen Rostocker Supermarkts; reguläres Sortiment Filialverfügbarkeit; die exakt festgelegte Darreichung"	""	"TOBIAS_ROSTOCK_PROFILE"	"PROPOSED_FOR_HUMAN_REVIEW"
"SWORDFISH"	"Schwertfisch"	"APPLICABLE"	"Schwertfisch mit festem, fleischigem und eher magerem Fischfleisch; meist als Steak oder Filet verwendet."	"GENERAL_BROAD"	"Send a Fish – frisches Schwertfischfilet belegt: Send a Fish bietet frisches vakuumiertes Schwertfischfilet der Art Xiphias gladius in etwa 250-Gramm-Portionen mit Liefer- oder Wunschdatum an. Der Bezug erfolgt über Deutschland, Österreich und Niederlande; gekühlter GO!-Express über Nacht zum Wunschtermin; maßgeblich ist CHILLED_SHIPPING. Frischware soll unter zwei Grad Celsius binnen drei Tagen verbraucht werden; Fang- und Lieferbestand bleiben veränderlich."	"PLANNED"	"Tobias Rostocker Zugang wird durch diesen Formtreffer getragen: Send a Fish bietet frisches vakuumiertes Schwertfischfilet der Art Xiphias gladius in etwa 250-Gramm-Portionen mit Liefer- oder Wunschdatum an. Frischware soll unter zwei Grad Celsius binnen drei Tagen verbraucht werden; Fang- und Lieferbestand bleiben veränderlich."	"REQUIRED"	"Schwertfischfilet Xiphias gladius frisch vakuumiert Send a Fish Lieferdatum Express | Tobias Rostock | Send a Fish – frisches Schwertfischfilet | IN_STOCK CHILLED_SHIPPING"	"AV2N-N-0188"	"TOBIAS_ROSTOCK_PROFILE|RESEARCH_REQUIRED"	"PROPOSED_FOR_HUMAN_REVIEW"
"SYRUP"	"Sirup"	"APPLICABLE"	"Offene Familie dick- oder dünnflüssiger konzentrierter Sirupe zur Süßung oder Würzung. Umfasst pflanzen- und fruchtbasierte Sirupe sowie vergleichbare konzentrierte Fruchtsirupe; nicht jedes flüssige Süßungsmittel ist automatisch ein Sirup."	"GENERAL_LOCAL"	"Tobias sucht „Sirup“ in Rostock über das Back-, Süßwaren- oder Brotregal eines gewöhnlichen großen Rostocker Supermarkts gesucht."	"EASY"	"Das Angebot zu „Sirup“ über das Back-, Süßwaren- oder Brotregal eines gewöhnlichen großen Rostocker Supermarkts kontrolliert Tobias in Rostock nach dieser Produktbeschreibung: „Offene Familie dick- oder dünnflüssiger konzentrierter Sirupe zur Süßung oder Würzung. Umfasst pflanzen- und fruchtbasierte Sirupe sowie vergleichbare konzentrierte Fruchtsirupe; nicht jedes flüssige Süßungsmittel ist automatisch ein Sirup.“"	"OPTIONAL"	"Sirup Offene Familie dick- oder dünnflüssiger konzentrierter Sirupe zur Süßung oder…; Tobias Rostock Backware Süßungsmittel exakte Form; Süßungsmittel; Das Back-, Süßwaren- oder Brotregal eines gewöhnlichen großen Rostocker Supermarkts; reguläres Sortiment Filialverfügbarkeit; die sirupartige Produktform"	""	"TOBIAS_ROSTOCK_PROFILE"	"PROPOSED_FOR_HUMAN_REVIEW"
"TABLEA"	"Tablea oder Tableya"	"APPLICABLE"	"Philippinische gepresste beziehungsweise geformte Kakaomasse aus gerösteten und gemahlenen Kakaobohnen, traditionell insbesondere für Tsokolate. Gemeint ist reine oder nur gering gesüßte Tablea; nicht Kakaopulver oder gewöhnliche Tafelschokolade."	"NICHE_IMPORT"	"Tobias prüft „Tablea oder Tableya“ in Rostock über Filipino Asian Store – Tablea Batirol 200 g, wobei die Evidenz eine vor dem Einkauf erneut zu prüfende Verfügbarkeit und Importbeschränkungen ausweist."	"DIFFICULT"	"Über Filipino Asian Store – Tablea Batirol 200 g (Evidenzstand: eine vor dem Einkauf erneut zu prüfende Verfügbarkeit und Importbeschränkungen) prüft Tobias in Rostock „Tablea oder Tableya“, wobei folgende Abgrenzung gilt: „Philippinische gepresste beziehungsweise geformte Kakaomasse aus gerösteten und gemahlenen Kakaobohnen, traditionell insbesondere für Tsokolate. Gemeint ist reine oder nur gering gesüßte Tablea; nicht Kakaopulver oder gewöhnliche Tafelschokolade.“"	"REQUIRED"	"Tablea oder Tableya Philippinische gepresste beziehungsweise geformte Kakaomasse aus gerösteten…; Tobias Rostock Backware Süßungsmittel exakte Form; Kakao oder Schokolade; Filipino Asian Store – Tablea Batirol 200 g; Bestand Produktform Versandlogistik; die gemahlene oder pulverisierte Form"	"AV2N-N-0190"	"TOBIAS_ROSTOCK_PROFILE|FORM_OR_LOGISTICS_RISK|RESEARCH_REQUIRED"	"PROPOSED_FOR_HUMAN_REVIEW"
"TAHINI"	"Tahini"	"APPLICABLE"	"Fein vermahlene Sesampaste, meist aus geschältem und geröstetem oder ungeröstetem Sesam; nicht fertige Tahinisauce."	"GENERAL_LOCAL"	"Tobias prüft „Tahini“ in Rostock über das Nuss-, Saaten-, Back- oder Brotaufstrichregal eines gewöhnlichen großen Rostocker Supermarkts."	"EASY"	"Über das Nuss-, Saaten-, Back- oder Brotaufstrichregal eines gewöhnlichen großen Rostocker Supermarkts prüft Tobias in Rostock „Tahini“ nach dieser Produktbeschreibung: „Fein vermahlene Sesampaste, meist aus geschältem und geröstetem oder ungeröstetem Sesam; nicht fertige Tahinisauce.“"	"OPTIONAL"	"Tahini Fein vermahlene Sesampaste, meist aus geschältem und geröstetem oder…; Tobias Rostock Nuss Samen Mus genaue Rohware; Nuss- oder Samenpaste / Sesam; Das Nuss-, Saaten-, Back- oder Brotaufstrichregal eines gewöhnlichen großen Rostocker Supermarkts; reguläres Sortiment Filialverfügbarkeit; die exakt festgelegte Darreichung"	""	"TOBIAS_ROSTOCK_PROFILE"	"PROPOSED_FOR_HUMAN_REVIEW"
"TAI_PLA"	"Tai Pla"	"APPLICABLE"	"Sehr intensive südthailändische Würze aus salzfermentierten Fischinnereien, vor allem als Basis für Kaeng Tai Pla. Nicht Fischsauce, Pla Ra oder bloß rohe Fischinnereien."	"NICHE_IMPORT"	"Für „Tai Pla“ führt der Rostocker Marktweg über thailändische Lebensmittelfachhändler, wobei die Evidenz die menschliche v2-Freigabe für diesen Weg und Frischeversand, Importbeschränkungen sowie einen gezielten Händlerbesuch ausweist."	"DIFFICULT"	"Über thailändische Lebensmittelfachhändler (Evidenzstand: die menschliche v2-Freigabe für diesen Weg und Frischeversand, Importbeschränkungen sowie einen gezielten Händlerbesuch) prüft Tobias in Rostock „Tai Pla“, wobei folgende Abgrenzung gilt: „Sehr intensive südthailändische Würze aus salzfermentierten Fischinnereien, vor allem als Basis für Kaeng Tai Pla. Nicht Fischsauce, Pla Ra oder bloß rohe Fischinnereien.“"	"REQUIRED"	"Tai Pla Sehr intensive südthailändische Würze aus salzfermentierten Fischinnereien…; Tobias Rostock Würzsauce Paste Essig exakte Sorte; fermentierte Würzzutat / fertige Sauce oder Würzpaste; thailändischen Lebensmittel-Spezialhandel Nischenweg; Bestand Produktform Versandlogistik; die exakt festgelegte Darreichung"	"AV2E-090"	"REFERENCE_ANCHOR|TOBIAS_ROSTOCK_PROFILE|FORM_OR_LOGISTICS_RISK|RESEARCH_REQUIRED|REFERENCE_ANCHOR_V2"	"APPROVED_REFERENCE_ANCHOR_V2"
"TAMARI"	"Tamari"	"APPLICABLE"	"Japanische Sojasauce mit hohem Soja- und meist geringem oder keinem Weizenanteil; kräftig und umamireich."	"GENERAL_BROAD"	"Beim Einkauf von „Tamari“ nutzt Tobias gut sortierte Vollsortimenter und etablierte deutsche Feinkost- oder Würzsaucenhändler."	"PLANNED"	"Den Weg über gut sortierte Vollsortimenter und etablierte deutsche Feinkost- oder Würzsaucenhändler nutzt Tobias in Rostock für „Tamari“ mit diesem inhaltlichen Maßstab: „Japanische Sojasauce mit hohem Soja- und meist geringem oder keinem Weizenanteil; kräftig und umamireich.“"	"OPTIONAL"	"Tamari Japanische Sojasauce mit hohem Soja- und meist geringem oder keinem…; Tobias Rostock Würzsauce Paste Essig exakte Sorte; Sojasauce; gut sortierte Vollsortimenter und etablierte deutsche Feinkost- oder Würzsaucenhändler; gezielter Einkauf Deutschland Wochenvorlauf; die exakt festgelegte Darreichung"	""	"TOBIAS_ROSTOCK_PROFILE"	"PROPOSED_FOR_HUMAN_REVIEW"
"TAMARIND"	"Tamarinde"	"APPLICABLE"	"Säuerliche Frucht, in Deutschland für die Küche meist als Paste, Block oder Konzentrat erhältlich."	"SPECIALTY_BROAD"	"Tobias prüft „Tamarinde“ in Rostock über Asiatischer Lebensmittelladen – tamarind pastes und Village Foods – TRS tamarind paste, wobei die Evidenz ein dokumentiertes laufendes Angebot und Standardversand ausweist."	"SPECIALTY"	"Über Asiatischer Lebensmittelladen – tamarind pastes und Village Foods – TRS tamarind paste (Evidenzstand: ein dokumentiertes laufendes Angebot und Standardversand) prüft Tobias in Rostock „Tamarinde“, wobei folgende Abgrenzung gilt: „Säuerliche Frucht, in Deutschland für die Küche meist als Paste, Block oder Konzentrat erhältlich.“"	"REQUIRED"	"Tamarinde Säuerliche Frucht, in Deutschland für die Küche meist als Paste, Block oder…; Tobias Rostock Obst frisch TK genaue Sorte; Tropenfrucht; Asiatischer Lebensmittelladen – tamarind pastes | Village Foods – TRS tamarind paste; mehrere unabhängige Fachhändler Marktbreite; die pastöse Produktform"	"AV2N-N-0193|AV2N-N-0194"	"TOBIAS_ROSTOCK_PROFILE|SPECIALTY_MARKET_BREADTH|RESEARCH_REQUIRED"	"PROPOSED_FOR_HUMAN_REVIEW"
"TAPENADE"	"Tapenade"	"APPLICABLE"	"Mediterrane Olivenpaste mit typischerweise Kapern und häufig Sardellen; konkrete Olivensorte und Würzung variieren."	"GENERAL_BROAD"	"Für „Tapenade“ wird das Angebot über gut sortierte Vollsortimenter und etablierte deutsche Feinkost- oder Würzsaucenhändler kontrolliert."	"PLANNED"	"Für „Tapenade“ kontrolliert Tobias den Rostocker Bezug über gut sortierte Vollsortimenter und etablierte deutsche Feinkost- oder Würzsaucenhändler mit diesem inhaltlichen Maßstab: „Mediterrane Olivenpaste mit typischerweise Kapern und häufig Sardellen; konkrete Olivensorte und Würzung variieren.“"	"OPTIONAL"	"Tapenade Mediterrane Olivenpaste mit typischerweise Kapern und häufig Sardellen; Tobias Rostock Würzsauce Paste Essig exakte Sorte; Oliven / fertige Sauce oder Würzpaste; gut sortierte Vollsortimenter und etablierte deutsche Feinkost- oder Würzsaucenhändler; gezielter Einkauf Deutschland Wochenvorlauf; die exakt festgelegte Darreichung"	""	"TOBIAS_ROSTOCK_PROFILE|RATING_RECONCILED_V2"	"PROPOSED_FOR_HUMAN_REVIEW"
"TAPIOCA_STARCH"	"Tapiokastärke"	"APPLICABLE"	"Feine Stärke aus Maniok mit starker Bindung und elastischer Texturwirkung; nicht ganze Maniokwurzel."	"SPECIALTY_BROAD"	"Tobias prüft „Tapiokastärke“ in Rostock über Asiafoodland – Asian food direct shop und Asiashoponline – Cock Brand tapioca starch 400 g, wobei die Evidenz verfügbaren Bestand in einem laufenden Fachsortiment und Standardversand ausweist."	"SPECIALTY"	"Über Asiafoodland – Asian food direct shop und Asiashoponline – Cock Brand tapioca starch 400 g (Evidenzstand: verfügbaren Bestand in einem laufenden Fachsortiment und Standardversand) prüft Tobias in Rostock „Tapiokastärke“, wobei folgende Abgrenzung gilt: „Feine Stärke aus Maniok mit starker Bindung und elastischer Texturwirkung; nicht ganze Maniokwurzel.“"	"REQUIRED"	"Tapiokastärke Feine Stärke aus Maniok mit starker Bindung und elastischer Texturwirkung; Tobias Rostock Getreide Stärke Teigware genaue Form; Stärke oder Bindemittel; Asiafoodland – Asian food direct shop | Asiashoponline – Cock Brand tapioca starch 400 g; mehrere unabhängige Fachhändler Marktbreite; die exakt festgelegte Darreichung"	"AV2N-N-0197|AV2N-N-0198"	"TOBIAS_ROSTOCK_PROFILE|SPECIALTY_MARKET_BREADTH|RESEARCH_REQUIRED"	"PROPOSED_FOR_HUMAN_REVIEW"
"TARO"	"Taro"	"APPLICABLE"	"Stärkereiche Taroknolle mit mild-nussigem Geschmack; nur geschält und vollständig gegart verwenden."	"SPECIALTY_BROAD"	"Tobias prüft „Taro“ in Rostock über Afrofoodexpress – fresh taro/eddo 1 kg und Spice Mart – fresh arvi/taro 1 kg, wobei die Evidenz verfügbaren Bestand in einem laufenden Fachsortiment und Frischeversand ausweist."	"SPECIALTY"	"Über Afrofoodexpress – fresh taro/eddo 1 kg und Spice Mart – fresh arvi/taro 1 kg (Evidenzstand: verfügbaren Bestand in einem laufenden Fachsortiment und Frischeversand) prüft Tobias in Rostock „Taro“, wobei folgende Abgrenzung gilt: „Stärkereiche Taroknolle mit mild-nussigem Geschmack; nur geschält und vollständig gegart verwenden.“"	"REQUIRED"	"Taro Stärkereiche Taroknolle mit mild-nussigem Geschmack; Tobias Rostock Gemüse frisch TK genaue Sorte; Wurzel- und Knollengemüse / stärkehaltige Zutat oder Sättigungsbeilage; Afrofoodexpress – fresh taro/eddo 1 kg | Spice Mart – fresh arvi/taro 1 kg; mehrere unabhängige Fachhändler Marktbreite; die exakt festgelegte Darreichung"	"AV2N-N-0201|AV2N-N-0202"	"TOBIAS_ROSTOCK_PROFILE|SPECIALTY_MARKET_BREADTH|RESEARCH_REQUIRED"	"PROPOSED_FOR_HUMAN_REVIEW"
"TARRAGON"	"Estragon"	"APPLICABLE"	"Estragonblätter mit anisartigem, leicht bitterem Aroma; frisch oder getrocknet verwendbar."	"GENERAL_LOCAL"	"Die Beschaffung von „Estragon“ erfolgt in Rostock über die Kräuterkühlung der Obst- und Gemüseabteilung eines gewöhnlichen großen Rostocker Supermarkts."	"EASY"	"Für „Estragon“ kontrolliert Tobias den Rostocker Bezug über die Kräuterkühlung der Obst- und Gemüseabteilung eines gewöhnlichen großen Rostocker Supermarkts mit diesem inhaltlichen Maßstab: „Estragonblätter mit anisartigem, leicht bitterem Aroma; frisch oder getrocknet verwendbar.“"	"OPTIONAL"	"Estragon Estragonblätter mit anisartigem, leicht bitterem Aroma; Tobias Rostock frische Kräuter Bund Topf genaue Art; Kräuter und Würzblätter; Die Kräuterkühlung der Obst- und Gemüseabteilung eines gewöhnlichen großen Rostocker Supermarkts; reguläres Sortiment Filialverfügbarkeit; die verlangte frische Form"	""	"TOBIAS_ROSTOCK_PROFILE|FORM_SENSITIVE"	"PROPOSED_FOR_HUMAN_REVIEW"
"TEA"	"Tee"	"APPLICABLE"	"Offene Vorgabe für Aufguss und Blattmaterial der Teepflanze; Oxidation, Röstung und Sorte bleiben wählbar."	"GENERAL_LOCAL"	"Tobias prüft „Tee“ in Rostock über das Kaffee- oder Teeregal eines gewöhnlichen großen Rostocker Supermarkts."	"EASY"	"Über das Kaffee- oder Teeregal eines gewöhnlichen großen Rostocker Supermarkts prüft Tobias in Rostock „Tee“, wobei folgende Abgrenzung gilt: „Offene Vorgabe für Aufguss und Blattmaterial der Teepflanze; Oxidation, Röstung und Sorte bleiben wählbar.“"	"OPTIONAL"	"Tee Offene Vorgabe für Aufguss und Blattmaterial der Teepflanze; Tobias Rostock Kaffee Tee genaue Röstung Sorte Form; Kaffee und Tee; Das Kaffee- oder Teeregal eines gewöhnlichen großen Rostocker Supermarkts; reguläres Sortiment Filialverfügbarkeit; die exakt festgelegte Darreichung"	""	"TOBIAS_ROSTOCK_PROFILE"	"PROPOSED_FOR_HUMAN_REVIEW"
"TEMPEH"	"Tempeh"	"APPLICABLE"	"Fester fermentierter Kuchen aus ganzen Sojabohnen mit nussigem Aroma und gutem Biss; nicht Tofu oder texturiertes Sojaprotein."	"GENERAL_BROAD"	"Für „Tempeh“ wird das Angebot über gut sortierte Vollsortimenter und etablierte deutsche Bio- oder Trockenwarenhändler kontrolliert."	"PLANNED"	"Den Weg über gut sortierte Vollsortimenter und etablierte deutsche Bio- oder Trockenwarenhändler nutzt Tobias in Rostock für „Tempeh“ unter folgender Warenvorgabe: „Fester fermentierter Kuchen aus ganzen Sojabohnen mit nussigem Aroma und gutem Biss; nicht Tofu oder texturiertes Sojaprotein.“"	"OPTIONAL"	"Tempeh Fester fermentierter Kuchen aus ganzen Sojabohnen mit nussigem Aroma und gutem…; Tobias Rostock Hülsenfrucht getrocknet vorgegart Sorte; pflanzliches Proteinprodukt / Sojazutat; gut sortierte Vollsortimenter und etablierte deutsche Bio- oder Trockenwarenhändler; gezielter Einkauf Deutschland Wochenvorlauf; die geforderte ganze oder körnige Form"	""	"TOBIAS_ROSTOCK_PROFILE"	"PROPOSED_FOR_HUMAN_REVIEW"
"TERIYAKI_SAUCE"	"Teriyakisauce"	"APPLICABLE"	"Japanisch geprägte süß-salzige Glasur- und Würzsauce auf Sojasaucenbasis; Dicke und Süße variieren."	"GENERAL_LOCAL"	"Tobias sucht „Teriyakisauce“ in Rostock über das Saucen-, Essig- oder Feinkostregal eines gewöhnlichen großen Rostocker Supermarkts gesucht."	"EASY"	"Tobias nutzt in Rostock das Saucen-, Essig- oder Feinkostregal eines gewöhnlichen großen Rostocker Supermarkts für „Teriyakisauce“ nach dieser Produktbeschreibung: „Japanisch geprägte süß-salzige Glasur- und Würzsauce auf Sojasaucenbasis; Dicke und Süße variieren.“"	"OPTIONAL"	"Teriyakisauce Japanisch geprägte süß-salzige Glasur- und Würzsauce auf Sojasaucenbasis; Tobias Rostock Würzsauce Paste Essig exakte Sorte; fertige Sauce oder Würzpaste; Das Saucen-, Essig- oder Feinkostregal eines gewöhnlichen großen Rostocker Supermarkts; reguläres Sortiment Filialverfügbarkeit; die konservierte Produktform"	""	"TOBIAS_ROSTOCK_PROFILE|RATING_RECONCILED_V2"	"PROPOSED_FOR_HUMAN_REVIEW"
"THAI_BASIL"	"Thai-Basilikum"	"APPLICABLE"	"Thai-Basilikum mit anis- beziehungsweise lakritzartigem Aroma und festerem Blatt; nicht gewöhnliches süßes Basilikum."	"NICHE_IMPORT"	"Die Beschaffung von „Thai-Basilikum“ erfolgt in Rostock über auf thailändische Lebensmittel spezialisierte Anbieter, wobei die Evidenz die menschliche v2-Freigabe für diesen Weg und Frischeversand, Importbeschränkungen sowie einen gezielten Händlerbesuch ausweist."	"DIFFICULT"	"Über auf thailändische Lebensmittel spezialisierte Anbieter (Evidenzstand: die menschliche v2-Freigabe für diesen Weg und Frischeversand, Importbeschränkungen sowie einen gezielten Händlerbesuch) prüft Tobias in Rostock „Thai-Basilikum“, wobei folgende Abgrenzung gilt: „Thai-Basilikum mit anis- beziehungsweise lakritzartigem Aroma und festerem Blatt; nicht gewöhnliches süßes Basilikum.“"	"REQUIRED"	"Thai-Basilikum Thai-Basilikum mit anis- beziehungsweise lakritzartigem Aroma und festerem…; Tobias Rostock Lebensmittel genaue Produktform; Basilikum; thailändischen Lebensmittel-Spezialhandel Nischenweg; Bestand Produktform Versandlogistik; die geforderte Blatt- oder Kräuterform"	"AV2E-040"	"REFERENCE_ANCHOR|TOBIAS_ROSTOCK_PROFILE|FORM_OR_LOGISTICS_RISK|RESEARCH_REQUIRED|PERSON_DIFFERENCE|REFERENCE_ANCHOR_V2"	"APPROVED_REFERENCE_ANCHOR_V2"
"THAI_EGGPLANT"	"Thai-Aubergine"	"APPLICABLE"	"Kleine runde Thai-Auberginen, meist grün-weiß und fest, die in Currys ihre Form behalten und leicht herb schmecken. Nicht mit Erbsenauberginen gleichsetzen."	"NICHE_IMPORT"	"Für „Thai-Aubergine“ führt der Rostocker Marktweg über philippinische Lebensmittelfachhändler, wobei die Evidenz die menschliche v2-Freigabe für diesen Weg und Kühlversand, Importbeschränkungen sowie einen gezielten Händlerbesuch ausweist."	"DIFFICULT"	"Über philippinische Lebensmittelfachhändler (Evidenzstand: die menschliche v2-Freigabe für diesen Weg und Kühlversand, Importbeschränkungen sowie einen gezielten Händlerbesuch) prüft Tobias in Rostock „Thai-Aubergine“, wobei folgende Abgrenzung gilt: „Kleine runde Thai-Auberginen, meist grün-weiß und fest, die in Currys ihre Form behalten und leicht herb schmecken. Nicht mit Erbsenauberginen gleichsetzen.“"	"REQUIRED"	"Thai-Aubergine Kleine runde Thai-Auberginen, meist grün-weiß und fest, die in Currys ihre…; Tobias Rostock Gemüse frisch TK genaue Sorte; Aubergine; philippinischen Lebensmittel-Spezialhandel Nischenweg; Bestand Produktform Versandlogistik; die exakt festgelegte Darreichung"	"AV2E-046"	"REFERENCE_ANCHOR|TOBIAS_ROSTOCK_PROFILE|FORM_OR_LOGISTICS_RISK|RESEARCH_REQUIRED|PERSON_DIFFERENCE|REFERENCE_ANCHOR_V2"	"APPROVED_REFERENCE_ANCHOR_V2"
"THAI_GREEN_CURRY_PASTE"	"grüne Thai-Currypaste"	"APPLICABLE"	"Grüne Thai-Currypaste mit frischen grünen Chilis, Kräutern und Aromaten; Markenrezepturen variieren."	"GENERAL_BROAD"	"Die Lobo-Produktseite bei Asiafoodland zeigt grüne Thai-Currypaste mit grünen Chilis, Zitronengras und Galgant aktuell im Warenkorb. Standard-DHL macht den 50-g-Beutel für Tobias in Rostock planbar."	"PLANNED"	"Tobias kann grüne Thai-Currypaste konkret als 50-g-Lobo-Beutel bestellen. Der aktuelle Bestand bei Asiafoodland und der ungekühlte DHL-Weg nach Rostock tragen die Beschaffung; abweichende Markenanteile ändern die grüne Pastenform nicht."	"REQUIRED"	"grüne Thai Currypaste Lobo 50 g Asiafoodland lagernd Standardversand Rostock"	"AV2N-N-0203"	"TOBIAS_ROSTOCK_PROFILE|SPECIALTY_MARKET_BREADTH|FORM_SENSITIVE|RESEARCH_REQUIRED|RATING_RECONCILED_V2"	"PROPOSED_FOR_HUMAN_REVIEW"
"THAI_RED_CURRY_PASTE"	"rote Thai-Currypaste"	"APPLICABLE"	"Rote Thai-Currypaste auf Basis getrockneter roter Chilis, Aromaten und Gewürzen; Markenrezepturen variieren."	"GENERAL_BROAD"	"Asiafoodland weist die rote Lobo-Thai-Currypaste mit Chili-, Zitronengras- und Galgantbasis aktuell als bestellbar aus. Der 50-g-Beutel erreicht Rostock per Standardversand."	"PLANNED"	"Für Tobias ist rote Thai-Currypaste durch den lagernden Lobo-Beutel formgenau greifbar. Die Paste aus roten Chilis und Aromaten wird ungekühlt nach Rostock geliefert; die offene Markenvariation bleibt bei der Auswahl erhalten."	"REQUIRED"	"rote Thai Currypaste Lobo Beutel Asiafoodland Bestand DHL Standardversand Rostock"	"AV2N-N-0204"	"TOBIAS_ROSTOCK_PROFILE|SPECIALTY_MARKET_BREADTH|RESEARCH_REQUIRED|RATING_RECONCILED_V2"	"PROPOSED_FOR_HUMAN_REVIEW"
"THAI_YELLOW_CURRY_PASTE"	"gelbe Thai-Currypaste"	"APPLICABLE"	"Gelbe Thai-Currypaste mit Kurkuma und warmen Gewürzen neben Chili und Aromaten; nicht Currypulver."	"SPECIALTY_BROAD"	"Tobias prüft „gelbe Thai-Currypaste“ in Rostock über Asia Street Food – Thai curry paste range und Asiafoodland – Asian food direct shop, wobei die Evidenz ein dokumentiertes laufendes Angebot und Standardversand ausweist."	"SPECIALTY"	"Über Asia Street Food – Thai curry paste range und Asiafoodland – Asian food direct shop (Evidenzstand: ein dokumentiertes laufendes Angebot und Standardversand) prüft Tobias in Rostock „gelbe Thai-Currypaste“, wobei folgende Abgrenzung gilt: „Gelbe Thai-Currypaste mit Kurkuma und warmen Gewürzen neben Chili und Aromaten; nicht Currypulver.“"	"REQUIRED"	"gelbe Thai-Currypaste Gelbe Thai-Currypaste mit Kurkuma und warmen Gewürzen neben Chili und Aromaten; Tobias Rostock Würzsauce Paste Essig exakte Sorte; fertige Currypaste; Asiafoodland – Asian food direct shop | Asia Street Food – Thai curry paste range; mehrere unabhängige Fachhändler Marktbreite; die pastöse Produktform"	"AV2N-N-0207|AV2N-N-0208"	"TOBIAS_ROSTOCK_PROFILE|SPECIALTY_MARKET_BREADTH|RESEARCH_REQUIRED"	"PROPOSED_FOR_HUMAN_REVIEW"
"THYME"	"Thymian"	"APPLICABLE"	"Thymianblätter mit kräftig herb-würzigem Aroma; frisch oder getrocknet verwendbar."	"GENERAL_LOCAL"	"Beim Einkauf von „Thymian“ nutzt Tobias die Kräuterkühlung der Obst- und Gemüseabteilung eines gewöhnlichen großen Rostocker Supermarkts."	"EASY"	"Die Beschaffung von „Thymian“ über die Kräuterkühlung der Obst- und Gemüseabteilung eines gewöhnlichen großen Rostocker Supermarkts prüft Tobias in Rostock mit diesem inhaltlichen Maßstab: „Thymianblätter mit kräftig herb-würzigem Aroma; frisch oder getrocknet verwendbar.“"	"OPTIONAL"	"Thymian Thymianblätter mit kräftig herb-würzigem Aroma; Tobias Rostock frische Kräuter Bund Topf genaue Art; Kräuter und Würzblätter; Die Kräuterkühlung der Obst- und Gemüseabteilung eines gewöhnlichen großen Rostocker Supermarkts; reguläres Sortiment Filialverfügbarkeit; die verlangte frische Form"	""	"TOBIAS_ROSTOCK_PROFILE|FORM_SENSITIVE"	"PROPOSED_FOR_HUMAN_REVIEW"
"TOFU"	"Tofu"	"APPLICABLE"	"Geronnener Sojabohnenquark; Festigkeit und Wassergehalt bleiben offen, fermentierte und geräucherte Formen sind getrennt."	"GENERAL_LOCAL"	"Tobias prüft „Tofu“ in Rostock über das Tofu- und Pflanzensortiment der Kühl- oder Bioabteilung eines gewöhnlichen großen Rostocker Supermarkts."	"EASY"	"Über das Tofu- und Pflanzensortiment der Kühl- oder Bioabteilung eines gewöhnlichen großen Rostocker Supermarkts prüft Tobias in Rostock „Tofu“, wobei folgende Abgrenzung gilt: „Geronnener Sojabohnenquark; Festigkeit und Wassergehalt bleiben offen, fermentierte und geräucherte Formen sind getrennt.“"	"OPTIONAL"	"Tofu Geronnener Sojabohnenquark; Festigkeit und Wassergehalt bleiben offen…; Tobias Rostock Tofu Kühlregal Bioabteilung Festigkeit; pflanzliches Proteinprodukt / Sojazutat; Das Tofu- und Pflanzensortiment der Kühl- oder Bioabteilung eines gewöhnlichen großen Rostocker Supermarkts; reguläres Sortiment Filialverfügbarkeit; die exakt festgelegte Darreichung"	""	"TOBIAS_ROSTOCK_PROFILE"	"PROPOSED_FOR_HUMAN_REVIEW"
"TOMATILLO"	"Tomatillo"	"APPLICABLE"	"Grüne bis gelbliche Physalis-Verwandte mit papierartiger Hülle und frischer, deutlich säuerlicher Frucht; nicht grüne Tomate."	"NICHE_IMPORT"	"Für „Tomatillo“ führt der Rostocker Marktweg über México Mágico – fresh tomatillo listing, wobei die Evidenz nur einen beim Abruf ausverkauften Formtreffer und Frischeversand ausweist."	"DIFFICULT"	"Den Weg über México Mágico – fresh tomatillo listing (Evidenzstand: nur einen beim Abruf ausverkauften Formtreffer und Frischeversand) nutzt Tobias in Rostock für „Tomatillo“, wobei folgende Abgrenzung gilt: „Grüne bis gelbliche Physalis-Verwandte mit papierartiger Hülle und frischer, deutlich säuerlicher Frucht; nicht grüne Tomate.“"	"REQUIRED"	"Tomatillo Grüne bis gelbliche Physalis-Verwandte mit papierartiger Hülle und frischer…; Tobias Rostock Gemüse frisch TK genaue Sorte; Fruchtgemüse; México Mágico – fresh tomatillo listing; Bestand Produktform Versandlogistik; die verlangte frische Form"	"AV2N-N-0210"	"TOBIAS_ROSTOCK_PROFILE|FORM_OR_LOGISTICS_RISK|FORM_SENSITIVE|RESEARCH_REQUIRED"	"PROPOSED_FOR_HUMAN_REVIEW"
"TOMATO"	"Tomate"	"APPLICABLE"	"Frische Tomate als saftig-säuerliches Fruchtgemüse; Sorte, Farbe und Größe bleiben offen."	"GENERAL_LOCAL"	"Beim Einkauf von „Tomate“ nutzt Tobias die Gemüseabteilung eines gewöhnlichen großen Rostocker Supermarkts."	"EASY"	"Über die Gemüseabteilung eines gewöhnlichen großen Rostocker Supermarkts prüft Tobias in Rostock „Tomate“ mit dem folgenden Formkern: „Frische Tomate als saftig-säuerliches Fruchtgemüse; Sorte, Farbe und Größe bleiben offen.“"	"OPTIONAL"	"Tomate Frische Tomate als saftig-säuerliches Fruchtgemüse; Tobias Rostock Gemüse frisch TK genaue Sorte; Fruchtgemüse; Die Gemüseabteilung eines gewöhnlichen großen Rostocker Supermarkts; reguläres Sortiment Filialverfügbarkeit; die verlangte frische Form"	""	"TOBIAS_ROSTOCK_PROFILE|FORM_SENSITIVE"	"PROPOSED_FOR_HUMAN_REVIEW"
"TOMATO_PASSATA"	"passierte Tomaten"	"APPLICABLE"	"Fein passierte, unkonzentrierte Tomaten ohne Schale und Kerne; nicht Tomatensauce oder Tomatenmark."	"GENERAL_LOCAL"	"Die Rostocker Warenprüfung für „passierte Tomaten“ erfolgt über das Saucen-, Essig- oder Feinkostregal eines gewöhnlichen großen Rostocker Supermarkts."	"EASY"	"Tobias organisiert über das Saucen-, Essig- oder Feinkostregal eines gewöhnlichen großen Rostocker Supermarkts die Rostocker Prüfung von „passierte Tomaten“ nach dieser Produktbeschreibung: „Fein passierte, unkonzentrierte Tomaten ohne Schale und Kerne; nicht Tomatensauce oder Tomatenmark.“"	"OPTIONAL"	"passierte Tomaten Fein passierte, unkonzentrierte Tomaten ohne Schale und Kerne; Tobias Rostock Würzsauce Paste Essig exakte Sorte; Tomate / Tomatenprodukt; Das Saucen-, Essig- oder Feinkostregal eines gewöhnlichen großen Rostocker Supermarkts; reguläres Sortiment Filialverfügbarkeit; die exakt festgelegte Darreichung"	""	"TOBIAS_ROSTOCK_PROFILE"	"PROPOSED_FOR_HUMAN_REVIEW"
"TOMATO_PASTE"	"Tomatenmark"	"APPLICABLE"	"Stark konzentriertes Tomatenpüree mit dichtem Umami; einfach bis mehrfach konzentriert, nicht Ketchup."	"GENERAL_LOCAL"	"Tobias prüft „Tomatenmark“ in Rostock über das Saucen-, Essig- oder Feinkostregal eines gewöhnlichen großen Rostocker Supermarkts."	"EASY"	"Über das Saucen-, Essig- oder Feinkostregal eines gewöhnlichen großen Rostocker Supermarkts prüft Tobias in Rostock „Tomatenmark“ unter folgender Warenvorgabe: „Stark konzentriertes Tomatenpüree mit dichtem Umami; einfach bis mehrfach konzentriert, nicht Ketchup.“"	"OPTIONAL"	"Tomatenmark Stark konzentriertes Tomatenpüree mit dichtem Umami; Tobias Rostock Würzsauce Paste Essig exakte Sorte; Tomatenprodukt; Das Saucen-, Essig- oder Feinkostregal eines gewöhnlichen großen Rostocker Supermarkts; reguläres Sortiment Filialverfügbarkeit; die exakt festgelegte Darreichung"	""	"TOBIAS_ROSTOCK_PROFILE"	"PROPOSED_FOR_HUMAN_REVIEW"
"TOMATO_PRODUCTS"	"Tomatenprodukt"	"APPLICABLE"	"Offene Vorgabe für verarbeitete Tomatenprodukte wie Konserve, Passata, Mark oder schlichte Sauce."	"GENERAL_LOCAL"	"Tomatenprodukte: Konserven-, Passata-, Tomatenmark- und Saucenregale gewöhnlicher großer Rostocker Supermärkte decken die offene Familie verarbeiteter Tomatenformen ab."	"EASY"	"Für Tobias in Rostock sind verarbeitete Tomatenprodukte über das Konserven- und Saucensortiment großer Supermärkte laufend erreichbar — Die Produktform bleibt zwischen Konserve, Passata, Mark und schlichter Sauce offen — Frischtomaten zählen nicht."	"OPTIONAL"	"Tomatenprodukt Offene Vorgabe für verarbeitete Tomatenprodukte wie Konserve, Passata, Mark…; Tobias Rostock Lebensmittel genaue Produktform; allgemeine Lebensmittel; Das passende Regal oder die Frischeabteilung eines gewöhnlichen großen Rostocker Supermarkts; reguläres Sortiment Filialverfügbarkeit; die konservierte Produktform"	""	"TOBIAS_ROSTOCK_PROFILE"	"PROPOSED_FOR_HUMAN_REVIEW"
"TOMATO_SAUCE"	"einfache Tomatensauce"	"APPLICABLE"	"Schlichte fertige Tomatensauce ohne Bindung an eine konkrete Gewürzrichtung."	"GENERAL_LOCAL"	"Für „einfache Tomatensauce“ führt der Rostocker Marktweg über das Saucen-, Essig- oder Feinkostregal eines gewöhnlichen großen Rostocker Supermarkts."	"EASY"	"Den Weg über das Saucen-, Essig- oder Feinkostregal eines gewöhnlichen großen Rostocker Supermarkts nutzt Tobias in Rostock für „einfache Tomatensauce“ unter folgender Warenvorgabe: „Schlichte fertige Tomatensauce ohne Bindung an eine konkrete Gewürzrichtung.“"	"OPTIONAL"	"einfache Tomatensauce Schlichte fertige Tomatensauce ohne Bindung an eine konkrete Gewürzrichtung; Tobias Rostock Würzsauce Paste Essig exakte Sorte; fertige Sauce oder Würzpaste / Tomatenprodukt; Das Saucen-, Essig- oder Feinkostregal eines gewöhnlichen großen Rostocker Supermarkts; reguläres Sortiment Filialverfügbarkeit; die exakt festgelegte Darreichung"	""	"TOBIAS_ROSTOCK_PROFILE"	"PROPOSED_FOR_HUMAN_REVIEW"
"TORTILLA"	"Tortilla"	"APPLICABLE"	"Dünnes ungesäuertes Fladenbrot aus nixtamalisiertem Mais oder Weizen; nicht spanische Eier-Kartoffel-Tortilla."	"GENERAL_LOCAL"	"Die Rostocker Warenprüfung für „Tortilla“ erfolgt über das Back-, Süßwaren- oder Brotregal eines gewöhnlichen großen Rostocker Supermarkts."	"EASY"	"Tobias nutzt in Rostock das Back-, Süßwaren- oder Brotregal eines gewöhnlichen großen Rostocker Supermarkts für „Tortilla“ nach dieser Produktbeschreibung: „Dünnes ungesäuertes Fladenbrot aus nixtamalisiertem Mais oder Weizen; nicht spanische Eier-Kartoffel-Tortilla.“"	"OPTIONAL"	"Tortilla Dünnes ungesäuertes Fladenbrot aus nixtamalisiertem Mais oder Weizen; Tobias Rostock Backware Süßungsmittel exakte Form; Brot oder Fladenbrot; Das Back-, Süßwaren- oder Brotregal eines gewöhnlichen großen Rostocker Supermarkts; reguläres Sortiment Filialverfügbarkeit; die exakt festgelegte Darreichung"	""	"TOBIAS_ROSTOCK_PROFILE"	"PROPOSED_FOR_HUMAN_REVIEW"
"TRIPE"	"Kutteln"	"APPLICABLE"	"Gereinigte essbare Vormägen, meist vom Rind, mit fester wabenartiger Textur; ausreichend vorgaren."	"GENERAL_BROAD"	"Für „Kutteln“ führt der Rostocker Marktweg über Vorbestellung an einer gut sortierten Fleischtheke oder etablierter deutscher Metzgereiversand."	"PLANNED"	"Den Weg über Vorbestellung an einer gut sortierten Fleischtheke oder etablierter deutscher Metzgereiversand nutzt Tobias in Rostock für „Kutteln“ mit diesem inhaltlichen Maßstab: „Gereinigte essbare Vormägen, meist vom Rind, mit fester wabenartiger Textur; ausreichend vorgaren.“"	"OPTIONAL"	"Kutteln Gereinigte essbare Vormägen, meist vom Rind, mit fester wabenartiger Textur; Tobias Rostock Fleisch Wurst exakte Tierart Zuschnitt; Rindfleisch / Innereien; Vorbestellung an einer gut sortierten Fleischtheke oder etablierter deutscher Metzgereiversand; gezielter Einkauf Deutschland Wochenvorlauf; die präzise tierische Produktform"	""	"TOBIAS_ROSTOCK_PROFILE|RATING_RECONCILED_V2"	"PROPOSED_FOR_HUMAN_REVIEW"
"TROPICAL_FRUIT"	"Tropenfrucht"	"APPLICABLE"	"Offene Vorgabe für kulinarisch als tropisch verstandenes Obst; Art, Reife und Säure-Süße-Profil bleiben wählbar."	"GENERAL_LOCAL"	"Tobias prüft „Tropenfrucht“ in Rostock über die Obstabteilung eines gewöhnlichen großen Rostocker Supermarkts."	"EASY"	"Über die Obstabteilung eines gewöhnlichen großen Rostocker Supermarkts prüft Tobias in Rostock „Tropenfrucht“ unter folgender Warenvorgabe: „Offene Vorgabe für kulinarisch als tropisch verstandenes Obst; Art, Reife und Säure-Süße-Profil bleiben wählbar.“"	"OPTIONAL"	"Tropenfrucht Offene Vorgabe für kulinarisch als tropisch verstandenes Obst; Tobias Rostock Obst frisch TK genaue Sorte; Obst; Die Obstabteilung eines gewöhnlichen großen Rostocker Supermarkts; reguläres Sortiment Filialverfügbarkeit; die exakt festgelegte Darreichung"	""	"TOBIAS_ROSTOCK_PROFILE"	"PROPOSED_FOR_HUMAN_REVIEW"
"TROUT"	"Forelle"	"APPLICABLE"	"Forelle als fettreicher Süßwasserfisch mit zartem Fleisch; frisch oder tiefgekühlt, nicht geräuchert."	"GENERAL_BROAD"	"Deutsche See – frische ganze Forelle belegt formgenau: Deutsche See führt eine ganze frische Regenbogenforelle, ausgenommen und ausdrücklich nicht geräuchert, als verfügbaren Artikel. Für Tobias in Rostock gilt: Deutschlandweiter gekühlter Wunschterminversand nach Bornheim und Rostock; Logistik FRESH_SHIPPING. Die Forelle sollte am Liefer- oder Folgetag verbraucht werden; Kühlversand, Wunschtermin und Mindestbestellwert sind einzuplanen."	"PLANNED"	"Über Deutsche See – fresh whole trout (Evidenzstand: eine vor dem Einkauf erneut zu prüfende Verfügbarkeit und Frischeversand) prüft Tobias in Rostock „Forelle“, wobei folgende Abgrenzung gilt: „Forelle als fettreicher Süßwasserfisch mit zartem Fleisch; frisch oder tiefgekühlt, nicht geräuchert.“"	"REQUIRED"	"Deutsche See frische Forelle ganz ausgenommen verfügbar ungeräuchert | Tobias in Rostock | IN_STOCK FRESH_SHIPPING"	"AV2N-N-0213|AV2N-P-0029"	"TOBIAS_ROSTOCK_PROFILE|FORM_SENSITIVE|RATING_RECONCILED_V2"	"PROPOSED_FOR_HUMAN_REVIEW"
"TROUT_ROE"	"Forellenrogen"	"APPLICABLE"	"Forellenrogen mit kleinen orangefarbenen, salzig platzenden Eiern; meist leicht gesalzen erhältlich."	"GENERAL_BROAD"	"Deutsche See – Forellen Kaviar belegt: Deutsche See führt Forellenrogen aktuell verfügbar als leuchtend orangefarbenes, vier bis fünf Millimeter großes, pasteurisiertes und gesalzenes Korn. Der Bezug erfolgt über Deutschland und Österreich; gekühlte GO!-Express-Lieferung zum Wunschtermin; maßgeblich ist CHILLED_SHIPPING. Der Weg gilt für gekühlten pasteurisierten Forellenkaviar; Salzgrad und Lieferfenster sind produktgebunden."	"PLANNED"	"Für den vorgesehenen Einkauf prüft Tobias in Rostock: Deutsche See führt Forellenrogen aktuell verfügbar als leuchtend orangefarbenes, vier bis fünf Millimeter großes, pasteurisiertes und gesalzenes Korn. Der Weg gilt für gekühlten pasteurisierten Forellenkaviar; Salzgrad und Lieferfenster sind produktgebunden."	"REQUIRED"	"Forellen Kaviar Forellenrogen orange gesalzen pasteurisiert Deutsche See verfügbar | Tobias Rostock | Deutsche See – Forellen Kaviar | IN_STOCK CHILLED_SHIPPING"	"AV2N-N-0215"	"TOBIAS_ROSTOCK_PROFILE|RESEARCH_REQUIRED"	"PROPOSED_FOR_HUMAN_REVIEW"
"TRUFFLE"	"Trüffel"	"APPLICABLE"	"Essbare Trüffel mit intensiv erdigem Aroma; frisch oder als hochwertiges Produkt mit erkennbarem Trüffelanteil verwendbar."	"GENERAL_BROAD"	"EDEKA24 – Lacroix Trüffel-Carpaccio 30 g belegt formgenau: EDEKA24 führt haltbares Carpaccio mit 70 Prozent sichtbaren Sommertrüffelscheiben als bestellbaren Artikel. Für Tobias in Rostock gilt: Deutschlandweiter DHL-Standardversand nach Bornheim und Rostock; 2–5 Werktage; Logistik STANDARD_SHIPPING. Die Bewertung stützt sich auf die zulässige konservierte Scheibenform, nicht auf frischen Trüffel oder bloß aromatisiertes Öl; der Preis ändert die Stufe nicht."	"PLANNED"	"Der belastbare Warenbezug für Tobias beginnt in Rostock mit: Die REWE-Seite zeigt schwarze Sommertrüffel in Scheiben und Olivenöl als Feine-Welt-Carpaccio; für Tobias ist dies eine formtreue Rostocker Standortprüfung. Der Treffer ersetzt keine frische Trüffel und garantiert keinen Bestand in einer bestimmten Rostocker Filiale."	"REQUIRED"	"EDEKA24 Lacroix Trüffel Carpaccio Sommertrüffel Scheiben 30 g verfügbar | Tobias in Rostock | IN_STOCK STANDARD_SHIPPING"	"AV2N-N-0217|AV2N-P-0030"	"TOBIAS_ROSTOCK_PROFILE|FORM_SENSITIVE|RESEARCH_REQUIRED"	"PROPOSED_FOR_HUMAN_REVIEW"
"TUNA"	"Thunfisch"	"APPLICABLE"	"Gemeint ist Thunfisch als eigenständige Kochzutat, nicht zwingend Dosenware."	"GENERAL_BROAD"	"Beim Einkauf von „Thunfisch“ nutzt Tobias Vorbestellung an einer gut sortierten Supermarkt-Fischtheke oder etablierter bundesweiter Seafood-Versand."	"PLANNED"	"Den Weg über Vorbestellung an einer gut sortierten Supermarkt-Fischtheke oder etablierter bundesweiter Seafood-Versand nutzt Tobias in Rostock für „Thunfisch“, wobei folgende Abgrenzung gilt: „Gemeint ist Thunfisch als eigenständige Kochzutat, nicht zwingend Dosenware.“"	"OPTIONAL"	"Thunfisch Gemeint ist Thunfisch als eigenständige Kochzutat, nicht zwingend Dosenware; Tobias Rostock Fisch Seafood Frische TK genauer Zuschnitt; Fisch; Vorbestellung an einer gut sortierten Supermarkt-Fischtheke oder etablierter bundesweiter Seafood-Versand; gezielter Einkauf Deutschland Wochenvorlauf; die präzise tierische Produktform"	""	"TOBIAS_ROSTOCK_PROFILE|RATING_RECONCILED_V2"	"PROPOSED_FOR_HUMAN_REVIEW"
"TURKEY"	"Pute"	"APPLICABLE"	"Putenfleisch ohne Festlegung auf Brust, Keule oder Hack; Zuschnitt und Fettanteil bleiben offen."	"GENERAL_LOCAL"	"Tobias sucht „Pute“ in Rostock über die Fleischkühlung oder Bedientheke eines gewöhnlichen großen Rostocker Supermarkts gesucht."	"EASY"	"Das Angebot zu „Pute“ über die Fleischkühlung oder Bedientheke eines gewöhnlichen großen Rostocker Supermarkts kontrolliert Tobias in Rostock und verwendet dafür die Definition: „Putenfleisch ohne Festlegung auf Brust, Keule oder Hack; Zuschnitt und Fettanteil bleiben offen.“"	"OPTIONAL"	"Pute Putenfleisch ohne Festlegung auf Brust, Keule oder Hack; Tobias Rostock Fleisch Wurst exakte Tierart Zuschnitt; Geflügel; Die Fleischkühlung oder Bedientheke eines gewöhnlichen großen Rostocker Supermarkts; reguläres Sortiment Filialverfügbarkeit; den festgelegten Zuschnitt"	""	"TOBIAS_ROSTOCK_PROFILE"	"PROPOSED_FOR_HUMAN_REVIEW"
"TURKEY_BREAST"	"Putenbrust"	"APPLICABLE"	"Mageres helles Brustfleisch der Pute; als Filet, Schnitzel oder größeres Stück verwendbar."	"GENERAL_LOCAL"	"Die Rostocker Warenprüfung für „Putenbrust“ erfolgt über die Fleischkühlung oder Bedientheke eines gewöhnlichen großen Rostocker Supermarkts."	"EASY"	"Tobias nutzt in Rostock die Fleischkühlung oder Bedientheke eines gewöhnlichen großen Rostocker Supermarkts für „Putenbrust“ und verwendet dafür die Definition: „Mageres helles Brustfleisch der Pute; als Filet, Schnitzel oder größeres Stück verwendbar.“"	"OPTIONAL"	"Putenbrust Mageres helles Brustfleisch der Pute; als Filet, Schnitzel oder größeres Stück…; Tobias Rostock Fleisch Wurst exakte Tierart Zuschnitt; Pute; Die Fleischkühlung oder Bedientheke eines gewöhnlichen großen Rostocker Supermarkts; reguläres Sortiment Filialverfügbarkeit; den festgelegten Zuschnitt"	""	"TOBIAS_ROSTOCK_PROFILE"	"PROPOSED_FOR_HUMAN_REVIEW"
"TURKEY_MINCE"	"Putenhack"	"APPLICABLE"	"Zerkleinertes Putenfleisch mit geringem bis mittlerem Fettanteil; nicht gemischtes Geflügelhack."	"GENERAL_BROAD"	"Die Beschaffung von „Putenhack“ erfolgt in Rostock über Vorbestellung an einer gut sortierten Fleischtheke oder etablierter deutscher Metzgereiversand."	"PLANNED"	"Für „Putenhack“ kontrolliert Tobias den Rostocker Bezug über Vorbestellung an einer gut sortierten Fleischtheke oder etablierter deutscher Metzgereiversand mit diesem inhaltlichen Maßstab: „Zerkleinertes Putenfleisch mit geringem bis mittlerem Fettanteil; nicht gemischtes Geflügelhack.“"	"OPTIONAL"	"Putenhack Zerkleinertes Putenfleisch mit geringem bis mittlerem Fettanteil; Tobias Rostock Fleisch Wurst exakte Tierart Zuschnitt; Hackfleisch / Pute; Vorbestellung an einer gut sortierten Fleischtheke oder etablierter deutscher Metzgereiversand; gezielter Einkauf Deutschland Wochenvorlauf; die präzise tierische Produktform"	""	"TOBIAS_ROSTOCK_PROFILE|RATING_RECONCILED_V2"	"PROPOSED_FOR_HUMAN_REVIEW"
"TURMERIC"	"Kurkuma"	"APPLICABLE"	"Getrocknetes gemahlenes Kurkuma mit erdig-warmem Aroma und starker gelber Färbung; nicht frisches Rhizom."	"GENERAL_LOCAL"	"Für „Kurkuma“ führt der Rostocker Marktweg über das Gewürz- oder Backregal eines gewöhnlichen großen Rostocker Supermarkts."	"EASY"	"Tobias organisiert über das Gewürz- oder Backregal eines gewöhnlichen großen Rostocker Supermarkts die Rostocker Prüfung von „Kurkuma“ nach dieser Produktbeschreibung: „Getrocknetes gemahlenes Kurkuma mit erdig-warmem Aroma und starker gelber Färbung; nicht frisches Rhizom.“"	"OPTIONAL"	"Kurkuma Getrocknetes gemahlenes Kurkuma mit erdig-warmem Aroma und starker gelber…; Tobias Rostock Gewürz ganze gemahlene getrocknete Form; Gewürz oder trockenes Würzmittel; Das Gewürz- oder Backregal eines gewöhnlichen großen Rostocker Supermarkts; reguläres Sortiment Filialverfügbarkeit; die getrocknete Produktform"	""	"TOBIAS_ROSTOCK_PROFILE|FORM_SENSITIVE"	"PROPOSED_FOR_HUMAN_REVIEW"
"TURNIP"	"Speiserübe"	"APPLICABLE"	"Speiserübe mit weißem bis gelblichem, mild scharfem Wurzelfleisch; nicht Steckrübe."	"GENERAL_BROAD"	"Speiserübe: REWE nennt Markt und Supermarkt als allgemeinen Weg für Mairüben vor allem im Mai und Juni; EDEKA bestätigt den Einkauf vom Sommerhalbjahr bis in den Herbst. Tobias muss die saisonale Verfügbarkeit in Rostock vorab prüfen."	"PLANNED"	"Tobias prüft in Rostock saisonal frische Mairüben oder Navetten im allgemeinen Gemüsehandel; Steckrüben zählen nicht, und der tatsächliche Bestand ist vorab abzufragen."	"OPTIONAL"	"Speiserübe Mairübe Navette frisch REWE EDEKA Saison Mai Juni Sommerhalbjahr Herbst nicht Steckrübe; Tobias Rostock konkrete Produktseite Bestand Logistik 2026-09-04"	"AV2N-N-0220|AV2N-N-0220B"	"TOBIAS_ROSTOCK_PROFILE|RATING_RECONCILED_V2"	"PROPOSED_FOR_HUMAN_REVIEW"
"TURRON"	"Turrón"	"APPLICABLE"	"Spanische Turrón-Süßwarenfamilie; umfasst insbesondere klassische harte und weiche nussbasierte Varianten wie Alicante und Jijona sowie etablierte weitere Ausprägungen. Nicht generisch jedes Nougat."	"GENERAL_BROAD"	"Turrón: Mitte Meer bietet El Lobo Turrón de Alicante als harte klassische Variante mit 60 Prozent ganzen Marcona-Mandeln an; DHL-Lieferung auf das deutsche Festland in 3–4 Werktagen macht den Rostocker Bezug planbar."	"PLANNED"	"Für Tobias in Rostock belegt die geprüfte Mitte-Meer-Seite echten harten Turrón de Alicante mit Marcona-Mandeln und Honig statt beliebigem Nougat; der bestellbare Artikel steht exemplarisch für Alicante, nicht zugleich für weichen Jijona."	"REQUIRED"	"El Lobo Turrón de Alicante hart Marcona Mandeln Honig bestellbar | Tobias Rostock Mitte Meer DHL 3–4 Werktage | echter Turrón kein generisches Nougat"	"AV2N-N-0222"	"TOBIAS_ROSTOCK_PROFILE|RESEARCH_REQUIRED"	"PROPOSED_FOR_HUMAN_REVIEW"
"TVP"	"Sojagranulat"	"APPLICABLE"	"Texturiertes Sojaprotein, häufig als Granulat oder Schnetzel verkauft."	"GENERAL_BROAD"	"Der konkrete Bezug von „Sojagranulat“ läuft über gut sortierte Vollsortimenter und etablierte deutsche Bio- oder Trockenwarenhändler."	"PLANNED"	"Für „Sojagranulat“ kontrolliert Tobias den Rostocker Bezug über gut sortierte Vollsortimenter und etablierte deutsche Bio- oder Trockenwarenhändler unter folgender Warenvorgabe: „Texturiertes Sojaprotein, häufig als Granulat oder Schnetzel verkauft.“"	"OPTIONAL"	"Sojagranulat Texturiertes Sojaprotein, häufig als Granulat oder Schnetzel verkauft; Tobias Rostock Hülsenfrucht getrocknet vorgegart Sorte; pflanzliches Proteinprodukt / Sojazutat; gut sortierte Vollsortimenter und etablierte deutsche Bio- oder Trockenwarenhändler; gezielter Einkauf Deutschland Wochenvorlauf; die exakt festgelegte Darreichung"	""	"TOBIAS_ROSTOCK_PROFILE"	"PROPOSED_FOR_HUMAN_REVIEW"
"TWAROG"	"Twaróg"	"APPLICABLE"	"Polnischer frischer Sauermilch- oder Bruchkäse mit krümeligem bis cremigem Gefüge; Quark ist als Ersatz ähnlich, aber nicht identisch. Nicht mit körnigem Hüttenkäse gleichsetzen."	"SPECIALTY_BROAD"	"Twaróg: Osteuropäische Lebensmittel-Fachsortimente führen den polnischen frischen Sauermilch- oder Bruchkäse in gekühlten Packungen und verschiedenen Fettstufen; die Marktbreite bleibt an diesen Spezialhandel gebunden."	"SPECIALTY"	"Tobias kann in Rostock echten Twaróg über den breiten osteuropäischen Spezialhandel beziehen; benötigt wird der gekühlte polnische Bruchkäse mit krümeligem bis cremigem Gefüge, nicht gewöhnlicher Quark oder körniger Hüttenkäse."	"REQUIRED"	"Twaróg Polnischer frischer Sauermilch- oder Bruchkäse mit krümeligem bis cremigem…; Tobias Rostock Milchprodukt genaue Sorte Fettstufe; Quark; osteuropäischen Lebensmittel-Spezialhandel; mehrere unabhängige Fachhändler Marktbreite; die verlangte frische Form"	"AV2E-038"	"REFERENCE_ANCHOR|TOBIAS_ROSTOCK_PROFILE|SPECIALTY_MARKET_BREADTH|FORM_SENSITIVE|RESEARCH_REQUIRED|REFERENCE_ANCHOR_V2"	"APPROVED_REFERENCE_ANCHOR_V2"
"UBE"	"Ube"	"APPLICABLE"	"Violette Yamswurzel mit mild-süßlichem, nussigem Aroma; frisch, tiefgekühlt oder als ungesüßtes Püree, nicht violette Süßkartoffel."	"NICHE_IMPORT"	"Die Beschaffung von „Ube“ erfolgt in Rostock über auf philippinische Lebensmittel spezialisierte Anbieter, wobei die Evidenz die menschliche v2-Freigabe für diesen Weg und Tiefkühlversand, Importbeschränkungen sowie einen gezielten Händlerbesuch ausweist."	"DIFFICULT"	"Über auf philippinische Lebensmittel spezialisierte Anbieter (Evidenzstand: die menschliche v2-Freigabe für diesen Weg und Tiefkühlversand, Importbeschränkungen sowie einen gezielten Händlerbesuch) prüft Tobias in Rostock „Ube“, wobei folgende Abgrenzung gilt: „Violette Yamswurzel mit mild-süßlichem, nussigem Aroma; frisch, tiefgekühlt oder als ungesüßtes Püree, nicht violette Süßkartoffel.“"	"REQUIRED"	"Ube Violette Yamswurzel mit mild-süßlichem, nussigem Aroma; Tobias Rostock Gemüse frisch TK genaue Sorte; Yamswurzel; philippinischen Lebensmittel-Spezialhandel Nischenweg; Bestand Produktform Versandlogistik; die verlangte frische Form"	"AV2E-073"	"REFERENCE_ANCHOR|TOBIAS_ROSTOCK_PROFILE|FORM_OR_LOGISTICS_RISK|FORM_SENSITIVE|RESEARCH_REQUIRED|REFERENCE_ANCHOR_V2"	"APPROVED_REFERENCE_ANCHOR_V2"
"UDON"	"Udon"	"APPLICABLE"	"Dicke japanische Weizennudeln mit weichem, elastischem Biss; frisch, gefroren oder getrocknet verwendbar."	"GENERAL_BROAD"	"Tobias sucht „Udon“ in Rostock über gut sortierte Vollsortimenter und etablierte deutsche Bio- oder Trockenwarenhändler gesucht."	"PLANNED"	"Die Beschaffung von „Udon“ über gut sortierte Vollsortimenter und etablierte deutsche Bio- oder Trockenwarenhändler prüft Tobias in Rostock unter folgender Warenvorgabe: „Dicke japanische Weizennudeln mit weichem, elastischem Biss; frisch, gefroren oder getrocknet verwendbar.“"	"OPTIONAL"	"Udon Dicke japanische Weizennudeln mit weichem, elastischem Biss; Tobias Rostock Getreide Stärke Teigware genaue Form; Nudeln; gut sortierte Vollsortimenter und etablierte deutsche Bio- oder Trockenwarenhändler; gezielter Einkauf Deutschland Wochenvorlauf; die verlangte frische Form"	""	"TOBIAS_ROSTOCK_PROFILE|FORM_SENSITIVE"	"PROPOSED_FOR_HUMAN_REVIEW"
"VANILLA"	"Vanille"	"APPLICABLE"	"Echte Vanille als Schote, Mark oder reiner Extrakt mit floral-süßem Aroma; nicht Vanillinzucker."	"GENERAL_LOCAL"	"Die Beschaffung von „Vanille“ erfolgt in Rostock über das Gewürz- oder Backregal eines gewöhnlichen großen Rostocker Supermarkts."	"EASY"	"Über das Gewürz- oder Backregal eines gewöhnlichen großen Rostocker Supermarkts prüft Tobias in Rostock „Vanille“ unter folgender Warenvorgabe: „Echte Vanille als Schote, Mark oder reiner Extrakt mit floral-süßem Aroma; nicht Vanillinzucker.“"	"OPTIONAL"	"Vanille Echte Vanille als Schote, Mark oder reiner Extrakt mit floral-süßem Aroma; Tobias Rostock Gewürz ganze gemahlene getrocknete Form; Gewürz oder trockenes Würzmittel; Das Gewürz- oder Backregal eines gewöhnlichen großen Rostocker Supermarkts; reguläres Sortiment Filialverfügbarkeit; die exakt festgelegte Darreichung"	""	"TOBIAS_ROSTOCK_PROFILE"	"PROPOSED_FOR_HUMAN_REVIEW"
"VEAL"	"Kalbfleisch"	"APPLICABLE"	"Offene Vorgabe für Kalbfleisch; Zuschnitt, Fettanteil und Garmethode bleiben bewusst wählbar."	"GENERAL_BROAD"	"Beim Einkauf von „Kalbfleisch“ nutzt Tobias Vorbestellung an einer gut sortierten Fleischtheke oder etablierter deutscher Metzgereiversand."	"PLANNED"	"Die Beschaffung von „Kalbfleisch“ über Vorbestellung an einer gut sortierten Fleischtheke oder etablierter deutscher Metzgereiversand prüft Tobias in Rostock mit diesem inhaltlichen Maßstab: „Offene Vorgabe für Kalbfleisch; Zuschnitt, Fettanteil und Garmethode bleiben bewusst wählbar.“"	"OPTIONAL"	"Kalbfleisch Offene Vorgabe für Kalbfleisch; Zuschnitt, Fettanteil und Garmethode bleiben…; Tobias Rostock Fleisch Wurst exakte Tierart Zuschnitt; Fleisch; Vorbestellung an einer gut sortierten Fleischtheke oder etablierter deutscher Metzgereiversand; gezielter Einkauf Deutschland Wochenvorlauf; den festgelegten Zuschnitt"	""	"TOBIAS_ROSTOCK_PROFILE"	"PROPOSED_FOR_HUMAN_REVIEW"
"VEAL_CHEEK"	"Kalbsbäckchen"	"APPLICABLE"	"Kleines, stark beanspruchtes Muskelstück aus der Backe mit viel Kollagen und feiner Faser. Es benötigt langes Schmoren, wird dann sehr zart und ergibt eine kräftige, gelatinebetonte Sauce."	"GENERAL_BROAD"	"Tobias prüft „Kalbsbäckchen“ in Rostock über MeinMetzger – Kalbsbäckchen vom Gourmetkalb, wobei die Evidenz beim Abruf verfügbaren Bestand und Kühlversand ausweist."	"PLANNED"	"Über MeinMetzger – Kalbsbäckchen vom Gourmetkalb (Evidenzstand: beim Abruf verfügbaren Bestand und Kühlversand) prüft Tobias in Rostock „Kalbsbäckchen“, wobei folgende Abgrenzung gilt: „Kleines, stark beanspruchtes Muskelstück aus der Backe mit viel Kollagen und feiner Faser. Es benötigt langes Schmoren, wird dann sehr zart und ergibt eine kräftige, gelatinebetonte Sauce.“"	"REQUIRED"	"Kalbsbäckchen Kleines, stark beanspruchtes Muskelstück aus der Backe mit viel Kollagen und…; Tobias Rostock Fleisch Wurst exakte Tierart Zuschnitt; Kalbfleisch; MeinMetzger – Kalbsbäckchen vom Gourmetkalb; gezielter Einkauf Deutschland Wochenvorlauf; den festgelegten Zuschnitt"	"AV2N-N-0225"	"TOBIAS_ROSTOCK_PROFILE|RESEARCH_REQUIRED"	"PROPOSED_FOR_HUMAN_REVIEW"
"VEAL_CHOP"	"Kalbskotelett"	"APPLICABLE"	"Knochenhaltige Scheibe aus dem Kalbsrücken beziehungsweise Karree mit magerem Fleischauge und meist etwas Randfett. Sie wird kurz gebraten oder gegrillt; der Knochen grenzt sie vom ausgelösten Kalbssteak ab."	"GENERAL_BROAD"	"Für „Kalbskotelett“ wird das Angebot über Vorbestellung an einer gut sortierten Fleischtheke oder etablierter deutscher Metzgereiversand kontrolliert."	"PLANNED"	"Beim Rostocker Einkauf setzt Tobias für „Kalbskotelett“ auf Vorbestellung an einer gut sortierten Fleischtheke oder etablierter deutscher Metzgereiversand mit diesem inhaltlichen Maßstab: „Knochenhaltige Scheibe aus dem Kalbsrücken beziehungsweise Karree mit magerem Fleischauge und meist etwas Randfett. Sie wird kurz gebraten oder gegrillt; der Knochen grenzt sie vom ausgelösten Kalbssteak ab.“"	"OPTIONAL"	"Kalbskotelett Knochenhaltige Scheibe aus dem Kalbsrücken beziehungsweise Karree mit magerem…; Tobias Rostock Fleisch Wurst exakte Tierart Zuschnitt; Kalbfleisch; Vorbestellung an einer gut sortierten Fleischtheke oder etablierter deutscher Metzgereiversand; gezielter Einkauf Deutschland Wochenvorlauf; die präzise tierische Produktform"	""	"TOBIAS_ROSTOCK_PROFILE"	"PROPOSED_FOR_HUMAN_REVIEW"
"VEAL_CUTLET"	"Kalbsschnitzel"	"APPLICABLE"	"Dünne Kalbfleischscheibe für Schnitzel; paniert oder unpaniert, gemeint ist der Zuschnitt."	"GENERAL_BROAD"	"Der konkrete Bezug von „Kalbsschnitzel“ läuft über Vorbestellung an einer gut sortierten Fleischtheke oder etablierter deutscher Metzgereiversand."	"PLANNED"	"Das Angebot zu „Kalbsschnitzel“ über Vorbestellung an einer gut sortierten Fleischtheke oder etablierter deutscher Metzgereiversand kontrolliert Tobias in Rostock mit diesem inhaltlichen Maßstab: „Dünne Kalbfleischscheibe für Schnitzel; paniert oder unpaniert, gemeint ist der Zuschnitt.“"	"OPTIONAL"	"Kalbsschnitzel Dünne Kalbfleischscheibe für Schnitzel; paniert oder unpaniert, gemeint ist…; Tobias Rostock Fleisch Wurst exakte Tierart Zuschnitt; Kalbfleisch; Vorbestellung an einer gut sortierten Fleischtheke oder etablierter deutscher Metzgereiversand; gezielter Einkauf Deutschland Wochenvorlauf; den festgelegten Zuschnitt"	""	"TOBIAS_ROSTOCK_PROFILE"	"PROPOSED_FOR_HUMAN_REVIEW"
"VEAL_GOULASH"	"Kalbsgulasch"	"APPLICABLE"	"Rohe Würfel oder grobe Stücke vom Kalb für Ragouts und andere langsam gegarte Gerichte; nicht das fertig gewürzte Gericht. Bindegewebsreichere Zuschnitte werden durch Schmoren zart und geben der Sauce Körper."	"GENERAL_BROAD"	"Tobias sucht „Kalbsgulasch“ in Rostock über Vorbestellung an einer gut sortierten Fleischtheke oder etablierter deutscher Metzgereiversand gesucht."	"PLANNED"	"Tobias nutzt in Rostock Vorbestellung an einer gut sortierten Fleischtheke oder etablierter deutscher Metzgereiversand für „Kalbsgulasch“ mit diesem inhaltlichen Maßstab: „Rohe Würfel oder grobe Stücke vom Kalb für Ragouts und andere langsam gegarte Gerichte; nicht das fertig gewürzte Gericht. Bindegewebsreichere Zuschnitte werden durch Schmoren zart und geben der Sauce Körper.“"	"OPTIONAL"	"Kalbsgulasch Rohe Würfel oder grobe Stücke vom Kalb für Ragouts und andere langsam gegarte…; Tobias Rostock Fleisch Wurst exakte Tierart Zuschnitt; Kalbfleisch; Vorbestellung an einer gut sortierten Fleischtheke oder etablierter deutscher Metzgereiversand; gezielter Einkauf Deutschland Wochenvorlauf; die präzise tierische Produktform"	""	"TOBIAS_ROSTOCK_PROFILE"	"PROPOSED_FOR_HUMAN_REVIEW"
"VEAL_LIVER"	"Kalbsleber"	"APPLICABLE"	"Zarte Kalbsleber mit milderem Geschmack als Rinderleber; kurze Garung bewahrt die weiche Textur."	"GENERAL_BROAD"	"Für „Kalbsleber“ führt der Rostocker Marktweg über MeinMetzger – Kalbsleber in Scheiben, wobei die Evidenz beim Abruf verfügbaren Bestand und Kühlversand ausweist."	"PLANNED"	"Den Weg über MeinMetzger – Kalbsleber in Scheiben (Evidenzstand: beim Abruf verfügbaren Bestand und Kühlversand) nutzt Tobias in Rostock für „Kalbsleber“, wobei folgende Abgrenzung gilt: „Zarte Kalbsleber mit milderem Geschmack als Rinderleber; kurze Garung bewahrt die weiche Textur.“"	"REQUIRED"	"Kalbsleber Zarte Kalbsleber mit milderem Geschmack als Rinderleber; Tobias Rostock Fleisch Wurst exakte Tierart Zuschnitt; Innereien / Kalbfleisch; MeinMetzger – Kalbsleber in Scheiben; gezielter Einkauf Deutschland Wochenvorlauf; die präzise tierische Produktform"	"AV2N-N-0230"	"TOBIAS_ROSTOCK_PROFILE|RESEARCH_REQUIRED"	"PROPOSED_FOR_HUMAN_REVIEW"
"VEAL_MINCE"	"Kalbshackfleisch"	"APPLICABLE"	"Gewolftes Kalbfleisch mit mildem Geschmack und meist geringerem Fettanteil als gemischtes Hack. Es eignet sich etwa für Füllungen, Klöße, Frikadellen oder Saucen, verlangt wegen seiner mageren Struktur aber vorsichtige Garung."	"GENERAL_BROAD"	"Die Rostocker Warenprüfung für „Kalbshackfleisch“ erfolgt über Vorbestellung an einer gut sortierten Fleischtheke oder etablierter deutscher Metzgereiversand."	"PLANNED"	"Tobias organisiert über Vorbestellung an einer gut sortierten Fleischtheke oder etablierter deutscher Metzgereiversand die Rostocker Prüfung von „Kalbshackfleisch“ mit diesem inhaltlichen Maßstab: „Gewolftes Kalbfleisch mit mildem Geschmack und meist geringerem Fettanteil als gemischtes Hack. Es eignet sich etwa für Füllungen, Klöße, Frikadellen oder Saucen, verlangt wegen seiner mageren Struktur aber vorsichtige Garung.“"	"OPTIONAL"	"Kalbshackfleisch Gewolftes Kalbfleisch mit mildem Geschmack und meist geringerem Fettanteil als…; Tobias Rostock Fleisch Wurst exakte Tierart Zuschnitt; Hackfleisch / Kalbfleisch; Vorbestellung an einer gut sortierten Fleischtheke oder etablierter deutscher Metzgereiversand; gezielter Einkauf Deutschland Wochenvorlauf; die präzise tierische Produktform"	""	"TOBIAS_ROSTOCK_PROFILE"	"PROPOSED_FOR_HUMAN_REVIEW"
"VEAL_ROAST"	"Kalbsbraten"	"APPLICABLE"	"Größeres zusammenhängendes Stück Kalbfleisch zum Braten oder Schmoren; der anatomische Zuschnitt bleibt bewusst offen. Garmethode und Garzeit richten sich nach Fett- und Bindegewebsanteil des gewählten Stücks."	"GENERAL_BROAD"	"Tobias prüft „Kalbsbraten“ in Rostock über Vorbestellung an einer gut sortierten Fleischtheke oder etablierter deutscher Metzgereiversand."	"PLANNED"	"Über Vorbestellung an einer gut sortierten Fleischtheke oder etablierter deutscher Metzgereiversand prüft Tobias in Rostock „Kalbsbraten“ nach dieser Produktbeschreibung: „Größeres zusammenhängendes Stück Kalbfleisch zum Braten oder Schmoren; der anatomische Zuschnitt bleibt bewusst offen. Garmethode und Garzeit richten sich nach Fett- und Bindegewebsanteil des gewählten Stücks.“"	"OPTIONAL"	"Kalbsbraten Größeres zusammenhängendes Stück Kalbfleisch zum Braten oder Schmoren; Tobias Rostock Fleisch Wurst exakte Tierart Zuschnitt; Kalbfleisch; Vorbestellung an einer gut sortierten Fleischtheke oder etablierter deutscher Metzgereiversand; gezielter Einkauf Deutschland Wochenvorlauf; den festgelegten Zuschnitt"	""	"TOBIAS_ROSTOCK_PROFILE"	"PROPOSED_FOR_HUMAN_REVIEW"
"VEAL_SHANK"	"Kalbshaxe"	"APPLICABLE"	"Quergeschnittene oder ganze Kalbshaxe mit Knochen und Kollagen; für langsames Schmoren wie bei Ossobuco geeignet."	"GENERAL_BROAD"	"Tobias prüft „Kalbshaxe“ in Rostock über MeinMetzger – Kalbshaxe Osso-Buco, wobei die Evidenz beim Abruf verfügbaren Bestand und Kühlversand ausweist."	"PLANNED"	"Über MeinMetzger – Kalbshaxe Osso-Buco (Evidenzstand: beim Abruf verfügbaren Bestand und Kühlversand) prüft Tobias in Rostock „Kalbshaxe“, wobei folgende Abgrenzung gilt: „Quergeschnittene oder ganze Kalbshaxe mit Knochen und Kollagen; für langsames Schmoren wie bei Ossobuco geeignet.“"	"REQUIRED"	"Kalbshaxe Quergeschnittene oder ganze Kalbshaxe mit Knochen und Kollagen; Tobias Rostock Fleisch Wurst exakte Tierart Zuschnitt; Kalbfleisch; MeinMetzger – Kalbshaxe Osso-Buco; gezielter Einkauf Deutschland Wochenvorlauf; die geforderte ganze oder körnige Form"	"AV2N-N-0234"	"TOBIAS_ROSTOCK_PROFILE|RESEARCH_REQUIRED"	"PROPOSED_FOR_HUMAN_REVIEW"
"VEAL_STEAK"	"Kalbssteak"	"APPLICABLE"	"Dicke, ausgelöste Scheibe aus einem zarten Kalbsteilstück, etwa Rücken oder Hüfte; nicht das dünne Kalbsschnitzel. Sie eignet sich zum kurzen Braten oder Grillen und sollte wegen ihrer mageren, feinen Struktur nicht übergart werden."	"GENERAL_BROAD"	"Für „Kalbssteak“ führt der Rostocker Marktweg über Vorbestellung an einer gut sortierten Fleischtheke oder etablierter deutscher Metzgereiversand."	"PLANNED"	"Den Weg über Vorbestellung an einer gut sortierten Fleischtheke oder etablierter deutscher Metzgereiversand nutzt Tobias in Rostock für „Kalbssteak“ nach dieser Produktbeschreibung: „Dicke, ausgelöste Scheibe aus einem zarten Kalbsteilstück, etwa Rücken oder Hüfte; nicht das dünne Kalbsschnitzel. Sie eignet sich zum kurzen Braten oder Grillen und sollte wegen ihrer mageren, feinen Struktur nicht übergart werden.“"	"OPTIONAL"	"Kalbssteak Dicke, ausgelöste Scheibe aus einem zarten Kalbsteilstück, etwa Rücken oder…; Tobias Rostock Fleisch Wurst exakte Tierart Zuschnitt; Kalbfleisch; Vorbestellung an einer gut sortierten Fleischtheke oder etablierter deutscher Metzgereiversand; gezielter Einkauf Deutschland Wochenvorlauf; die präzise tierische Produktform"	""	"TOBIAS_ROSTOCK_PROFILE"	"PROPOSED_FOR_HUMAN_REVIEW"
"VEAL_STRIPS"	"Kalbsgeschnetzeltes"	"APPLICABLE"	"In schmale Streifen geschnittenes, meist mageres Kalbfleisch zum sehr kurzen Anbraten. Gemeint ist der rohe Zuschnitt; eine Sauce oder ein bestimmtes Gericht wie Zürcher Geschnetzeltes ist nicht vorgegeben."	"GENERAL_BROAD"	"Die Beschaffung von „Kalbsgeschnetzeltes“ erfolgt in Rostock über Vorbestellung an einer gut sortierten Fleischtheke oder etablierter deutscher Metzgereiversand."	"PLANNED"	"Für „Kalbsgeschnetzeltes“ kontrolliert Tobias den Rostocker Bezug über Vorbestellung an einer gut sortierten Fleischtheke oder etablierter deutscher Metzgereiversand nach dieser Produktbeschreibung: „In schmale Streifen geschnittenes, meist mageres Kalbfleisch zum sehr kurzen Anbraten. Gemeint ist der rohe Zuschnitt; eine Sauce oder ein bestimmtes Gericht wie Zürcher Geschnetzeltes ist nicht vorgegeben.“"	"OPTIONAL"	"Kalbsgeschnetzeltes In schmale Streifen geschnittenes, meist mageres Kalbfleisch zum sehr kurzen…; Tobias Rostock Fleisch Wurst exakte Tierart Zuschnitt; Kalbfleisch; Vorbestellung an einer gut sortierten Fleischtheke oder etablierter deutscher Metzgereiversand; gezielter Einkauf Deutschland Wochenvorlauf; den festgelegten Zuschnitt"	""	"TOBIAS_ROSTOCK_PROFILE"	"PROPOSED_FOR_HUMAN_REVIEW"
"VEAL_SWEETBREAD"	"Kalbsbries"	"APPLICABLE"	"Kalbsbries bezeichnet eine zarte Drüse des jungen Kalbes, vor allem den Thymus, mit feiner, cremiger Textur. Vor der Zubereitung wird es meist gewässert, blanchiert und von Häuten befreit; es ist weder Hirn noch gewöhnliches Muskelfleisch."	"NICHE_IMPORT"	"Tobias prüft „Kalbsbries“ in Rostock über MeinMetzger – veal cuts direct shop, wobei die Evidenz ein dokumentiertes laufendes Angebot und Kühlversand ausweist."	"DIFFICULT"	"Über MeinMetzger – veal cuts direct shop (Evidenzstand: ein dokumentiertes laufendes Angebot und Kühlversand) prüft Tobias in Rostock „Kalbsbries“, wobei folgende Abgrenzung gilt: „Kalbsbries bezeichnet eine zarte Drüse des jungen Kalbes, vor allem den Thymus, mit feiner, cremiger Textur. Vor der Zubereitung wird es meist gewässert, blanchiert und von Häuten befreit; es ist weder Hirn noch gewöhnliches Muskelfleisch.“"	"REQUIRED"	"Kalbsbries Kalbsbries bezeichnet eine zarte Drüse des jungen Kalbes, vor allem den…; Tobias Rostock Fleisch Wurst exakte Tierart Zuschnitt; Innereien / Kalbfleisch; MeinMetzger – veal cuts direct shop; Bestand Produktform Versandlogistik; die präzise tierische Produktform"	"AV2N-N-0238"	"TOBIAS_ROSTOCK_PROFILE|FORM_OR_LOGISTICS_RISK|RESEARCH_REQUIRED"	"PROPOSED_FOR_HUMAN_REVIEW"
"VEGETABLE_STOCK"	"Gemüsebrühe"	"APPLICABLE"	"Pflanzliche Brühe oder Fond aus Gemüse und Aromaten; selbst gekocht oder als schlichtes Fertigprodukt verwendbar."	"GENERAL_LOCAL"	"Die Beschaffung von „Gemüsebrühe“ erfolgt in Rostock über das Brühen-, Fonds- oder Suppenregal eines gewöhnlichen großen Rostocker Supermarkts."	"EASY"	"Für „Gemüsebrühe“ kontrolliert Tobias den Rostocker Bezug über das Brühen-, Fonds- oder Suppenregal eines gewöhnlichen großen Rostocker Supermarkts, wobei folgende Abgrenzung gilt: „Pflanzliche Brühe oder Fond aus Gemüse und Aromaten; selbst gekocht oder als schlichtes Fertigprodukt verwendbar.“"	"OPTIONAL"	"Gemüsebrühe Pflanzliche Brühe oder Fond aus Gemüse und Aromaten; Tobias Rostock Brühe Fond genaue Basis; Brühe oder Fond; Das Brühen-, Fonds- oder Suppenregal eines gewöhnlichen großen Rostocker Supermarkts; reguläres Sortiment Filialverfügbarkeit; die exakt festgelegte Darreichung"	""	"TOBIAS_ROSTOCK_PROFILE"	"PROPOSED_FOR_HUMAN_REVIEW"
"VEGETABLES"	"Gemüse"	"APPLICABLE"	"Offene Vorgabe für kulinarisch als Gemüse verwendete Pflanzen und Pflanzenteile; Art und Textur bleiben wählbar."	"GENERAL_LOCAL"	"Für „Gemüse“ führt der Rostocker Marktweg über die Gemüseabteilung eines gewöhnlichen großen Rostocker Supermarkts."	"EASY"	"Den Weg über die Gemüseabteilung eines gewöhnlichen großen Rostocker Supermarkts nutzt Tobias in Rostock für „Gemüse“, wobei folgende Abgrenzung gilt: „Offene Vorgabe für kulinarisch als Gemüse verwendete Pflanzen und Pflanzenteile; Art und Textur bleiben wählbar.“"	"OPTIONAL"	"Gemüse Offene Vorgabe für kulinarisch als Gemüse verwendete Pflanzen und…; Tobias Rostock Gemüse frisch TK genaue Sorte; frisches oder tiefgekühltes Gemüse; Die Gemüseabteilung eines gewöhnlichen großen Rostocker Supermarkts; reguläres Sortiment Filialverfügbarkeit; die exakt festgelegte Darreichung"	""	"TOBIAS_ROSTOCK_PROFILE"	"PROPOSED_FOR_HUMAN_REVIEW"
"VENISON"	"Hirschfleisch"	"APPLICABLE"	"Hirschfleisch mit magerem, kräftigem Wildaroma; konkrete Hirschart und Zuschnitt bleiben offen."	"GENERAL_BROAD"	"Tobias prüft „Hirschfleisch“ in Rostock über MeinMetzger – Hirschbraten aus der Keule, wobei die Evidenz beim Abruf verfügbaren Bestand und Kühlversand ausweist."	"PLANNED"	"Über MeinMetzger – Hirschbraten aus der Keule (Evidenzstand: beim Abruf verfügbaren Bestand und Kühlversand) prüft Tobias in Rostock „Hirschfleisch“, wobei folgende Abgrenzung gilt: „Hirschfleisch mit magerem, kräftigem Wildaroma; konkrete Hirschart und Zuschnitt bleiben offen.“"	"REQUIRED"	"Hirschfleisch Hirschfleisch mit magerem, kräftigem Wildaroma; Tobias Rostock Fleisch Wurst exakte Tierart Zuschnitt; Wildfleisch; MeinMetzger – Hirschbraten aus der Keule; gezielter Einkauf Deutschland Wochenvorlauf; den festgelegten Zuschnitt"	"AV2N-N-0240"	"TOBIAS_ROSTOCK_PROFILE|RESEARCH_REQUIRED"	"PROPOSED_FOR_HUMAN_REVIEW"
"VIETNAMESE_CORIANDER"	"vietnamesischer Koriander"	"APPLICABLE"	"Vietnamesischer Koriander beziehungsweise Rau răm mit pfeffrig-zitrischem Aroma; botanisch kein echter Koriander."	"NICHE_IMPORT"	"Tobias prüft „vietnamesischer Koriander“ in Rostock über Asia Moin – fresh Rau Răm 100 g, wobei die Evidenz beim Abruf verfügbaren Bestand und Kühlversand ausweist."	"DIFFICULT"	"Über Asia Moin – fresh Rau Răm 100 g (Evidenzstand: beim Abruf verfügbaren Bestand und Kühlversand) prüft Tobias in Rostock „vietnamesischer Koriander“, wobei folgende Abgrenzung gilt: „Vietnamesischer Koriander beziehungsweise Rau răm mit pfeffrig-zitrischem Aroma; botanisch kein echter Koriander.“"	"REQUIRED"	"vietnamesischer Koriander Vietnamesischer Koriander beziehungsweise Rau răm mit pfeffrig-zitrischem…; Tobias Rostock frische Kräuter Bund Topf genaue Art; Kräuter und Würzblätter; Asia Moin – fresh Rau Răm 100 g; Bestand Produktform Versandlogistik; die exakt festgelegte Darreichung"	"AV2N-N-0242"	"TOBIAS_ROSTOCK_PROFILE|FORM_OR_LOGISTICS_RISK|RESEARCH_REQUIRED|RATING_RECONCILED_V2"	"PROPOSED_FOR_HUMAN_REVIEW"
"VIETNAMESE_SOYBEAN_PASTE"	"Tương oder vietnamesische Sojabohnenpaste"	"APPLICABLE"	"Vietnamesische fermentierte Würze aus Sojabohnen, häufig mit Reis beziehungsweise Klebreis und Salz; je nach regionaler Form dickflüssig bis pastös. Nicht mit flüssiger Sojasauce, Miso oder Hoisinsauce gleichsetzen."	"NICHE_IMPORT"	"Tobias prüft „Tương oder vietnamesische Sojabohnenpaste“ in Rostock über NAGOFA – Tương nếp bần 500 ml, wobei die Evidenz eine vor dem Einkauf erneut zu prüfende Verfügbarkeit und Importbeschränkungen ausweist."	"DIFFICULT"	"Über NAGOFA – Tương nếp bần 500 ml (Evidenzstand: eine vor dem Einkauf erneut zu prüfende Verfügbarkeit und Importbeschränkungen) prüft Tobias in Rostock „Tương oder vietnamesische Sojabohnenpaste“, wobei folgende Abgrenzung gilt: „Vietnamesische fermentierte Würze aus Sojabohnen, häufig mit Reis beziehungsweise Klebreis und Salz; je nach regionaler Form dickflüssig bis pastös. Nicht mit flüssiger Sojasauce, Miso oder Hoisinsauce gleichsetzen.“"	"REQUIRED"	"Tương oder vietnamesische Sojabohnenpaste Vietnamesische fermentierte Würze aus Sojabohnen, häufig mit Reis…; Tobias Rostock Würzsauce Paste Essig exakte Sorte; fermentierte Würzzutat / fertige Sauce oder Würzpaste; NAGOFA – Tương nếp bần 500 ml; Bestand Produktform Versandlogistik; die exakt festgelegte Darreichung"	"AV2N-N-0244"	"TOBIAS_ROSTOCK_PROFILE|SPECIALTY_MARKET_BREADTH|RESEARCH_REQUIRED|RATING_RECONCILED_V2"	"PROPOSED_FOR_HUMAN_REVIEW"
"VINEGAR"	"Essig"	"APPLICABLE"	"Offene Vorgabe für Speiseessig; Rohstoff, Reife, Süße und Säureprofil bleiben wählbar."	"GENERAL_LOCAL"	"Tobias prüft „Essig“ in Rostock über das Saucen-, Essig- oder Feinkostregal eines gewöhnlichen großen Rostocker Supermarkts."	"EASY"	"Über das Saucen-, Essig- oder Feinkostregal eines gewöhnlichen großen Rostocker Supermarkts prüft Tobias in Rostock „Essig“, wobei folgende Abgrenzung gilt: „Offene Vorgabe für Speiseessig; Rohstoff, Reife, Süße und Säureprofil bleiben wählbar.“"	"OPTIONAL"	"Essig Offene Vorgabe für Speiseessig; Rohstoff, Reife, Süße und Säureprofil bleiben…; Tobias Rostock Würzsauce Paste Essig exakte Sorte; Saucen, Pasten und Würzen; Das Saucen-, Essig- oder Feinkostregal eines gewöhnlichen großen Rostocker Supermarkts; reguläres Sortiment Filialverfügbarkeit; die exakt festgelegte Darreichung"	""	"TOBIAS_ROSTOCK_PROFILE"	"PROPOSED_FOR_HUMAN_REVIEW"
"WAFFLES"	"Waffel"	"APPLICABLE"	"Offene Waffelfamilie für süße und herzhafte Waffelprodukte. Bekannte Varianten sind Stroopwafel, Brüsseler Waffel und Lütticher Waffel; Belag oder Füllung werden nicht vorausgesetzt."	"GENERAL_LOCAL"	"Tobias prüft „Waffel“ in Rostock über das Back-, Süßwaren- oder Brotregal eines gewöhnlichen großen Rostocker Supermarkts."	"EASY"	"Tobias organisiert über das Back-, Süßwaren- oder Brotregal eines gewöhnlichen großen Rostocker Supermarkts die Rostocker Prüfung von „Waffel“ nach dieser Produktbeschreibung: „Offene Waffelfamilie für süße und herzhafte Waffelprodukte. Bekannte Varianten sind Stroopwafel, Brüsseler Waffel und Lütticher Waffel; Belag oder Füllung werden nicht vorausgesetzt.“"	"OPTIONAL"	"Waffel Offene Waffelfamilie für süße und herzhafte Waffelprodukte; Tobias Rostock Backware Süßungsmittel exakte Form; Backware; Das Back-, Süßwaren- oder Brotregal eines gewöhnlichen großen Rostocker Supermarkts; reguläres Sortiment Filialverfügbarkeit; die exakt festgelegte Darreichung"	""	"TOBIAS_ROSTOCK_PROFILE"	"PROPOSED_FOR_HUMAN_REVIEW"
"WAKAME"	"Wakame"	"APPLICABLE"	"Zarte grüne Braunalge mit mildem Meeresaroma, meist getrocknet erhältlich; nicht Kombu oder Nori."	"GENERAL_BROAD"	"Die konkrete Asiafoodland-Seite belegt 20 g getrocknete Wakame mit aktuellem Bestand. Tobias kann die von Kombu und Nori abgegrenzte Trockenalge per DHL nach Rostock bestellen."	"PLANNED"	"Tobias findet Wakame formgenau als getrocknete 20-g-Meeresalge bei Asiafoodland. Der lagernde Artikel kommt ohne Kühlkette nach Rostock und benennt Wakame ausdrücklich, statt einen beliebigen Algenmix zu verwenden."	"REQUIRED"	"getrocknete Wakame 20 g Asiafoodland auf Lager Standardversand Rostock"	"AV2N-N-0245"	"TOBIAS_ROSTOCK_PROFILE|SPECIALTY_MARKET_BREADTH|RESEARCH_REQUIRED|RATING_RECONCILED_V2"	"PROPOSED_FOR_HUMAN_REVIEW"
"WALNUT"	"Walnüsse"	"APPLICABLE"	"Walnusskerne mit herb-nussigem Geschmack und hohem Fettanteil; roh oder geröstet verwendbar."	"GENERAL_LOCAL"	"Für „Walnüsse“ führt der Rostocker Marktweg über das Nuss-, Saaten-, Back- oder Brotaufstrichregal eines gewöhnlichen großen Rostocker Supermarkts."	"EASY"	"Den Weg über das Nuss-, Saaten-, Back- oder Brotaufstrichregal eines gewöhnlichen großen Rostocker Supermarkts nutzt Tobias in Rostock für „Walnüsse“ nach dieser Produktbeschreibung: „Walnusskerne mit herb-nussigem Geschmack und hohem Fettanteil; roh oder geröstet verwendbar.“"	"OPTIONAL"	"Walnüsse Walnusskerne mit herb-nussigem Geschmack und hohem Fettanteil; Tobias Rostock Nuss Samen Mus genaue Rohware; Nüsse; Das Nuss-, Saaten-, Back- oder Brotaufstrichregal eines gewöhnlichen großen Rostocker Supermarkts; reguläres Sortiment Filialverfügbarkeit; die exakt festgelegte Darreichung"	""	"TOBIAS_ROSTOCK_PROFILE"	"PROPOSED_FOR_HUMAN_REVIEW"
"WATER_CHESTNUT"	"Wasserkastanien"	"APPLICABLE"	"Knackige unterirdische Sprossknollen der Wasserkastanie, frisch oder in Dose; botanisch keine Nuss."	"GENERAL_BROAD"	"Tobias sucht „Wasserkastanien“ in Rostock über gut sortierte Vollsortimenter und etablierte deutsche Gemüse- oder Frischehändler gesucht."	"PLANNED"	"Tobias nutzt in Rostock gut sortierte Vollsortimenter und etablierte deutsche Gemüse- oder Frischehändler für „Wasserkastanien“ mit diesem inhaltlichen Maßstab: „Knackige unterirdische Sprossknollen der Wasserkastanie, frisch oder in Dose; botanisch keine Nuss.“"	"OPTIONAL"	"Wasserkastanien Knackige unterirdische Sprossknollen der Wasserkastanie, frisch oder in Dose; Tobias Rostock Gemüse frisch TK genaue Sorte; Wurzel- und Knollengemüse; gut sortierte Vollsortimenter und etablierte deutsche Gemüse- oder Frischehändler; gezielter Einkauf Deutschland Wochenvorlauf; die verlangte frische Form"	""	"TOBIAS_ROSTOCK_PROFILE|FORM_SENSITIVE"	"PROPOSED_FOR_HUMAN_REVIEW"
"WATER_SPINACH"	"Wasserspinat oder Kangkong"	"APPLICABLE"	"Wasserspinat beziehungsweise Kangkong mit hohlen Stielen und zarten Blättern; nicht gewöhnlicher Spinat."	"NICHE_IMPORT"	"Tobias prüft „Wasserspinat oder Kangkong“ in Rostock über Asia Moin – fresh vegetables including Rau Muong, wobei die Evidenz beim Abruf verfügbaren Bestand und Kühlversand ausweist."	"DIFFICULT"	"Über Asia Moin – fresh vegetables including Rau Muong (Evidenzstand: beim Abruf verfügbaren Bestand und Kühlversand) prüft Tobias in Rostock „Wasserspinat oder Kangkong“, wobei folgende Abgrenzung gilt: „Wasserspinat beziehungsweise Kangkong mit hohlen Stielen und zarten Blättern; nicht gewöhnlicher Spinat.“"	"REQUIRED"	"Wasserspinat oder Kangkong Wasserspinat beziehungsweise Kangkong mit hohlen Stielen und zarten Blättern; Tobias Rostock Gemüse frisch TK genaue Sorte; Blattgemüse; Asia Moin – fresh vegetables including Rau Muong; Bestand Produktform Versandlogistik; die exakt festgelegte Darreichung"	"AV2N-N-0247"	"TOBIAS_ROSTOCK_PROFILE|FORM_OR_LOGISTICS_RISK|RESEARCH_REQUIRED|RATING_RECONCILED_V2"	"PROPOSED_FOR_HUMAN_REVIEW"
"WATERCRESS"	"Brunnenkresse"	"APPLICABLE"	"Brunnenkresse mit saftigen Stielen und deutlich pfeffrigem Geschmack; roh oder kurz gegart verwendbar."	"GENERAL_BROAD"	"Die Rostocker Warenprüfung für „Brunnenkresse“ erfolgt über gut sortierte Vollsortimenter und etablierte deutsche Gemüse- oder Frischehändler, wobei die Evidenz die menschliche v2-Freigabe für diesen Weg und einen gezielten Händlerbesuch sowie Standardversand ausweist."	"PLANNED"	"Über gut sortierte Vollsortimenter und etablierte deutsche Gemüse- oder Frischehändler (Evidenzstand: die menschliche v2-Freigabe für diesen Weg und einen gezielten Händlerbesuch sowie Standardversand) prüft Tobias in Rostock „Brunnenkresse“, wobei folgende Abgrenzung gilt: „Brunnenkresse mit saftigen Stielen und deutlich pfeffrigem Geschmack; roh oder kurz gegart verwendbar.“"	"REQUIRED"	"Brunnenkresse Brunnenkresse mit saftigen Stielen und deutlich pfeffrigem Geschmack; Tobias Rostock Gemüse frisch TK genaue Sorte; Blattgemüse; gut sortierte Vollsortimenter und etablierte deutsche Gemüse- oder Frischehändler; gezielter Einkauf Deutschland Wochenvorlauf; die exakt festgelegte Darreichung"	"AV2E-018"	"REFERENCE_ANCHOR|TOBIAS_ROSTOCK_PROFILE|RESEARCH_REQUIRED|REFERENCE_ANCHOR_V2"	"APPROVED_REFERENCE_ANCHOR_V2"
"WATERMELON"	"Wassermelone"	"APPLICABLE"	"Wassermelone mit sehr saftigem, süßem Fruchtfleisch; kernarme und kernhaltige Sorten sind umfasst."	"GENERAL_LOCAL"	"Für „Wassermelone“ führt der Rostocker Marktweg über die Obstabteilung eines gewöhnlichen großen Rostocker Supermarkts."	"EASY"	"Den Weg über die Obstabteilung eines gewöhnlichen großen Rostocker Supermarkts nutzt Tobias in Rostock für „Wassermelone“ unter folgender Warenvorgabe: „Wassermelone mit sehr saftigem, süßem Fruchtfleisch; kernarme und kernhaltige Sorten sind umfasst.“"	"OPTIONAL"	"Wassermelone Wassermelone mit sehr saftigem, süßem Fruchtfleisch; Tobias Rostock Obst frisch TK genaue Sorte; Melone; Die Obstabteilung eines gewöhnlichen großen Rostocker Supermarkts; reguläres Sortiment Filialverfügbarkeit; die exakt festgelegte Darreichung"	""	"TOBIAS_ROSTOCK_PROFILE"	"PROPOSED_FOR_HUMAN_REVIEW"
"WHEAT_FLOUR"	"Weizenmehl"	"APPLICABLE"	"Mehl aus Weizen; Ausmahlungsgrad und Proteinanteil bleiben offen, nicht Hartweizengrieß."	"GENERAL_LOCAL"	"Beim Einkauf von „Weizenmehl“ nutzt Tobias das Getreide-, Mehl-, Reis- oder Teigwarenregal eines gewöhnlichen großen Rostocker Supermarkts."	"EASY"	"Die Beschaffung von „Weizenmehl“ über das Getreide-, Mehl-, Reis- oder Teigwarenregal eines gewöhnlichen großen Rostocker Supermarkts prüft Tobias in Rostock unter folgender Warenvorgabe: „Mehl aus Weizen; Ausmahlungsgrad und Proteinanteil bleiben offen, nicht Hartweizengrieß.“"	"OPTIONAL"	"Weizenmehl Mehl aus Weizen; Ausmahlungsgrad und Proteinanteil bleiben offen, nicht…; Tobias Rostock Getreide Stärke Teigware genaue Form; Mehl; Das Getreide-, Mehl-, Reis- oder Teigwarenregal eines gewöhnlichen großen Rostocker Supermarkts; reguläres Sortiment Filialverfügbarkeit; die exakt festgelegte Darreichung"	""	"TOBIAS_ROSTOCK_PROFILE"	"PROPOSED_FOR_HUMAN_REVIEW"
"WHEAT_NOODLES"	"Weizennudeln"	"APPLICABLE"	"Weizennudeln außerhalb der engeren italienischen Pasta-Familie; Dicke sowie Ei- und Alkalianteil bleiben wählbar."	"GENERAL_LOCAL"	"Für „Weizennudeln“ wird das Angebot über das Getreide-, Mehl-, Reis- oder Teigwarenregal eines gewöhnlichen großen Rostocker Supermarkts kontrolliert."	"EASY"	"Beim Rostocker Einkauf setzt Tobias für „Weizennudeln“ auf das Getreide-, Mehl-, Reis- oder Teigwarenregal eines gewöhnlichen großen Rostocker Supermarkts unter folgender Warenvorgabe: „Weizennudeln außerhalb der engeren italienischen Pasta-Familie; Dicke sowie Ei- und Alkalianteil bleiben wählbar.“"	"OPTIONAL"	"Weizennudeln Weizennudeln außerhalb der engeren italienischen Pasta-Familie; Tobias Rostock Getreide Stärke Teigware genaue Form; Nudeln; Das Getreide-, Mehl-, Reis- oder Teigwarenregal eines gewöhnlichen großen Rostocker Supermarkts; reguläres Sortiment Filialverfügbarkeit; die exakt festgelegte Darreichung"	""	"TOBIAS_ROSTOCK_PROFILE"	"PROPOSED_FOR_HUMAN_REVIEW"
"WHEAT_PASTA"	"Weizenpasta"	"APPLICABLE"	"Offene Familie italienisch geprägter Weizenpasta; Form, frisch oder getrocknet und Ei-Anteil bleiben offen."	"GENERAL_LOCAL"	"Weizenpasta: das Teigwarenregal und gegebenenfalls das Kühlregal gewöhnlicher großer Rostocker Supermärkte decken getrocknete wie frische italienisch geprägte Weizenpasta ab; Form und Ei-Anteil bleiben offen."	"EASY"	"Tobias kann Weizenpasta in Rostock regulär im Teigwarenregal, frische Varianten zusätzlich im Kühlregal großer Supermärkte beschaffen — Weder frisch noch getrocknet ist vorgeschrieben — auch Form und Ei-Anteil bleiben wählbar."	"OPTIONAL"	"Weizenpasta Offene Familie italienisch geprägter Weizenpasta; Tobias Rostock Getreide Stärke Teigware genaue Form; Nudeln; Das Getreide-, Mehl-, Reis- oder Teigwarenregal eines gewöhnlichen großen Rostocker Supermarkts; reguläres Sortiment Filialverfügbarkeit; die verlangte frische Form"	""	"TOBIAS_ROSTOCK_PROFILE|FORM_SENSITIVE"	"PROPOSED_FOR_HUMAN_REVIEW"
"WHITE_ASPARAGUS"	"weißer Spargel"	"APPLICABLE"	"Unter Lichtabschluss gewachsener weißer Spargel mit mildem, leicht bitterem Aroma; vor dem Garen meist vollständig schälen."	"GENERAL_LOCAL"	"Für „weißer Spargel“ wird das Angebot über die Gemüseabteilung eines gewöhnlichen großen Rostocker Supermarkts kontrolliert."	"EASY"	"Den Weg über die Gemüseabteilung eines gewöhnlichen großen Rostocker Supermarkts nutzt Tobias in Rostock für „weißer Spargel“ mit dem folgenden Formkern: „Unter Lichtabschluss gewachsener weißer Spargel mit mildem, leicht bitterem Aroma; vor dem Garen meist vollständig schälen.“"	"OPTIONAL"	"weißer Spargel Unter Lichtabschluss gewachsener weißer Spargel mit mildem, leicht bitterem…; Tobias Rostock Gemüse frisch TK genaue Sorte; Spargel; Die Gemüseabteilung eines gewöhnlichen großen Rostocker Supermarkts; reguläres Sortiment Filialverfügbarkeit; die exakt festgelegte Darreichung"	""	"TOBIAS_ROSTOCK_PROFILE"	"PROPOSED_FOR_HUMAN_REVIEW"
"WHITE_BEANS"	"weiße Bohnen"	"APPLICABLE"	"Offene Familie weißer Bohnen mit mildem Geschmack und cremiger Textur; Sorte und Größe bleiben wählbar."	"GENERAL_LOCAL"	"Beim Einkauf von „weiße Bohnen“ nutzt Tobias das Hülsenfrucht-, Konserven- oder Trockensortiment eines gewöhnlichen großen Rostocker Supermarkts."	"EASY"	"Die Beschaffung von „weiße Bohnen“ über das Hülsenfrucht-, Konserven- oder Trockensortiment eines gewöhnlichen großen Rostocker Supermarkts prüft Tobias in Rostock mit diesem inhaltlichen Maßstab: „Offene Familie weißer Bohnen mit mildem Geschmack und cremiger Textur; Sorte und Größe bleiben wählbar.“"	"OPTIONAL"	"weiße Bohnen Offene Familie weißer Bohnen mit mildem Geschmack und cremiger Textur; Tobias Rostock Hülsenfrucht getrocknet vorgegart Sorte; Bohnen; Das Hülsenfrucht-, Konserven- oder Trockensortiment eines gewöhnlichen großen Rostocker Supermarkts; reguläres Sortiment Filialverfügbarkeit; die exakt festgelegte Darreichung"	""	"TOBIAS_ROSTOCK_PROFILE"	"PROPOSED_FOR_HUMAN_REVIEW"
"WHITE_CABBAGE"	"Weißkohl"	"APPLICABLE"	"Fester Weißkohl mit knackigen, dicht geschichteten Blättern; roh, gegart oder fermentiert verwendbar."	"GENERAL_LOCAL"	"Der konkrete Bezug von „Weißkohl“ läuft über die Gemüseabteilung eines gewöhnlichen großen Rostocker Supermarkts."	"EASY"	"Für „Weißkohl“ kontrolliert Tobias den Rostocker Bezug über die Gemüseabteilung eines gewöhnlichen großen Rostocker Supermarkts mit dem folgenden Formkern: „Fester Weißkohl mit knackigen, dicht geschichteten Blättern; roh, gegart oder fermentiert verwendbar.“"	"OPTIONAL"	"Weißkohl Fester Weißkohl mit knackigen, dicht geschichteten Blättern; Tobias Rostock Gemüse frisch TK genaue Sorte; Kohlgemüse; Die Gemüseabteilung eines gewöhnlichen großen Rostocker Supermarkts; reguläres Sortiment Filialverfügbarkeit; die exakt festgelegte Darreichung"	""	"TOBIAS_ROSTOCK_PROFILE"	"PROPOSED_FOR_HUMAN_REVIEW"
"WHITE_CHAMPIGNON"	"weiße Champignons"	"APPLICABLE"	"Frische weiße Zuchtchampignons mit mildem Pilzaroma; nicht braune oder konservierte Champignons."	"GENERAL_LOCAL"	"Der konkrete Bezug von „weiße Champignons“ läuft über den Pilzbereich der Obst- und Gemüseabteilung eines gewöhnlichen großen Rostocker Supermarkts."	"EASY"	"Das Angebot zu „weiße Champignons“ über den Pilzbereich der Obst- und Gemüseabteilung eines gewöhnlichen großen Rostocker Supermarkts kontrolliert Tobias in Rostock, wobei folgende Abgrenzung gilt: „Frische weiße Zuchtchampignons mit mildem Pilzaroma; nicht braune oder konservierte Champignons.“"	"OPTIONAL"	"weiße Champignons Frische weiße Zuchtchampignons mit mildem Pilzaroma; Tobias Rostock Pilze frisch genaue Art; frische Champignons; Der Pilzbereich der Obst- und Gemüseabteilung eines gewöhnlichen großen Rostocker Supermarkts; reguläres Sortiment Filialverfügbarkeit; die verlangte frische Form"	""	"TOBIAS_ROSTOCK_PROFILE|FORM_SENSITIVE"	"PROPOSED_FOR_HUMAN_REVIEW"
"WHITE_CHOCOLATE"	"weiße Schokolade"	"APPLICABLE"	"Kakaobutterbasierte Süßware mit Milch und Zucker, aber ohne Kakaomasse; nicht bloße Fettglasur."	"GENERAL_LOCAL"	"Für „weiße Schokolade“ führt der Rostocker Marktweg über das Back-, Süßwaren- oder Brotregal eines gewöhnlichen großen Rostocker Supermarkts."	"EASY"	"Über das Back-, Süßwaren- oder Brotregal eines gewöhnlichen großen Rostocker Supermarkts prüft Tobias in Rostock „weiße Schokolade“ unter folgender Warenvorgabe: „Kakaobutterbasierte Süßware mit Milch und Zucker, aber ohne Kakaomasse; nicht bloße Fettglasur.“"	"OPTIONAL"	"weiße Schokolade Kakaobutterbasierte Süßware mit Milch und Zucker, aber ohne Kakaomasse; Tobias Rostock Backware Süßungsmittel exakte Form; Schokolade; Das Back-, Süßwaren- oder Brotregal eines gewöhnlichen großen Rostocker Supermarkts; reguläres Sortiment Filialverfügbarkeit; die exakt festgelegte Darreichung"	""	"TOBIAS_ROSTOCK_PROFILE"	"PROPOSED_FOR_HUMAN_REVIEW"
"WHITE_FISH"	"weißfleischiger Fisch"	"APPLICABLE"	"Offene Vorgabe für mageren bis mäßig fetten Fisch mit hellem, mildem Fleisch; Art und Zuschnitt bleiben wählbar."	"GENERAL_LOCAL"	"Für „weißfleischiger Fisch“ führt der Rostocker Marktweg über die Fischkühlung, Tiefkühltruhe oder Fischtheke eines gewöhnlichen großen Rostocker Supermarkts."	"EASY"	"Den Weg über die Fischkühlung, Tiefkühltruhe oder Fischtheke eines gewöhnlichen großen Rostocker Supermarkts nutzt Tobias in Rostock für „weißfleischiger Fisch“ mit diesem inhaltlichen Maßstab: „Offene Vorgabe für mageren bis mäßig fetten Fisch mit hellem, mildem Fleisch; Art und Zuschnitt bleiben wählbar.“"	"OPTIONAL"	"weißfleischiger Fisch Offene Vorgabe für mageren bis mäßig fetten Fisch mit hellem, mildem Fleisch; Tobias Rostock Fisch Seafood Frische TK genauer Zuschnitt; Fisch; Die Fischkühlung, Tiefkühltruhe oder Fischtheke eines gewöhnlichen großen Rostocker Supermarkts; reguläres Sortiment Filialverfügbarkeit; den festgelegten Zuschnitt"	""	"TOBIAS_ROSTOCK_PROFILE"	"PROPOSED_FOR_HUMAN_REVIEW"
"WHITE_PEPPER"	"weißer Pfeffer"	"APPLICABLE"	"Reife, von der Fruchthülle befreite Pfefferkörner mit erdig-direkter Schärfe; ganz oder gemahlen verwendbar."	"GENERAL_LOCAL"	"Weißer Pfeffer: das Gewürzregal gewöhnlicher großer Rostocker Supermärkte führt die von der Fruchthülle befreiten Pfefferkörner ganz oder gemahlen."	"EASY"	"Für Tobias ist weißer Pfeffer in Rostock über das normale Gewürzregal großer Supermärkte erreichbar — Ein Treffer kann aus ganzen weißen Pfefferkörnern oder aus gemahlenem weißem Pfeffer bestehen."	"OPTIONAL"	"weißer Pfeffer Reife, von der Fruchthülle befreite Pfefferkörner mit erdig-direkter Schärfe; Tobias Rostock Lebensmittel genaue Produktform; Pfeffer; Das passende Regal oder die Frischeabteilung eines gewöhnlichen großen Rostocker Supermarkts; reguläres Sortiment Filialverfügbarkeit; die gemahlene oder pulverisierte Form"	""	"TOBIAS_ROSTOCK_PROFILE"	"PROPOSED_FOR_HUMAN_REVIEW"
"WHITE_SAUSAGE"	"Weißwurst"	"APPLICABLE"	"Helle Brühwurst nach Weißwurst-Art aus Kalb- und/oder Schweinefleisch; regionale Würzung und Garzustand variieren."	"GENERAL_BROAD"	"Beim Einkauf von „Weißwurst“ nutzt Tobias Vorbestellung an einer gut sortierten Fleischtheke oder etablierter deutscher Metzgereiversand."	"PLANNED"	"Die Beschaffung von „Weißwurst“ über Vorbestellung an einer gut sortierten Fleischtheke oder etablierter deutscher Metzgereiversand prüft Tobias in Rostock nach dieser Produktbeschreibung: „Helle Brühwurst nach Weißwurst-Art aus Kalb- und/oder Schweinefleisch; regionale Würzung und Garzustand variieren.“"	"OPTIONAL"	"Weißwurst Helle Brühwurst nach Weißwurst-Art aus Kalb- und/oder Schweinefleisch; Tobias Rostock Fleisch Wurst exakte Tierart Zuschnitt; Schweinefleisch / Wurst; Vorbestellung an einer gut sortierten Fleischtheke oder etablierter deutscher Metzgereiversand; gezielter Einkauf Deutschland Wochenvorlauf; die präzise tierische Produktform"	""	"TOBIAS_ROSTOCK_PROFILE|RATING_RECONCILED_V2"	"PROPOSED_FOR_HUMAN_REVIEW"
"WHITE_SUGAR"	"Zucker"	"APPLICABLE"	"Raffinierter weißer Zucker als kristallines, weitgehend neutrales Süßungsmittel; Körnung bleibt offen."	"GENERAL_LOCAL"	"Die Beschaffung von „Zucker“ erfolgt in Rostock über das Back-, Süßwaren- oder Brotregal eines gewöhnlichen großen Rostocker Supermarkts."	"EASY"	"Den Weg über das Back-, Süßwaren- oder Brotregal eines gewöhnlichen großen Rostocker Supermarkts nutzt Tobias in Rostock für „Zucker“ unter folgender Warenvorgabe: „Raffinierter weißer Zucker als kristallines, weitgehend neutrales Süßungsmittel; Körnung bleibt offen.“"	"OPTIONAL"	"Zucker Raffinierter weißer Zucker als kristallines, weitgehend neutrales…; Tobias Rostock Backware Süßungsmittel exakte Form; Süßungsmittel; Das Back-, Süßwaren- oder Brotregal eines gewöhnlichen großen Rostocker Supermarkts; reguläres Sortiment Filialverfügbarkeit; die exakt festgelegte Darreichung"	""	"TOBIAS_ROSTOCK_PROFILE"	"PROPOSED_FOR_HUMAN_REVIEW"
"WHITE_TEA"	"weißer Tee"	"APPLICABLE"	"Sehr wenig verarbeiteter Tee aus jungen Knospen und Blättern mit zartem, floralem Profil."	"GENERAL_BROAD"	"weißer Tee: Pit&Pit bietet Bio-Mao-Feng aus einer jungen Knospe und zwei jungen Blättern lagernd mit 2–3 Werktagen Lieferzeit an; für Rostock ist dies ein konkreter Versandweg statt garantierter Supermarktware."	"PLANNED"	"Tobias erreicht in Rostock den geprüften weißen Mao-Feng über Vorbestellung: Die lagernde lose Ware aus jungen Knospen und Blättern besitzt das verlangte zart-florale Profil, bleibt jedoch saisonal mengenbegrenzt."	"REQUIRED"	"weißer Tee Mao Feng Bio junge Knospe zwei Blätter zart floral lagernd | Tobias Rostock Pit&Pit Lieferung 2–3 Werktage | saisonal begrenzte lose Ware"	"AV2N-N-0249"	"TOBIAS_ROSTOCK_PROFILE|RESEARCH_REQUIRED"	"PROPOSED_FOR_HUMAN_REVIEW"
"WHITE_VINEGAR"	"Branntweinessig"	"APPLICABLE"	"Klarer neutraler Branntweinessig mit direkter Säure; nicht automatisch hochkonzentrierte Essigessenz."	"GENERAL_LOCAL"	"Die Beschaffung von „Branntweinessig“ erfolgt in Rostock über das Saucen-, Essig- oder Feinkostregal eines gewöhnlichen großen Rostocker Supermarkts."	"EASY"	"Für „Branntweinessig“ kontrolliert Tobias den Rostocker Bezug über das Saucen-, Essig- oder Feinkostregal eines gewöhnlichen großen Rostocker Supermarkts unter folgender Warenvorgabe: „Klarer neutraler Branntweinessig mit direkter Säure; nicht automatisch hochkonzentrierte Essigessenz.“"	"OPTIONAL"	"Branntweinessig Klarer neutraler Branntweinessig mit direkter Säure; Tobias Rostock Würzsauce Paste Essig exakte Sorte; Essig; Das Saucen-, Essig- oder Feinkostregal eines gewöhnlichen großen Rostocker Supermarkts; reguläres Sortiment Filialverfügbarkeit; die exakt festgelegte Darreichung"	""	"TOBIAS_ROSTOCK_PROFILE"	"PROPOSED_FOR_HUMAN_REVIEW"
"WHITE_WINE"	"Weißwein"	"APPLICABLE"	"Weißwein als Kochzutat; Rebsorte, Körper und Trockenheitsgrad bleiben offen, kein aromatisiertes Weingetränk."	"GENERAL_LOCAL"	"Für „Weißwein“ wird das Angebot über das Spirituosen- oder Weinregal eines gewöhnlichen großen Rostocker Supermarkts kontrolliert."	"EASY"	"Beim Rostocker Einkauf setzt Tobias für „Weißwein“ auf das Spirituosen- oder Weinregal eines gewöhnlichen großen Rostocker Supermarkts, wobei folgende Abgrenzung gilt: „Weißwein als Kochzutat; Rebsorte, Körper und Trockenheitsgrad bleiben offen, kein aromatisiertes Weingetränk.“"	"OPTIONAL"	"Weißwein Weißwein als Kochzutat; Rebsorte, Körper und Trockenheitsgrad bleiben offen…; Tobias Rostock Getränkehandel Kochalkohol genaue Sorte; Kochalkohol; Das Spirituosen- oder Weinregal eines gewöhnlichen großen Rostocker Supermarkts; reguläres Sortiment Filialverfügbarkeit; die exakt festgelegte Darreichung"	""	"TOBIAS_ROSTOCK_PROFILE"	"PROPOSED_FOR_HUMAN_REVIEW"
"WHITE_WINE_VINEGAR"	"Weißweinessig"	"APPLICABLE"	"Aus Weißwein vergorener Essig mit heller fruchtiger Säure; nicht Weißwein oder Reisessig."	"GENERAL_LOCAL"	"Beim Einkauf von „Weißweinessig“ nutzt Tobias das Saucen-, Essig- oder Feinkostregal eines gewöhnlichen großen Rostocker Supermarkts."	"EASY"	"Die Beschaffung von „Weißweinessig“ über das Saucen-, Essig- oder Feinkostregal eines gewöhnlichen großen Rostocker Supermarkts prüft Tobias in Rostock unter folgender Warenvorgabe: „Aus Weißwein vergorener Essig mit heller fruchtiger Säure; nicht Weißwein oder Reisessig.“"	"OPTIONAL"	"Weißweinessig Aus Weißwein vergorener Essig mit heller fruchtiger Säure; Tobias Rostock Würzsauce Paste Essig exakte Sorte; Essig; Das Saucen-, Essig- oder Feinkostregal eines gewöhnlichen großen Rostocker Supermarkts; reguläres Sortiment Filialverfügbarkeit; die exakt festgelegte Darreichung"	""	"TOBIAS_ROSTOCK_PROFILE"	"PROPOSED_FOR_HUMAN_REVIEW"
"WHOLEGRAIN_MUSTARD"	"körniger Senf"	"APPLICABLE"	"Senf mit sichtbaren ganzen oder grob gebrochenen Senfkörnern und körniger Textur; Schärfe bleibt offen."	"GENERAL_LOCAL"	"Für „körniger Senf“ wird das Angebot über das Saucen-, Essig- oder Feinkostregal eines gewöhnlichen großen Rostocker Supermarkts kontrolliert."	"EASY"	"Beim Rostocker Einkauf setzt Tobias für „körniger Senf“ auf das Saucen-, Essig- oder Feinkostregal eines gewöhnlichen großen Rostocker Supermarkts unter folgender Warenvorgabe: „Senf mit sichtbaren ganzen oder grob gebrochenen Senfkörnern und körniger Textur; Schärfe bleibt offen.“"	"OPTIONAL"	"körniger Senf Senf mit sichtbaren ganzen oder grob gebrochenen Senfkörnern und körniger…; Tobias Rostock Würzsauce Paste Essig exakte Sorte; Senf; Das Saucen-, Essig- oder Feinkostregal eines gewöhnlichen großen Rostocker Supermarkts; reguläres Sortiment Filialverfügbarkeit; die geforderte ganze oder körnige Form"	""	"TOBIAS_ROSTOCK_PROFILE"	"PROPOSED_FOR_HUMAN_REVIEW"
"WILD_BOAR"	"Wildschwein"	"APPLICABLE"	"Wildschweinfleisch mit kräftigem Wildaroma und meist dunklerem Fleisch als Hausschwein; Zuschnitt bleibt offen."	"GENERAL_BROAD"	"Tobias prüft „Wildschwein“ in Rostock über MeinMetzger – Wildschweinbraten aus der Keule, wobei die Evidenz beim Abruf verfügbaren Bestand und Kühlversand ausweist."	"PLANNED"	"Über MeinMetzger – Wildschweinbraten aus der Keule (Evidenzstand: beim Abruf verfügbaren Bestand und Kühlversand) prüft Tobias in Rostock „Wildschwein“, wobei folgende Abgrenzung gilt: „Wildschweinfleisch mit kräftigem Wildaroma und meist dunklerem Fleisch als Hausschwein; Zuschnitt bleibt offen.“"	"REQUIRED"	"Wildschwein Wildschweinfleisch mit kräftigem Wildaroma und meist dunklerem Fleisch als…; Tobias Rostock Fleisch Wurst exakte Tierart Zuschnitt; Wildfleisch; MeinMetzger – Wildschweinbraten aus der Keule; gezielter Einkauf Deutschland Wochenvorlauf; den festgelegten Zuschnitt"	"AV2N-N-0251"	"TOBIAS_ROSTOCK_PROFILE|RESEARCH_REQUIRED"	"PROPOSED_FOR_HUMAN_REVIEW"
"WILD_RICE"	"Wildreis"	"APPLICABLE"	"Botanisch kein Reis, kulinarisch jedoch ein reisähnliches Getreideprodukt."	"GENERAL_BROAD"	"Die Rostocker Warenprüfung für „Wildreis“ erfolgt über gut sortierte Vollsortimenter und etablierte deutsche Bio- oder Trockenwarenhändler."	"PLANNED"	"Beim Rostocker Einkauf setzt Tobias für „Wildreis“ auf gut sortierte Vollsortimenter und etablierte deutsche Bio- oder Trockenwarenhändler unter folgender Warenvorgabe: „Botanisch kein Reis, kulinarisch jedoch ein reisähnliches Getreideprodukt.“"	"OPTIONAL"	"Wildreis Botanisch kein Reis, kulinarisch jedoch ein reisähnliches Getreideprodukt; Tobias Rostock Getreide Stärke Teigware genaue Form; Getreide oder Pseudogetreide / Reisprodukt; gut sortierte Vollsortimenter und etablierte deutsche Bio- oder Trockenwarenhändler; gezielter Einkauf Deutschland Wochenvorlauf; die exakt festgelegte Darreichung"	""	"TOBIAS_ROSTOCK_PROFILE"	"PROPOSED_FOR_HUMAN_REVIEW"
"WONTON_WRAPPERS"	"Wonton-Teigblätter"	"APPLICABLE"	"Dünne quadratische Weizenteigblätter, meist mit Ei, zum Füllen als Wontons; nicht Reispapier."	"SPECIALTY_BROAD"	"Tobias prüft „Wonton-Teigblätter“ in Rostock über Asian Brand – frozen wonton wrappers 500 g und Asiatischer Lebensmittelladen – wonton pastry 200 g, wobei die Evidenz verfügbaren Bestand in einem laufenden Fachsortiment und Tiefkühlversand ausweist."	"SPECIALTY"	"Über Asian Brand – frozen wonton wrappers 500 g und Asiatischer Lebensmittelladen – wonton pastry 200 g (Evidenzstand: verfügbaren Bestand in einem laufenden Fachsortiment und Tiefkühlversand) prüft Tobias in Rostock „Wonton-Teigblätter“, wobei folgende Abgrenzung gilt: „Dünne quadratische Weizenteigblätter, meist mit Ei, zum Füllen als Wontons; nicht Reispapier.“"	"REQUIRED"	"Wonton-Teigblätter Dünne quadratische Weizenteigblätter, meist mit Ei, zum Füllen als Wontons; Tobias Rostock Getreide Stärke Teigware genaue Form; Teigblatt oder Dumpling-Hülle; Asian Brand – frozen wonton wrappers 500 g | Asiatischer Lebensmittelladen – wonton pastry 200 g; mehrere unabhängige Fachhändler Marktbreite; die exakt festgelegte Darreichung"	"AV2N-N-0254|AV2N-N-0255"	"TOBIAS_ROSTOCK_PROFILE|SPECIALTY_MARKET_BREADTH|RESEARCH_REQUIRED"	"PROPOSED_FOR_HUMAN_REVIEW"
"WOOD_EAR"	"Mu-Err-Pilze"	"APPLICABLE"	"Mu-Err- beziehungsweise Judasohren mit elastisch-knackiger Textur und mildem Geschmack; meist getrocknet und eingeweicht."	"GENERAL_BROAD"	"Die Thai-Dancer-Produktseite zeigt 100 g getrocknete schwarze Mu-Err-Pilze mit aktuellem Bestand. Der haltbare Beutel gelangt per DHL nach Rostock und wird dort vor der Verwendung eingeweicht."	"PLANNED"	"Für Tobias ist die elastisch-knackige Mu-Err-Form als getrockneter 100-g-Beutel bei Asiafoodland belegt. Die lagernde Trockenware kommt ungekühlt nach Rostock und muss anschließend eingeweicht werden."	"REQUIRED"	"Thai Dancer Mu Err 100 g getrocknet Asiafoodland Lagerbestand Standardversand Rostock"	"AV2N-N-0256"	"TOBIAS_ROSTOCK_PROFILE|SPECIALTY_MARKET_BREADTH|RESEARCH_REQUIRED|RATING_RECONCILED_V2"	"PROPOSED_FOR_HUMAN_REVIEW"
"WORCESTERSHIRE_SAUCE"	"Worcestersauce"	"APPLICABLE"	"Dünne britische fermentierte Würzsauce mit Säure, Süße, Gewürzen und typischerweise Sardellen; intensiv und sparsam dosiert."	"GENERAL_LOCAL"	"Der konkrete Bezug von „Worcestersauce“ läuft über das Saucen-, Essig- oder Feinkostregal eines gewöhnlichen großen Rostocker Supermarkts."	"EASY"	"Das Angebot zu „Worcestersauce“ über das Saucen-, Essig- oder Feinkostregal eines gewöhnlichen großen Rostocker Supermarkts kontrolliert Tobias in Rostock unter folgender Warenvorgabe: „Dünne britische fermentierte Würzsauce mit Säure, Süße, Gewürzen und typischerweise Sardellen; intensiv und sparsam dosiert.“"	"OPTIONAL"	"Worcestersauce Dünne britische fermentierte Würzsauce mit Säure, Süße, Gewürzen und…; Tobias Rostock Würzsauce Paste Essig exakte Sorte; fermentierte Würzzutat / fertige Sauce oder Würzpaste; Das Saucen-, Essig- oder Feinkostregal eines gewöhnlichen großen Rostocker Supermarkts; reguläres Sortiment Filialverfügbarkeit; die exakt festgelegte Darreichung"	""	"TOBIAS_ROSTOCK_PROFILE"	"PROPOSED_FOR_HUMAN_REVIEW"
"XO_SAUCE"	"XO-Sauce"	"APPLICABLE"	"Hongkonger ölbasierte Würzpaste mit getrockneten Meeresfrüchten, Chili und Aromaten; kräftig umamireich, nicht vegetarisch."	"SPECIALTY_BROAD"	"Tobias prüft „XO-Sauce“ in Rostock über Amazing Oriental – XO sauce range und Chefino – Lee XO sauce, wobei die Evidenz eine vor dem Einkauf erneut zu prüfende Verfügbarkeit und Standardversand ausweist."	"SPECIALTY"	"Über Amazing Oriental – XO sauce range und Chefino – Lee XO sauce (Evidenzstand: eine vor dem Einkauf erneut zu prüfende Verfügbarkeit und Standardversand) prüft Tobias in Rostock „XO-Sauce“, wobei folgende Abgrenzung gilt: „Hongkonger ölbasierte Würzpaste mit getrockneten Meeresfrüchten, Chili und Aromaten; kräftig umamireich, nicht vegetarisch.“"	"REQUIRED"	"XO-Sauce Hongkonger ölbasierte Würzpaste mit getrockneten Meeresfrüchten, Chili und…; Tobias Rostock Würzsauce Paste Essig exakte Sorte; fertige Sauce oder Würzpaste; Amazing Oriental – XO sauce range | Chefino – Lee XO sauce; mehrere unabhängige Fachhändler Marktbreite; die getrocknete Produktform"	"AV2N-N-0259|AV2N-N-0260"	"TOBIAS_ROSTOCK_PROFILE|SPECIALTY_MARKET_BREADTH|RESEARCH_REQUIRED"	"PROPOSED_FOR_HUMAN_REVIEW"
"YAM"	"Yamswurzel"	"APPLICABLE"	"Stärkereiche Yamsknolle der Gattung Dioscorea; Sorte bleibt offen, nicht Süßkartoffel oder Ube."	"SPECIALTY_BROAD"	"Tobias prüft „Yamswurzel“ in Rostock über Afro World Dortmund – fresh yam route und Afrofoodexpress – fresh yam range, wobei die Evidenz eine vor dem Einkauf erneut zu prüfende Verfügbarkeit und Frischeversand sowie einen gezielten Händlerbesuch ausweist."	"SPECIALTY"	"Über Afro World Dortmund – fresh yam route und Afrofoodexpress – fresh yam range (Evidenzstand: eine vor dem Einkauf erneut zu prüfende Verfügbarkeit und Frischeversand sowie einen gezielten Händlerbesuch) prüft Tobias in Rostock „Yamswurzel“, wobei folgende Abgrenzung gilt: „Stärkereiche Yamsknolle der Gattung Dioscorea; Sorte bleibt offen, nicht Süßkartoffel oder Ube.“"	"REQUIRED"	"Yamswurzel Stärkereiche Yamsknolle der Gattung Dioscorea; Tobias Rostock Gemüse frisch TK genaue Sorte; Wurzel- und Knollengemüse / stärkehaltige Zutat oder Sättigungsbeilage; Afrofoodexpress – fresh yam range | Afro World Dortmund – fresh yam route; mehrere unabhängige Fachhändler Marktbreite; die exakt festgelegte Darreichung"	"AV2N-N-0263|AV2N-N-0264"	"TOBIAS_ROSTOCK_PROFILE|SPECIALTY_MARKET_BREADTH|RESEARCH_REQUIRED"	"PROPOSED_FOR_HUMAN_REVIEW"
"YEAST_EXTRACT"	"Hefeextrakt"	"APPLICABLE"	"Konzentrierter Hefeextrakt als salzig-umamireiche Paste oder Würze; nicht aktive Hefe oder Hefeflocken."	"SPECIALTY_BROAD"	"Für „Hefeextrakt“ führt der Rostocker Marktweg über spezialisierte Anbieter für Saucen, Pasten und Würzen, wobei die Evidenz die menschliche v2-Freigabe für diesen Weg und einen gezielten Händlerbesuch sowie Standardversand ausweist."	"SPECIALTY"	"Über spezialisierte Anbieter für Saucen, Pasten und Würzen (Evidenzstand: die menschliche v2-Freigabe für diesen Weg und einen gezielten Händlerbesuch sowie Standardversand) prüft Tobias in Rostock „Hefeextrakt“, wobei folgende Abgrenzung gilt: „Konzentrierter Hefeextrakt als salzig-umamireiche Paste oder Würze; nicht aktive Hefe oder Hefeflocken.“"	"REQUIRED"	"Hefeextrakt Konzentrierter Hefeextrakt als salzig-umamireiche Paste oder Würze; Tobias Rostock Würzsauce Paste Essig exakte Sorte; fermentierte Würzzutat / fertige Sauce oder Würzpaste; Spezialhandel für Saucen, Pasten und Würzen; mehrere unabhängige Fachhändler Marktbreite; die pastöse Produktform"	"AV2E-066"	"REFERENCE_ANCHOR|TOBIAS_ROSTOCK_PROFILE|SPECIALTY_MARKET_BREADTH|RESEARCH_REQUIRED|REFERENCE_ANCHOR_V2"	"APPROVED_REFERENCE_ANCHOR_V2"
"YELLOW_BELL_PEPPER"	"gelbe Paprika"	"APPLICABLE"	"Reif gelbe Gemüsepaprika mit mildem, süß-fruchtigem Geschmack; nicht scharfe gelbe Chili."	"GENERAL_LOCAL"	"Tobias sucht „gelbe Paprika“ in Rostock über die Gemüseabteilung eines gewöhnlichen großen Rostocker Supermarkts gesucht."	"EASY"	"Die Beschaffung von „gelbe Paprika“ über die Gemüseabteilung eines gewöhnlichen großen Rostocker Supermarkts prüft Tobias in Rostock mit dem folgenden Formkern: „Reif gelbe Gemüsepaprika mit mildem, süß-fruchtigem Geschmack; nicht scharfe gelbe Chili.“"	"OPTIONAL"	"gelbe Paprika Reif gelbe Gemüsepaprika mit mildem, süß-fruchtigem Geschmack; Tobias Rostock Gemüse frisch TK genaue Sorte; Paprika; Die Gemüseabteilung eines gewöhnlichen großen Rostocker Supermarkts; reguläres Sortiment Filialverfügbarkeit; die exakt festgelegte Darreichung"	""	"TOBIAS_ROSTOCK_PROFILE"	"PROPOSED_FOR_HUMAN_REVIEW"
"YELLOW_LENTILS"	"gelbe Linsen"	"APPLICABLE"	"Gelbe geschälte Linsen mit kurzer Garzeit und cremig zerfallender Textur; konkrete Hülsenfruchtvariante kann regional variieren."	"GENERAL_BROAD"	"Tobias prüft „gelbe Linsen“ in Rostock über gut sortierte Vollsortimenter und etablierte deutsche Bio- oder Trockenwarenhändler."	"PLANNED"	"Das Angebot zu „gelbe Linsen“ über gut sortierte Vollsortimenter und etablierte deutsche Bio- oder Trockenwarenhändler kontrolliert Tobias in Rostock unter folgender Warenvorgabe: „Gelbe geschälte Linsen mit kurzer Garzeit und cremig zerfallender Textur; konkrete Hülsenfruchtvariante kann regional variieren.“"	"OPTIONAL"	"gelbe Linsen Gelbe geschälte Linsen mit kurzer Garzeit und cremig zerfallender Textur; Tobias Rostock Hülsenfrucht getrocknet vorgegart Sorte; Linsen; gut sortierte Vollsortimenter und etablierte deutsche Bio- oder Trockenwarenhändler; gezielter Einkauf Deutschland Wochenvorlauf; die exakt festgelegte Darreichung"	""	"TOBIAS_ROSTOCK_PROFILE"	"PROPOSED_FOR_HUMAN_REVIEW"
"YELLOW_SPLIT_PEAS"	"gelbe Schälerbsen"	"APPLICABLE"	"Getrocknete gelbe geschälte und halbierte Erbsen; für Suppen, Pürees und Eintöpfe geeignet."	"GENERAL_LOCAL"	"Für „gelbe Schälerbsen“ wird das Angebot über das Hülsenfrucht-, Konserven- oder Trockensortiment eines gewöhnlichen großen Rostocker Supermarkts kontrolliert."	"EASY"	"Beim Rostocker Einkauf setzt Tobias für „gelbe Schälerbsen“ auf das Hülsenfrucht-, Konserven- oder Trockensortiment eines gewöhnlichen großen Rostocker Supermarkts mit diesem inhaltlichen Maßstab: „Getrocknete gelbe geschälte und halbierte Erbsen; für Suppen, Pürees und Eintöpfe geeignet.“"	"OPTIONAL"	"gelbe Schälerbsen Getrocknete gelbe geschälte und halbierte Erbsen; Tobias Rostock Hülsenfrucht getrocknet vorgegart Sorte; Spalterbsen; Das Hülsenfrucht-, Konserven- oder Trockensortiment eines gewöhnlichen großen Rostocker Supermarkts; reguläres Sortiment Filialverfügbarkeit; die getrocknete Produktform"	""	"TOBIAS_ROSTOCK_PROFILE"	"PROPOSED_FOR_HUMAN_REVIEW"
"YOGURT"	"Joghurt"	"APPLICABLE"	"Durch Milchsäurekulturen gesäuerte Milch mit cremiger bis stichfester Textur; natur und ohne prägende Zusätze gemeint."	"GENERAL_LOCAL"	"Tobias sucht „Joghurt“ in Rostock über die Molkereikühlung eines gewöhnlichen großen Rostocker Supermarkts, wobei die Evidenz die menschliche v2-Freigabe für diesen Weg und eine lokale Standortprüfung ausweist gesucht."	"EASY"	"Über die Molkereikühlung eines gewöhnlichen großen Rostocker Supermarkts (Evidenzstand: die menschliche v2-Freigabe für diesen Weg und eine lokale Standortprüfung) prüft Tobias in Rostock „Joghurt“, wobei folgende Abgrenzung gilt: „Durch Milchsäurekulturen gesäuerte Milch mit cremiger bis stichfester Textur; natur und ohne prägende Zusätze gemeint.“"	"OPTIONAL"	"Joghurt Durch Milchsäurekulturen gesäuerte Milch mit cremiger bis stichfester Textur; Tobias Rostock Milchprodukt genaue Sorte Fettstufe; gesäuertes Milchprodukt / frisches Milchprodukt; Die Molkereikühlung eines gewöhnlichen großen Rostocker Supermarkts; reguläres Sortiment Filialverfügbarkeit; die präzise gekühlte oder tierische Produktform"	"AV2E-005"	"REFERENCE_ANCHOR|TOBIAS_ROSTOCK_PROFILE|REFERENCE_ANCHOR_V2"	"APPROVED_REFERENCE_ANCHOR_V2"
"YUZU"	"Yuzu"	"APPLICABLE"	"Ostasiatische Zitrusfrucht mit intensiv floral-herbem Aroma; meist Saft und Schale, frisch oder ungesüßt konserviert."	"SPECIALTY_BROAD"	"Tobias prüft „Yuzu“ in Rostock über BOS FOOD – Takada 100% Yuzu juice 1 l und Feinkost Käfer – 100% Yuzu direct juice 100 ml, wobei die Evidenz verfügbaren Bestand in einem laufenden Fachsortiment und Standardversand ausweist."	"SPECIALTY"	"Über BOS FOOD – Takada 100% Yuzu juice 1 l und Feinkost Käfer – 100% Yuzu direct juice 100 ml (Evidenzstand: verfügbaren Bestand in einem laufenden Fachsortiment und Standardversand) prüft Tobias in Rostock „Yuzu“, wobei folgende Abgrenzung gilt: „Ostasiatische Zitrusfrucht mit intensiv floral-herbem Aroma; meist Saft und Schale, frisch oder ungesüßt konserviert.“"	"REQUIRED"	"Yuzu Ostasiatische Zitrusfrucht mit intensiv floral-herbem Aroma; Tobias Rostock Obst frisch TK genaue Sorte; Zitrusfrucht; Feinkost Käfer – 100% Yuzu direct juice 100 ml | BOS FOOD – Takada 100% Yuzu juice 1 l; mehrere unabhängige Fachhändler Marktbreite; die verlangte frische Form"	"AV2N-N-0267|AV2N-N-0268"	"TOBIAS_ROSTOCK_PROFILE|FORM_OR_LOGISTICS_RISK|FORM_SENSITIVE|RESEARCH_REQUIRED|RATING_RECONCILED_V2"	"PROPOSED_FOR_HUMAN_REVIEW"
"ZAATAR"	"Za’atar"	"APPLICABLE"	"Levantinische Gewürzmischung typischerweise aus Za’atar-Kraut beziehungsweise Thymian, Sumach, Sesam und Salz; Rezepturen variieren."	"SPECIALTY_BROAD"	"Für „Za’atar“ führt der Rostocker Marktweg über levantinisch-nordafrikanische Lebensmittelfachhändler, wobei die Evidenz die menschliche v2-Freigabe für diesen Weg und Frischeversand sowie einen gezielten Händlerbesuch ausweist."	"SPECIALTY"	"Über levantinisch-nordafrikanische Lebensmittelfachhändler (Evidenzstand: die menschliche v2-Freigabe für diesen Weg und Frischeversand sowie einen gezielten Händlerbesuch) prüft Tobias in Rostock „Za’atar“, wobei folgende Abgrenzung gilt: „Levantinische Gewürzmischung typischerweise aus Za’atar-Kraut beziehungsweise Thymian, Sumach, Sesam und Salz; Rezepturen variieren.“"	"REQUIRED"	"Za’atar Levantinische Gewürzmischung typischerweise aus Za’atar-Kraut beziehungsweise…; Tobias Rostock Gewürz ganze gemahlene getrocknete Form; Gewürzmischung; levantinisch-nordafrikanischen Lebensmittel-Spezialhandel; mehrere unabhängige Fachhändler Marktbreite; die geforderte Blatt- oder Kräuterform"	"AV2E-033"	"REFERENCE_ANCHOR|TOBIAS_ROSTOCK_PROFILE|SPECIALTY_MARKET_BREADTH|RESEARCH_REQUIRED|PERSON_DIFFERENCE|REFERENCE_ANCHOR_V2"	"APPROVED_REFERENCE_ANCHOR_V2"
"ZUCCHINI"	"Zucchini"	"APPLICABLE"	"Zucchini als mildes, saftiges Fruchtgemüse; grüne und gelbe sowie längliche und runde Sorten sind umfasst."	"GENERAL_LOCAL"	"Die Rostocker Warenprüfung für „Zucchini“ erfolgt über die Gemüseabteilung eines gewöhnlichen großen Rostocker Supermarkts."	"EASY"	"Beim Rostocker Einkauf setzt Tobias für „Zucchini“ auf die Gemüseabteilung eines gewöhnlichen großen Rostocker Supermarkts mit dem folgenden Formkern: „Zucchini als mildes, saftiges Fruchtgemüse; grüne und gelbe sowie längliche und runde Sorten sind umfasst.“"	"OPTIONAL"	"Zucchini Zucchini als mildes, saftiges Fruchtgemüse; Tobias Rostock Gemüse frisch TK genaue Sorte; Fruchtgemüse; Die Gemüseabteilung eines gewöhnlichen großen Rostocker Supermarkts; reguläres Sortiment Filialverfügbarkeit; die exakt festgelegte Darreichung"	""	"TOBIAS_ROSTOCK_PROFILE"	"PROPOSED_FOR_HUMAN_REVIEW"
