concept_code	display_name	applicability	current_weight	target_weight	change_status	comparison_group	anchor_code	rationale	exception_reference	source_reference
ABURAAGE	Aburaage	APPLICABLE	1.0000	0.7500	CHANGED	TOFU	TOFU	Semantik: Dünne frittierte Tofublätter beziehungsweise -taschen mit schwammiger Struktur. Gemeint ist die ungewürzte Grundware zum Füllen oder Mitgaren, nicht dicker Atsuage oder bereits süß marinierte Inari-Hüllen. Vergleich: Tofu (0.7500) in TOFU. Entscheidungsgrund: Die benannte Zutat ist gegenüber dem Oberbegriff konkretisiert, behält aber mehrere eigenständige Kochfunktionen und Zubereitungswege; die Familienüberschneidung rechtfertigt die maßvolle Verdichtung.		MAIN_C604408_FULL_MASTER_POSTGRESQL17;ISSUE_288_AGENTIC_REVIEW_2026-09-17
ADZUKI_BEANS	Adzukibohnen	APPLICABLE	0.4500	0.7500	CHANGED	BEANS	BEANS	Semantik: Kleine rote Bohnen mit mild-nussigem, leicht süßlichem Geschmack; getrocknet oder vorgegart verwendbar. Vergleich: Bohnen (1.0000) in BEANS. Entscheidungsgrund: Art oder Sorte sind festgelegt, doch Zuschnitt, Garmethode und Kombination bleiben in mehreren süßen beziehungsweise herzhaften Anwendungen offen; das entspricht den eigenständigen Rohstoff-Peers der Familie.		MAIN_C604408_FULL_MASTER_POSTGRESQL17;ISSUE_288_AGENTIC_REVIEW_2026-09-17
AGAVE_SYRUP	Agavendicksaft	APPLICABLE	0.4500	0.5000	CHANGED	SYRUP	SYRUP	Semantik: Konzentrierter Sirup aus Agaven; süßt neutraler als Honig und bleibt auch kalt gut löslich. Vergleich: Sirup (1.0000) in SYRUP. Entscheidungsgrund: Verarbeitung, Aromaprofil oder fertige Produktfunktion sind bereits deutlich festgelegt; die Zutat ist eigenständig, aber weniger breit integrierbar als der neutrale Familienanker.		MAIN_C604408_FULL_MASTER_POSTGRESQL17;ISSUE_288_AGENTIC_REVIEW_2026-09-17
AIOLI	Aioli	APPLICABLE	0.5500	0.5000	CHANGED	READY_SAUCES_AND_PASTES	MAYONNAISE	Semantik: Knoblauch-Öl-Emulsion nach Aioli-/Allioli-Art; traditionell ohne Ei möglich, moderne Varianten können Ei enthalten. Knoblauch und Öl sind definierend; nicht beliebige Mayonnaise mit Knoblaucharoma. Vergleich: Mayonnaise (0.5000) in READY_SAUCES_AND_PASTES. Entscheidungsgrund: Die fertige Würzform bringt ein eigenes Aroma- und häufig Texturprofil mit; gegenüber dem Anker ist sie eigenständig, beschränkt aber freie Würzung und Gerichtsausrichtung, weshalb die Familie kompakt auf dieser Stufe bleibt.		MAIN_C604408_FULL_MASTER_POSTGRESQL17;ISSUE_288_AGENTIC_REVIEW_2026-09-17
AJVAR	Ajvar	APPLICABLE	0.5500	0.5000	CHANGED	READY_SAUCES_AND_PASTES	MAYONNAISE	Semantik: Balkanische Paprikazubereitung aus gerösteter Paprika, häufig mit Aubergine; als fertige Würzpaste oder Beilage gemeint. Vergleich: Mayonnaise (0.5000) in READY_SAUCES_AND_PASTES. Entscheidungsgrund: Die fertige Würzform bringt ein eigenes Aroma- und häufig Texturprofil mit; gegenüber dem Anker ist sie eigenständig, beschränkt aber freie Würzung und Gerichtsausrichtung, weshalb die Familie kompakt auf dieser Stufe bleibt.	ISSUE_278_CURRENT_SCOPE_CONTRADICTION	MAIN_C604408_FULL_MASTER_POSTGRESQL17;ISSUE_288_AGENTIC_REVIEW_2026-09-17
AJWAIN	Ajowan	APPLICABLE	0.2500	0.7500	CHANGED	SPICES	CUMIN	Semantik: Kräftig thymianartig schmeckende Samenfrucht, die meist sparsam und häufig angeröstet als Gewürz verwendet wird. Vergleich: Kreuzkümmel (0.7500) in SPICES. Entscheidungsgrund: Das einzelne Aroma ist klar festgelegt, kann aber über mehrere Gerichte, Techniken und Kombinationen eingesetzt werden; wie beim Anker bleibt ausreichend eigenständige Kochbreite.		MAIN_C604408_FULL_MASTER_POSTGRESQL17;ISSUE_288_AGENTIC_REVIEW_2026-09-17
ALE	Ale	APPLICABLE	0.2500	0.2500	UNCHANGED	BEER	BEER	Semantik: Obergäriges Bier der Ale-Familie; etwa Bitter, Pale Ale, Mild oder Brown Ale sind zulässige Ausprägungen. Lager ist nicht gemeint, Stout und Porter werden hier ebenfalls nicht mitgeführt. Vergleich: Bier (0.2500) in BEER. Entscheidungsgrund: Der Alkohol ist als Kochzutat eine geschmacks- und verfahrensprägende Pflichtvorgabe; Sorte und Stil unterscheiden die Aufgabe zusätzlich, weshalb der einheitliche Kochalkoholvertrag 0,25 vorsieht.	COOKING_ALCOHOL_INDEPENDENT_LOW_WEIGHT	MAIN_C604408_FULL_MASTER_POSTGRESQL17;ISSUE_288_AGENTIC_REVIEW_2026-09-17
ALFALFA_SPROUTS	Alfalfasprossen	APPLICABLE	0.4500	0.7500	CHANGED	SPROUTS	SPROUTS	Semantik: Zarte Luzernensprossen mit mild-grünem Geschmack; vor allem roh oder nur sehr kurz erhitzt verwendbar. Vergleich: Sprossen (1.0000) in SPROUTS. Entscheidungsgrund: Die benannte Zutat ist gegenüber dem Oberbegriff konkretisiert, behält aber mehrere eigenständige Kochfunktionen und Zubereitungswege; die Familienüberschneidung rechtfertigt die maßvolle Verdichtung.		MAIN_C604408_FULL_MASTER_POSTGRESQL17;ISSUE_288_AGENTIC_REVIEW_2026-09-17
ALIGUE	Aligue	APPLICABLE	0.1800	0.2500	CHANGED	READY_SAUCES_AND_PASTES	MAYONNAISE	Semantik: Philippinische Würzpaste aus ausgelassenem Krabbenfett mit intensiv meeresfruchtig-röstigem Aroma; meist sparsam zum Aromatisieren verwendet. Vergleich: Mayonnaise (0.5000) in READY_SAUCES_AND_PASTES. Entscheidungsgrund: Die fermentierte Krabbenfettpaste verbindet Rohstoff, starke Salzigkeit, Fettigkeit und Würzfunktion so eng, dass sie Gerichtsrichtung und Dosierung stärker bindet als gewöhnliche fertige Saucen.		MAIN_C604408_FULL_MASTER_POSTGRESQL17;ISSUE_288_AGENTIC_REVIEW_2026-09-17
ALLIUM_VEGETABLES	Lauch- und Zwiebelgemüse	APPLICABLE	0.5500	1.0000	CHANGED	VEGETABLES	VEGETABLES	Semantik: Offene Vorgabe für Zwiebel-, Lauch- und verwandte Gemüsearten mit schwefelig-aromatischer Würzwirkung. Vergleich: Gemüse (1.0000) in VEGETABLES. Entscheidungsgrund: Die Zeile ist eine breite drawable Rohstofffamilie und lässt Sorte sowie rohe, gegarte oder weiterverarbeitete Umsetzung offen; sie bleibt deshalb der volle Referenzpunkt.		MAIN_C604408_FULL_MASTER_POSTGRESQL17;ISSUE_288_AGENTIC_REVIEW_2026-09-17
ALLSPICE	Piment	APPLICABLE	0.4500	0.7500	CHANGED	SPICES	CUMIN	Semantik: Getrocknete Pimentbeeren mit Aromen, die an Nelke, Zimt und Muskat erinnern; nicht mit einer Gewürzmischung verwechseln. Vergleich: Kreuzkümmel (0.7500) in SPICES. Entscheidungsgrund: Das einzelne Aroma ist klar festgelegt, kann aber über mehrere Gerichte, Techniken und Kombinationen eingesetzt werden; wie beim Anker bleibt ausreichend eigenständige Kochbreite.		MAIN_C604408_FULL_MASTER_POSTGRESQL17;ISSUE_288_AGENTIC_REVIEW_2026-09-17
ALMOND	Mandeln	APPLICABLE	0.6500	0.7500	CHANGED	NUTS	NUTS	Semantik: Mandeln mit mild-nussigem Geschmack; ganz, gehackt, gemahlen oder blanchiert einsetzbar. Vergleich: Nüsse (1.0000) in NUTS. Entscheidungsgrund: Art oder Sorte sind festgelegt, doch Zuschnitt, Garmethode und Kombination bleiben in mehreren süßen beziehungsweise herzhaften Anwendungen offen; das entspricht den eigenständigen Rohstoff-Peers der Familie.		MAIN_C604408_FULL_MASTER_POSTGRESQL17;ISSUE_288_AGENTIC_REVIEW_2026-09-17
ALMOND_BUTTER	Mandelmus	APPLICABLE	0.5500	0.5000	CHANGED	NUT_AND_SEED_PASTES	NUT_AND_SEED_PASTES	Semantik: Fein vermahlene Mandelpaste, ungesüßt oder leicht gesüßt; nicht Marzipan oder bloßes Mandelaroma. Vergleich: Nuss- oder Samenpaste (1.0000) in NUT_AND_SEED_PASTES. Entscheidungsgrund: Produktform, Aromaprofil oder typische Funktion sind enger vorgegeben als beim Anker; die Zutat bleibt unterscheidbar, wird wegen dieser Bindung innerhalb der Familie aber kompakter gewichtet.		MAIN_C604408_FULL_MASTER_POSTGRESQL17;ISSUE_288_AGENTIC_REVIEW_2026-09-17
ALMOND_DRINK	Mandelmilch	APPLICABLE	0.6000	0.7500	CHANGED	PLANT_DRINKS	SOY_DRINK	Semantik: Flüssiger Pflanzendrink auf Mandelbasis; gesüßte und ungesüßte Varianten sind umfasst. Vergleich: Sojamilch (0.7500) in PLANT_DRINKS. Entscheidungsgrund: Die konkrete Produktausprägung besitzt ein eigenes Profil, bleibt aber über mehrere Koch-, Back- oder Servierfunktionen einsetzbar; das trägt die Zwischenstufe gegenüber dem offenen Oberbegriff.		MAIN_C604408_FULL_MASTER_POSTGRESQL17;ISSUE_288_AGENTIC_REVIEW_2026-09-17
AMARANTH	Amaranth	APPLICABLE	0.4500	0.7500	CHANGED	GRAINS	GRAINS	Semantik: Kleine glutenfreie Pseudogetreidekörner mit leicht nussigem Geschmack; ganz gekocht oder gepufft verwendbar. Vergleich: Getreide oder Pseudogetreide (1.0000) in GRAINS. Entscheidungsgrund: Getreideart oder Produktform sind benannt, lassen aber süße und herzhafte Anwendungen sowie mehrere Garmethoden zu; diese Breite trägt die eigenständige Zwischenstufe.		MAIN_C604408_FULL_MASTER_POSTGRESQL17;ISSUE_288_AGENTIC_REVIEW_2026-09-17
ANCHOVIES	Sardellen	APPLICABLE	0.4500	0.5000	CHANGED	PRESERVED_FISH	CANNED_SARDINES	Semantik: Kleine fettreiche Fische, als Kochzutat meist gesalzen und in Öl oder Lake konserviert; lösen sich beim Garen oft würzend auf. Vergleich: Sardinen aus der Dose (0.5000) in PRESERVED_FISH. Entscheidungsgrund: Die übliche gesalzene Konserve löst sich häufig als Würzkomponente auf und ist damit enger als ein frei wählbarer fettreicher Fisch; die gleiche Stufe wie Dosensardinen bildet diese konservierte Produktform ab.		MAIN_C604408_FULL_MASTER_POSTGRESQL17;ISSUE_288_AGENTIC_REVIEW_2026-09-17
ANCHO_CHILI	Ancho-Chili	APPLICABLE	0.3500	0.7500	CHANGED	DRIED_CHILI	DRIED_CHILI	Semantik: Getrocknete reife Poblano-Chili mit milder Schärfe und fruchtig-rosinigem Aroma; nicht die frische grüne Poblano. Vergleich: getrocknete Chili (1.0000) in DRIED_CHILI. Entscheidungsgrund: Das einzelne Aroma ist klar festgelegt, kann aber über mehrere Gerichte, Techniken und Kombinationen eingesetzt werden; wie beim Anker bleibt ausreichend eigenständige Kochbreite.		MAIN_C604408_FULL_MASTER_POSTGRESQL17;ISSUE_288_AGENTIC_REVIEW_2026-09-17
ANNATTO	Annatto	APPLICABLE	0.3000	0.5000	CHANGED	SPICES	CUMIN	Semantik: Samen des Achiote-Strauchs, die Speisen orange-rot färben und mild erdig-pfeffrig würzen; ganz oder gemahlen verwendbar. Vergleich: Kreuzkümmel (0.7500) in SPICES. Entscheidungsgrund: Annatto wird vor allem gezielt für orange-rote Farbe und eine milde erdige Note eingesetzt; diese enge Farb- und Würzfunktion ist weniger breit als die von Kreuzkümmel.		MAIN_C604408_FULL_MASTER_POSTGRESQL17;ISSUE_288_AGENTIC_REVIEW_2026-09-17
AONORI	Aonori	APPLICABLE	1.0000	0.5000	CHANGED	SEAWEED	SEAWEED	Semantik: Aromatische grüne Würzalge, getrocknet und fein geschnitten oder geflockt. Als Streu- und Würzzutat verwenden; Nori-Blätter und unspezifische grüne Algenprodukte bleiben getrennt. Vergleich: Algen (1.0000) in SEAWEED. Entscheidungsgrund: Aonori legt eine fein zerkleinerte grüne Algenwürze für Bestreuen und Einmischen fest; gegenüber offener Algenware ist die Produktform und Funktion deutlich enger.		MAIN_C604408_FULL_MASTER_POSTGRESQL17;ISSUE_288_AGENTIC_REVIEW_2026-09-17
APPLE	Apfel	APPLICABLE	1.0000	0.7500	CHANGED	POME_FRUIT	POME_FRUIT	Semantik: Apfel als frische Frucht; Sorte und Verhältnis von Süße, Säure und Festigkeit bleiben offen. Vergleich: Kernobst (1.0000) in POME_FRUIT. Entscheidungsgrund: Art oder Sorte sind festgelegt, doch Zuschnitt, Garmethode und Kombination bleiben in mehreren süßen beziehungsweise herzhaften Anwendungen offen; das entspricht den eigenständigen Rohstoff-Peers der Familie.		MAIN_C604408_FULL_MASTER_POSTGRESQL17;ISSUE_288_AGENTIC_REVIEW_2026-09-17
APPLE_CIDER_VINEGAR	Apfelessig	APPLICABLE	0.6500	0.7500	CHANGED	VINEGAR	VINEGAR	Semantik: Aus Apfelwein vergorener Essig mit fruchtiger Säure; nicht Apfelsaft oder Cider. Vergleich: Essig (1.0000) in VINEGAR. Entscheidungsgrund: Die konkrete Produktausprägung besitzt ein eigenes Profil, bleibt aber über mehrere Koch-, Back- oder Servierfunktionen einsetzbar; das trägt die Zwischenstufe gegenüber dem offenen Oberbegriff.		MAIN_C604408_FULL_MASTER_POSTGRESQL17;ISSUE_288_AGENTIC_REVIEW_2026-09-17
APRICOT	Aprikose	APPLICABLE	0.5500	0.7500	CHANGED	STONE_FRUIT	STONE_FRUIT	Semantik: Aprikose als frische oder ungesüßt tiefgekühlte Steinfrucht mit süß-säuerlichem, aromatischem Fruchtfleisch. Vergleich: Steinobst (1.0000) in STONE_FRUIT. Entscheidungsgrund: Art oder Sorte sind festgelegt, doch Zuschnitt, Garmethode und Kombination bleiben in mehreren süßen beziehungsweise herzhaften Anwendungen offen; das entspricht den eigenständigen Rohstoff-Peers der Familie.		MAIN_C604408_FULL_MASTER_POSTGRESQL17;ISSUE_288_AGENTIC_REVIEW_2026-09-17
APRICOT_PRESERVES	Aprikosenkonfitüre	APPLICABLE	0.5500	0.5000	CHANGED	PRESERVED_PRODUCE	PRESERVED_PRODUCE	Semantik: Süß-säuerliche, eingekochte Aprikosenzubereitung, glatt passiert oder mit Fruchtstücken. Als Füllung, Glasur oder fruchtige Würzkomponente verwendbar. Vergleich: konservierte pflanzliche Zutat (1.0000) in PRESERVED_PRODUCE. Entscheidungsgrund: Konservierung und konkrete Produktform prägen Geschmack, Textur oder weitere Verarbeitung bereits vor; innerhalb der Familie bleibt die Zutat eigenständig, aber enger als der unverarbeitete Rohstoff.		MAIN_C604408_FULL_MASTER_POSTGRESQL17;ISSUE_288_AGENTIC_REVIEW_2026-09-17
AQUAVIT	Aquavit	APPLICABLE	0.2500	0.2500	UNCHANGED	COOKING_ALCOHOL	COOKING_ALCOHOL	Semantik: Mit Kümmel, Dill oder anderen Gewürzen aromatisierte skandinavische Spirituose, die sich auch zum Würzen beim Kochen eignet; nicht auf eine Marke oder ein nationales Rezept beschränkt. Vergleich: Kochalkohol (0.2500) in COOKING_ALCOHOL. Entscheidungsgrund: Der Alkohol ist als Kochzutat eine geschmacks- und verfahrensprägende Pflichtvorgabe; Sorte und Stil unterscheiden die Aufgabe zusätzlich, weshalb der einheitliche Kochalkoholvertrag 0,25 vorsieht.	COOKING_ALCOHOL_INDEPENDENT_LOW_WEIGHT	MAIN_C604408_FULL_MASTER_POSTGRESQL17;ISSUE_288_AGENTIC_REVIEW_2026-09-17
ARCTIC_CHAR	Arktischer Saibling	APPLICABLE	0.6000	0.7500	CHANGED	OILY_FISH	OILY_FISH	Semantik: Arktischer Saibling (Salvelinus alpinus), ein lachsartiger Kaltwasserfisch mit zartem, mäßig fettem Fleisch und mildem Geschmack. Vergleich: fettreicher Fisch (1.0000) in OILY_FISH. Entscheidungsgrund: Die Art beziehungsweise Tiergruppe ist festgelegt, Zuschnitt, Würzung und mehrere Gartechniken bleiben aber wählbar; das trägt eine eigenständige, gegenüber der offenen Familie leicht verdichtete Präsenz.		MAIN_C604408_FULL_MASTER_POSTGRESQL17;ISSUE_288_AGENTIC_REVIEW_2026-09-17
ARGENTINE_RED_SHRIMP	Argentinische Rotgarnele	APPLICABLE	0.4500	0.5000	CHANGED	SHRIMP	SHRIMP	Semantik: Natürliche rote Färbung; ganze oder geschälte Tiere, mit oder ohne Kopf und Schale, roh oder gegart sind zulässig. Andere Rot- oder Tiefseegarnelen zählen nicht. Vergleich: Garnelen (0.7500) in SHRIMP. Entscheidungsgrund: Konservierung oder stark festgelegte Produktform begrenzen Textur und Einsatz gegenüber frischer Rohware; die benannte Zutat bleibt dennoch ein eigenständiger Familienfall.		MAIN_C604408_FULL_MASTER_POSTGRESQL17;ISSUE_288_AGENTIC_REVIEW_2026-09-17
ARTICHOKE	Artischocke	APPLICABLE	0.6000	0.7500	CHANGED	FLOWER_VEGETABLES	FLOWER_VEGETABLES	Semantik: Essbare Blütenknospe mit fleischigem Boden und herb-nussigem Geschmack; frisch oder schlicht konserviert verwendbar. Vergleich: Blütengemüse (1.0000) in FLOWER_VEGETABLES. Entscheidungsgrund: Art oder Sorte sind festgelegt, doch Zuschnitt, Garmethode und Kombination bleiben in mehreren süßen beziehungsweise herzhaften Anwendungen offen; das entspricht den eigenständigen Rohstoff-Peers der Familie.		MAIN_C604408_FULL_MASTER_POSTGRESQL17;ISSUE_288_AGENTIC_REVIEW_2026-09-17
ARUGULA	Rucola	APPLICABLE	0.8500	0.7500	CHANGED	SALAD_GREENS	SALAD_GREENS	Semantik: Pfeffrig-scharfer Blattsalat, auch Rauke genannt; roh oder kurz zusammenfallend einsetzbar. Vergleich: Blattsalat (1.0000) in SALAD_GREENS. Entscheidungsgrund: Art oder Sorte sind festgelegt, doch Zuschnitt, Garmethode und Kombination bleiben in mehreren süßen beziehungsweise herzhaften Anwendungen offen; das entspricht den eigenständigen Rohstoff-Peers der Familie.		MAIN_C604408_FULL_MASTER_POSTGRESQL17;ISSUE_288_AGENTIC_REVIEW_2026-09-17
ASPARAGUS	Spargel	APPLICABLE	0.6000	0.7500	CHANGED	STEM_VEGETABLES	STEM_VEGETABLES	Semantik: Spargel als offene Farb- und Sortenwahl; grüner und weißer Spargel sind bekannte Ausprägungen mit unterschiedlicher Zubereitung. Vergleich: Stängelgemüse (1.0000) in STEM_VEGETABLES. Entscheidungsgrund: Art oder Sorte sind festgelegt, doch Zuschnitt, Garmethode und Kombination bleiben in mehreren süßen beziehungsweise herzhaften Anwendungen offen; das entspricht den eigenständigen Rohstoff-Peers der Familie.		MAIN_C604408_FULL_MASTER_POSTGRESQL17;ISSUE_288_AGENTIC_REVIEW_2026-09-17
AVOCADO	Avocado	APPLICABLE	0.8500	0.7500	CHANGED	TROPICAL_FRUIT	TROPICAL_FRUIT	Semantik: Cremige, fettreiche Frucht mit mild-nussigem Geschmack; gemeint ist das Fruchtfleisch, nicht Avocadoöl. Vergleich: Tropenfrucht (1.0000) in TROPICAL_FRUIT. Entscheidungsgrund: Art oder Sorte sind festgelegt, doch Zuschnitt, Garmethode und Kombination bleiben in mehreren süßen beziehungsweise herzhaften Anwendungen offen; das entspricht den eigenständigen Rohstoff-Peers der Familie.		MAIN_C604408_FULL_MASTER_POSTGRESQL17;ISSUE_288_AGENTIC_REVIEW_2026-09-17
BACON	Bacon	APPLICABLE	0.6500	0.5000	CHANGED	CURED_MEAT	CURED_MEAT	Semantik: Gepökelter, meist geräucherter Schweinebauch nach Bacon-Art; Scheibendicke und Räucherung können variieren. Vergleich: gepökeltes oder luftgetrocknetes Fleisch (1.0000) in CURED_MEAT. Entscheidungsgrund: Rezeptur, Verarbeitung und typische Textur sind bei diesem benannten Produkt bereits wesentlich festgelegt; die Eigenständigkeit bleibt erhalten, die Familienverdichtung begrenzt aber seine relative Präsenz.		MAIN_C604408_FULL_MASTER_POSTGRESQL17;ISSUE_288_AGENTIC_REVIEW_2026-09-17
BAGOONG	Bagoong	APPLICABLE	0.3500	0.5000	CHANGED	FERMENTED_SEASONINGS	FERMENTED_SEASONINGS	Semantik: Offene philippinische Familie salzig-fermentierter Fisch- oder Garnelenwürzen; die konkrete tierische Basis bleibt wählbar. Vergleich: fermentierte Würzzutat (1.0000) in FERMENTED_SEASONINGS. Entscheidungsgrund: Die fertige Würzform bringt ein eigenes Aroma- und häufig Texturprofil mit; gegenüber dem Anker ist sie eigenständig, beschränkt aber freie Würzung und Gerichtsausrichtung, weshalb die Familie kompakt auf dieser Stufe bleibt.		MAIN_C604408_FULL_MASTER_POSTGRESQL17;ISSUE_288_AGENTIC_REVIEW_2026-09-17
BAGOONG_ALAMANG	Bagoong alamang	APPLICABLE	0.3000	0.5000	CHANGED	SHRIMP_PASTE	SHRIMP_PASTE	Semantik: Philippinische salzig-fermentierte Würzpaste aus kleinen Garnelen oder Krill; kräftig umamireich und nicht mit fischbasiertem Bagoong gleichzusetzen. Vergleich: Garnelenpaste (0.5000) in SHRIMP_PASTE. Entscheidungsgrund: Produktform, Aromaprofil oder typische Funktion sind enger vorgegeben als beim Anker; die Zutat bleibt unterscheidbar, wird wegen dieser Bindung innerhalb der Familie aber kompakter gewichtet.		MAIN_C604408_FULL_MASTER_POSTGRESQL17;ISSUE_288_AGENTIC_REVIEW_2026-09-17
BAGOONG_ISDA	Bagoong isda	APPLICABLE	0.2500	0.5000	CHANGED	BAGOONG	BAGOONG	Semantik: Philippinische salzig-fermentierte Würzzutat auf Fischbasis; Fischart und flüssige oder pastöse Konsistenz können regional variieren. Vergleich: Bagoong (0.5000) in BAGOONG. Entscheidungsgrund: Produktform, Aromaprofil oder typische Funktion sind enger vorgegeben als beim Anker; die Zutat bleibt unterscheidbar, wird wegen dieser Bindung innerhalb der Familie aber kompakter gewichtet.		MAIN_C604408_FULL_MASTER_POSTGRESQL17;ISSUE_288_AGENTIC_REVIEW_2026-09-17
BAGUETTE	Baguette	APPLICABLE	0.7500	0.7500	UNCHANGED	BREAD	BREAD	Semantik: Langes französisches Weizenbrot mit kräftiger Kruste und luftiger Krume; nicht beliebiges Weißbrot. Vergleich: Brot oder Fladenbrot (1.0000) in BREAD. Entscheidungsgrund: Getreideart oder Produktform sind benannt, lassen aber süße und herzhafte Anwendungen sowie mehrere Garmethoden zu; diese Breite trägt die eigenständige Zwischenstufe.		MAIN_C604408_FULL_MASTER_POSTGRESQL17;ISSUE_288_AGENTIC_REVIEW_2026-09-17
BAKED_BEANS	Baked Beans	APPLICABLE	0.6500	0.5000	CHANGED	PRESERVED_PRODUCE	CANNED_TOMATOES	Semantik: Verzehrfertige weiße Bohnen in süßlich-würziger Tomatensauce, typischerweise als Konserve. Schlichte weiße Bohnen ohne Sauce und andere gewürzte Bohnen-Fertiggerichte sind nicht gemeint. Vergleich: Dosentomaten (0.7500) in PRESERVED_PRODUCE. Entscheidungsgrund: Tomatensauce, Süße und Verzehrfertigkeit sind bereits vorgegeben; gegenüber neutralen Dosentomaten bleibt deutlich weniger Freiheit für Geschmack und Gerichtsfunktion.		MAIN_C604408_FULL_MASTER_POSTGRESQL17;ISSUE_288_AGENTIC_REVIEW_2026-09-17
BAKED_GOODS	Backware	NOT_APPLICABLE	1.0000	1.0000	UNCHANGED	STRUCTURE_ONLY	BAKED_GOODS	Reiner, nicht ziehbarer Strukturknoten mit Kindern, ohne eigene Availability, Novelty oder Rollen. Der historische technische Wert bleibt unverändert und dient ausdrücklich weder als fachlicher Zielwert noch als Anker für drawable Konzepte.	STRUCTURE_ONLY_NOT_APPLICABLE	MAIN_C604408_FULL_MASTER_POSTGRESQL17;ISSUE_288_AGENTIC_REVIEW_2026-09-17
BALSAMIC_VINEGAR	Balsamico	APPLICABLE	0.5500	0.7500	CHANGED	VINEGAR	VINEGAR	Semantik: Dunkler, süß-säuerlicher Essig nach Balsamico-Art auf Traubenbasis; Reifegrad und Dichte können variieren. Vergleich: Essig (1.0000) in VINEGAR. Entscheidungsgrund: Die konkrete Produktausprägung besitzt ein eigenes Profil, bleibt aber über mehrere Koch-, Back- oder Servierfunktionen einsetzbar; das trägt die Zwischenstufe gegenüber dem offenen Oberbegriff.		MAIN_C604408_FULL_MASTER_POSTGRESQL17;ISSUE_288_AGENTIC_REVIEW_2026-09-17
BAMBOO_SHOOTS	Bambussprossen	APPLICABLE	0.5500	0.7500	CHANGED	STEM_VEGETABLES	STEM_VEGETABLES	Semantik: Junge essbare Bambussprossen mit mildem Geschmack und knackigem Biss; in Deutschland meist vorgegart in Dose oder Glas erhältlich. Vergleich: Stängelgemüse (1.0000) in STEM_VEGETABLES. Entscheidungsgrund: Art oder Sorte sind festgelegt, doch Zuschnitt, Garmethode und Kombination bleiben in mehreren süßen beziehungsweise herzhaften Anwendungen offen; das entspricht den eigenständigen Rohstoff-Peers der Familie.		MAIN_C604408_FULL_MASTER_POSTGRESQL17;ISSUE_288_AGENTIC_REVIEW_2026-09-17
BANANA	Banane	APPLICABLE	0.7500	0.7500	UNCHANGED	TROPICAL_FRUIT	TROPICAL_FRUIT	Semantik: Reife Dessertbanane mit weichem, süßem Fruchtfleisch; nicht stärkehaltige Kochbanane. Vergleich: Tropenfrucht (1.0000) in TROPICAL_FRUIT. Entscheidungsgrund: Art oder Sorte sind festgelegt, doch Zuschnitt, Garmethode und Kombination bleiben in mehreren süßen beziehungsweise herzhaften Anwendungen offen; das entspricht den eigenständigen Rohstoff-Peers der Familie.		MAIN_C604408_FULL_MASTER_POSTGRESQL17;ISSUE_288_AGENTIC_REVIEW_2026-09-17
BANANA_BLOSSOM	Bananenblüte	APPLICABLE	0.3500	0.7500	CHANGED	FLOWER_VEGETABLES	FLOWER_VEGETABLES	Semantik: Essbare Bananenblüte mit faserigem Biss und mild herb-adstringierendem Geschmack; frisch oder schlicht konserviert für Salate, Suppen und Gemüsegerichte. Nicht Bananenfrucht oder bloß dekorative Blüte. Vergleich: Blütengemüse (1.0000) in FLOWER_VEGETABLES. Entscheidungsgrund: Art oder Sorte sind festgelegt, doch Zuschnitt, Garmethode und Kombination bleiben in mehreren süßen beziehungsweise herzhaften Anwendungen offen; das entspricht den eigenständigen Rohstoff-Peers der Familie.		MAIN_C604408_FULL_MASTER_POSTGRESQL17;ISSUE_288_AGENTIC_REVIEW_2026-09-17
BANANA_KETCHUP	Bananenketchup	APPLICABLE	0.3500	0.5000	CHANGED	READY_SAUCES_AND_PASTES	MAYONNAISE	Semantik: Filipinische süß-säuerliche Würzsauce auf Bananenbasis, typischerweise tomatenketchupähnlich gewürzt und gefärbt. Vergleich: Mayonnaise (0.5000) in READY_SAUCES_AND_PASTES. Entscheidungsgrund: Die fertige Würzform bringt ein eigenes Aroma- und häufig Texturprofil mit; gegenüber dem Anker ist sie eigenständig, beschränkt aber freie Würzung und Gerichtsausrichtung, weshalb die Familie kompakt auf dieser Stufe bleibt.		MAIN_C604408_FULL_MASTER_POSTGRESQL17;ISSUE_288_AGENTIC_REVIEW_2026-09-17
BANANA_LEAVES	Bananenblätter	APPLICABLE	0.3000	0.7500	CHANGED	FRESH_HERBS	BASIL	Semantik: Große Bananenblätter als aromatisierende Hülle oder Unterlage zum Dämpfen, Kochen und Grillen; frisch oder tiefgekühlt verwendbar. Sie werden nicht als Blattgemüse gegessen und sind keine Konkretisierung der Bananenfrucht. Vergleich: Basilikum (0.7500) in FRESH_HERBS. Entscheidungsgrund: Das einzelne Aroma ist klar festgelegt, kann aber über mehrere Gerichte, Techniken und Kombinationen eingesetzt werden; wie beim Anker bleibt ausreichend eigenständige Kochbreite.		MAIN_C604408_FULL_MASTER_POSTGRESQL17;ISSUE_288_AGENTIC_REVIEW_2026-09-17
BARBECUE_SAUCE	Barbecuesauce	APPLICABLE	0.4500	0.5000	CHANGED	READY_SAUCES_AND_PASTES	MAYONNAISE	Semantik: Fertige kräftig gewürzte Sauce nach Barbecue-Art; Süße, Rauchigkeit, Säure und Schärfe können deutlich variieren. Vergleich: Mayonnaise (0.5000) in READY_SAUCES_AND_PASTES. Entscheidungsgrund: Die fertige Würzform bringt ein eigenes Aroma- und häufig Texturprofil mit; gegenüber dem Anker ist sie eigenständig, beschränkt aber freie Würzung und Gerichtsausrichtung, weshalb die Familie kompakt auf dieser Stufe bleibt.		MAIN_C604408_FULL_MASTER_POSTGRESQL17;ISSUE_288_AGENTIC_REVIEW_2026-09-17
BARLEY	Gerste	APPLICABLE	0.5500	0.7500	CHANGED	GRAINS	GRAINS	Semantik: Gerstenkorn als Kochzutat, etwa geschält oder als Rollgerste; Graupen sind eine stärker verarbeitete Form. Vergleich: Getreide oder Pseudogetreide (1.0000) in GRAINS. Entscheidungsgrund: Getreideart oder Produktform sind benannt, lassen aber süße und herzhafte Anwendungen sowie mehrere Garmethoden zu; diese Breite trägt die eigenständige Zwischenstufe.		MAIN_C604408_FULL_MASTER_POSTGRESQL17;ISSUE_288_AGENTIC_REVIEW_2026-09-17
BASIL	Basilikum	APPLICABLE	0.7000	0.7500	CHANGED	FRESH_HERBS	BASIL	Semantik: Frisches Basilikum mit süßlich-pfeffrigem Aroma; Thai-Basilikum bleibt als eigenständige Ausprägung getrennt. Vergleich: Basilikum (0.7500) in FRESH_HERBS. Entscheidungsgrund: Das einzelne Aroma ist klar festgelegt, kann aber über mehrere Gerichte, Techniken und Kombinationen eingesetzt werden; wie beim Anker bleibt ausreichend eigenständige Kochbreite.		MAIN_C604408_FULL_MASTER_POSTGRESQL17;ISSUE_288_AGENTIC_REVIEW_2026-09-17
BASMATI_RICE	Basmatireis	APPLICABLE	0.8500	0.7500	CHANGED	RICE	RICE	Semantik: Langkornreis mit charakteristisch duftigem Aroma und lockerem Korn; weiß oder als Vollkornvariante verwendbar. Vergleich: Reis (0.7500) in RICE. Entscheidungsgrund: Getreideart oder Produktform sind benannt, lassen aber süße und herzhafte Anwendungen sowie mehrere Garmethoden zu; diese Breite trägt die eigenständige Zwischenstufe.		MAIN_C604408_FULL_MASTER_POSTGRESQL17;ISSUE_288_AGENTIC_REVIEW_2026-09-17
BAVARIAN_SWEET_MUSTARD	süßer Senf	APPLICABLE	0.5000	0.5000	UNCHANGED	MUSTARD	MUSTARD	Semantik: Milde, deutlich süße Senfzubereitung bayerischer Art mit würzigem Senfaroma; Körnung und konkrete Rezeptur bleiben offen. Nicht Honig-Senf-Dressing, scharfer Senf oder beliebiger grobkörniger Senf. Vergleich: Senf (0.5000) in MUSTARD. Entscheidungsgrund: Die bayerische Süße verengt das bereits als fertige Würzsauce mit 0,50 bewertete Senfkonzept, schafft aber keine breitere Einsatzbasis als der Oberbegriff.		MAIN_C604408_FULL_MASTER_POSTGRESQL17;ISSUE_288_AGENTIC_REVIEW_2026-09-17
BAY_LEAF	Lorbeerblatt	APPLICABLE	0.6000	0.7500	CHANGED	FRESH_HERBS	BASIL	Semantik: Getrocknetes oder frisches Lorbeerblatt mit herb-würzigem Aroma für Brühen, Saucen und Schmorgerichte; vor dem Servieren üblicherweise entfernen. Vergleich: Basilikum (0.7500) in FRESH_HERBS. Entscheidungsgrund: Das einzelne Aroma ist klar festgelegt, kann aber über mehrere Gerichte, Techniken und Kombinationen eingesetzt werden; wie beim Anker bleibt ausreichend eigenständige Kochbreite.		MAIN_C604408_FULL_MASTER_POSTGRESQL17;ISSUE_288_AGENTIC_REVIEW_2026-09-17
BEANS	Bohnen	APPLICABLE	0.6500	1.0000	CHANGED	LEGUMES	LEGUMES	Semantik: Offene Vorgabe für trockene oder vorgegarte Bohnenkerne; frische grüne Bohnen und andere Schotengemüse sind nicht gemeint. Vergleich: Hülsenfrüchte (1.0000) in LEGUMES. Entscheidungsgrund: Die Zeile ist eine breite drawable Rohstofffamilie und lässt Sorte sowie rohe, gegarte oder weiterverarbeitete Umsetzung offen; sie bleibt deshalb der volle Referenzpunkt.		MAIN_C604408_FULL_MASTER_POSTGRESQL17;ISSUE_288_AGENTIC_REVIEW_2026-09-17
BEAN_SPROUTS	Mungbohnensprossen	APPLICABLE	0.8000	0.7500	CHANGED	SPROUTS	SPROUTS	Semantik: Knackige Sprossen der Mungbohne, im Handel oft als Sojasprossen bezeichnet; nicht mit Keimlingen der Sojabohne gleichsetzen. Vergleich: Sprossen (1.0000) in SPROUTS. Entscheidungsgrund: Die benannte Zutat ist gegenüber dem Oberbegriff konkretisiert, behält aber mehrere eigenständige Kochfunktionen und Zubereitungswege; die Familienüberschneidung rechtfertigt die maßvolle Verdichtung.		MAIN_C604408_FULL_MASTER_POSTGRESQL17;ISSUE_288_AGENTIC_REVIEW_2026-09-17
BEEF	Rindfleisch	APPLICABLE	0.7500	1.0000	CHANGED	MEAT	MEAT	Semantik: Offene Vorgabe für Rindfleisch; Zuschnitt, Fettanteil und geeignete Garmethode werden bewusst nicht festgelegt. Vergleich: Fleisch (1.0000) in MEAT. Entscheidungsgrund: Der Oberbegriff lässt Tierart oder Zuschnitt und die spätere Garmethode offen und bildet damit den breiten Referenzpunkt der Fleischfamilie.		MAIN_C604408_FULL_MASTER_POSTGRESQL17;ISSUE_288_AGENTIC_REVIEW_2026-09-17
BEEF_BRISKET	Rinderbrust	APPLICABLE	0.7500	0.7500	UNCHANGED	BEEF	BEEF	Semantik: Bindegewebsreiche Rinderbrust, besonders für langsames Schmoren, Kochen oder Barbecue geeignet. Vergleich: Rindfleisch (1.0000) in BEEF. Entscheidungsgrund: Tierart oder Zuschnitt sind konkret, doch Würzung, Kombination und mehrere passende Gartechniken bleiben offen; diese eigenständige Kochbreite trägt die Zwischenstufe.		MAIN_C604408_FULL_MASTER_POSTGRESQL17;ISSUE_288_AGENTIC_REVIEW_2026-09-17
BEEF_CHEEK	Rinderbäckchen	APPLICABLE	0.3500	0.7500	CHANGED	BEEF	BEEF	Semantik: Stark beanspruchtes, kollagenreiches Muskelfleisch aus der Rinderbacke; wird durch langes Schmoren zart. Vergleich: Rindfleisch (1.0000) in BEEF. Entscheidungsgrund: Tierart oder Zuschnitt sind konkret, doch Würzung, Kombination und mehrere passende Gartechniken bleiben offen; diese eigenständige Kochbreite trägt die Zwischenstufe.		MAIN_C604408_FULL_MASTER_POSTGRESQL17;ISSUE_288_AGENTIC_REVIEW_2026-09-17
BEEF_GOULASH	Rindergulasch	APPLICABLE	0.9000	0.7500	CHANGED	BEEF	BEEF	Semantik: Würfel oder grobe Stücke vom Rind für Schmorgerichte; gemeint ist der rohe Zuschnitt, nicht das fertige Gulasch. Vergleich: Rindfleisch (1.0000) in BEEF. Entscheidungsgrund: Tierart oder Zuschnitt sind konkret, doch Würzung, Kombination und mehrere passende Gartechniken bleiben offen; diese eigenständige Kochbreite trägt die Zwischenstufe.		MAIN_C604408_FULL_MASTER_POSTGRESQL17;ISSUE_288_AGENTIC_REVIEW_2026-09-17
BEEF_HEART	Rinderherz	APPLICABLE	0.2500	0.5000	CHANGED	OFFAL	OFFAL	Semantik: Mageres, festes Muskelfleisch vom Rinderherz mit kräftigem Eigengeschmack; nicht mit Lebertextur gleichsetzen. Vergleich: Innereien (1.0000) in OFFAL. Entscheidungsgrund: Das konkrete Organ beziehungsweise die stark festgelegte Verarbeitungsform bestimmt Textur und geeignete Gartechnik deutlich; mehrere Gerichte bleiben möglich, aber die Aufgabe bindet stärker als ein gewöhnlicher Zuschnitt.		MAIN_C604408_FULL_MASTER_POSTGRESQL17;ISSUE_288_AGENTIC_REVIEW_2026-09-17
BEEF_LIVER	Rinderleber	APPLICABLE	0.4000	0.5000	CHANGED	OFFAL	OFFAL	Semantik: Rinderleber mit kräftigem, mineralischem Geschmack und weicher Textur; kurze Garung verhindert unnötige Trockenheit. Vergleich: Innereien (1.0000) in OFFAL. Entscheidungsgrund: Das konkrete Organ beziehungsweise die stark festgelegte Verarbeitungsform bestimmt Textur und geeignete Gartechnik deutlich; mehrere Gerichte bleiben möglich, aber die Aufgabe bindet stärker als ein gewöhnlicher Zuschnitt.		MAIN_C604408_FULL_MASTER_POSTGRESQL17;ISSUE_288_AGENTIC_REVIEW_2026-09-17
BEEF_MINCE	Rinderhack	APPLICABLE	0.9500	0.7500	CHANGED	BEEF	BEEF	Semantik: Zerkleinertes Rindfleisch mit variablem Fettanteil; nicht gemischtes Hackfleisch. Vergleich: Rindfleisch (1.0000) in BEEF. Entscheidungsgrund: Tierart oder Zuschnitt sind konkret, doch Würzung, Kombination und mehrere passende Gartechniken bleiben offen; diese eigenständige Kochbreite trägt die Zwischenstufe.		MAIN_C604408_FULL_MASTER_POSTGRESQL17;ISSUE_288_AGENTIC_REVIEW_2026-09-17
BEEF_ROAST	Rinderbraten	APPLICABLE	0.8500	0.7500	CHANGED	BEEF	BEEF	Semantik: Größeres Rindfleischstück zum Braten oder Schmoren; der konkrete Teilzuschnitt bleibt offen. Vergleich: Rindfleisch (1.0000) in BEEF. Entscheidungsgrund: Tierart oder Zuschnitt sind konkret, doch Würzung, Kombination und mehrere passende Gartechniken bleiben offen; diese eigenständige Kochbreite trägt die Zwischenstufe.		MAIN_C604408_FULL_MASTER_POSTGRESQL17;ISSUE_288_AGENTIC_REVIEW_2026-09-17
BEEF_ROULADE	Rinderroulade	APPLICABLE	0.7500	0.7500	UNCHANGED	BEEF	BEEF	Semantik: Dünne große Rindfleischscheibe zum Füllen und Schmoren; gemeint ist der Zuschnitt, nicht eine festgelegte Füllung. Vergleich: Rindfleisch (1.0000) in BEEF. Entscheidungsgrund: Tierart oder Zuschnitt sind konkret, doch Würzung, Kombination und mehrere passende Gartechniken bleiben offen; diese eigenständige Kochbreite trägt die Zwischenstufe.		MAIN_C604408_FULL_MASTER_POSTGRESQL17;ISSUE_288_AGENTIC_REVIEW_2026-09-17
BEEF_RUMP	Rinderhüfte	APPLICABLE	0.7000	0.7500	CHANGED	BEEF	BEEF	Semantik: Rinderhüfte als relativ magerer, kurzbrat- oder bratentauglicher Zuschnitt; nicht das stärker marmorierte Roastbeef. Vergleich: Rindfleisch (1.0000) in BEEF. Entscheidungsgrund: Tierart oder Zuschnitt sind konkret, doch Würzung, Kombination und mehrere passende Gartechniken bleiben offen; diese eigenständige Kochbreite trägt die Zwischenstufe.		MAIN_C604408_FULL_MASTER_POSTGRESQL17;ISSUE_288_AGENTIC_REVIEW_2026-09-17
BEEF_SHIN	Rinderbeinscheibe	APPLICABLE	0.8500	0.7500	CHANGED	BEEF	BEEF	Semantik: Quergeschnittene Rinderhaxe mit Knochen und viel Kollagen; besonders für langsames Schmoren oder Brühen geeignet. Vergleich: Rindfleisch (1.0000) in BEEF. Entscheidungsgrund: Tierart oder Zuschnitt sind konkret, doch Würzung, Kombination und mehrere passende Gartechniken bleiben offen; diese eigenständige Kochbreite trägt die Zwischenstufe.		MAIN_C604408_FULL_MASTER_POSTGRESQL17;ISSUE_288_AGENTIC_REVIEW_2026-09-17
BEEF_SHORT_RIBS	Querrippe	APPLICABLE	0.5500	0.7500	CHANGED	BEEF	BEEF	Semantik: Fleischige kurze Rinderrippen mit Fett und Bindegewebe; für langsames Garen oder Barbecue geeignet. Vergleich: Rindfleisch (1.0000) in BEEF. Entscheidungsgrund: Tierart oder Zuschnitt sind konkret, doch Würzung, Kombination und mehrere passende Gartechniken bleiben offen; diese eigenständige Kochbreite trägt die Zwischenstufe.		MAIN_C604408_FULL_MASTER_POSTGRESQL17;ISSUE_288_AGENTIC_REVIEW_2026-09-17
BEEF_STEAK	Rindersteak	APPLICABLE	0.7500	0.7500	UNCHANGED	BEEF	BEEF	Semantik: Zum Kurzbraten geeignete Rindfleischscheibe; der konkrete Steakzuschnitt und Reifegrad bleiben offen. Vergleich: Rindfleisch (1.0000) in BEEF. Entscheidungsgrund: Tierart oder Zuschnitt sind konkret, doch Würzung, Kombination und mehrere passende Gartechniken bleiben offen; diese eigenständige Kochbreite trägt die Zwischenstufe.		MAIN_C604408_FULL_MASTER_POSTGRESQL17;ISSUE_288_AGENTIC_REVIEW_2026-09-17
BEEF_STOCK	Rinderfond	APPLICABLE	0.5000	0.7500	CHANGED	STOCKS	STOCKS	Semantik: Kräftiger Fond auf Basis von Rindfleisch und/oder Rinderknochen; selbst gekocht oder als hochwertiges Fertigprodukt verwendbar. Vergleich: Brühe oder Fond (1.0000) in STOCKS. Entscheidungsgrund: Die benannte Zutat ist gegenüber dem Oberbegriff konkretisiert, behält aber mehrere eigenständige Kochfunktionen und Zubereitungswege; die Familienüberschneidung rechtfertigt die maßvolle Verdichtung.		MAIN_C604408_FULL_MASTER_POSTGRESQL17;ISSUE_288_AGENTIC_REVIEW_2026-09-17
BEEF_SUET	Rindernierenfett	APPLICABLE	0.4000	0.7500	CHANGED	COOKING_FATS	COOKING_FATS	Semantik: Hartes Fett aus dem Bereich um die Rindernieren, roh oder fein zerkleinert als Beef Suet. Ausgelassener Rindertalg und Vegetable Suet sind nicht gemeint; mit Mehl bestäubte Beef-Suet-Flocken sind zulässig. Vergleich: Kochfett (1.0000) in COOKING_FATS. Entscheidungsgrund: Die konkrete Produktausprägung besitzt ein eigenes Profil, bleibt aber über mehrere Koch-, Back- oder Servierfunktionen einsetzbar; das trägt die Zwischenstufe gegenüber dem offenen Oberbegriff.		MAIN_C604408_FULL_MASTER_POSTGRESQL17;ISSUE_288_AGENTIC_REVIEW_2026-09-17
BEEF_TAFELSPITZ	Tafelspitz	APPLICABLE	0.7000	0.7500	CHANGED	BEEF	BEEF	Semantik: Spitz zulaufendes Teilstück aus dem Hüftdeckel des Rindes, häufig mit aufliegender Fettschicht. Gemeint ist das rohe Fleischstück, besonders zum Sieden oder Schmoren, nicht das fertige Gericht. Vergleich: Rindfleisch (1.0000) in BEEF. Entscheidungsgrund: Tierart oder Zuschnitt sind konkret, doch Würzung, Kombination und mehrere passende Gartechniken bleiben offen; diese eigenständige Kochbreite trägt die Zwischenstufe.		MAIN_C604408_FULL_MASTER_POSTGRESQL17;ISSUE_288_AGENTIC_REVIEW_2026-09-17
BEEF_TENDERLOIN	Rinderfilet	APPLICABLE	0.4500	0.7500	CHANGED	BEEF	BEEF	Semantik: Sehr zartes und mageres Rinderfilet für kurze Garung; nicht mit Schweinefilet oder Roastbeef gleichsetzen. Vergleich: Rindfleisch (1.0000) in BEEF. Entscheidungsgrund: Tierart oder Zuschnitt sind konkret, doch Würzung, Kombination und mehrere passende Gartechniken bleiben offen; diese eigenständige Kochbreite trägt die Zwischenstufe.		MAIN_C604408_FULL_MASTER_POSTGRESQL17;ISSUE_288_AGENTIC_REVIEW_2026-09-17
BEEF_TONGUE	Rinderzunge	APPLICABLE	0.2500	0.5000	CHANGED	OFFAL	OFFAL	Semantik: Rinderzunge als festes, nach langem Garen zartes Muskelfleisch; üblicherweise vor dem Servieren gehäutet. Vergleich: Innereien (1.0000) in OFFAL. Entscheidungsgrund: Das konkrete Organ beziehungsweise die stark festgelegte Verarbeitungsform bestimmt Textur und geeignete Gartechnik deutlich; mehrere Gerichte bleiben möglich, aber die Aufgabe bindet stärker als ein gewöhnlicher Zuschnitt.		MAIN_C604408_FULL_MASTER_POSTGRESQL17;ISSUE_288_AGENTIC_REVIEW_2026-09-17
BEER	Bier	APPLICABLE	0.2500	0.2500	UNCHANGED	COOKING_ALCOHOL	COOKING_ALCOHOL	Semantik: Vergorenes Getreidegetränk als Kochzutat; Bierstil, Malzigkeit und Hopfenbittere bleiben bewusst wählbar. Vergleich: Kochalkohol (0.2500) in COOKING_ALCOHOL. Entscheidungsgrund: Der Alkohol ist als Kochzutat eine geschmacks- und verfahrensprägende Pflichtvorgabe; Sorte und Stil unterscheiden die Aufgabe zusätzlich, weshalb der einheitliche Kochalkoholvertrag 0,25 vorsieht.	COOKING_ALCOHOL_INDEPENDENT_LOW_WEIGHT	MAIN_C604408_FULL_MASTER_POSTGRESQL17;ISSUE_288_AGENTIC_REVIEW_2026-09-17
BEETROOT	Rote Bete	APPLICABLE	0.9000	0.7500	CHANGED	ROOT_VEGETABLES	ROOT_VEGETABLES	Semantik: Rote Bete mit erdig-süßlichem Geschmack; frisch, vorgegart oder schlicht konserviert verwendbar. Vergleich: Wurzel- und Knollengemüse (1.0000) in ROOT_VEGETABLES. Entscheidungsgrund: Art oder Sorte sind festgelegt, doch Zuschnitt, Garmethode und Kombination bleiben in mehreren süßen beziehungsweise herzhaften Anwendungen offen; das entspricht den eigenständigen Rohstoff-Peers der Familie.		MAIN_C604408_FULL_MASTER_POSTGRESQL17;ISSUE_288_AGENTIC_REVIEW_2026-09-17
BELACAN	Belacan	APPLICABLE	0.3000	0.5000	CHANGED	SHRIMP_PASTE	SHRIMP_PASTE	Semantik: Malaysische feste fermentierte Garnelenpaste mit sehr intensivem Aroma; meist geröstet und sparsam dosiert verwendet. Vergleich: Garnelenpaste (0.5000) in SHRIMP_PASTE. Entscheidungsgrund: Produktform, Aromaprofil oder typische Funktion sind enger vorgegeben als beim Anker; die Zutat bleibt unterscheidbar, wird wegen dieser Bindung innerhalb der Familie aber kompakter gewichtet.		MAIN_C604408_FULL_MASTER_POSTGRESQL17;ISSUE_288_AGENTIC_REVIEW_2026-09-17
BELL_PEPPER	Paprika	APPLICABLE	1.0000	0.7500	CHANGED	FRUIT_VEGETABLES	FRUIT_VEGETABLES	Semantik: Milde Gemüsepaprika ohne Festlegung auf eine Farbe; rote, gelbe und grüne Paprika sind bekannte Ausprägungen. Vergleich: Fruchtgemüse (1.0000) in FRUIT_VEGETABLES. Entscheidungsgrund: Art oder Sorte sind festgelegt, doch Zuschnitt, Garmethode und Kombination bleiben in mehreren süßen beziehungsweise herzhaften Anwendungen offen; das entspricht den eigenständigen Rohstoff-Peers der Familie.		MAIN_C604408_FULL_MASTER_POSTGRESQL17;ISSUE_288_AGENTIC_REVIEW_2026-09-17
BELUGA_LENTILS	Belugalinsen	APPLICABLE	0.6500	0.7500	CHANGED	LENTILS	LENTILS	Semantik: Kleine schwarze Linsen, die beim Garen vergleichsweise formstabil bleiben; nicht Beluga-Kaviar. Vergleich: Linsen (0.7500) in LENTILS. Entscheidungsgrund: Die benannte Zutat ist gegenüber dem Oberbegriff konkretisiert, behält aber mehrere eigenständige Kochfunktionen und Zubereitungswege; die Familienüberschneidung rechtfertigt die maßvolle Verdichtung.		MAIN_C604408_FULL_MASTER_POSTGRESQL17;ISSUE_288_AGENTIC_REVIEW_2026-09-17
BENI_SHOGA	Beni Shōga	APPLICABLE	1.0000	0.5000	CHANGED	PRESERVED_PRODUCE	PRESERVED_PRODUCE	Semantik: Fein geschnittener roter Ingwer in salzig-saurer Ume-Lake. Deutlich würziger und weniger süß als Sushi-Gari; als Beilage und Würzzutat verwenden. Vergleich: konservierte pflanzliche Zutat (1.0000) in PRESERVED_PRODUCE. Entscheidungsgrund: Feine Ingwerstreifen, Ume-Essigfärbung und säuerliche Beilagenfunktion sind gemeinsam festgelegt; die 0,50-Stufe folgt der eingelegten Produktform statt dem früheren Rohstoffgewicht.		MAIN_C604408_FULL_MASTER_POSTGRESQL17;ISSUE_288_AGENTIC_REVIEW_2026-09-17
BERBERE	Berbere	APPLICABLE	0.3000	0.5000	CHANGED	SPICE_BLENDS	SPICE_BLENDS	Semantik: Äthiopisch-eritreische Gewürzmischung mit Chili und warmen Gewürzen; Zusammensetzung und Schärfe variieren. Vergleich: Gewürzmischung (1.0000) in SPICE_BLENDS. Entscheidungsgrund: Die fertige Würzform bringt ein eigenes Aroma- und häufig Texturprofil mit; gegenüber dem Anker ist sie eigenständig, beschränkt aber freie Würzung und Gerichtsausrichtung, weshalb die Familie kompakt auf dieser Stufe bleibt.		MAIN_C604408_FULL_MASTER_POSTGRESQL17;ISSUE_288_AGENTIC_REVIEW_2026-09-17
BERG_CHEESE	Bergkäse	APPLICABLE	0.6000	0.7500	CHANGED	CHEESE	CHEESE	Semantik: Gereifter alpiner Hartkäse aus Kuhmilch mit kräftigem, nussigem Geschmack. Je nach Reifegrad eignet er sich zum Schmelzen, Reiben oder als deutlich schmeckende Käsekomponente. Vergleich: Käse (1.0000) in CHEESE. Entscheidungsgrund: Die konkrete Produktausprägung besitzt ein eigenes Profil, bleibt aber über mehrere Koch-, Back- oder Servierfunktionen einsetzbar; das trägt die Zwischenstufe gegenüber dem offenen Oberbegriff.		MAIN_C604408_FULL_MASTER_POSTGRESQL17;ISSUE_288_AGENTIC_REVIEW_2026-09-17
BERRIES	Beeren	APPLICABLE	0.6500	1.0000	CHANGED	FRUIT	FRUIT	Semantik: Offene Vorgabe für kulinarisch als Beeren verwendete kleine Früchte; Sorte und frisch oder tiefgekühlt bleiben offen. Vergleich: Obst (1.0000) in FRUIT. Entscheidungsgrund: Die Zeile ist eine breite drawable Rohstofffamilie und lässt Sorte sowie rohe, gegarte oder weiterverarbeitete Umsetzung offen; sie bleibt deshalb der volle Referenzpunkt.		MAIN_C604408_FULL_MASTER_POSTGRESQL17;ISSUE_288_AGENTIC_REVIEW_2026-09-17
BIRDS_EYE_CHILI	Bird’s-Eye-Chili	APPLICABLE	0.5000	0.7500	CHANGED	CHILI	CHILI	Semantik: Kleine, sehr scharfe frische Chili der Bird’s-Eye-Familie; nicht getrocknete Flocken oder Pulver. Vergleich: frische Chili (1.0000) in CHILI. Entscheidungsgrund: Das einzelne Aroma ist klar festgelegt, kann aber über mehrere Gerichte, Techniken und Kombinationen eingesetzt werden; wie beim Anker bleibt ausreichend eigenständige Kochbreite.		MAIN_C604408_FULL_MASTER_POSTGRESQL17;ISSUE_288_AGENTIC_REVIEW_2026-09-17
BITTER_MELON	Bittermelone	APPLICABLE	0.3000	0.7500	CHANGED	FRUIT_VEGETABLES	FRUIT_VEGETABLES	Semantik: Herb-bitteres Fruchtgemüse mit warziger Oberfläche; auch Bittergurke oder Ampalaya genannt. Vergleich: Fruchtgemüse (1.0000) in FRUIT_VEGETABLES. Entscheidungsgrund: Art oder Sorte sind festgelegt, doch Zuschnitt, Garmethode und Kombination bleiben in mehreren süßen beziehungsweise herzhaften Anwendungen offen; das entspricht den eigenständigen Rohstoff-Peers der Familie.		MAIN_C604408_FULL_MASTER_POSTGRESQL17;ISSUE_288_AGENTIC_REVIEW_2026-09-17
BIVALVES	Muscheln	APPLICABLE	0.5500	1.0000	CHANGED	MOLLUSCS	MOLLUSCS	Semantik: Offene Vorgabe für zweischalige Weichtiere wie Mies-, Venus- oder Jakobsmuscheln; nicht Krebstiere. Vergleich: Weichtiere (1.0000) in MOLLUSCS. Entscheidungsgrund: Die drawable Familienvorgabe lässt Art, Zuschnitt und Garmethode offen und bildet damit den breiten Referenzpunkt für konkrete Meeres- und Süßwasserprodukte.		MAIN_C604408_FULL_MASTER_POSTGRESQL17;ISSUE_288_AGENTIC_REVIEW_2026-09-17
BLACKBERRY	Brombeere	APPLICABLE	0.5500	0.7500	CHANGED	BERRIES	BERRIES	Semantik: Brombeere als frische oder ungesüßt tiefgekühlte Beere mit süß-säuerlichem, dunklem Fruchtaroma. Vergleich: Beeren (1.0000) in BERRIES. Entscheidungsgrund: Art oder Sorte sind festgelegt, doch Zuschnitt, Garmethode und Kombination bleiben in mehreren süßen beziehungsweise herzhaften Anwendungen offen; das entspricht den eigenständigen Rohstoff-Peers der Familie.		MAIN_C604408_FULL_MASTER_POSTGRESQL17;ISSUE_288_AGENTIC_REVIEW_2026-09-17
BLACK_BEANS	schwarze Bohnen	APPLICABLE	0.8000	0.7500	CHANGED	BEANS	BEANS	Semantik: Schwarze Bohnen mit cremigem Inneren und mild-erdigem Geschmack; getrocknet oder vorgegart verwendbar. Vergleich: Bohnen (1.0000) in BEANS. Entscheidungsgrund: Art oder Sorte sind festgelegt, doch Zuschnitt, Garmethode und Kombination bleiben in mehreren süßen beziehungsweise herzhaften Anwendungen offen; das entspricht den eigenständigen Rohstoff-Peers der Familie.		MAIN_C604408_FULL_MASTER_POSTGRESQL17;ISSUE_288_AGENTIC_REVIEW_2026-09-17
BLACK_CARDAMOM	schwarzer Kardamom oder Thảo quả	APPLICABLE	0.3000	0.7500	CHANGED	CARDAMOM	CARDAMOM	Semantik: Große dunkle Kardamomkapseln mit kräftig harzig-kampferartigem und häufig rauchigem Aroma; meist ganz in Brühen und Schmorgerichten mitgekocht. Nicht mit dem milderen grünen Kardamom gleichsetzen. Vergleich: Kardamom (0.7500) in CARDAMOM. Entscheidungsgrund: Die benannte Zutat ist gegenüber dem Oberbegriff konkretisiert, behält aber mehrere eigenständige Kochfunktionen und Zubereitungswege; die Familienüberschneidung rechtfertigt die maßvolle Verdichtung.		MAIN_C604408_FULL_MASTER_POSTGRESQL17;ISSUE_288_AGENTIC_REVIEW_2026-09-17
BLACK_CURRANT	schwarze Johannisbeere	APPLICABLE	0.4500	0.7500	CHANGED	BERRIES	BERRIES	Semantik: Schwarze Johannisbeere mit intensiver Säure und herb-aromatischem Geschmack; frisch oder ungesüßt tiefgekühlt gemeint. Vergleich: Beeren (1.0000) in BERRIES. Entscheidungsgrund: Art oder Sorte sind festgelegt, doch Zuschnitt, Garmethode und Kombination bleiben in mehreren süßen beziehungsweise herzhaften Anwendungen offen; das entspricht den eigenständigen Rohstoff-Peers der Familie.		MAIN_C604408_FULL_MASTER_POSTGRESQL17;ISSUE_288_AGENTIC_REVIEW_2026-09-17
BLACK_EYED_PEAS	Augenbohnen	APPLICABLE	0.5500	0.7500	CHANGED	BEANS	BEANS	Semantik: Helle Augenbohnen mit dunklem Keimfleck und mild-nussigem Geschmack; botanisch eine Form der Kuhbohne. Vergleich: Bohnen (1.0000) in BEANS. Entscheidungsgrund: Art oder Sorte sind festgelegt, doch Zuschnitt, Garmethode und Kombination bleiben in mehreren süßen beziehungsweise herzhaften Anwendungen offen; das entspricht den eigenständigen Rohstoff-Peers der Familie.		MAIN_C604408_FULL_MASTER_POSTGRESQL17;ISSUE_288_AGENTIC_REVIEW_2026-09-17
BLACK_GARLIC	schwarzer Knoblauch	APPLICABLE	0.3500	0.5000	CHANGED	GARLIC	GARLIC	Semantik: Fermentativ gereifter Knoblauch mit süßlich-würzigem, deutlich umamireichem Profil. Vergleich: Knoblauch (0.7500) in GARLIC. Entscheidungsgrund: Produktform, Aromaprofil oder typische Funktion sind enger vorgegeben als beim Anker; die Zutat bleibt unterscheidbar, wird wegen dieser Bindung innerhalb der Familie aber kompakter gewichtet.		MAIN_C604408_FULL_MASTER_POSTGRESQL17;ISSUE_288_AGENTIC_REVIEW_2026-09-17
BLACK_PEPPER	schwarzer Pfeffer	APPLICABLE	0.6000	0.7500	CHANGED	PEPPER	PEPPER	Semantik: Reif geerntete und getrocknete Pfefferfrüchte mit kräftiger Schärfe und warmem Aroma; ganz oder gemahlen verwendbar. Vergleich: Pfeffer (1.0000) in PEPPER. Entscheidungsgrund: Das einzelne Aroma ist klar festgelegt, kann aber über mehrere Gerichte, Techniken und Kombinationen eingesetzt werden; wie beim Anker bleibt ausreichend eigenständige Kochbreite.		MAIN_C604408_FULL_MASTER_POSTGRESQL17;ISSUE_288_AGENTIC_REVIEW_2026-09-17
BLACK_PUDDING	Black Pudding	APPLICABLE	0.5000	0.5000	UNCHANGED	BLOOD_SAUSAGE	BLOOD_SAUSAGE	Semantik: Schnittfeste britisch-irische Blutwurst mit deutlichem Getreideanteil, typischerweise Hafer oder Gerste, und krümelig-fester Textur. Andere Blutwursttraditionen erfüllen die Vorgabe nicht automatisch. Vergleich: Blutwurst (0.5000) in BLOOD_SAUSAGE. Entscheidungsgrund: Produktform, Aromaprofil oder typische Funktion sind enger vorgegeben als beim Anker; die Zutat bleibt unterscheidbar, wird wegen dieser Bindung innerhalb der Familie aber kompakter gewichtet.		MAIN_C604408_FULL_MASTER_POSTGRESQL17;ISSUE_288_AGENTIC_REVIEW_2026-09-17
BLACK_TEA	schwarzer Tee	APPLICABLE	0.3500	0.7500	CHANGED	TEA	TEA	Semantik: Vollständig oxidierter Tee mit kräftigem, oft malzigem oder herbem Profil; Sorte und Blattgrad bleiben offen. Vergleich: Tee (1.0000) in TEA. Entscheidungsgrund: Die benannte Zutat ist gegenüber dem Oberbegriff konkretisiert, behält aber mehrere eigenständige Kochfunktionen und Zubereitungswege; die Familienüberschneidung rechtfertigt die maßvolle Verdichtung.		MAIN_C604408_FULL_MASTER_POSTGRESQL17;ISSUE_288_AGENTIC_REVIEW_2026-09-17
BLACK_TIGER_SHRIMP	Black Tiger Garnele	APPLICABLE	0.4500	0.5000	CHANGED	SHRIMP	SHRIMP	Semantik: Ganze oder geschälte Tiere, mit oder ohne Kopf und Schale, roh oder gegart sind zulässig. Entscheidend ist eine eindeutige Artangabe; andere als Tiger-Garnele beworbene Arten zählen nicht. Vergleich: Garnelen (0.7500) in SHRIMP. Entscheidungsgrund: Konservierung oder stark festgelegte Produktform begrenzen Textur und Einsatz gegenüber frischer Rohware; die benannte Zutat bleibt dennoch ein eigenständiger Familienfall.		MAIN_C604408_FULL_MASTER_POSTGRESQL17;ISSUE_288_AGENTIC_REVIEW_2026-09-17
BLACK_VINEGAR	chinesischer schwarzer Essig	APPLICABLE	0.4500	0.7500	CHANGED	VINEGAR	VINEGAR	Semantik: Dunkler chinesischer Getreideessig mit malziger, röstiger Säure; nicht Balsamico oder bloß gefärbter Tafelessig. Vergleich: Essig (1.0000) in VINEGAR. Entscheidungsgrund: Die konkrete Produktausprägung besitzt ein eigenes Profil, bleibt aber über mehrere Koch-, Back- oder Servierfunktionen einsetzbar; das trägt die Zwischenstufe gegenüber dem offenen Oberbegriff.		MAIN_C604408_FULL_MASTER_POSTGRESQL17;ISSUE_288_AGENTIC_REVIEW_2026-09-17
BLOOD_ORANGE	Blutorange	APPLICABLE	0.5000	0.7500	CHANGED	ORANGE	ORANGE	Semantik: Orange mit rot pigmentiertem Fruchtfleisch und häufig beerig-herber Note; nicht Grapefruit. Vergleich: Orange (0.7500) in ORANGE. Entscheidungsgrund: Die benannte Zutat ist gegenüber dem Oberbegriff konkretisiert, behält aber mehrere eigenständige Kochfunktionen und Zubereitungswege; die Familienüberschneidung rechtfertigt die maßvolle Verdichtung.		MAIN_C604408_FULL_MASTER_POSTGRESQL17;ISSUE_288_AGENTIC_REVIEW_2026-09-17
BLOOD_SAUSAGE	Blutwurst	APPLICABLE	0.3000	0.5000	CHANGED	SAUSAGE	SAUSAGE	Semantik: Wurstfamilie mit Blut als prägendem Bestandteil; Gewürzung, Getreideanteil und Konsistenz können regional variieren. Vergleich: Wurst (1.0000) in SAUSAGE. Entscheidungsgrund: Rezeptur, Verarbeitung und typische Textur sind bei diesem benannten Produkt bereits wesentlich festgelegt; die Eigenständigkeit bleibt erhalten, die Familienverdichtung begrenzt aber seine relative Präsenz.		MAIN_C604408_FULL_MASTER_POSTGRESQL17;ISSUE_288_AGENTIC_REVIEW_2026-09-17
BLUEBERRY	Heidelbeere	APPLICABLE	0.6500	0.7500	CHANGED	BERRIES	BERRIES	Semantik: Heidelbeere als frische oder ungesüßt tiefgekühlte Beere; Kultur- und Waldheidelbeeren sind umfasst. Vergleich: Beeren (1.0000) in BERRIES. Entscheidungsgrund: Art oder Sorte sind festgelegt, doch Zuschnitt, Garmethode und Kombination bleiben in mehreren süßen beziehungsweise herzhaften Anwendungen offen; das entspricht den eigenständigen Rohstoff-Peers der Familie.		MAIN_C604408_FULL_MASTER_POSTGRESQL17;ISSUE_288_AGENTIC_REVIEW_2026-09-17
BLUE_CHEESE	Blauschimmelkäse	APPLICABLE	0.4500	0.7500	CHANGED	CHEESE	CHEESE	Semantik: Offene Käsefamilie mit Blauschimmelkulturen und ausgeprägt würzigem Aroma; Milchart und Reifegrad bleiben offen. Vergleich: Käse (1.0000) in CHEESE. Entscheidungsgrund: Die konkrete Produktausprägung besitzt ein eigenes Profil, bleibt aber über mehrere Koch-, Back- oder Servierfunktionen einsetzbar; das trägt die Zwischenstufe gegenüber dem offenen Oberbegriff.		MAIN_C604408_FULL_MASTER_POSTGRESQL17;ISSUE_288_AGENTIC_REVIEW_2026-09-17
BLUE_CRAB	Blaukrabbe	APPLICABLE	0.3000	0.5000	CHANGED	CRAB	CRAB	Semantik: Ganze Tiere, Scheren und ausgelöstes Fleisch sind zulässig; weichschalige Ware nur bei eindeutiger Artangabe. Andere Arten, die ebenfalls als blaue Schwimmkrabbe gehandelt werden, zählen nicht. Vergleich: Krabben (1.0000) in CRAB. Entscheidungsgrund: Konservierung oder stark festgelegte Produktform begrenzen Textur und Einsatz gegenüber frischer Rohware; die benannte Zutat bleibt dennoch ein eigenständiger Familienfall.		MAIN_C604408_FULL_MASTER_POSTGRESQL17;ISSUE_288_AGENTIC_REVIEW_2026-09-17
BLUE_STILTON	Blue Stilton	APPLICABLE	0.4500	0.7500	CHANGED	BLUE_CHEESE	BLUE_CHEESE	Semantik: Blue Stilton ist der blau geaderte Stilton aus Kuhmilch mit cremig-krümeliger Textur und kräftigem, pikant-salzigem Aroma. White Stilton und generischer Blauschimmelkäse sind nicht gemeint. Vergleich: Blauschimmelkäse (0.7500) in BLUE_CHEESE. Entscheidungsgrund: Die konkrete Produktausprägung besitzt ein eigenes Profil, bleibt aber über mehrere Koch-, Back- oder Servierfunktionen einsetzbar; das trägt die Zwischenstufe gegenüber dem offenen Oberbegriff.		MAIN_C604408_FULL_MASTER_POSTGRESQL17;ISSUE_288_AGENTIC_REVIEW_2026-09-17
BOMBA_RICE	Bomba-Reis	APPLICABLE	0.5000	0.7500	CHANGED	RICE	RICE	Semantik: Spanische Rundkorn-Reissorte Bomba mit hoher Flüssigkeits- und Geschmacksaufnahme; nicht Synonym für beliebigen Paella-Reis und nicht synonym mit der Herkunftsbezeichnung Calasparra. Vergleich: Reis (0.7500) in RICE. Entscheidungsgrund: Getreideart oder Produktform sind benannt, lassen aber süße und herzhafte Anwendungen sowie mehrere Garmethoden zu; diese Breite trägt die eigenständige Zwischenstufe.		MAIN_C604408_FULL_MASTER_POSTGRESQL17;ISSUE_288_AGENTIC_REVIEW_2026-09-17
BONE_MARROW	Knochenmark	APPLICABLE	0.2500	0.5000	CHANGED	OFFAL	OFFAL	Semantik: Fettreiches Mark aus großen Rinderknochen; zum Rösten, Auslassen oder Aromatisieren von Saucen und Brühen. Vergleich: Innereien (1.0000) in OFFAL. Entscheidungsgrund: Das konkrete Organ beziehungsweise die stark festgelegte Verarbeitungsform bestimmt Textur und geeignete Gartechnik deutlich; mehrere Gerichte bleiben möglich, aber die Aufgabe bindet stärker als ein gewöhnlicher Zuschnitt.		MAIN_C604408_FULL_MASTER_POSTGRESQL17;ISSUE_288_AGENTIC_REVIEW_2026-09-17
BONITO_FLAKES	Bonitoflocken	APPLICABLE	0.4000	0.5000	CHANGED	DRIED_FISH	DRIED_FISH	Semantik: Dünn gehobelte Flocken aus getrocknetem und meist geräuchertem Bonito nach Katsuobushi-Art; stark umamireich. Vergleich: getrockneter Fisch (0.7500) in DRIED_FISH. Entscheidungsgrund: Konservierung und konkrete Produktform prägen Geschmack, Textur oder weitere Verarbeitung bereits vor; innerhalb der Familie bleibt die Zutat eigenständig, aber enger als der unverarbeitete Rohstoff.		MAIN_C604408_FULL_MASTER_POSTGRESQL17;ISSUE_288_AGENTIC_REVIEW_2026-09-17
BRANDY	Weinbrand	APPLICABLE	0.3000	0.2500	CHANGED	COOKING_ALCOHOL	COOKING_ALCOHOL	Semantik: Offene Weinbrandfamilie; geschützte beziehungsweise kulinarisch eigenständige Ausprägungen wie Cognac können separat konkretisiert werden. Vergleich: Kochalkohol (0.2500) in COOKING_ALCOHOL. Entscheidungsgrund: Der Alkohol ist als Kochzutat eine geschmacks- und verfahrensprägende Pflichtvorgabe; Sorte und Stil unterscheiden die Aufgabe zusätzlich, weshalb der einheitliche Kochalkoholvertrag 0,25 vorsieht.	COOKING_ALCOHOL_INDEPENDENT_LOW_WEIGHT	MAIN_C604408_FULL_MASTER_POSTGRESQL17;ISSUE_288_AGENTIC_REVIEW_2026-09-17
BRATWURST	Bratwurst	APPLICABLE	0.7500	0.5000	CHANGED	SAUSAGE	SAUSAGE	Semantik: Zum Braten oder Grillen bestimmte Wurst; Fleischmischung, Körnung und regionale Würzung bleiben offen. Vergleich: Wurst (1.0000) in SAUSAGE. Entscheidungsgrund: Rezeptur, Verarbeitung und typische Textur sind bei diesem benannten Produkt bereits wesentlich festgelegt; die Eigenständigkeit bleibt erhalten, die Familienverdichtung begrenzt aber seine relative Präsenz.		MAIN_C604408_FULL_MASTER_POSTGRESQL17;ISSUE_288_AGENTIC_REVIEW_2026-09-17
BRAZIL_NUT	Paranüsse	APPLICABLE	0.4500	0.7500	CHANGED	NUTS	NUTS	Semantik: Große, fettreiche Paranusskerne mit cremigem Biss; ganz, gehackt oder gemahlen verwendbar. Vergleich: Nüsse (1.0000) in NUTS. Entscheidungsgrund: Art oder Sorte sind festgelegt, doch Zuschnitt, Garmethode und Kombination bleiben in mehreren süßen beziehungsweise herzhaften Anwendungen offen; das entspricht den eigenständigen Rohstoff-Peers der Familie.		MAIN_C604408_FULL_MASTER_POSTGRESQL17;ISSUE_288_AGENTIC_REVIEW_2026-09-17
BREAD	Brot oder Fladenbrot	APPLICABLE	0.5500	1.0000	CHANGED	BAKED_GOODS	BREAD	Semantik: Offene Vorgabe für gebackenes Brot oder Fladenbrot; Getreide, Triebmittel, Form und Krustenanteil bleiben wählbar. Vergleich: Brot oder Fladenbrot (1.0000) in BAKED_GOODS. Entscheidungsgrund: Der Oberbegriff lässt konkrete Rezeptur und Produktform offen und dient deshalb als breite drawable Auswahl statt als einzelnes Fertigprodukt.		MAIN_C604408_FULL_MASTER_POSTGRESQL17;ISSUE_288_AGENTIC_REVIEW_2026-09-17
BREADCRUMBS	Semmelbrösel	APPLICABLE	0.6000	0.5000	CHANGED	STARCHES	STARCHES	Semantik: Trockene gemahlene Brot- oder Brötchenkrume zum Panieren, Binden oder Bestreuen; Panko ist eine eigene Ausprägung. Vergleich: stärkehaltige Zutat oder Sättigungsbeilage (1.0000) in STARCHES. Entscheidungsgrund: Die vorverarbeitete Form legt Textur oder Hauptfunktion bereits eng fest; gegenüber dem Familienanker sinkt dadurch die Zahl sinnvoll verschiedener Pflichtaufgaben.		MAIN_C604408_FULL_MASTER_POSTGRESQL17;ISSUE_288_AGENTIC_REVIEW_2026-09-17
BREAD_DUMPLING	Semmelknödel	APPLICABLE	0.6500	0.7500	CHANGED	STARCHES	STARCHES	Semantik: Gekochter oder gedämpfter böhmisch-mitteleuropäischer Brot-/Semmelknödel als fertige Beilage; nicht Dumpling-Teig, Teighülle oder gefüllter Dumpling. Vergleich: stärkehaltige Zutat oder Sättigungsbeilage (1.0000) in STARCHES. Entscheidungsgrund: Getreideart oder Produktform sind benannt, lassen aber süße und herzhafte Anwendungen sowie mehrere Garmethoden zu; diese Breite trägt die eigenständige Zwischenstufe.		MAIN_C604408_FULL_MASTER_POSTGRESQL17;ISSUE_288_AGENTIC_REVIEW_2026-09-17
BRIE	Brie	APPLICABLE	0.7000	0.7500	CHANGED	CHEESE	CHEESE	Semantik: Weichkäse der Brie-Familie mit charakteristischer Weißschimmelrinde; umfasst handelsüblichen Brie-Stil und bekannte französische Ausprägungen, ohne auf Brie de Meaux oder Brie de Melun beschränkt zu sein. Nicht Camembert. Vergleich: Käse (1.0000) in CHEESE. Entscheidungsgrund: Die konkrete Produktausprägung besitzt ein eigenes Profil, bleibt aber über mehrere Koch-, Back- oder Servierfunktionen einsetzbar; das trägt die Zwischenstufe gegenüber dem offenen Oberbegriff.		MAIN_C604408_FULL_MASTER_POSTGRESQL17;ISSUE_288_AGENTIC_REVIEW_2026-09-17
BROAD_BEANS	Dicke Bohnen	APPLICABLE	0.6500	0.7500	CHANGED	BEANS	BEANS	Semantik: Dicke Bohnen beziehungsweise Ackerbohnen; frisch, tiefgekühlt oder getrocknet verwendbar und nicht mit grünen Bohnen gleichzusetzen. Vergleich: Bohnen (1.0000) in BEANS. Entscheidungsgrund: Art oder Sorte sind festgelegt, doch Zuschnitt, Garmethode und Kombination bleiben in mehreren süßen beziehungsweise herzhaften Anwendungen offen; das entspricht den eigenständigen Rohstoff-Peers der Familie.		MAIN_C604408_FULL_MASTER_POSTGRESQL17;ISSUE_288_AGENTIC_REVIEW_2026-09-17
BROCCOLI	Brokkoli	APPLICABLE	1.0000	0.7500	CHANGED	CABBAGE_VEGETABLES	CABBAGE_VEGETABLES	Semantik: Grünes Kohlgemüse mit essbaren Blütenknospen und Stielen; nicht mit Romanesco oder Blumenkohl gleichsetzen. Vergleich: Kohlgemüse (1.0000) in CABBAGE_VEGETABLES. Entscheidungsgrund: Art oder Sorte sind festgelegt, doch Zuschnitt, Garmethode und Kombination bleiben in mehreren süßen beziehungsweise herzhaften Anwendungen offen; das entspricht den eigenständigen Rohstoff-Peers der Familie.		MAIN_C604408_FULL_MASTER_POSTGRESQL17;ISSUE_288_AGENTIC_REVIEW_2026-09-17
BROKEN_RICE	Bruchreis	APPLICABLE	0.5500	0.7500	CHANGED	RICE	RICE	Semantik: Reiskörner, die bei Ernte oder Verarbeitung gebrochen wurden und dadurch kleiner sowie schneller garend sind. Gemeint ist das Kornprodukt, nicht ein fertig belegtes Cơm-tấm-Gericht. Vergleich: Reis (0.7500) in RICE. Entscheidungsgrund: Getreideart oder Produktform sind benannt, lassen aber süße und herzhafte Anwendungen sowie mehrere Garmethoden zu; diese Breite trägt die eigenständige Zwischenstufe.		MAIN_C604408_FULL_MASTER_POSTGRESQL17;ISSUE_288_AGENTIC_REVIEW_2026-09-17
BROWN_CHAMPIGNON	braune Champignons	APPLICABLE	0.9000	0.7500	CHANGED	CHAMPIGNON	CHAMPIGNON	Semantik: Frische braune Zuchtchampignons mit etwas kräftigerem Aroma als weiße Champignons. Vergleich: frische Champignons (1.0000) in CHAMPIGNON. Entscheidungsgrund: Art oder Sorte sind festgelegt, doch Zuschnitt, Garmethode und Kombination bleiben in mehreren süßen beziehungsweise herzhaften Anwendungen offen; das entspricht den eigenständigen Rohstoff-Peers der Familie.		MAIN_C604408_FULL_MASTER_POSTGRESQL17;ISSUE_288_AGENTIC_REVIEW_2026-09-17
BROWN_RICE	Vollkornreis	APPLICABLE	0.7000	0.7500	CHANGED	RICE	RICE	Semantik: Reis mit erhaltenen Randschichten und dadurch nussigerem Geschmack sowie festerem Biss; Sorte bleibt offen. Vergleich: Reis (0.7500) in RICE. Entscheidungsgrund: Getreideart oder Produktform sind benannt, lassen aber süße und herzhafte Anwendungen sowie mehrere Garmethoden zu; diese Breite trägt die eigenständige Zwischenstufe.		MAIN_C604408_FULL_MASTER_POSTGRESQL17;ISSUE_288_AGENTIC_REVIEW_2026-09-17
BROWN_SAUCE	Brown Sauce	APPLICABLE	0.4500	0.5000	CHANGED	READY_SAUCES_AND_PASTES	BARBECUE_SAUCE	Semantik: Dunkle britische Würzsauce mit fruchtig-säuerlichem, würzig-süßem Profil, typischerweise auf Tomate, Malzessig, Melasse und Gewürzen aufgebaut. Ketchup, BBQ- und gewöhnliche Steak-Saucen sind nicht gemeint. Vergleich: Barbecuesauce (0.5000) in READY_SAUCES_AND_PASTES. Entscheidungsgrund: Das fertige fruchtig-malzige Würzprofil bindet die Geschmacksrichtung ähnlich stark wie Barbecuesauce; es ist keine offene Saucenbasis.		MAIN_C604408_FULL_MASTER_POSTGRESQL17;ISSUE_288_AGENTIC_REVIEW_2026-09-17
BROWN_SUGAR	brauner Zucker	APPLICABLE	0.4500	0.7500	CHANGED	SWEETENERS	SWEETENERS	Semantik: Brauner Zucker mit Melasseanteil beziehungsweise karamelligem Aroma; feucht oder trocken verwendbar. Vergleich: Süßungsmittel (1.0000) in SWEETENERS. Entscheidungsgrund: Die konkrete Produktausprägung besitzt ein eigenes Profil, bleibt aber über mehrere Koch-, Back- oder Servierfunktionen einsetzbar; das trägt die Zwischenstufe gegenüber dem offenen Oberbegriff.		MAIN_C604408_FULL_MASTER_POSTGRESQL17;ISSUE_288_AGENTIC_REVIEW_2026-09-17
BRUNOST	Brunost	APPLICABLE	0.3500	0.7500	CHANGED	CHEESE	CHEESE	Semantik: Norwegisches braunes Molkeprodukt mit charakteristisch süßlich-karamelligem Geschmack, der durch starkes Einkochen von Molke und Milchbestandteilen entsteht. Kuh- und Ziegenmilchanteile können je nach Variante variieren. Nicht mit gewöhnlichem Ziegenkäse oder Karamellaufstrich gleichsetzen. Vergleich: Käse (1.0000) in CHEESE. Entscheidungsgrund: Die konkrete Produktausprägung besitzt ein eigenes Profil, bleibt aber über mehrere Koch-, Back- oder Servierfunktionen einsetzbar; das trägt die Zwischenstufe gegenüber dem offenen Oberbegriff.		MAIN_C604408_FULL_MASTER_POSTGRESQL17;ISSUE_288_AGENTIC_REVIEW_2026-09-17
BRUSSELS_SPROUTS	Rosenkohl	APPLICABLE	0.8000	0.7500	CHANGED	CABBAGE_VEGETABLES	CABBAGE_VEGETABLES	Semantik: Kleine feste Blattachselknospen des Kohls mit herb-nussigem Geschmack; frisch oder tiefgekühlt verwendbar. Vergleich: Kohlgemüse (1.0000) in CABBAGE_VEGETABLES. Entscheidungsgrund: Art oder Sorte sind festgelegt, doch Zuschnitt, Garmethode und Kombination bleiben in mehreren süßen beziehungsweise herzhaften Anwendungen offen; das entspricht den eigenständigen Rohstoff-Peers der Familie.		MAIN_C604408_FULL_MASTER_POSTGRESQL17;ISSUE_288_AGENTIC_REVIEW_2026-09-17
BRUSSELS_WAFFLE	Brüsseler Waffel	APPLICABLE	0.4000	0.5000	CHANGED	CONFECTIONERY	MARZIPAN	Semantik: Große rechteckige belgische Waffel nach Brüsseler Art, außen knusprig und innen luftig. Gemeint ist die Waffel selbst, ohne vorausgesetzte Beläge. Nicht mit der kompakteren Lütticher Zuckerwaffel gleichsetzen. Vergleich: Marzipan (0.5000) in CONFECTIONERY. Entscheidungsgrund: Rezeptur, Verarbeitung und typische Textur sind bei diesem benannten Produkt bereits wesentlich festgelegt; die Eigenständigkeit bleibt erhalten, die Familienverdichtung begrenzt aber seine relative Präsenz.		MAIN_C604408_FULL_MASTER_POSTGRESQL17;ISSUE_288_AGENTIC_REVIEW_2026-09-17
BUCKWHEAT	Buchweizen	APPLICABLE	0.6000	0.7500	CHANGED	GRAINS	GRAINS	Semantik: Glutenfreies Pseudogetreide mit kräftig-nussigem Geschmack; gemeint sind ganze Körner oder Grütze, nicht Mehl. Vergleich: Getreide oder Pseudogetreide (1.0000) in GRAINS. Entscheidungsgrund: Getreideart oder Produktform sind benannt, lassen aber süße und herzhafte Anwendungen sowie mehrere Garmethoden zu; diese Breite trägt die eigenständige Zwischenstufe.		MAIN_C604408_FULL_MASTER_POSTGRESQL17;ISSUE_288_AGENTIC_REVIEW_2026-09-17
BUCKWHEAT_FLOUR	Buchweizenmehl	APPLICABLE	0.5500	0.7500	CHANGED	FLOUR	FLOUR	Semantik: Mehl aus Buchweizen; nicht Weizenmehl mit Buchweizenanteil und nicht ganzes Buchweizenkorn. Vergleich: Mehl (1.0000) in FLOUR. Entscheidungsgrund: Getreideart oder Produktform sind benannt, lassen aber süße und herzhafte Anwendungen sowie mehrere Garmethoden zu; diese Breite trägt die eigenständige Zwischenstufe.		MAIN_C604408_FULL_MASTER_POSTGRESQL17;ISSUE_288_AGENTIC_REVIEW_2026-09-17
BULGUR	Bulgur	APPLICABLE	0.7000	0.7500	CHANGED	GRAINS	GRAINS	Semantik: Vorgegarter, getrockneter und gebrochener Hartweizen mit nussigem Biss; Körnung kann variieren. Vergleich: Getreide oder Pseudogetreide (1.0000) in GRAINS. Entscheidungsgrund: Getreideart oder Produktform sind benannt, lassen aber süße und herzhafte Anwendungen sowie mehrere Garmethoden zu; diese Breite trägt die eigenständige Zwischenstufe.		MAIN_C604408_FULL_MASTER_POSTGRESQL17;ISSUE_288_AGENTIC_REVIEW_2026-09-17
BURDOCK_ROOT	Klettenwurzel	APPLICABLE	1.0000	0.7500	CHANGED	ROOT_VEGETABLES	ROOT_VEGETABLES	Semantik: Lange braune Speisewurzel mit erdig-nussigem Aroma und fester, faseriger Textur. Dünn schneiden oder stifteln und als Gemüse garen; Tee- und Pulverprodukte sind nicht gemeint. Vergleich: Wurzel- und Knollengemüse (1.0000) in ROOT_VEGETABLES. Entscheidungsgrund: Art oder Sorte sind festgelegt, doch Zuschnitt, Garmethode und Kombination bleiben in mehreren süßen beziehungsweise herzhaften Anwendungen offen; das entspricht den eigenständigen Rohstoff-Peers der Familie.		MAIN_C604408_FULL_MASTER_POSTGRESQL17;ISSUE_288_AGENTIC_REVIEW_2026-09-17
BUTTER	Butter	APPLICABLE	0.7500	0.7500	UNCHANGED	COOKING_FATS	COOKING_FATS	Semantik: Streich- und Kochfett aus Milchrahm; gesalzene, ungesalzene und mildgesäuerte Butter sind umfasst. Vergleich: Kochfett (1.0000) in COOKING_FATS. Entscheidungsgrund: Die konkrete Produktausprägung besitzt ein eigenes Profil, bleibt aber über mehrere Koch-, Back- oder Servierfunktionen einsetzbar; das trägt die Zwischenstufe gegenüber dem offenen Oberbegriff.		MAIN_C604408_FULL_MASTER_POSTGRESQL17;ISSUE_288_AGENTIC_REVIEW_2026-09-17
BUTTERMILK	Buttermilch	APPLICABLE	0.6500	0.7500	CHANGED	CULTURED_DAIRY	CULTURED_DAIRY	Semantik: Fettarmes säuerliches Milchprodukt aus der Butterherstellung beziehungsweise entsprechender Kultivierung; nicht Kefir. Vergleich: gesäuertes Milchprodukt (1.0000) in CULTURED_DAIRY. Entscheidungsgrund: Die konkrete Produktausprägung besitzt ein eigenes Profil, bleibt aber über mehrere Koch-, Back- oder Servierfunktionen einsetzbar; das trägt die Zwischenstufe gegenüber dem offenen Oberbegriff.		MAIN_C604408_FULL_MASTER_POSTGRESQL17;ISSUE_288_AGENTIC_REVIEW_2026-09-17
BUTTERNUT_SQUASH	Butternut-Kürbis	APPLICABLE	0.8000	0.7500	CHANGED	PUMPKIN	PUMPKIN	Semantik: Birnenförmiger Moschuskürbis mit dichtem, süßlich-nussigem Fruchtfleisch und kleiner Samenhöhle. Vergleich: Kürbis (0.7500) in PUMPKIN. Entscheidungsgrund: Die benannte Zutat ist gegenüber dem Oberbegriff konkretisiert, behält aber mehrere eigenständige Kochfunktionen und Zubereitungswege; die Familienüberschneidung rechtfertigt die maßvolle Verdichtung.		MAIN_C604408_FULL_MASTER_POSTGRESQL17;ISSUE_288_AGENTIC_REVIEW_2026-09-17
BUTTER_BEANS	Limabohnen	APPLICABLE	0.6000	0.7500	CHANGED	BEANS	BEANS	Semantik: Große helle Limabohnen mit weicher, cremiger Textur; getrocknet oder vorgegart verwendbar. Vergleich: Bohnen (1.0000) in BEANS. Entscheidungsgrund: Art oder Sorte sind festgelegt, doch Zuschnitt, Garmethode und Kombination bleiben in mehreren süßen beziehungsweise herzhaften Anwendungen offen; das entspricht den eigenständigen Rohstoff-Peers der Familie.		MAIN_C604408_FULL_MASTER_POSTGRESQL17;ISSUE_288_AGENTIC_REVIEW_2026-09-17
CABBAGE_VEGETABLES	Kohlgemüse	APPLICABLE	0.8000	1.0000	CHANGED	VEGETABLES	VEGETABLES	Semantik: Offene Vorgabe für Blatt-, Kopf-, Knospen- und Blütenformen der Kohlgemüsefamilie. Vergleich: Gemüse (1.0000) in VEGETABLES. Entscheidungsgrund: Die Zeile ist eine breite drawable Rohstofffamilie und lässt Sorte sowie rohe, gegarte oder weiterverarbeitete Umsetzung offen; sie bleibt deshalb der volle Referenzpunkt.		MAIN_C604408_FULL_MASTER_POSTGRESQL17;ISSUE_288_AGENTIC_REVIEW_2026-09-17
CALAMANSI	Calamansi	APPLICABLE	0.3000	0.7500	CHANGED	CITRUS_FRUIT	CITRUS_FRUIT	Semantik: Kleine südostasiatische Zitrusfrucht mit aromatischem, deutlich saurem Saft; frisch oder als ungesüßter Saft verwendbar. Vergleich: Zitrusfrucht (1.0000) in CITRUS_FRUIT. Entscheidungsgrund: Art oder Sorte sind festgelegt, doch Zuschnitt, Garmethode und Kombination bleiben in mehreren süßen beziehungsweise herzhaften Anwendungen offen; das entspricht den eigenständigen Rohstoff-Peers der Familie.		MAIN_C604408_FULL_MASTER_POSTGRESQL17;ISSUE_288_AGENTIC_REVIEW_2026-09-17
CALVADOS	Calvados	APPLICABLE	0.2500	0.2500	UNCHANGED	COOKING_ALCOHOL	COOKING_ALCOHOL	Semantik: Französischer Apfel- beziehungsweise Apfel-Birnen-Brand nach Calvados-Art; nicht Cider, Apfellikör oder generischer Obstbrand. Vergleich: Kochalkohol (0.2500) in COOKING_ALCOHOL. Entscheidungsgrund: Der Alkohol ist als Kochzutat eine geschmacks- und verfahrensprägende Pflichtvorgabe; Sorte und Stil unterscheiden die Aufgabe zusätzlich, weshalb der einheitliche Kochalkoholvertrag 0,25 vorsieht.	COOKING_ALCOHOL_INDEPENDENT_LOW_WEIGHT	MAIN_C604408_FULL_MASTER_POSTGRESQL17;ISSUE_288_AGENTIC_REVIEW_2026-09-17
CAMEMBERT	Camembert	APPLICABLE	0.6500	0.7500	CHANGED	CHEESE	CHEESE	Semantik: Weicher Kuhmilchkäse mit Weißschimmelrinde und cremiger bis reifer, kräftiger Textur; nicht Brie. Vergleich: Käse (1.0000) in CHEESE. Entscheidungsgrund: Die konkrete Produktausprägung besitzt ein eigenes Profil, bleibt aber über mehrere Koch-, Back- oder Servierfunktionen einsetzbar; das trägt die Zwischenstufe gegenüber dem offenen Oberbegriff.		MAIN_C604408_FULL_MASTER_POSTGRESQL17;ISSUE_288_AGENTIC_REVIEW_2026-09-17
CANNED_CHAMPIGNONS	Dosenchampignons	APPLICABLE	0.7000	0.7500	CHANGED	CHAMPIGNONS	CHAMPIGNONS	Semantik: Gegarte Champignons aus Dose oder Glas in schlichter Lake; nicht eingelegte oder frische Champignons. Vergleich: Champignons (1.0000) in CHAMPIGNONS. Entscheidungsgrund: Die benannte Zutat ist gegenüber dem Oberbegriff konkretisiert, behält aber mehrere eigenständige Kochfunktionen und Zubereitungswege; die Familienüberschneidung rechtfertigt die maßvolle Verdichtung.		MAIN_C604408_FULL_MASTER_POSTGRESQL17;ISSUE_288_AGENTIC_REVIEW_2026-09-17
CANNED_SARDINES	Sardinen aus der Dose	APPLICABLE	0.5500	0.5000	CHANGED	PRESERVED_FISH	PRESERVED_FISH	Semantik: Gegarte Sardinen als Konserve in Öl, Wasser oder einfacher Sauce; Flüssigkeit und Würzung können variieren. Vergleich: konservierter Fisch (1.0000) in PRESERVED_FISH. Entscheidungsgrund: Konservierung und konkrete Produktform prägen Geschmack, Textur oder weitere Verarbeitung bereits vor; innerhalb der Familie bleibt die Zutat eigenständig, aber enger als der unverarbeitete Rohstoff.		MAIN_C604408_FULL_MASTER_POSTGRESQL17;ISSUE_288_AGENTIC_REVIEW_2026-09-17
CANNED_TOMATOES	Dosentomaten	APPLICABLE	0.8000	0.7500	CHANGED	TOMATO	TOMATO	Semantik: Geschälte oder stückige Tomaten als unkonzentrierte Konserve; nicht passierte Tomaten oder Tomatenmark. Vergleich: Tomate (0.7500) in TOMATO. Entscheidungsgrund: Die benannte Zutat ist gegenüber dem Oberbegriff konkretisiert, behält aber mehrere eigenständige Kochfunktionen und Zubereitungswege; die Familienüberschneidung rechtfertigt die maßvolle Verdichtung.		MAIN_C604408_FULL_MASTER_POSTGRESQL17;ISSUE_288_AGENTIC_REVIEW_2026-09-17
CANNED_TUNA	Thunfisch aus der Dose	APPLICABLE	0.7500	0.5000	CHANGED	PRESERVED_FISH	PRESERVED_FISH	Semantik: Gegarter Thunfisch als Konserve in Öl oder eigenem Saft; nicht frisches Thunfischsteak. Vergleich: konservierter Fisch (1.0000) in PRESERVED_FISH. Entscheidungsgrund: Konservierung und konkrete Produktform prägen Geschmack, Textur oder weitere Verarbeitung bereits vor; innerhalb der Familie bleibt die Zutat eigenständig, aber enger als der unverarbeitete Rohstoff.		MAIN_C604408_FULL_MASTER_POSTGRESQL17;ISSUE_288_AGENTIC_REVIEW_2026-09-17
CANNELLINI_BEANS	Cannellini-Bohnen	APPLICABLE	0.7500	0.7500	UNCHANGED	BEANS	BEANS	Semantik: Mittelgroße weiße Bohnen italienischer Art mit mildem Geschmack und cremiger Textur. Vergleich: Bohnen (1.0000) in BEANS. Entscheidungsgrund: Art oder Sorte sind festgelegt, doch Zuschnitt, Garmethode und Kombination bleiben in mehreren süßen beziehungsweise herzhaften Anwendungen offen; das entspricht den eigenständigen Rohstoff-Peers der Familie.		MAIN_C604408_FULL_MASTER_POSTGRESQL17;ISSUE_288_AGENTIC_REVIEW_2026-09-17
CANTALOUPE	Cantaloupe-Melone	APPLICABLE	0.5500	0.7500	CHANGED	MELONS	MELONS	Semantik: Orangefleischige, aromatisch süße Melone mit typischer netzartiger oder gerippter Schale. Vergleich: Melone (1.0000) in MELONS. Entscheidungsgrund: Die benannte Zutat ist gegenüber dem Oberbegriff konkretisiert, behält aber mehrere eigenständige Kochfunktionen und Zubereitungswege; die Familienüberschneidung rechtfertigt die maßvolle Verdichtung.		MAIN_C604408_FULL_MASTER_POSTGRESQL17;ISSUE_288_AGENTIC_REVIEW_2026-09-17
CAPERS	Kapern	APPLICABLE	0.5500	0.5000	CHANGED	PRESERVED_PRODUCE	PRESERVED_PRODUCE	Semantik: Eingelegte Blütenknospen des Kapernstrauchs mit salzig-säuerlichem, pikantem Geschmack; nicht Kapernäpfel. Vergleich: konservierte pflanzliche Zutat (1.0000) in PRESERVED_PRODUCE. Entscheidungsgrund: Konservierung und konkrete Produktform prägen Geschmack, Textur oder weitere Verarbeitung bereits vor; innerhalb der Familie bleibt die Zutat eigenständig, aber enger als der unverarbeitete Rohstoff.		MAIN_C604408_FULL_MASTER_POSTGRESQL17;ISSUE_288_AGENTIC_REVIEW_2026-09-17
CARAWAY	Kümmel	APPLICABLE	0.5000	0.7500	CHANGED	SPICES	CUMIN	Semantik: Echter Kümmel mit warmem, anisartigem Aroma; nicht Kreuzkümmel. Vergleich: Kreuzkümmel (0.7500) in SPICES. Entscheidungsgrund: Das einzelne Aroma ist klar festgelegt, kann aber über mehrere Gerichte, Techniken und Kombinationen eingesetzt werden; wie beim Anker bleibt ausreichend eigenständige Kochbreite.		MAIN_C604408_FULL_MASTER_POSTGRESQL17;ISSUE_288_AGENTIC_REVIEW_2026-09-17
CARDAMOM	Kardamom	APPLICABLE	0.5000	0.7500	CHANGED	SPICES	CUMIN	Semantik: Aromatische Kardamomkapseln oder -samen; ohne weitere Konkretisierung ist grüner Kardamom gemeint. Schwarzer Kardamom besitzt ein deutlich herberes, häufig rauchiges Profil. Vergleich: Kreuzkümmel (0.7500) in SPICES. Entscheidungsgrund: Das einzelne Aroma ist klar festgelegt, kann aber über mehrere Gerichte, Techniken und Kombinationen eingesetzt werden; wie beim Anker bleibt ausreichend eigenständige Kochbreite.		MAIN_C604408_FULL_MASTER_POSTGRESQL17;ISSUE_288_AGENTIC_REVIEW_2026-09-17
CARP	Karpfen	APPLICABLE	0.3500	0.7500	CHANGED	FISH	FISH	Semantik: Karpfen als frischer oder tiefgekühlter Süßwasserfisch; Zuschnitt und Zubereitungsform bleiben offen. Vergleich: Fisch (1.0000) in FISH. Entscheidungsgrund: Die Art beziehungsweise Tiergruppe ist festgelegt, Zuschnitt, Würzung und mehrere Gartechniken bleiben aber wählbar; das trägt eine eigenständige, gegenüber der offenen Familie leicht verdichtete Präsenz.		MAIN_C604408_FULL_MASTER_POSTGRESQL17;ISSUE_288_AGENTIC_REVIEW_2026-09-17
CARROT	Karotte	APPLICABLE	1.0000	0.7500	CHANGED	ROOT_VEGETABLES	ROOT_VEGETABLES	Semantik: Karotte als süßlich-erdiges Wurzelgemüse; Farbe und Größe bleiben offen. Vergleich: Wurzel- und Knollengemüse (1.0000) in ROOT_VEGETABLES. Entscheidungsgrund: Art oder Sorte sind festgelegt, doch Zuschnitt, Garmethode und Kombination bleiben in mehreren süßen beziehungsweise herzhaften Anwendungen offen; das entspricht den eigenständigen Rohstoff-Peers der Familie.		MAIN_C604408_FULL_MASTER_POSTGRESQL17;ISSUE_288_AGENTIC_REVIEW_2026-09-17
CASHEW	Cashewkerne	APPLICABLE	0.6500	0.7500	CHANGED	NUTS	NUTS	Semantik: Cremig-milde Cashewkerne; roh, geröstet oder ungesalzen verwendbar. Vergleich: Nüsse (1.0000) in NUTS. Entscheidungsgrund: Art oder Sorte sind festgelegt, doch Zuschnitt, Garmethode und Kombination bleiben in mehreren süßen beziehungsweise herzhaften Anwendungen offen; das entspricht den eigenständigen Rohstoff-Peers der Familie.		MAIN_C604408_FULL_MASTER_POSTGRESQL17;ISSUE_288_AGENTIC_REVIEW_2026-09-17
CASHEW_BUTTER	Cashewmus	APPLICABLE	0.4500	0.5000	CHANGED	NUT_AND_SEED_PASTES	PEANUT_BUTTER	Semantik: Fein vermahlene Cashewpaste mit cremiger Textur; ungesüßte und leicht gesüßte Varianten sind umfasst. Vergleich: Erdnussbutter (0.5000) in NUT_AND_SEED_PASTES. Entscheidungsgrund: Vermahlung zur streichfähigen Nuss-Paste bindet Produktform und Textur genau wie bei Erdnuss- und Mandelbutter; die Rohstofffamilie Cashew rechtfertigt keine höhere Stufe.		MAIN_C604408_FULL_MASTER_POSTGRESQL17;ISSUE_288_AGENTIC_REVIEW_2026-09-17
CASSAVA	Maniok	APPLICABLE	0.5500	0.7500	CHANGED	ROOT_VEGETABLES	ROOT_VEGETABLES	Semantik: Stärkereiche Maniokwurzel, die nur geschält und ausreichend gegart verwendet wird; nicht Tapiokastärke. Vergleich: Wurzel- und Knollengemüse (1.0000) in ROOT_VEGETABLES. Entscheidungsgrund: Art oder Sorte sind festgelegt, doch Zuschnitt, Garmethode und Kombination bleiben in mehreren süßen beziehungsweise herzhaften Anwendungen offen; das entspricht den eigenständigen Rohstoff-Peers der Familie.		MAIN_C604408_FULL_MASTER_POSTGRESQL17;ISSUE_288_AGENTIC_REVIEW_2026-09-17
CATFISH	Wels	APPLICABLE	0.5500	0.7500	CHANGED	WHITE_FISH	WHITE_FISH	Semantik: Wels als festfleischiger Süßwasserfisch; Art und Zuschnitt bleiben offen. Vergleich: weißfleischiger Fisch (1.0000) in WHITE_FISH. Entscheidungsgrund: Die Art beziehungsweise Tiergruppe ist festgelegt, Zuschnitt, Würzung und mehrere Gartechniken bleiben aber wählbar; das trägt eine eigenständige, gegenüber der offenen Familie leicht verdichtete Präsenz.		MAIN_C604408_FULL_MASTER_POSTGRESQL17;ISSUE_288_AGENTIC_REVIEW_2026-09-17
CAULIFLOWER	Blumenkohl	APPLICABLE	1.0000	0.7500	CHANGED	CABBAGE_VEGETABLES	CABBAGE_VEGETABLES	Semantik: Kohlgemüse mit dichtem, hellem Blütenstand; Blätter und Strunk können kulinarisch mitverwendet werden. Vergleich: Kohlgemüse (1.0000) in CABBAGE_VEGETABLES. Entscheidungsgrund: Art oder Sorte sind festgelegt, doch Zuschnitt, Garmethode und Kombination bleiben in mehreren süßen beziehungsweise herzhaften Anwendungen offen; das entspricht den eigenständigen Rohstoff-Peers der Familie.		MAIN_C604408_FULL_MASTER_POSTGRESQL17;ISSUE_288_AGENTIC_REVIEW_2026-09-17
CAVA	Cava	APPLICABLE	0.2500	0.2500	UNCHANGED	COOKING_ALCOHOL	COOKING_ALCOHOL	Semantik: Schaumwein der geschützten Ursprungsbezeichnung Cava, überwiegend in Spanien nach traditioneller Flaschengärung erzeugt; Süßegrad und Reife können variieren. Nicht generischer Schaumwein, Champagner oder Prosecco. Vergleich: Kochalkohol (0.2500) in COOKING_ALCOHOL. Entscheidungsgrund: Der Alkohol ist als Kochzutat eine geschmacks- und verfahrensprägende Pflichtvorgabe; Sorte und Stil unterscheiden die Aufgabe zusätzlich, weshalb der einheitliche Kochalkoholvertrag 0,25 vorsieht.	COOKING_ALCOHOL_INDEPENDENT_LOW_WEIGHT	MAIN_C604408_FULL_MASTER_POSTGRESQL17;ISSUE_288_AGENTIC_REVIEW_2026-09-17
CAYENNE_PEPPER	Cayennepfeffer	APPLICABLE	0.6000	0.7500	CHANGED	CHILI_POWDER	CHILI_POWDER	Semantik: Fein gemahlenes scharfes Chilipulver nach Cayenne-Art; trotz des Namens kein echter Pfeffer. Vergleich: Chilipulver (0.7500) in CHILI_POWDER. Entscheidungsgrund: Die benannte Zutat ist gegenüber dem Oberbegriff konkretisiert, behält aber mehrere eigenständige Kochfunktionen und Zubereitungswege; die Familienüberschneidung rechtfertigt die maßvolle Verdichtung.		MAIN_C604408_FULL_MASTER_POSTGRESQL17;ISSUE_288_AGENTIC_REVIEW_2026-09-17
CELERIAC	Knollensellerie	APPLICABLE	0.8000	0.7500	CHANGED	ROOT_VEGETABLES	ROOT_VEGETABLES	Semantik: Knollensellerie mit festem, intensiv sellerieartigem Fleisch; nicht Staudensellerie. Vergleich: Wurzel- und Knollengemüse (1.0000) in ROOT_VEGETABLES. Entscheidungsgrund: Art oder Sorte sind festgelegt, doch Zuschnitt, Garmethode und Kombination bleiben in mehreren süßen beziehungsweise herzhaften Anwendungen offen; das entspricht den eigenständigen Rohstoff-Peers der Familie.		MAIN_C604408_FULL_MASTER_POSTGRESQL17;ISSUE_288_AGENTIC_REVIEW_2026-09-17
CELERY_STALK	Staudensellerie	APPLICABLE	0.8500	0.7500	CHANGED	STEM_VEGETABLES	STEM_VEGETABLES	Semantik: Staudensellerie mit knackigen Blattstielen und frischem Selleriearoma; nicht Knollensellerie. Vergleich: Stängelgemüse (1.0000) in STEM_VEGETABLES. Entscheidungsgrund: Art oder Sorte sind festgelegt, doch Zuschnitt, Garmethode und Kombination bleiben in mehreren süßen beziehungsweise herzhaften Anwendungen offen; das entspricht den eigenständigen Rohstoff-Peers der Familie.		MAIN_C604408_FULL_MASTER_POSTGRESQL17;ISSUE_288_AGENTIC_REVIEW_2026-09-17
CHAMPIGNON	frische Champignons	APPLICABLE	0.7500	1.0000	CHANGED	CHAMPIGNONS	CHAMPIGNONS	Semantik: Frischer Zuchtchampignon ohne Festlegung auf die weiße oder braune Form; konservierte Champignons und andere Speisepilze sind nicht gemeint. Vergleich: Champignons (1.0000) in CHAMPIGNONS. Entscheidungsgrund: Die Vorgabe lässt innerhalb ihrer Semantik mehrere konkrete Produktformen, Kombinationen und Zubereitungen offen und bildet deshalb den breiten Referenzpunkt der Vergleichsgruppe.		MAIN_C604408_FULL_MASTER_POSTGRESQL17;ISSUE_288_AGENTIC_REVIEW_2026-09-17
CHAMPIGNONS	Champignons	APPLICABLE	0.7000	1.0000	CHANGED	MUSHROOMS	MUSHROOMS	Semantik: Offene Champignonfamilie einschließlich frischer und konservierter Produktformen; nicht sämtliche Speisepilze. Vergleich: Pilze (1.0000) in MUSHROOMS. Entscheidungsgrund: Die Zeile ist eine breite drawable Rohstofffamilie und lässt Sorte sowie rohe, gegarte oder weiterverarbeitete Umsetzung offen; sie bleibt deshalb der volle Referenzpunkt.		MAIN_C604408_FULL_MASTER_POSTGRESQL17;ISSUE_288_AGENTIC_REVIEW_2026-09-17
CHANTERELLE	Pfifferlinge	APPLICABLE	0.6000	0.7500	CHANGED	MUSHROOMS	MUSHROOMS	Semantik: Pfifferlinge mit festem Biss und pfeffrig-fruchtigem Waldpilzaroma; frisch, tiefgekühlt oder getrocknet verwendbar. Vergleich: Pilze (1.0000) in MUSHROOMS. Entscheidungsgrund: Art oder Sorte sind festgelegt, doch Zuschnitt, Garmethode und Kombination bleiben in mehreren süßen beziehungsweise herzhaften Anwendungen offen; das entspricht den eigenständigen Rohstoff-Peers der Familie.		MAIN_C604408_FULL_MASTER_POSTGRESQL17;ISSUE_288_AGENTIC_REVIEW_2026-09-17
CHARD	Mangold	APPLICABLE	0.7500	0.7500	UNCHANGED	LEAFY_GREENS	LEAFY_GREENS	Semantik: Mangold mit fleischigen Stielen und großen Blättern; beide Teile sind essbar und benötigen oft unterschiedliche Garzeiten. Vergleich: Blattgemüse (1.0000) in LEAFY_GREENS. Entscheidungsgrund: Art oder Sorte sind festgelegt, doch Zuschnitt, Garmethode und Kombination bleiben in mehreren süßen beziehungsweise herzhaften Anwendungen offen; das entspricht den eigenständigen Rohstoff-Peers der Familie.		MAIN_C604408_FULL_MASTER_POSTGRESQL17;ISSUE_288_AGENTIC_REVIEW_2026-09-17
CHEDDAR	Cheddar	APPLICABLE	0.7500	0.7500	UNCHANGED	CHEESE	CHEESE	Semantik: Fester bis halbfester Kuhmilchkäse nach Cheddar-Art; Reifegrad reicht von mild-cremig bis kräftig-würzig. Vergleich: Käse (1.0000) in CHEESE. Entscheidungsgrund: Die konkrete Produktausprägung besitzt ein eigenes Profil, bleibt aber über mehrere Koch-, Back- oder Servierfunktionen einsetzbar; das trägt die Zwischenstufe gegenüber dem offenen Oberbegriff.		MAIN_C604408_FULL_MASTER_POSTGRESQL17;ISSUE_288_AGENTIC_REVIEW_2026-09-17
CHEESE	Käse	APPLICABLE	0.6500	1.0000	CHANGED	CULTURED_DAIRY	CULTURED_DAIRY	Semantik: Offene Vorgabe für Käse; Milchart, Textur, Reife und Intensität bleiben als echte Auswahlentscheidung offen. Vergleich: gesäuertes Milchprodukt (1.0000) in CULTURED_DAIRY. Entscheidungsgrund: Der drawable Oberbegriff lässt konkrete Rohstoff- oder Produktausprägung und Verwendung offen und dient als breiter Familienanker.		MAIN_C604408_FULL_MASTER_POSTGRESQL17;ISSUE_288_AGENTIC_REVIEW_2026-09-17
CHERRY	Kirsche	APPLICABLE	0.6500	0.7500	CHANGED	STONE_FRUIT	STONE_FRUIT	Semantik: Süßkirsche als frische oder ungesüßt tiefgekühlte Steinfrucht; Sauerkirsche bleibt getrennt. Vergleich: Steinobst (1.0000) in STONE_FRUIT. Entscheidungsgrund: Art oder Sorte sind festgelegt, doch Zuschnitt, Garmethode und Kombination bleiben in mehreren süßen beziehungsweise herzhaften Anwendungen offen; das entspricht den eigenständigen Rohstoff-Peers der Familie.	ISSUE_278_CURRENT_SCOPE_CONTRADICTION	MAIN_C604408_FULL_MASTER_POSTGRESQL17;ISSUE_288_AGENTIC_REVIEW_2026-09-17
CHERRY_TOMATO	Kirschtomaten	APPLICABLE	0.9000	0.7500	CHANGED	TOMATO	TOMATO	Semantik: Kleine süße Tomaten mit hohem Schalenanteil; Farbe und konkrete Sorte bleiben offen. Vergleich: Tomate (0.7500) in TOMATO. Entscheidungsgrund: Die benannte Zutat ist gegenüber dem Oberbegriff konkretisiert, behält aber mehrere eigenständige Kochfunktionen und Zubereitungswege; die Familienüberschneidung rechtfertigt die maßvolle Verdichtung.		MAIN_C604408_FULL_MASTER_POSTGRESQL17;ISSUE_288_AGENTIC_REVIEW_2026-09-17
CHERVIL	Kerbel	APPLICABLE	0.3500	0.7500	CHANGED	FRESH_HERBS	BASIL	Semantik: Frischer Kerbel als fein-aromatisches Küchenkraut. Nicht Kerbelwurzel und nicht getrocknete Kräutermischung. Vergleich: Basilikum (0.7500) in FRESH_HERBS. Entscheidungsgrund: Kerbel bestimmt ein einzelnes Kräuteraroma, bleibt aber wie Basilikum für kalte und warme Anwendungen, Garnitur und Aromatisierung einsetzbar; eine zusätzliche Produktform bindet die Aufgabe nicht.		MAIN_C604408_FULL_MASTER_POSTGRESQL17;ISSUE_288_AGENTIC_REVIEW_2026-09-17
CHESTNUT	Esskastanien	APPLICABLE	0.5500	0.7500	CHANGED	NUTS	NUTS	Semantik: Stärkereiche Esskastanien mit süßlich-nussigem Geschmack; gegart, vakuumiert oder als ungesüßtes Püree verwendbar. Vergleich: Nüsse (1.0000) in NUTS. Entscheidungsgrund: Art oder Sorte sind festgelegt, doch Zuschnitt, Garmethode und Kombination bleiben in mehreren süßen beziehungsweise herzhaften Anwendungen offen; das entspricht den eigenständigen Rohstoff-Peers der Familie.		MAIN_C604408_FULL_MASTER_POSTGRESQL17;ISSUE_288_AGENTIC_REVIEW_2026-09-17
CHIA_SEEDS	Chiasamen	APPLICABLE	0.5000	0.7500	CHANGED	SEEDS	SEEDS	Semantik: Kleine quellfähige Samen, die Flüssigkeit gelartig binden; hell oder dunkel verwendbar. Vergleich: Kerne und Samen (1.0000) in SEEDS. Entscheidungsgrund: Art oder Sorte sind festgelegt, doch Zuschnitt, Garmethode und Kombination bleiben in mehreren süßen beziehungsweise herzhaften Anwendungen offen; das entspricht den eigenständigen Rohstoff-Peers der Familie.		MAIN_C604408_FULL_MASTER_POSTGRESQL17;ISSUE_288_AGENTIC_REVIEW_2026-09-17
CHICKEN	Hähnchen	APPLICABLE	1.0000	0.7500	CHANGED	POULTRY	POULTRY	Semantik: Hähnchenfleisch ohne Festlegung auf einen Zuschnitt; ganzes Tier und unterschiedliche Teilstücke sind umfasst. Vergleich: Geflügel (1.0000) in POULTRY. Entscheidungsgrund: Tierart oder Zuschnitt sind konkret, doch Würzung, Kombination und mehrere passende Gartechniken bleiben offen; diese eigenständige Kochbreite trägt die Zwischenstufe.		MAIN_C604408_FULL_MASTER_POSTGRESQL17;ISSUE_288_AGENTIC_REVIEW_2026-09-17
CHICKEN_BREAST	Hähnchenbrust	APPLICABLE	0.9500	0.7500	CHANGED	CHICKEN	CHICKEN	Semantik: Mageres helles Brustfleisch vom Hähnchen; mit oder ohne Haut und Knochen verwendbar. Vergleich: Hähnchen (0.7500) in CHICKEN. Entscheidungsgrund: Tierart oder Zuschnitt sind konkret, doch Würzung, Kombination und mehrere passende Gartechniken bleiben offen; diese eigenständige Kochbreite trägt die Zwischenstufe.		MAIN_C604408_FULL_MASTER_POSTGRESQL17;ISSUE_288_AGENTIC_REVIEW_2026-09-17
CHICKEN_DRUMSTICKS	Hähnchenunterkeulen	APPLICABLE	0.9000	0.7500	CHANGED	CHICKEN	CHICKEN	Semantik: Unterer Teil der Hähnchenkeule mit Knochen und dunklem Fleisch; nicht die vollständige Keule. Vergleich: Hähnchen (0.7500) in CHICKEN. Entscheidungsgrund: Tierart oder Zuschnitt sind konkret, doch Würzung, Kombination und mehrere passende Gartechniken bleiben offen; diese eigenständige Kochbreite trägt die Zwischenstufe.		MAIN_C604408_FULL_MASTER_POSTGRESQL17;ISSUE_288_AGENTIC_REVIEW_2026-09-17
CHICKEN_FEET	Hühnerfüße	APPLICABLE	0.3500	0.7500	CHANGED	CHICKEN	CHICKEN	Semantik: Küchenfertig gereinigte Hühnerfüße mit hohem Haut-, Sehnen- und Knorpelanteil; frisch oder tiefgekühlt verwendbar. Nicht bereits marinierte, eingelegte oder vollständig zubereitete Snackprodukte. Vergleich: Hähnchen (0.7500) in CHICKEN. Entscheidungsgrund: Tierart oder Zuschnitt sind konkret, doch Würzung, Kombination und mehrere passende Gartechniken bleiben offen; diese eigenständige Kochbreite trägt die Zwischenstufe.		MAIN_C604408_FULL_MASTER_POSTGRESQL17;ISSUE_288_AGENTIC_REVIEW_2026-09-17
CHICKEN_LIVER	Hähnchenleber	APPLICABLE	0.4500	0.5000	CHANGED	OFFAL	OFFAL	Semantik: Kleine zarte Geflügelleber mit kräftigem, aber milderem Aroma als Rinderleber. Vergleich: Innereien (1.0000) in OFFAL. Entscheidungsgrund: Das konkrete Organ beziehungsweise die stark festgelegte Verarbeitungsform bestimmt Textur und geeignete Gartechnik deutlich; mehrere Gerichte bleiben möglich, aber die Aufgabe bindet stärker als ein gewöhnlicher Zuschnitt.		MAIN_C604408_FULL_MASTER_POSTGRESQL17;ISSUE_288_AGENTIC_REVIEW_2026-09-17
CHICKEN_STOCK	Hühnerbrühe	APPLICABLE	0.5500	0.7500	CHANGED	STOCKS	STOCKS	Semantik: Brühe oder Fond auf Hühnerbasis; selbst gekocht oder als schlichtes Fertigprodukt verwendbar. Vergleich: Brühe oder Fond (1.0000) in STOCKS. Entscheidungsgrund: Die benannte Zutat ist gegenüber dem Oberbegriff konkretisiert, behält aber mehrere eigenständige Kochfunktionen und Zubereitungswege; die Familienüberschneidung rechtfertigt die maßvolle Verdichtung.		MAIN_C604408_FULL_MASTER_POSTGRESQL17;ISSUE_288_AGENTIC_REVIEW_2026-09-17
CHICKEN_THIGH	Hähnchenschenkel	APPLICABLE	0.9500	0.7500	CHANGED	CHICKEN	CHICKEN	Semantik: Saftiges dunkles Fleisch vom Hähnchenschenkel; ausgelöst oder mit Knochen und Haut verwendbar. Vergleich: Hähnchen (0.7500) in CHICKEN. Entscheidungsgrund: Tierart oder Zuschnitt sind konkret, doch Würzung, Kombination und mehrere passende Gartechniken bleiben offen; diese eigenständige Kochbreite trägt die Zwischenstufe.		MAIN_C604408_FULL_MASTER_POSTGRESQL17;ISSUE_288_AGENTIC_REVIEW_2026-09-17
CHICKEN_WINGS	Hähnchenflügel	APPLICABLE	0.8000	0.7500	CHANGED	CHICKEN	CHICKEN	Semantik: Hähnchenflügel mit Haut, Knochen und hohem Kollagenanteil; ganz oder in Gelenkstücke geteilt. Vergleich: Hähnchen (0.7500) in CHICKEN. Entscheidungsgrund: Tierart oder Zuschnitt sind konkret, doch Würzung, Kombination und mehrere passende Gartechniken bleiben offen; diese eigenständige Kochbreite trägt die Zwischenstufe.		MAIN_C604408_FULL_MASTER_POSTGRESQL17;ISSUE_288_AGENTIC_REVIEW_2026-09-17
CHICKPEAS	Kichererbsen	APPLICABLE	0.9500	0.7500	CHANGED	LEGUMES	LEGUMES	Semantik: Kichererbsen mit nussigem Geschmack und mehlig-cremiger Textur; getrocknet oder vorgegart verwendbar. Vergleich: Hülsenfrüchte (1.0000) in LEGUMES. Entscheidungsgrund: Art oder Sorte sind festgelegt, doch Zuschnitt, Garmethode und Kombination bleiben in mehreren süßen beziehungsweise herzhaften Anwendungen offen; das entspricht den eigenständigen Rohstoff-Peers der Familie.		MAIN_C604408_FULL_MASTER_POSTGRESQL17;ISSUE_288_AGENTIC_REVIEW_2026-09-17
CHICKPEA_FLOUR	Kichererbsenmehl	APPLICABLE	0.6000	0.7500	CHANGED	FLOUR	FLOUR	Semantik: Fein gemahlene trockene Kichererbsen mit nussigem Geschmack und guter Bindewirkung; nicht Weizenmehl. Vergleich: Mehl (1.0000) in FLOUR. Entscheidungsgrund: Getreideart oder Produktform sind benannt, lassen aber süße und herzhafte Anwendungen sowie mehrere Garmethoden zu; diese Breite trägt die eigenständige Zwischenstufe.		MAIN_C604408_FULL_MASTER_POSTGRESQL17;ISSUE_288_AGENTIC_REVIEW_2026-09-17
CHICORY	Chicorée	APPLICABLE	0.7000	0.7500	CHANGED	SALAD_GREENS	SALAD_GREENS	Semantik: Chicorée als kompakter, blass getriebener Blattsalat mit charakteristischer Bitterkeit; roh und gegart verwendbar. Vergleich: Blattsalat (1.0000) in SALAD_GREENS. Entscheidungsgrund: Art oder Sorte sind festgelegt, doch Zuschnitt, Garmethode und Kombination bleiben in mehreren süßen beziehungsweise herzhaften Anwendungen offen; das entspricht den eigenständigen Rohstoff-Peers der Familie.		MAIN_C604408_FULL_MASTER_POSTGRESQL17;ISSUE_288_AGENTIC_REVIEW_2026-09-17
CHILI	frische Chili	APPLICABLE	0.6500	1.0000	CHANGED	FRUIT_VEGETABLES	FRUIT_VEGETABLES	Semantik: Frische Chili als Fruchtgemüse; trockene, pulverisierte und eingelegte Formen sind damit nicht gemeint. Vergleich: Fruchtgemüse (1.0000) in FRUIT_VEGETABLES. Entscheidungsgrund: Die Zeile ist eine breite drawable Rohstofffamilie und lässt Sorte sowie rohe, gegarte oder weiterverarbeitete Umsetzung offen; sie bleibt deshalb der volle Referenzpunkt.		MAIN_C604408_FULL_MASTER_POSTGRESQL17;ISSUE_288_AGENTIC_REVIEW_2026-09-17
CHILI_CONDIMENTS	Chilisauce oder -paste	APPLICABLE	0.4500	1.0000	CHANGED	READY_SAUCES_AND_PASTES	MAYONNAISE	Semantik: Offene Vorgabe für verzehrfertige Chilisaucen oder -pasten; Stil, Fermentation und Schärfe bleiben wählbar. Vergleich: Mayonnaise (0.5000) in READY_SAUCES_AND_PASTES. Entscheidungsgrund: Die Zeile bezeichnet eine breite drawable Produktfamilie: konkrete Zutaten, Schärfe, Konsistenz und Stil werden erst bei der Auswahl innerhalb der Familie festgelegt; deshalb bleibt die volle Auswahlbreite erhalten.		MAIN_C604408_FULL_MASTER_POSTGRESQL17;ISSUE_288_AGENTIC_REVIEW_2026-09-17
CHILI_CRISP	Chili-Crisp	APPLICABLE	0.5000	0.5000	UNCHANGED	CHILI_CONDIMENTS	CHILI_CONDIMENTS	Semantik: Ölbasierte Chiliwürze mit knusprigen Chili-, Zwiebel- oder Gewürzbestandteilen; nicht bloß Chiliöl. Vergleich: Chilisauce oder -paste (1.0000) in CHILI_CONDIMENTS. Entscheidungsgrund: Die fertige Würzform bringt ein eigenes Aroma- und häufig Texturprofil mit; gegenüber dem Anker ist sie eigenständig, beschränkt aber freie Würzung und Gerichtsausrichtung, weshalb die Familie kompakt auf dieser Stufe bleibt.		MAIN_C604408_FULL_MASTER_POSTGRESQL17;ISSUE_288_AGENTIC_REVIEW_2026-09-17
CHILI_FLAKES	Chiliflocken	APPLICABLE	0.6000	0.7500	CHANGED	DRIED_CHILI	DRIED_CHILI	Semantik: Getrocknete Chiliflocken mit variabler Sorte, Schärfe und regionaler Würzung; nicht fein gemahlenes Chilipulver. Vergleich: getrocknete Chili (1.0000) in DRIED_CHILI. Entscheidungsgrund: Das einzelne Aroma ist klar festgelegt, kann aber über mehrere Gerichte, Techniken und Kombinationen eingesetzt werden; wie beim Anker bleibt ausreichend eigenständige Kochbreite.		MAIN_C604408_FULL_MASTER_POSTGRESQL17;ISSUE_288_AGENTIC_REVIEW_2026-09-17
CHILI_OIL	Chiliöl	APPLICABLE	0.5500	0.5000	CHANGED	CHILI_CONDIMENTS	CHILI_CONDIMENTS	Semantik: Mit Chili aromatisiertes Speiseöl, klar oder mit Sediment; nicht automatisch knuspriges Chili-Crisp. Vergleich: Chilisauce oder -paste (1.0000) in CHILI_CONDIMENTS. Entscheidungsgrund: Die fertige Würzform bringt ein eigenes Aroma- und häufig Texturprofil mit; gegenüber dem Anker ist sie eigenständig, beschränkt aber freie Würzung und Gerichtsausrichtung, weshalb die Familie kompakt auf dieser Stufe bleibt.		MAIN_C604408_FULL_MASTER_POSTGRESQL17;ISSUE_288_AGENTIC_REVIEW_2026-09-17
CHILI_POWDER	Chilipulver	APPLICABLE	0.5000	0.7500	CHANGED	DRIED_CHILI	DRIED_CHILI	Semantik: Reines oder sortentypisches Chilipulver; keine zusammengesetzte Gewürzmischung. Vergleich: getrocknete Chili (1.0000) in DRIED_CHILI. Entscheidungsgrund: Das einzelne Aroma ist klar festgelegt, kann aber über mehrere Gerichte, Techniken und Kombinationen eingesetzt werden; wie beim Anker bleibt ausreichend eigenständige Kochbreite.		MAIN_C604408_FULL_MASTER_POSTGRESQL17;ISSUE_288_AGENTIC_REVIEW_2026-09-17
CHIPOTLE	Chipotle	APPLICABLE	0.4500	0.7500	CHANGED	DRIED_CHILI	DRIED_CHILI	Semantik: Geräucherte und getrocknete reife Jalapeño mit mittlerer Schärfe; ganz, gemahlen oder in schlichter Adobo-Konserve verwendbar. Vergleich: getrocknete Chili (1.0000) in DRIED_CHILI. Entscheidungsgrund: Das einzelne Aroma ist klar festgelegt, kann aber über mehrere Gerichte, Techniken und Kombinationen eingesetzt werden; wie beim Anker bleibt ausreichend eigenständige Kochbreite.		MAIN_C604408_FULL_MASTER_POSTGRESQL17;ISSUE_288_AGENTIC_REVIEW_2026-09-17
CHIVES	Schnittlauch	APPLICABLE	0.7000	0.7500	CHANGED	ALLIUM_VEGETABLES	ALLIUM_VEGETABLES	Semantik: Feine hohle Schnittlauchröhrchen mit mildem Zwiebelaroma; nicht Knoblauch-Schnittlauch. Vergleich: Lauch- und Zwiebelgemüse (1.0000) in ALLIUM_VEGETABLES. Entscheidungsgrund: Art oder Sorte sind festgelegt, doch Zuschnitt, Garmethode und Kombination bleiben in mehreren süßen beziehungsweise herzhaften Anwendungen offen; das entspricht den eigenständigen Rohstoff-Peers der Familie.		MAIN_C604408_FULL_MASTER_POSTGRESQL17;ISSUE_288_AGENTIC_REVIEW_2026-09-17
CHOCOLATE	Schokolade	APPLICABLE	0.5000	1.0000	CHANGED	COCOA_PRODUCTS	COCOA_PRODUCTS	Semantik: Offene Schokoladenfamilie für dunkle, Milch- und weiße Schokolade; Kakaopulver ist nicht umfasst. Vergleich: Kakao oder Schokolade (1.0000) in COCOA_PRODUCTS. Entscheidungsgrund: Die Vorgabe lässt innerhalb ihrer Semantik mehrere konkrete Produktformen, Kombinationen und Zubereitungen offen und bildet deshalb den breiten Referenzpunkt der Vergleichsgruppe.		MAIN_C604408_FULL_MASTER_POSTGRESQL17;ISSUE_288_AGENTIC_REVIEW_2026-09-17
CHOCOLATE_HAGELSLAG	Schoko-Hagelslag	APPLICABLE	0.4000	0.5000	CHANGED	CHOCOLATE	CHOCOLATE	Semantik: Niederländische Schokoladenstreusel insbesondere als Brotbelag; nicht beliebige Backdekoration und nicht Frucht-, Anis- oder andere Hagelslag-Varianten. Vergleich: Schokolade (1.0000) in CHOCOLATE. Entscheidungsgrund: Produktform, Aromaprofil oder typische Funktion sind enger vorgegeben als beim Anker; die Zutat bleibt unterscheidbar, wird wegen dieser Bindung innerhalb der Familie aber kompakter gewichtet.		MAIN_C604408_FULL_MASTER_POSTGRESQL17;ISSUE_288_AGENTIC_REVIEW_2026-09-17
CHORIZO	Chorizo	APPLICABLE	0.5500	0.5000	CHANGED	CURED_MEAT	CURED_MEAT	Semantik: Kräftig gewürzte Wurst der Chorizo-Familie; frische mexikanische und gereifte iberische Formen sind mögliche Ausprägungen. Vergleich: gepökeltes oder luftgetrocknetes Fleisch (1.0000) in CURED_MEAT. Entscheidungsgrund: Rezeptur, Verarbeitung und typische Textur sind bei diesem benannten Produkt bereits wesentlich festgelegt; die Eigenständigkeit bleibt erhalten, die Familienverdichtung begrenzt aber seine relative Präsenz.		MAIN_C604408_FULL_MASTER_POSTGRESQL17;ISSUE_288_AGENTIC_REVIEW_2026-09-17
CIDER	Cider	APPLICABLE	0.2000	0.2500	CHANGED	COOKING_ALCOHOL	COOKING_ALCOHOL	Semantik: Vergorener Apfelwein, still oder perlend und trocken bis süß; nicht Apfelsaft oder Apfelessig. Vergleich: Kochalkohol (0.2500) in COOKING_ALCOHOL. Entscheidungsgrund: Der Alkohol ist als Kochzutat eine geschmacks- und verfahrensprägende Pflichtvorgabe; Sorte und Stil unterscheiden die Aufgabe zusätzlich, weshalb der einheitliche Kochalkoholvertrag 0,25 vorsieht.	ISSUE_278_CURRENT_SCOPE_CONTRADICTION;COOKING_ALCOHOL_INDEPENDENT_LOW_WEIGHT	MAIN_C604408_FULL_MASTER_POSTGRESQL17;ISSUE_288_AGENTIC_REVIEW_2026-09-17
CILANTRO	Koriandergrün	APPLICABLE	0.7000	0.7500	CHANGED	FRESH_HERBS	BASIL	Semantik: Frisches Blattgrün des Korianders mit markant zitrisch-würzigem Aroma; nicht Koriandersaat. Vergleich: Basilikum (0.7500) in FRESH_HERBS. Entscheidungsgrund: Das einzelne Aroma ist klar festgelegt, kann aber über mehrere Gerichte, Techniken und Kombinationen eingesetzt werden; wie beim Anker bleibt ausreichend eigenständige Kochbreite.		MAIN_C604408_FULL_MASTER_POSTGRESQL17;ISSUE_288_AGENTIC_REVIEW_2026-09-17
CINNAMON	Zimt	APPLICABLE	0.5500	0.7500	CHANGED	SPICES	CUMIN	Semantik: Getrocknete Zimtrinde als Stange oder gemahlen; Ceylon- und Cassia-Typen sind umfasst. Vergleich: Kreuzkümmel (0.7500) in SPICES. Entscheidungsgrund: Das einzelne Aroma ist klar festgelegt, kann aber über mehrere Gerichte, Techniken und Kombinationen eingesetzt werden; wie beim Anker bleibt ausreichend eigenständige Kochbreite.		MAIN_C604408_FULL_MASTER_POSTGRESQL17;ISSUE_288_AGENTIC_REVIEW_2026-09-17
CITRUS_FRUIT	Zitrusfrucht	APPLICABLE	0.8000	1.0000	CHANGED	FRUIT	FRUIT	Semantik: Offene Vorgabe für Zitrusfrüchte; Saft, Fruchtfleisch und unbehandelte Schale können je nach Wahl genutzt werden. Vergleich: Obst (1.0000) in FRUIT. Entscheidungsgrund: Die Zeile ist eine breite drawable Rohstofffamilie und lässt Sorte sowie rohe, gegarte oder weiterverarbeitete Umsetzung offen; sie bleibt deshalb der volle Referenzpunkt.		MAIN_C604408_FULL_MASTER_POSTGRESQL17;ISSUE_288_AGENTIC_REVIEW_2026-09-17
CLAMS	Venusmuscheln	APPLICABLE	0.3500	0.7500	CHANGED	BIVALVES	BIVALVES	Semantik: Venusmuscheln beziehungsweise vergleichbare kleine essbare Muscheln; frisch, tiefgekühlt oder ausgelöst verwendbar. Vergleich: Muscheln (1.0000) in BIVALVES. Entscheidungsgrund: Die Art beziehungsweise Tiergruppe ist festgelegt, Zuschnitt, Würzung und mehrere Gartechniken bleiben aber wählbar; das trägt eine eigenständige, gegenüber der offenen Familie leicht verdichtete Präsenz.		MAIN_C604408_FULL_MASTER_POSTGRESQL17;ISSUE_288_AGENTIC_REVIEW_2026-09-17
CLOTTED_CREAM	Clotted Cream	APPLICABLE	0.4500	0.7500	CHANGED	CREAM	CREAM	Semantik: Sehr dicke, fettreiche Sahnezubereitung mit löffelfester bis streichfähiger Konsistenz und mildem, vollmundigem Milcharoma. Normale Schlagsahne, Crème double und Mascarpone sind nicht gemeint. Vergleich: Sahne (0.7500) in CREAM. Entscheidungsgrund: Die benannte Zutat ist gegenüber dem Oberbegriff konkretisiert, behält aber mehrere eigenständige Kochfunktionen und Zubereitungswege; die Familienüberschneidung rechtfertigt die maßvolle Verdichtung.		MAIN_C604408_FULL_MASTER_POSTGRESQL17;ISSUE_288_AGENTIC_REVIEW_2026-09-17
CLOUDBERRY	Moltebeere	APPLICABLE	0.2500	0.7500	CHANGED	BERRIES	BERRIES	Semantik: Moltebeeren (Rubus chamaemorus), frisch oder ungesüßt tiefgekühlt. Nicht gesüßte Moltebeerkonfitüre, Likör oder lediglich Moltebeer-Aroma. Vergleich: Beeren (1.0000) in BERRIES. Entscheidungsgrund: Art oder Sorte sind festgelegt, doch Zuschnitt, Garmethode und Kombination bleiben in mehreren süßen beziehungsweise herzhaften Anwendungen offen; das entspricht den eigenständigen Rohstoff-Peers der Familie.		MAIN_C604408_FULL_MASTER_POSTGRESQL17;ISSUE_288_AGENTIC_REVIEW_2026-09-17
CLOUDBERRY_PRESERVES	Moltebeerkonfitüre/-kompott	APPLICABLE	0.3500	0.5000	CHANGED	PRESERVED_PRODUCE	APRICOT_PRESERVES	Semantik: Gesüßte Moltebeerzubereitung wie Konfitüre, Kompott oder vergleichbarer Fruchtaufstrich. Nicht bloßes Moltebeer-Aroma oder Moltebeerlikör. Vergleich: Aprikosenkonfitüre (0.5000) in PRESERVED_PRODUCE. Entscheidungsgrund: Zucker und eingekochte Fruchtform sind bereits festgelegt; als Konfitüre oder Kompott ist die Vorgabe so eng wie andere Fruchtkonserven und nicht so offen wie die rohe Beere.		MAIN_C604408_FULL_MASTER_POSTGRESQL17;ISSUE_288_AGENTIC_REVIEW_2026-09-17
CLOVES	Gewürznelken	APPLICABLE	0.4000	0.7500	CHANGED	SPICES	CUMIN	Semantik: Getrocknete Blütenknospen mit sehr intensivem warm-süßlichem Aroma; ganz oder gemahlen sparsam verwenden. Vergleich: Kreuzkümmel (0.7500) in SPICES. Entscheidungsgrund: Das einzelne Aroma ist klar festgelegt, kann aber über mehrere Gerichte, Techniken und Kombinationen eingesetzt werden; wie beim Anker bleibt ausreichend eigenständige Kochbreite.		MAIN_C604408_FULL_MASTER_POSTGRESQL17;ISSUE_288_AGENTIC_REVIEW_2026-09-17
COCKLES	Herzmuscheln	APPLICABLE	0.3000	0.7500	CHANGED	BIVALVES	BIVALVES	Semantik: Essbare Herzmuscheln (Cockles), frisch, tiefgekühlt oder naturbelassen konserviert; nicht Venusmuscheln, Miesmuscheln oder Jakobsmuscheln. Vergleich: Muscheln (1.0000) in BIVALVES. Entscheidungsgrund: Die Art beziehungsweise Tiergruppe ist festgelegt, Zuschnitt, Würzung und mehrere Gartechniken bleiben aber wählbar; das trägt eine eigenständige, gegenüber der offenen Familie leicht verdichtete Präsenz.		MAIN_C604408_FULL_MASTER_POSTGRESQL17;ISSUE_288_AGENTIC_REVIEW_2026-09-17
COCOA_POWDER	Kakaopulver	APPLICABLE	0.5000	0.7500	CHANGED	COCOA_PRODUCTS	COCOA_PRODUCTS	Semantik: Entfettetes oder teilentfettetes Kakaopulver, ungesüßt und zum Backen oder Würzen geeignet; kein kakaohaltiges Getränkepulver. Vergleich: Kakao oder Schokolade (1.0000) in COCOA_PRODUCTS. Entscheidungsgrund: Die benannte Zutat ist gegenüber dem Oberbegriff konkretisiert, behält aber mehrere eigenständige Kochfunktionen und Zubereitungswege; die Familienüberschneidung rechtfertigt die maßvolle Verdichtung.		MAIN_C604408_FULL_MASTER_POSTGRESQL17;ISSUE_288_AGENTIC_REVIEW_2026-09-17
COCOA_PRODUCTS	Kakao oder Schokolade	APPLICABLE	0.3500	1.0000	CHANGED	COCOA_PRODUCTS	COCOA_PRODUCTS	Semantik: Offene Familie für Kakaoerzeugnisse von Kakaopulver bis Schokoladenprodukten; konkrete Form und Süße bleiben offen. Vergleich: Kakao oder Schokolade (1.0000) in COCOA_PRODUCTS. Entscheidungsgrund: Die Vorgabe lässt innerhalb ihrer Semantik mehrere konkrete Produktformen, Kombinationen und Zubereitungen offen und bildet deshalb den breiten Referenzpunkt der Vergleichsgruppe.		MAIN_C604408_FULL_MASTER_POSTGRESQL17;ISSUE_288_AGENTIC_REVIEW_2026-09-17
COCONUT	Kokosnuss	APPLICABLE	0.5500	0.7500	CHANGED	COCONUT_PRODUCTS	COCONUT_PRODUCTS	Semantik: Kokosnuss beziehungsweise frisches Kokosfleisch; Kokosmilch, -wasser und -öl sind getrennte Produktformen. Vergleich: Kokoszutat (1.0000) in COCONUT_PRODUCTS. Entscheidungsgrund: Die konkrete Produktausprägung besitzt ein eigenes Profil, bleibt aber über mehrere Koch-, Back- oder Servierfunktionen einsetzbar; das trägt die Zwischenstufe gegenüber dem offenen Oberbegriff.		MAIN_C604408_FULL_MASTER_POSTGRESQL17;ISSUE_288_AGENTIC_REVIEW_2026-09-17
COCONUT_CREAM	Kokoscreme	APPLICABLE	0.6500	0.7500	CHANGED	COCONUT_PRODUCTS	COCONUT_PRODUCTS	Semantik: Dickflüssige, fettreiche Kokosextraktion mit höherem Fettanteil als Kokosmilch; nicht gesüßte Cream of Coconut. Vergleich: Kokoszutat (1.0000) in COCONUT_PRODUCTS. Entscheidungsgrund: Die konkrete Produktausprägung besitzt ein eigenes Profil, bleibt aber über mehrere Koch-, Back- oder Servierfunktionen einsetzbar; das trägt die Zwischenstufe gegenüber dem offenen Oberbegriff.		MAIN_C604408_FULL_MASTER_POSTGRESQL17;ISSUE_288_AGENTIC_REVIEW_2026-09-17
COCONUT_FLAKES	Kokosraspeln	APPLICABLE	0.6000	0.7500	CHANGED	COCONUT_PRODUCTS	COCONUT_PRODUCTS	Semantik: Getrocknete Kokosraspeln oder -chips, bevorzugt ungesüßt; nicht frisches Kokosfleisch. Vergleich: Kokoszutat (1.0000) in COCONUT_PRODUCTS. Entscheidungsgrund: Die konkrete Produktausprägung besitzt ein eigenes Profil, bleibt aber über mehrere Koch-, Back- oder Servierfunktionen einsetzbar; das trägt die Zwischenstufe gegenüber dem offenen Oberbegriff.		MAIN_C604408_FULL_MASTER_POSTGRESQL17;ISSUE_288_AGENTIC_REVIEW_2026-09-17
COCONUT_MILK	Kokosmilch	APPLICABLE	0.7500	0.7500	UNCHANGED	COCONUT_PRODUCTS	COCONUT_PRODUCTS	Semantik: Weiße Emulsion aus zerkleinertem Kokosfleisch und Wasser; nicht Kokosdrink oder Kokoswasser. Vergleich: Kokoszutat (1.0000) in COCONUT_PRODUCTS. Entscheidungsgrund: Die konkrete Produktausprägung besitzt ein eigenes Profil, bleibt aber über mehrere Koch-, Back- oder Servierfunktionen einsetzbar; das trägt die Zwischenstufe gegenüber dem offenen Oberbegriff.		MAIN_C604408_FULL_MASTER_POSTGRESQL17;ISSUE_288_AGENTIC_REVIEW_2026-09-17
COCONUT_OIL	Kokosöl	APPLICABLE	0.5000	0.7500	CHANGED	OILS	OILS	Semantik: Bei Raumtemperatur häufig festes Kokosfett; raffiniert neutral oder nativ kokosaromatisch verwendbar. Vergleich: Speiseöl (1.0000) in OILS. Entscheidungsgrund: Die konkrete Produktausprägung besitzt ein eigenes Profil, bleibt aber über mehrere Koch-, Back- oder Servierfunktionen einsetzbar; das trägt die Zwischenstufe gegenüber dem offenen Oberbegriff.		MAIN_C604408_FULL_MASTER_POSTGRESQL17;ISSUE_288_AGENTIC_REVIEW_2026-09-17
COCONUT_PRODUCTS	Kokoszutat	APPLICABLE	0.5000	1.0000	CHANGED	COCONUT_PRODUCTS	COCONUT_PRODUCTS	Semantik: Offene Familie für Kokosfrucht, Kokoswasser, daraus gewonnene Emulsionen, Fett und weitere verarbeitete Kokosprodukte. Vergleich: Kokoszutat (1.0000) in COCONUT_PRODUCTS. Entscheidungsgrund: Der drawable Oberbegriff lässt konkrete Rohstoff- oder Produktausprägung und Verwendung offen und dient als breiter Familienanker.		MAIN_C604408_FULL_MASTER_POSTGRESQL17;ISSUE_288_AGENTIC_REVIEW_2026-09-17
COCONUT_VINEGAR	Kokosessig	APPLICABLE	0.4000	0.7500	CHANGED	VINEGAR	VINEGAR	Semantik: Offene Kokosessigfamilie für natürlich fermentierten Essig auf Kokoswasser- und/oder Kokospalmensaftbasis. Nicht gewöhnlicher Branntweinessig mit Kokosaroma. Vergleich: Essig (1.0000) in VINEGAR. Entscheidungsgrund: Die konkrete Produktausprägung besitzt ein eigenes Profil, bleibt aber über mehrere Koch-, Back- oder Servierfunktionen einsetzbar; das trägt die Zwischenstufe gegenüber dem offenen Oberbegriff.		MAIN_C604408_FULL_MASTER_POSTGRESQL17;ISSUE_288_AGENTIC_REVIEW_2026-09-17
COCONUT_WATER	Kokoswasser	APPLICABLE	0.4000	0.7500	CHANGED	COCONUT_PRODUCTS	COCONUT_PRODUCTS	Semantik: Klare Flüssigkeit aus dem Inneren junger Kokosnüsse; nicht Kokosmilch oder gesüßter Kokosdrink. Vergleich: Kokoszutat (1.0000) in COCONUT_PRODUCTS. Entscheidungsgrund: Die konkrete Produktausprägung besitzt ein eigenes Profil, bleibt aber über mehrere Koch-, Back- oder Servierfunktionen einsetzbar; das trägt die Zwischenstufe gegenüber dem offenen Oberbegriff.		MAIN_C604408_FULL_MASTER_POSTGRESQL17;ISSUE_288_AGENTIC_REVIEW_2026-09-17
COD	Kabeljau	APPLICABLE	1.0000	0.7500	CHANGED	WHITE_FISH	WHITE_FISH	Semantik: Kabeljau als mildes, blättriges Weißfischfleisch; frisch oder tiefgekühlt, nicht gesalzen und getrocknet. Vergleich: weißfleischiger Fisch (1.0000) in WHITE_FISH. Entscheidungsgrund: Die Art beziehungsweise Tiergruppe ist festgelegt, Zuschnitt, Würzung und mehrere Gartechniken bleiben aber wählbar; das trägt eine eigenständige, gegenüber der offenen Familie leicht verdichtete Präsenz.		MAIN_C604408_FULL_MASTER_POSTGRESQL17;ISSUE_288_AGENTIC_REVIEW_2026-09-17
COFFEE	Kaffee	APPLICABLE	0.3500	0.5000	CHANGED	COFFEE	COFFEE	Semantik: Gebrühter Kaffee oder gemahlene beziehungsweise ganze geröstete Kaffeebohnen als bitter-röstige Kochzutat. Vergleich: Kaffee (0.5000) in COFFEE. Entscheidungsgrund: Produktform, Aromaprofil oder typische Funktion sind enger vorgegeben als beim Anker; die Zutat bleibt unterscheidbar, wird wegen dieser Bindung innerhalb der Familie aber kompakter gewichtet.		MAIN_C604408_FULL_MASTER_POSTGRESQL17;ISSUE_288_AGENTIC_REVIEW_2026-09-17
COGNAC	Cognac	APPLICABLE	0.2500	0.2500	UNCHANGED	BRANDY	BRANDY	Semantik: Geschützter französischer Weinbrand aus Cognac mit charakteristisch gereiftem Aroma; nicht beliebiger Brandy oder Weinbrand. Vergleich: Weinbrand (0.2500) in BRANDY. Entscheidungsgrund: Der Alkohol ist als Kochzutat eine geschmacks- und verfahrensprägende Pflichtvorgabe; Sorte und Stil unterscheiden die Aufgabe zusätzlich, weshalb der einheitliche Kochalkoholvertrag 0,25 vorsieht.	COOKING_ALCOHOL_INDEPENDENT_LOW_WEIGHT	MAIN_C604408_FULL_MASTER_POSTGRESQL17;ISSUE_288_AGENTIC_REVIEW_2026-09-17
COM_ME	Mẻ	APPLICABLE	0.1500	0.5000	CHANGED	FERMENTED_SEASONINGS	FERMENTED_SEASONINGS	Semantik: Milchsauer fermentierte vietnamesische Reiswürze mit breiig-cremiger Konsistenz und ausgeprägter, komplexer Säure. Als Säuerungs- und Würzmittel gemeint; nicht Reisessig, Reiswein oder fermentierter süßer Reis. Vergleich: fermentierte Würzzutat (1.0000) in FERMENTED_SEASONINGS. Entscheidungsgrund: Die fertige Würzform bringt ein eigenes Aroma- und häufig Texturprofil mit; gegenüber dem Anker ist sie eigenständig, beschränkt aber freie Würzung und Gerichtsausrichtung, weshalb die Familie kompakt auf dieser Stufe bleibt.		MAIN_C604408_FULL_MASTER_POSTGRESQL17;ISSUE_288_AGENTIC_REVIEW_2026-09-17
CONDENSED_MILK	gezuckerte Kondensmilch	APPLICABLE	0.5500	0.5000	CHANGED	DAIRY_PRODUCTS	EVAPORATED_MILK	Semantik: Stark eingedickte und gezuckerte Kuhmilch mit sirupartiger Konsistenz; nicht ungesüßte Kondensmilch. Vergleich: Kondensmilch (0.7500) in DAIRY_PRODUCTS. Entscheidungsgrund: Eindickung und starke Süßung legen Textur und Geschmacksfunktion fest; anders als ungesüßte Kondensmilch ist sie keine neutral einsetzbare Milchbasis.		MAIN_C604408_FULL_MASTER_POSTGRESQL17;ISSUE_288_AGENTIC_REVIEW_2026-09-17
CONFECTIONERY	Süßware	NOT_APPLICABLE	1.0000	1.0000	UNCHANGED	STRUCTURE_ONLY	CONFECTIONERY	Reiner, nicht ziehbarer Strukturknoten mit Kindern, ohne eigene Availability, Novelty oder Rollen. Der historische technische Wert bleibt unverändert und dient ausdrücklich weder als fachlicher Zielwert noch als Anker für drawable Konzepte.	STRUCTURE_ONLY_NOT_APPLICABLE	MAIN_C604408_FULL_MASTER_POSTGRESQL17;ISSUE_288_AGENTIC_REVIEW_2026-09-17
COOKED_HAM	Kochschinken	APPLICABLE	0.6500	0.5000	CHANGED	HAM	HAM	Semantik: Gepökelter und gegarter Schinken mit saftiger Textur; nicht luftgetrockneter Rohschinken. Vergleich: Schinken (1.0000) in HAM. Entscheidungsgrund: Rezeptur, Verarbeitung und typische Textur sind bei diesem benannten Produkt bereits wesentlich festgelegt; die Eigenständigkeit bleibt erhalten, die Familienverdichtung begrenzt aber seine relative Präsenz.		MAIN_C604408_FULL_MASTER_POSTGRESQL17;ISSUE_288_AGENTIC_REVIEW_2026-09-17
COOKING_ALCOHOL	Kochalkohol	APPLICABLE	0.3000	0.2500	CHANGED	COOKING_ALCOHOL	COOKING_ALCOHOL	Semantik: Offene Vorgabe für alkoholische Getränke, deren Aroma beim Kochen genutzt wird; Bier, Wein und Spirituosen sind mögliche Wege. Vergleich: Kochalkohol (0.2500) in COOKING_ALCOHOL. Entscheidungsgrund: Der Alkohol ist als Kochzutat eine geschmacks- und verfahrensprägende Pflichtvorgabe; Sorte und Stil unterscheiden die Aufgabe zusätzlich, weshalb der einheitliche Kochalkoholvertrag 0,25 vorsieht.	COOKING_ALCOHOL_INDEPENDENT_LOW_WEIGHT	MAIN_C604408_FULL_MASTER_POSTGRESQL17;ISSUE_288_AGENTIC_REVIEW_2026-09-17
COOKING_FATS	Kochfett	APPLICABLE	0.3500	1.0000	CHANGED	COOKING_FATS	COOKING_FATS	Semantik: Offene Vorgabe für zum Braten, Garen oder Verfeinern geeignete Fette und Öle; tierische und pflanzliche Formen sind umfasst. Vergleich: Kochfett (1.0000) in COOKING_FATS. Entscheidungsgrund: Der drawable Oberbegriff lässt konkrete Rohstoff- oder Produktausprägung und Verwendung offen und dient als breiter Familienanker.		MAIN_C604408_FULL_MASTER_POSTGRESQL17;ISSUE_288_AGENTIC_REVIEW_2026-09-17
CORIANDER_ROOT	Korianderwurzel	APPLICABLE	0.2500	0.7500	CHANGED	SPICES	CUMIN	Semantik: Wurzelansatz des Korianders mit konzentriert erdig-pfeffrigem Aroma, besonders für Würzpasten und Marinaden. Gemeint sind frische oder tiefgekühlte Wurzeln, nicht Koriandergrün oder -saat. Vergleich: Kreuzkümmel (0.7500) in SPICES. Entscheidungsgrund: Das einzelne Aroma ist klar festgelegt, kann aber über mehrere Gerichte, Techniken und Kombinationen eingesetzt werden; wie beim Anker bleibt ausreichend eigenständige Kochbreite.		MAIN_C604408_FULL_MASTER_POSTGRESQL17;ISSUE_288_AGENTIC_REVIEW_2026-09-17
CORIANDER_SEED	Koriandersaat	APPLICABLE	0.6000	0.7500	CHANGED	SPICES	CUMIN	Semantik: Getrocknete Korianderfrüchte mit warmem, zitrisch-nussigem Aroma; ganz oder gemahlen, nicht Koriandergrün. Vergleich: Kreuzkümmel (0.7500) in SPICES. Entscheidungsgrund: Das einzelne Aroma ist klar festgelegt, kann aber über mehrere Gerichte, Techniken und Kombinationen eingesetzt werden; wie beim Anker bleibt ausreichend eigenständige Kochbreite.		MAIN_C604408_FULL_MASTER_POSTGRESQL17;ISSUE_288_AGENTIC_REVIEW_2026-09-17
CORN	Mais	APPLICABLE	0.9000	0.7500	CHANGED	GRAINS	GRAINS	Semantik: Mais als Körnerprodukt, frisch, tiefgekühlt oder schlicht konserviert; Mehl, Stärke und Polenta sind getrennte Formen. Vergleich: Getreide oder Pseudogetreide (1.0000) in GRAINS. Entscheidungsgrund: Getreideart oder Produktform sind benannt, lassen aber süße und herzhafte Anwendungen sowie mehrere Garmethoden zu; diese Breite trägt die eigenständige Zwischenstufe.		MAIN_C604408_FULL_MASTER_POSTGRESQL17;ISSUE_288_AGENTIC_REVIEW_2026-09-17
CORNMEAL	Maismehl	APPLICABLE	0.6500	0.7500	CHANGED	CORN	CORN	Semantik: Gemahlener Mais mit feiner bis grober Körnung; nicht reine Maisstärke und nicht zwingend vorgekochte Polenta. Vergleich: Mais (0.7500) in CORN. Entscheidungsgrund: Die benannte Zutat ist gegenüber dem Oberbegriff konkretisiert, behält aber mehrere eigenständige Kochfunktionen und Zubereitungswege; die Familienüberschneidung rechtfertigt die maßvolle Verdichtung.		MAIN_C604408_FULL_MASTER_POSTGRESQL17;ISSUE_288_AGENTIC_REVIEW_2026-09-17
CORNSTARCH	Maisstärke	APPLICABLE	0.7000	0.7500	CHANGED	STARCH_BINDERS	STARCH_BINDERS	Semantik: Feine geschmacksneutrale Stärke aus Mais zum Binden und für Teige; nicht Maismehl. Vergleich: Stärke oder Bindemittel (1.0000) in STARCH_BINDERS. Entscheidungsgrund: Die benannte Zutat ist gegenüber dem Oberbegriff konkretisiert, behält aber mehrere eigenständige Kochfunktionen und Zubereitungswege; die Familienüberschneidung rechtfertigt die maßvolle Verdichtung.		MAIN_C604408_FULL_MASTER_POSTGRESQL17;ISSUE_288_AGENTIC_REVIEW_2026-09-17
COUSCOUS	Couscous	APPLICABLE	0.8000	0.7500	CHANGED	GRAINS	GRAINS	Semantik: Kleine angefeuchtete und gerollte Hartweizengrießkörner; gemeint ist das trockene Grundprodukt, nicht das fertige Gericht. Vergleich: Getreide oder Pseudogetreide (1.0000) in GRAINS. Entscheidungsgrund: Getreideart oder Produktform sind benannt, lassen aber süße und herzhafte Anwendungen sowie mehrere Garmethoden zu; diese Breite trägt die eigenständige Zwischenstufe.		MAIN_C604408_FULL_MASTER_POSTGRESQL17;ISSUE_288_AGENTIC_REVIEW_2026-09-17
CRAB	Krabben	APPLICABLE	0.5500	1.0000	CHANGED	CRUSTACEANS	CRUSTACEANS	Semantik: Offene Vorgabe einschließlich Taschen-, Königs-, Schnee-, Blau- und Mangrovenkrabben. Ganze Tiere, Scheren, Beine, ausgelöstes Fleisch und Softshell-Krabben sind zulässig; Nordseekrabben gehören zu den Garnelen, während Pasten, Saucen, Extrakte und Surimi nicht zählen. Vergleich: Krustentiere (1.0000) in CRUSTACEANS. Entscheidungsgrund: Die Vorgabe lässt innerhalb ihrer Semantik mehrere konkrete Produktformen, Kombinationen und Zubereitungen offen und bildet deshalb den breiten Referenzpunkt der Vergleichsgruppe.		MAIN_C604408_FULL_MASTER_POSTGRESQL17;ISSUE_288_AGENTIC_REVIEW_2026-09-17
CRANBERRY	Cranberry	APPLICABLE	0.4500	0.7500	CHANGED	BERRIES	BERRIES	Semantik: Herb-saure Cranberry; frisch, ungesüßt tiefgekühlt oder getrocknet verwendbar, wobei Trockenware oft gesüßt ist. Vergleich: Beeren (1.0000) in BERRIES. Entscheidungsgrund: Art oder Sorte sind festgelegt, doch Zuschnitt, Garmethode und Kombination bleiben in mehreren süßen beziehungsweise herzhaften Anwendungen offen; das entspricht den eigenständigen Rohstoff-Peers der Familie.		MAIN_C604408_FULL_MASTER_POSTGRESQL17;ISSUE_288_AGENTIC_REVIEW_2026-09-17
CRAYFISH	Flusskrebse	APPLICABLE	0.3500	0.5000	CHANGED	CRAYFISH_AND_LOBSTERS	CRAYFISH_AND_LOBSTERS	Semantik: Kleine Süßwasserkrebse mit festem, süßlichem Fleisch; ganz oder als ausgelöstes Schwanzfleisch verwendbar. Vergleich: Krebse (1.0000) in CRAYFISH_AND_LOBSTERS. Entscheidungsgrund: Konservierung oder stark festgelegte Produktform begrenzen Textur und Einsatz gegenüber frischer Rohware; die benannte Zutat bleibt dennoch ein eigenständiger Familienfall.		MAIN_C604408_FULL_MASTER_POSTGRESQL17;ISSUE_288_AGENTIC_REVIEW_2026-09-17
CRAYFISH_AND_LOBSTERS	Krebse	APPLICABLE	0.5000	1.0000	CHANGED	CRUSTACEANS	CRUSTACEANS	Semantik: Offene Vorgabe für Flusskrebse, Hummer, Kaisergranat, Langusten oder Bärenkrebse. Ganze Tiere, Schwänze, Scheren und ausgelöstes Fleisch sind zulässig; Krabben und Garnelen sind nicht gemeint. Vergleich: Krustentiere (1.0000) in CRUSTACEANS. Entscheidungsgrund: Die Vorgabe lässt innerhalb ihrer Semantik mehrere konkrete Produktformen, Kombinationen und Zubereitungen offen und bildet deshalb den breiten Referenzpunkt der Vergleichsgruppe.		MAIN_C604408_FULL_MASTER_POSTGRESQL17;ISSUE_288_AGENTIC_REVIEW_2026-09-17
CREAM	Sahne	APPLICABLE	0.7000	0.7500	CHANGED	FRESH_DAIRY_PRODUCTS	FRESH_DAIRY_PRODUCTS	Semantik: Flüssiger Milchrahm zum Kochen oder Schlagen; Fettstufe bleibt offen, gesäuerte Produkte sind getrennt. Vergleich: frisches Milchprodukt (1.0000) in FRESH_DAIRY_PRODUCTS. Entscheidungsgrund: Die konkrete Produktausprägung besitzt ein eigenes Profil, bleibt aber über mehrere Koch-, Back- oder Servierfunktionen einsetzbar; das trägt die Zwischenstufe gegenüber dem offenen Oberbegriff.		MAIN_C604408_FULL_MASTER_POSTGRESQL17;ISSUE_288_AGENTIC_REVIEW_2026-09-17
CREAM_CHEESE	Frischkäse	APPLICABLE	0.8000	0.7500	CHANGED	CHEESE	CHEESE	Semantik: Ungereifter streichfähiger Frischkäse mit mild-säuerlichem Geschmack; natur oder neutral gewürzt verwendbar. Vergleich: Käse (1.0000) in CHEESE. Entscheidungsgrund: Die konkrete Produktausprägung besitzt ein eigenes Profil, bleibt aber über mehrere Koch-, Back- oder Servierfunktionen einsetzbar; das trägt die Zwischenstufe gegenüber dem offenen Oberbegriff.		MAIN_C604408_FULL_MASTER_POSTGRESQL17;ISSUE_288_AGENTIC_REVIEW_2026-09-17
CREME_FRAICHE	Crème fraîche	APPLICABLE	0.7500	0.7500	UNCHANGED	CULTURED_DAIRY	CULTURED_DAIRY	Semantik: Fettreicher gesäuerter Rahm mit cremiger Konsistenz und guter Kochstabilität; nicht saure Sahne. Vergleich: gesäuertes Milchprodukt (1.0000) in CULTURED_DAIRY. Entscheidungsgrund: Die konkrete Produktausprägung besitzt ein eigenes Profil, bleibt aber über mehrere Koch-, Back- oder Servierfunktionen einsetzbar; das trägt die Zwischenstufe gegenüber dem offenen Oberbegriff.		MAIN_C604408_FULL_MASTER_POSTGRESQL17;ISSUE_288_AGENTIC_REVIEW_2026-09-17
CRISPBREAD	Knäckebrot	APPLICABLE	0.6500	0.7500	CHANGED	BREAD	BREAD	Semantik: Trockenes, knuspriges Dauerbrot mit dünner oder luftiger Struktur; Getreidemischung bleibt offen. Vergleich: Brot oder Fladenbrot (1.0000) in BREAD. Entscheidungsgrund: Getreideart oder Produktform sind benannt, lassen aber süße und herzhafte Anwendungen sowie mehrere Garmethoden zu; diese Breite trägt die eigenständige Zwischenstufe.		MAIN_C604408_FULL_MASTER_POSTGRESQL17;ISSUE_288_AGENTIC_REVIEW_2026-09-17
CROISSANT	Croissant	APPLICABLE	0.4500	0.5000	CHANGED	BAKED_GOODS	BREAD	Semantik: Ungefüllte klassische Croissant-Viennoiserie mit blättriger, fettreicher Teigstruktur; nicht Pain au chocolat, gefülltes Croissant oder beliebiges Hörnchen. Vergleich: Brot oder Fladenbrot (1.0000) in BAKED_GOODS. Entscheidungsgrund: Rezeptur, Verarbeitung und typische Textur sind bei diesem benannten Produkt bereits wesentlich festgelegt; die Eigenständigkeit bleibt erhalten, die Familienverdichtung begrenzt aber seine relative Präsenz.		MAIN_C604408_FULL_MASTER_POSTGRESQL17;ISSUE_288_AGENTIC_REVIEW_2026-09-17
CRUSTACEANS	Krustentiere	APPLICABLE	0.6000	1.0000	CHANGED	INVERTEBRATES	INVERTEBRATES	Semantik: Offene Vorgabe für Krabben, Krebse und Garnelen. Ganze Tiere oder klar erkennbare Fleisch- und Produktformen einschließlich getrockneter Garnelen und Softshell-Krabben sind zulässig; Pasten, Saucen, Extrakte und Surimi zählen nicht allein über ihren Rohstoff. Vergleich: wirbellose Tiere (1.0000) in INVERTEBRATES. Entscheidungsgrund: Die Vorgabe lässt innerhalb ihrer Semantik mehrere konkrete Produktformen, Kombinationen und Zubereitungen offen und bildet deshalb den breiten Referenzpunkt der Vergleichsgruppe.		MAIN_C604408_FULL_MASTER_POSTGRESQL17;ISSUE_288_AGENTIC_REVIEW_2026-09-17
CUCUMBER	Gurke	APPLICABLE	1.0000	0.7500	CHANGED	FRUIT_VEGETABLES	FRUIT_VEGETABLES	Semantik: Frische Salatgurke mit hohem Wassergehalt und knackiger Textur; Einlege- und fermentierte Gurken sind getrennt. Vergleich: Fruchtgemüse (1.0000) in FRUIT_VEGETABLES. Entscheidungsgrund: Art oder Sorte sind festgelegt, doch Zuschnitt, Garmethode und Kombination bleiben in mehreren süßen beziehungsweise herzhaften Anwendungen offen; das entspricht den eigenständigen Rohstoff-Peers der Familie.	ISSUE_278_CURRENT_SCOPE_CONTRADICTION	MAIN_C604408_FULL_MASTER_POSTGRESQL17;ISSUE_288_AGENTIC_REVIEW_2026-09-17
CULANTRO	Culantro	APPLICABLE	0.2500	0.7500	CHANGED	FRESH_HERBS	BASIL	Semantik: Langblättriges Würzkraut mit gezähntem Rand und kräftigem korianderähnlichem Aroma; roh oder in Suppen und Eintöpfen verwendbar. Botanisch und kulinarisch nicht mit Koriandergrün gleichsetzen. Vergleich: Basilikum (0.7500) in FRESH_HERBS. Entscheidungsgrund: Das einzelne Aroma ist klar festgelegt, kann aber über mehrere Gerichte, Techniken und Kombinationen eingesetzt werden; wie beim Anker bleibt ausreichend eigenständige Kochbreite.		MAIN_C604408_FULL_MASTER_POSTGRESQL17;ISSUE_288_AGENTIC_REVIEW_2026-09-17
CULTURED_DAIRY	gesäuertes Milchprodukt	APPLICABLE	0.4500	1.0000	CHANGED	DAIRY_PRODUCTS	FRESH_DAIRY_PRODUCTS	Semantik: Offene Vorgabe für durch Milchsäurekulturen gesäuerte Milchprodukte; Fettgehalt und Konsistenz bleiben wählbar. Vergleich: frisches Milchprodukt (1.0000) in DAIRY_PRODUCTS. Entscheidungsgrund: Der drawable Oberbegriff lässt konkrete Rohstoff- oder Produktausprägung und Verwendung offen und dient als breiter Familienanker.		MAIN_C604408_FULL_MASTER_POSTGRESQL17;ISSUE_288_AGENTIC_REVIEW_2026-09-17
CUMBERLAND_SAUSAGE	Cumberland Sausage	APPLICABLE	0.6000	0.5000	CHANGED	SAUSAGE	SAUSAGE	Semantik: Grobe Schweinswurst nach Cumberland-Art mit deutlicher Pfeffer- und Kräuterwürzung. Traditionelle Ringform oder kleinere Würste sind zulässig; generische englische Breakfast Sausage und Bratwurst nicht. Vergleich: Wurst (1.0000) in SAUSAGE. Entscheidungsgrund: Rezeptur, Verarbeitung und typische Textur sind bei diesem benannten Produkt bereits wesentlich festgelegt; die Eigenständigkeit bleibt erhalten, die Familienverdichtung begrenzt aber seine relative Präsenz.		MAIN_C604408_FULL_MASTER_POSTGRESQL17;ISSUE_288_AGENTIC_REVIEW_2026-09-17
CUMIN	Kreuzkümmel	APPLICABLE	0.6500	0.7500	CHANGED	SPICES	CUMIN	Semantik: Kreuzkümmelsamen mit warm-erdigem, intensiv würzigem Aroma; nicht echter Kümmel. Vergleich: Kreuzkümmel (0.7500) in SPICES. Entscheidungsgrund: Das einzelne Aroma ist klar festgelegt, kann aber über mehrere Gerichte, Techniken und Kombinationen eingesetzt werden; wie beim Anker bleibt ausreichend eigenständige Kochbreite.		MAIN_C604408_FULL_MASTER_POSTGRESQL17;ISSUE_288_AGENTIC_REVIEW_2026-09-17
CURED_MEAT	gepökeltes oder luftgetrocknetes Fleisch	APPLICABLE	0.4000	1.0000	CHANGED	MEAT	MEAT	Semantik: Offene Familie gepökelter, getrockneter oder vergleichbar gereifter Fleischprodukte; Tierart und Produktform bleiben offen. Vergleich: Fleisch (1.0000) in MEAT. Entscheidungsgrund: Der Oberbegriff lässt Tierart oder Zuschnitt und die spätere Garmethode offen und bildet damit den breiten Referenzpunkt der Fleischfamilie.		MAIN_C604408_FULL_MASTER_POSTGRESQL17;ISSUE_288_AGENTIC_REVIEW_2026-09-17
CURRY_LEAVES	Curryblätter	APPLICABLE	0.3500	0.7500	CHANGED	FRESH_HERBS	BASIL	Semantik: Aromatische Blätter des Currybaums mit zitrisch-röstigem Aroma; frisch oder tiefgekühlt bevorzugt, nicht Currypulver. Vergleich: Basilikum (0.7500) in FRESH_HERBS. Entscheidungsgrund: Das einzelne Aroma ist klar festgelegt, kann aber über mehrere Gerichte, Techniken und Kombinationen eingesetzt werden; wie beim Anker bleibt ausreichend eigenständige Kochbreite.		MAIN_C604408_FULL_MASTER_POSTGRESQL17;ISSUE_288_AGENTIC_REVIEW_2026-09-17
CURRY_POWDER	Currypulver	APPLICABLE	0.5500	0.5000	CHANGED	SPICE_BLENDS	SPICE_BLENDS	Semantik: Zusammengesetzte Gewürzmischung nach Currypulver-Art; Zusammensetzung, Farbe und Schärfe können variieren. Vergleich: Gewürzmischung (1.0000) in SPICE_BLENDS. Entscheidungsgrund: Die fertige Würzform bringt ein eigenes Aroma- und häufig Texturprofil mit; gegenüber dem Anker ist sie eigenständig, beschränkt aber freie Würzung und Gerichtsausrichtung, weshalb die Familie kompakt auf dieser Stufe bleibt.		MAIN_C604408_FULL_MASTER_POSTGRESQL17;ISSUE_288_AGENTIC_REVIEW_2026-09-17
CUSTARD	Custard	APPLICABLE	0.4500	0.5000	CHANGED	DAIRY_PRODUCTS	CONDENSED_MILK	Semantik: Verzehrfertige britische Dessertsoße mit glatter, dickflüssiger Konsistenz, typischerweise milchbasiert und mild vanillig. Custard Powder, deutscher Vanillepudding und gewöhnliche dünne Vanillesauce sind nicht gemeint. Vergleich: gezuckerte Kondensmilch (0.5000) in DAIRY_PRODUCTS. Entscheidungsgrund: Die verzehrfertige, vanillige Dessertsoße legt Süße, Konsistenz und Dessertfunktion gemeinsam fest und entspricht damit einer engen süßen Milchzubereitung, nicht einer offenen Milchkomponente.		MAIN_C604408_FULL_MASTER_POSTGRESQL17;ISSUE_288_AGENTIC_REVIEW_2026-09-17
CUTTLEFISH	Sepia	APPLICABLE	0.3500	0.7500	CHANGED	MOLLUSCS	MOLLUSCS	Semantik: Sepia beziehungsweise echter Tintenfisch mit festem Fleisch und essbarer Tinte; nicht Kalmar oder Oktopus. Vergleich: Weichtiere (1.0000) in MOLLUSCS. Entscheidungsgrund: Die Art beziehungsweise Tiergruppe ist festgelegt, Zuschnitt, Würzung und mehrere Gartechniken bleiben aber wählbar; das trägt eine eigenständige, gegenüber der offenen Familie leicht verdichtete Präsenz.		MAIN_C604408_FULL_MASTER_POSTGRESQL17;ISSUE_288_AGENTIC_REVIEW_2026-09-17
DAIKON	Daikon	APPLICABLE	0.6500	0.7500	CHANGED	RADISH	RADISH	Semantik: Großer milder weißer Rettich ostasiatischer Sorten; roh, gegart oder eingelegt verwendbar. Vergleich: Rettich (0.7500) in RADISH. Entscheidungsgrund: Die benannte Zutat ist gegenüber dem Oberbegriff konkretisiert, behält aber mehrere eigenständige Kochfunktionen und Zubereitungswege; die Familienüberschneidung rechtfertigt die maßvolle Verdichtung.		MAIN_C604408_FULL_MASTER_POSTGRESQL17;ISSUE_288_AGENTIC_REVIEW_2026-09-17
DAING	Daing	APPLICABLE	0.2500	0.5000	CHANGED	DRIED_FISH	DRIED_FISH	Semantik: Philippinische Familie getrockneter Fische in typischerweise aufgeschnittener beziehungsweise butterfly-artiger Form; Fischart und Salzgrad können variieren. Kein Synonym für eine bestimmte Fischart. Vergleich: getrockneter Fisch (0.7500) in DRIED_FISH. Entscheidungsgrund: Konservierung und konkrete Produktform prägen Geschmack, Textur oder weitere Verarbeitung bereits vor; innerhalb der Familie bleibt die Zutat eigenständig, aber enger als der unverarbeitete Rohstoff.		MAIN_C604408_FULL_MASTER_POSTGRESQL17;ISSUE_288_AGENTIC_REVIEW_2026-09-17
DAIRY_PRODUCTS	Milchprodukte	NOT_APPLICABLE	1.0000	1.0000	UNCHANGED	STRUCTURE_ONLY	DAIRY_PRODUCTS	Reiner, nicht ziehbarer Strukturknoten mit Kindern, ohne eigene Availability, Novelty oder Rollen. Der historische technische Wert bleibt unverändert und dient ausdrücklich weder als fachlicher Zielwert noch als Anker für drawable Konzepte.	STRUCTURE_ONLY_NOT_APPLICABLE	MAIN_C604408_FULL_MASTER_POSTGRESQL17;ISSUE_288_AGENTIC_REVIEW_2026-09-17
DANABLU	Danablu	APPLICABLE	0.4000	0.7500	CHANGED	BLUE_CHEESE	BLUE_CHEESE	Semantik: Dänischer, mit Blauschimmel gereifter Kuhmilchkäse mit geschützter geografischer Angabe; kräftig, pikant und deutlich salzig. Vergleich: Blauschimmelkäse (0.7500) in BLUE_CHEESE. Entscheidungsgrund: Die konkrete Produktausprägung besitzt ein eigenes Profil, bleibt aber über mehrere Koch-, Back- oder Servierfunktionen einsetzbar; das trägt die Zwischenstufe gegenüber dem offenen Oberbegriff.		MAIN_C604408_FULL_MASTER_POSTGRESQL17;ISSUE_288_AGENTIC_REVIEW_2026-09-17
DANBO	Danbo	APPLICABLE	0.4500	0.7500	CHANGED	CHEESE	CHEESE	Semantik: Dänischer halbfester Kuhmilchkäse mit geschützter geografischer Angabe; je nach Reifegrad mild bis kräftiger, typischerweise leicht säuerlich. Nicht als Gouda-Variante modellieren. Vergleich: Käse (1.0000) in CHEESE. Entscheidungsgrund: Die konkrete Produktausprägung besitzt ein eigenes Profil, bleibt aber über mehrere Koch-, Back- oder Servierfunktionen einsetzbar; das trägt die Zwischenstufe gegenüber dem offenen Oberbegriff.		MAIN_C604408_FULL_MASTER_POSTGRESQL17;ISSUE_288_AGENTIC_REVIEW_2026-09-17
DARK_CHOCOLATE	Zartbitterschokolade	APPLICABLE	0.5000	0.5000	UNCHANGED	CHOCOLATE	CHOCOLATE	Semantik: Schokolade mit hohem Kakaoanteil und ohne prägende Milchkomponente; Kakaoanteil und Süße bleiben offen. Vergleich: Schokolade (1.0000) in CHOCOLATE. Entscheidungsgrund: Produktform, Aromaprofil oder typische Funktion sind enger vorgegeben als beim Anker; die Zutat bleibt unterscheidbar, wird wegen dieser Bindung innerhalb der Familie aber kompakter gewichtet.		MAIN_C604408_FULL_MASTER_POSTGRESQL17;ISSUE_288_AGENTIC_REVIEW_2026-09-17
DARK_SOY_SAUCE	dunkle Sojasauce	APPLICABLE	0.5000	0.5000	UNCHANGED	SOY_SAUCE	SOY_SAUCE	Semantik: Dunkle, häufig dickere und leicht süßliche Sojasauce vor allem für Farbe und Tiefe; nicht helle Sojasauce. Vergleich: Sojasauce (0.5000) in SOY_SAUCE. Entscheidungsgrund: Farbe, dickere Textur und häufig zusätzliche Süße sind bereits gewählt; innerhalb der mit 0,50 bewerteten Sojasaucenfamilie entsteht dadurch keine größere Einsatzbreite.		MAIN_C604408_FULL_MASTER_POSTGRESQL17;ISSUE_288_AGENTIC_REVIEW_2026-09-17
DASHI	Dashi	APPLICABLE	0.4500	0.7500	CHANGED	STOCKS	STOCKS	Semantik: Japanischer klarer Würzfond, typischerweise auf Kombu und/oder Bonitoflocken; Instant- und frisch angesetzte Varianten sind umfasst. Vergleich: Brühe oder Fond (1.0000) in STOCKS. Entscheidungsgrund: Die benannte Zutat ist gegenüber dem Oberbegriff konkretisiert, behält aber mehrere eigenständige Kochfunktionen und Zubereitungswege; die Familienüberschneidung rechtfertigt die maßvolle Verdichtung.		MAIN_C604408_FULL_MASTER_POSTGRESQL17;ISSUE_288_AGENTIC_REVIEW_2026-09-17
DATE	Dattel	APPLICABLE	0.6500	0.7500	CHANGED	FRUIT	FRUIT	Semantik: Dattel mit dichtem, karamellig-süßem Fruchtfleisch; frisch oder getrocknet verwendbar. Vergleich: Obst (1.0000) in FRUIT. Entscheidungsgrund: Art oder Sorte sind festgelegt, doch Zuschnitt, Garmethode und Kombination bleiben in mehreren süßen beziehungsweise herzhaften Anwendungen offen; das entspricht den eigenständigen Rohstoff-Peers der Familie.		MAIN_C604408_FULL_MASTER_POSTGRESQL17;ISSUE_288_AGENTIC_REVIEW_2026-09-17
DATE_SYRUP	Dattelsirup	APPLICABLE	0.4500	0.5000	CHANGED	SYRUP	SYRUP	Semantik: Dunkler konzentrierter Sirup aus Datteln mit fruchtig-karamelligem Geschmack; nicht Melasse. Vergleich: Sirup (1.0000) in SYRUP. Entscheidungsgrund: Verarbeitung, Aromaprofil oder fertige Produktfunktion sind bereits deutlich festgelegt; die Zutat ist eigenständig, aber weniger breit integrierbar als der neutrale Familienanker.		MAIN_C604408_FULL_MASTER_POSTGRESQL17;ISSUE_288_AGENTIC_REVIEW_2026-09-17
DIJON_MUSTARD	Dijon-Senf	APPLICABLE	0.6000	0.5000	CHANGED	MUSTARD	MUSTARD	Semantik: Feiner bis glatter, deutlich scharfer Senf nach Dijon-Art; nicht körniger Senf und nicht zwingend AOP-Herkunft. Vergleich: Senf (0.5000) in MUSTARD. Entscheidungsgrund: Die glatte, deutlich scharfe Dijon-Ausprägung ist enger als der bereits mit 0,50 bewertete Senf-Oberbegriff; ihre Eigenständigkeit rechtfertigt Gleichstand, nicht eine höhere Präsenz.		MAIN_C604408_FULL_MASTER_POSTGRESQL17;ISSUE_288_AGENTIC_REVIEW_2026-09-17
DILL	Dill	APPLICABLE	0.6000	0.7500	CHANGED	FRESH_HERBS	BASIL	Semantik: Frische Dillspitzen mit anisartig-grünem Aroma; Stiele können mitverwendet werden, Dillsaat ist nicht gemeint. Vergleich: Basilikum (0.7500) in FRESH_HERBS. Entscheidungsgrund: Das einzelne Aroma ist klar festgelegt, kann aber über mehrere Gerichte, Techniken und Kombinationen eingesetzt werden; wie beim Anker bleibt ausreichend eigenständige Kochbreite.		MAIN_C604408_FULL_MASTER_POSTGRESQL17;ISSUE_288_AGENTIC_REVIEW_2026-09-17
DOENJANG	Doenjang	APPLICABLE	0.4500	0.5000	CHANGED	FERMENTED_SEASONINGS	FERMENTED_SEASONINGS	Semantik: Koreanische fermentierte Sojabohnenpaste mit kräftigem, salzig-erdigem Umami; nicht Miso oder Gochujang. Vergleich: fermentierte Würzzutat (1.0000) in FERMENTED_SEASONINGS. Entscheidungsgrund: Die fertige Würzform bringt ein eigenes Aroma- und häufig Texturprofil mit; gegenüber dem Anker ist sie eigenständig, beschränkt aber freie Würzung und Gerichtsausrichtung, weshalb die Familie kompakt auf dieser Stufe bleibt.		MAIN_C604408_FULL_MASTER_POSTGRESQL17;ISSUE_288_AGENTIC_REVIEW_2026-09-17
DOUBANJIANG	Doubanjiang	APPLICABLE	0.4500	0.5000	CHANGED	CHILI_CONDIMENTS	CHILI_CONDIMENTS	Semantik: Chinesische fermentierte Bohnen-Chili-Paste, häufig auf Saubohnenbasis; salzig, scharf und ausgeprägt umamireich. Vergleich: Chilisauce oder -paste (1.0000) in CHILI_CONDIMENTS. Entscheidungsgrund: Die fertige Würzform bringt ein eigenes Aroma- und häufig Texturprofil mit; gegenüber dem Anker ist sie eigenständig, beschränkt aber freie Würzung und Gerichtsausrichtung, weshalb die Familie kompakt auf dieser Stufe bleibt.		MAIN_C604408_FULL_MASTER_POSTGRESQL17;ISSUE_288_AGENTIC_REVIEW_2026-09-17
DRAGON_FRUIT	Drachenfrucht	APPLICABLE	0.3500	0.7500	CHANGED	TROPICAL_FRUIT	TROPICAL_FRUIT	Semantik: Mild-süße Pitahaya mit saftigem, samenreichem Fruchtfleisch; rote und weiße Sorten sind umfasst. Vergleich: Tropenfrucht (1.0000) in TROPICAL_FRUIT. Entscheidungsgrund: Art oder Sorte sind festgelegt, doch Zuschnitt, Garmethode und Kombination bleiben in mehreren süßen beziehungsweise herzhaften Anwendungen offen; das entspricht den eigenständigen Rohstoff-Peers der Familie.		MAIN_C604408_FULL_MASTER_POSTGRESQL17;ISSUE_288_AGENTIC_REVIEW_2026-09-17
DRIED_APRICOT	getrocknete Aprikosen	APPLICABLE	0.6000	0.7500	CHANGED	APRICOT	APRICOT	Semantik: Getrocknete Aprikosen mit konzentrierter Süße und zäher Textur; geschwefelte und ungeschwefelte Ware ist möglich. Vergleich: Aprikose (0.7500) in APRICOT. Entscheidungsgrund: Die benannte Zutat ist gegenüber dem Oberbegriff konkretisiert, behält aber mehrere eigenständige Kochfunktionen und Zubereitungswege; die Familienüberschneidung rechtfertigt die maßvolle Verdichtung.		MAIN_C604408_FULL_MASTER_POSTGRESQL17;ISSUE_288_AGENTIC_REVIEW_2026-09-17
DRIED_CHILI	getrocknete Chili	APPLICABLE	0.5000	1.0000	CHANGED	SPICES	CUMIN	Semantik: Ganze oder grob zerteilte getrocknete Chili mit konzentriertem Aroma; Pulver und feine Flocken sind damit nicht gemeint. Vergleich: Kreuzkümmel (0.7500) in SPICES. Entscheidungsgrund: Die Zeile lässt als drawable Gewürzfamilie konkrete Sorte, Form und Aromenausprägung offen; sie bildet daher den breiten Referenzpunkt.		MAIN_C604408_FULL_MASTER_POSTGRESQL17;ISSUE_288_AGENTIC_REVIEW_2026-09-17
DRIED_FISH	getrockneter Fisch	APPLICABLE	0.3500	0.7500	CHANGED	PRESERVED_FISH	PRESERVED_FISH	Semantik: Offene Familie von Fischprodukten, deren wesentliche Konservierung durch Trocknung erfolgt; Salz kann, muss aber nicht beteiligt sein. Nicht bloß geräucherter oder konservierter Fisch ohne maßgebliche Trocknung. Vergleich: konservierter Fisch (1.0000) in PRESERVED_FISH. Entscheidungsgrund: Konservierung und konkrete Produktform prägen Geschmack, Textur oder weitere Verarbeitung bereits vor; innerhalb der Familie bleibt die Zutat eigenständig, aber enger als der unverarbeitete Rohstoff.		MAIN_C604408_FULL_MASTER_POSTGRESQL17;ISSUE_288_AGENTIC_REVIEW_2026-09-17
DRIED_FRUIT	Trockenfrüchte	APPLICABLE	0.4500	1.0000	CHANGED	FRUIT	FRUIT	Semantik: Offene Vorgabe für durch Trocknung konzentriertes Obst; Sorte, Stückgröße und eventuelle Süßung bleiben wählbar. Vergleich: Obst (1.0000) in FRUIT. Entscheidungsgrund: Die Zeile ist eine breite drawable Rohstofffamilie und lässt Sorte sowie rohe, gegarte oder weiterverarbeitete Umsetzung offen; sie bleibt deshalb der volle Referenzpunkt.		MAIN_C604408_FULL_MASTER_POSTGRESQL17;ISSUE_288_AGENTIC_REVIEW_2026-09-17
DRIED_SHRIMP	getrocknete Garnelen	APPLICABLE	0.4500	0.5000	CHANGED	SHRIMP	SHRIMP	Semantik: Durch Trocknung haltbar gemachte Garnelen, ganz oder grob zerkleinert; sie liefern konzentriertes Umami für Brühen, Füllungen, Toppings und Würzpasten. Nicht Garnelenpulver oder fermentierte Garnelenpaste. Vergleich: Garnelen (0.7500) in SHRIMP. Entscheidungsgrund: Konservierung oder stark festgelegte Produktform begrenzen Textur und Einsatz gegenüber frischer Rohware; die benannte Zutat bleibt dennoch ein eigenständiger Familienfall.		MAIN_C604408_FULL_MASTER_POSTGRESQL17;ISSUE_288_AGENTIC_REVIEW_2026-09-17
DRIED_WILD_MUSHROOMS	getrocknete Waldpilze	APPLICABLE	0.4500	0.7500	CHANGED	MUSHROOMS	MUSHROOMS	Semantik: Getrocknete aromatische Waldpilze, einzeln oder gemischt; nicht auf eine einzelne Pilzart festgelegt. Vergleich: Pilze (1.0000) in MUSHROOMS. Entscheidungsgrund: Art oder Sorte sind festgelegt, doch Zuschnitt, Garmethode und Kombination bleiben in mehreren süßen beziehungsweise herzhaften Anwendungen offen; das entspricht den eigenständigen Rohstoff-Peers der Familie.		MAIN_C604408_FULL_MASTER_POSTGRESQL17;ISSUE_288_AGENTIC_REVIEW_2026-09-17
DUCK	Ente	APPLICABLE	0.6000	0.7500	CHANGED	POULTRY	POULTRY	Semantik: Entenfleisch ohne Festlegung auf Brust, Keule oder ganzes Tier; Haut und Fett können prägende Bestandteile sein. Vergleich: Geflügel (1.0000) in POULTRY. Entscheidungsgrund: Tierart oder Zuschnitt sind konkret, doch Würzung, Kombination und mehrere passende Gartechniken bleiben offen; diese eigenständige Kochbreite trägt die Zwischenstufe.		MAIN_C604408_FULL_MASTER_POSTGRESQL17;ISSUE_288_AGENTIC_REVIEW_2026-09-17
DUCK_BREAST	Entenbrust	APPLICABLE	0.7000	0.7500	CHANGED	DUCK	DUCK	Semantik: Entenbrust mit dunklem Fleisch und typischer Fettschicht unter der Haut; mit oder ohne Haut verwendbar. Vergleich: Ente (0.7500) in DUCK. Entscheidungsgrund: Tierart oder Zuschnitt sind konkret, doch Würzung, Kombination und mehrere passende Gartechniken bleiben offen; diese eigenständige Kochbreite trägt die Zwischenstufe.		MAIN_C604408_FULL_MASTER_POSTGRESQL17;ISSUE_288_AGENTIC_REVIEW_2026-09-17
DUCK_CONFIT	Entenconfit	APPLICABLE	0.3000	0.7500	CHANGED	DUCK	DUCK	Semantik: Gesalzene Ententeile, typischerweise Keule beziehungsweise vergleichbare Teilstücke, langsam in Entenfett gegart und traditionell darin konserviert. Nicht bloß Entenfleisch oder eine frisch gebratene Entenkeule. Vergleich: Ente (0.7500) in DUCK. Entscheidungsgrund: Tierart oder Zuschnitt sind konkret, doch Würzung, Kombination und mehrere passende Gartechniken bleiben offen; diese eigenständige Kochbreite trägt die Zwischenstufe.		MAIN_C604408_FULL_MASTER_POSTGRESQL17;ISSUE_288_AGENTIC_REVIEW_2026-09-17
DUCK_EGG	Entenei	APPLICABLE	0.3000	0.7500	CHANGED	EGGS	EGGS	Semantik: Größeres, fettreicheres Ei der Ente; frisch zu garen, nicht bereits gesalzen oder fermentiert. Vergleich: Eier (1.0000) in EGGS. Entscheidungsgrund: Die benannte Zutat ist gegenüber dem Oberbegriff konkretisiert, behält aber mehrere eigenständige Kochfunktionen und Zubereitungswege; die Familienüberschneidung rechtfertigt die maßvolle Verdichtung.		MAIN_C604408_FULL_MASTER_POSTGRESQL17;ISSUE_288_AGENTIC_REVIEW_2026-09-17
DUCK_FAT	Entenfett	APPLICABLE	0.3500	0.7500	CHANGED	COOKING_FATS	COOKING_FATS	Semantik: Ausgelassenes Entenfett mit charakteristischem Geflügelaroma zum Braten, Confieren oder Verfeinern. Vergleich: Kochfett (1.0000) in COOKING_FATS. Entscheidungsgrund: Die konkrete Produktausprägung besitzt ein eigenes Profil, bleibt aber über mehrere Koch-, Back- oder Servierfunktionen einsetzbar; das trägt die Zwischenstufe gegenüber dem offenen Oberbegriff.		MAIN_C604408_FULL_MASTER_POSTGRESQL17;ISSUE_288_AGENTIC_REVIEW_2026-09-17
DUCK_LEG	Entenkeule	APPLICABLE	0.6000	0.7500	CHANGED	DUCK	DUCK	Semantik: Entenkeule mit dunklem, bindegewebsreichem Fleisch; für Braten, Schmoren oder Confieren geeignet. Vergleich: Ente (0.7500) in DUCK. Entscheidungsgrund: Tierart oder Zuschnitt sind konkret, doch Würzung, Kombination und mehrere passende Gartechniken bleiben offen; diese eigenständige Kochbreite trägt die Zwischenstufe.		MAIN_C604408_FULL_MASTER_POSTGRESQL17;ISSUE_288_AGENTIC_REVIEW_2026-09-17
DULSE	Dulse	APPLICABLE	0.2500	0.7500	CHANGED	SEAWEED	SEAWEED	Semantik: Essbare rote Meeresalge mit salzigem, leicht rauchig-umamireichem Geschmack; meist getrocknet erhältlich. Vergleich: Algen (1.0000) in SEAWEED. Entscheidungsgrund: Die benannte Zutat ist gegenüber dem Oberbegriff konkretisiert, behält aber mehrere eigenständige Kochfunktionen und Zubereitungswege; die Familienüberschneidung rechtfertigt die maßvolle Verdichtung.		MAIN_C604408_FULL_MASTER_POSTGRESQL17;ISSUE_288_AGENTIC_REVIEW_2026-09-17
DUMPLING_DOUGH	Dumpling-Teig	APPLICABLE	0.4500	0.7500	CHANGED	DUMPLING_WRAPPERS	DUMPLING_WRAPPERS	Semantik: Ungeschnittener Teig zur Herstellung von Dumpling-Hüllen; Zusammensetzung und Dicke bleiben offen. Vergleich: Teigblatt oder Dumpling-Hülle (1.0000) in DUMPLING_WRAPPERS. Entscheidungsgrund: Getreideart oder Produktform sind benannt, lassen aber süße und herzhafte Anwendungen sowie mehrere Garmethoden zu; diese Breite trägt die eigenständige Zwischenstufe.		MAIN_C604408_FULL_MASTER_POSTGRESQL17;ISSUE_288_AGENTIC_REVIEW_2026-09-17
DUMPLING_WRAPPERS	Teigblatt oder Dumpling-Hülle	APPLICABLE	0.3500	1.0000	CHANGED	STARCHES	STARCHES	Semantik: Offene Vorgabe für dünne Teigblätter zum Füllen und Falten; Weizen-, Reis- und andere geeignete Hüllen sind möglich. Vergleich: stärkehaltige Zutat oder Sättigungsbeilage (1.0000) in STARCHES. Entscheidungsgrund: Der drawable Oberbegriff lässt Getreideart oder konkrete Stärkeform und spätere Technik offen und bleibt deshalb der breite Referenzpunkt.		MAIN_C604408_FULL_MASTER_POSTGRESQL17;ISSUE_288_AGENTIC_REVIEW_2026-09-17
EDAM	Edamer	APPLICABLE	0.7000	0.7500	CHANGED	CHEESE	CHEESE	Semantik: Halbfester Kuhmilchkäse nach Edamer Art; umfasst Edam/Edamer als Produkttyp und ist nicht auf die geschützte Herkunftsbezeichnung Edam Holland beschränkt. Vergleich: Käse (1.0000) in CHEESE. Entscheidungsgrund: Die konkrete Produktausprägung besitzt ein eigenes Profil, bleibt aber über mehrere Koch-, Back- oder Servierfunktionen einsetzbar; das trägt die Zwischenstufe gegenüber dem offenen Oberbegriff.		MAIN_C604408_FULL_MASTER_POSTGRESQL17;ISSUE_288_AGENTIC_REVIEW_2026-09-17
EDAMAME	Edamame	APPLICABLE	0.7500	0.7500	UNCHANGED	POD_VEGETABLES	POD_VEGETABLES	Semantik: Unreif geerntete grüne Sojabohnen, meist in der Schote blanchiert oder ausgelöst; nicht reife trockene Sojabohnen. Vergleich: Hülsen- und Schotengemüse (1.0000) in POD_VEGETABLES. Entscheidungsgrund: Art oder Sorte sind festgelegt, doch Zuschnitt, Garmethode und Kombination bleiben in mehreren süßen beziehungsweise herzhaften Anwendungen offen; das entspricht den eigenständigen Rohstoff-Peers der Familie.		MAIN_C604408_FULL_MASTER_POSTGRESQL17;ISSUE_288_AGENTIC_REVIEW_2026-09-17
EDIBLE_CRAB	Taschenkrebs	APPLICABLE	0.4000	0.5000	CHANGED	CRAB	CRAB	Semantik: Kräftiges, leicht süßliches Fleisch. Ganze gekochte Tiere, Scheren sowie weißes oder braunes ausgelöstes Fleisch sind zulässig; bloße Krabbenaromen und Ersatzprodukte zählen nicht. Vergleich: Krabben (1.0000) in CRAB. Entscheidungsgrund: Konservierung oder stark festgelegte Produktform begrenzen Textur und Einsatz gegenüber frischer Rohware; die benannte Zutat bleibt dennoch ein eigenständiger Familienfall.		MAIN_C604408_FULL_MASTER_POSTGRESQL17;ISSUE_288_AGENTIC_REVIEW_2026-09-17
EDIBLE_SNAILS	essbare Schnecken	APPLICABLE	0.2500	1.0000	CHANGED	MOLLUSCS	MOLLUSCS	Semantik: Offene Familie essbarer Land-, Süßwasser- und Meeresschnecken als küchenfertige Zutat; Art und Lebensraum bleiben wählbar. Nicht Muscheln oder andere Weichtiergruppen. Vergleich: Weichtiere (1.0000) in MOLLUSCS. Entscheidungsgrund: Die drawable Familienvorgabe lässt Art, Zuschnitt und Garmethode offen und bildet damit den breiten Referenzpunkt für konkrete Meeres- und Süßwasserprodukte.		MAIN_C604408_FULL_MASTER_POSTGRESQL17;ISSUE_288_AGENTIC_REVIEW_2026-09-17
EEL	Aal	APPLICABLE	0.3000	0.7500	CHANGED	OILY_FISH	OILY_FISH	Semantik: Aal als fettreicher Fisch mit festem Fleisch; frisch, geräuchert oder anderweitig verarbeitet nur bei entsprechender Produktwahl. Vergleich: fettreicher Fisch (1.0000) in OILY_FISH. Entscheidungsgrund: Die Art beziehungsweise Tiergruppe ist festgelegt, Zuschnitt, Würzung und mehrere Gartechniken bleiben aber wählbar; das trägt eine eigenständige, gegenüber der offenen Familie leicht verdichtete Präsenz.		MAIN_C604408_FULL_MASTER_POSTGRESQL17;ISSUE_288_AGENTIC_REVIEW_2026-09-17
EGG	Ei	APPLICABLE	0.9000	0.7500	CHANGED	EGGS	EGGS	Semantik: Ein einzelnes Hühnerei als allgemein verfügbare Kochzutat; Eier anderer Tierarten sind damit nicht gemeint. Vergleich: Eier (1.0000) in EGGS. Entscheidungsgrund: Die benannte Zutat ist gegenüber dem Oberbegriff konkretisiert, behält aber mehrere eigenständige Kochfunktionen und Zubereitungswege; die Familienüberschneidung rechtfertigt die maßvolle Verdichtung.		MAIN_C604408_FULL_MASTER_POSTGRESQL17;ISSUE_288_AGENTIC_REVIEW_2026-09-17
EGGPLANT	Aubergine	APPLICABLE	1.0000	0.7500	CHANGED	FRUIT_VEGETABLES	FRUIT_VEGETABLES	Semantik: Aubergine mit schwammigem, beim Garen cremig werdendem Fruchtfleisch; Sorte und Farbe bleiben offen. Vergleich: Fruchtgemüse (1.0000) in FRUIT_VEGETABLES. Entscheidungsgrund: Art oder Sorte sind festgelegt, doch Zuschnitt, Garmethode und Kombination bleiben in mehreren süßen beziehungsweise herzhaften Anwendungen offen; das entspricht den eigenständigen Rohstoff-Peers der Familie.		MAIN_C604408_FULL_MASTER_POSTGRESQL17;ISSUE_288_AGENTIC_REVIEW_2026-09-17
EGGS	Eier	APPLICABLE	0.7000	1.0000	CHANGED	EGGS	EGGS	Semantik: Offene Vorgabe für Vogeleier; Art, Größe und Zubereitungsfunktion werden bewusst nicht festgelegt. Vergleich: Eier (1.0000) in EGGS. Entscheidungsgrund: Die Vorgabe lässt innerhalb ihrer Semantik mehrere konkrete Produktformen, Kombinationen und Zubereitungen offen und bildet deshalb den breiten Referenzpunkt der Vergleichsgruppe.		MAIN_C604408_FULL_MASTER_POSTGRESQL17;ISSUE_288_AGENTIC_REVIEW_2026-09-17
EGG_FLECKERL	Eierfleckerl	APPLICABLE	0.6500	0.7500	CHANGED	EGG_NOODLES	EGG_NOODLES	Semantik: Kleine, annähernd quadratische Eiernudeln mit guter Haftfläche für fein geschnittene Begleiter. Sie behalten in Pfannengerichten und Aufläufen ihre charakteristische kompakte Form. Vergleich: Eiernudeln (0.7500) in EGG_NOODLES. Entscheidungsgrund: Die benannte Zutat ist gegenüber dem Oberbegriff konkretisiert, behält aber mehrere eigenständige Kochfunktionen und Zubereitungswege; die Familienüberschneidung rechtfertigt die maßvolle Verdichtung.		MAIN_C604408_FULL_MASTER_POSTGRESQL17;ISSUE_288_AGENTIC_REVIEW_2026-09-17
EGG_NOODLES	Eiernudeln	APPLICABLE	0.8500	0.7500	CHANGED	NOODLES	NOODLES	Semantik: Nudeln mit Ei als prägendem Teigbestandteil; Form und Dicke bleiben offen. Vergleich: Nudeln (1.0000) in NOODLES. Entscheidungsgrund: Getreideart oder Produktform sind benannt, lassen aber süße und herzhafte Anwendungen sowie mehrere Garmethoden zu; diese Breite trägt die eigenständige Zwischenstufe.		MAIN_C604408_FULL_MASTER_POSTGRESQL17;ISSUE_288_AGENTIC_REVIEW_2026-09-17
EGUSI_SEEDS	Egusi-Samen	APPLICABLE	0.2000	0.7500	CHANGED	SEEDS	SEEDS	Semantik: Ölreiche Samen bestimmter westafrikanischer Melonenarten, meist gemahlen zum Binden und Aromatisieren; nicht Kürbiskerne. Vergleich: Kerne und Samen (1.0000) in SEEDS. Entscheidungsgrund: Die Samen sind als Protein-, Fett- und Bindekomponente in Suppen, Saucen und Pasten eigenständig einsetzbar; die konkrete Saat bindet weniger als eine fertige Mischung, daher trägt sie dieselbe Stufe wie andere einzelne Samen.		MAIN_C604408_FULL_MASTER_POSTGRESQL17;ISSUE_288_AGENTIC_REVIEW_2026-09-17
ELDERBERRY	Holunderbeeren	APPLICABLE	0.3000	0.7500	CHANGED	BERRIES	BERRIES	Semantik: Reife Holunderbeeren mit herb-säuerlichem Aroma; nur gegart verwenden, nicht rohe unreife Beeren. Vergleich: Beeren (1.0000) in BERRIES. Entscheidungsgrund: Art oder Sorte sind festgelegt, doch Zuschnitt, Garmethode und Kombination bleiben in mehreren süßen beziehungsweise herzhaften Anwendungen offen; das entspricht den eigenständigen Rohstoff-Peers der Familie.		MAIN_C604408_FULL_MASTER_POSTGRESQL17;ISSUE_288_AGENTIC_REVIEW_2026-09-17
ENDIVE	Endivie	APPLICABLE	0.6000	0.7500	CHANGED	SALAD_GREENS	SALAD_GREENS	Semantik: Endivienblätter mit knackiger Textur und deutlicher Bitterkeit; glatte und krause Formen sind umfasst. Vergleich: Blattsalat (1.0000) in SALAD_GREENS. Entscheidungsgrund: Art oder Sorte sind festgelegt, doch Zuschnitt, Garmethode und Kombination bleiben in mehreren süßen beziehungsweise herzhaften Anwendungen offen; das entspricht den eigenständigen Rohstoff-Peers der Familie.		MAIN_C604408_FULL_MASTER_POSTGRESQL17;ISSUE_288_AGENTIC_REVIEW_2026-09-17
ENGLISH_MUSTARD	Englischer Senf	APPLICABLE	0.5500	0.5000	CHANGED	HOT_MUSTARD	HOT_MUSTARD	Semantik: Glatter, gelber Senf englischer Art mit ausgeprägt stechender Senfschärfe. Senfpulver, Dijon-Senf, süßer Senf und beliebiger anderer scharfer Senf erfüllen die Vorgabe nicht. Vergleich: scharfer Senf (0.5000) in HOT_MUSTARD. Entscheidungsgrund: Produktform, Aromaprofil oder typische Funktion sind enger vorgegeben als beim Anker; die Zutat bleibt unterscheidbar, wird wegen dieser Bindung innerhalb der Familie aber kompakter gewichtet.		MAIN_C604408_FULL_MASTER_POSTGRESQL17;ISSUE_288_AGENTIC_REVIEW_2026-09-17
ENOKI	Enoki	APPLICABLE	0.4500	0.7500	CHANGED	MUSHROOMS	MUSHROOMS	Semantik: Langstielige, kleinhütige Enoki-Pilze mit zartem Biss und mildem Geschmack; kultivierte helle Ware ist üblich. Vergleich: Pilze (1.0000) in MUSHROOMS. Entscheidungsgrund: Art oder Sorte sind festgelegt, doch Zuschnitt, Garmethode und Kombination bleiben in mehreren süßen beziehungsweise herzhaften Anwendungen offen; das entspricht den eigenständigen Rohstoff-Peers der Familie.		MAIN_C604408_FULL_MASTER_POSTGRESQL17;ISSUE_288_AGENTIC_REVIEW_2026-09-17
ESCARGOT	Weinbergschnecken	APPLICABLE	0.2000	0.7500	CHANGED	LAND_SNAILS	LAND_SNAILS	Semantik: Essbare Landschnecken nach Weinbergschnecken-/Escargot-Art, küchenfertig ausgelöst oder im Gehäuse; frisch, tiefgekühlt oder konserviert. Nicht Meer- oder Süßwasserschnecken. Vergleich: Landschnecken (0.7500) in LAND_SNAILS. Entscheidungsgrund: Die Escargot-Artgruppe ist enger als Landschnecken, lässt aber ganzen oder ausgelösten Zuschnitt, Konservierungsform und Garung offen; der niedrige Altwert bildet diese Kochbreite nicht ab.		MAIN_C604408_FULL_MASTER_POSTGRESQL17;ISSUE_288_AGENTIC_REVIEW_2026-09-17
EVAPORATED_MILK	Kondensmilch	APPLICABLE	0.6000	0.7500	CHANGED	FRESH_DAIRY_PRODUCTS	FRESH_DAIRY_PRODUCTS	Semantik: Ungesüßte, durch Wasserentzug konzentrierte Milch; nicht gezuckerte Kondensmilch. Vergleich: frisches Milchprodukt (1.0000) in FRESH_DAIRY_PRODUCTS. Entscheidungsgrund: Die konkrete Produktausprägung besitzt ein eigenes Profil, bleibt aber über mehrere Koch-, Back- oder Servierfunktionen einsetzbar; das trägt die Zwischenstufe gegenüber dem offenen Oberbegriff.		MAIN_C604408_FULL_MASTER_POSTGRESQL17;ISSUE_288_AGENTIC_REVIEW_2026-09-17
FARRO	Farro	APPLICABLE	0.4000	0.7500	CHANGED	GRAINS	GRAINS	Semantik: Emmer beziehungsweise als Farro verkauftes geschältes Weizenkorn mit nussigem Geschmack und festem Biss. Vergleich: Getreide oder Pseudogetreide (1.0000) in GRAINS. Entscheidungsgrund: Getreideart oder Produktform sind benannt, lassen aber süße und herzhafte Anwendungen sowie mehrere Garmethoden zu; diese Breite trägt die eigenständige Zwischenstufe.		MAIN_C604408_FULL_MASTER_POSTGRESQL17;ISSUE_288_AGENTIC_REVIEW_2026-09-17
FENALAR	Fenalår	APPLICABLE	0.2000	0.5000	CHANGED	CURED_MEAT	CURED_MEAT	Semantik: Gesalzene und luftgetrocknete Keule von Schaf oder Lamm nach norwegischer Fenalår-Art. Nicht beliebiges Trockenfleisch, Schinken oder bereits zubereitetes Gericht. Vergleich: gepökeltes oder luftgetrocknetes Fleisch (1.0000) in CURED_MEAT. Entscheidungsgrund: Rezeptur, Verarbeitung und typische Textur sind bei diesem benannten Produkt bereits wesentlich festgelegt; die Eigenständigkeit bleibt erhalten, die Familienverdichtung begrenzt aber seine relative Präsenz.		MAIN_C604408_FULL_MASTER_POSTGRESQL17;ISSUE_288_AGENTIC_REVIEW_2026-09-17
FENNEL	Fenchel	APPLICABLE	0.8000	0.7500	CHANGED	STEM_VEGETABLES	STEM_VEGETABLES	Semantik: Fenchelknolle mit knackiger bis zarter Textur und mildem Anisaroma; Grün kann mitverwendet werden. Vergleich: Stängelgemüse (1.0000) in STEM_VEGETABLES. Entscheidungsgrund: Art oder Sorte sind festgelegt, doch Zuschnitt, Garmethode und Kombination bleiben in mehreren süßen beziehungsweise herzhaften Anwendungen offen; das entspricht den eigenständigen Rohstoff-Peers der Familie.		MAIN_C604408_FULL_MASTER_POSTGRESQL17;ISSUE_288_AGENTIC_REVIEW_2026-09-17
FENNEL_SEED	Fenchelsaat	APPLICABLE	0.4500	0.7500	CHANGED	SPICES	CUMIN	Semantik: Getrocknete Fenchelfrüchte mit süßlich-anisartigem Aroma; ganz oder gemahlen, nicht Fenchelknolle. Vergleich: Kreuzkümmel (0.7500) in SPICES. Entscheidungsgrund: Das einzelne Aroma ist klar festgelegt, kann aber über mehrere Gerichte, Techniken und Kombinationen eingesetzt werden; wie beim Anker bleibt ausreichend eigenständige Kochbreite.		MAIN_C604408_FULL_MASTER_POSTGRESQL17;ISSUE_288_AGENTIC_REVIEW_2026-09-17
FENUGREEK	Bockshornklee	APPLICABLE	0.4000	0.7500	CHANGED	SPICES	CUMIN	Semantik: Bockshornkleesamen mit herb-würzigem, leicht bitterem Aroma; ganz oder gemahlen sparsam verwendbar. Vergleich: Kreuzkümmel (0.7500) in SPICES. Entscheidungsgrund: Das einzelne Aroma ist klar festgelegt, kann aber über mehrere Gerichte, Techniken und Kombinationen eingesetzt werden; wie beim Anker bleibt ausreichend eigenständige Kochbreite.		MAIN_C604408_FULL_MASTER_POSTGRESQL17;ISSUE_288_AGENTIC_REVIEW_2026-09-17
FERMENTED_BLACK_BEANS	Fermentierte schwarze Bohnen	APPLICABLE	0.3500	0.5000	CHANGED	FERMENTED_SEASONINGS	FERMENTED_SEASONINGS	Semantik: Salzig fermentierte schwarze Sojabohnen nach Douchi-Art; als Würzzutat gemeint, nicht gewöhnliche schwarze Bohnen. Vergleich: fermentierte Würzzutat (1.0000) in FERMENTED_SEASONINGS. Entscheidungsgrund: Die fertige Würzform bringt ein eigenes Aroma- und häufig Texturprofil mit; gegenüber dem Anker ist sie eigenständig, beschränkt aber freie Würzung und Gerichtsausrichtung, weshalb die Familie kompakt auf dieser Stufe bleibt.	ISSUE_278_CURRENT_SCOPE_CONTRADICTION	MAIN_C604408_FULL_MASTER_POSTGRESQL17;ISSUE_288_AGENTIC_REVIEW_2026-09-17
FERMENTED_CUCUMBER	Salzgurke	APPLICABLE	0.6000	0.5000	CHANGED	PRESERVED_PRODUCE	SAUERKRAUT	Semantik: Milchsauer in Salzlake fermentierte Gurke; bewusst von essigbasierter Gewürzgurke getrennt. Vergleich: Sauerkraut (0.5000) in PRESERVED_PRODUCE. Entscheidungsgrund: Milchsäuregärung und Salzlake bestimmen Säure, Textur und Konservierungsform; das ist als fertige Gemüsekonserve mit Sauerkraut vergleichbar und enger als frische Gurke.		MAIN_C604408_FULL_MASTER_POSTGRESQL17;ISSUE_288_AGENTIC_REVIEW_2026-09-17
FERMENTED_SEASONINGS	fermentierte Würzzutat	APPLICABLE	0.4000	1.0000	CHANGED	SAUCES_AND_PASTES	SAUCES_AND_PASTES	Semantik: Offene Familie fermentierter Würzsaucen, Pasten und vergleichbarer Zutaten; Rohstoff und Konsistenz bleiben offen. Vergleich: Sauce, Würzmittel oder Paste (1.0000) in SAUCES_AND_PASTES. Entscheidungsgrund: Die Vorgabe lässt innerhalb ihrer Semantik mehrere konkrete Produktformen, Kombinationen und Zubereitungen offen und bildet deshalb den breiten Referenzpunkt der Vergleichsgruppe.		MAIN_C604408_FULL_MASTER_POSTGRESQL17;ISSUE_288_AGENTIC_REVIEW_2026-09-17
FERMENTED_TOFU	Fermentierter Tofu	APPLICABLE	0.3000	0.5000	CHANGED	FERMENTED_SEASONINGS	FERMENTED_SEASONINGS	Semantik: In Lake gereifte Tofuwürfel mit kräftigem, salzigem Aroma und cremiger Textur; als Würzmittel, nicht als fester Tofublock. Vergleich: fermentierte Würzzutat (1.0000) in FERMENTED_SEASONINGS. Entscheidungsgrund: Die fertige Würzform bringt ein eigenes Aroma- und häufig Texturprofil mit; gegenüber dem Anker ist sie eigenständig, beschränkt aber freie Würzung und Gerichtsausrichtung, weshalb die Familie kompakt auf dieser Stufe bleibt.	ISSUE_279_PENDING_SCOPE_DECISION	MAIN_C604408_FULL_MASTER_POSTGRESQL17;ISSUE_288_AGENTIC_REVIEW_2026-09-17
FETA	Feta	APPLICABLE	0.7000	0.7500	CHANGED	CHEESE	CHEESE	Semantik: Salzlakenkäse nach Feta-Art aus Schafmilch mit möglichem Ziegenmilchanteil; krümelig, säuerlich und salzig. Vergleich: Käse (1.0000) in CHEESE. Entscheidungsgrund: Die konkrete Produktausprägung besitzt ein eigenes Profil, bleibt aber über mehrere Koch-, Back- oder Servierfunktionen einsetzbar; das trägt die Zwischenstufe gegenüber dem offenen Oberbegriff.		MAIN_C604408_FULL_MASTER_POSTGRESQL17;ISSUE_288_AGENTIC_REVIEW_2026-09-17
FIG	Feige	APPLICABLE	0.6500	0.7500	CHANGED	FRUIT	FRUIT	Semantik: Feige mit weichem, samenreichem und honigartig süßem Fruchtfleisch; frisch oder ungesüßt getrocknet verwendbar. Vergleich: Obst (1.0000) in FRUIT. Entscheidungsgrund: Art oder Sorte sind festgelegt, doch Zuschnitt, Garmethode und Kombination bleiben in mehreren süßen beziehungsweise herzhaften Anwendungen offen; das entspricht den eigenständigen Rohstoff-Peers der Familie.		MAIN_C604408_FULL_MASTER_POSTGRESQL17;ISSUE_288_AGENTIC_REVIEW_2026-09-17
FINGERROOT	Fingerwurz	APPLICABLE	0.3000	0.7500	CHANGED	SPICES	CUMIN	Semantik: Fingerartige Rhizome von Boesenbergia rotunda mit erdig-zitrischem, leicht pfeffrig-kampferartigem Aroma; frisch, tiefgekühlt oder in Lake verwendbar. Nicht Ingwer oder Galgant. Vergleich: Kreuzkümmel (0.7500) in SPICES. Entscheidungsgrund: Das einzelne Aroma ist klar festgelegt, kann aber über mehrere Gerichte, Techniken und Kombinationen eingesetzt werden; wie beim Anker bleibt ausreichend eigenständige Kochbreite.		MAIN_C604408_FULL_MASTER_POSTGRESQL17;ISSUE_288_AGENTIC_REVIEW_2026-09-17
FIRM_TOFU	fester Tofu	APPLICABLE	0.9000	0.7500	CHANGED	TOFU	TOFU	Semantik: Fester gepresster Tofu, der schneiden, braten und marinieren verträgt; nicht Seidentofu. Vergleich: Tofu (0.7500) in TOFU. Entscheidungsgrund: Die benannte Zutat ist gegenüber dem Oberbegriff konkretisiert, behält aber mehrere eigenständige Kochfunktionen und Zubereitungswege; die Familienüberschneidung rechtfertigt die maßvolle Verdichtung.		MAIN_C604408_FULL_MASTER_POSTGRESQL17;ISSUE_288_AGENTIC_REVIEW_2026-09-17
FISH	Fisch	APPLICABLE	0.8000	1.0000	CHANGED	SEAFOOD	SEAFOOD	Semantik: Offene Vorgabe für Speisefisch; Art, Fettgehalt, Zuschnitt und Frisch- oder Konservenform bleiben echte Auswahlentscheidungen. Vergleich: Fisch und Meeresfrüchte (1.0000) in SEAFOOD. Entscheidungsgrund: Die drawable Familienvorgabe lässt Art, Zuschnitt und Garmethode offen und bildet damit den breiten Referenzpunkt für konkrete Meeres- und Süßwasserprodukte.		MAIN_C604408_FULL_MASTER_POSTGRESQL17;ISSUE_288_AGENTIC_REVIEW_2026-09-17
FISH_MINT	Fischminze	APPLICABLE	0.1500	0.7500	CHANGED	FRESH_HERBS	BASIL	Semantik: Frische Fischminzenblätter mit intensiv kräuterigem, zitrisch-fischigem Aroma; vor allem roh in Kräutertellern, Salaten und zu Fleisch- oder Suppengerichten. Trotz des Namens keine Minzart. Vergleich: Basilikum (0.7500) in FRESH_HERBS. Entscheidungsgrund: Das konkrete intensive Kräuteraroma bleibt über Salate, Rollen, Suppen und Garnitur hinweg einsetzbar; es ist fachlich ein einzelnes frisches Kraut und keine vorgefertigte Würzmischung.		MAIN_C604408_FULL_MASTER_POSTGRESQL17;ISSUE_288_AGENTIC_REVIEW_2026-09-17
FISH_ROE	Fischrogen	APPLICABLE	0.3000	1.0000	CHANGED	FISH	FISH	Semantik: Offene Vorgabe für essbare Fischeier; Fischart, Körnung, Salzgrad und Verarbeitung bleiben offen. Vergleich: Fisch (1.0000) in FISH. Entscheidungsgrund: Die drawable Familienvorgabe lässt Art, Zuschnitt und Garmethode offen und bildet damit den breiten Referenzpunkt für konkrete Meeres- und Süßwasserprodukte.		MAIN_C604408_FULL_MASTER_POSTGRESQL17;ISSUE_288_AGENTIC_REVIEW_2026-09-17
FISH_SAUCE	Fischsauce	APPLICABLE	0.6000	0.5000	CHANGED	FERMENTED_SEASONINGS	FERMENTED_SEASONINGS	Semantik: Salzige fermentierte Würzsauce aus Fisch und Salz mit intensivem Umami; nicht Fischfond. Vergleich: fermentierte Würzzutat (1.0000) in FERMENTED_SEASONINGS. Entscheidungsgrund: Die fertige Würzform bringt ein eigenes Aroma- und häufig Texturprofil mit; gegenüber dem Anker ist sie eigenständig, beschränkt aber freie Würzung und Gerichtsausrichtung, weshalb die Familie kompakt auf dieser Stufe bleibt.		MAIN_C604408_FULL_MASTER_POSTGRESQL17;ISSUE_288_AGENTIC_REVIEW_2026-09-17
FISH_STOCK	Fischfond	APPLICABLE	0.4000	0.7500	CHANGED	STOCKS	STOCKS	Semantik: Brühe oder Fond auf Basis von Fischgräten und -abschnitten; nicht Dashi oder Fischsauce. Vergleich: Brühe oder Fond (1.0000) in STOCKS. Entscheidungsgrund: Die benannte Zutat ist gegenüber dem Oberbegriff konkretisiert, behält aber mehrere eigenständige Kochfunktionen und Zubereitungswege; die Familienüberschneidung rechtfertigt die maßvolle Verdichtung.		MAIN_C604408_FULL_MASTER_POSTGRESQL17;ISSUE_288_AGENTIC_REVIEW_2026-09-17
FIVE_SPICE	Fünf-Gewürze-Pulver	APPLICABLE	0.4000	0.5000	CHANGED	SPICE_BLENDS	SPICE_BLENDS	Semantik: Chinesisch geprägte Gewürzmischung mit typischerweise Sternanis, Fenchel, Zimt, Nelke und Szechuanpfeffer; Mischungen variieren. Vergleich: Gewürzmischung (1.0000) in SPICE_BLENDS. Entscheidungsgrund: Die fertige Würzform bringt ein eigenes Aroma- und häufig Texturprofil mit; gegenüber dem Anker ist sie eigenständig, beschränkt aber freie Würzung und Gerichtsausrichtung, weshalb die Familie kompakt auf dieser Stufe bleibt.		MAIN_C604408_FULL_MASTER_POSTGRESQL17;ISSUE_288_AGENTIC_REVIEW_2026-09-17
FLATBREAD	Fladenbrot	APPLICABLE	0.7000	1.0000	CHANGED	BREAD	BREAD	Semantik: Offene Familie flacher Brote, weich oder knusprig und mit oder ohne Triebmittel; konkrete Küche und Getreide bleiben offen. Vergleich: Brot oder Fladenbrot (1.0000) in BREAD. Entscheidungsgrund: Der drawable Oberbegriff lässt Getreideart oder konkrete Stärkeform und spätere Technik offen und bleibt deshalb der breite Referenzpunkt.		MAIN_C604408_FULL_MASTER_POSTGRESQL17;ISSUE_288_AGENTIC_REVIEW_2026-09-17
FLATBROD	Flatbrød	APPLICABLE	0.4000	0.7500	CHANGED	FLATBREAD	FLATBREAD	Semantik: Sehr dünnes, trockenes und knuspriges norwegisches Fladenbrot nach Flatbrød-Art. Traditionelle Getreidebasis kann variieren. Nicht generisches Knäckebrot oder beliebiges weiches Fladenbrot. Vergleich: Fladenbrot (1.0000) in FLATBREAD. Entscheidungsgrund: Rezeptur, Verarbeitung und typische Textur sind bei diesem benannten Produkt bereits wesentlich festgelegt; die Eigenständigkeit bleibt erhalten, die Familienverdichtung begrenzt aber seine relative Präsenz.		MAIN_C604408_FULL_MASTER_POSTGRESQL17;ISSUE_288_AGENTIC_REVIEW_2026-09-17
FLAXSEED	Leinsamen	APPLICABLE	0.5500	0.7500	CHANGED	SEEDS	SEEDS	Semantik: Leinsamen mit nussigem Geschmack und hoher Quell- beziehungsweise Bindefähigkeit; ganz oder geschrotet verwendbar. Vergleich: Kerne und Samen (1.0000) in SEEDS. Entscheidungsgrund: Art oder Sorte sind festgelegt, doch Zuschnitt, Garmethode und Kombination bleiben in mehreren süßen beziehungsweise herzhaften Anwendungen offen; das entspricht den eigenständigen Rohstoff-Peers der Familie.		MAIN_C604408_FULL_MASTER_POSTGRESQL17;ISSUE_288_AGENTIC_REVIEW_2026-09-17
FLEUR_DE_SEL	Fleur de sel	APPLICABLE	0.3500	0.7500	CHANGED	SPICES	CUMIN	Semantik: Feine, an der Oberfläche von Salzgärten abgeschöpfte Meersalzkristalle nach Fleur-de-sel-Art; nicht gewöhnliches Tafelsalz und nicht beliebiges grobes Meersalz. Keine Herkunft aus Guérande wird vorausgesetzt. Vergleich: Kreuzkümmel (0.7500) in SPICES. Entscheidungsgrund: Das einzelne Aroma ist klar festgelegt, kann aber über mehrere Gerichte, Techniken und Kombinationen eingesetzt werden; wie beim Anker bleibt ausreichend eigenständige Kochbreite.		MAIN_C604408_FULL_MASTER_POSTGRESQL17;ISSUE_288_AGENTIC_REVIEW_2026-09-17
FLOUR	Mehl	APPLICABLE	0.5500	1.0000	CHANGED	STARCHES	STARCHES	Semantik: Offene Vorgabe für fein gemahlenes Getreide, Pseudogetreide oder Hülsenfrüchte; Rohstoff und Backeigenschaften bleiben wählbar. Vergleich: stärkehaltige Zutat oder Sättigungsbeilage (1.0000) in STARCHES. Entscheidungsgrund: Der drawable Oberbegriff lässt Getreideart oder konkrete Stärkeform und spätere Technik offen und bleibt deshalb der breite Referenzpunkt.		MAIN_C604408_FULL_MASTER_POSTGRESQL17;ISSUE_288_AGENTIC_REVIEW_2026-09-17
FLOWER_VEGETABLES	Blütengemüse	APPLICABLE	0.5000	1.0000	CHANGED	VEGETABLES	VEGETABLES	Semantik: Offene Vorgabe für Gemüse, dessen Blütenstand oder Blütenknospe im Mittelpunkt steht, etwa Brokkoli oder Artischocke. Vergleich: Gemüse (1.0000) in VEGETABLES. Entscheidungsgrund: Die Zeile ist eine breite drawable Rohstofffamilie und lässt Sorte sowie rohe, gegarte oder weiterverarbeitete Umsetzung offen; sie bleibt deshalb der volle Referenzpunkt.		MAIN_C604408_FULL_MASTER_POSTGRESQL17;ISSUE_288_AGENTIC_REVIEW_2026-09-17
FOIE_GRAS	Foie gras	APPLICABLE	0.1500	0.5000	CHANGED	OFFAL	OFFAL	Semantik: Fettleberprodukt aus Ente oder Gans; umfasst rohe beziehungsweise zur weiteren Verarbeitung geeignete sowie klassische ganze oder Block-Produktformen. Nicht gewöhnliche Leber und nicht mit Leberpastete gleichsetzen. Vergleich: Innereien (1.0000) in OFFAL. Entscheidungsgrund: Das konkrete Organ beziehungsweise die stark festgelegte Verarbeitungsform bestimmt Textur und geeignete Gartechnik deutlich; mehrere Gerichte bleiben möglich, aber die Aufgabe bindet stärker als ein gewöhnlicher Zuschnitt.		MAIN_C604408_FULL_MASTER_POSTGRESQL17;ISSUE_288_AGENTIC_REVIEW_2026-09-17
FRANKFURT_GREEN_SAUCE	Frankfurter Grüne Soße	APPLICABLE	0.3000	0.5000	CHANGED	READY_SAUCES_AND_PASTES	MAYONNAISE	Semantik: Frankfurter Kräutersauce mit charakteristischer Sieben-Kräuter-Basis; weitere Bestandteile und genaue Rezeptur können variieren. Gemeint ist die zubereitete Sauce, nicht lediglich das Kräuterpäckchen. Vergleich: Mayonnaise (0.5000) in READY_SAUCES_AND_PASTES. Entscheidungsgrund: Die fertige Würzform bringt ein eigenes Aroma- und häufig Texturprofil mit; gegenüber dem Anker ist sie eigenständig, beschränkt aber freie Würzung und Gerichtsausrichtung, weshalb die Familie kompakt auf dieser Stufe bleibt.		MAIN_C604408_FULL_MASTER_POSTGRESQL17;ISSUE_288_AGENTIC_REVIEW_2026-09-17
FREEKEH	Freekeh	APPLICABLE	0.3500	0.7500	CHANGED	GRAINS	GRAINS	Semantik: Grün geernteter, gerösteter und gebrochener Weizen mit rauchig-nussigem Geschmack und festem Biss. Vergleich: Getreide oder Pseudogetreide (1.0000) in GRAINS. Entscheidungsgrund: Getreideart oder Produktform sind benannt, lassen aber süße und herzhafte Anwendungen sowie mehrere Garmethoden zu; diese Breite trägt die eigenständige Zwischenstufe.		MAIN_C604408_FULL_MASTER_POSTGRESQL17;ISSUE_288_AGENTIC_REVIEW_2026-09-17
FRENCH_FRIES	Pommes frites	APPLICABLE	0.6500	0.7500	CHANGED	POTATO	POTATO	Semantik: Pommes frites als eigenständige Kartoffel-Produktform: in Stäbchen geschnittene und frittierte beziehungsweise typischerweise vorfrittierte Kartoffeln. Umfasst auch handelsübliche tiefgekühlte Pommes; nicht beliebige Bratkartoffeln, Kartoffelspalten oder Chips. Vergleich: Kartoffel (0.7500) in POTATO. Entscheidungsgrund: Die benannte Zutat ist gegenüber dem Oberbegriff konkretisiert, behält aber mehrere eigenständige Kochfunktionen und Zubereitungswege; die Familienüberschneidung rechtfertigt die maßvolle Verdichtung.		MAIN_C604408_FULL_MASTER_POSTGRESQL17;ISSUE_288_AGENTIC_REVIEW_2026-09-17
FRESHWATER_SNAILS	Süßwasserschnecken	APPLICABLE	0.1200	0.7500	CHANGED	EDIBLE_SNAILS	SEA_SNAILS	Semantik: Offene Vorgabe für essbare Süßwasserschnecken, ganz oder ausgelöst und küchenfertig gereinigt. Nicht Weinberg- oder Meeresschnecken und nicht bereits zubereitete Schneckensuppe. Vergleich: Meeresschnecken (0.7500) in EDIBLE_SNAILS. Entscheidungsgrund: Die Vorgabe lässt Art, Größe, ganzen oder ausgelösten Zuschnitt und spätere Garung offen; sie besitzt damit dieselbe Einsatzbreite wie Meer- und Landschnecken, aber nicht die Breite des gesamten Schnecken-Oberbegriffs.		MAIN_C604408_FULL_MASTER_POSTGRESQL17;ISSUE_288_AGENTIC_REVIEW_2026-09-17
FRESH_DAIRY_PRODUCTS	frisches Milchprodukt	APPLICABLE	0.5000	1.0000	CHANGED	DAIRY_PRODUCTS	FRESH_DAIRY_PRODUCTS	Semantik: Offene Vorgabe für frische, nicht gereifte Milchprodukte wie Milch, Sahne oder Frischkäse. Vergleich: frisches Milchprodukt (1.0000) in DAIRY_PRODUCTS. Entscheidungsgrund: Der drawable Oberbegriff lässt konkrete Rohstoff- oder Produktausprägung und Verwendung offen und dient als breiter Familienanker.		MAIN_C604408_FULL_MASTER_POSTGRESQL17;ISSUE_288_AGENTIC_REVIEW_2026-09-17
FRESH_HERBS	Kräuter und Würzblätter	NOT_APPLICABLE	0.6500	0.6500	UNCHANGED	STRUCTURE_ONLY	FRESH_HERBS	Reiner, nicht ziehbarer Strukturknoten mit Kindern, ohne eigene Availability, Novelty oder Rollen. Der historische technische Wert bleibt unverändert und dient ausdrücklich weder als fachlicher Zielwert noch als Anker für drawable Konzepte.	STRUCTURE_ONLY_NOT_APPLICABLE	MAIN_C604408_FULL_MASTER_POSTGRESQL17;ISSUE_288_AGENTIC_REVIEW_2026-09-17
FRESH_TURMERIC	frischer Kurkuma	APPLICABLE	0.4000	0.7500	CHANGED	SPICES	CUMIN	Semantik: Frisches Kurkuma-Rhizom mit erdig-pfeffrigem Aroma und starker gelber Färbung; nicht getrocknetes Pulver. Vergleich: Kreuzkümmel (0.7500) in SPICES. Entscheidungsgrund: Das einzelne Aroma ist klar festgelegt, kann aber über mehrere Gerichte, Techniken und Kombinationen eingesetzt werden; wie beim Anker bleibt ausreichend eigenständige Kochbreite.		MAIN_C604408_FULL_MASTER_POSTGRESQL17;ISSUE_288_AGENTIC_REVIEW_2026-09-17
FRIED_ONIONS	Röstzwiebeln	APPLICABLE	0.6500	0.7500	CHANGED	ONION	ONION	Semantik: Knusprig frittierte Röstzwiebeln als fertige Zutat beziehungsweise Topping; nicht lediglich frisch angebratene Zwiebel. Vergleich: Zwiebel (0.7500) in ONION. Entscheidungsgrund: Die benannte Zutat ist gegenüber dem Oberbegriff konkretisiert, behält aber mehrere eigenständige Kochfunktionen und Zubereitungswege; die Familienüberschneidung rechtfertigt die maßvolle Verdichtung.		MAIN_C604408_FULL_MASTER_POSTGRESQL17;ISSUE_288_AGENTIC_REVIEW_2026-09-17
FROG_LEGS	Froschschenkel	APPLICABLE	0.1200	0.7500	CHANGED	MEAT	MEAT	Semantik: Essbare Froschschenkel mit zartem, mildem Fleisch; frisch oder tiefgekühlt als ganze Schenkelpaare beziehungsweise Teilstücke verwendbar. Vergleich: Fleisch (1.0000) in MEAT. Entscheidungsgrund: Die Zutat legt das Tierprodukt fest, lässt Panieren, Braten, Schmoren und Saucenführung aber offen; sie bindet damit ähnlich wie andere konkrete Fleischarten und nicht wie ein fertiges Gericht.		MAIN_C604408_FULL_MASTER_POSTGRESQL17;ISSUE_288_AGENTIC_REVIEW_2026-09-17
FRUIT	Obst	APPLICABLE	0.4500	1.0000	CHANGED	FRUIT	FRUIT	Semantik: Offene Vorgabe für kulinarisch als Obst verwendete Früchte; Art, Säure, Süße und Textur bleiben bewusst wählbar. Vergleich: Obst (1.0000) in FRUIT. Entscheidungsgrund: Die Zeile ist eine breite drawable Rohstofffamilie und lässt Sorte sowie rohe, gegarte oder weiterverarbeitete Umsetzung offen; sie bleibt deshalb der volle Referenzpunkt.		MAIN_C604408_FULL_MASTER_POSTGRESQL17;ISSUE_288_AGENTIC_REVIEW_2026-09-17
FRUIT_DUMPLING	Obstknödel	APPLICABLE	0.4500	0.7500	CHANGED	STARCHES	STARCHES	Semantik: Süßer gekochter oder gedämpfter Knödel mit Fruchtfüllung; Teig kann unter anderem Hefe-, Quark- oder Kartoffelteig sein, die verwendete Frucht variiert. Vergleich: stärkehaltige Zutat oder Sättigungsbeilage (1.0000) in STARCHES. Entscheidungsgrund: Getreideart oder Produktform sind benannt, lassen aber süße und herzhafte Anwendungen sowie mehrere Garmethoden zu; diese Breite trägt die eigenständige Zwischenstufe.		MAIN_C604408_FULL_MASTER_POSTGRESQL17;ISSUE_288_AGENTIC_REVIEW_2026-09-17
FRUIT_VEGETABLES	Fruchtgemüse	APPLICABLE	0.6000	1.0000	CHANGED	VEGETABLES	VEGETABLES	Semantik: Offene Vorgabe für botanische Früchte, die herzhaft als Gemüse verwendet werden, etwa Tomate, Paprika oder Kürbis. Vergleich: Gemüse (1.0000) in VEGETABLES. Entscheidungsgrund: Die Zeile ist eine breite drawable Rohstofffamilie und lässt Sorte sowie rohe, gegarte oder weiterverarbeitete Umsetzung offen; sie bleibt deshalb der volle Referenzpunkt.		MAIN_C604408_FULL_MASTER_POSTGRESQL17;ISSUE_288_AGENTIC_REVIEW_2026-09-17
FU	Fu	APPLICABLE	0.8000	0.7500	CHANGED	PLANT_PROTEIN_PRODUCTS	PLANT_PROTEIN_PRODUCTS	Semantik: Japanische Weizengluten-Grundprodukte: feucht-elastisches Nama-fu mit Klebreismehl und gebacken-getrocknetes, poröses Yaki-fu. Beide Formen sind wählbar, aber nicht in jedem Gericht austauschbar; Seitan und frittierte Fu-Formen bleiben getrennt. Vergleich: pflanzliches Proteinprodukt (1.0000) in PLANT_PROTEIN_PRODUCTS. Entscheidungsgrund: Die benannte Zutat ist gegenüber dem Oberbegriff konkretisiert, behält aber mehrere eigenständige Kochfunktionen und Zubereitungswege; die Familienüberschneidung rechtfertigt die maßvolle Verdichtung.		MAIN_C604408_FULL_MASTER_POSTGRESQL17;ISSUE_288_AGENTIC_REVIEW_2026-09-17
FURIKAKE	Furikake	APPLICABLE	0.8000	0.5000	CHANGED	SPICE_BLENDS	SPICE_BLENDS	Semantik: Trockene zusammengesetzte Reiswürze, etwa mit Sesam, Algen, Fisch oder Gemüse. Die Mischung ist bewusst wählbar; feuchte Varianten und bloße Einzelzutaten sind ausgeschlossen. Vergleich: Gewürzmischung (1.0000) in SPICE_BLENDS. Entscheidungsgrund: Die fertige Würzform bringt ein eigenes Aroma- und häufig Texturprofil mit; gegenüber dem Anker ist sie eigenständig, beschränkt aber freie Würzung und Gerichtsausrichtung, weshalb die Familie kompakt auf dieser Stufe bleibt.		MAIN_C604408_FULL_MASTER_POSTGRESQL17;ISSUE_288_AGENTIC_REVIEW_2026-09-17
GAC_FRUIT	Gấc-Frucht	APPLICABLE	0.1500	0.7500	CHANGED	TROPICAL_FRUIT	TROPICAL_FRUIT	Semantik: Reife Gấc-Frucht beziehungsweise ihr tief orange-rotes Fruchtfleisch um die Samen; vor allem zum Färben und mild-fruchtigen Aromatisieren von Klebreis und Festgebäck. Nicht Drachenfrucht oder bloße Lebensmittelfarbe. Vergleich: Tropenfrucht (1.0000) in TROPICAL_FRUIT. Entscheidungsgrund: Fruchtfleisch und Samenmantel können als Farb-, Fett- und Fruchtkomponente in unterschiedlichen Zubereitungen dienen; die seltene Verfügbarkeit ist getrennt modelliert und kein Grund für den früheren niedrigen Basiswert.		MAIN_C604408_FULL_MASTER_POSTGRESQL17;ISSUE_288_AGENTIC_REVIEW_2026-09-17
GALANGAL	Galgant	APPLICABLE	0.4500	0.7500	CHANGED	SPICES	CUMIN	Semantik: Südostasiatisches Rhizom mit zitrisch-pfeffrigem, harzigem Aroma; frisch oder tiefgekühlt, nicht mit Ingwer gleichsetzen. Vergleich: Kreuzkümmel (0.7500) in SPICES. Entscheidungsgrund: Das einzelne Aroma ist klar festgelegt, kann aber über mehrere Gerichte, Techniken und Kombinationen eingesetzt werden; wie beim Anker bleibt ausreichend eigenständige Kochbreite.		MAIN_C604408_FULL_MASTER_POSTGRESQL17;ISSUE_288_AGENTIC_REVIEW_2026-09-17
GAME_MEAT	Wildfleisch	APPLICABLE	0.4500	1.0000	CHANGED	MEAT	MEAT	Semantik: Offene Vorgabe für Fleisch jagdbarer Wildtiere; Tierart, Zuschnitt und Intensität bleiben bewusst wählbar. Vergleich: Fleisch (1.0000) in MEAT. Entscheidungsgrund: Der Oberbegriff lässt Tierart oder Zuschnitt und die spätere Garmethode offen und bildet damit den breiten Referenzpunkt der Fleischfamilie.		MAIN_C604408_FULL_MASTER_POSTGRESQL17;ISSUE_288_AGENTIC_REVIEW_2026-09-17
GARAM_MASALA	Garam Masala	APPLICABLE	0.5000	0.5000	UNCHANGED	SPICE_BLENDS	SPICE_BLENDS	Semantik: Indische Gewürzmischung aus warm-aromatischen Gewürzen; Zusammensetzung und Verwendung als ganze oder gemahlene Mischung variieren. Vergleich: Gewürzmischung (1.0000) in SPICE_BLENDS. Entscheidungsgrund: Die fertige Würzform bringt ein eigenes Aroma- und häufig Texturprofil mit; gegenüber dem Anker ist sie eigenständig, beschränkt aber freie Würzung und Gerichtsausrichtung, weshalb die Familie kompakt auf dieser Stufe bleibt.		MAIN_C604408_FULL_MASTER_POSTGRESQL17;ISSUE_288_AGENTIC_REVIEW_2026-09-17
GARLIC	Knoblauch	APPLICABLE	0.7500	0.7500	UNCHANGED	ALLIUM_VEGETABLES	ALLIUM_VEGETABLES	Semantik: Knoblauchknolle mit schwefelig-scharfem, beim Garen süßlich-mildem Aroma; frisch gemeint, nicht Pulver. Vergleich: Lauch- und Zwiebelgemüse (1.0000) in ALLIUM_VEGETABLES. Entscheidungsgrund: Art oder Sorte sind festgelegt, doch Zuschnitt, Garmethode und Kombination bleiben in mehreren süßen beziehungsweise herzhaften Anwendungen offen; das entspricht den eigenständigen Rohstoff-Peers der Familie.		MAIN_C604408_FULL_MASTER_POSTGRESQL17;ISSUE_288_AGENTIC_REVIEW_2026-09-17
GARLIC_BUTTER	Knoblauchbutter	APPLICABLE	0.6500	0.5000	CHANGED	BUTTER	BUTTER	Semantik: Butterzubereitung mit Knoblauch als prägendem Aroma; weitere Kräuter sind möglich, aber nicht erforderlich. Vergleich: Butter (0.7500) in BUTTER. Entscheidungsgrund: Knoblauch ist als dominantes Aroma bereits eingebaut; gegenüber neutraler Butter sinkt die Freiheit für süße Anwendungen und abweichende Würzprofile.		MAIN_C604408_FULL_MASTER_POSTGRESQL17;ISSUE_288_AGENTIC_REVIEW_2026-09-17
GARLIC_CHIVES	Knoblauch-Schnittlauch	APPLICABLE	0.3500	0.7500	CHANGED	ALLIUM_VEGETABLES	ALLIUM_VEGETABLES	Semantik: Flaches asiatisches Schnittlauchgewächs mit deutlichem Knoblaucharoma; auch Knoblauch-Schnittlauch genannt. Vergleich: Lauch- und Zwiebelgemüse (1.0000) in ALLIUM_VEGETABLES. Entscheidungsgrund: Art oder Sorte sind festgelegt, doch Zuschnitt, Garmethode und Kombination bleiben in mehreren süßen beziehungsweise herzhaften Anwendungen offen; das entspricht den eigenständigen Rohstoff-Peers der Familie.		MAIN_C604408_FULL_MASTER_POSTGRESQL17;ISSUE_288_AGENTIC_REVIEW_2026-09-17
GARLIC_POWDER	Knoblauchpulver	APPLICABLE	0.6500	0.7500	CHANGED	SPICES	CUMIN	Semantik: Getrockneter gemahlener oder granulierter Knoblauch mit konzentriertem Aroma; nicht frischer Knoblauch oder Knoblauchsalz. Vergleich: Kreuzkümmel (0.7500) in SPICES. Entscheidungsgrund: Das einzelne Aroma ist klar festgelegt, kann aber über mehrere Gerichte, Techniken und Kombinationen eingesetzt werden; wie beim Anker bleibt ausreichend eigenständige Kochbreite.		MAIN_C604408_FULL_MASTER_POSTGRESQL17;ISSUE_288_AGENTIC_REVIEW_2026-09-17
GHEE	Ghee	APPLICABLE	0.5500	0.7500	CHANGED	COOKING_FATS	COOKING_FATS	Semantik: Geklärtes Butterreinfett mit nussigem Aroma und hoher Hitzetoleranz; nahezu frei von Wasser und Milcheiweiß. Vergleich: Kochfett (1.0000) in COOKING_FATS. Entscheidungsgrund: Die konkrete Produktausprägung besitzt ein eigenes Profil, bleibt aber über mehrere Koch-, Back- oder Servierfunktionen einsetzbar; das trägt die Zwischenstufe gegenüber dem offenen Oberbegriff.		MAIN_C604408_FULL_MASTER_POSTGRESQL17;ISSUE_288_AGENTIC_REVIEW_2026-09-17
GIANT_RIVER_PRAWN	Rosenberg-Süßwassergarnele	APPLICABLE	0.3500	0.5000	CHANGED	SHRIMP	SHRIMP	Semantik: Große Süßwassergarnele; ganze oder geschälte Tiere und Schwanzfleisch, roh oder gegart, sind zulässig. Andere Süßwasser- oder Riesengarnelen zählen nicht. Vergleich: Garnelen (0.7500) in SHRIMP. Entscheidungsgrund: Konservierung oder stark festgelegte Produktform begrenzen Textur und Einsatz gegenüber frischer Rohware; die benannte Zutat bleibt dennoch ein eigenständiger Familienfall.		MAIN_C604408_FULL_MASTER_POSTGRESQL17;ISSUE_288_AGENTIC_REVIEW_2026-09-17
GINGER	Ingwer	APPLICABLE	0.8500	0.7500	CHANGED	SPICES	CUMIN	Semantik: Frisches Ingwer-Rhizom mit zitrischer Schärfe; nicht getrocknetes Ingwerpulver oder eingelegter Ingwer. Vergleich: Kreuzkümmel (0.7500) in SPICES. Entscheidungsgrund: Das einzelne Aroma ist klar festgelegt, kann aber über mehrere Gerichte, Techniken und Kombinationen eingesetzt werden; wie beim Anker bleibt ausreichend eigenständige Kochbreite.		MAIN_C604408_FULL_MASTER_POSTGRESQL17;ISSUE_288_AGENTIC_REVIEW_2026-09-17
GIO_LUA	Giò lụa	APPLICABLE	0.3000	0.5000	CHANGED	SAUSAGE	SAUSAGE	Semantik: Fein emulgierte vietnamesische Schweinewurst mit elastisch-glatter Textur, traditionell in Bananenblättern geformt und gedämpft. Gemeint ist die schlichte Giò-lụa-/Chả-lụa-Grundform, nicht gebratene Chả-Varianten oder grobe Sülzwurst. Vergleich: Wurst (1.0000) in SAUSAGE. Entscheidungsgrund: Rezeptur, Verarbeitung und typische Textur sind bei diesem benannten Produkt bereits wesentlich festgelegt; die Eigenständigkeit bleibt erhalten, die Familienverdichtung begrenzt aber seine relative Präsenz.		MAIN_C604408_FULL_MASTER_POSTGRESQL17;ISSUE_288_AGENTIC_REVIEW_2026-09-17
GLASS_NOODLES	Glasnudeln	APPLICABLE	0.7000	0.7500	CHANGED	NOODLES	NOODLES	Semantik: Transparente Nudeln aus Stärke, häufig Mungbohnen-, Süßkartoffel- oder Erbsenstärke; nicht Reisnudeln. Vergleich: Nudeln (1.0000) in NOODLES. Entscheidungsgrund: Getreideart oder Produktform sind benannt, lassen aber süße und herzhafte Anwendungen sowie mehrere Garmethoden zu; diese Breite trägt die eigenständige Zwischenstufe.		MAIN_C604408_FULL_MASTER_POSTGRESQL17;ISSUE_288_AGENTIC_REVIEW_2026-09-17
GNOCCHI	Gnocchi	APPLICABLE	0.7500	0.7500	UNCHANGED	STARCHES	STARCHES	Semantik: Kleine weiche Klößchen, typischerweise auf Kartoffel- und Mehlbasis; gemeint ist das ungefüllte Grundprodukt. Vergleich: stärkehaltige Zutat oder Sättigungsbeilage (1.0000) in STARCHES. Entscheidungsgrund: Getreideart oder Produktform sind benannt, lassen aber süße und herzhafte Anwendungen sowie mehrere Garmethoden zu; diese Breite trägt die eigenständige Zwischenstufe.		MAIN_C604408_FULL_MASTER_POSTGRESQL17;ISSUE_288_AGENTIC_REVIEW_2026-09-17
GOAT	Ziegenfleisch	APPLICABLE	0.3000	0.7500	CHANGED	MEAT	MEAT	Semantik: Ziegenfleisch mit kräftigem Eigengeschmack; Zuschnitt und Alter des Tieres bleiben offen. Vergleich: Fleisch (1.0000) in MEAT. Entscheidungsgrund: Tierart oder Zuschnitt sind konkret, doch Würzung, Kombination und mehrere passende Gartechniken bleiben offen; diese eigenständige Kochbreite trägt die Zwischenstufe.		MAIN_C604408_FULL_MASTER_POSTGRESQL17;ISSUE_288_AGENTIC_REVIEW_2026-09-17
GOAT_CHEESE	Ziegenkäse	APPLICABLE	0.6500	0.7500	CHANGED	CHEESE	CHEESE	Semantik: Käse aus Ziegenmilch; Frischkäse, Weichkäse und gereifte feste Formen sind mögliche Ausprägungen. Vergleich: Käse (1.0000) in CHEESE. Entscheidungsgrund: Die konkrete Produktausprägung besitzt ein eigenes Profil, bleibt aber über mehrere Koch-, Back- oder Servierfunktionen einsetzbar; das trägt die Zwischenstufe gegenüber dem offenen Oberbegriff.		MAIN_C604408_FULL_MASTER_POSTGRESQL17;ISSUE_288_AGENTIC_REVIEW_2026-09-17
GOCHUGARU	Gochugaru	APPLICABLE	0.5000	0.7500	CHANGED	CHILI_FLAKES	CHILI_FLAKES	Semantik: Koreanische grobe Chiliflocken mit fruchtigem Aroma und meist mittlerer Schärfe; nicht beliebige Chiliflocken. Vergleich: Chiliflocken (0.7500) in CHILI_FLAKES. Entscheidungsgrund: Die benannte Zutat ist gegenüber dem Oberbegriff konkretisiert, behält aber mehrere eigenständige Kochfunktionen und Zubereitungswege; die Familienüberschneidung rechtfertigt die maßvolle Verdichtung.		MAIN_C604408_FULL_MASTER_POSTGRESQL17;ISSUE_288_AGENTIC_REVIEW_2026-09-17
GOCHUJANG	Gochujang	APPLICABLE	0.6500	0.5000	CHANGED	FERMENTED_SEASONINGS	FERMENTED_SEASONINGS	Semantik: Koreanische fermentierte rote Chilipaste mit dicklicher Konsistenz sowie süß-scharfem, salzigem und umamireichem Profil. Vergleich: fermentierte Würzzutat (1.0000) in FERMENTED_SEASONINGS. Entscheidungsgrund: Die fertige Würzform bringt ein eigenes Aroma- und häufig Texturprofil mit; gegenüber dem Anker ist sie eigenständig, beschränkt aber freie Würzung und Gerichtsausrichtung, weshalb die Familie kompakt auf dieser Stufe bleibt.		MAIN_C604408_FULL_MASTER_POSTGRESQL17;ISSUE_288_AGENTIC_REVIEW_2026-09-17
GOLDEN_SYRUP	Golden Syrup	APPLICABLE	0.5000	0.5000	UNCHANGED	SWEETENERS	MAPLE_SYRUP	Semantik: Zähflüssiger bernsteinfarbener Zucker-/Invertzuckersirup nach Golden-Syrup-Art mit karamelligem Aroma. Honig, Ahornsirup, Melasse und gewöhnlicher Rübensirup sind nicht gleichgesetzt. Vergleich: Ahornsirup (0.5000) in SWEETENERS. Entscheidungsgrund: Die sirupartige Konsistenz und das karamellige Invertzuckerprofil sind ähnlich konkret wie bei Ahorn- und Dattelsirup; der allgemeine Süßungsmittelanker wäre zu breit.		MAIN_C604408_FULL_MASTER_POSTGRESQL17;ISSUE_288_AGENTIC_REVIEW_2026-09-17
GOOSE	Gans	APPLICABLE	0.3500	0.7500	CHANGED	POULTRY	POULTRY	Semantik: Gänsefleisch ohne Festlegung auf Brust, Keule oder ganzes Tier; fettreiche Haut ist ein typischer Bestandteil. Vergleich: Geflügel (1.0000) in POULTRY. Entscheidungsgrund: Tierart oder Zuschnitt sind konkret, doch Würzung, Kombination und mehrere passende Gartechniken bleiben offen; diese eigenständige Kochbreite trägt die Zwischenstufe.		MAIN_C604408_FULL_MASTER_POSTGRESQL17;ISSUE_288_AGENTIC_REVIEW_2026-09-17
GOOSEBERRY	Stachelbeere	APPLICABLE	0.4500	0.7500	CHANGED	BERRIES	BERRIES	Semantik: Stachelbeere mit fester Schale und süß-säuerlichem bis herbem Fruchtfleisch; Farbe und Reifegrad bleiben offen. Vergleich: Beeren (1.0000) in BERRIES. Entscheidungsgrund: Art oder Sorte sind festgelegt, doch Zuschnitt, Garmethode und Kombination bleiben in mehreren süßen beziehungsweise herzhaften Anwendungen offen; das entspricht den eigenständigen Rohstoff-Peers der Familie.		MAIN_C604408_FULL_MASTER_POSTGRESQL17;ISSUE_288_AGENTIC_REVIEW_2026-09-17
GOUDA	Gouda	APPLICABLE	0.7500	0.7500	UNCHANGED	CHEESE	CHEESE	Semantik: Halbfester bis fester Kuhmilchkäse nach Gouda-Art; Reifegrad reicht von mild-cremig bis kristallin-würzig. Vergleich: Käse (1.0000) in CHEESE. Entscheidungsgrund: Die konkrete Produktausprägung besitzt ein eigenes Profil, bleibt aber über mehrere Koch-, Back- oder Servierfunktionen einsetzbar; das trägt die Zwischenstufe gegenüber dem offenen Oberbegriff.		MAIN_C604408_FULL_MASTER_POSTGRESQL17;ISSUE_288_AGENTIC_REVIEW_2026-09-17
GRAINS	Getreide oder Pseudogetreide	APPLICABLE	0.5500	1.0000	CHANGED	STARCHES	STARCHES	Semantik: Offene Vorgabe für Getreide und kulinarisch vergleichbare Pseudogetreide; Art und Verarbeitungsgrad bleiben wählbar. Vergleich: stärkehaltige Zutat oder Sättigungsbeilage (1.0000) in STARCHES. Entscheidungsgrund: Der drawable Oberbegriff lässt Getreideart oder konkrete Stärkeform und spätere Technik offen und bleibt deshalb der breite Referenzpunkt.		MAIN_C604408_FULL_MASTER_POSTGRESQL17;ISSUE_288_AGENTIC_REVIEW_2026-09-17
GRAPE	Weintrauben	APPLICABLE	0.7500	0.7500	UNCHANGED	FRUIT	FRUIT	Semantik: Frische Weintrauben als süße, saftige Frucht; helle und dunkle sowie kernlose und kernhaltige Sorten sind umfasst. Vergleich: Obst (1.0000) in FRUIT. Entscheidungsgrund: Art oder Sorte sind festgelegt, doch Zuschnitt, Garmethode und Kombination bleiben in mehreren süßen beziehungsweise herzhaften Anwendungen offen; das entspricht den eigenständigen Rohstoff-Peers der Familie.		MAIN_C604408_FULL_MASTER_POSTGRESQL17;ISSUE_288_AGENTIC_REVIEW_2026-09-17
GRAPEFRUIT	Grapefruit	APPLICABLE	0.7000	0.7500	CHANGED	CITRUS_FRUIT	CITRUS_FRUIT	Semantik: Große Zitrusfrucht mit saftigem, deutlich bitter-säuerlichem Fruchtfleisch; Farbe und Sorte bleiben offen. Vergleich: Zitrusfrucht (1.0000) in CITRUS_FRUIT. Entscheidungsgrund: Art oder Sorte sind festgelegt, doch Zuschnitt, Garmethode und Kombination bleiben in mehreren süßen beziehungsweise herzhaften Anwendungen offen; das entspricht den eigenständigen Rohstoff-Peers der Familie.		MAIN_C604408_FULL_MASTER_POSTGRESQL17;ISSUE_288_AGENTIC_REVIEW_2026-09-17
GRAVLAX	Gravlax	APPLICABLE	0.5500	0.5000	CHANGED	PRESERVED_FISH	PRESERVED_FISH	Semantik: Mit Salz, Zucker und meist Dill trocken gebeizter roher Lachs; nicht geräuchert und nicht gegart. Vergleich: konservierter Fisch (1.0000) in PRESERVED_FISH. Entscheidungsgrund: Konservierung und konkrete Produktform prägen Geschmack, Textur oder weitere Verarbeitung bereits vor; innerhalb der Familie bleibt die Zutat eigenständig, aber enger als der unverarbeitete Rohstoff.		MAIN_C604408_FULL_MASTER_POSTGRESQL17;ISSUE_288_AGENTIC_REVIEW_2026-09-17
GREEK_YOGURT	griechischer Joghurt	APPLICABLE	0.8000	0.7500	CHANGED	YOGURT	YOGURT	Semantik: Abgetropfter beziehungsweise besonders proteinreicher Joghurt mit dichter, cremiger Textur; Fettstufe bleibt offen, natur gemeint. Vergleich: Joghurt (0.7500) in YOGURT. Entscheidungsgrund: Die benannte Zutat ist gegenüber dem Oberbegriff konkretisiert, behält aber mehrere eigenständige Kochfunktionen und Zubereitungswege; die Familienüberschneidung rechtfertigt die maßvolle Verdichtung.		MAIN_C604408_FULL_MASTER_POSTGRESQL17;ISSUE_288_AGENTIC_REVIEW_2026-09-17
GREEN_ASPARAGUS	grüner Spargel	APPLICABLE	0.6500	0.7500	CHANGED	ASPARAGUS	ASPARAGUS	Semantik: Grüner oberirdisch gewachsener Spargel mit kräftigerem, grasig-nussigem Aroma; Schälen ist meist nur am unteren Ende nötig. Vergleich: Spargel (0.7500) in ASPARAGUS. Entscheidungsgrund: Die benannte Zutat ist gegenüber dem Oberbegriff konkretisiert, behält aber mehrere eigenständige Kochfunktionen und Zubereitungswege; die Familienüberschneidung rechtfertigt die maßvolle Verdichtung.		MAIN_C604408_FULL_MASTER_POSTGRESQL17;ISSUE_288_AGENTIC_REVIEW_2026-09-17
GREEN_BEANS	grüne Bohnen	APPLICABLE	0.9000	0.7500	CHANGED	POD_VEGETABLES	POD_VEGETABLES	Semantik: Junge essbare Bohnenhülsen mit knackiger Textur; vor dem Verzehr garen, nicht trockene Bohnenkerne. Vergleich: Hülsen- und Schotengemüse (1.0000) in POD_VEGETABLES. Entscheidungsgrund: Art oder Sorte sind festgelegt, doch Zuschnitt, Garmethode und Kombination bleiben in mehreren süßen beziehungsweise herzhaften Anwendungen offen; das entspricht den eigenständigen Rohstoff-Peers der Familie.		MAIN_C604408_FULL_MASTER_POSTGRESQL17;ISSUE_288_AGENTIC_REVIEW_2026-09-17
GREEN_BELL_PEPPER	grüne Paprika	APPLICABLE	0.8500	0.7500	CHANGED	BELL_PEPPER	BELL_PEPPER	Semantik: Unreif grün geerntete Gemüsepaprika mit herberem, grasigem Geschmack; nicht scharfe grüne Chili. Vergleich: Paprika (0.7500) in BELL_PEPPER. Entscheidungsgrund: Die benannte Zutat ist gegenüber dem Oberbegriff konkretisiert, behält aber mehrere eigenständige Kochfunktionen und Zubereitungswege; die Familienüberschneidung rechtfertigt die maßvolle Verdichtung.		MAIN_C604408_FULL_MASTER_POSTGRESQL17;ISSUE_288_AGENTIC_REVIEW_2026-09-17
GREEN_PAPAYA	grüne Papaya	APPLICABLE	0.3000	0.7500	CHANGED	PAPAYA	PAPAYA	Semantik: Unreife feste Papaya mit mildem Geschmack, als knackiges Gemüse verwendbar; nicht reife süße Papaya. Vergleich: Papaya (0.7500) in PAPAYA. Entscheidungsgrund: Die benannte Zutat ist gegenüber dem Oberbegriff konkretisiert, behält aber mehrere eigenständige Kochfunktionen und Zubereitungswege; die Familienüberschneidung rechtfertigt die maßvolle Verdichtung.		MAIN_C604408_FULL_MASTER_POSTGRESQL17;ISSUE_288_AGENTIC_REVIEW_2026-09-17
GREEN_PEAS	grüne Erbsen	APPLICABLE	0.9000	0.7500	CHANGED	PEAS	PEAS	Semantik: Grüne Erbsen unabhängig von der Produktform; frisch, tiefgekühlt, getrocknet, gespalten oder schlicht vorgegart beziehungsweise konserviert sind umfasst. Gelbe Erbsen sind nicht gemeint. Vergleich: Erbsen (1.0000) in PEAS. Entscheidungsgrund: Art oder Sorte sind festgelegt, doch Zuschnitt, Garmethode und Kombination bleiben in mehreren süßen beziehungsweise herzhaften Anwendungen offen; das entspricht den eigenständigen Rohstoff-Peers der Familie.		MAIN_C604408_FULL_MASTER_POSTGRESQL17;ISSUE_288_AGENTIC_REVIEW_2026-09-17
GREEN_PEPPER	grüne Pfefferkörner	APPLICABLE	0.5000	0.7500	CHANGED	PEPPER	PEPPER	Semantik: Unreif geerntete Pfefferfrüchte, frisch, gefriergetrocknet oder in Lake; milder und frischer als schwarzer Pfeffer. Vergleich: Pfeffer (1.0000) in PEPPER. Entscheidungsgrund: Das einzelne Aroma ist klar festgelegt, kann aber über mehrere Gerichte, Techniken und Kombinationen eingesetzt werden; wie beim Anker bleibt ausreichend eigenständige Kochbreite.		MAIN_C604408_FULL_MASTER_POSTGRESQL17;ISSUE_288_AGENTIC_REVIEW_2026-09-17
GREEN_RICE_FLAKES	Cốm	APPLICABLE	0.1800	0.7500	CHANGED	RICE_PRODUCTS	RICE_PRODUCTS	Semantik: Aus jungen, noch grünen Klebreiskörnern geröstete und flachgestampfte vietnamesische Reisflocken mit zart nussigem, leicht süßlichem Aroma. Pur, in Süßspeisen, Kuchen oder als Panierung verwendbar; nicht gefärbte reife Reisflocken. Vergleich: Reisprodukt (1.0000) in RICE_PRODUCTS. Entscheidungsgrund: Die junge geflachte Reisform legt Textur und Getreideform fest, bleibt aber für süße und herzhafte Speisen, Belag und Bindung einsetzbar; das entspricht anderen eigenständigen Reisprodukten.		MAIN_C604408_FULL_MASTER_POSTGRESQL17;ISSUE_288_AGENTIC_REVIEW_2026-09-17
GREEN_SPLIT_PEAS	grüne Schälerbsen	APPLICABLE	0.6500	0.7500	CHANGED	GREEN_PEAS	GREEN_PEAS	Semantik: Getrocknete grüne geschälte und halbierte Erbsen mit mild-erdigem Geschmack; nicht gelbe Schälerbsen oder frische grüne Erbsen. Vergleich: grüne Erbsen (0.7500) in GREEN_PEAS. Entscheidungsgrund: Die benannte Zutat ist gegenüber dem Oberbegriff konkretisiert, behält aber mehrere eigenständige Kochfunktionen und Zubereitungswege; die Familienüberschneidung rechtfertigt die maßvolle Verdichtung.		MAIN_C604408_FULL_MASTER_POSTGRESQL17;ISSUE_288_AGENTIC_REVIEW_2026-09-17
GREEN_TEA	grüner Tee	APPLICABLE	0.3500	0.7500	CHANGED	TEA	TEA	Semantik: Nicht oder nur wenig oxidierter Tee mit grasigem bis nussigem Profil; Sorte, Blattgrad und Röstung bleiben offen. Vergleich: Tee (1.0000) in TEA. Entscheidungsgrund: Die benannte Zutat ist gegenüber dem Oberbegriff konkretisiert, behält aber mehrere eigenständige Kochfunktionen und Zubereitungswege; die Familienüberschneidung rechtfertigt die maßvolle Verdichtung.		MAIN_C604408_FULL_MASTER_POSTGRESQL17;ISSUE_288_AGENTIC_REVIEW_2026-09-17
GRIEBENSCHMALZ	Griebenschmalz	APPLICABLE	0.4500	0.7500	CHANGED	COOKING_FATS	COOKING_FATS	Semantik: Streichfähige Zubereitung aus Schweineschmalz mit Grieben und herzhafter Würzung; Apfel- oder Zwiebelzusätze sind möglich. Nicht reines Schweineschmalz und nicht lose Schweinegrieben. Vergleich: Kochfett (1.0000) in COOKING_FATS. Entscheidungsgrund: Die konkrete Produktausprägung besitzt ein eigenes Profil, bleibt aber über mehrere Koch-, Back- oder Servierfunktionen einsetzbar; das trägt die Zwischenstufe gegenüber dem offenen Oberbegriff.		MAIN_C604408_FULL_MASTER_POSTGRESQL17;ISSUE_288_AGENTIC_REVIEW_2026-09-17
GRUENKERN	Grünkern	APPLICABLE	0.5500	0.7500	CHANGED	SPELT	SPELT	Semantik: Unreif geernteter und gedarrter Dinkel mit kräftig nussigem, leicht röstigem Aroma; als ganzes Korn oder Schrot für Beilagen, Suppen und Bratlinge verwendbar. Nicht reifes Dinkelkorn, Freekeh oder eine gewürzte Bratlingsmischung. Vergleich: Dinkel (0.7500) in SPELT. Entscheidungsgrund: Die benannte Zutat ist gegenüber dem Oberbegriff konkretisiert, behält aber mehrere eigenständige Kochfunktionen und Zubereitungswege; die Familienüberschneidung rechtfertigt die maßvolle Verdichtung.		MAIN_C604408_FULL_MASTER_POSTGRESQL17;ISSUE_288_AGENTIC_REVIEW_2026-09-17
GRUYERE	Gruyère	APPLICABLE	0.5000	0.7500	CHANGED	CHEESE	CHEESE	Semantik: Fester gereifter Kuhmilchkäse nach Gruyère-Art mit nussig-würzigem Aroma und guter Schmelzeignung. Vergleich: Käse (1.0000) in CHEESE. Entscheidungsgrund: Die konkrete Produktausprägung besitzt ein eigenes Profil, bleibt aber über mehrere Koch-, Back- oder Servierfunktionen einsetzbar; das trägt die Zwischenstufe gegenüber dem offenen Oberbegriff.		MAIN_C604408_FULL_MASTER_POSTGRESQL17;ISSUE_288_AGENTIC_REVIEW_2026-09-17
GUAVA	Guave	APPLICABLE	0.3500	0.7500	CHANGED	TROPICAL_FRUIT	TROPICAL_FRUIT	Semantik: Tropische Frucht mit intensiv duftendem, süß-säuerlichem Fruchtfleisch und vielen essbaren Kernen. Vergleich: Tropenfrucht (1.0000) in TROPICAL_FRUIT. Entscheidungsgrund: Art oder Sorte sind festgelegt, doch Zuschnitt, Garmethode und Kombination bleiben in mehreren süßen beziehungsweise herzhaften Anwendungen offen; das entspricht den eigenständigen Rohstoff-Peers der Familie.		MAIN_C604408_FULL_MASTER_POSTGRESQL17;ISSUE_288_AGENTIC_REVIEW_2026-09-17
HABANERO	Habanero	APPLICABLE	0.4500	0.7500	CHANGED	CHILI	CHILI	Semantik: Sehr scharfe frische Chili mit ausgeprägt fruchtigem Aroma; Farbe und konkrete Habanero-Sorte bleiben offen. Vergleich: frische Chili (1.0000) in CHILI. Entscheidungsgrund: Das einzelne Aroma ist klar festgelegt, kann aber über mehrere Gerichte, Techniken und Kombinationen eingesetzt werden; wie beim Anker bleibt ausreichend eigenständige Kochbreite.		MAIN_C604408_FULL_MASTER_POSTGRESQL17;ISSUE_288_AGENTIC_REVIEW_2026-09-17
HADDOCK	Schellfisch	APPLICABLE	0.8000	0.7500	CHANGED	WHITE_FISH	WHITE_FISH	Semantik: Schellfisch mit mildem, magerem und blättrigem Fleisch; frisch oder tiefgekühlt, nicht automatisch geräuchert. Vergleich: weißfleischiger Fisch (1.0000) in WHITE_FISH. Entscheidungsgrund: Die Art beziehungsweise Tiergruppe ist festgelegt, Zuschnitt, Würzung und mehrere Gartechniken bleiben aber wählbar; das trägt eine eigenständige, gegenüber der offenen Familie leicht verdichtete Präsenz.		MAIN_C604408_FULL_MASTER_POSTGRESQL17;ISSUE_288_AGENTIC_REVIEW_2026-09-17
HAGGIS	Haggis	APPLICABLE	0.4500	0.5000	CHANGED	OFFAL	OFFAL	Semantik: Herzhafte schottische Fleisch- und Innereienzubereitung mit Hafer, Fett, Zwiebel und Gewürzen, traditionell in einer Hülle gegart. Moderne Fleischvarianten in Kunstdarm, Dose oder Glas sind zulässig; vegetarisches Haggis nicht. Vergleich: Innereien (1.0000) in OFFAL. Entscheidungsgrund: Das konkrete Organ beziehungsweise die stark festgelegte Verarbeitungsform bestimmt Textur und geeignete Gartechnik deutlich; mehrere Gerichte bleiben möglich, aber die Aufgabe bindet stärker als ein gewöhnlicher Zuschnitt.		MAIN_C604408_FULL_MASTER_POSTGRESQL17;ISSUE_288_AGENTIC_REVIEW_2026-09-17
HAKE	Seehecht	APPLICABLE	0.8000	0.7500	CHANGED	WHITE_FISH	WHITE_FISH	Semantik: Seehecht als magerer Weißfisch mit zartem, grobblättrigem Fleisch; Zuschnitt bleibt offen. Vergleich: weißfleischiger Fisch (1.0000) in WHITE_FISH. Entscheidungsgrund: Die Art beziehungsweise Tiergruppe ist festgelegt, Zuschnitt, Würzung und mehrere Gartechniken bleiben aber wählbar; das trägt eine eigenständige, gegenüber der offenen Familie leicht verdichtete Präsenz.		MAIN_C604408_FULL_MASTER_POSTGRESQL17;ISSUE_288_AGENTIC_REVIEW_2026-09-17
HALIBUT	Heilbutt	APPLICABLE	0.6500	0.7500	CHANGED	WHITE_FISH	WHITE_FISH	Semantik: Heilbutt mit festem, mildem und vergleichsweise fleischigem Weißfischfilet; schwarzer und weißer Heilbutt sind umfasst. Vergleich: weißfleischiger Fisch (1.0000) in WHITE_FISH. Entscheidungsgrund: Die Art beziehungsweise Tiergruppe ist festgelegt, Zuschnitt, Würzung und mehrere Gartechniken bleiben aber wählbar; das trägt eine eigenständige, gegenüber der offenen Familie leicht verdichtete Präsenz.		MAIN_C604408_FULL_MASTER_POSTGRESQL17;ISSUE_288_AGENTIC_REVIEW_2026-09-17
HALLOUMI	Halloumi	APPLICABLE	0.7500	0.7500	UNCHANGED	CHEESE	CHEESE	Semantik: Fester Salzlakenkäse mit hoher Hitzestabilität und charakteristischem Biss; meist aus Schaf-, Ziegen- und/oder Kuhmilch. Vergleich: Käse (1.0000) in CHEESE. Entscheidungsgrund: Die konkrete Produktausprägung besitzt ein eigenes Profil, bleibt aber über mehrere Koch-, Back- oder Servierfunktionen einsetzbar; das trägt die Zwischenstufe gegenüber dem offenen Oberbegriff.		MAIN_C604408_FULL_MASTER_POSTGRESQL17;ISSUE_288_AGENTIC_REVIEW_2026-09-17
HAM	Schinken	APPLICABLE	0.5500	1.0000	CHANGED	CURED_MEAT	CURED_MEAT	Semantik: Offene Schinkenfamilie aus gepökeltem Fleisch; gekochte, geräucherte und luftgetrocknete Ausprägungen sind umfasst. Vergleich: gepökeltes oder luftgetrocknetes Fleisch (1.0000) in CURED_MEAT. Entscheidungsgrund: Der Oberbegriff lässt konkrete Rezeptur und Produktform offen und dient deshalb als breite drawable Auswahl statt als einzelnes Fertigprodukt.		MAIN_C604408_FULL_MASTER_POSTGRESQL17;ISSUE_288_AGENTIC_REVIEW_2026-09-17
HARISSA	Harissa	APPLICABLE	0.5000	0.5000	UNCHANGED	CHILI_CONDIMENTS	CHILI_CONDIMENTS	Semantik: Nordafrikanische Chilipaste mit Gewürzen und häufig Knoblauch; Schärfe, Ölanteil und genaue Zusammensetzung variieren. Vergleich: Chilisauce oder -paste (1.0000) in CHILI_CONDIMENTS. Entscheidungsgrund: Die fertige Würzform bringt ein eigenes Aroma- und häufig Texturprofil mit; gegenüber dem Anker ist sie eigenständig, beschränkt aber freie Würzung und Gerichtsausrichtung, weshalb die Familie kompakt auf dieser Stufe bleibt.		MAIN_C604408_FULL_MASTER_POSTGRESQL17;ISSUE_288_AGENTIC_REVIEW_2026-09-17
HARZER_CHEESE	Harzer Käse	APPLICABLE	0.3500	0.7500	CHANGED	CHEESE	CHEESE	Semantik: Kräftig gereifter, sehr fettarmer Sauermilchkäse nach Harzer Art; nicht generisch jeder Sauermilchkäse oder Handkäse. Vergleich: Käse (1.0000) in CHEESE. Entscheidungsgrund: Die konkrete Produktausprägung besitzt ein eigenes Profil, bleibt aber über mehrere Koch-, Back- oder Servierfunktionen einsetzbar; das trägt die Zwischenstufe gegenüber dem offenen Oberbegriff.		MAIN_C604408_FULL_MASTER_POSTGRESQL17;ISSUE_288_AGENTIC_REVIEW_2026-09-17
HAZELNUT	Haselnüsse	APPLICABLE	0.6500	0.7500	CHANGED	NUTS	NUTS	Semantik: Haselnusskerne mit süßlich-nussigem Aroma; roh, geröstet, ganz oder gemahlen verwendbar. Vergleich: Nüsse (1.0000) in NUTS. Entscheidungsgrund: Art oder Sorte sind festgelegt, doch Zuschnitt, Garmethode und Kombination bleiben in mehreren süßen beziehungsweise herzhaften Anwendungen offen; das entspricht den eigenständigen Rohstoff-Peers der Familie.		MAIN_C604408_FULL_MASTER_POSTGRESQL17;ISSUE_288_AGENTIC_REVIEW_2026-09-17
HEMP_SEEDS	Hanfsamen	APPLICABLE	0.4000	0.7500	CHANGED	SEEDS	SEEDS	Semantik: Geschälte oder ungeschälte Hanfsamen mit mild-nussigem Geschmack; als Saat, nicht als Rauschmittel gemeint. Vergleich: Kerne und Samen (1.0000) in SEEDS. Entscheidungsgrund: Art oder Sorte sind festgelegt, doch Zuschnitt, Garmethode und Kombination bleiben in mehreren süßen beziehungsweise herzhaften Anwendungen offen; das entspricht den eigenständigen Rohstoff-Peers der Familie.		MAIN_C604408_FULL_MASTER_POSTGRESQL17;ISSUE_288_AGENTIC_REVIEW_2026-09-17
HERBES_DE_PROVENCE	Kräuter der Provence	APPLICABLE	0.5000	0.5000	UNCHANGED	SPICE_BLENDS	SPICE_BLENDS	Semantik: Getrocknete Kräutermischung nach Herbes-de-Provence-Art, typischerweise mit Thymian, Rosmarin, Oregano, Bohnenkraut und/oder vergleichbaren mediterranen Kräutern. Zusammensetzung kann variieren; nicht mit Fines herbes gleichsetzen. Vergleich: Gewürzmischung (1.0000) in SPICE_BLENDS. Entscheidungsgrund: Die fertige Würzform bringt ein eigenes Aroma- und häufig Texturprofil mit; gegenüber dem Anker ist sie eigenständig, beschränkt aber freie Würzung und Gerichtsausrichtung, weshalb die Familie kompakt auf dieser Stufe bleibt.		MAIN_C604408_FULL_MASTER_POSTGRESQL17;ISSUE_288_AGENTIC_REVIEW_2026-09-17
HERB_BUTTER	Kräuterbutter	APPLICABLE	0.6500	0.5000	CHANGED	BUTTER	BUTTER	Semantik: Butterzubereitung mit frischen oder getrockneten Kräutern; Kräutermischung und weitere milde Würzung bleiben offen. Vergleich: Butter (0.7500) in BUTTER. Entscheidungsgrund: Die Kräuterwürzung ist Teil des Produkts und schließt neutrale oder süße Butterfunktionen aus; die offene Kräutermischung erhält Auswahl, aber keine Rohstoffbreite wie Butter.		MAIN_C604408_FULL_MASTER_POSTGRESQL17;ISSUE_288_AGENTIC_REVIEW_2026-09-17
HERRING	Hering	APPLICABLE	0.7500	0.7500	UNCHANGED	OILY_FISH	OILY_FISH	Semantik: Hering in sämtlichen Zubereitungs- und Konservierungsformen, etwa frisch, tiefgekühlt, gereift, eingelegt, geräuchert oder als Konserve; die konkrete Produktform bleibt frei wählbar. Vergleich: fettreicher Fisch (1.0000) in OILY_FISH. Entscheidungsgrund: Die Art beziehungsweise Tiergruppe ist festgelegt, Zuschnitt, Würzung und mehrere Gartechniken bleiben aber wählbar; das trägt eine eigenständige, gegenüber der offenen Familie leicht verdichtete Präsenz.		MAIN_C604408_FULL_MASTER_POSTGRESQL17;ISSUE_288_AGENTIC_REVIEW_2026-09-17
HERVE_CHEESE	Herve-Käse	APPLICABLE	0.3000	0.7500	CHANGED	CHEESE	CHEESE	Semantik: Belgischer AOP-Weichkäse aus Kuhmilch mit gewaschener Rinde. Umfasst die mildere und die kräftigere/pikante Herve-Ausprägung; charakteristisch würzig und teils sehr intensiv. Nicht mit beliebigem Limburger oder Romadur gleichsetzen. Vergleich: Käse (1.0000) in CHEESE. Entscheidungsgrund: Die konkrete Produktausprägung besitzt ein eigenes Profil, bleibt aber über mehrere Koch-, Back- oder Servierfunktionen einsetzbar; das trägt die Zwischenstufe gegenüber dem offenen Oberbegriff.		MAIN_C604408_FULL_MASTER_POSTGRESQL17;ISSUE_288_AGENTIC_REVIEW_2026-09-17
HESSIAN_HAND_CHEESE	Hessischer Handkäse	APPLICABLE	0.4000	0.7500	CHANGED	CHEESE	CHEESE	Semantik: Gereifter hessischer Sauermilchkäse aus Quark mit kräftigem, säuerlich-würzigem Geschmack und sehr geringem Fettgehalt; mit oder ohne Kümmel. Nicht Harzer Käse oder beliebiger handgeformter Sauermilchkäse; eine Marinade ist nicht vorausgesetzt. Vergleich: Käse (1.0000) in CHEESE. Entscheidungsgrund: Die konkrete Produktausprägung besitzt ein eigenes Profil, bleibt aber über mehrere Koch-, Back- oder Servierfunktionen einsetzbar; das trägt die Zwischenstufe gegenüber dem offenen Oberbegriff.		MAIN_C604408_FULL_MASTER_POSTGRESQL17;ISSUE_288_AGENTIC_REVIEW_2026-09-17
HIJIKI	Hijiki	APPLICABLE	0.2500	0.7500	CHANGED	SEAWEED	SEAWEED	Semantik: Dunkle fadenförmige Meeresalge der ostasiatischen Küche mit kräftigem Meeresaroma; üblicherweise getrocknet und eingeweicht. Vergleich: Algen (1.0000) in SEAWEED. Entscheidungsgrund: Die benannte Zutat ist gegenüber dem Oberbegriff konkretisiert, behält aber mehrere eigenständige Kochfunktionen und Zubereitungswege; die Familienüberschneidung rechtfertigt die maßvolle Verdichtung.		MAIN_C604408_FULL_MASTER_POSTGRESQL17;ISSUE_288_AGENTIC_REVIEW_2026-09-17
HOISIN_SAUCE	Hoisinsauce	APPLICABLE	0.5000	0.5000	UNCHANGED	READY_SAUCES_AND_PASTES	MAYONNAISE	Semantik: Dicke süß-salzige chinesische Würzsauce auf fermentierter Bohnenbasis; nicht Austernsauce oder Pflaumensauce. Vergleich: Mayonnaise (0.5000) in READY_SAUCES_AND_PASTES. Entscheidungsgrund: Die fertige Würzform bringt ein eigenes Aroma- und häufig Texturprofil mit; gegenüber dem Anker ist sie eigenständig, beschränkt aber freie Würzung und Gerichtsausrichtung, weshalb die Familie kompakt auf dieser Stufe bleibt.		MAIN_C604408_FULL_MASTER_POSTGRESQL17;ISSUE_288_AGENTIC_REVIEW_2026-09-17
HOKKAIDO_SQUASH	Hokkaido-Kürbis	APPLICABLE	0.8000	0.7500	CHANGED	PUMPKIN	PUMPKIN	Semantik: Orangefarbener Hokkaido-Kürbis mit essbarer Schale und nussig-süßlichem, dichtem Fruchtfleisch. Vergleich: Kürbis (0.7500) in PUMPKIN. Entscheidungsgrund: Die benannte Zutat ist gegenüber dem Oberbegriff konkretisiert, behält aber mehrere eigenständige Kochfunktionen und Zubereitungswege; die Familienüberschneidung rechtfertigt die maßvolle Verdichtung.		MAIN_C604408_FULL_MASTER_POSTGRESQL17;ISSUE_288_AGENTIC_REVIEW_2026-09-17
HOLY_BASIL	Krapao	APPLICABLE	0.3000	0.7500	CHANGED	BASIL	BASIL	Semantik: Frische Blätter von Ocimum tenuiflorum mit pfeffrig-nelkenartigem Aroma, besonders für Pad Krapao. Nicht mit Thai-Basilikum verwechseln; getrockneter Tulsi-Tee ist keine gleichwertige Kochzutat. Vergleich: Basilikum (0.7500) in BASIL. Entscheidungsgrund: Die benannte Zutat ist gegenüber dem Oberbegriff konkretisiert, behält aber mehrere eigenständige Kochfunktionen und Zubereitungswege; die Familienüberschneidung rechtfertigt die maßvolle Verdichtung.		MAIN_C604408_FULL_MASTER_POSTGRESQL17;ISSUE_288_AGENTIC_REVIEW_2026-09-17
HONEY	Honig	APPLICABLE	0.6000	0.7500	CHANGED	SWEETENERS	SWEETENERS	Semantik: Von Bienen erzeugtes flüssiges bis kristallines Süßungsmittel; Blütentyp und Aromaintensität bleiben offen. Vergleich: Süßungsmittel (1.0000) in SWEETENERS. Entscheidungsgrund: Die konkrete Produktausprägung besitzt ein eigenes Profil, bleibt aber über mehrere Koch-, Back- oder Servierfunktionen einsetzbar; das trägt die Zwischenstufe gegenüber dem offenen Oberbegriff.		MAIN_C604408_FULL_MASTER_POSTGRESQL17;ISSUE_288_AGENTIC_REVIEW_2026-09-17
HONEYDEW_MELON	Honigmelone	APPLICABLE	0.6500	0.7500	CHANGED	MELONS	MELONS	Semantik: Helle Honigmelone mit glatter Schale und süßem, saftigem Fruchtfleisch; nicht Cantaloupe. Vergleich: Melone (1.0000) in MELONS. Entscheidungsgrund: Die benannte Zutat ist gegenüber dem Oberbegriff konkretisiert, behält aber mehrere eigenständige Kochfunktionen und Zubereitungswege; die Familienüberschneidung rechtfertigt die maßvolle Verdichtung.		MAIN_C604408_FULL_MASTER_POSTGRESQL17;ISSUE_288_AGENTIC_REVIEW_2026-09-17
HORSERADISH	Meerrettich	APPLICABLE	0.5500	0.5000	CHANGED	ROOT_VEGETABLES	ROOT_VEGETABLES	Semantik: Scharfe Meerrettichwurzel, frisch gerieben oder als möglichst schlichte Zubereitung; Schärfe verfliegt bei Hitze. Vergleich: Wurzel- und Knollengemüse (1.0000) in ROOT_VEGETABLES. Entscheidungsgrund: Die konkrete Form oder besonders dominante Funktion schränkt die Wahl von Textur und Zubereitung stärker ein als die rohe Familienzutat; die Eigenständigkeit trägt dennoch mehr als eine bloße Ausnahme.		MAIN_C604408_FULL_MASTER_POSTGRESQL17;ISSUE_288_AGENTIC_REVIEW_2026-09-17
HOT_MUSTARD	scharfer Senf	APPLICABLE	0.5000	0.5000	UNCHANGED	MUSTARD	MUSTARD	Semantik: Senf mit ausgeprägt stechender Schärfe; Körnung und verwendete Senfsaat bleiben offen. Vergleich: Senf (0.5000) in MUSTARD. Entscheidungsgrund: Ausgeprägte stechende Schärfe ist die bindende Variantenentscheidung innerhalb des schon mit 0,50 bewerteten fertigen Senfs; Körnungsfreiheit hebt diese Familienverdichtung nicht auf.		MAIN_C604408_FULL_MASTER_POSTGRESQL17;ISSUE_288_AGENTIC_REVIEW_2026-09-17
HOT_PAPRIKA_POWDER	Paprikapulver rosenscharf	APPLICABLE	0.6500	0.7500	CHANGED	PAPRIKA_POWDER	PAPRIKA_POWDER	Semantik: Scharfes Paprikapulver nach rosenscharfer Art; nicht süßes oder geräuchertes Paprikapulver. Vergleich: Paprikapulver (1.0000) in PAPRIKA_POWDER. Entscheidungsgrund: Das einzelne Aroma ist klar festgelegt, kann aber über mehrere Gerichte, Techniken und Kombinationen eingesetzt werden; wie beim Anker bleibt ausreichend eigenständige Kochbreite.		MAIN_C604408_FULL_MASTER_POSTGRESQL17;ISSUE_288_AGENTIC_REVIEW_2026-09-17
IBERICO_HAM	Jamón ibérico	APPLICABLE	0.3000	0.5000	CHANGED	HAM	HAM	Semantik: Spanischer luftgetrockneter Schinken vom iberischen Schwein; Qualitäts- und Fütterungsklassen können variieren. Nicht automatisch Jamón ibérico de bellota und nicht mit Jamón serrano gleichsetzen. Vergleich: Schinken (1.0000) in HAM. Entscheidungsgrund: Rezeptur, Verarbeitung und typische Textur sind bei diesem benannten Produkt bereits wesentlich festgelegt; die Eigenständigkeit bleibt erhalten, die Familienverdichtung begrenzt aber seine relative Präsenz.		MAIN_C604408_FULL_MASTER_POSTGRESQL17;ISSUE_288_AGENTIC_REVIEW_2026-09-17
INVERTEBRATES	wirbellose Tiere	APPLICABLE	1.0000	1.0000	UNCHANGED	INVERTEBRATES	INVERTEBRATES	Semantik: Übergeordnete Familie essbarer wirbelloser Tiere wie Weichtiere und Krebstiere; weitere kulinarisch eigenständige Gruppen wie Insekten oder Ringelwürmer können separat darunter eingeordnet werden. Vergleich: wirbellose Tiere (1.0000) in INVERTEBRATES. Entscheidungsgrund: Die Vorgabe lässt innerhalb ihrer Semantik mehrere konkrete Produktformen, Kombinationen und Zubereitungen offen und bildet deshalb den breiten Referenzpunkt der Vergleichsgruppe.		MAIN_C604408_FULL_MASTER_POSTGRESQL17;ISSUE_288_AGENTIC_REVIEW_2026-09-17
JACKFRUIT	Jackfruit	APPLICABLE	0.5500	0.7500	CHANGED	TROPICAL_FRUIT	TROPICAL_FRUIT	Semantik: Gemeint ist je nach Gericht junge grüne oder reife Jackfruit; für herzhafte Anwendungen meist junge Jackfruit. Vergleich: Tropenfrucht (1.0000) in TROPICAL_FRUIT. Entscheidungsgrund: Art oder Sorte sind festgelegt, doch Zuschnitt, Garmethode und Kombination bleiben in mehreren süßen beziehungsweise herzhaften Anwendungen offen; das entspricht den eigenständigen Rohstoff-Peers der Familie.		MAIN_C604408_FULL_MASTER_POSTGRESQL17;ISSUE_288_AGENTIC_REVIEW_2026-09-17
JALAPENO	Jalapeño	APPLICABLE	0.6500	0.7500	CHANGED	CHILI	CHILI	Semantik: Dickfleischige frische Chili mit milder bis mittlerer Schärfe; grüne und reife rote Früchte sind umfasst. Vergleich: frische Chili (1.0000) in CHILI. Entscheidungsgrund: Das einzelne Aroma ist klar festgelegt, kann aber über mehrere Gerichte, Techniken und Kombinationen eingesetzt werden; wie beim Anker bleibt ausreichend eigenständige Kochbreite.		MAIN_C604408_FULL_MASTER_POSTGRESQL17;ISSUE_288_AGENTIC_REVIEW_2026-09-17
JAPANESE_CURRY_ROUX	Japanischer Curry-Roux	APPLICABLE	0.8000	0.5000	CHANGED	READY_SAUCES_AND_PASTES	MOLE_PASTE	Semantik: Konzentrierte japanische Curry-Basis aus Fett, Mehl oder Stärke und Gewürzen, meist als feste Blöcke oder trockene Roux-Mischung. Zum Auflösen und Binden einer Sauce gedacht; fertiges Curry oder reines Currypulver sind nicht gemeint. Vergleich: Mole-Paste (0.5000) in READY_SAUCES_AND_PASTES. Entscheidungsgrund: Fett-Stärke-Bindung und Curryprofil sind als aufzulösende Saucenbasis gemeinsam vorgegeben; diese Funktionsbindung ist mit konzentrierten Würzpasten vergleichbar und enger als eine offene Curry-Pastenfamilie.		MAIN_C604408_FULL_MASTER_POSTGRESQL17;ISSUE_288_AGENTIC_REVIEW_2026-09-17
JASMINE_RICE	Jasminreis	APPLICABLE	0.8500	0.7500	CHANGED	RICE	RICE	Semantik: Duftender südostasiatischer Langkornreis mit weicherem, leicht haftendem Korn; nicht Basmatireis. Vergleich: Reis (0.7500) in RICE. Entscheidungsgrund: Getreideart oder Produktform sind benannt, lassen aber süße und herzhafte Anwendungen sowie mehrere Garmethoden zu; diese Breite trägt die eigenständige Zwischenstufe.		MAIN_C604408_FULL_MASTER_POSTGRESQL17;ISSUE_288_AGENTIC_REVIEW_2026-09-17
JENEVER	Jenever	APPLICABLE	0.2500	0.2500	UNCHANGED	COOKING_ALCOHOL	COOKING_ALCOHOL	Semantik: Jenever/Genever: wacholderaromatisierte Spirituose mit Getreidedestillat beziehungsweise Moutwijn-Anteil; nicht mit Gin gleichsetzen. Vergleich: Kochalkohol (0.2500) in COOKING_ALCOHOL. Entscheidungsgrund: Der Alkohol ist als Kochzutat eine geschmacks- und verfahrensprägende Pflichtvorgabe; Sorte und Stil unterscheiden die Aufgabe zusätzlich, weshalb der einheitliche Kochalkoholvertrag 0,25 vorsieht.	COOKING_ALCOHOL_INDEPENDENT_LOW_WEIGHT	MAIN_C604408_FULL_MASTER_POSTGRESQL17;ISSUE_288_AGENTIC_REVIEW_2026-09-17
JERK_SEASONING	Jerk-Gewürzmischung	APPLICABLE	0.3500	0.5000	CHANGED	SPICE_BLENDS	SPICE_BLENDS	Semantik: Jamaikanisch geprägte Gewürzmischung mit typischerweise Piment, Thymian und Chili; trocken oder als Marinadenbasis verwendbar. Vergleich: Gewürzmischung (1.0000) in SPICE_BLENDS. Entscheidungsgrund: Die fertige Würzform bringt ein eigenes Aroma- und häufig Texturprofil mit; gegenüber dem Anker ist sie eigenständig, beschränkt aber freie Würzung und Gerichtsausrichtung, weshalb die Familie kompakt auf dieser Stufe bleibt.		MAIN_C604408_FULL_MASTER_POSTGRESQL17;ISSUE_288_AGENTIC_REVIEW_2026-09-17
JERUSALEM_ARTICHOKE	Topinambur	APPLICABLE	0.5000	0.7500	CHANGED	ROOT_VEGETABLES	ROOT_VEGETABLES	Semantik: Topinamburknolle mit nussig-süßlichem Geschmack und knackiger bis cremiger Textur; nicht Artischocke. Vergleich: Wurzel- und Knollengemüse (1.0000) in ROOT_VEGETABLES. Entscheidungsgrund: Art oder Sorte sind festgelegt, doch Zuschnitt, Garmethode und Kombination bleiben in mehreren süßen beziehungsweise herzhaften Anwendungen offen; das entspricht den eigenständigen Rohstoff-Peers der Familie.		MAIN_C604408_FULL_MASTER_POSTGRESQL17;ISSUE_288_AGENTIC_REVIEW_2026-09-17
JUNIPER_BERRIES	Wacholderbeeren	APPLICABLE	0.4500	0.7500	CHANGED	SPICES	CUMIN	Semantik: Getrocknete Wacholderbeeren als kräftiges Würzmittel insbesondere für Kohl-, Wild-, Fleisch-, Fisch- und Schmorgerichte; nicht Wacholderholz, Gin oder Wacholderextrakt. Vergleich: Kreuzkümmel (0.7500) in SPICES. Entscheidungsgrund: Das einzelne Aroma ist klar festgelegt, kann aber über mehrere Gerichte, Techniken und Kombinationen eingesetzt werden; wie beim Anker bleibt ausreichend eigenständige Kochbreite.		MAIN_C604408_FULL_MASTER_POSTGRESQL17;ISSUE_288_AGENTIC_REVIEW_2026-09-17
KAESEKRAINER	Käsekrainer	APPLICABLE	0.5000	0.5000	UNCHANGED	SAUSAGE	SAUSAGE	Semantik: Grobe geräucherte Brühwurst mit eingearbeiteten Käsestücken. Beim Erhitzen verbindet sich die würzige Wurst mit schmelzendem Käse; eine beliebige Käsegrillwurst ist nicht gemeint. Vergleich: Wurst (1.0000) in SAUSAGE. Entscheidungsgrund: Rezeptur, Verarbeitung und typische Textur sind bei diesem benannten Produkt bereits wesentlich festgelegt; die Eigenständigkeit bleibt erhalten, die Familienverdichtung begrenzt aber seine relative Präsenz.		MAIN_C604408_FULL_MASTER_POSTGRESQL17;ISSUE_288_AGENTIC_REVIEW_2026-09-17
KAFFIR_LIME_LEAVES	Makrut-Limettenblätter	APPLICABLE	0.4500	0.7500	CHANGED	FRESH_HERBS	BASIL	Semantik: Aromatische Blätter der Makrut-Limette mit intensiv zitrischem Duft; frisch, tiefgekühlt oder getrocknet verwendbar. Vergleich: Basilikum (0.7500) in FRESH_HERBS. Entscheidungsgrund: Das einzelne Aroma ist klar festgelegt, kann aber über mehrere Gerichte, Techniken und Kombinationen eingesetzt werden; wie beim Anker bleibt ausreichend eigenständige Kochbreite.		MAIN_C604408_FULL_MASTER_POSTGRESQL17;ISSUE_288_AGENTIC_REVIEW_2026-09-17
KALE	Grünkohl	APPLICABLE	0.6500	0.7500	CHANGED	CABBAGE_VEGETABLES	CABBAGE_VEGETABLES	Semantik: Grünkohl mit robusten krausen oder glatten Blättern und kräftig-grünem Geschmack; Stiele je nach Zartheit mitverwenden. Vergleich: Kohlgemüse (1.0000) in CABBAGE_VEGETABLES. Entscheidungsgrund: Art oder Sorte sind festgelegt, doch Zuschnitt, Garmethode und Kombination bleiben in mehreren süßen beziehungsweise herzhaften Anwendungen offen; das entspricht den eigenständigen Rohstoff-Peers der Familie.		MAIN_C604408_FULL_MASTER_POSTGRESQL17;ISSUE_288_AGENTIC_REVIEW_2026-09-17
KASHMIRI_CHILI_POWDER	Kashmiri-Chilipulver	APPLICABLE	0.3500	0.7500	CHANGED	CHILI_POWDER	CHILI_POWDER	Semantik: Leuchtend rotes Chilipulver nach Kashmiri-Art mit fruchtigem Aroma und meist moderater Schärfe. Vergleich: Chilipulver (0.7500) in CHILI_POWDER. Entscheidungsgrund: Die benannte Zutat ist gegenüber dem Oberbegriff konkretisiert, behält aber mehrere eigenständige Kochfunktionen und Zubereitungswege; die Familienüberschneidung rechtfertigt die maßvolle Verdichtung.		MAIN_C604408_FULL_MASTER_POSTGRESQL17;ISSUE_288_AGENTIC_REVIEW_2026-09-17
KASSELER	Kasseler	APPLICABLE	0.6000	0.5000	CHANGED	CURED_MEAT	CURED_MEAT	Semantik: Gepökeltes und geräuchertes Schweinefleisch aus geeigneten Teilstücken wie Rücken, Nacken oder Rippe; nicht das fertig zubereitete Gericht. Vergleich: gepökeltes oder luftgetrocknetes Fleisch (1.0000) in CURED_MEAT. Entscheidungsgrund: Rezeptur, Verarbeitung und typische Textur sind bei diesem benannten Produkt bereits wesentlich festgelegt; die Eigenständigkeit bleibt erhalten, die Familienverdichtung begrenzt aber seine relative Präsenz.		MAIN_C604408_FULL_MASTER_POSTGRESQL17;ISSUE_288_AGENTIC_REVIEW_2026-09-17
KECAP_MANIS	Kecap Manis	APPLICABLE	0.5500	0.5000	CHANGED	SOY_SAUCE	SOY_SAUCE	Semantik: Indonesische dicke süße Sojasauce mit Palmzucker beziehungsweise vergleichbarer Süße; nicht helle Sojasauce. Vergleich: Sojasauce (0.5000) in SOY_SAUCE. Entscheidungsgrund: Dicke Textur und ausgeprägte Süße legen innerhalb der Sojasaucenfamilie eine konkrete Würzfunktion fest; die zusätzliche Zuckerkomponente macht die Variante nicht breiter als Sojasauce.		MAIN_C604408_FULL_MASTER_POSTGRESQL17;ISSUE_288_AGENTIC_REVIEW_2026-09-17
KEFIR	Kefir	APPLICABLE	0.5500	0.7500	CHANGED	CULTURED_DAIRY	CULTURED_DAIRY	Semantik: Fermentiertes Milchgetränk aus Kefirkulturen mit säuerlicher, leicht hefiger Note; nicht Buttermilch oder Joghurt. Vergleich: gesäuertes Milchprodukt (1.0000) in CULTURED_DAIRY. Entscheidungsgrund: Die konkrete Produktausprägung besitzt ein eigenes Profil, bleibt aber über mehrere Koch-, Back- oder Servierfunktionen einsetzbar; das trägt die Zwischenstufe gegenüber dem offenen Oberbegriff.		MAIN_C604408_FULL_MASTER_POSTGRESQL17;ISSUE_288_AGENTIC_REVIEW_2026-09-17
KETCHUP	Ketchup	APPLICABLE	0.4500	0.5000	CHANGED	READY_SAUCES_AND_PASTES	MAYONNAISE	Semantik: Glatte süß-säuerliche Tomatenwürzsauce; Gewürzung und Süße können variieren, Bananenketchup bleibt getrennt. Vergleich: Mayonnaise (0.5000) in READY_SAUCES_AND_PASTES. Entscheidungsgrund: Die fertige Würzform bringt ein eigenes Aroma- und häufig Texturprofil mit; gegenüber dem Anker ist sie eigenständig, beschränkt aber freie Würzung und Gerichtsausrichtung, weshalb die Familie kompakt auf dieser Stufe bleibt.		MAIN_C604408_FULL_MASTER_POSTGRESQL17;ISSUE_288_AGENTIC_REVIEW_2026-09-17
KIDNEY	Niere	APPLICABLE	0.5500	1.0000	CHANGED	OFFAL	OFFAL	Semantik: Offene Vorgabe für rohe Speisenieren von Schwein, Rind, Kalb oder Lamm. Die Tierart wird beim Kochen konkretisiert; fertige Nierengerichte und andere Innereien erfüllen die Vorgabe nicht. Vergleich: Innereien (1.0000) in OFFAL. Entscheidungsgrund: Der Oberbegriff lässt Tierart oder Zuschnitt und die spätere Garmethode offen und bildet damit den breiten Referenzpunkt der Fleischfamilie.		MAIN_C604408_FULL_MASTER_POSTGRESQL17;ISSUE_288_AGENTIC_REVIEW_2026-09-17
KIDNEY_BEANS	Kidneybohnen	APPLICABLE	0.8500	0.7500	CHANGED	BEANS	BEANS	Semantik: Nierenförmige rote Bohnen mit fester Schale und cremigem Inneren; getrocknet ausreichend garen oder vorgegart verwenden. Vergleich: Bohnen (1.0000) in BEANS. Entscheidungsgrund: Art oder Sorte sind festgelegt, doch Zuschnitt, Garmethode und Kombination bleiben in mehreren süßen beziehungsweise herzhaften Anwendungen offen; das entspricht den eigenständigen Rohstoff-Peers der Familie.		MAIN_C604408_FULL_MASTER_POSTGRESQL17;ISSUE_288_AGENTIC_REVIEW_2026-09-17
KIMCHI	Kimchi	APPLICABLE	0.5500	0.5000	CHANGED	PRESERVED_PRODUCE	PRESERVED_PRODUCE	Semantik: Koreanisches milchsauer fermentiertes Gemüse, meist Chinakohl oder Rettich, mit kräftiger Würzung; konkrete Sorte bleibt offen. Vergleich: konservierte pflanzliche Zutat (1.0000) in PRESERVED_PRODUCE. Entscheidungsgrund: Konservierung und konkrete Produktform prägen Geschmack, Textur oder weitere Verarbeitung bereits vor; innerhalb der Familie bleibt die Zutat eigenständig, aber enger als der unverarbeitete Rohstoff.		MAIN_C604408_FULL_MASTER_POSTGRESQL17;ISSUE_288_AGENTIC_REVIEW_2026-09-17
KINAKO	Kinako	APPLICABLE	1.0000	0.7500	CHANGED	FLOUR	FLOUR	Semantik: Fein gemahlene geröstete Sojabohnen mit nussigem Aroma. Ungesüßt als Mehl- und Würzzutat verwenden; rohe Sojamehle oder bereits gesüßte Mischungen sind nicht gemeint. Vergleich: Mehl (1.0000) in FLOUR. Entscheidungsgrund: Getreideart oder Produktform sind benannt, lassen aber süße und herzhafte Anwendungen sowie mehrere Garmethoden zu; diese Breite trägt die eigenständige Zwischenstufe.		MAIN_C604408_FULL_MASTER_POSTGRESQL17;ISSUE_288_AGENTIC_REVIEW_2026-09-17
KING_CRAB	Königskrabbe	APPLICABLE	0.3000	0.5000	CHANGED	CRAB	CRAB	Semantik: Umfasst unter anderem Alaska- und Kamtschatka-Königskrabben mit festem, süßlichem Fleisch. Ganze Tiere, Beine, Scheren und ausgelöstes Fleisch sind zulässig; Schneekrabbe und Surimi zählen nicht. Vergleich: Krabben (1.0000) in CRAB. Entscheidungsgrund: Konservierung oder stark festgelegte Produktform begrenzen Textur und Einsatz gegenüber frischer Rohware; die benannte Zutat bleibt dennoch ein eigenständiger Familienfall.		MAIN_C604408_FULL_MASTER_POSTGRESQL17;ISSUE_288_AGENTIC_REVIEW_2026-09-17
KING_OYSTER_MUSHROOM	Kräuterseitlinge	APPLICABLE	0.7000	0.7500	CHANGED	MUSHROOMS	MUSHROOMS	Semantik: Kräuterseitling mit dickem, festem Stiel und mildem, umamireichem Aroma; Stiel und Hut sind essbar. Vergleich: Pilze (1.0000) in MUSHROOMS. Entscheidungsgrund: Art oder Sorte sind festgelegt, doch Zuschnitt, Garmethode und Kombination bleiben in mehreren süßen beziehungsweise herzhaften Anwendungen offen; das entspricht den eigenständigen Rohstoff-Peers der Familie.		MAIN_C604408_FULL_MASTER_POSTGRESQL17;ISSUE_288_AGENTIC_REVIEW_2026-09-17
KIWI	Kiwi	APPLICABLE	0.7500	0.7500	UNCHANGED	FRUIT	FRUIT	Semantik: Kiwi mit saftigem süß-säuerlichem Fruchtfleisch und essbaren kleinen Samen; grüne und goldene Sorten sind umfasst. Vergleich: Obst (1.0000) in FRUIT. Entscheidungsgrund: Art oder Sorte sind festgelegt, doch Zuschnitt, Garmethode und Kombination bleiben in mehreren süßen beziehungsweise herzhaften Anwendungen offen; das entspricht den eigenständigen Rohstoff-Peers der Familie.		MAIN_C604408_FULL_MASTER_POSTGRESQL17;ISSUE_288_AGENTIC_REVIEW_2026-09-17
KLIPPFISH	Klippfisch	APPLICABLE	0.2500	0.5000	CHANGED	PRESERVED_FISH	PRESERVED_FISH	Semantik: Stark gesalzener und anschließend getrockneter Fisch nach Klippfisch-/Klippfisk-Art, häufig Kabeljau oder anderer geeigneter Weißfisch; vor der Zubereitung typischerweise zu wässern. Nicht mit ungesalzenem Stockfisch gleichsetzen. Vergleich: konservierter Fisch (1.0000) in PRESERVED_FISH. Entscheidungsgrund: Konservierung und konkrete Produktform prägen Geschmack, Textur oder weitere Verarbeitung bereits vor; innerhalb der Familie bleibt die Zutat eigenständig, aber enger als der unverarbeitete Rohstoff.		MAIN_C604408_FULL_MASTER_POSTGRESQL17;ISSUE_288_AGENTIC_REVIEW_2026-09-17
KOHLRABI	Kohlrabi	APPLICABLE	0.8500	0.7500	CHANGED	CABBAGE_VEGETABLES	CABBAGE_VEGETABLES	Semantik: Knackige verdickte Kohlrabi-Sprossachse mit mild-kohligem Geschmack; Blätter können mitverwendet werden. Vergleich: Kohlgemüse (1.0000) in CABBAGE_VEGETABLES. Entscheidungsgrund: Art oder Sorte sind festgelegt, doch Zuschnitt, Garmethode und Kombination bleiben in mehreren süßen beziehungsweise herzhaften Anwendungen offen; das entspricht den eigenständigen Rohstoff-Peers der Familie.		MAIN_C604408_FULL_MASTER_POSTGRESQL17;ISSUE_288_AGENTIC_REVIEW_2026-09-17
KOLACHE	Kolatschen	APPLICABLE	0.3500	0.5000	CHANGED	BAKED_GOODS	BREAD	Semantik: Rundes mitteleuropäisches Hefeteiggebäck der tschechischen Koláč-Familie mit typischerweise zentraler Füllung, etwa Mohn, Quark, Pflaumenmus oder Obst. Nicht beliebiges Hefegebäck und nicht Trdelník. Vergleich: Brot oder Fladenbrot (1.0000) in BAKED_GOODS. Entscheidungsgrund: Rezeptur, Verarbeitung und typische Textur sind bei diesem benannten Produkt bereits wesentlich festgelegt; die Eigenständigkeit bleibt erhalten, die Familienverdichtung begrenzt aber seine relative Präsenz.		MAIN_C604408_FULL_MASTER_POSTGRESQL17;ISSUE_288_AGENTIC_REVIEW_2026-09-17
KOMATSUNA	Komatsuna	APPLICABLE	1.0000	0.7500	CHANGED	CABBAGE_VEGETABLES	CABBAGE_VEGETABLES	Semantik: Japanisches Blattgemüse mit dunkelgrünen Blättern und saftigen Stielen, mild bis leicht senfig. Blätter und Stiele gemeinsam als Kochgemüse verwenden. Vergleich: Kohlgemüse (1.0000) in CABBAGE_VEGETABLES. Entscheidungsgrund: Art oder Sorte sind festgelegt, doch Zuschnitt, Garmethode und Kombination bleiben in mehreren süßen beziehungsweise herzhaften Anwendungen offen; das entspricht den eigenständigen Rohstoff-Peers der Familie.		MAIN_C604408_FULL_MASTER_POSTGRESQL17;ISSUE_288_AGENTIC_REVIEW_2026-09-17
KOMBU	Kombu	APPLICABLE	0.4500	0.5000	CHANGED	SEAWEED	SEAWEED	Semantik: Dicke getrocknete Braunalge, besonders zum Ansetzen umamireicher Fonds wie Dashi; nicht Nori oder Wakame. Vergleich: Algen (1.0000) in SEAWEED. Entscheidungsgrund: Produktform, Aromaprofil oder typische Funktion sind enger vorgegeben als beim Anker; die Zutat bleibt unterscheidbar, wird wegen dieser Bindung innerhalb der Familie aber kompakter gewichtet.		MAIN_C604408_FULL_MASTER_POSTGRESQL17;ISSUE_288_AGENTIC_REVIEW_2026-09-17
LAKSA_PASTE	Laksa-Paste	APPLICABLE	0.3000	0.5000	CHANGED	READY_CURRY_PASTE	READY_CURRY_PASTE	Semantik: Fertige südostasiatische Gewürzpaste für Laksa mit Chili, Aromaten und Gewürzen; regional unterschiedliche Stile sind umfasst. Vergleich: fertige Currypaste (1.0000) in READY_CURRY_PASTE. Entscheidungsgrund: Die fertige Würzform bringt ein eigenes Aroma- und häufig Texturprofil mit; gegenüber dem Anker ist sie eigenständig, beschränkt aber freie Würzung und Gerichtsausrichtung, weshalb die Familie kompakt auf dieser Stufe bleibt.		MAIN_C604408_FULL_MASTER_POSTGRESQL17;ISSUE_288_AGENTIC_REVIEW_2026-09-17
LAMB	Lamm	APPLICABLE	0.6500	0.7500	CHANGED	MEAT	MEAT	Semantik: Lammfleisch ohne Festlegung auf Zuschnitt oder Garmethode; gemeint ist Fleisch vom jungen Schaf. Vergleich: Fleisch (1.0000) in MEAT. Entscheidungsgrund: Tierart oder Zuschnitt sind konkret, doch Würzung, Kombination und mehrere passende Gartechniken bleiben offen; diese eigenständige Kochbreite trägt die Zwischenstufe.		MAIN_C604408_FULL_MASTER_POSTGRESQL17;ISSUE_288_AGENTIC_REVIEW_2026-09-17
LAMBIC	Lambic	APPLICABLE	0.3000	0.2500	CHANGED	BEER	BEER	Semantik: Traditioneller belgischer Bierstil aus spontan vergorener Würze. Gemeint ist der Grundstil; Gueuze, Kriek und andere Frucht- oder Blendvarianten sind nicht automatisch eingeschlossen. Vergleich: Bier (0.2500) in BEER. Entscheidungsgrund: Der Alkohol ist als Kochzutat eine geschmacks- und verfahrensprägende Pflichtvorgabe; Sorte und Stil unterscheiden die Aufgabe zusätzlich, weshalb der einheitliche Kochalkoholvertrag 0,25 vorsieht.	COOKING_ALCOHOL_INDEPENDENT_LOW_WEIGHT	MAIN_C604408_FULL_MASTER_POSTGRESQL17;ISSUE_288_AGENTIC_REVIEW_2026-09-17
LAMBS_LETTUCE	Feldsalat	APPLICABLE	0.7000	0.7500	CHANGED	SALAD_GREENS	SALAD_GREENS	Semantik: Feldsalat mit kleinen zarten Blättern und mild-nussigem Geschmack; überwiegend roh verwendet. Vergleich: Blattsalat (1.0000) in SALAD_GREENS. Entscheidungsgrund: Art oder Sorte sind festgelegt, doch Zuschnitt, Garmethode und Kombination bleiben in mehreren süßen beziehungsweise herzhaften Anwendungen offen; das entspricht den eigenständigen Rohstoff-Peers der Familie.		MAIN_C604408_FULL_MASTER_POSTGRESQL17;ISSUE_288_AGENTIC_REVIEW_2026-09-17
LAMB_CHOP	Lammkotelett	APPLICABLE	0.4500	0.7500	CHANGED	LAMB	LAMB	Semantik: Lammkotelett mit Knochen aus Rücken oder Rippenbereich; zum kurzen Braten oder Grillen geeignet. Vergleich: Lamm (0.7500) in LAMB. Entscheidungsgrund: Tierart oder Zuschnitt sind konkret, doch Würzung, Kombination und mehrere passende Gartechniken bleiben offen; diese eigenständige Kochbreite trägt die Zwischenstufe.		MAIN_C604408_FULL_MASTER_POSTGRESQL17;ISSUE_288_AGENTIC_REVIEW_2026-09-17
LAMB_LEG	Lammkeule	APPLICABLE	0.4500	0.7500	CHANGED	LAMB	LAMB	Semantik: Lammkeule als großer, relativ magerer Braten- oder Schmorcut; ganz oder ausgelöst verwendbar. Vergleich: Lamm (0.7500) in LAMB. Entscheidungsgrund: Tierart oder Zuschnitt sind konkret, doch Würzung, Kombination und mehrere passende Gartechniken bleiben offen; diese eigenständige Kochbreite trägt die Zwischenstufe.		MAIN_C604408_FULL_MASTER_POSTGRESQL17;ISSUE_288_AGENTIC_REVIEW_2026-09-17
LAMB_MINCE	Lammhack	APPLICABLE	0.4500	0.7500	CHANGED	MINCED_MEAT	MINCED_MEAT	Semantik: Zerkleinertes Lammfleisch mit charakteristischem Eigengeschmack; nicht gemischtes Hackfleisch. Vergleich: Hackfleisch (1.0000) in MINCED_MEAT. Entscheidungsgrund: Tierart oder Zuschnitt sind konkret, doch Würzung, Kombination und mehrere passende Gartechniken bleiben offen; diese eigenständige Kochbreite trägt die Zwischenstufe.		MAIN_C604408_FULL_MASTER_POSTGRESQL17;ISSUE_288_AGENTIC_REVIEW_2026-09-17
LAMB_SHOULDER	Lammschulter	APPLICABLE	0.4500	0.7500	CHANGED	LAMB	LAMB	Semantik: Kollagenreiche Lammschulter mit kräftigem Geschmack; besonders für langsames Braten oder Schmoren geeignet. Vergleich: Lamm (0.7500) in LAMB. Entscheidungsgrund: Tierart oder Zuschnitt sind konkret, doch Würzung, Kombination und mehrere passende Gartechniken bleiben offen; diese eigenständige Kochbreite trägt die Zwischenstufe.		MAIN_C604408_FULL_MASTER_POSTGRESQL17;ISSUE_288_AGENTIC_REVIEW_2026-09-17
LAND_SNAILS	Landschnecken	APPLICABLE	1.0000	0.7500	CHANGED	EDIBLE_SNAILS	EDIBLE_SNAILS	Semantik: Essbare Landschnecken als küchenfertige Zutat; umfasst Weinbergschnecken und mögliche weitere terrestrische Arten. Nicht Süßwasser- oder Meeresschnecken. Vergleich: essbare Schnecken (1.0000) in EDIBLE_SNAILS. Entscheidungsgrund: Die Art beziehungsweise Tiergruppe ist festgelegt, Zuschnitt, Würzung und mehrere Gartechniken bleiben aber wählbar; das trägt eine eigenständige, gegenüber der offenen Familie leicht verdichtete Präsenz.		MAIN_C604408_FULL_MASTER_POSTGRESQL17;ISSUE_288_AGENTIC_REVIEW_2026-09-17
LANGOUSTINE	Kaisergranat	APPLICABLE	0.4500	0.5000	CHANGED	CRAYFISH_AND_LOBSTERS	CRAYFISH_AND_LOBSTERS	Semantik: Kaisergranat (Nephrops norvegicus), ganz oder als Schwanzfleisch, frisch oder tiefgekühlt. Handelsbezeichnungen wie Langoustine oder Scampi sind nur umfasst, wenn tatsächlich Kaisergranat gemeint ist; Garnelen, Flusskrebse und Hummer sind keine Ersatzform. Vergleich: Krebse (1.0000) in CRAYFISH_AND_LOBSTERS. Entscheidungsgrund: Konservierung oder stark festgelegte Produktform begrenzen Textur und Einsatz gegenüber frischer Rohware; die benannte Zutat bleibt dennoch ein eigenständiger Familienfall.		MAIN_C604408_FULL_MASTER_POSTGRESQL17;ISSUE_288_AGENTIC_REVIEW_2026-09-17
LARD	Schweineschmalz	APPLICABLE	0.5000	0.7500	CHANGED	COOKING_FATS	COOKING_FATS	Semantik: Ausgelassenes Schweinefett zum Braten, Backen oder Verfeinern; natur gemeint, nicht fertiger Griebenschmalzaufstrich. Vergleich: Kochfett (1.0000) in COOKING_FATS. Entscheidungsgrund: Die konkrete Produktausprägung besitzt ein eigenes Profil, bleibt aber über mehrere Koch-, Back- oder Servierfunktionen einsetzbar; das trägt die Zwischenstufe gegenüber dem offenen Oberbegriff.		MAIN_C604408_FULL_MASTER_POSTGRESQL17;ISSUE_288_AGENTIC_REVIEW_2026-09-17
LASAGNE_SHEETS	Lasagneplatten	APPLICABLE	0.6500	0.7500	CHANGED	WHEAT_PASTA	WHEAT_PASTA	Semantik: Breite flache Weizenpastablätter für geschichtete Gerichte; frisch, getrocknet oder vorgekocht verwendbar. Vergleich: Weizenpasta (0.7500) in WHEAT_PASTA. Entscheidungsgrund: Die benannte Zutat ist gegenüber dem Oberbegriff konkretisiert, behält aber mehrere eigenständige Kochfunktionen und Zubereitungswege; die Familienüberschneidung rechtfertigt die maßvolle Verdichtung.		MAIN_C604408_FULL_MASTER_POSTGRESQL17;ISSUE_288_AGENTIC_REVIEW_2026-09-17
LA_LOT_LEAVES	Lá-lốt-Blätter	APPLICABLE	0.2000	0.7500	CHANGED	FRESH_HERBS	BASIL	Semantik: Als Lá lốt gehandelte herzförmige Pfefferblätter mit warm-würzigem Aroma, besonders zum Umwickeln und Grillen von Fleischfüllungen. Nicht mit Betelblättern zum Kauen oder gewöhnlichem Pfefferblatt gleichsetzen. Vergleich: Basilikum (0.7500) in FRESH_HERBS. Entscheidungsgrund: Die aromatischen Blätter können als Hülle, Kraut und mitgegarte Aromatik dienen; diese mehreren Kochfunktionen tragen die Kräuterstufe trotz des niedrigen historischen Werts.		MAIN_C604408_FULL_MASTER_POSTGRESQL17;ISSUE_288_AGENTIC_REVIEW_2026-09-17
LEAFY_GREENS	Blattgemüse	APPLICABLE	0.7500	1.0000	CHANGED	VEGETABLES	VEGETABLES	Semantik: Offene Vorgabe für Gemüse, dessen Blätter kulinarisch im Mittelpunkt stehen; Salate und Kochgemüse sind möglich. Vergleich: Gemüse (1.0000) in VEGETABLES. Entscheidungsgrund: Die Zeile ist eine breite drawable Rohstofffamilie und lässt Sorte sowie rohe, gegarte oder weiterverarbeitete Umsetzung offen; sie bleibt deshalb der volle Referenzpunkt.		MAIN_C604408_FULL_MASTER_POSTGRESQL17;ISSUE_288_AGENTIC_REVIEW_2026-09-17
LEBERKAESE	Leberkäse	APPLICABLE	0.4500	0.5000	CHANGED	SAUSAGE	SAUSAGE	Semantik: Fein zerkleinertes, gebackenes Fleisch- oder Brühwursterzeugnis nach Leberkäse- beziehungsweise Fleischkäse-Art; konkrete Fleischmischung kann variieren. Nicht gewöhnlicher Hackbraten. Vergleich: Wurst (1.0000) in SAUSAGE. Entscheidungsgrund: Rezeptur, Verarbeitung und typische Textur sind bei diesem benannten Produkt bereits wesentlich festgelegt; die Eigenständigkeit bleibt erhalten, die Familienverdichtung begrenzt aber seine relative Präsenz.		MAIN_C604408_FULL_MASTER_POSTGRESQL17;ISSUE_288_AGENTIC_REVIEW_2026-09-17
LEBKUCHEN	Lebkuchen	APPLICABLE	0.3500	0.5000	CHANGED	BAKED_GOODS	BREAD	Semantik: Gewürzgebäck der Lebkuchen- beziehungsweise Pfefferkuchenfamilie, etwa Oblatenlebkuchen, Printen oder zum Kochen verwendeter Soßenkuchen; Teigbasis, Festigkeit und Überzug bleiben wählbar. Nicht Spekulatius, eine Gewürzmischung oder beliebiges süßes Gebäck. Vergleich: Brot oder Fladenbrot (1.0000) in BAKED_GOODS. Entscheidungsgrund: Rezeptur, Verarbeitung und typische Textur sind bei diesem benannten Produkt bereits wesentlich festgelegt; die Eigenständigkeit bleibt erhalten, die Familienverdichtung begrenzt aber seine relative Präsenz.		MAIN_C604408_FULL_MASTER_POSTGRESQL17;ISSUE_288_AGENTIC_REVIEW_2026-09-17
LEEK	Lauch	APPLICABLE	0.9500	0.7500	CHANGED	ALLIUM_VEGETABLES	ALLIUM_VEGETABLES	Semantik: Lauch mit mild-süßlichem Zwiebelaroma; weißer und grüner Teil sind je nach Gericht verwendbar. Vergleich: Lauch- und Zwiebelgemüse (1.0000) in ALLIUM_VEGETABLES. Entscheidungsgrund: Art oder Sorte sind festgelegt, doch Zuschnitt, Garmethode und Kombination bleiben in mehreren süßen beziehungsweise herzhaften Anwendungen offen; das entspricht den eigenständigen Rohstoff-Peers der Familie.		MAIN_C604408_FULL_MASTER_POSTGRESQL17;ISSUE_288_AGENTIC_REVIEW_2026-09-17
LEFSE	Lefse	APPLICABLE	0.3500	0.7500	CHANGED	FLATBREAD	FLATBREAD	Semantik: Weiches norwegisches Fladenbrot nach Lefse-Art; je nach Variante auf Kartoffel- oder Mehlbasis. Gemeint ist die Lefse selbst, nicht eine bestimmte süße oder herzhafte Füllung beziehungsweise ein fertig belegtes Gericht. Vergleich: Fladenbrot (1.0000) in FLATBREAD. Entscheidungsgrund: Rezeptur, Verarbeitung und typische Textur sind bei diesem benannten Produkt bereits wesentlich festgelegt; die Eigenständigkeit bleibt erhalten, die Familienverdichtung begrenzt aber seine relative Präsenz.		MAIN_C604408_FULL_MASTER_POSTGRESQL17;ISSUE_288_AGENTIC_REVIEW_2026-09-17
LEGUMES	Hülsenfrüchte	APPLICABLE	0.8000	1.0000	CHANGED	LEGUMES	LEGUMES	Semantik: Offene Vorgabe für Hülsenfrüchte wie Bohnen, Linsen, Erbsen oder Kichererbsen; Produktform bleibt wählbar. Vergleich: Hülsenfrüchte (1.0000) in LEGUMES. Entscheidungsgrund: Die Zeile ist eine breite drawable Rohstofffamilie und lässt Sorte sowie rohe, gegarte oder weiterverarbeitete Umsetzung offen; sie bleibt deshalb der volle Referenzpunkt.		MAIN_C604408_FULL_MASTER_POSTGRESQL17;ISSUE_288_AGENTIC_REVIEW_2026-09-17
LEIPAJUUSTO	Leipäjuusto	APPLICABLE	0.5500	0.7500	CHANGED	CHEESE	CHEESE	Semantik: Finnischer gebackener Käse mit mildem Milcharoma, braun gefleckter Oberfläche und charakteristisch elastisch-quietschender Textur; auch Juustoleipä genannt. Vergleich: Käse (1.0000) in CHEESE. Entscheidungsgrund: Die konkrete Produktausprägung besitzt ein eigenes Profil, bleibt aber über mehrere Koch-, Back- oder Servierfunktionen einsetzbar; das trägt die Zwischenstufe gegenüber dem offenen Oberbegriff.		MAIN_C604408_FULL_MASTER_POSTGRESQL17;ISSUE_288_AGENTIC_REVIEW_2026-09-17
LEMON	Zitrone	APPLICABLE	0.9500	0.7500	CHANGED	CITRUS_FRUIT	CITRUS_FRUIT	Semantik: Zitrone mit aromatischer Schale und deutlich saurem Saft; Fruchtfleisch und unbehandelte Schale sind ebenfalls nutzbar. Vergleich: Zitrusfrucht (1.0000) in CITRUS_FRUIT. Entscheidungsgrund: Art oder Sorte sind festgelegt, doch Zuschnitt, Garmethode und Kombination bleiben in mehreren süßen beziehungsweise herzhaften Anwendungen offen; das entspricht den eigenständigen Rohstoff-Peers der Familie.		MAIN_C604408_FULL_MASTER_POSTGRESQL17;ISSUE_288_AGENTIC_REVIEW_2026-09-17
LEMONGRASS	Zitronengras	APPLICABLE	0.6500	0.7500	CHANGED	FRESH_HERBS	BASIL	Semantik: Faserige aromatische Halme mit klarem Zitronenduft; meist angedrückt, fein geschnitten oder zum Mitkochen verwendet. Vergleich: Basilikum (0.7500) in FRESH_HERBS. Entscheidungsgrund: Das einzelne Aroma ist klar festgelegt, kann aber über mehrere Gerichte, Techniken und Kombinationen eingesetzt werden; wie beim Anker bleibt ausreichend eigenständige Kochbreite.		MAIN_C604408_FULL_MASTER_POSTGRESQL17;ISSUE_288_AGENTIC_REVIEW_2026-09-17
LENTILS	Linsen	APPLICABLE	0.9500	0.7500	CHANGED	LEGUMES	LEGUMES	Semantik: Linsen als kleine trockene Hülsenfrüchte; Sorte, Farbe und Formstabilität bleiben offen. Vergleich: Hülsenfrüchte (1.0000) in LEGUMES. Entscheidungsgrund: Art oder Sorte sind festgelegt, doch Zuschnitt, Garmethode und Kombination bleiben in mehreren süßen beziehungsweise herzhaften Anwendungen offen; das entspricht den eigenständigen Rohstoff-Peers der Familie.		MAIN_C604408_FULL_MASTER_POSTGRESQL17;ISSUE_288_AGENTIC_REVIEW_2026-09-17
LETTUCE	Kopfsalat	APPLICABLE	0.8000	0.7500	CHANGED	SALAD_GREENS	SALAD_GREENS	Semantik: Kopfsalat mit zarten bis knackigen Blättern und mildem Geschmack; nicht die gesamte Blattsalatfamilie. Vergleich: Blattsalat (1.0000) in SALAD_GREENS. Entscheidungsgrund: Art oder Sorte sind festgelegt, doch Zuschnitt, Garmethode und Kombination bleiben in mehreren süßen beziehungsweise herzhaften Anwendungen offen; das entspricht den eigenständigen Rohstoff-Peers der Familie.		MAIN_C604408_FULL_MASTER_POSTGRESQL17;ISSUE_288_AGENTIC_REVIEW_2026-09-17
LIEGE_SYRUP	Sirop de Liège	APPLICABLE	0.3500	0.5000	CHANGED	PRESERVED_PRODUCE	PRESERVED_PRODUCE	Semantik: Dick eingekochter belgischer Apfel-/Birnen-Fruchtsirup beziehungsweise Fruchtaufstrich nach Lütticher Tradition. Kein Markenbegriff; Zuckerzusatz und konkrete Fruchtanteile können variieren. Nicht mit dünnflüssigem Getränkesirup oder beliebigem Fruchtsirup gleichsetzen. Vergleich: konservierte pflanzliche Zutat (1.0000) in PRESERVED_PRODUCE. Entscheidungsgrund: Konservierung und konkrete Produktform prägen Geschmack, Textur oder weitere Verarbeitung bereits vor; innerhalb der Familie bleibt die Zutat eigenständig, aber enger als der unverarbeitete Rohstoff.		MAIN_C604408_FULL_MASTER_POSTGRESQL17;ISSUE_288_AGENTIC_REVIEW_2026-09-17
LIEGE_WAFFLE	Lütticher Waffel	APPLICABLE	0.4000	0.5000	CHANGED	CONFECTIONERY	MARZIPAN	Semantik: Kleinere, kompakte belgische Waffel nach Lütticher Art mit eingebackenem Perl- beziehungsweise Hagelzucker und typischerweise karamellisierten Rändern. Nicht mit der größeren, luftigen Brüsseler Waffel gleichsetzen. Vergleich: Marzipan (0.5000) in CONFECTIONERY. Entscheidungsgrund: Rezeptur, Verarbeitung und typische Textur sind bei diesem benannten Produkt bereits wesentlich festgelegt; die Eigenständigkeit bleibt erhalten, die Familienverdichtung begrenzt aber seine relative Präsenz.		MAIN_C604408_FULL_MASTER_POSTGRESQL17;ISSUE_288_AGENTIC_REVIEW_2026-09-17
LIGHT_SOY_SAUCE	helle Sojasauce	APPLICABLE	0.5500	0.5000	CHANGED	SOY_SAUCE	SOY_SAUCE	Semantik: Dünnflüssige salzige Sojasauce für Würze und Umami; nicht die süßlichere dunkle Sojasauce. Vergleich: Sojasauce (0.5000) in SOY_SAUCE. Entscheidungsgrund: Die dünnflüssige salzige Ausprägung ist ein konkreter Stil der bereits mit 0,50 bewerteten Sojasauce; viele Gerichte bleiben möglich, aber es entsteht keine zusätzliche Familienbreite.		MAIN_C604408_FULL_MASTER_POSTGRESQL17;ISSUE_288_AGENTIC_REVIEW_2026-09-17
LIME	Limette	APPLICABLE	0.9500	0.7500	CHANGED	CITRUS_FRUIT	CITRUS_FRUIT	Semantik: Limette mit intensiv aromatischer Schale und saurem Saft; konkrete Sorte bleibt offen. Vergleich: Zitrusfrucht (1.0000) in CITRUS_FRUIT. Entscheidungsgrund: Art oder Sorte sind festgelegt, doch Zuschnitt, Garmethode und Kombination bleiben in mehreren süßen beziehungsweise herzhaften Anwendungen offen; das entspricht den eigenständigen Rohstoff-Peers der Familie.		MAIN_C604408_FULL_MASTER_POSTGRESQL17;ISSUE_288_AGENTIC_REVIEW_2026-09-17
LINGONBERRY	Preiselbeeren	APPLICABLE	0.4500	0.7500	CHANGED	BERRIES	BERRIES	Semantik: Preiselbeeren mit herber Säure; frisch oder ungesüßt tiefgekühlt gemeint, nicht Konfitüre. Vergleich: Beeren (1.0000) in BERRIES. Entscheidungsgrund: Art oder Sorte sind festgelegt, doch Zuschnitt, Garmethode und Kombination bleiben in mehreren süßen beziehungsweise herzhaften Anwendungen offen; das entspricht den eigenständigen Rohstoff-Peers der Familie.		MAIN_C604408_FULL_MASTER_POSTGRESQL17;ISSUE_288_AGENTIC_REVIEW_2026-09-17
LINGONBERRY_PRESERVES	Preiselbeer-Konfitüre/-kompott	APPLICABLE	0.5000	0.5000	UNCHANGED	PRESERVED_PRODUCE	APRICOT_PRESERVES	Semantik: Gesüßte Preiselbeerzubereitung wie Konfitüre, Kompott oder gerührte Preiselbeeren; nicht die ungesüßte frische Beere. Vergleich: Aprikosenkonfitüre (0.5000) in PRESERVED_PRODUCE. Entscheidungsgrund: Zucker und eingekochte beziehungsweise gerührte Fruchtform binden die Verwendung als fertige Fruchtzubereitung; die rohe Preiselbeere bleibt ein eigenes, breiteres Konzept.		MAIN_C604408_FULL_MASTER_POSTGRESQL17;ISSUE_288_AGENTIC_REVIEW_2026-09-17
LINSEED_OIL	Leinöl	APPLICABLE	0.4500	0.7500	CHANGED	OILS	OILS	Semantik: Speiseöl aus Leinsaat mit nussigem, teils herbem Eigengeschmack, besonders für kalte Speisen und zum abschließenden Verfeinern. Gemeint ist reines Leinöl, nicht Leinsamen, ein Ölgemisch oder technisches Leinöl. Vergleich: Speiseöl (1.0000) in OILS. Entscheidungsgrund: Die konkrete Produktausprägung besitzt ein eigenes Profil, bleibt aber über mehrere Koch-, Back- oder Servierfunktionen einsetzbar; das trägt die Zwischenstufe gegenüber dem offenen Oberbegriff.		MAIN_C604408_FULL_MASTER_POSTGRESQL17;ISSUE_288_AGENTIC_REVIEW_2026-09-17
LIQUORICE	Lakritz	APPLICABLE	0.3000	0.5000	CHANGED	CONFECTIONERY	MARZIPAN	Semantik: Lakritzware mit süßen und salzigen Ausprägungen, auch als Kochzutat verwendbar; nicht Süßholzwurzel oder reiner Lakritzextrakt. Vergleich: Marzipan (0.5000) in CONFECTIONERY. Entscheidungsgrund: Rezeptur, Verarbeitung und typische Textur sind bei diesem benannten Produkt bereits wesentlich festgelegt; die Eigenständigkeit bleibt erhalten, die Familienverdichtung begrenzt aber seine relative Präsenz.		MAIN_C604408_FULL_MASTER_POSTGRESQL17;ISSUE_288_AGENTIC_REVIEW_2026-09-17
LIVER_PATE	Leberpastete	APPLICABLE	0.3500	0.5000	CHANGED	OFFAL	OFFAL	Semantik: Streichfähige Pastete auf Leberbasis; umfasst typische Schweine-, Geflügel- und vergleichbare Leberpasteten, nicht reine Leber und nicht automatisch Leberwurst. Vergleich: Innereien (1.0000) in OFFAL. Entscheidungsgrund: Das konkrete Organ beziehungsweise die stark festgelegte Verarbeitungsform bestimmt Textur und geeignete Gartechnik deutlich; mehrere Gerichte bleiben möglich, aber die Aufgabe bindet stärker als ein gewöhnlicher Zuschnitt.		MAIN_C604408_FULL_MASTER_POSTGRESQL17;ISSUE_288_AGENTIC_REVIEW_2026-09-17
LIVER_SAUSAGE	Leberwurst	APPLICABLE	0.5500	0.5000	CHANGED	OFFAL	OFFAL	Semantik: Leberhaltige Koch- oder Streichwurst; Tierart, Körnung und Rezeptur können variieren. Nicht mit Leberpastete gleichsetzen. Vergleich: Innereien (1.0000) in OFFAL. Entscheidungsgrund: Das konkrete Organ beziehungsweise die stark festgelegte Verarbeitungsform bestimmt Textur und geeignete Gartechnik deutlich; mehrere Gerichte bleiben möglich, aber die Aufgabe bindet stärker als ein gewöhnlicher Zuschnitt.		MAIN_C604408_FULL_MASTER_POSTGRESQL17;ISSUE_288_AGENTIC_REVIEW_2026-09-17
LOBSTER	Hummer	APPLICABLE	0.1800	0.5000	CHANGED	CRAYFISH_AND_LOBSTERS	CRAYFISH_AND_LOBSTERS	Semantik: Hummer mit festem, süßlichem Fleisch aus Schwanz und Scheren; ganz, ausgelöst, frisch oder tiefgekühlt verwendbar. Vergleich: Krebse (1.0000) in CRAYFISH_AND_LOBSTERS. Entscheidungsgrund: Konservierung oder stark festgelegte Produktform begrenzen Textur und Einsatz gegenüber frischer Rohware; die benannte Zutat bleibt dennoch ein eigenständiger Familienfall.		MAIN_C604408_FULL_MASTER_POSTGRESQL17;ISSUE_288_AGENTIC_REVIEW_2026-09-17
LONGGANISA	Longganisa	APPLICABLE	0.3000	0.5000	CHANGED	SAUSAGE	SAUSAGE	Semantik: Offene philippinische Wurstfamilie mit regional stark unterschiedlichen Rezepturen, von süßlichen bis kräftig knoblauchbetonten Varianten. Üblicherweise, aber nicht zwingend, aus Schweinefleisch; keine bestimmte regionale Longganisa wird vorausgesetzt. Vergleich: Wurst (1.0000) in SAUSAGE. Entscheidungsgrund: Rezeptur, Verarbeitung und typische Textur sind bei diesem benannten Produkt bereits wesentlich festgelegt; die Eigenständigkeit bleibt erhalten, die Familienverdichtung begrenzt aber seine relative Präsenz.		MAIN_C604408_FULL_MASTER_POSTGRESQL17;ISSUE_288_AGENTIC_REVIEW_2026-09-17
LORNE_SAUSAGE	Lorne Sausage	APPLICABLE	0.5500	0.5000	CHANGED	SAUSAGE	SAUSAGE	Semantik: Schottische, nicht in Darm gefüllte Wurst aus gewürztem Hackfleisch, als kompakter Block geformt und typischerweise in quadratische oder rechteckige Scheiben geschnitten. Rind-, Schweine- und Mischfleischvarianten sind zulässig; vegetarische Square Sausage, gewöhnliche Bratwurst und Burger-Patties nicht. Vergleich: Wurst (1.0000) in SAUSAGE. Entscheidungsgrund: Rezeptur, Verarbeitung und typische Textur sind bei diesem benannten Produkt bereits wesentlich festgelegt; die Eigenständigkeit bleibt erhalten, die Familienverdichtung begrenzt aber seine relative Präsenz.		MAIN_C604408_FULL_MASTER_POSTGRESQL17;ISSUE_288_AGENTIC_REVIEW_2026-09-17
LOTUS_ROOT	Lotuswurzel	APPLICABLE	0.3500	0.7500	CHANGED	ROOT_VEGETABLES	ROOT_VEGETABLES	Semantik: Rhizom der Lotuspflanze mit charakteristischen Hohlkammern und knackiger Textur; frisch, tiefgekühlt oder schlicht konserviert. Vergleich: Wurzel- und Knollengemüse (1.0000) in ROOT_VEGETABLES. Entscheidungsgrund: Art oder Sorte sind festgelegt, doch Zuschnitt, Garmethode und Kombination bleiben in mehreren süßen beziehungsweise herzhaften Anwendungen offen; das entspricht den eigenständigen Rohstoff-Peers der Familie.		MAIN_C604408_FULL_MASTER_POSTGRESQL17;ISSUE_288_AGENTIC_REVIEW_2026-09-17
LOTUS_SEEDS	Lotussamen	APPLICABLE	0.3500	0.7500	CHANGED	SEEDS	SEEDS	Semantik: Essbare reife Lotussamen mit mild-nussigem, leicht süßlichem Geschmack; frisch, getrocknet oder vorgegart für Suppen, Reisgerichte, Füllungen und Süßspeisen. Nicht Lotuswurzel oder der bittere Keim als eigenes Produkt. Vergleich: Kerne und Samen (1.0000) in SEEDS. Entscheidungsgrund: Art oder Sorte sind festgelegt, doch Zuschnitt, Garmethode und Kombination bleiben in mehreren süßen beziehungsweise herzhaften Anwendungen offen; das entspricht den eigenständigen Rohstoff-Peers der Familie.		MAIN_C604408_FULL_MASTER_POSTGRESQL17;ISSUE_288_AGENTIC_REVIEW_2026-09-17
LOVAGE	Liebstöckel	APPLICABLE	0.4000	0.7500	CHANGED	FRESH_HERBS	BASIL	Semantik: Liebstöckelblätter mit kräftigem sellerieartig-würzigem Aroma; frisch oder sparsam getrocknet, nicht Maggi-Würze. Vergleich: Basilikum (0.7500) in FRESH_HERBS. Entscheidungsgrund: Das einzelne Aroma ist klar festgelegt, kann aber über mehrere Gerichte, Techniken und Kombinationen eingesetzt werden; wie beim Anker bleibt ausreichend eigenständige Kochbreite.		MAIN_C604408_FULL_MASTER_POSTGRESQL17;ISSUE_288_AGENTIC_REVIEW_2026-09-17
LUPIN	Lupinen	APPLICABLE	0.3500	0.7500	CHANGED	LEGUMES	LEGUMES	Semantik: Essbare, fachgerecht entbitterte Lupinensamen beziehungsweise schlichtes Lupinenprodukt; nicht rohe bittere Samen. Vergleich: Hülsenfrüchte (1.0000) in LEGUMES. Entscheidungsgrund: Art oder Sorte sind festgelegt, doch Zuschnitt, Garmethode und Kombination bleiben in mehreren süßen beziehungsweise herzhaften Anwendungen offen; das entspricht den eigenständigen Rohstoff-Peers der Familie.		MAIN_C604408_FULL_MASTER_POSTGRESQL17;ISSUE_288_AGENTIC_REVIEW_2026-09-17
LUTEFISK	Lutefisk	APPLICABLE	0.1000	0.5000	CHANGED	PRESERVED_FISH	PRESERVED_FISH	Semantik: Aus getrocknetem Weißfisch durch Wässern und Laugenbehandlung hergestelltes und anschließend gründlich gespültes, küchenfertiges Fischprodukt nach Lutefisk-Art. Nicht trockener Stockfisch, Lauge oder das fertig zubereitete Gericht. Vergleich: konservierter Fisch (1.0000) in PRESERVED_FISH. Entscheidungsgrund: Konservierung und konkrete Produktform prägen Geschmack, Textur oder weitere Verarbeitung bereits vor; innerhalb der Familie bleibt die Zutat eigenständig, aber enger als der unverarbeitete Rohstoff.		MAIN_C604408_FULL_MASTER_POSTGRESQL17;ISSUE_288_AGENTIC_REVIEW_2026-09-17
LYCHEE	Litschi	APPLICABLE	0.5500	0.7500	CHANGED	TROPICAL_FRUIT	TROPICAL_FRUIT	Semantik: Litschi mit saftigem, floral-süßem Fruchtfleisch; frisch oder schlicht konserviert, ohne Schale und Kern. Vergleich: Tropenfrucht (1.0000) in TROPICAL_FRUIT. Entscheidungsgrund: Art oder Sorte sind festgelegt, doch Zuschnitt, Garmethode und Kombination bleiben in mehreren süßen beziehungsweise herzhaften Anwendungen offen; das entspricht den eigenständigen Rohstoff-Peers der Familie.		MAIN_C604408_FULL_MASTER_POSTGRESQL17;ISSUE_288_AGENTIC_REVIEW_2026-09-17
MACADAMIA	Macadamianüsse	APPLICABLE	0.4500	0.7500	CHANGED	NUTS	NUTS	Semantik: Sehr fettreiche, cremig-knackige Macadamianüsse mit mild-buttrigem Geschmack; natur oder geröstet verwendbar. Vergleich: Nüsse (1.0000) in NUTS. Entscheidungsgrund: Art oder Sorte sind festgelegt, doch Zuschnitt, Garmethode und Kombination bleiben in mehreren süßen beziehungsweise herzhaften Anwendungen offen; das entspricht den eigenständigen Rohstoff-Peers der Familie.		MAIN_C604408_FULL_MASTER_POSTGRESQL17;ISSUE_288_AGENTIC_REVIEW_2026-09-17
MACAPUNO	Macapuno	APPLICABLE	0.2000	0.7500	CHANGED	COCONUT	COCONUT	Semantik: Weiches bis gelatinöses Endosperm einer besonderen Kokosnussausprägung; frisch, tiefgekühlt oder konserviert verwendbar. Nicht gewöhnliches Kokosfleisch, Kokoscreme oder bloß mit Kokos aromatisierte Süßware. Vergleich: Kokosnuss (0.7500) in COCONUT. Entscheidungsgrund: Die weiche Kokosmutation ist als Fruchtfleisch festgelegt, lässt aber Dessert-, Füllungs- und Verarbeitungsformen offen; sie ist ein eigenständiges Kokosprodukt, kein fertiges Süßprodukt.		MAIN_C604408_FULL_MASTER_POSTGRESQL17;ISSUE_288_AGENTIC_REVIEW_2026-09-17
MACKEREL	Makrele	APPLICABLE	0.8500	0.7500	CHANGED	OILY_FISH	OILY_FISH	Semantik: Makrele als fettreicher Fisch mit kräftigem Eigengeschmack; frisch oder tiefgekühlt, nicht automatisch geräuchert. Vergleich: fettreicher Fisch (1.0000) in OILY_FISH. Entscheidungsgrund: Die Art beziehungsweise Tiergruppe ist festgelegt, Zuschnitt, Würzung und mehrere Gartechniken bleiben aber wählbar; das trägt eine eigenständige, gegenüber der offenen Familie leicht verdichtete Präsenz.		MAIN_C604408_FULL_MASTER_POSTGRESQL17;ISSUE_288_AGENTIC_REVIEW_2026-09-17
MAGGI_SEASONING	Maggi-Würze	APPLICABLE	0.5500	0.5000	CHANGED	READY_SAUCES_AND_PASTES	MAYONNAISE	Semantik: Dunkle flüssige Würzsauce nach Maggi-Art mit salzig-würzigem Umami; nicht Liebstöckel, Sojasauce oder Brühwürfel. Vergleich: Mayonnaise (0.5000) in READY_SAUCES_AND_PASTES. Entscheidungsgrund: Die fertige Würzform bringt ein eigenes Aroma- und häufig Texturprofil mit; gegenüber dem Anker ist sie eigenständig, beschränkt aber freie Würzung und Gerichtsausrichtung, weshalb die Familie kompakt auf dieser Stufe bleibt.		MAIN_C604408_FULL_MASTER_POSTGRESQL17;ISSUE_288_AGENTIC_REVIEW_2026-09-17
MAITAKE	Maitake	APPLICABLE	0.3000	0.7500	CHANGED	MUSHROOMS	MUSHROOMS	Semantik: Maitake beziehungsweise Klapperschwamm mit vielgliedrigen Büscheln und kräftig-würzigem Pilzaroma. Vergleich: Pilze (1.0000) in MUSHROOMS. Entscheidungsgrund: Art oder Sorte sind festgelegt, doch Zuschnitt, Garmethode und Kombination bleiben in mehreren süßen beziehungsweise herzhaften Anwendungen offen; das entspricht den eigenständigen Rohstoff-Peers der Familie.		MAIN_C604408_FULL_MASTER_POSTGRESQL17;ISSUE_288_AGENTIC_REVIEW_2026-09-17
MALT_VINEGAR	Malzessig	APPLICABLE	0.4000	0.7500	CHANGED	VINEGAR	VINEGAR	Semantik: Essig aus vermälztem Getreide mit malzig-röstigem Aroma; nicht Bier oder chinesischer schwarzer Essig. Vergleich: Essig (1.0000) in VINEGAR. Entscheidungsgrund: Die konkrete Produktausprägung besitzt ein eigenes Profil, bleibt aber über mehrere Koch-, Back- oder Servierfunktionen einsetzbar; das trägt die Zwischenstufe gegenüber dem offenen Oberbegriff.		MAIN_C604408_FULL_MASTER_POSTGRESQL17;ISSUE_288_AGENTIC_REVIEW_2026-09-17
MAM_NEM	Mắm nêm	APPLICABLE	0.2200	0.5000	CHANGED	FERMENTED_SEASONINGS	FERMENTED_SEASONINGS	Semantik: Kräftige vietnamesische Würzpaste aus salzfermentiertem, weitgehend unfiltriertem Fisch, häufig Sardellen. Handelsprodukte können bereits mit Ananas, Zucker, Chili oder Aromaten abgeschmeckt sein; nicht flüssige Fischsauce. Vergleich: fermentierte Würzzutat (1.0000) in FERMENTED_SEASONINGS. Entscheidungsgrund: Die fertige Würzform bringt ein eigenes Aroma- und häufig Texturprofil mit; gegenüber dem Anker ist sie eigenständig, beschränkt aber freie Würzung und Gerichtsausrichtung, weshalb die Familie kompakt auf dieser Stufe bleibt.		MAIN_C604408_FULL_MASTER_POSTGRESQL17;ISSUE_288_AGENTIC_REVIEW_2026-09-17
MAM_RUOC	Mắm ruốc	APPLICABLE	0.2200	0.5000	CHANGED	SHRIMP_PASTE	SHRIMP_PASTE	Semantik: Vietnamesische fermentierte Garnelenpaste mit intensiv salzigem Aroma, meist sparsam als Würze verwendet. Nicht mit Mắm tôm gleichsetzen; regionale Produktbezeichnungen und Übergänge können sich jedoch überschneiden. Vergleich: Garnelenpaste (0.5000) in SHRIMP_PASTE. Entscheidungsgrund: Produktform, Aromaprofil oder typische Funktion sind enger vorgegeben als beim Anker; die Zutat bleibt unterscheidbar, wird wegen dieser Bindung innerhalb der Familie aber kompakter gewichtet.		MAIN_C604408_FULL_MASTER_POSTGRESQL17;ISSUE_288_AGENTIC_REVIEW_2026-09-17
MAM_TOM	Mắm tôm	APPLICABLE	0.2200	0.5000	CHANGED	SHRIMP_PASTE	SHRIMP_PASTE	Semantik: Sehr kräftige vietnamesische fermentierte Garnelenpaste, besonders als Dip zu Bún đậu und als Würze zu Chả cá bekannt. Nicht mit Mắm ruốc gleichsetzen; regionale Produktbezeichnungen und Übergänge können sich jedoch überschneiden. Vergleich: Garnelenpaste (0.5000) in SHRIMP_PASTE. Entscheidungsgrund: Produktform, Aromaprofil oder typische Funktion sind enger vorgegeben als beim Anker; die Zutat bleibt unterscheidbar, wird wegen dieser Bindung innerhalb der Familie aber kompakter gewichtet.		MAIN_C604408_FULL_MASTER_POSTGRESQL17;ISSUE_288_AGENTIC_REVIEW_2026-09-17
MANCHEGO	Manchego	APPLICABLE	0.5000	0.7500	CHANGED	CHEESE	CHEESE	Semantik: Spanischer Käse aus Manchega-Schafmilch aus La Mancha; nicht generisch jeder Schafskäse. Vergleich: Käse (1.0000) in CHEESE. Entscheidungsgrund: Die konkrete Produktausprägung besitzt ein eigenes Profil, bleibt aber über mehrere Koch-, Back- oder Servierfunktionen einsetzbar; das trägt die Zwischenstufe gegenüber dem offenen Oberbegriff.		MAIN_C604408_FULL_MASTER_POSTGRESQL17;ISSUE_288_AGENTIC_REVIEW_2026-09-17
MANDARIN	Mandarine	APPLICABLE	0.7500	0.7500	UNCHANGED	CITRUS_FRUIT	CITRUS_FRUIT	Semantik: Mandarine als leicht schälbare, süß-aromatische Zitrusfrucht; Clementinen und ähnliche handelsübliche Formen sind umfasst. Vergleich: Zitrusfrucht (1.0000) in CITRUS_FRUIT. Entscheidungsgrund: Art oder Sorte sind festgelegt, doch Zuschnitt, Garmethode und Kombination bleiben in mehreren süßen beziehungsweise herzhaften Anwendungen offen; das entspricht den eigenständigen Rohstoff-Peers der Familie.		MAIN_C604408_FULL_MASTER_POSTGRESQL17;ISSUE_288_AGENTIC_REVIEW_2026-09-17
MANGO	Mango	APPLICABLE	0.9000	0.7500	CHANGED	TROPICAL_FRUIT	TROPICAL_FRUIT	Semantik: Mango mit saftigem, süß-aromatischem Fruchtfleisch; Sorte und Reifegrad bleiben offen. Vergleich: Tropenfrucht (1.0000) in TROPICAL_FRUIT. Entscheidungsgrund: Art oder Sorte sind festgelegt, doch Zuschnitt, Garmethode und Kombination bleiben in mehreren süßen beziehungsweise herzhaften Anwendungen offen; das entspricht den eigenständigen Rohstoff-Peers der Familie.		MAIN_C604408_FULL_MASTER_POSTGRESQL17;ISSUE_288_AGENTIC_REVIEW_2026-09-17
MANGROVE_CRAB	Mangrovenkrabben	APPLICABLE	0.3000	0.5000	CHANGED	CRAB	CRAB	Semantik: Ganze Tiere, Scheren, ausgelöstes Fleisch und eindeutig artzugeordnete Softshell-Formen sind zulässig; andere Krabbenarten zählen nicht. Vergleich: Krabben (1.0000) in CRAB. Entscheidungsgrund: Konservierung oder stark festgelegte Produktform begrenzen Textur und Einsatz gegenüber frischer Rohware; die benannte Zutat bleibt dennoch ein eigenständiger Familienfall.		MAIN_C604408_FULL_MASTER_POSTGRESQL17;ISSUE_288_AGENTIC_REVIEW_2026-09-17
MAPLE_SYRUP	Ahornsirup	APPLICABLE	0.5000	0.5000	UNCHANGED	SYRUP	SYRUP	Semantik: Eingekochter Saft des Zuckerahorns mit karamellig-holzigem Aroma; nicht künstlich aromatisierter Pancake-Sirup. Vergleich: Sirup (1.0000) in SYRUP. Entscheidungsgrund: Verarbeitung, Aromaprofil oder fertige Produktfunktion sind bereits deutlich festgelegt; die Zutat ist eigenständig, aber weniger breit integrierbar als der neutrale Familienanker.		MAIN_C604408_FULL_MASTER_POSTGRESQL17;ISSUE_288_AGENTIC_REVIEW_2026-09-17
MARJORAM	Majoran	APPLICABLE	0.5000	0.7500	CHANGED	FRESH_HERBS	BASIL	Semantik: Majoranblätter mit warmem, leicht süßlichem und herbem Aroma; frisch oder getrocknet verwendbar. Vergleich: Basilikum (0.7500) in FRESH_HERBS. Entscheidungsgrund: Das einzelne Aroma ist klar festgelegt, kann aber über mehrere Gerichte, Techniken und Kombinationen eingesetzt werden; wie beim Anker bleibt ausreichend eigenständige Kochbreite.		MAIN_C604408_FULL_MASTER_POSTGRESQL17;ISSUE_288_AGENTIC_REVIEW_2026-09-17
MARROWFAT_PEAS	Marrowfat Peas	APPLICABLE	0.6500	0.7500	CHANGED	PEAS	PEAS	Semantik: Große ausgereifte grüne Erbsen mit mehlig-cremiger Textur nach dem Garen. Getrocknete oder schlicht konservierte ganze Marrowfat Peas sind gemeint; fertige Mushy Peas nicht. Vergleich: Erbsen (1.0000) in PEAS. Entscheidungsgrund: Art oder Sorte sind festgelegt, doch Zuschnitt, Garmethode und Kombination bleiben in mehreren süßen beziehungsweise herzhaften Anwendungen offen; das entspricht den eigenständigen Rohstoff-Peers der Familie.		MAIN_C604408_FULL_MASTER_POSTGRESQL17;ISSUE_288_AGENTIC_REVIEW_2026-09-17
MARSALA	Marsala	APPLICABLE	0.3000	0.2500	CHANGED	COOKING_ALCOHOL	COOKING_ALCOHOL	Semantik: Aufgespriteter sizilianischer Wein nach Marsala-Art, trocken bis süß; als Kochwein, nicht beliebiger Likörwein. Vergleich: Kochalkohol (0.2500) in COOKING_ALCOHOL. Entscheidungsgrund: Der Alkohol ist als Kochzutat eine geschmacks- und verfahrensprägende Pflichtvorgabe; Sorte und Stil unterscheiden die Aufgabe zusätzlich, weshalb der einheitliche Kochalkoholvertrag 0,25 vorsieht.	COOKING_ALCOHOL_INDEPENDENT_LOW_WEIGHT	MAIN_C604408_FULL_MASTER_POSTGRESQL17;ISSUE_288_AGENTIC_REVIEW_2026-09-17
MARZIPAN	Marzipan	APPLICABLE	0.3000	0.5000	CHANGED	CONFECTIONERY	MARZIPAN	Semantik: Süße Mandel-Zucker-Masse einschließlich als Backzutat verwendbarer Marzipanmasse; nicht Persipan oder bloßes Mandelaroma. Vergleich: Marzipan (0.5000) in CONFECTIONERY. Entscheidungsgrund: Rezeptur, Verarbeitung und typische Textur sind bei diesem benannten Produkt bereits wesentlich festgelegt; die Eigenständigkeit bleibt erhalten, die Familienverdichtung begrenzt aber seine relative Präsenz.		MAIN_C604408_FULL_MASTER_POSTGRESQL17;ISSUE_288_AGENTIC_REVIEW_2026-09-17
MASA_HARINA	Masa Harina	APPLICABLE	0.3500	0.7500	CHANGED	CORN	CORN	Semantik: Nixtamalisiertes Maismehl für Tortillas und ähnliche Teige; nicht gewöhnliches Maismehl oder Maisstärke. Vergleich: Mais (0.7500) in CORN. Entscheidungsgrund: Die benannte Zutat ist gegenüber dem Oberbegriff konkretisiert, behält aber mehrere eigenständige Kochfunktionen und Zubereitungswege; die Familienüberschneidung rechtfertigt die maßvolle Verdichtung.		MAIN_C604408_FULL_MASTER_POSTGRESQL17;ISSUE_288_AGENTIC_REVIEW_2026-09-17
MASCARPONE	Mascarpone	APPLICABLE	0.6000	0.7500	CHANGED	CHEESE	CHEESE	Semantik: Sehr fettreicher, milder italienischer Frischkäse aus Rahm mit dichter cremiger Textur. Vergleich: Käse (1.0000) in CHEESE. Entscheidungsgrund: Die konkrete Produktausprägung besitzt ein eigenes Profil, bleibt aber über mehrere Koch-, Back- oder Servierfunktionen einsetzbar; das trägt die Zwischenstufe gegenüber dem offenen Oberbegriff.		MAIN_C604408_FULL_MASTER_POSTGRESQL17;ISSUE_288_AGENTIC_REVIEW_2026-09-17
MASSAMAN_CURRY_PASTE	Massaman-Currypaste	APPLICABLE	0.3500	0.5000	CHANGED	READY_CURRY_PASTE	READY_CURRY_PASTE	Semantik: Fertige Thai-Currypaste nach Massaman-Art mit warmen Gewürzen, Chili und Aromaten; Markenrezepturen variieren. Vergleich: fertige Currypaste (1.0000) in READY_CURRY_PASTE. Entscheidungsgrund: Die fertige Würzform bringt ein eigenes Aroma- und häufig Texturprofil mit; gegenüber dem Anker ist sie eigenständig, beschränkt aber freie Würzung und Gerichtsausrichtung, weshalb die Familie kompakt auf dieser Stufe bleibt.		MAIN_C604408_FULL_MASTER_POSTGRESQL17;ISSUE_288_AGENTIC_REVIEW_2026-09-17
MATCHA	Matcha	APPLICABLE	0.3000	0.7500	CHANGED	GREEN_TEA	GREEN_TEA	Semantik: Fein vermahlener japanischer Grüntee mit intensiv grasigem, herbem Umami; kein gesüßtes Matcha-Getränkepulver. Vergleich: grüner Tee (0.7500) in GREEN_TEA. Entscheidungsgrund: Die benannte Zutat ist gegenüber dem Oberbegriff konkretisiert, behält aber mehrere eigenständige Kochfunktionen und Zubereitungswege; die Familienüberschneidung rechtfertigt die maßvolle Verdichtung.		MAIN_C604408_FULL_MASTER_POSTGRESQL17;ISSUE_288_AGENTIC_REVIEW_2026-09-17
MATJES	Matjes	APPLICABLE	0.5000	0.5000	UNCHANGED	PRESERVED_FISH	GRAVLAX	Semantik: Mild gesalzener und enzymatisch gereifter Hering beziehungsweise Matjes. Umfasst klassische norddeutsche und niederländische Matjesformen; nicht automatisch essigsauer und nicht auf Hollandse Nieuwe beschränkt. Vergleich: Gravlax (0.5000) in PRESERVED_FISH. Entscheidungsgrund: Salzung und enzymatische Reifung liefern ein verzehrfertig geprägtes Heringserzeugnis; das ist als konservierte Fischform mit Graved Lachs vergleichbar und enger als Hering.		MAIN_C604408_FULL_MASTER_POSTGRESQL17;ISSUE_288_AGENTIC_REVIEW_2026-09-17
MAULTASCHEN	Maultaschen	APPLICABLE	0.6500	0.7500	CHANGED	NOODLES	NOODLES	Semantik: Gefüllte schwäbische Teigtaschen mit unterschiedlichen herzhaften Füllungen, auch fleischlos; frisch, tiefgekühlt oder bereits gegart verwendbar. Gemeint ist das Teigtaschenprodukt, nicht ein bestimmtes fertiges Gericht oder beliebige Ravioli und Dumplings. Vergleich: Nudeln (1.0000) in NOODLES. Entscheidungsgrund: Getreideart oder Produktform sind benannt, lassen aber süße und herzhafte Anwendungen sowie mehrere Garmethoden zu; diese Breite trägt die eigenständige Zwischenstufe.		MAIN_C604408_FULL_MASTER_POSTGRESQL17;ISSUE_288_AGENTIC_REVIEW_2026-09-17
MAYONNAISE	Mayonnaise	APPLICABLE	0.5500	0.5000	CHANGED	READY_SAUCES_AND_PASTES	MAYONNAISE	Semantik: Kalte Emulsionssauce aus Öl und Ei beziehungsweise Eigelb mit Säure; Würzung und Ölsorte bleiben offen. Vergleich: Mayonnaise (0.5000) in READY_SAUCES_AND_PASTES. Entscheidungsgrund: Die fertige Würzform bringt ein eigenes Aroma- und häufig Texturprofil mit; gegenüber dem Anker ist sie eigenständig, beschränkt aber freie Würzung und Gerichtsausrichtung, weshalb die Familie kompakt auf dieser Stufe bleibt.		MAIN_C604408_FULL_MASTER_POSTGRESQL17;ISSUE_288_AGENTIC_REVIEW_2026-09-17
MEAT	Fleisch	APPLICABLE	0.5500	1.0000	CHANGED	MEAT	MEAT	Semantik: Offene Vorgabe für Fleisch von Säugetieren; Tierart, Zuschnitt, Fettanteil und Garmethode bleiben wählbar. Vergleich: Fleisch (1.0000) in MEAT. Entscheidungsgrund: Der Oberbegriff lässt Tierart oder Zuschnitt und die spätere Garmethode offen und bildet damit den breiten Referenzpunkt der Fleischfamilie.		MAIN_C604408_FULL_MASTER_POSTGRESQL17;ISSUE_288_AGENTIC_REVIEW_2026-09-17
MEAT_ASPIC	Fleischsülze	APPLICABLE	0.3500	0.7500	CHANGED	MEAT	MEAT	Semantik: Kalt schnittfähiges Fleischprodukt aus gegarten Fleischstücken in natürlichem oder zugesetztem Aspik beziehungsweise Gelee; umfasst unter anderem tschechische Tlačenka und vergleichbare Fleischsülzen. Keine beliebige Fisch-, Gemüse- oder Dessertsülze. Vergleich: Fleisch (1.0000) in MEAT. Entscheidungsgrund: Tierart oder Zuschnitt sind konkret, doch Würzung, Kombination und mehrere passende Gartechniken bleiben offen; diese eigenständige Kochbreite trägt die Zwischenstufe.		MAIN_C604408_FULL_MASTER_POSTGRESQL17;ISSUE_288_AGENTIC_REVIEW_2026-09-17
MELONS	Melone	APPLICABLE	0.5000	1.0000	CHANGED	FRUIT	FRUIT	Semantik: Offene Vorgabe für süße Melonenfrüchte; Wasser-, Honig- und Cantaloupe-Melonen sind mögliche Ausprägungen. Vergleich: Obst (1.0000) in FRUIT. Entscheidungsgrund: Die Zeile ist eine breite drawable Rohstofffamilie und lässt Sorte sowie rohe, gegarte oder weiterverarbeitete Umsetzung offen; sie bleibt deshalb der volle Referenzpunkt.		MAIN_C604408_FULL_MASTER_POSTGRESQL17;ISSUE_288_AGENTIC_REVIEW_2026-09-17
MEMBRILLO	Quittenpaste	APPLICABLE	0.3500	0.5000	CHANGED	PRESERVED_PRODUCE	PRESERVED_PRODUCE	Semantik: Feste bis schnittfähige süße Quittenpaste (dulce de membrillo) aus eingekochter Quitte; nicht frische Quitte, Quittengelee oder beliebige Fruchtkonfitüre. Vergleich: konservierte pflanzliche Zutat (1.0000) in PRESERVED_PRODUCE. Entscheidungsgrund: Konservierung und konkrete Produktform prägen Geschmack, Textur oder weitere Verarbeitung bereits vor; innerhalb der Familie bleibt die Zutat eigenständig, aber enger als der unverarbeitete Rohstoff.		MAIN_C604408_FULL_MASTER_POSTGRESQL17;ISSUE_288_AGENTIC_REVIEW_2026-09-17
MERGUEZ	Merguez	APPLICABLE	0.4500	0.5000	CHANGED	SAUSAGE	SAUSAGE	Semantik: Kräftig gewürzte nordafrikanische Bratwurst, typischerweise aus Lamm- und/oder Rindfleisch mit Chili; nicht Schweinewurst. Vergleich: Wurst (1.0000) in SAUSAGE. Entscheidungsgrund: Rezeptur, Verarbeitung und typische Textur sind bei diesem benannten Produkt bereits wesentlich festgelegt; die Eigenständigkeit bleibt erhalten, die Familienverdichtung begrenzt aber seine relative Präsenz.		MAIN_C604408_FULL_MASTER_POSTGRESQL17;ISSUE_288_AGENTIC_REVIEW_2026-09-17
MILK	Milch	APPLICABLE	0.7000	0.7500	CHANGED	FRESH_DAIRY_PRODUCTS	FRESH_DAIRY_PRODUCTS	Semantik: Flüssige Kuhmilch als Kochzutat; Fettstufe bleibt offen, Pflanzendrinks und gesäuerte Milchprodukte sind getrennt. Vergleich: frisches Milchprodukt (1.0000) in FRESH_DAIRY_PRODUCTS. Entscheidungsgrund: Die konkrete Produktausprägung besitzt ein eigenes Profil, bleibt aber über mehrere Koch-, Back- oder Servierfunktionen einsetzbar; das trägt die Zwischenstufe gegenüber dem offenen Oberbegriff.		MAIN_C604408_FULL_MASTER_POSTGRESQL17;ISSUE_288_AGENTIC_REVIEW_2026-09-17
MILKFISH	Milchfisch	APPLICABLE	0.3000	0.7500	CHANGED	FISH	FISH	Semantik: Milchfisch (Chanos chanos), auf den Philippinen Bangus; frischer oder tiefgekühlter ganzer Fisch, Stück oder Filet. Nicht automatisch getrocknete, geräucherte oder anderweitig konservierte Bangus-Produkte. Vergleich: Fisch (1.0000) in FISH. Entscheidungsgrund: Die Art beziehungsweise Tiergruppe ist festgelegt, Zuschnitt, Würzung und mehrere Gartechniken bleiben aber wählbar; das trägt eine eigenständige, gegenüber der offenen Familie leicht verdichtete Präsenz.		MAIN_C604408_FULL_MASTER_POSTGRESQL17;ISSUE_288_AGENTIC_REVIEW_2026-09-17
MILK_CHOCOLATE	Milchschokolade	APPLICABLE	0.4500	0.5000	CHANGED	CHOCOLATE	CHOCOLATE	Semantik: Schokolade mit Milchbestandteilen und deutlicher Süße; Kakaoanteil und konkrete Milchform können variieren. Vergleich: Schokolade (1.0000) in CHOCOLATE. Entscheidungsgrund: Produktform, Aromaprofil oder typische Funktion sind enger vorgegeben als beim Anker; die Zutat bleibt unterscheidbar, wird wegen dieser Bindung innerhalb der Familie aber kompakter gewichtet.		MAIN_C604408_FULL_MASTER_POSTGRESQL17;ISSUE_288_AGENTIC_REVIEW_2026-09-17
MILLET	Hirse	APPLICABLE	0.6000	0.7500	CHANGED	GRAINS	GRAINS	Semantik: Glutenfreie kleine Hirsekörner mit mild-nussigem Geschmack; Sorte und geschälte Produktform bleiben offen. Vergleich: Getreide oder Pseudogetreide (1.0000) in GRAINS. Entscheidungsgrund: Getreideart oder Produktform sind benannt, lassen aber süße und herzhafte Anwendungen sowie mehrere Garmethoden zu; diese Breite trägt die eigenständige Zwischenstufe.		MAIN_C604408_FULL_MASTER_POSTGRESQL17;ISSUE_288_AGENTIC_REVIEW_2026-09-17
MINCED_MEAT	Hackfleisch	APPLICABLE	0.7000	1.0000	CHANGED	MEAT	MEAT	Semantik: Offene Vorgabe für zerkleinertes rohes Fleisch; Tierart und Fettanteil sind bewusst nicht festgelegt. Vergleich: Fleisch (1.0000) in MEAT. Entscheidungsgrund: Der Oberbegriff lässt Tierart oder Zuschnitt und die spätere Garmethode offen und bildet damit den breiten Referenzpunkt der Fleischfamilie.		MAIN_C604408_FULL_MASTER_POSTGRESQL17;ISSUE_288_AGENTIC_REVIEW_2026-09-17
MINCEMEAT	Mincemeat (britische Fruchtfüllung)	APPLICABLE	0.3500	0.5000	CHANGED	PRESERVED_PRODUCE	PRESERVED_PRODUCE	Semantik: Süße britische Backfüllung aus Äpfeln, getrockneten Weinfrüchten, kandierter Zitrusschale, Zucker beziehungsweise Sirup und Gewürzen; Suet kann enthalten sein. Trotz des Namens ist modernes Mincemeat kein Hackfleisch. Vergleich: konservierte pflanzliche Zutat (1.0000) in PRESERVED_PRODUCE. Entscheidungsgrund: Konservierung und konkrete Produktform prägen Geschmack, Textur oder weitere Verarbeitung bereits vor; innerhalb der Familie bleibt die Zutat eigenständig, aber enger als der unverarbeitete Rohstoff.		MAIN_C604408_FULL_MASTER_POSTGRESQL17;ISSUE_288_AGENTIC_REVIEW_2026-09-17
MINT	Minze	APPLICABLE	0.6500	0.7500	CHANGED	FRESH_HERBS	BASIL	Semantik: Frische Minzblätter mit kühlendem, aromatischem Geschmack; konkrete Minzart bleibt offen. Vergleich: Basilikum (0.7500) in FRESH_HERBS. Entscheidungsgrund: Das einzelne Aroma ist klar festgelegt, kann aber über mehrere Gerichte, Techniken und Kombinationen eingesetzt werden; wie beim Anker bleibt ausreichend eigenständige Kochbreite.		MAIN_C604408_FULL_MASTER_POSTGRESQL17;ISSUE_288_AGENTIC_REVIEW_2026-09-17
MIRABELLE	Mirabelle	APPLICABLE	0.4000	0.7500	CHANGED	STONE_FRUIT	STONE_FRUIT	Semantik: Kleine gelbe Mirabellenpflaume mit süßem, intensiv aromatischem Fruchtfleisch; frisch oder ungesüßt tiefgekühlt. Vergleich: Steinobst (1.0000) in STONE_FRUIT. Entscheidungsgrund: Art oder Sorte sind festgelegt, doch Zuschnitt, Garmethode und Kombination bleiben in mehreren süßen beziehungsweise herzhaften Anwendungen offen; das entspricht den eigenständigen Rohstoff-Peers der Familie.		MAIN_C604408_FULL_MASTER_POSTGRESQL17;ISSUE_288_AGENTIC_REVIEW_2026-09-17
MIRIN	Mirin	APPLICABLE	0.3000	0.2500	CHANGED	COOKING_ALCOHOL	COOKING_ALCOHOL	Semantik: Süßer japanischer Reiswürzwein mit Alkohol und ausgeprägter Süße; nicht Reisessig oder bloß gesüßter Sirup. Vergleich: Kochalkohol (0.2500) in COOKING_ALCOHOL. Entscheidungsgrund: Der Alkohol ist als Kochzutat eine geschmacks- und verfahrensprägende Pflichtvorgabe; Sorte und Stil unterscheiden die Aufgabe zusätzlich, weshalb der einheitliche Kochalkoholvertrag 0,25 vorsieht.	COOKING_ALCOHOL_INDEPENDENT_LOW_WEIGHT	MAIN_C604408_FULL_MASTER_POSTGRESQL17;ISSUE_288_AGENTIC_REVIEW_2026-09-17
MISO	Miso	APPLICABLE	0.7500	0.5000	CHANGED	FERMENTED_SEASONINGS	FERMENTED_SEASONINGS	Semantik: Japanische fermentierte Würzpaste auf Sojabohnenbasis, häufig mit Reis oder Gerste; Farbe, Salzgehalt und Reifegrad bleiben offen. Vergleich: fermentierte Würzzutat (1.0000) in FERMENTED_SEASONINGS. Entscheidungsgrund: Die fertige Würzform bringt ein eigenes Aroma- und häufig Texturprofil mit; gegenüber dem Anker ist sie eigenständig, beschränkt aber freie Würzung und Gerichtsausrichtung, weshalb die Familie kompakt auf dieser Stufe bleibt.		MAIN_C604408_FULL_MASTER_POSTGRESQL17;ISSUE_288_AGENTIC_REVIEW_2026-09-17
MITSUBA	Mitsuba	APPLICABLE	1.0000	0.7500	CHANGED	FRESH_HERBS	BASIL	Semantik: Frisches japanisches Doldenkraut mit feinem Sellerie-, Petersilien- und Zitrusaroma. Blätter und zarte Stiele als Kräuterzutat verwenden; gewöhnliche Petersilie ist kein Ersatzprodukt dieses Konzepts. Vergleich: Basilikum (0.7500) in FRESH_HERBS. Entscheidungsgrund: Das einzelne Aroma ist klar festgelegt, kann aber über mehrere Gerichte, Techniken und Kombinationen eingesetzt werden; wie beim Anker bleibt ausreichend eigenständige Kochbreite.		MAIN_C604408_FULL_MASTER_POSTGRESQL17;ISSUE_288_AGENTIC_REVIEW_2026-09-17
MIZUNA	Mizuna	APPLICABLE	1.0000	0.7500	CHANGED	CABBAGE_VEGETABLES	CABBAGE_VEGETABLES	Semantik: Japanisches Blattgemüse mit fein gezackten Blättern, knackigen Stielen und mild-pfeffriger Note. Roh oder gegart verwendbar; gemeint ist die eigenständige frische Gemüseart. Vergleich: Kohlgemüse (1.0000) in CABBAGE_VEGETABLES. Entscheidungsgrund: Art oder Sorte sind festgelegt, doch Zuschnitt, Garmethode und Kombination bleiben in mehreren süßen beziehungsweise herzhaften Anwendungen offen; das entspricht den eigenständigen Rohstoff-Peers der Familie.		MAIN_C604408_FULL_MASTER_POSTGRESQL17;ISSUE_288_AGENTIC_REVIEW_2026-09-17
MOCHI	Mochi	APPLICABLE	1.0000	0.7500	CHANGED	RICE_PRODUCTS	RICE_PRODUCTS	Semantik: Ungesüßte japanische Reiskuchen aus gestampftem Klebreis mit zäher, elastischer Textur. Gemeint sind schlichte Kochformen wie Kiri- oder Marumochi, nicht gefüllte Süßwaren oder Tteok. Vergleich: Reisprodukt (1.0000) in RICE_PRODUCTS. Entscheidungsgrund: Getreideart oder Produktform sind benannt, lassen aber süße und herzhafte Anwendungen sowie mehrere Garmethoden zu; diese Breite trägt die eigenständige Zwischenstufe.		MAIN_C604408_FULL_MASTER_POSTGRESQL17;ISSUE_288_AGENTIC_REVIEW_2026-09-17
MOLASSES	Melasse	APPLICABLE	0.3500	0.5000	CHANGED	SWEETENERS	SWEETENERS	Semantik: Dunkler zähflüssiger Rückstand der Zuckerherstellung mit kräftig karamellig-herbem Aroma; nicht heller Sirup. Vergleich: Süßungsmittel (1.0000) in SWEETENERS. Entscheidungsgrund: Verarbeitung, Aromaprofil oder fertige Produktfunktion sind bereits deutlich festgelegt; die Zutat ist eigenständig, aber weniger breit integrierbar als der neutrale Familienanker.		MAIN_C604408_FULL_MASTER_POSTGRESQL17;ISSUE_288_AGENTIC_REVIEW_2026-09-17
MOLE_PASTE	Mole-Paste	APPLICABLE	0.2500	0.5000	CHANGED	READY_SAUCES_AND_PASTES	MAYONNAISE	Semantik: Konzentrierte mexikanische Würzpaste für Mole-Saucen mit Chili, Gewürzen und weiteren variablen Zutaten; nicht fertige Sauce. Vergleich: Mayonnaise (0.5000) in READY_SAUCES_AND_PASTES. Entscheidungsgrund: Die fertige Würzform bringt ein eigenes Aroma- und häufig Texturprofil mit; gegenüber dem Anker ist sie eigenständig, beschränkt aber freie Würzung und Gerichtsausrichtung, weshalb die Familie kompakt auf dieser Stufe bleibt.		MAIN_C604408_FULL_MASTER_POSTGRESQL17;ISSUE_288_AGENTIC_REVIEW_2026-09-17
MOLLUSCS	Weichtiere	APPLICABLE	0.5500	1.0000	CHANGED	INVERTEBRATES	INVERTEBRATES	Semantik: Offene Vorgabe für essbare Weichtiere wie Muscheln, Schnecken, Oktopus oder Kalmar; aquatische und terrestrische Formen sind umfasst. Krebstiere, Insekten und Würmer sind nicht gemeint. Vergleich: wirbellose Tiere (1.0000) in INVERTEBRATES. Entscheidungsgrund: Die Vorgabe lässt innerhalb ihrer Semantik mehrere konkrete Produktformen, Kombinationen und Zubereitungen offen und bildet deshalb den breiten Referenzpunkt der Vergleichsgruppe.		MAIN_C604408_FULL_MASTER_POSTGRESQL17;ISSUE_288_AGENTIC_REVIEW_2026-09-17
MONKFISH	Seeteufel	APPLICABLE	0.3000	0.7500	CHANGED	WHITE_FISH	WHITE_FISH	Semantik: Seeteufel mit festem, magerem und nahezu grätenfreiem Fleisch; meist als Schwanzfilet erhältlich. Vergleich: weißfleischiger Fisch (1.0000) in WHITE_FISH. Entscheidungsgrund: Die Art beziehungsweise Tiergruppe ist festgelegt, Zuschnitt, Würzung und mehrere Gartechniken bleiben aber wählbar; das trägt eine eigenständige, gegenüber der offenen Familie leicht verdichtete Präsenz.		MAIN_C604408_FULL_MASTER_POSTGRESQL17;ISSUE_288_AGENTIC_REVIEW_2026-09-17
MOOSE	Elchfleisch	APPLICABLE	0.2000	0.7500	CHANGED	GAME_MEAT	GAME_MEAT	Semantik: Elchfleisch als frisches oder tiefgekühltes Fleischstück beziehungsweise geeignetes Gulasch-/Geschnetzeltesfleisch. Nicht Elchwurst, Trockenfleisch oder ein bereits zubereitetes Wildgericht. Vergleich: Wildfleisch (1.0000) in GAME_MEAT. Entscheidungsgrund: Elch legt die Wildart fest, nicht Zuschnitt oder Technik; Braten, Schmoren, Hack- und Ragoutanwendungen bleiben möglich, daher entspricht die Bindung anderen konkreten Wildarten.		MAIN_C604408_FULL_MASTER_POSTGRESQL17;ISSUE_288_AGENTIC_REVIEW_2026-09-17
MORCILLA	Morcilla	APPLICABLE	0.3000	0.5000	CHANGED	BLOOD_SAUSAGE	BLOOD_SAUSAGE	Semantik: Spanische Blutwurstfamilie mit regional stark variierenden Rezepturen, etwa mit Zwiebel, Reis oder Nüssen; Schweineblut ist charakteristisch. Nicht generisch jede Blutwurst und nicht auf Morcilla de Burgos beschränkt. Vergleich: Blutwurst (0.5000) in BLOOD_SAUSAGE. Entscheidungsgrund: Produktform, Aromaprofil oder typische Funktion sind enger vorgegeben als beim Anker; die Zutat bleibt unterscheidbar, wird wegen dieser Bindung innerhalb der Familie aber kompakter gewichtet.		MAIN_C604408_FULL_MASTER_POSTGRESQL17;ISSUE_288_AGENTIC_REVIEW_2026-09-17
MOREL	Morcheln	APPLICABLE	0.1800	0.7500	CHANGED	MUSHROOMS	MUSHROOMS	Semantik: Morcheln mit wabenartigem Hut und intensivem Waldpilzaroma; nur vollständig gegart verwenden. Vergleich: Pilze (1.0000) in MUSHROOMS. Entscheidungsgrund: Morcheln sind eine einzelne Pilzart, können aber als Hauptkomponente, Füllung, Sauce oder Aromageber unterschiedlich eingesetzt werden; die Artfestlegung trägt 0,75 statt einer engen Produktformstufe.		MAIN_C604408_FULL_MASTER_POSTGRESQL17;ISSUE_288_AGENTIC_REVIEW_2026-09-17
MORINGA_LEAVES	Moringablätter	APPLICABLE	0.2500	0.7500	CHANGED	LEAFY_GREENS	LEAFY_GREENS	Semantik: Blätter von Moringa oleifera, auf den Philippinen Malunggay; frisch, tiefgekühlt oder als kulinarisch verwendete getrocknete Blattform. Nicht Samen, Öl oder Nahrungsergänzungskapseln. Vergleich: Blattgemüse (1.0000) in LEAFY_GREENS. Entscheidungsgrund: Art oder Sorte sind festgelegt, doch Zuschnitt, Garmethode und Kombination bleiben in mehreren süßen beziehungsweise herzhaften Anwendungen offen; das entspricht den eigenständigen Rohstoff-Peers der Familie.		MAIN_C604408_FULL_MASTER_POSTGRESQL17;ISSUE_288_AGENTIC_REVIEW_2026-09-17
MOZZARELLA	Mozzarella	APPLICABLE	0.8500	0.7500	CHANGED	CHEESE	CHEESE	Semantik: Milder Pasta-filata-Käse mit elastischer bis weicher Textur; Kuh- und Büffelmilchvarianten sind umfasst. Vergleich: Käse (1.0000) in CHEESE. Entscheidungsgrund: Die konkrete Produktausprägung besitzt ein eigenes Profil, bleibt aber über mehrere Koch-, Back- oder Servierfunktionen einsetzbar; das trägt die Zwischenstufe gegenüber dem offenen Oberbegriff.		MAIN_C604408_FULL_MASTER_POSTGRESQL17;ISSUE_288_AGENTIC_REVIEW_2026-09-17
MSG	Mononatriumglutamat	APPLICABLE	0.3500	0.7500	CHANGED	SPICES	CUMIN	Semantik: Reines Mononatriumglutamat als kristalline Umami-Würze; kein vollständiger Gewürzmix oder Brühpulver. Vergleich: Kreuzkümmel (0.7500) in SPICES. Entscheidungsgrund: Das einzelne Aroma ist klar festgelegt, kann aber über mehrere Gerichte, Techniken und Kombinationen eingesetzt werden; wie beim Anker bleibt ausreichend eigenständige Kochbreite.		MAIN_C604408_FULL_MASTER_POSTGRESQL17;ISSUE_288_AGENTIC_REVIEW_2026-09-17
MULBERRY	Maulbeeren	APPLICABLE	0.2500	0.7500	CHANGED	BERRIES	BERRIES	Semantik: Maulbeeren mit süßem, mild-säuerlichem Aroma; frisch oder getrocknet verwendbar. Vergleich: Beeren (1.0000) in BERRIES. Entscheidungsgrund: Art oder Sorte sind festgelegt, doch Zuschnitt, Garmethode und Kombination bleiben in mehreren süßen beziehungsweise herzhaften Anwendungen offen; das entspricht den eigenständigen Rohstoff-Peers der Familie.		MAIN_C604408_FULL_MASTER_POSTGRESQL17;ISSUE_288_AGENTIC_REVIEW_2026-09-17
MUNG_BEANS	Mungbohnen	APPLICABLE	0.6000	0.7500	CHANGED	BEANS	BEANS	Semantik: Kleine grüne Mungbohnen mit mildem Geschmack; ganz, geschält oder vorgegart verwendbar, nicht ihre Sprossen. Vergleich: Bohnen (1.0000) in BEANS. Entscheidungsgrund: Art oder Sorte sind festgelegt, doch Zuschnitt, Garmethode und Kombination bleiben in mehreren süßen beziehungsweise herzhaften Anwendungen offen; das entspricht den eigenständigen Rohstoff-Peers der Familie.		MAIN_C604408_FULL_MASTER_POSTGRESQL17;ISSUE_288_AGENTIC_REVIEW_2026-09-17
MUOI_TOM	Muối tôm	APPLICABLE	0.2500	0.5000	CHANGED	SPICE_BLENDS	SPICE_BLENDS	Semantik: Vietnamesische trockene Würzmischung aus Salz, Chili und getrockneten Garnelen, häufig zusätzlich mit Knoblauch, Zucker oder Zitronengras. Besonders als Dip für Obst und Gemüse sowie zum Würzen von Reispapiersnacks verwendet. Vergleich: Gewürzmischung (1.0000) in SPICE_BLENDS. Entscheidungsgrund: Die fertige Würzform bringt ein eigenes Aroma- und häufig Texturprofil mit; gegenüber dem Anker ist sie eigenständig, beschränkt aber freie Würzung und Gerichtsausrichtung, weshalb die Familie kompakt auf dieser Stufe bleibt.		MAIN_C604408_FULL_MASTER_POSTGRESQL17;ISSUE_288_AGENTIC_REVIEW_2026-09-17
MUSHROOMS	Pilze	APPLICABLE	0.7500	1.0000	CHANGED	VEGETABLES	VEGETABLES	Semantik: Offene Vorgabe für essbare Pilze; Art, Kultur- oder Waldpilz und frisch oder getrocknet bleiben wählbar. Vergleich: Gemüse (1.0000) in VEGETABLES. Entscheidungsgrund: Die Zeile ist eine breite drawable Rohstofffamilie und lässt Sorte sowie rohe, gegarte oder weiterverarbeitete Umsetzung offen; sie bleibt deshalb der volle Referenzpunkt.		MAIN_C604408_FULL_MASTER_POSTGRESQL17;ISSUE_288_AGENTIC_REVIEW_2026-09-17
MUSHROOM_STOCK	Pilzfond	APPLICABLE	0.5000	0.7500	CHANGED	STOCKS	STOCKS	Semantik: Brühe oder Fond mit Pilzen als prägender Aromabasis; selbst gekocht oder als schlichtes Fertigprodukt verwendbar. Vergleich: Brühe oder Fond (1.0000) in STOCKS. Entscheidungsgrund: Die benannte Zutat ist gegenüber dem Oberbegriff konkretisiert, behält aber mehrere eigenständige Kochfunktionen und Zubereitungswege; die Familienüberschneidung rechtfertigt die maßvolle Verdichtung.		MAIN_C604408_FULL_MASTER_POSTGRESQL17;ISSUE_288_AGENTIC_REVIEW_2026-09-17
MUSSELS	Miesmuscheln	APPLICABLE	0.7500	0.7500	UNCHANGED	BIVALVES	BIVALVES	Semantik: Miesmuscheln mit dunkler Schale und saftigem, jodig-süßlichem Fleisch; frisch, tiefgekühlt oder ausgelöst verwendbar. Vergleich: Muscheln (1.0000) in BIVALVES. Entscheidungsgrund: Die Art beziehungsweise Tiergruppe ist festgelegt, Zuschnitt, Würzung und mehrere Gartechniken bleiben aber wählbar; das trägt eine eigenständige, gegenüber der offenen Familie leicht verdichtete Präsenz.		MAIN_C604408_FULL_MASTER_POSTGRESQL17;ISSUE_288_AGENTIC_REVIEW_2026-09-17
MUSTARD	Senf	APPLICABLE	0.7000	0.5000	CHANGED	READY_SAUCES_AND_PASTES	MAYONNAISE	Semantik: Verzehrfertige Senfzubereitung aus Senfsaat, Flüssigkeit und Würzung; Schärfe und Körnung bleiben offen. Vergleich: Mayonnaise (0.5000) in READY_SAUCES_AND_PASTES. Entscheidungsgrund: Die fertige Würzform bringt ein eigenes Aroma- und häufig Texturprofil mit; gegenüber dem Anker ist sie eigenständig, beschränkt aber freie Würzung und Gerichtsausrichtung, weshalb die Familie kompakt auf dieser Stufe bleibt.		MAIN_C604408_FULL_MASTER_POSTGRESQL17;ISSUE_288_AGENTIC_REVIEW_2026-09-17
MUSTARD_SEED	Senfsaat	APPLICABLE	0.5000	0.7500	CHANGED	SPICES	CUMIN	Semantik: Ganze Senfsamen mit nussiger bis stechend-scharfer Wirkung; gelbe, braune und schwarze Saat sind umfasst. Vergleich: Kreuzkümmel (0.7500) in SPICES. Entscheidungsgrund: Das einzelne Aroma ist klar festgelegt, kann aber über mehrere Gerichte, Techniken und Kombinationen eingesetzt werden; wie beim Anker bleibt ausreichend eigenständige Kochbreite.		MAIN_C604408_FULL_MASTER_POSTGRESQL17;ISSUE_288_AGENTIC_REVIEW_2026-09-17
MUTTON	Schaf	APPLICABLE	0.5500	1.0000	CHANGED	MEAT	MEAT	Semantik: Rohes Fleisch ausgewachsener Schafe mit kräftigerem Eigengeschmack als Lamm. Unterschiedliche unverarbeitete Zuschnitte und Hackfleisch sind zulässig; Lammfleisch sowie Wurst- und Fertigprodukte sind nicht gemeint. Vergleich: Fleisch (1.0000) in MEAT. Entscheidungsgrund: Der Oberbegriff lässt Tierart oder Zuschnitt und die spätere Garmethode offen und bildet damit den breiten Referenzpunkt der Fleischfamilie.		MAIN_C604408_FULL_MASTER_POSTGRESQL17;ISSUE_288_AGENTIC_REVIEW_2026-09-17
MUTTON_CHOP	Schafkotelett	APPLICABLE	0.5500	0.7500	CHANGED	MUTTON	MUTTON	Semantik: Kotelett aus dem Rückenbereich eines ausgewachsenen Schafs, typischerweise mit Knochen. Lammkotelett ist nicht gemeint. Vergleich: Schaf (1.0000) in MUTTON. Entscheidungsgrund: Tierart oder Zuschnitt sind konkret, doch Würzung, Kombination und mehrere passende Gartechniken bleiben offen; diese eigenständige Kochbreite trägt die Zwischenstufe.		MAIN_C604408_FULL_MASTER_POSTGRESQL17;ISSUE_288_AGENTIC_REVIEW_2026-09-17
MUTTON_LEG	Schafkeule	APPLICABLE	0.6500	0.7500	CHANGED	MUTTON	MUTTON	Semantik: Keule vom ausgewachsenen Schaf, mit oder ohne Knochen; ganze Bratenstücke sowie daraus geschnittene Steaks oder Würfel sind zulässig. Lammkeule ist nicht gemeint. Vergleich: Schaf (1.0000) in MUTTON. Entscheidungsgrund: Tierart oder Zuschnitt sind konkret, doch Würzung, Kombination und mehrere passende Gartechniken bleiben offen; diese eigenständige Kochbreite trägt die Zwischenstufe.		MAIN_C604408_FULL_MASTER_POSTGRESQL17;ISSUE_288_AGENTIC_REVIEW_2026-09-17
MUTTON_MINCE	Schafhackfleisch	APPLICABLE	0.6500	0.7500	CHANGED	MINCED_MEAT	MINCED_MEAT	Semantik: Ungewürztes Hackfleisch aus Fleisch ausgewachsener Schafe. Lammhack, gemischtes Hack sowie bereits gewürzte Patties oder Wurstmasse sind nicht gemeint. Vergleich: Hackfleisch (1.0000) in MINCED_MEAT. Entscheidungsgrund: Tierart oder Zuschnitt sind konkret, doch Würzung, Kombination und mehrere passende Gartechniken bleiben offen; diese eigenständige Kochbreite trägt die Zwischenstufe.		MAIN_C604408_FULL_MASTER_POSTGRESQL17;ISSUE_288_AGENTIC_REVIEW_2026-09-17
MUTTON_SHOULDER	Schafschulter	APPLICABLE	0.6500	0.7500	CHANGED	MUTTON	MUTTON	Semantik: Schulter beziehungsweise Bug vom ausgewachsenen Schaf, mit oder ohne Knochen und als Ganzstück oder zugeschnitten. Lammschulter ist nicht gemeint. Vergleich: Schaf (1.0000) in MUTTON. Entscheidungsgrund: Tierart oder Zuschnitt sind konkret, doch Würzung, Kombination und mehrere passende Gartechniken bleiben offen; diese eigenständige Kochbreite trägt die Zwischenstufe.		MAIN_C604408_FULL_MASTER_POSTGRESQL17;ISSUE_288_AGENTIC_REVIEW_2026-09-17
MYCOPROTEIN	Mykoprotein	APPLICABLE	0.4500	0.7500	CHANGED	PLANT_PROTEIN_PRODUCTS	PLANT_PROTEIN_PRODUCTS	Semantik: Pilzproteinbasierte Fleischalternative; Marke, Produktform und Würzung können variieren. Vergleich: pflanzliches Proteinprodukt (1.0000) in PLANT_PROTEIN_PRODUCTS. Entscheidungsgrund: Die benannte Zutat ist gegenüber dem Oberbegriff konkretisiert, behält aber mehrere eigenständige Kochfunktionen und Zubereitungswege; die Familienüberschneidung rechtfertigt die maßvolle Verdichtung.		MAIN_C604408_FULL_MASTER_POSTGRESQL17;ISSUE_288_AGENTIC_REVIEW_2026-09-17
MYOGA	Myōga	APPLICABLE	1.0000	0.7500	CHANGED	FLOWER_VEGETABLES	FLOWER_VEGETABLES	Semantik: Knackige Blütenknospen einer japanischen Ingwerart mit frischem, blumig-ingwerigem Aroma. Fein geschnitten roh oder kurz gegart verwenden; das gewöhnliche Ingwerrhizom ist eine andere Zutat. Vergleich: Blütengemüse (1.0000) in FLOWER_VEGETABLES. Entscheidungsgrund: Art oder Sorte sind festgelegt, doch Zuschnitt, Garmethode und Kombination bleiben in mehreren süßen beziehungsweise herzhaften Anwendungen offen; das entspricht den eigenständigen Rohstoff-Peers der Familie.		MAIN_C604408_FULL_MASTER_POSTGRESQL17;ISSUE_288_AGENTIC_REVIEW_2026-09-17
NAGAIMO	Nagaimo	APPLICABLE	1.0000	0.7500	CHANGED	YAM	YAM	Semantik: Japanische lang-zylindrische Yamknolle mit knackiger Rohtextur und charakteristisch schleimiger Bindung beim Reiben. Die engere Nagaimo-Gruppe ist gemeint, nicht sämtliche Yamaimo- oder Yam-Arten. Vergleich: Yamswurzel (0.7500) in YAM. Entscheidungsgrund: Die benannte Zutat ist gegenüber dem Oberbegriff konkretisiert, behält aber mehrere eigenständige Kochfunktionen und Zubereitungswege; die Familienüberschneidung rechtfertigt die maßvolle Verdichtung.		MAIN_C604408_FULL_MASTER_POSTGRESQL17;ISSUE_288_AGENTIC_REVIEW_2026-09-17
NAM_PRIK_PAO	Nam Prik Pao	APPLICABLE	0.4000	0.5000	CHANGED	CHILI_CONDIMENTS	CHILI_CONDIMENTS	Semantik: Geröstete thailändische Chilipaste mit Öl, süßlich-rauchigem Profil und kräftigem Umami; häufig mit Schalotten, Knoblauch, Tamarinde sowie Garnelen- oder Fischbestandteilen. Nicht bloß Chiliöl oder Sriracha. Vergleich: Chilisauce oder -paste (1.0000) in CHILI_CONDIMENTS. Entscheidungsgrund: Die fertige Würzform bringt ein eigenes Aroma- und häufig Texturprofil mit; gegenüber dem Anker ist sie eigenständig, beschränkt aber freie Würzung und Gerichtsausrichtung, weshalb die Familie kompakt auf dieser Stufe bleibt.		MAIN_C604408_FULL_MASTER_POSTGRESQL17;ISSUE_288_AGENTIC_REVIEW_2026-09-17
NAPA_CABBAGE	Chinakohl	APPLICABLE	0.9500	0.7500	CHANGED	CABBAGE_VEGETABLES	CABBAGE_VEGETABLES	Semantik: Chinakohl mit hellen knackigen Rippen und zarten Blättern; roh, gegart oder fermentiert verwendbar. Vergleich: Kohlgemüse (1.0000) in CABBAGE_VEGETABLES. Entscheidungsgrund: Art oder Sorte sind festgelegt, doch Zuschnitt, Garmethode und Kombination bleiben in mehreren süßen beziehungsweise herzhaften Anwendungen offen; das entspricht den eigenständigen Rohstoff-Peers der Familie.		MAIN_C604408_FULL_MASTER_POSTGRESQL17;ISSUE_288_AGENTIC_REVIEW_2026-09-17
NATA_DE_COCO	Nata de coco	APPLICABLE	0.3000	0.7500	CHANGED	COCONUT_PRODUCTS	COCONUT_PRODUCTS	Semantik: Kaubares, transparentes Cellulosegel aus fermentativ verarbeiteter Kokosrohware; typischerweise gesüßt als Dessert-, Getränke- oder Fruchtsalatzutat angeboten. Nicht mit Agar-, Konjak- oder beliebigem Kokosgelee gleichsetzen. Vergleich: Kokoszutat (1.0000) in COCONUT_PRODUCTS. Entscheidungsgrund: Die konkrete Produktausprägung besitzt ein eigenes Profil, bleibt aber über mehrere Koch-, Back- oder Servierfunktionen einsetzbar; das trägt die Zwischenstufe gegenüber dem offenen Oberbegriff.		MAIN_C604408_FULL_MASTER_POSTGRESQL17;ISSUE_288_AGENTIC_REVIEW_2026-09-17
NATTO	Nattō	APPLICABLE	0.2000	0.5000	CHANGED	FERMENTED_SEASONINGS	FERMENTED_SEASONINGS	Semantik: Japanische fermentierte Sojabohnen mit klebrigen Fäden und kräftigem, erdig-würzigem Aroma. Vergleich: fermentierte Würzzutat (1.0000) in FERMENTED_SEASONINGS. Entscheidungsgrund: Die fertige Würzform bringt ein eigenes Aroma- und häufig Texturprofil mit; gegenüber dem Anker ist sie eigenständig, beschränkt aber freie Würzung und Gerichtsausrichtung, weshalb die Familie kompakt auf dieser Stufe bleibt.		MAIN_C604408_FULL_MASTER_POSTGRESQL17;ISSUE_288_AGENTIC_REVIEW_2026-09-17
NDUJA	’Nduja	APPLICABLE	0.3000	0.5000	CHANGED	CURED_MEAT	CURED_MEAT	Semantik: Weiche streichfähige kalabrische Schweinewurst mit hohem Chili- und Fettanteil; nicht feste Chorizo. Vergleich: gepökeltes oder luftgetrocknetes Fleisch (1.0000) in CURED_MEAT. Entscheidungsgrund: Rezeptur, Verarbeitung und typische Textur sind bei diesem benannten Produkt bereits wesentlich festgelegt; die Eigenständigkeit bleibt erhalten, die Familienverdichtung begrenzt aber seine relative Präsenz.		MAIN_C604408_FULL_MASTER_POSTGRESQL17;ISSUE_288_AGENTIC_REVIEW_2026-09-17
NECTARINE	Nektarine	APPLICABLE	0.6000	0.7500	CHANGED	STONE_FRUIT	STONE_FRUIT	Semantik: Glattschalige Steinfrucht aus der Pfirsichfamilie mit saftigem süß-säuerlichem Fleisch. Vergleich: Steinobst (1.0000) in STONE_FRUIT. Entscheidungsgrund: Art oder Sorte sind festgelegt, doch Zuschnitt, Garmethode und Kombination bleiben in mehreren süßen beziehungsweise herzhaften Anwendungen offen; das entspricht den eigenständigen Rohstoff-Peers der Familie.		MAIN_C604408_FULL_MASTER_POSTGRESQL17;ISSUE_288_AGENTIC_REVIEW_2026-09-17
NEUTRAL_OIL	neutrales Pflanzenöl	APPLICABLE	0.5500	0.7500	CHANGED	OILS	OILS	Semantik: Raffiniertes Pflanzenöl mit wenig Eigengeschmack und guter Hitzetoleranz; konkrete Ölpflanze bleibt offen. Vergleich: Speiseöl (1.0000) in OILS. Entscheidungsgrund: Die konkrete Produktausprägung besitzt ein eigenes Profil, bleibt aber über mehrere Koch-, Back- oder Servierfunktionen einsetzbar; das trägt die Zwischenstufe gegenüber dem offenen Oberbegriff.		MAIN_C604408_FULL_MASTER_POSTGRESQL17;ISSUE_288_AGENTIC_REVIEW_2026-09-17
NEW_POTATOES	Frühkartoffeln	APPLICABLE	0.7500	0.7500	UNCHANGED	POTATO	POTATO	Semantik: Jung geerntete Kartoffeln mit dünner Schale und wachsiger Textur; Sorte bleibt offen. Vergleich: Kartoffel (0.7500) in POTATO. Entscheidungsgrund: Die benannte Zutat ist gegenüber dem Oberbegriff konkretisiert, behält aber mehrere eigenständige Kochfunktionen und Zubereitungswege; die Familienüberschneidung rechtfertigt die maßvolle Verdichtung.		MAIN_C604408_FULL_MASTER_POSTGRESQL17;ISSUE_288_AGENTIC_REVIEW_2026-09-17
NIPA_PALM_VINEGAR	Nipapalmenessig	APPLICABLE	0.2000	0.7500	CHANGED	VINEGAR	VINEGAR	Semantik: Natürlich fermentierter Essig aus dem Saft der Nipapalme. Gemeint ist die generische Produktart; regionale Produkte wie Sukang Paombong sind mögliche Ausprägungen, aber keine Voraussetzung. Vergleich: Essig (1.0000) in VINEGAR. Entscheidungsgrund: Der Ausgangsrohstoff bestimmt eine Essigart, Säureanwendung, Marinade, Dip und Würzung bleiben jedoch offen; seine Beschaffbarkeit wird nicht in das Basisgewicht zurückgerechnet.		MAIN_C604408_FULL_MASTER_POSTGRESQL17;ISSUE_288_AGENTIC_REVIEW_2026-09-17
NOODLES	Nudeln	APPLICABLE	0.7500	1.0000	CHANGED	STARCHES	STARCHES	Semantik: Offene Vorgabe für geformte Nudeln aus Getreide oder Stärke; Rohstoff, Form und Küchentradition bleiben wählbar. Vergleich: stärkehaltige Zutat oder Sättigungsbeilage (1.0000) in STARCHES. Entscheidungsgrund: Der drawable Oberbegriff lässt Getreideart oder konkrete Stärkeform und spätere Technik offen und bleibt deshalb der breite Referenzpunkt.		MAIN_C604408_FULL_MASTER_POSTGRESQL17;ISSUE_288_AGENTIC_REVIEW_2026-09-17
NORA_PEPPER	Ñora-Paprika	APPLICABLE	0.3000	0.5000	CHANGED	PRESERVED_PRODUCE	PRESERVED_PRODUCE	Semantik: Kleine runde, reif rot geerntete und getrocknete spanische Paprika (ñora), meist eingeweicht beziehungsweise ausgeschabt als Würzzutat verwendet; nicht Paprikapulver und nicht generische getrocknete Chili. Vergleich: konservierte pflanzliche Zutat (1.0000) in PRESERVED_PRODUCE. Entscheidungsgrund: Konservierung und konkrete Produktform prägen Geschmack, Textur oder weitere Verarbeitung bereits vor; innerhalb der Familie bleibt die Zutat eigenständig, aber enger als der unverarbeitete Rohstoff.		MAIN_C604408_FULL_MASTER_POSTGRESQL17;ISSUE_288_AGENTIC_REVIEW_2026-09-17
NORI	Nori	APPLICABLE	0.5000	0.5000	UNCHANGED	SEAWEED	SEAWEED	Semantik: Dünne getrocknete Blätter aus roten Meeresalgen, typischerweise geröstet; nicht Kombu oder Wakame. Vergleich: Algen (1.0000) in SEAWEED. Entscheidungsgrund: Produktform, Aromaprofil oder typische Funktion sind enger vorgegeben als beim Anker; die Zutat bleibt unterscheidbar, wird wegen dieser Bindung innerhalb der Familie aber kompakter gewichtet.		MAIN_C604408_FULL_MASTER_POSTGRESQL17;ISSUE_288_AGENTIC_REVIEW_2026-09-17
NORTHERN_PRAWN	Eismeergarnele	APPLICABLE	0.4500	0.5000	CHANGED	SHRIMP	SHRIMP	Semantik: Eismeergarnele beziehungsweise Nordische Garnele (Pandalus borealis), frisch oder tiefgekühlt und je nach Produkt geschält oder ungeschält. Nicht mit der Nordseekrabbe (Crangon crangon) oder beliebigen Warmwassergarnelen gleichsetzen. Vergleich: Garnelen (0.7500) in SHRIMP. Entscheidungsgrund: Konservierung oder stark festgelegte Produktform begrenzen Textur und Einsatz gegenüber frischer Rohware; die benannte Zutat bleibt dennoch ein eigenständiger Familienfall.		MAIN_C604408_FULL_MASTER_POSTGRESQL17;ISSUE_288_AGENTIC_REVIEW_2026-09-17
NORTH_SEA_SHRIMP	Nordseekrabbe	APPLICABLE	0.4500	0.5000	CHANGED	SHRIMP	SHRIMP	Semantik: Kleine graue Nordseegarnele (Crangon crangon), in Deutschland üblicherweise als Nordseekrabbe bezeichnet; typischerweise bereits gekocht und geschält erhältlich. Nicht beliebige Garnelen und trotz des deutschen Namens keine echte Krabbe. Vergleich: Garnelen (0.7500) in SHRIMP. Entscheidungsgrund: Konservierung oder stark festgelegte Produktform begrenzen Textur und Einsatz gegenüber frischer Rohware; die benannte Zutat bleibt dennoch ein eigenständiger Familienfall.		MAIN_C604408_FULL_MASTER_POSTGRESQL17;ISSUE_288_AGENTIC_REVIEW_2026-09-17
NORWEGIAN_WAFFLE	Norwegische Waffel	APPLICABLE	0.4500	0.5000	CHANGED	WAFFLES	WAFFLES	Semantik: Dünne, weiche Waffel nach norwegischer Art, typischerweise herzförmig, leicht süß und mit Kardamom aromatisiert. Gemeint ist die Waffel selbst, ohne vorausgesetzte Beläge. Vergleich: Waffel (1.0000) in WAFFLES. Entscheidungsgrund: Produktform, Aromaprofil oder typische Funktion sind enger vorgegeben als beim Anker; die Zutat bleibt unterscheidbar, wird wegen dieser Bindung innerhalb der Familie aber kompakter gewichtet.		MAIN_C604408_FULL_MASTER_POSTGRESQL17;ISSUE_288_AGENTIC_REVIEW_2026-09-17
NUTMEG	Muskatnuss	APPLICABLE	0.5000	0.5000	UNCHANGED	SPICES	CUMIN	Semantik: Muskatnuss als intensiv warm-würziger Samenkern, frisch gerieben oder gemahlen; sparsam dosieren. Vergleich: Kreuzkümmel (0.7500) in SPICES. Entscheidungsgrund: Muskat wird wegen seines dominanten warmen Aromas typischerweise sparsam in klar passenden Gerichten eingesetzt; die Bindungswirkung ist höher als bei vielseitig dosierbaren Einzelgewürzen.		MAIN_C604408_FULL_MASTER_POSTGRESQL17;ISSUE_288_AGENTIC_REVIEW_2026-09-17
NUTRITIONAL_YEAST	Hefeflocken	APPLICABLE	0.5500	0.7500	CHANGED	SPICES	CUMIN	Semantik: Inaktive getrocknete Hefeflocken mit nussig-käsigem Umami; keine aktive Backhefe. Vergleich: Kreuzkümmel (0.7500) in SPICES. Entscheidungsgrund: Das einzelne Aroma ist klar festgelegt, kann aber über mehrere Gerichte, Techniken und Kombinationen eingesetzt werden; wie beim Anker bleibt ausreichend eigenständige Kochbreite.		MAIN_C604408_FULL_MASTER_POSTGRESQL17;ISSUE_288_AGENTIC_REVIEW_2026-09-17
NUTS	Nüsse	APPLICABLE	0.6500	1.0000	CHANGED	NUTS	NUTS	Semantik: Offene Vorgabe für kulinarisch als Nüsse verwendete Kerne; Sorte, Röstung und Zerkleinerung bleiben wählbar. Vergleich: Nüsse (1.0000) in NUTS. Entscheidungsgrund: Die Zeile ist eine breite drawable Rohstofffamilie und lässt Sorte sowie rohe, gegarte oder weiterverarbeitete Umsetzung offen; sie bleibt deshalb der volle Referenzpunkt.		MAIN_C604408_FULL_MASTER_POSTGRESQL17;ISSUE_288_AGENTIC_REVIEW_2026-09-17
NUT_AND_SEED_PASTES	Nuss- oder Samenpaste	APPLICABLE	0.4500	1.0000	CHANGED	SAUCES_AND_PASTES	SAUCES_AND_PASTES	Semantik: Offene Familie fein vermahlener Nuss- oder Samenpasten; Rohstoff, Röstung und Süßung bleiben offen. Vergleich: Sauce, Würzmittel oder Paste (1.0000) in SAUCES_AND_PASTES. Entscheidungsgrund: Die Vorgabe lässt innerhalb ihrer Semantik mehrere konkrete Produktformen, Kombinationen und Zubereitungen offen und bildet deshalb den breiten Referenzpunkt der Vergleichsgruppe.		MAIN_C604408_FULL_MASTER_POSTGRESQL17;ISSUE_288_AGENTIC_REVIEW_2026-09-17
OATS	Hafer	APPLICABLE	0.7000	0.7500	CHANGED	GRAINS	GRAINS	Semantik: Hafer als ganzes Korn, Grütze oder Flocken; konkrete Verarbeitungsform bleibt wählbar. Vergleich: Getreide oder Pseudogetreide (1.0000) in GRAINS. Entscheidungsgrund: Getreideart oder Produktform sind benannt, lassen aber süße und herzhafte Anwendungen sowie mehrere Garmethoden zu; diese Breite trägt die eigenständige Zwischenstufe.		MAIN_C604408_FULL_MASTER_POSTGRESQL17;ISSUE_288_AGENTIC_REVIEW_2026-09-17
OAT_DRINK	Hafermilch	APPLICABLE	0.6000	0.7500	CHANGED	PLANT_DRINKS	SOY_DRINK	Semantik: Flüssiger Pflanzendrink auf Haferbasis; gesüßte und ungesüßte sowie baristataugliche Varianten sind umfasst. Vergleich: Sojamilch (0.7500) in PLANT_DRINKS. Entscheidungsgrund: Die konkrete Produktausprägung besitzt ein eigenes Profil, bleibt aber über mehrere Koch-, Back- oder Servierfunktionen einsetzbar; das trägt die Zwischenstufe gegenüber dem offenen Oberbegriff.		MAIN_C604408_FULL_MASTER_POSTGRESQL17;ISSUE_288_AGENTIC_REVIEW_2026-09-17
OBAZDA	Obazda	APPLICABLE	0.4000	0.5000	CHANGED	DAIRY_PRODUCTS	CREAM_CHEESE	Semantik: Bayerische würzige Käsezubereitung aus zerdrücktem reifem Weichkäse, typischerweise mit Butter und Paprika; streichfähig und kräftig im Geschmack. Nicht der verwendete Käse allein, Frischkäse natur oder beliebiger Käseaufstrich. Vergleich: Frischkäse (0.7500) in DAIRY_PRODUCTS. Entscheidungsgrund: Weichkäse, Butter und Paprikawürzung sind als streichfähige fertige Zubereitung kombiniert; gegenüber neutralem Frischkäse sind Geschmack und Funktion deutlich stärker festgelegt.		MAIN_C604408_FULL_MASTER_POSTGRESQL17;ISSUE_288_AGENTIC_REVIEW_2026-09-17
OCTOPUS	Oktopus	APPLICABLE	0.3000	0.7500	CHANGED	MOLLUSCS	MOLLUSCS	Semantik: Oktopus mit festen Armen und kollagenreichem Fleisch, das durch geeignete Garung zart wird; nicht Kalmar. Vergleich: Weichtiere (1.0000) in MOLLUSCS. Entscheidungsgrund: Die Art beziehungsweise Tiergruppe ist festgelegt, Zuschnitt, Würzung und mehrere Gartechniken bleiben aber wählbar; das trägt eine eigenständige, gegenüber der offenen Familie leicht verdichtete Präsenz.		MAIN_C604408_FULL_MASTER_POSTGRESQL17;ISSUE_288_AGENTIC_REVIEW_2026-09-17
OFFAL	Innereien	APPLICABLE	0.3500	1.0000	CHANGED	MEAT	MEAT	Semantik: Offene Vorgabe für essbare Innereien und verwandte Schlachtteile; Tierart und Organ bleiben bewusst wählbar. Vergleich: Fleisch (1.0000) in MEAT. Entscheidungsgrund: Der Oberbegriff lässt Tierart oder Zuschnitt und die spätere Garmethode offen und bildet damit den breiten Referenzpunkt der Fleischfamilie.		MAIN_C604408_FULL_MASTER_POSTGRESQL17;ISSUE_288_AGENTIC_REVIEW_2026-09-17
OILS	Speiseöl	APPLICABLE	0.4000	1.0000	CHANGED	COOKING_FATS	COOKING_FATS	Semantik: Offene Vorgabe für flüssige Speiseöle; Rohstoff, Raffination, Eigengeschmack und Hitzetoleranz bleiben offen. Vergleich: Kochfett (1.0000) in COOKING_FATS. Entscheidungsgrund: Der drawable Oberbegriff lässt konkrete Rohstoff- oder Produktausprägung und Verwendung offen und dient als breiter Familienanker.		MAIN_C604408_FULL_MASTER_POSTGRESQL17;ISSUE_288_AGENTIC_REVIEW_2026-09-17
OILY_FISH	fettreicher Fisch	APPLICABLE	0.6500	1.0000	CHANGED	FISH	FISH	Semantik: Offene Vorgabe für fettreiche Fischarten mit kräftigerem Geschmack und saftigem Fleisch. Vergleich: Fisch (1.0000) in FISH. Entscheidungsgrund: Die drawable Familienvorgabe lässt Art, Zuschnitt und Garmethode offen und bildet damit den breiten Referenzpunkt für konkrete Meeres- und Süßwasserprodukte.		MAIN_C604408_FULL_MASTER_POSTGRESQL17;ISSUE_288_AGENTIC_REVIEW_2026-09-17
OKRA	Okra	APPLICABLE	0.5000	0.7500	CHANGED	FRUIT_VEGETABLES	FRUIT_VEGETABLES	Semantik: Junge Okraschoten mit grasig-mildem Geschmack; ihre Samen und Schleimstoffe entwickeln beim Garen eine charakteristische Bindung. Vergleich: Fruchtgemüse (1.0000) in FRUIT_VEGETABLES. Entscheidungsgrund: Art oder Sorte sind festgelegt, doch Zuschnitt, Garmethode und Kombination bleiben in mehreren süßen beziehungsweise herzhaften Anwendungen offen; das entspricht den eigenständigen Rohstoff-Peers der Familie.		MAIN_C604408_FULL_MASTER_POSTGRESQL17;ISSUE_288_AGENTIC_REVIEW_2026-09-17
OLIVES	Oliven	APPLICABLE	0.6000	0.5000	CHANGED	PRESERVED_PRODUCE	PRESERVED_PRODUCE	Semantik: Essfertig entbitterte Oliven in Lake oder Öl; Farbe, Sorte, Entsteinung und Würzung bleiben offen. Vergleich: konservierte pflanzliche Zutat (1.0000) in PRESERVED_PRODUCE. Entscheidungsgrund: Konservierung und konkrete Produktform prägen Geschmack, Textur oder weitere Verarbeitung bereits vor; innerhalb der Familie bleibt die Zutat eigenständig, aber enger als der unverarbeitete Rohstoff.		MAIN_C604408_FULL_MASTER_POSTGRESQL17;ISSUE_288_AGENTIC_REVIEW_2026-09-17
OLIVE_OIL	Olivenöl	APPLICABLE	0.6500	0.7500	CHANGED	OILS	OILS	Semantik: Speiseöl aus Oliven; natives aromatisches und raffiniertes milderes Öl sind je nach Anwendung möglich. Vergleich: Speiseöl (1.0000) in OILS. Entscheidungsgrund: Die konkrete Produktausprägung besitzt ein eigenes Profil, bleibt aber über mehrere Koch-, Back- oder Servierfunktionen einsetzbar; das trägt die Zwischenstufe gegenüber dem offenen Oberbegriff.		MAIN_C604408_FULL_MASTER_POSTGRESQL17;ISSUE_288_AGENTIC_REVIEW_2026-09-17
OLOMOUC_TVARUZKY	Olmützer Quargel	APPLICABLE	0.2500	0.7500	CHANGED	CHEESE	CHEESE	Semantik: Olomoucké tvarůžky: tschechischer g.g.A.-Schmierkäse aus Sauermilchquark mit höchstens 1 % Fett, kräftigem bis sehr scharfem Aroma und ausgeprägter Reifungsnote. Nicht mit beliebigem Harzer Käse oder Quark gleichsetzen. Vergleich: Käse (1.0000) in CHEESE. Entscheidungsgrund: Die konkrete Produktausprägung besitzt ein eigenes Profil, bleibt aber über mehrere Koch-, Back- oder Servierfunktionen einsetzbar; das trägt die Zwischenstufe gegenüber dem offenen Oberbegriff.		MAIN_C604408_FULL_MASTER_POSTGRESQL17;ISSUE_288_AGENTIC_REVIEW_2026-09-17
ONION	Zwiebel	APPLICABLE	0.7500	0.7500	UNCHANGED	ALLIUM_VEGETABLES	ALLIUM_VEGETABLES	Semantik: Küchenzwiebel mit schwefelig-scharfem, beim Garen süßlichem Aroma; gelbe beziehungsweise braune Standardsorte gemeint. Vergleich: Lauch- und Zwiebelgemüse (1.0000) in ALLIUM_VEGETABLES. Entscheidungsgrund: Art oder Sorte sind festgelegt, doch Zuschnitt, Garmethode und Kombination bleiben in mehreren süßen beziehungsweise herzhaften Anwendungen offen; das entspricht den eigenständigen Rohstoff-Peers der Familie.		MAIN_C604408_FULL_MASTER_POSTGRESQL17;ISSUE_288_AGENTIC_REVIEW_2026-09-17
ONION_POWDER	Zwiebelpulver	APPLICABLE	0.6000	0.7500	CHANGED	SPICES	CUMIN	Semantik: Getrocknete gemahlene oder granulierte Zwiebel mit konzentriertem Aroma; nicht frische Zwiebel oder Zwiebelsalz. Vergleich: Kreuzkümmel (0.7500) in SPICES. Entscheidungsgrund: Das einzelne Aroma ist klar festgelegt, kann aber über mehrere Gerichte, Techniken und Kombinationen eingesetzt werden; wie beim Anker bleibt ausreichend eigenständige Kochbreite.		MAIN_C604408_FULL_MASTER_POSTGRESQL17;ISSUE_288_AGENTIC_REVIEW_2026-09-17
OOLONG_TEA	Oolongtee	APPLICABLE	0.3000	0.7500	CHANGED	TEA	TEA	Semantik: Teiloxidierter Tee zwischen grünem und schwarzem Tee; Stil reicht von floral-leicht bis dunkel geröstet. Vergleich: Tee (1.0000) in TEA. Entscheidungsgrund: Die benannte Zutat ist gegenüber dem Oberbegriff konkretisiert, behält aber mehrere eigenständige Kochfunktionen und Zubereitungswege; die Familienüberschneidung rechtfertigt die maßvolle Verdichtung.		MAIN_C604408_FULL_MASTER_POSTGRESQL17;ISSUE_288_AGENTIC_REVIEW_2026-09-17
ORANGE	Orange	APPLICABLE	0.9000	0.7500	CHANGED	CITRUS_FRUIT	CITRUS_FRUIT	Semantik: Süße Orange mit saftigem Fruchtfleisch und aromatischer Schale; Blutorange bleibt als eigene Ausprägung getrennt. Vergleich: Zitrusfrucht (1.0000) in CITRUS_FRUIT. Entscheidungsgrund: Art oder Sorte sind festgelegt, doch Zuschnitt, Garmethode und Kombination bleiben in mehreren süßen beziehungsweise herzhaften Anwendungen offen; das entspricht den eigenständigen Rohstoff-Peers der Familie.		MAIN_C604408_FULL_MASTER_POSTGRESQL17;ISSUE_288_AGENTIC_REVIEW_2026-09-17
OREGANO	Oregano	APPLICABLE	0.6500	0.7500	CHANGED	FRESH_HERBS	BASIL	Semantik: Oregano mit kräftig-herbem, warmem Kräuteraroma; frisch oder getrocknet verwendbar. Vergleich: Basilikum (0.7500) in FRESH_HERBS. Entscheidungsgrund: Das einzelne Aroma ist klar festgelegt, kann aber über mehrere Gerichte, Techniken und Kombinationen eingesetzt werden; wie beim Anker bleibt ausreichend eigenständige Kochbreite.		MAIN_C604408_FULL_MASTER_POSTGRESQL17;ISSUE_288_AGENTIC_REVIEW_2026-09-17
ORZO	Orzo	APPLICABLE	0.6500	0.7500	CHANGED	WHEAT_PASTA	WHEAT_PASTA	Semantik: Kleine reisförmige Weizenpasta, auch Kritharaki genannt; trotz der Form kein Reis. Vergleich: Weizenpasta (0.7500) in WHEAT_PASTA. Entscheidungsgrund: Die benannte Zutat ist gegenüber dem Oberbegriff konkretisiert, behält aber mehrere eigenständige Kochfunktionen und Zubereitungswege; die Familienüberschneidung rechtfertigt die maßvolle Verdichtung.		MAIN_C604408_FULL_MASTER_POSTGRESQL17;ISSUE_288_AGENTIC_REVIEW_2026-09-17
OXTAIL	Ochsenschwanz	APPLICABLE	0.3500	0.7500	CHANGED	BEEF	BEEF	Semantik: Quergeschnittener Rinderschwanz mit Knochen, Fett und viel Kollagen; für langsames Schmoren oder Brühen geeignet. Vergleich: Rindfleisch (1.0000) in BEEF. Entscheidungsgrund: Tierart oder Zuschnitt sind konkret, doch Würzung, Kombination und mehrere passende Gartechniken bleiben offen; diese eigenständige Kochbreite trägt die Zwischenstufe.		MAIN_C604408_FULL_MASTER_POSTGRESQL17;ISSUE_288_AGENTIC_REVIEW_2026-09-17
OYSTER	Austern	APPLICABLE	0.2500	0.7500	CHANGED	BIVALVES	BIVALVES	Semantik: Auster als essbare Muschel mit jodig-salzigem Geschmack; lebend in der Schale oder ausgelöst verwendbar. Vergleich: Muscheln (1.0000) in BIVALVES. Entscheidungsgrund: Die Art beziehungsweise Tiergruppe ist festgelegt, Zuschnitt, Würzung und mehrere Gartechniken bleiben aber wählbar; das trägt eine eigenständige, gegenüber der offenen Familie leicht verdichtete Präsenz.		MAIN_C604408_FULL_MASTER_POSTGRESQL17;ISSUE_288_AGENTIC_REVIEW_2026-09-17
OYSTER_MUSHROOM	Austernpilze	APPLICABLE	0.8000	0.7500	CHANGED	MUSHROOMS	MUSHROOMS	Semantik: Austernseitling mit breitem Hut, zart-faseriger Textur und mildem Umami; nicht Kräuterseitling. Vergleich: Pilze (1.0000) in MUSHROOMS. Entscheidungsgrund: Art oder Sorte sind festgelegt, doch Zuschnitt, Garmethode und Kombination bleiben in mehreren süßen beziehungsweise herzhaften Anwendungen offen; das entspricht den eigenständigen Rohstoff-Peers der Familie.		MAIN_C604408_FULL_MASTER_POSTGRESQL17;ISSUE_288_AGENTIC_REVIEW_2026-09-17
OYSTER_SAUCE	Austernsauce	APPLICABLE	0.6000	0.5000	CHANGED	READY_SAUCES_AND_PASTES	MAYONNAISE	Semantik: Dicke salzig-süßliche Würzsauce mit Austernextrakt und Umami; vegetarische Pilzvarianten sind nicht gemeint. Vergleich: Mayonnaise (0.5000) in READY_SAUCES_AND_PASTES. Entscheidungsgrund: Die fertige Würzform bringt ein eigenes Aroma- und häufig Texturprofil mit; gegenüber dem Anker ist sie eigenständig, beschränkt aber freie Würzung und Gerichtsausrichtung, weshalb die Familie kompakt auf dieser Stufe bleibt.		MAIN_C604408_FULL_MASTER_POSTGRESQL17;ISSUE_288_AGENTIC_REVIEW_2026-09-17
PADRON_PEPPER	Padrón-Paprika	APPLICABLE	0.5000	0.7500	CHANGED	CHILI	CHILI	Semantik: Kleine grüne Paprika der Padrón-/Pemento-de-Herbón-Tradition; überwiegend mild, einzelne Früchte deutlich scharf. Gemeint ist die frische ganze Paprika, nicht ein fertiges Tapasgericht. Vergleich: frische Chili (1.0000) in CHILI. Entscheidungsgrund: Das einzelne Aroma ist klar festgelegt, kann aber über mehrere Gerichte, Techniken und Kombinationen eingesetzt werden; wie beim Anker bleibt ausreichend eigenständige Kochbreite.		MAIN_C604408_FULL_MASTER_POSTGRESQL17;ISSUE_288_AGENTIC_REVIEW_2026-09-17
PAK_CHOI	Pak Choi	APPLICABLE	0.9500	0.7500	CHANGED	CABBAGE_VEGETABLES	CABBAGE_VEGETABLES	Semantik: Asiatisches Kohlgemüse mit saftigen hellen Stielen und dunklen Blättern; beide Teile sind essbar. Vergleich: Kohlgemüse (1.0000) in CABBAGE_VEGETABLES. Entscheidungsgrund: Art oder Sorte sind festgelegt, doch Zuschnitt, Garmethode und Kombination bleiben in mehreren süßen beziehungsweise herzhaften Anwendungen offen; das entspricht den eigenständigen Rohstoff-Peers der Familie.		MAIN_C604408_FULL_MASTER_POSTGRESQL17;ISSUE_288_AGENTIC_REVIEW_2026-09-17
PALM_SUGAR	Palmzucker	APPLICABLE	0.4500	0.7500	CHANGED	SWEETENERS	SWEETENERS	Semantik: Aus Palmensaft eingekochter Zucker mit karamelligem Aroma; Block-, Pasten- und Granulatformen sind umfasst. Vergleich: Süßungsmittel (1.0000) in SWEETENERS. Entscheidungsgrund: Die konkrete Produktausprägung besitzt ein eigenes Profil, bleibt aber über mehrere Koch-, Back- oder Servierfunktionen einsetzbar; das trägt die Zwischenstufe gegenüber dem offenen Oberbegriff.		MAIN_C604408_FULL_MASTER_POSTGRESQL17;ISSUE_288_AGENTIC_REVIEW_2026-09-17
PANCETTA	Pancetta	APPLICABLE	0.4500	0.5000	CHANGED	CURED_MEAT	CURED_MEAT	Semantik: Italienischer gepökelter, meist ungeräucherter Schweinebauch; gerollt oder flach und roh zu garen beziehungsweise gereift. Vergleich: gepökeltes oder luftgetrocknetes Fleisch (1.0000) in CURED_MEAT. Entscheidungsgrund: Rezeptur, Verarbeitung und typische Textur sind bei diesem benannten Produkt bereits wesentlich festgelegt; die Eigenständigkeit bleibt erhalten, die Familienverdichtung begrenzt aber seine relative Präsenz.		MAIN_C604408_FULL_MASTER_POSTGRESQL17;ISSUE_288_AGENTIC_REVIEW_2026-09-17
PANDAN_LEAVES	Pandanblätter	APPLICABLE	0.2500	0.7500	CHANGED	FRESH_HERBS	BASIL	Semantik: Lange aromatische Pandanblätter mit süßlich-grünem, vanilleähnlichem Duft; meist zum Mitgaren oder Extrahieren. Vergleich: Basilikum (0.7500) in FRESH_HERBS. Entscheidungsgrund: Das einzelne Aroma ist klar festgelegt, kann aber über mehrere Gerichte, Techniken und Kombinationen eingesetzt werden; wie beim Anker bleibt ausreichend eigenständige Kochbreite.		MAIN_C604408_FULL_MASTER_POSTGRESQL17;ISSUE_288_AGENTIC_REVIEW_2026-09-17
PANEER	Paneer	APPLICABLE	0.6000	0.7500	CHANGED	CHEESE	CHEESE	Semantik: Ungereifter indischer Frischkäse mit fester, nicht schmelzender Textur; typischerweise aus Kuh- oder Büffelmilch. Vergleich: Käse (1.0000) in CHEESE. Entscheidungsgrund: Die konkrete Produktausprägung besitzt ein eigenes Profil, bleibt aber über mehrere Koch-, Back- oder Servierfunktionen einsetzbar; das trägt die Zwischenstufe gegenüber dem offenen Oberbegriff.		MAIN_C604408_FULL_MASTER_POSTGRESQL17;ISSUE_288_AGENTIC_REVIEW_2026-09-17
PANGASIUS	Pangasius	APPLICABLE	0.7500	0.7500	UNCHANGED	WHITE_FISH	WHITE_FISH	Semantik: Milder weißfleischiger Süßwasserfisch, meist als grätenarmes Filet erhältlich. Vergleich: weißfleischiger Fisch (1.0000) in WHITE_FISH. Entscheidungsgrund: Die Art beziehungsweise Tiergruppe ist festgelegt, Zuschnitt, Würzung und mehrere Gartechniken bleiben aber wählbar; das trägt eine eigenständige, gegenüber der offenen Familie leicht verdichtete Präsenz.		MAIN_C604408_FULL_MASTER_POSTGRESQL17;ISSUE_288_AGENTIC_REVIEW_2026-09-17
PANKO	Panko	APPLICABLE	0.6500	0.5000	CHANGED	BREADCRUMBS	BREADCRUMBS	Semantik: Grobe luftige japanische Weißbrotbrösel für besonders knusprige Panaden; nicht feine Semmelbrösel. Vergleich: Semmelbrösel (0.5000) in BREADCRUMBS. Entscheidungsgrund: Panko legt die grobe luftige Bröselform für knusprige Panaden fest und ist damit mindestens so eng wie der bereits mit 0,50 bewertete Semmelbrösel-Oberbegriff.		MAIN_C604408_FULL_MASTER_POSTGRESQL17;ISSUE_288_AGENTIC_REVIEW_2026-09-17
PAPAYA	Papaya	APPLICABLE	0.5500	0.7500	CHANGED	TROPICAL_FRUIT	TROPICAL_FRUIT	Semantik: Reife Papaya mit weichem, süß-mildem Fruchtfleisch; grüne unreife Papaya bleibt getrennt. Vergleich: Tropenfrucht (1.0000) in TROPICAL_FRUIT. Entscheidungsgrund: Art oder Sorte sind festgelegt, doch Zuschnitt, Garmethode und Kombination bleiben in mehreren süßen beziehungsweise herzhaften Anwendungen offen; das entspricht den eigenständigen Rohstoff-Peers der Familie.		MAIN_C604408_FULL_MASTER_POSTGRESQL17;ISSUE_288_AGENTIC_REVIEW_2026-09-17
PAPRIKA_POWDER	Paprikapulver	APPLICABLE	0.6500	1.0000	CHANGED	SPICES	CUMIN	Semantik: Paprikapulver als Gewürzfamilie mit süßen, scharfen und geräucherten Varianten; nicht frische Paprika. Vergleich: Kreuzkümmel (0.7500) in SPICES. Entscheidungsgrund: Die Zeile lässt als drawable Gewürzfamilie konkrete Sorte, Form und Aromenausprägung offen; sie bildet daher den breiten Referenzpunkt.		MAIN_C604408_FULL_MASTER_POSTGRESQL17;ISSUE_288_AGENTIC_REVIEW_2026-09-17
PARMESAN	Parmesan	APPLICABLE	0.6500	0.7500	CHANGED	CHEESE	CHEESE	Semantik: Sehr harter, lange gereifter italienischer Kuhmilchkäse nach Parmesan-Art; würzig, salzig und umamireich. Vergleich: Käse (1.0000) in CHEESE. Entscheidungsgrund: Die konkrete Produktausprägung besitzt ein eigenes Profil, bleibt aber über mehrere Koch-, Back- oder Servierfunktionen einsetzbar; das trägt die Zwischenstufe gegenüber dem offenen Oberbegriff.		MAIN_C604408_FULL_MASTER_POSTGRESQL17;ISSUE_288_AGENTIC_REVIEW_2026-09-17
PARSLEY	Petersilie	APPLICABLE	0.7000	0.7500	CHANGED	FRESH_HERBS	BASIL	Semantik: Frische Petersilienblätter mit grün-würzigem Aroma; glatte und krause Formen sind umfasst, nicht Petersilienwurzel. Vergleich: Basilikum (0.7500) in FRESH_HERBS. Entscheidungsgrund: Das einzelne Aroma ist klar festgelegt, kann aber über mehrere Gerichte, Techniken und Kombinationen eingesetzt werden; wie beim Anker bleibt ausreichend eigenständige Kochbreite.		MAIN_C604408_FULL_MASTER_POSTGRESQL17;ISSUE_288_AGENTIC_REVIEW_2026-09-17
PARSLEY_ROOT	Petersilienwurzel	APPLICABLE	0.6000	0.7500	CHANGED	ROOT_VEGETABLES	ROOT_VEGETABLES	Semantik: Essbare Wurzel der Wurzelpetersilie; aromatisches Wurzelgemüse. Nicht mit Pastinake und nicht mit Petersilienblättern gleichsetzen. Vergleich: Wurzel- und Knollengemüse (1.0000) in ROOT_VEGETABLES. Entscheidungsgrund: Art oder Sorte sind festgelegt, doch Zuschnitt, Garmethode und Kombination bleiben in mehreren süßen beziehungsweise herzhaften Anwendungen offen; das entspricht den eigenständigen Rohstoff-Peers der Familie.		MAIN_C604408_FULL_MASTER_POSTGRESQL17;ISSUE_288_AGENTIC_REVIEW_2026-09-17
PARSNIP	Pastinake	APPLICABLE	0.7500	0.7500	UNCHANGED	ROOT_VEGETABLES	ROOT_VEGETABLES	Semantik: Pastinake mit süßlich-erdigem, leicht würzigem Wurzelfleisch; nicht Petersilienwurzel. Vergleich: Wurzel- und Knollengemüse (1.0000) in ROOT_VEGETABLES. Entscheidungsgrund: Art oder Sorte sind festgelegt, doch Zuschnitt, Garmethode und Kombination bleiben in mehreren süßen beziehungsweise herzhaften Anwendungen offen; das entspricht den eigenständigen Rohstoff-Peers der Familie.		MAIN_C604408_FULL_MASTER_POSTGRESQL17;ISSUE_288_AGENTIC_REVIEW_2026-09-17
PASSION_FRUIT	Passionsfrucht	APPLICABLE	0.5000	0.7500	CHANGED	TROPICAL_FRUIT	TROPICAL_FRUIT	Semantik: Passionsfrucht mit aromatischem süß-saurem Fruchtmark und knackigen essbaren Kernen. Vergleich: Tropenfrucht (1.0000) in TROPICAL_FRUIT. Entscheidungsgrund: Art oder Sorte sind festgelegt, doch Zuschnitt, Garmethode und Kombination bleiben in mehreren süßen beziehungsweise herzhaften Anwendungen offen; das entspricht den eigenständigen Rohstoff-Peers der Familie.		MAIN_C604408_FULL_MASTER_POSTGRESQL17;ISSUE_288_AGENTIC_REVIEW_2026-09-17
PASTIS	Pastis	APPLICABLE	0.2500	0.2500	UNCHANGED	COOKING_ALCOHOL	COOKING_ALCOHOL	Semantik: Anisbetonte französische Spirituose nach Pastis-Art, typischerweise zusätzlich mit Süßholz und weiteren Kräutern beziehungsweise Gewürzen aromatisiert. Nicht Absinth oder beliebiger Anislikör. Vergleich: Kochalkohol (0.2500) in COOKING_ALCOHOL. Entscheidungsgrund: Der Alkohol ist als Kochzutat eine geschmacks- und verfahrensprägende Pflichtvorgabe; Sorte und Stil unterscheiden die Aufgabe zusätzlich, weshalb der einheitliche Kochalkoholvertrag 0,25 vorsieht.	COOKING_ALCOHOL_INDEPENDENT_LOW_WEIGHT	MAIN_C604408_FULL_MASTER_POSTGRESQL17;ISSUE_288_AGENTIC_REVIEW_2026-09-17
PEACH	Pfirsich	APPLICABLE	0.6500	0.7500	CHANGED	STONE_FRUIT	STONE_FRUIT	Semantik: Pfirsich mit samtiger Schale und saftigem süß-aromatischem Fruchtfleisch; weiß- und gelbfleischige Sorten sind umfasst. Vergleich: Steinobst (1.0000) in STONE_FRUIT. Entscheidungsgrund: Art oder Sorte sind festgelegt, doch Zuschnitt, Garmethode und Kombination bleiben in mehreren süßen beziehungsweise herzhaften Anwendungen offen; das entspricht den eigenständigen Rohstoff-Peers der Familie.		MAIN_C604408_FULL_MASTER_POSTGRESQL17;ISSUE_288_AGENTIC_REVIEW_2026-09-17
PEANUT	Erdnüsse	APPLICABLE	0.7000	0.7500	CHANGED	NUTS	NUTS	Semantik: Erdnusskerne mit kräftig-nussigem Aroma; roh, geröstet, ganz oder gehackt verwendbar. Vergleich: Nüsse (1.0000) in NUTS. Entscheidungsgrund: Art oder Sorte sind festgelegt, doch Zuschnitt, Garmethode und Kombination bleiben in mehreren süßen beziehungsweise herzhaften Anwendungen offen; das entspricht den eigenständigen Rohstoff-Peers der Familie.		MAIN_C604408_FULL_MASTER_POSTGRESQL17;ISSUE_288_AGENTIC_REVIEW_2026-09-17
PEANUT_BUTTER	Erdnussbutter	APPLICABLE	0.6500	0.5000	CHANGED	NUT_AND_SEED_PASTES	NUT_AND_SEED_PASTES	Semantik: Streichfähige Erdnusspaste, glatt oder stückig; ungesüßte und leicht gesüßte Varianten sind umfasst. Vergleich: Nuss- oder Samenpaste (1.0000) in NUT_AND_SEED_PASTES. Entscheidungsgrund: Produktform, Aromaprofil oder typische Funktion sind enger vorgegeben als beim Anker; die Zutat bleibt unterscheidbar, wird wegen dieser Bindung innerhalb der Familie aber kompakter gewichtet.		MAIN_C604408_FULL_MASTER_POSTGRESQL17;ISSUE_288_AGENTIC_REVIEW_2026-09-17
PEANUT_SATAY_SAUCE	Erdnuss-Satay-Sauce	APPLICABLE	0.5000	0.5000	UNCHANGED	READY_SAUCES_AND_PASTES	MAYONNAISE	Semantik: Fertige erdnussbasierte Satay-/Pindasaus; typischerweise süß-salzig und kräftig nussig, konkrete Würzung und Schärfe können variieren. Nicht mit reinem Erdnussmus oder Erdnussbutter gleichsetzen. Vergleich: Mayonnaise (0.5000) in READY_SAUCES_AND_PASTES. Entscheidungsgrund: Die fertige Würzform bringt ein eigenes Aroma- und häufig Texturprofil mit; gegenüber dem Anker ist sie eigenständig, beschränkt aber freie Würzung und Gerichtsausrichtung, weshalb die Familie kompakt auf dieser Stufe bleibt.		MAIN_C604408_FULL_MASTER_POSTGRESQL17;ISSUE_288_AGENTIC_REVIEW_2026-09-17
PEAR	Birne	APPLICABLE	1.0000	0.7500	CHANGED	POME_FRUIT	POME_FRUIT	Semantik: Birne als saftiges Kernobst; Sorte, Festigkeit und Verhältnis von Süße zu Säure bleiben offen. Vergleich: Kernobst (1.0000) in POME_FRUIT. Entscheidungsgrund: Art oder Sorte sind festgelegt, doch Zuschnitt, Garmethode und Kombination bleiben in mehreren süßen beziehungsweise herzhaften Anwendungen offen; das entspricht den eigenständigen Rohstoff-Peers der Familie.		MAIN_C604408_FULL_MASTER_POSTGRESQL17;ISSUE_288_AGENTIC_REVIEW_2026-09-17
PEARL_BARLEY	Gerstengraupen	APPLICABLE	0.6500	0.7500	CHANGED	BARLEY	BARLEY	Semantik: Geschälte und rund geschliffene Gerstenkörner, auch Graupen; schneller garend und weicher als ganze Gerste. Vergleich: Gerste (0.7500) in BARLEY. Entscheidungsgrund: Die benannte Zutat ist gegenüber dem Oberbegriff konkretisiert, behält aber mehrere eigenständige Kochfunktionen und Zubereitungswege; die Familienüberschneidung rechtfertigt die maßvolle Verdichtung.		MAIN_C604408_FULL_MASTER_POSTGRESQL17;ISSUE_288_AGENTIC_REVIEW_2026-09-17
PEAS	Erbsen	APPLICABLE	0.6000	1.0000	CHANGED	LEGUMES	LEGUMES	Semantik: Offene Vorgabe für Erbsenkerne; frisch, getrocknet oder gespalten sind mögliche Wege, essbare Hülsen nicht automatisch. Vergleich: Hülsenfrüchte (1.0000) in LEGUMES. Entscheidungsgrund: Die Zeile ist eine breite drawable Rohstofffamilie und lässt Sorte sowie rohe, gegarte oder weiterverarbeitete Umsetzung offen; sie bleibt deshalb der volle Referenzpunkt.		MAIN_C604408_FULL_MASTER_POSTGRESQL17;ISSUE_288_AGENTIC_REVIEW_2026-09-17
PEA_EGGPLANT	Erbsenaubergine	APPLICABLE	0.1800	0.7500	CHANGED	FRUIT_VEGETABLES	FRUIT_VEGETABLES	Semantik: Erbsengroße, traubenartig wachsende Früchte von Solanum torvum mit knackigem Biss und deutlich herber Note, besonders für Currys. Keine Miniaturform der gewöhnlichen Aubergine. Vergleich: Fruchtgemüse (1.0000) in FRUIT_VEGETABLES. Entscheidungsgrund: Die kleine Auberginenform legt Sorte und Textur fest, lässt Curry-, Pfannen- und rohe Anwendungen offen; damit ist sie wie andere konkrete Fruchtgemüsevarianten eigenständig.		MAIN_C604408_FULL_MASTER_POSTGRESQL17;ISSUE_288_AGENTIC_REVIEW_2026-09-17
PECAN	Pekannüsse	APPLICABLE	0.5500	0.7500	CHANGED	NUTS	NUTS	Semantik: Pekannusskerne mit buttrigem, mild-süßlichem Aroma; natur oder geröstet verwendbar. Vergleich: Nüsse (1.0000) in NUTS. Entscheidungsgrund: Art oder Sorte sind festgelegt, doch Zuschnitt, Garmethode und Kombination bleiben in mehreren süßen beziehungsweise herzhaften Anwendungen offen; das entspricht den eigenständigen Rohstoff-Peers der Familie.		MAIN_C604408_FULL_MASTER_POSTGRESQL17;ISSUE_288_AGENTIC_REVIEW_2026-09-17
PECORINO	Pecorino	APPLICABLE	0.5500	0.7500	CHANGED	CHEESE	CHEESE	Semantik: Harter bis halbfester italienischer Schafmilchkäse; Herkunft, Reifegrad und Salzintensität bleiben offen. Vergleich: Käse (1.0000) in CHEESE. Entscheidungsgrund: Die konkrete Produktausprägung besitzt ein eigenes Profil, bleibt aber über mehrere Koch-, Back- oder Servierfunktionen einsetzbar; das trägt die Zwischenstufe gegenüber dem offenen Oberbegriff.		MAIN_C604408_FULL_MASTER_POSTGRESQL17;ISSUE_288_AGENTIC_REVIEW_2026-09-17
PENNE	Penne	APPLICABLE	0.8000	0.7500	CHANGED	WHEAT_PASTA	WHEAT_PASTA	Semantik: Kurze röhrenförmige Weizenpasta mit schrägen Enden; glatt oder geriffelt verwendbar. Vergleich: Weizenpasta (0.7500) in WHEAT_PASTA. Entscheidungsgrund: Die benannte Zutat ist gegenüber dem Oberbegriff konkretisiert, behält aber mehrere eigenständige Kochfunktionen und Zubereitungswege; die Familienüberschneidung rechtfertigt die maßvolle Verdichtung.		MAIN_C604408_FULL_MASTER_POSTGRESQL17;ISSUE_288_AGENTIC_REVIEW_2026-09-17
PEPPER	Pfeffer	APPLICABLE	0.6000	1.0000	CHANGED	SPICES	CUMIN	Semantik: Echter Pfeffer und seine Reife- beziehungsweise Verarbeitungsformen; Szechuanpfeffer bleibt eigenständig. Vergleich: Kreuzkümmel (0.7500) in SPICES. Entscheidungsgrund: Die Zeile lässt als drawable Gewürzfamilie konkrete Sorte, Form und Aromenausprägung offen; sie bildet daher den breiten Referenzpunkt.		MAIN_C604408_FULL_MASTER_POSTGRESQL17;ISSUE_288_AGENTIC_REVIEW_2026-09-17
PERILLA_LEAVES	Perillablätter	APPLICABLE	0.3000	0.7500	CHANGED	FRESH_HERBS	BASIL	Semantik: Frische Perillablätter mit kräftig kräuterigem, leicht minzig-anisigem und teils erdigem Aroma; grüne und violette kulinarische Formen sind umfasst. Nicht vietnamesischer Koriander oder Minze. Vergleich: Basilikum (0.7500) in FRESH_HERBS. Entscheidungsgrund: Das einzelne Aroma ist klar festgelegt, kann aber über mehrere Gerichte, Techniken und Kombinationen eingesetzt werden; wie beim Anker bleibt ausreichend eigenständige Kochbreite.		MAIN_C604408_FULL_MASTER_POSTGRESQL17;ISSUE_288_AGENTIC_REVIEW_2026-09-17
PERSIMMON	Kaki	APPLICABLE	0.5500	0.7500	CHANGED	FRUIT	FRUIT	Semantik: Kaki mit süßem orangefarbenem Fruchtfleisch; feste nichtadstringierende und weichreife Sorten sind umfasst. Vergleich: Obst (1.0000) in FRUIT. Entscheidungsgrund: Art oder Sorte sind festgelegt, doch Zuschnitt, Garmethode und Kombination bleiben in mehreren süßen beziehungsweise herzhaften Anwendungen offen; das entspricht den eigenständigen Rohstoff-Peers der Familie.		MAIN_C604408_FULL_MASTER_POSTGRESQL17;ISSUE_288_AGENTIC_REVIEW_2026-09-17
PESTO	Pesto	APPLICABLE	0.5500	0.5000	CHANGED	READY_SAUCES_AND_PASTES	MAYONNAISE	Semantik: Rohe oder wenig erhitzte Kräuter- beziehungsweise Pflanzenpaste mit Öl; Zutatenbasis bleibt offen, nicht nur Pesto Genovese. Vergleich: Mayonnaise (0.5000) in READY_SAUCES_AND_PASTES. Entscheidungsgrund: Die fertige Würzform bringt ein eigenes Aroma- und häufig Texturprofil mit; gegenüber dem Anker ist sie eigenständig, beschränkt aber freie Würzung und Gerichtsausrichtung, weshalb die Familie kompakt auf dieser Stufe bleibt.		MAIN_C604408_FULL_MASTER_POSTGRESQL17;ISSUE_288_AGENTIC_REVIEW_2026-09-17
PICKLED_CHILI	eingelegte Chili	APPLICABLE	0.5000	0.5000	UNCHANGED	PRESERVED_PRODUCE	PRESERVED_PRODUCE	Semantik: In Essig- oder Gewürzlake eingelegte ganze oder geschnittene Chili; Sorte und Schärfe bleiben offen, trockene Formen sind nicht gemeint. Vergleich: konservierte pflanzliche Zutat (1.0000) in PRESERVED_PRODUCE. Entscheidungsgrund: Konservierung und konkrete Produktform prägen Geschmack, Textur oder weitere Verarbeitung bereits vor; innerhalb der Familie bleibt die Zutat eigenständig, aber enger als der unverarbeitete Rohstoff.		MAIN_C604408_FULL_MASTER_POSTGRESQL17;ISSUE_288_AGENTIC_REVIEW_2026-09-17
PICKLED_CUCUMBER	Gewürzgurke	APPLICABLE	0.7000	0.5000	CHANGED	PRESERVED_PRODUCE	PICKLED_GINGER	Semantik: Essigbasierte Gewürzgurke mit süß-säuerlicher bis würziger Lake; nicht milchsauer fermentierte Salzgurke. Vergleich: eingelegter Ingwer (0.5000) in PRESERVED_PRODUCE. Entscheidungsgrund: Essiglake und Gewürzung sind fertiger Bestandteil der Gurke; Säureprofil und Konservierungsform binden die Aufgabe wie bei anderem eingelegtem Gemüse.		MAIN_C604408_FULL_MASTER_POSTGRESQL17;ISSUE_288_AGENTIC_REVIEW_2026-09-17
PICKLED_GINGER	eingelegter Ingwer	APPLICABLE	0.4500	0.5000	CHANGED	PRESERVED_PRODUCE	PRESERVED_PRODUCE	Semantik: Dünn geschnittener, süß-säuerlich eingelegter Ingwer nach Gari-Art; nicht frisches Ingwer-Rhizom. Vergleich: konservierte pflanzliche Zutat (1.0000) in PRESERVED_PRODUCE. Entscheidungsgrund: Konservierung und konkrete Produktform prägen Geschmack, Textur oder weitere Verarbeitung bereits vor; innerhalb der Familie bleibt die Zutat eigenständig, aber enger als der unverarbeitete Rohstoff.		MAIN_C604408_FULL_MASTER_POSTGRESQL17;ISSUE_288_AGENTIC_REVIEW_2026-09-17
PICKLED_HERRING	eingelegter Hering	APPLICABLE	0.5500	0.5000	CHANGED	PRESERVED_FISH	GRAVLAX	Semantik: Hering in essig- oder säurebasierter Würzlake; süße, zwiebelige und cremig weiterverarbeitete Varianten sind möglich. Vergleich: Gravlax (0.5000) in PRESERVED_FISH. Entscheidungsgrund: Essig- oder Säurelake und Würzung prägen den Fisch bereits vor der Zubereitung; als konserviertes Heringserzeugnis ist die Vorgabe enger als Hering selbst.		MAIN_C604408_FULL_MASTER_POSTGRESQL17;ISSUE_288_AGENTIC_REVIEW_2026-09-17
PICKLED_MUSHROOMS	eingelegte Pilze	APPLICABLE	0.4000	0.5000	CHANGED	PRESERVED_PRODUCE	PICKLED_GINGER	Semantik: In Essiglake eingelegte Speisepilze; eine Fermentation wird nicht vorausgesetzt. Vergleich: eingelegter Ingwer (0.5000) in PRESERVED_PRODUCE. Entscheidungsgrund: Essiglake ist als dominante Säure- und Konservierungsform festgelegt; die Pilzart bleibt offen, die Kochfunktion aber enger als bei frischen oder neutral konservierten Pilzen.		MAIN_C604408_FULL_MASTER_POSTGRESQL17;ISSUE_288_AGENTIC_REVIEW_2026-09-17
PICKLED_SAUSAGE	eingelegte Wurst	APPLICABLE	0.3500	0.5000	CHANGED	SAUSAGE	SAUSAGE	Semantik: Verzehrfertige Wurst, die über längere Zeit in einer überwiegend essig- beziehungsweise säurebasierten Lake eingelegt wird. Umfasst unter anderem tschechischen Utopenec und vergleichbare eingelegte Wurstprodukte. Nicht bloß mit Essig angemachte Wurst und nicht nur kurz in Essigsud gegarte Wurst. Vergleich: Wurst (1.0000) in SAUSAGE. Entscheidungsgrund: Rezeptur, Verarbeitung und typische Textur sind bei diesem benannten Produkt bereits wesentlich festgelegt; die Eigenständigkeit bleibt erhalten, die Familienverdichtung begrenzt aber seine relative Präsenz.		MAIN_C604408_FULL_MASTER_POSTGRESQL17;ISSUE_288_AGENTIC_REVIEW_2026-09-17
PIKEPERCH	Zander	APPLICABLE	0.6000	0.7500	CHANGED	WHITE_FISH	WHITE_FISH	Semantik: Zander als magerer Süßwasserfisch mit festem, mildem Fleisch und wenigen Gräten. Vergleich: weißfleischiger Fisch (1.0000) in WHITE_FISH. Entscheidungsgrund: Die Art beziehungsweise Tiergruppe ist festgelegt, Zuschnitt, Würzung und mehrere Gartechniken bleiben aber wählbar; das trägt eine eigenständige, gegenüber der offenen Familie leicht verdichtete Präsenz.		MAIN_C604408_FULL_MASTER_POSTGRESQL17;ISSUE_288_AGENTIC_REVIEW_2026-09-17
PILSNER_LAGER	Pilsner	APPLICABLE	0.3000	0.2500	CHANGED	BEER	BEER	Semantik: Helles untergäriges Lagerbier nach Pilsner Art mit deutlich hopfenbetontem Profil. Gemeint ist der Bierstil, nicht eine bestimmte Marke; Pilsner Urquell ist historischer Referenztyp. Vergleich: Bier (0.2500) in BEER. Entscheidungsgrund: Der Alkohol ist als Kochzutat eine geschmacks- und verfahrensprägende Pflichtvorgabe; Sorte und Stil unterscheiden die Aufgabe zusätzlich, weshalb der einheitliche Kochalkoholvertrag 0,25 vorsieht.	COOKING_ALCOHOL_INDEPENDENT_LOW_WEIGHT	MAIN_C604408_FULL_MASTER_POSTGRESQL17;ISSUE_288_AGENTIC_REVIEW_2026-09-17
PIMENT_D_ESPELETTE	Piment d’Espelette	APPLICABLE	0.2500	0.7500	CHANGED	CHILI_POWDER	CHILI_POWDER	Semantik: Getrocknetes, fein gemahlenes Piment-d’Espelette-Gewürz nach französisch-baskischer Art; nicht generisches Chilipulver oder die frische ganze Schote. Vergleich: Chilipulver (0.7500) in CHILI_POWDER. Entscheidungsgrund: Die benannte Zutat ist gegenüber dem Oberbegriff konkretisiert, behält aber mehrere eigenständige Kochfunktionen und Zubereitungswege; die Familienüberschneidung rechtfertigt die maßvolle Verdichtung.		MAIN_C604408_FULL_MASTER_POSTGRESQL17;ISSUE_288_AGENTIC_REVIEW_2026-09-17
PINEAPPLE	Ananas	APPLICABLE	0.9000	0.7500	CHANGED	TROPICAL_FRUIT	TROPICAL_FRUIT	Semantik: Ananas mit saftigem süß-säuerlichem Fruchtfleisch; frisch, tiefgekühlt oder schlicht konserviert verwendbar. Vergleich: Tropenfrucht (1.0000) in TROPICAL_FRUIT. Entscheidungsgrund: Art oder Sorte sind festgelegt, doch Zuschnitt, Garmethode und Kombination bleiben in mehreren süßen beziehungsweise herzhaften Anwendungen offen; das entspricht den eigenständigen Rohstoff-Peers der Familie.		MAIN_C604408_FULL_MASTER_POSTGRESQL17;ISSUE_288_AGENTIC_REVIEW_2026-09-17
PINE_NUT	Pinienkerne	APPLICABLE	0.5000	0.7500	CHANGED	NUTS	NUTS	Semantik: Ölreiche Samen von Pinien mit mild-harzigem, buttrigem Aroma; roh oder geröstet verwendbar. Vergleich: Nüsse (1.0000) in NUTS. Entscheidungsgrund: Art oder Sorte sind festgelegt, doch Zuschnitt, Garmethode und Kombination bleiben in mehreren süßen beziehungsweise herzhaften Anwendungen offen; das entspricht den eigenständigen Rohstoff-Peers der Familie.		MAIN_C604408_FULL_MASTER_POSTGRESQL17;ISSUE_288_AGENTIC_REVIEW_2026-09-17
PINKEL	Pinkel	APPLICABLE	0.3000	0.5000	CHANGED	SAUSAGE	SAUSAGE	Semantik: Nordwestdeutsche geräucherte Grützwurst mit Schweinefett beziehungsweise Schweinefleisch und Hafer- oder Gerstengrütze; kräftig gewürzt und beim Erwärmen weich bis bröselig. Nicht Knipp, Blutwurst oder beliebige Grützwurst. Vergleich: Wurst (1.0000) in SAUSAGE. Entscheidungsgrund: Rezeptur, Verarbeitung und typische Textur sind bei diesem benannten Produkt bereits wesentlich festgelegt; die Eigenständigkeit bleibt erhalten, die Familienverdichtung begrenzt aber seine relative Präsenz.		MAIN_C604408_FULL_MASTER_POSTGRESQL17;ISSUE_288_AGENTIC_REVIEW_2026-09-17
PINNEKJOTT	Pinnekjøtt	APPLICABLE	0.1500	0.5000	CHANGED	CURED_MEAT	CURED_MEAT	Semantik: Gesalzene und getrocknete Rippen vom Schaf oder Lamm nach Pinnekjøtt-Art; geräucherte Varianten sind möglich, werden aber nicht vorausgesetzt. Gemeint ist das noch zuzubereitende Fleischprodukt, nicht das vollständige Weihnachtsgericht. Vergleich: gepökeltes oder luftgetrocknetes Fleisch (1.0000) in CURED_MEAT. Entscheidungsgrund: Rezeptur, Verarbeitung und typische Textur sind bei diesem benannten Produkt bereits wesentlich festgelegt; die Eigenständigkeit bleibt erhalten, die Familienverdichtung begrenzt aber seine relative Präsenz.		MAIN_C604408_FULL_MASTER_POSTGRESQL17;ISSUE_288_AGENTIC_REVIEW_2026-09-17
PINTO_BEANS	Pintobohnen	APPLICABLE	0.6500	0.7500	CHANGED	BEANS	BEANS	Semantik: Gesprenkelte Pintobohnen mit erdig-cremigem Geschmack; getrocknet oder vorgegart verwendbar. Vergleich: Bohnen (1.0000) in BEANS. Entscheidungsgrund: Art oder Sorte sind festgelegt, doch Zuschnitt, Garmethode und Kombination bleiben in mehreren süßen beziehungsweise herzhaften Anwendungen offen; das entspricht den eigenständigen Rohstoff-Peers der Familie.		MAIN_C604408_FULL_MASTER_POSTGRESQL17;ISSUE_288_AGENTIC_REVIEW_2026-09-17
PIQUILLO_PEPPER	Piquillo-Paprika	APPLICABLE	0.4500	0.5000	CHANGED	ROASTED_RED_PEPPER	ROASTED_RED_PEPPER	Semantik: Geröstete und geschälte rote Piquillo-Paprika als küchenfertiges Produkt, typischerweise im Glas oder in der Dose; nicht rohe rote Paprika. Vergleich: geröstete Paprika (0.5000) in ROASTED_RED_PEPPER. Entscheidungsgrund: Produktform, Aromaprofil oder typische Funktion sind enger vorgegeben als beim Anker; die Zutat bleibt unterscheidbar, wird wegen dieser Bindung innerhalb der Familie aber kompakter gewichtet.		MAIN_C604408_FULL_MASTER_POSTGRESQL17;ISSUE_288_AGENTIC_REVIEW_2026-09-17
PISTACHIO	Pistazien	APPLICABLE	0.6000	0.7500	CHANGED	NUTS	NUTS	Semantik: Grüne Pistazienkerne mit süßlich-nussigem Aroma; ungesalzen, roh oder geröstet verwendbar. Vergleich: Nüsse (1.0000) in NUTS. Entscheidungsgrund: Art oder Sorte sind festgelegt, doch Zuschnitt, Garmethode und Kombination bleiben in mehreren süßen beziehungsweise herzhaften Anwendungen offen; das entspricht den eigenständigen Rohstoff-Peers der Familie.		MAIN_C604408_FULL_MASTER_POSTGRESQL17;ISSUE_288_AGENTIC_REVIEW_2026-09-17
PITA	Pita	APPLICABLE	0.7000	0.7500	CHANGED	FLATBREAD	FLATBREAD	Semantik: Rundes weiches Fladenbrot, häufig mit beim Backen entstehender Tasche; nicht Tortilla. Vergleich: Fladenbrot (1.0000) in FLATBREAD. Entscheidungsgrund: Rezeptur, Verarbeitung und typische Textur sind bei diesem benannten Produkt bereits wesentlich festgelegt; die Eigenständigkeit bleibt erhalten, die Familienverdichtung begrenzt aber seine relative Präsenz.		MAIN_C604408_FULL_MASTER_POSTGRESQL17;ISSUE_288_AGENTIC_REVIEW_2026-09-17
PLAICE	Scholle	APPLICABLE	0.7000	0.7500	CHANGED	WHITE_FISH	WHITE_FISH	Semantik: Scholle als magerer Plattfisch mit zartem, mildem Fleisch; ganz oder als Filet verwendbar. Vergleich: weißfleischiger Fisch (1.0000) in WHITE_FISH. Entscheidungsgrund: Die Art beziehungsweise Tiergruppe ist festgelegt, Zuschnitt, Würzung und mehrere Gartechniken bleiben aber wählbar; das trägt eine eigenständige, gegenüber der offenen Familie leicht verdichtete Präsenz.		MAIN_C604408_FULL_MASTER_POSTGRESQL17;ISSUE_288_AGENTIC_REVIEW_2026-09-17
PLANTAIN	Kochbanane	APPLICABLE	0.6000	0.7500	CHANGED	STARCHES	STARCHES	Semantik: Stärkereiche Kochbanane, meist gegart verwendet; grüne und reife süßere Stadien sind umfasst, nicht Dessertbanane. Vergleich: stärkehaltige Zutat oder Sättigungsbeilage (1.0000) in STARCHES. Entscheidungsgrund: Getreideart oder Produktform sind benannt, lassen aber süße und herzhafte Anwendungen sowie mehrere Garmethoden zu; diese Breite trägt die eigenständige Zwischenstufe.		MAIN_C604408_FULL_MASTER_POSTGRESQL17;ISSUE_288_AGENTIC_REVIEW_2026-09-17
PLANT_DRINKS	pflanzlicher Drink	NOT_APPLICABLE	1.0000	1.0000	UNCHANGED	STRUCTURE_ONLY	PLANT_DRINKS	Reiner, nicht ziehbarer Strukturknoten mit Kindern, ohne eigene Availability, Novelty oder Rollen. Der historische technische Wert bleibt unverändert und dient ausdrücklich weder als fachlicher Zielwert noch als Anker für drawable Konzepte.	STRUCTURE_ONLY_NOT_APPLICABLE	MAIN_C604408_FULL_MASTER_POSTGRESQL17;ISSUE_288_AGENTIC_REVIEW_2026-09-17
PLANT_PROTEIN_PRODUCTS	pflanzliches Proteinprodukt	APPLICABLE	0.4500	1.0000	CHANGED	PLANT_PROTEIN_PRODUCTS	PLANT_PROTEIN_PRODUCTS	Semantik: Offene Vorgabe für verarbeitete pflanzliche Proteinprodukte wie Tofu, Seitan oder Mykoprotein; Rohstoff bleibt wählbar. Vergleich: pflanzliches Proteinprodukt (1.0000) in PLANT_PROTEIN_PRODUCTS. Entscheidungsgrund: Die Vorgabe lässt innerhalb ihrer Semantik mehrere konkrete Produktformen, Kombinationen und Zubereitungen offen und bildet deshalb den breiten Referenzpunkt der Vergleichsgruppe.		MAIN_C604408_FULL_MASTER_POSTGRESQL17;ISSUE_288_AGENTIC_REVIEW_2026-09-17
PLA_RA	Pla Ra	APPLICABLE	0.2200	0.5000	CHANGED	FERMENTED_SEASONINGS	FERMENTED_SEASONINGS	Semantik: Thailändischer, besonders mit Isan verbundener salzfermentierter Süßwasserfisch; je nach Produkt als Fischstücke, Paste oder gekochte flüssige Würze erhältlich. Nicht Fischsauce oder Garnelenpaste. Vergleich: fermentierte Würzzutat (1.0000) in FERMENTED_SEASONINGS. Entscheidungsgrund: Die fertige Würzform bringt ein eigenes Aroma- und häufig Texturprofil mit; gegenüber dem Anker ist sie eigenständig, beschränkt aber freie Würzung und Gerichtsausrichtung, weshalb die Familie kompakt auf dieser Stufe bleibt.		MAIN_C604408_FULL_MASTER_POSTGRESQL17;ISSUE_288_AGENTIC_REVIEW_2026-09-17
PLUM	Pflaume	APPLICABLE	0.6500	0.7500	CHANGED	STONE_FRUIT	STONE_FRUIT	Semantik: Pflaume beziehungsweise Zwetschge als saftige Steinfrucht; Sorte, Süße und Festigkeit bleiben offen. Vergleich: Steinobst (1.0000) in STONE_FRUIT. Entscheidungsgrund: Art oder Sorte sind festgelegt, doch Zuschnitt, Garmethode und Kombination bleiben in mehreren süßen beziehungsweise herzhaften Anwendungen offen; das entspricht den eigenständigen Rohstoff-Peers der Familie.		MAIN_C604408_FULL_MASTER_POSTGRESQL17;ISSUE_288_AGENTIC_REVIEW_2026-09-17
PLUM_BUTTER	Pflaumenmus	APPLICABLE	0.5500	0.5000	CHANGED	PRESERVED_PRODUCE	APRICOT_PRESERVES	Semantik: Dick eingekochte Pflaumenzubereitung nach Powidl-/Pflaumenmus-Art; als Füllung, Aufstrich oder süß-fruchtige Kochzutat. Zuckerzusatz kann je nach Produkt variieren. Nicht mit Trockenpflaumen oder beliebiger Pflaumenmarmelade gleichsetzen. Vergleich: Aprikosenkonfitüre (0.5000) in PRESERVED_PRODUCE. Entscheidungsgrund: Starkes Einkochen legt konzentrierte Süße, Textur und Aufstrich- beziehungsweise Füllungsfunktion fest; diese Produktform gehört zur 0,50-Gruppe der Fruchtkonserven.		MAIN_C604408_FULL_MASTER_POSTGRESQL17;ISSUE_288_AGENTIC_REVIEW_2026-09-17
POBLANO	Poblano	APPLICABLE	0.3000	0.7500	CHANGED	CHILI	CHILI	Semantik: Große dunkelgrüne mexikanische Chili mit milder bis mittlerer Schärfe; getrocknet heißt sie Ancho. Vergleich: frische Chili (1.0000) in CHILI. Entscheidungsgrund: Das einzelne Aroma ist klar festgelegt, kann aber über mehrere Gerichte, Techniken und Kombinationen eingesetzt werden; wie beim Anker bleibt ausreichend eigenständige Kochbreite.		MAIN_C604408_FULL_MASTER_POSTGRESQL17;ISSUE_288_AGENTIC_REVIEW_2026-09-17
POD_VEGETABLES	Hülsen- und Schotengemüse	APPLICABLE	0.5500	1.0000	CHANGED	VEGETABLES	VEGETABLES	Semantik: Offene Vorgabe für Gemüse aus jungen Hülsen, Schoten oder darin enthaltenen frischen Samen. Vergleich: Gemüse (1.0000) in VEGETABLES. Entscheidungsgrund: Die Zeile ist eine breite drawable Rohstofffamilie und lässt Sorte sowie rohe, gegarte oder weiterverarbeitete Umsetzung offen; sie bleibt deshalb der volle Referenzpunkt.		MAIN_C604408_FULL_MASTER_POSTGRESQL17;ISSUE_288_AGENTIC_REVIEW_2026-09-17
POINTED_CABBAGE	Spitzkohl	APPLICABLE	1.0000	0.7500	CHANGED	CABBAGE_VEGETABLES	CABBAGE_VEGETABLES	Semantik: Zarter kegelförmiger Spitzkohl mit milderem Geschmack als Weißkohl; roh und gegart verwendbar. Vergleich: Kohlgemüse (1.0000) in CABBAGE_VEGETABLES. Entscheidungsgrund: Art oder Sorte sind festgelegt, doch Zuschnitt, Garmethode und Kombination bleiben in mehreren süßen beziehungsweise herzhaften Anwendungen offen; das entspricht den eigenständigen Rohstoff-Peers der Familie.		MAIN_C604408_FULL_MASTER_POSTGRESQL17;ISSUE_288_AGENTIC_REVIEW_2026-09-17
POLENTA	Polenta	APPLICABLE	0.6500	0.7500	CHANGED	CORN	CORN	Semantik: Maisgrieß beziehungsweise daraus gegarte schnittfeste oder cremige Polenta; Körnung und Vorbehandlung bleiben offen. Vergleich: Mais (0.7500) in CORN. Entscheidungsgrund: Die benannte Zutat ist gegenüber dem Oberbegriff konkretisiert, behält aber mehrere eigenständige Kochfunktionen und Zubereitungswege; die Familienüberschneidung rechtfertigt die maßvolle Verdichtung.		MAIN_C604408_FULL_MASTER_POSTGRESQL17;ISSUE_288_AGENTIC_REVIEW_2026-09-17
POLLOCK	Seelachs	APPLICABLE	1.0000	0.7500	CHANGED	WHITE_FISH	WHITE_FISH	Semantik: Gemeint ist Köhler beziehungsweise Seelachs (Pollachius virens), nicht Alaska-Seelachs (Gadus chalcogrammus). Vergleich: weißfleischiger Fisch (1.0000) in WHITE_FISH. Entscheidungsgrund: Die Art beziehungsweise Tiergruppe ist festgelegt, Zuschnitt, Würzung und mehrere Gartechniken bleiben aber wählbar; das trägt eine eigenständige, gegenüber der offenen Familie leicht verdichtete Präsenz.		MAIN_C604408_FULL_MASTER_POSTGRESQL17;ISSUE_288_AGENTIC_REVIEW_2026-09-17
POMEGRANATE	Granatapfel	APPLICABLE	0.6000	0.7500	CHANGED	FRUIT	FRUIT	Semantik: Granatapfel mit saftig-säuerlichen Samenhüllen; gemeint sind Frucht und Kerne, nicht Sirup. Vergleich: Obst (1.0000) in FRUIT. Entscheidungsgrund: Art oder Sorte sind festgelegt, doch Zuschnitt, Garmethode und Kombination bleiben in mehreren süßen beziehungsweise herzhaften Anwendungen offen; das entspricht den eigenständigen Rohstoff-Peers der Familie.		MAIN_C604408_FULL_MASTER_POSTGRESQL17;ISSUE_288_AGENTIC_REVIEW_2026-09-17
POMEGRANATE_MOLASSES	Granatapfelmelasse	APPLICABLE	0.4500	0.5000	CHANGED	SYRUP	SYRUP	Semantik: Dick eingekochter Granatapfelsaft mit intensiver süß-saurer Fruchtigkeit; nicht Zuckerrohrmelasse. Vergleich: Sirup (1.0000) in SYRUP. Entscheidungsgrund: Verarbeitung, Aromaprofil oder fertige Produktfunktion sind bereits deutlich festgelegt; die Zutat ist eigenständig, aber weniger breit integrierbar als der neutrale Familienanker.		MAIN_C604408_FULL_MASTER_POSTGRESQL17;ISSUE_288_AGENTIC_REVIEW_2026-09-17
POMELO	Pomelo	APPLICABLE	0.5500	0.7500	CHANGED	CITRUS_FRUIT	CITRUS_FRUIT	Semantik: Sehr große Zitrusfrucht mit dickem Mesokarp und mild bitter-säuerlichen Fruchtsegmenten; nicht Grapefruit. Vergleich: Zitrusfrucht (1.0000) in CITRUS_FRUIT. Entscheidungsgrund: Art oder Sorte sind festgelegt, doch Zuschnitt, Garmethode und Kombination bleiben in mehreren süßen beziehungsweise herzhaften Anwendungen offen; das entspricht den eigenständigen Rohstoff-Peers der Familie.		MAIN_C604408_FULL_MASTER_POSTGRESQL17;ISSUE_288_AGENTIC_REVIEW_2026-09-17
POME_FRUIT	Kernobst	APPLICABLE	0.6000	1.0000	CHANGED	FRUIT	FRUIT	Semantik: Offene Vorgabe für Kernobst wie Apfel, Birne oder Quitte; Sorte und Reifegrad bleiben wählbar. Vergleich: Obst (1.0000) in FRUIT. Entscheidungsgrund: Die Zeile ist eine breite drawable Rohstofffamilie und lässt Sorte sowie rohe, gegarte oder weiterverarbeitete Umsetzung offen; sie bleibt deshalb der volle Referenzpunkt.		MAIN_C604408_FULL_MASTER_POSTGRESQL17;ISSUE_288_AGENTIC_REVIEW_2026-09-17
PONZU	Ponzu	APPLICABLE	0.4500	0.5000	CHANGED	READY_SAUCES_AND_PASTES	MAYONNAISE	Semantik: Japanische zitrusbetonte Würzsauce, meist mit Sojasauce und Dashi-Komponenten; konkrete Zitrusfrucht kann variieren. Vergleich: Mayonnaise (0.5000) in READY_SAUCES_AND_PASTES. Entscheidungsgrund: Die fertige Würzform bringt ein eigenes Aroma- und häufig Texturprofil mit; gegenüber dem Anker ist sie eigenständig, beschränkt aber freie Würzung und Gerichtsausrichtung, weshalb die Familie kompakt auf dieser Stufe bleibt.		MAIN_C604408_FULL_MASTER_POSTGRESQL17;ISSUE_288_AGENTIC_REVIEW_2026-09-17
POPPY_SEEDS	Mohn	APPLICABLE	0.5500	0.5000	CHANGED	SEEDS	SEEDS	Semantik: Mohnsamen mit nussigem Aroma; ganz, gemahlen oder als ungesüßte Mohnmasse verwendbar. Vergleich: Kerne und Samen (1.0000) in SEEDS. Entscheidungsgrund: Die konkrete Form oder besonders dominante Funktion schränkt die Wahl von Textur und Zubereitung stärker ein als die rohe Familienzutat; die Eigenständigkeit trägt dennoch mehr als eine bloße Ausnahme.		MAIN_C604408_FULL_MASTER_POSTGRESQL17;ISSUE_288_AGENTIC_REVIEW_2026-09-17
PORCINI	Steinpilze	APPLICABLE	0.5500	0.7500	CHANGED	MUSHROOMS	MUSHROOMS	Semantik: Steinpilze mit festem Fleisch und intensiv nussig-umamireichem Waldpilzaroma; frisch oder getrocknet verwendbar. Vergleich: Pilze (1.0000) in MUSHROOMS. Entscheidungsgrund: Art oder Sorte sind festgelegt, doch Zuschnitt, Garmethode und Kombination bleiben in mehreren süßen beziehungsweise herzhaften Anwendungen offen; das entspricht den eigenständigen Rohstoff-Peers der Familie.		MAIN_C604408_FULL_MASTER_POSTGRESQL17;ISSUE_288_AGENTIC_REVIEW_2026-09-17
PORK	Schweinefleisch	APPLICABLE	0.7500	1.0000	CHANGED	MEAT	MEAT	Semantik: Offene Vorgabe für Schweinefleisch; Zuschnitt, Fettanteil und geeignete Garmethode bleiben bewusst wählbar. Vergleich: Fleisch (1.0000) in MEAT. Entscheidungsgrund: Der Oberbegriff lässt Tierart oder Zuschnitt und die spätere Garmethode offen und bildet damit den breiten Referenzpunkt der Fleischfamilie.		MAIN_C604408_FULL_MASTER_POSTGRESQL17;ISSUE_288_AGENTIC_REVIEW_2026-09-17
PORK_BELLY	Schweinebauch	APPLICABLE	0.8000	0.7500	CHANGED	PORK	PORK	Semantik: Durchwachsener Schweinebauch mit Schichten aus Fleisch und Fett; mit oder ohne Schwarte verwendbar. Vergleich: Schweinefleisch (1.0000) in PORK. Entscheidungsgrund: Tierart oder Zuschnitt sind konkret, doch Würzung, Kombination und mehrere passende Gartechniken bleiben offen; diese eigenständige Kochbreite trägt die Zwischenstufe.		MAIN_C604408_FULL_MASTER_POSTGRESQL17;ISSUE_288_AGENTIC_REVIEW_2026-09-17
PORK_CHEEK	Schweinebäckchen	APPLICABLE	0.3500	0.7500	CHANGED	PORK	PORK	Semantik: Kleiner, kollagenreicher Zuschnitt aus der Schweinebacke; durch langsames Garen besonders zart. Vergleich: Schweinefleisch (1.0000) in PORK. Entscheidungsgrund: Tierart oder Zuschnitt sind konkret, doch Würzung, Kombination und mehrere passende Gartechniken bleiben offen; diese eigenständige Kochbreite trägt die Zwischenstufe.		MAIN_C604408_FULL_MASTER_POSTGRESQL17;ISSUE_288_AGENTIC_REVIEW_2026-09-17
PORK_CHOP	Schweinekotelett	APPLICABLE	0.8500	0.7500	CHANGED	PORK	PORK	Semantik: Schweinekotelett aus dem Rücken mit Rippen- oder Wirbelknochen; zum Braten oder Grillen geeignet. Vergleich: Schweinefleisch (1.0000) in PORK. Entscheidungsgrund: Tierart oder Zuschnitt sind konkret, doch Würzung, Kombination und mehrere passende Gartechniken bleiben offen; diese eigenständige Kochbreite trägt die Zwischenstufe.		MAIN_C604408_FULL_MASTER_POSTGRESQL17;ISSUE_288_AGENTIC_REVIEW_2026-09-17
PORK_CRACKLINGS	Schweinegrieben	APPLICABLE	0.4500	0.7500	CHANGED	PORK	PORK	Semantik: Knusprige bis mürbe Stückchen, die beim Auslassen von Schweinespeck entstehen. Sie liefern Röstaroma und Fett; gemeint sind die festen Grieben, nicht Griebenschmalz oder gepuffte Schweineschwarten. Vergleich: Schweinefleisch (1.0000) in PORK. Entscheidungsgrund: Tierart oder Zuschnitt sind konkret, doch Würzung, Kombination und mehrere passende Gartechniken bleiben offen; diese eigenständige Kochbreite trägt die Zwischenstufe.		MAIN_C604408_FULL_MASTER_POSTGRESQL17;ISSUE_288_AGENTIC_REVIEW_2026-09-17
PORK_CUTLET	Schweineschnitzel	APPLICABLE	0.8500	0.7500	CHANGED	PORK	PORK	Semantik: Dünne magere Schweinefleischscheibe für Schnitzel; paniert oder unpaniert, gemeint ist der Zuschnitt. Vergleich: Schweinefleisch (1.0000) in PORK. Entscheidungsgrund: Tierart oder Zuschnitt sind konkret, doch Würzung, Kombination und mehrere passende Gartechniken bleiben offen; diese eigenständige Kochbreite trägt die Zwischenstufe.		MAIN_C604408_FULL_MASTER_POSTGRESQL17;ISSUE_288_AGENTIC_REVIEW_2026-09-17
PORK_KNUCKLE	Schweinshaxe	APPLICABLE	0.6000	0.7500	CHANGED	PORK	PORK	Semantik: Schweinshaxe mit Knochen, Schwarte und viel Bindegewebe; für langes Braten, Kochen oder Schmoren geeignet. Vergleich: Schweinefleisch (1.0000) in PORK. Entscheidungsgrund: Tierart oder Zuschnitt sind konkret, doch Würzung, Kombination und mehrere passende Gartechniken bleiben offen; diese eigenständige Kochbreite trägt die Zwischenstufe.		MAIN_C604408_FULL_MASTER_POSTGRESQL17;ISSUE_288_AGENTIC_REVIEW_2026-09-17
PORK_LIVER	Schweineleber	APPLICABLE	0.3500	0.5000	CHANGED	OFFAL	OFFAL	Semantik: Schweineleber mit kräftigem, mineralischem Geschmack und weicher Textur; nicht Leberwurst. Vergleich: Innereien (1.0000) in OFFAL. Entscheidungsgrund: Das konkrete Organ beziehungsweise die stark festgelegte Verarbeitungsform bestimmt Textur und geeignete Gartechnik deutlich; mehrere Gerichte bleiben möglich, aber die Aufgabe bindet stärker als ein gewöhnlicher Zuschnitt.		MAIN_C604408_FULL_MASTER_POSTGRESQL17;ISSUE_288_AGENTIC_REVIEW_2026-09-17
PORK_LOIN	Schweinerücken	APPLICABLE	0.8500	0.7500	CHANGED	PORK	PORK	Semantik: Magerer Schweinerücken als Kotelettstrang oder ausgelöstes Stück; nicht Schweinefilet. Vergleich: Schweinefleisch (1.0000) in PORK. Entscheidungsgrund: Tierart oder Zuschnitt sind konkret, doch Würzung, Kombination und mehrere passende Gartechniken bleiben offen; diese eigenständige Kochbreite trägt die Zwischenstufe.		MAIN_C604408_FULL_MASTER_POSTGRESQL17;ISSUE_288_AGENTIC_REVIEW_2026-09-17
PORK_MINCE	Schweinehack	APPLICABLE	0.8000	0.7500	CHANGED	MINCED_MEAT	MINCED_MEAT	Semantik: Zerkleinertes Schweinefleisch mit variablem Fettanteil; nicht gemischtes Hackfleisch. Vergleich: Hackfleisch (1.0000) in MINCED_MEAT. Entscheidungsgrund: Tierart oder Zuschnitt sind konkret, doch Würzung, Kombination und mehrere passende Gartechniken bleiben offen; diese eigenständige Kochbreite trägt die Zwischenstufe.		MAIN_C604408_FULL_MASTER_POSTGRESQL17;ISSUE_288_AGENTIC_REVIEW_2026-09-17
PORK_NECK	Schweinenacken	APPLICABLE	0.8500	0.7500	CHANGED	PORK	PORK	Semantik: Gut marmorierter Schweinenacken mit saftigem Fleisch; zum Grillen, Braten oder Schmoren geeignet. Vergleich: Schweinefleisch (1.0000) in PORK. Entscheidungsgrund: Tierart oder Zuschnitt sind konkret, doch Würzung, Kombination und mehrere passende Gartechniken bleiben offen; diese eigenständige Kochbreite trägt die Zwischenstufe.		MAIN_C604408_FULL_MASTER_POSTGRESQL17;ISSUE_288_AGENTIC_REVIEW_2026-09-17
PORK_RIBS	Schweinerippchen	APPLICABLE	0.7500	0.7500	UNCHANGED	PORK	PORK	Semantik: Fleischige Schweinerippen mit Knochen und Bindegewebe; Rippenabschnitt und Zuschnitt bleiben offen. Vergleich: Schweinefleisch (1.0000) in PORK. Entscheidungsgrund: Tierart oder Zuschnitt sind konkret, doch Würzung, Kombination und mehrere passende Gartechniken bleiben offen; diese eigenständige Kochbreite trägt die Zwischenstufe.		MAIN_C604408_FULL_MASTER_POSTGRESQL17;ISSUE_288_AGENTIC_REVIEW_2026-09-17
PORK_SHOULDER	Schweineschulter	APPLICABLE	0.9000	0.7500	CHANGED	PORK	PORK	Semantik: Durchwachsene Schweineschulter mit Bindegewebe; besonders für Braten, Schmoren oder Zupffleisch geeignet. Vergleich: Schweinefleisch (1.0000) in PORK. Entscheidungsgrund: Tierart oder Zuschnitt sind konkret, doch Würzung, Kombination und mehrere passende Gartechniken bleiben offen; diese eigenständige Kochbreite trägt die Zwischenstufe.		MAIN_C604408_FULL_MASTER_POSTGRESQL17;ISSUE_288_AGENTIC_REVIEW_2026-09-17
PORK_STOCK	Schweinefond	APPLICABLE	0.4500	0.7500	CHANGED	STOCKS	STOCKS	Semantik: Brühe oder Fond auf Basis von Schweinefleisch und/oder -knochen; nicht fertige Suppe. Vergleich: Brühe oder Fond (1.0000) in STOCKS. Entscheidungsgrund: Die benannte Zutat ist gegenüber dem Oberbegriff konkretisiert, behält aber mehrere eigenständige Kochfunktionen und Zubereitungswege; die Familienüberschneidung rechtfertigt die maßvolle Verdichtung.		MAIN_C604408_FULL_MASTER_POSTGRESQL17;ISSUE_288_AGENTIC_REVIEW_2026-09-17
PORK_TENDERLOIN	Schweinefilet	APPLICABLE	0.8500	0.7500	CHANGED	PORK	PORK	Semantik: Sehr mageres und zartes Schweinefilet für kurze bis mittlere Garung; nicht Schweinerücken. Vergleich: Schweinefleisch (1.0000) in PORK. Entscheidungsgrund: Tierart oder Zuschnitt sind konkret, doch Würzung, Kombination und mehrere passende Gartechniken bleiben offen; diese eigenständige Kochbreite trägt die Zwischenstufe.		MAIN_C604408_FULL_MASTER_POSTGRESQL17;ISSUE_288_AGENTIC_REVIEW_2026-09-17
PORK_TONGUE	Schweinezunge	APPLICABLE	0.2000	0.5000	CHANGED	OFFAL	OFFAL	Semantik: Schweinezunge als festes, nach langem Garen zartes Muskelfleisch; vor dem Servieren üblicherweise gehäutet. Vergleich: Innereien (1.0000) in OFFAL. Entscheidungsgrund: Das konkrete Organ beziehungsweise die stark festgelegte Verarbeitungsform bestimmt Textur und geeignete Gartechnik deutlich; mehrere Gerichte bleiben möglich, aber die Aufgabe bindet stärker als ein gewöhnlicher Zuschnitt.		MAIN_C604408_FULL_MASTER_POSTGRESQL17;ISSUE_288_AGENTIC_REVIEW_2026-09-17
PORT_WINE	Portwein	APPLICABLE	0.3000	0.2500	CHANGED	COOKING_ALCOHOL	COOKING_ALCOHOL	Semantik: Aufgespriteter portugiesischer Wein nach Portwein-Art mit deutlicher Süße und konzentriertem Fruchtaroma. Vergleich: Kochalkohol (0.2500) in COOKING_ALCOHOL. Entscheidungsgrund: Der Alkohol ist als Kochzutat eine geschmacks- und verfahrensprägende Pflichtvorgabe; Sorte und Stil unterscheiden die Aufgabe zusätzlich, weshalb der einheitliche Kochalkoholvertrag 0,25 vorsieht.	COOKING_ALCOHOL_INDEPENDENT_LOW_WEIGHT	MAIN_C604408_FULL_MASTER_POSTGRESQL17;ISSUE_288_AGENTIC_REVIEW_2026-09-17
POTATO	Kartoffel	APPLICABLE	1.0000	0.7500	CHANGED	ROOT_VEGETABLES	ROOT_VEGETABLES	Semantik: Kartoffel als stärkehaltige Knolle; Sorte, Kochtyp und Zubereitungsform bleiben offen. Vergleich: Wurzel- und Knollengemüse (1.0000) in ROOT_VEGETABLES. Entscheidungsgrund: Art oder Sorte sind festgelegt, doch Zuschnitt, Garmethode und Kombination bleiben in mehreren süßen beziehungsweise herzhaften Anwendungen offen; das entspricht den eigenständigen Rohstoff-Peers der Familie.		MAIN_C604408_FULL_MASTER_POSTGRESQL17;ISSUE_288_AGENTIC_REVIEW_2026-09-17
POTATO_DUMPLING	Kartoffelknödel	APPLICABLE	0.6500	0.7500	CHANGED	POTATO	POTATO	Semantik: Gekochter kartoffelbasierter Knödel als fertige Beilage; nicht mit Gnocchi gleichsetzen. Vergleich: Kartoffel (0.7500) in POTATO. Entscheidungsgrund: Die benannte Zutat ist gegenüber dem Oberbegriff konkretisiert, behält aber mehrere eigenständige Kochfunktionen und Zubereitungswege; die Familienüberschneidung rechtfertigt die maßvolle Verdichtung.		MAIN_C604408_FULL_MASTER_POSTGRESQL17;ISSUE_288_AGENTIC_REVIEW_2026-09-17
POTATO_STARCH	Kartoffelstärke	APPLICABLE	0.6000	0.7500	CHANGED	STARCH_BINDERS	STARCH_BINDERS	Semantik: Feine geschmacksneutrale Stärke aus Kartoffeln zum Binden und für Teige; nicht Kartoffelmehl aus ganzen Knollen. Vergleich: Stärke oder Bindemittel (1.0000) in STARCH_BINDERS. Entscheidungsgrund: Die benannte Zutat ist gegenüber dem Oberbegriff konkretisiert, behält aber mehrere eigenständige Kochfunktionen und Zubereitungswege; die Familienüberschneidung rechtfertigt die maßvolle Verdichtung.		MAIN_C604408_FULL_MASTER_POSTGRESQL17;ISSUE_288_AGENTIC_REVIEW_2026-09-17
POULTRY	Geflügel	APPLICABLE	0.7500	1.0000	CHANGED	MEAT	MEAT	Semantik: Offene Vorgabe für Geflügelfleisch wie Hähnchen, Ente, Gans oder Pute; Tierart und Zuschnitt bleiben wählbar. Vergleich: Fleisch (1.0000) in MEAT. Entscheidungsgrund: Der Oberbegriff lässt Tierart oder Zuschnitt und die spätere Garmethode offen und bildet damit den breiten Referenzpunkt der Fleischfamilie.		MAIN_C604408_FULL_MASTER_POSTGRESQL17;ISSUE_288_AGENTIC_REVIEW_2026-09-17
PRESERVED_FISH	konservierter Fisch	APPLICABLE	0.3500	1.0000	CHANGED	FISH	FISH	Semantik: Offene Familie durch Salz, Trocknung, Räuchern, Einlegen oder Konservieren haltbar gemachter Fischprodukte. Vergleich: Fisch (1.0000) in FISH. Entscheidungsgrund: Die drawable Familienvorgabe lässt Art, Zuschnitt und Garmethode offen und bildet damit den breiten Referenzpunkt für konkrete Meeres- und Süßwasserprodukte.		MAIN_C604408_FULL_MASTER_POSTGRESQL17;ISSUE_288_AGENTIC_REVIEW_2026-09-17
PRESERVED_LEMON	Salzzitrone	APPLICABLE	0.4500	0.5000	CHANGED	PRESERVED_PRODUCE	PRESERVED_PRODUCE	Semantik: In Salzlake gereifte ganze oder geteilte Zitrone mit weicher Schale und intensiv salzig-zitrischem Aroma. Vergleich: konservierte pflanzliche Zutat (1.0000) in PRESERVED_PRODUCE. Entscheidungsgrund: Konservierung und konkrete Produktform prägen Geschmack, Textur oder weitere Verarbeitung bereits vor; innerhalb der Familie bleibt die Zutat eigenständig, aber enger als der unverarbeitete Rohstoff.		MAIN_C604408_FULL_MASTER_POSTGRESQL17;ISSUE_288_AGENTIC_REVIEW_2026-09-17
PRESERVED_PRODUCE	konservierte pflanzliche Zutat	APPLICABLE	0.4000	1.0000	CHANGED	PRESERVED_PRODUCE	PRESERVED_PRODUCE	Semantik: Offene Vorgabe für eingelegtes, fermentiertes, getrocknetes oder anderweitig konserviertes pflanzliches Produkt. Vergleich: konservierte pflanzliche Zutat (1.0000) in PRESERVED_PRODUCE. Entscheidungsgrund: Als offene Konservierungsfamilie lässt die Vorgabe Rohstoff und konkrete Verarbeitung wählen; einzelne konservierte Produkte werden darunter enger gewichtet.		MAIN_C604408_FULL_MASTER_POSTGRESQL17;ISSUE_288_AGENTIC_REVIEW_2026-09-17
PRETZEL	Laugenbrezel	APPLICABLE	0.3500	0.7500	CHANGED	BREAD	BREAD	Semantik: Herzhafte Laugenbrezel als gebackenes Einzelprodukt; nicht süße Brezel, Salzbrezel-Snack oder beliebiges Laugengebäck. Vergleich: Brot oder Fladenbrot (1.0000) in BREAD. Entscheidungsgrund: Getreideart oder Produktform sind benannt, lassen aber süße und herzhafte Anwendungen sowie mehrere Garmethoden zu; diese Breite trägt die eigenständige Zwischenstufe.		MAIN_C604408_FULL_MASTER_POSTGRESQL17;ISSUE_288_AGENTIC_REVIEW_2026-09-17
PROSCIUTTO	Prosciutto crudo	APPLICABLE	0.4500	0.5000	CHANGED	HAM	HAM	Semantik: Italienischer luftgetrockneter Rohschinken nach Prosciutto-crudo-Art; dünn geschnitten oder als Kochzutat verwendbar. Vergleich: Schinken (1.0000) in HAM. Entscheidungsgrund: Rezeptur, Verarbeitung und typische Textur sind bei diesem benannten Produkt bereits wesentlich festgelegt; die Eigenständigkeit bleibt erhalten, die Familienverdichtung begrenzt aber seine relative Präsenz.		MAIN_C604408_FULL_MASTER_POSTGRESQL17;ISSUE_288_AGENTIC_REVIEW_2026-09-17
PRUNE	Trockenpflaumen	APPLICABLE	0.5500	0.7500	CHANGED	DRIED_FRUIT	DRIED_FRUIT	Semantik: Getrocknete Pflaume mit konzentrierter Süße und weicher bis zäher Textur; entsteint oder mit Stein verwendbar. Vergleich: Trockenfrüchte (1.0000) in DRIED_FRUIT. Entscheidungsgrund: Die benannte Zutat ist gegenüber dem Oberbegriff konkretisiert, behält aber mehrere eigenständige Kochfunktionen und Zubereitungswege; die Familienüberschneidung rechtfertigt die maßvolle Verdichtung.		MAIN_C604408_FULL_MASTER_POSTGRESQL17;ISSUE_288_AGENTIC_REVIEW_2026-09-17
PUL_BIBER	Pul Biber	APPLICABLE	0.5000	0.7500	CHANGED	CHILI_FLAKES	CHILI_FLAKES	Semantik: Türkisch geprägte grobe Chiliflocken, häufig mild bis mittelscharf und leicht ölig; Aleppo-Stil ist eine mögliche Ausprägung. Vergleich: Chiliflocken (0.7500) in CHILI_FLAKES. Entscheidungsgrund: Die benannte Zutat ist gegenüber dem Oberbegriff konkretisiert, behält aber mehrere eigenständige Kochfunktionen und Zubereitungswege; die Familienüberschneidung rechtfertigt die maßvolle Verdichtung.		MAIN_C604408_FULL_MASTER_POSTGRESQL17;ISSUE_288_AGENTIC_REVIEW_2026-09-17
PUMPERNICKEL	Pumpernickel	APPLICABLE	0.6000	0.7500	CHANGED	RYE_BREAD	RYE_BREAD	Semantik: Sehr dunkles, dichtes Vollkorn-Roggenbrot nach Pumpernickel-Art mit charakteristisch langer Backzeit; nicht beliebiges dunkles Roggenbrot. Vergleich: Roggenbrot (0.7500) in RYE_BREAD. Entscheidungsgrund: Die benannte Zutat ist gegenüber dem Oberbegriff konkretisiert, behält aber mehrere eigenständige Kochfunktionen und Zubereitungswege; die Familienüberschneidung rechtfertigt die maßvolle Verdichtung.		MAIN_C604408_FULL_MASTER_POSTGRESQL17;ISSUE_288_AGENTIC_REVIEW_2026-09-17
PUMPKIN	Kürbis	APPLICABLE	0.7500	0.7500	UNCHANGED	FRUIT_VEGETABLES	FRUIT_VEGETABLES	Semantik: Speisekürbis mit festem bis cremigem Fruchtfleisch; die konkrete Sorte bleibt wählbar. Vergleich: Fruchtgemüse (1.0000) in FRUIT_VEGETABLES. Entscheidungsgrund: Art oder Sorte sind festgelegt, doch Zuschnitt, Garmethode und Kombination bleiben in mehreren süßen beziehungsweise herzhaften Anwendungen offen; das entspricht den eigenständigen Rohstoff-Peers der Familie.		MAIN_C604408_FULL_MASTER_POSTGRESQL17;ISSUE_288_AGENTIC_REVIEW_2026-09-17
PUMPKIN_SEEDS	Kürbiskerne	APPLICABLE	0.6500	0.7500	CHANGED	SEEDS	SEEDS	Semantik: Grüne geschälte oder ganze Kürbiskerne mit nussigem Aroma; roh oder geröstet verwendbar. Vergleich: Kerne und Samen (1.0000) in SEEDS. Entscheidungsgrund: Art oder Sorte sind festgelegt, doch Zuschnitt, Garmethode und Kombination bleiben in mehreren süßen beziehungsweise herzhaften Anwendungen offen; das entspricht den eigenständigen Rohstoff-Peers der Familie.		MAIN_C604408_FULL_MASTER_POSTGRESQL17;ISSUE_288_AGENTIC_REVIEW_2026-09-17
PUMPKIN_SEED_OIL	Kürbiskernöl	APPLICABLE	0.5000	0.7500	CHANGED	OILS	OILS	Semantik: Speiseöl aus Kürbiskernen, je nach Herstellung mild-kernig oder deutlich nussig mit Röstaromen. Sowohl Öl aus ungerösteten als auch aus gerösteten Kernen ist gemeint. Vergleich: Speiseöl (1.0000) in OILS. Entscheidungsgrund: Die konkrete Produktausprägung besitzt ein eigenes Profil, bleibt aber über mehrere Koch-, Back- oder Servierfunktionen einsetzbar; das trägt die Zwischenstufe gegenüber dem offenen Oberbegriff.		MAIN_C604408_FULL_MASTER_POSTGRESQL17;ISSUE_288_AGENTIC_REVIEW_2026-09-17
PURSLANE	Portulak	APPLICABLE	0.3000	0.7500	CHANGED	LEAFY_GREENS	LEAFY_GREENS	Semantik: Portulak mit fleischigen Blättern, frischer Säure und leicht salzigem Geschmack; roh oder kurz gegart verwendbar. Vergleich: Blattgemüse (1.0000) in LEAFY_GREENS. Entscheidungsgrund: Art oder Sorte sind festgelegt, doch Zuschnitt, Garmethode und Kombination bleiben in mehreren süßen beziehungsweise herzhaften Anwendungen offen; das entspricht den eigenständigen Rohstoff-Peers der Familie.		MAIN_C604408_FULL_MASTER_POSTGRESQL17;ISSUE_288_AGENTIC_REVIEW_2026-09-17
QUAIL	Wachtel	APPLICABLE	0.2500	0.7500	CHANGED	POULTRY	POULTRY	Semantik: Wachtelfleisch als kleines, aromatisches Geflügel; ganz oder in Teilstücken verwendbar. Vergleich: Geflügel (1.0000) in POULTRY. Entscheidungsgrund: Tierart oder Zuschnitt sind konkret, doch Würzung, Kombination und mehrere passende Gartechniken bleiben offen; diese eigenständige Kochbreite trägt die Zwischenstufe.		MAIN_C604408_FULL_MASTER_POSTGRESQL17;ISSUE_288_AGENTIC_REVIEW_2026-09-17
QUAIL_EGG	Wachtelei	APPLICABLE	0.4500	0.7500	CHANGED	EGGS	EGGS	Semantik: Kleines gesprenkeltes Wachtelei mit höherem Eigelbanteil; frisch zu garen, nicht eingelegt. Vergleich: Eier (1.0000) in EGGS. Entscheidungsgrund: Die benannte Zutat ist gegenüber dem Oberbegriff konkretisiert, behält aber mehrere eigenständige Kochfunktionen und Zubereitungswege; die Familienüberschneidung rechtfertigt die maßvolle Verdichtung.		MAIN_C604408_FULL_MASTER_POSTGRESQL17;ISSUE_288_AGENTIC_REVIEW_2026-09-17
QUARK	Quark	APPLICABLE	0.7500	0.7500	UNCHANGED	CULTURED_DAIRY	CULTURED_DAIRY	Semantik: Frischer säuerlicher Milchbruch mit magerer bis cremiger Konsistenz; Fettstufe bleibt offen. Vergleich: gesäuertes Milchprodukt (1.0000) in CULTURED_DAIRY. Entscheidungsgrund: Die konkrete Produktausprägung besitzt ein eigenes Profil, bleibt aber über mehrere Koch-, Back- oder Servierfunktionen einsetzbar; das trägt die Zwischenstufe gegenüber dem offenen Oberbegriff.		MAIN_C604408_FULL_MASTER_POSTGRESQL17;ISSUE_288_AGENTIC_REVIEW_2026-09-17
QUINCE	Quitte	APPLICABLE	0.4500	0.7500	CHANGED	POME_FRUIT	POME_FRUIT	Semantik: Quitte mit festem, roh herbem und beim Garen floral-aromatischem Fruchtfleisch; meist gegart verwendet. Vergleich: Kernobst (1.0000) in POME_FRUIT. Entscheidungsgrund: Art oder Sorte sind festgelegt, doch Zuschnitt, Garmethode und Kombination bleiben in mehreren süßen beziehungsweise herzhaften Anwendungen offen; das entspricht den eigenständigen Rohstoff-Peers der Familie.		MAIN_C604408_FULL_MASTER_POSTGRESQL17;ISSUE_288_AGENTIC_REVIEW_2026-09-17
QUINOA	Quinoa	APPLICABLE	0.7000	0.7500	CHANGED	GRAINS	GRAINS	Semantik: Glutenfreies Pseudogetreide mit kleinen Samen und leicht nussigem Geschmack; helle, rote und schwarze Sorten sind umfasst. Vergleich: Getreide oder Pseudogetreide (1.0000) in GRAINS. Entscheidungsgrund: Getreideart oder Produktform sind benannt, lassen aber süße und herzhafte Anwendungen sowie mehrere Garmethoden zu; diese Breite trägt die eigenständige Zwischenstufe.		MAIN_C604408_FULL_MASTER_POSTGRESQL17;ISSUE_288_AGENTIC_REVIEW_2026-09-17
RABBIT	Kaninchen	APPLICABLE	0.4000	0.7500	CHANGED	GAME_MEAT	GAME_MEAT	Semantik: Kaninchenfleisch mit magerem, mildem Geschmack; ganzes Tier oder Teilstücke sind verwendbar, unabhängig von Haus- oder Wildhaltung. Vergleich: Wildfleisch (1.0000) in GAME_MEAT. Entscheidungsgrund: Tierart oder Zuschnitt sind konkret, doch Würzung, Kombination und mehrere passende Gartechniken bleiben offen; diese eigenständige Kochbreite trägt die Zwischenstufe.		MAIN_C604408_FULL_MASTER_POSTGRESQL17;ISSUE_288_AGENTIC_REVIEW_2026-09-17
RADICCHIO	Radicchio	APPLICABLE	0.6500	0.7500	CHANGED	SALAD_GREENS	SALAD_GREENS	Semantik: Rot-weißer Blattsalat aus der Zichorienfamilie mit markanter Bitterkeit; roh oder gegart verwendbar. Vergleich: Blattsalat (1.0000) in SALAD_GREENS. Entscheidungsgrund: Art oder Sorte sind festgelegt, doch Zuschnitt, Garmethode und Kombination bleiben in mehreren süßen beziehungsweise herzhaften Anwendungen offen; das entspricht den eigenständigen Rohstoff-Peers der Familie.		MAIN_C604408_FULL_MASTER_POSTGRESQL17;ISSUE_288_AGENTIC_REVIEW_2026-09-17
RADISH	Rettich	APPLICABLE	0.7500	0.7500	UNCHANGED	ROOT_VEGETABLES	ROOT_VEGETABLES	Semantik: Offene Rettichvorgabe von kleinen Radieschen bis größeren weißen oder schwarzen Rettichen; Schärfe und Form bleiben wählbar. Vergleich: Wurzel- und Knollengemüse (1.0000) in ROOT_VEGETABLES. Entscheidungsgrund: Art oder Sorte sind festgelegt, doch Zuschnitt, Garmethode und Kombination bleiben in mehreren süßen beziehungsweise herzhaften Anwendungen offen; das entspricht den eigenständigen Rohstoff-Peers der Familie.		MAIN_C604408_FULL_MASTER_POSTGRESQL17;ISSUE_288_AGENTIC_REVIEW_2026-09-17
RAISIN	Rosinen	APPLICABLE	0.6500	0.7500	CHANGED	DRIED_FRUIT	DRIED_FRUIT	Semantik: Getrocknete Weintrauben mit konzentrierter Süße; helle und dunkle sowie kleine und große Formen sind umfasst. Vergleich: Trockenfrüchte (1.0000) in DRIED_FRUIT. Entscheidungsgrund: Die benannte Zutat ist gegenüber dem Oberbegriff konkretisiert, behält aber mehrere eigenständige Kochfunktionen und Zubereitungswege; die Familienüberschneidung rechtfertigt die maßvolle Verdichtung.		MAIN_C604408_FULL_MASTER_POSTGRESQL17;ISSUE_288_AGENTIC_REVIEW_2026-09-17
RAKFISK	Rakfisk	APPLICABLE	0.1000	0.5000	CHANGED	PRESERVED_FISH	PRESERVED_FISH	Semantik: Professionell hergestellter, gesalzener und fermentierter Süßwasserfisch nach Rakfisk-Art. Gemeint ist ein handelsübliches verzehrfertiges Produkt; keine Aufforderung zur häuslichen Fischfermentation. Vergleich: konservierter Fisch (1.0000) in PRESERVED_FISH. Entscheidungsgrund: Konservierung und konkrete Produktform prägen Geschmack, Textur oder weitere Verarbeitung bereits vor; innerhalb der Familie bleibt die Zutat eigenständig, aber enger als der unverarbeitete Rohstoff.		MAIN_C604408_FULL_MASTER_POSTGRESQL17;ISSUE_288_AGENTIC_REVIEW_2026-09-17
RAMEN_NOODLES	Ramennudeln	APPLICABLE	0.7500	0.7500	UNCHANGED	NOODLES	NOODLES	Semantik: Japanische Weizennudeln für Ramen, typischerweise alkalisch und elastisch; frisch, getrocknet oder vorgegart verwendbar. Vergleich: Nudeln (1.0000) in NOODLES. Entscheidungsgrund: Getreideart oder Produktform sind benannt, lassen aber süße und herzhafte Anwendungen sowie mehrere Garmethoden zu; diese Breite trägt die eigenständige Zwischenstufe.		MAIN_C604408_FULL_MASTER_POSTGRESQL17;ISSUE_288_AGENTIC_REVIEW_2026-09-17
RASPBERRY	Himbeere	APPLICABLE	0.5500	0.7500	CHANGED	BERRIES	BERRIES	Semantik: Himbeere mit zarter Struktur und süß-säuerlichem Aroma; frisch oder ungesüßt tiefgekühlt verwendbar. Vergleich: Beeren (1.0000) in BERRIES. Entscheidungsgrund: Art oder Sorte sind festgelegt, doch Zuschnitt, Garmethode und Kombination bleiben in mehreren süßen beziehungsweise herzhaften Anwendungen offen; das entspricht den eigenständigen Rohstoff-Peers der Familie.		MAIN_C604408_FULL_MASTER_POSTGRESQL17;ISSUE_288_AGENTIC_REVIEW_2026-09-17
RAS_EL_HANOUT	Ras el-Hanout	APPLICABLE	0.4000	0.5000	CHANGED	SPICE_BLENDS	SPICE_BLENDS	Semantik: Nordafrikanische Gewürzmischung aus zahlreichen warmen, erdigen und floralen Gewürzen; Rezeptur variiert stark. Vergleich: Gewürzmischung (1.0000) in SPICE_BLENDS. Entscheidungsgrund: Die fertige Würzform bringt ein eigenes Aroma- und häufig Texturprofil mit; gegenüber dem Anker ist sie eigenständig, beschränkt aber freie Würzung und Gerichtsausrichtung, weshalb die Familie kompakt auf dieser Stufe bleibt.		MAIN_C604408_FULL_MASTER_POSTGRESQL17;ISSUE_288_AGENTIC_REVIEW_2026-09-17
RAZOR_CLAMS	Schwertmuscheln	APPLICABLE	0.1500	0.7500	CHANGED	BIVALVES	BIVALVES	Semantik: Längliche Schwert- beziehungsweise Messermuscheln mit zartem, leicht süßlichem Fleisch; frisch oder ausgelöst verwendbar. Vergleich: Muscheln (1.0000) in BIVALVES. Entscheidungsgrund: Messermuscheln legen die Muschelart fest, nicht aber Dämpfen, Grillen, Pfannengericht oder Sauce; diese Kochbreite entspricht anderen einzelnen Muschelarten.		MAIN_C604408_FULL_MASTER_POSTGRESQL17;ISSUE_288_AGENTIC_REVIEW_2026-09-17
READY_CURRY_PASTE	fertige Currypaste	APPLICABLE	1.0000	1.0000	UNCHANGED	READY_SAUCES_AND_PASTES	MAYONNAISE	Semantik: Offene Familie verzehrfertiger Currypasten mit bereits kombinierter Gewürz- und Aromatenbasis; Küche, Farbe und Schärfe bleiben offen. Vergleich: Mayonnaise (0.5000) in READY_SAUCES_AND_PASTES. Entscheidungsgrund: Die Zeile bezeichnet eine breite drawable Produktfamilie: konkrete Zutaten, Schärfe, Konsistenz und Stil werden erst bei der Auswahl innerhalb der Familie festgelegt; deshalb bleibt die volle Auswahlbreite erhalten.		MAIN_C604408_FULL_MASTER_POSTGRESQL17;ISSUE_288_AGENTIC_REVIEW_2026-09-17
READY_SAUCES_AND_PASTES	fertige Sauce oder Würzpaste	NOT_APPLICABLE	1.0000	1.0000	UNCHANGED	STRUCTURE_ONLY	READY_SAUCES_AND_PASTES	Reiner, nicht ziehbarer Strukturknoten mit Kindern, ohne eigene Availability, Novelty oder Rollen. Der historische technische Wert bleibt unverändert und dient ausdrücklich weder als fachlicher Zielwert noch als Anker für drawable Konzepte.	STRUCTURE_ONLY_NOT_APPLICABLE	MAIN_C604408_FULL_MASTER_POSTGRESQL17;ISSUE_288_AGENTIC_REVIEW_2026-09-17
REDFISH	Rotbarsch	APPLICABLE	0.8500	0.7500	CHANGED	WHITE_FISH	WHITE_FISH	Semantik: Rotbarsch mit festem, mildem und relativ magerem Fleisch; meist als Filet erhältlich. Vergleich: weißfleischiger Fisch (1.0000) in WHITE_FISH. Entscheidungsgrund: Die Art beziehungsweise Tiergruppe ist festgelegt, Zuschnitt, Würzung und mehrere Gartechniken bleiben aber wählbar; das trägt eine eigenständige, gegenüber der offenen Familie leicht verdichtete Präsenz.		MAIN_C604408_FULL_MASTER_POSTGRESQL17;ISSUE_288_AGENTIC_REVIEW_2026-09-17
RED_BELL_PEPPER	rote Paprika	APPLICABLE	0.9000	0.7500	CHANGED	BELL_PEPPER	BELL_PEPPER	Semantik: Reif rote Gemüsepaprika mit süßem, fruchtigem Geschmack; frisch gemeint, nicht geröstete Konserve. Vergleich: Paprika (0.7500) in BELL_PEPPER. Entscheidungsgrund: Die benannte Zutat ist gegenüber dem Oberbegriff konkretisiert, behält aber mehrere eigenständige Kochfunktionen und Zubereitungswege; die Familienüberschneidung rechtfertigt die maßvolle Verdichtung.		MAIN_C604408_FULL_MASTER_POSTGRESQL17;ISSUE_288_AGENTIC_REVIEW_2026-09-17
RED_CABBAGE	Rotkohl	APPLICABLE	0.8500	0.7500	CHANGED	CABBAGE_VEGETABLES	CABBAGE_VEGETABLES	Semantik: Rotkohl mit festen violetten Blättern und leicht pfeffrigem Geschmack; roh, geschmort oder fermentiert verwendbar. Vergleich: Kohlgemüse (1.0000) in CABBAGE_VEGETABLES. Entscheidungsgrund: Art oder Sorte sind festgelegt, doch Zuschnitt, Garmethode und Kombination bleiben in mehreren süßen beziehungsweise herzhaften Anwendungen offen; das entspricht den eigenständigen Rohstoff-Peers der Familie.		MAIN_C604408_FULL_MASTER_POSTGRESQL17;ISSUE_288_AGENTIC_REVIEW_2026-09-17
RED_CURRANT	rote Johannisbeere	APPLICABLE	0.5000	0.7500	CHANGED	BERRIES	BERRIES	Semantik: Rote Johannisbeere mit klarer Säure und saftigem Fruchtfleisch; frisch oder ungesüßt tiefgekühlt. Vergleich: Beeren (1.0000) in BERRIES. Entscheidungsgrund: Art oder Sorte sind festgelegt, doch Zuschnitt, Garmethode und Kombination bleiben in mehreren süßen beziehungsweise herzhaften Anwendungen offen; das entspricht den eigenständigen Rohstoff-Peers der Familie.		MAIN_C604408_FULL_MASTER_POSTGRESQL17;ISSUE_288_AGENTIC_REVIEW_2026-09-17
RED_LENTILS	rote Linsen	APPLICABLE	0.9000	0.7500	CHANGED	LENTILS	LENTILS	Semantik: Geschälte rote Linsen, die schnell garen und meist cremig zerfallen; nicht formstabile ganze Linsen. Vergleich: Linsen (0.7500) in LENTILS. Entscheidungsgrund: Die benannte Zutat ist gegenüber dem Oberbegriff konkretisiert, behält aber mehrere eigenständige Kochfunktionen und Zubereitungswege; die Familienüberschneidung rechtfertigt die maßvolle Verdichtung.		MAIN_C604408_FULL_MASTER_POSTGRESQL17;ISSUE_288_AGENTIC_REVIEW_2026-09-17
RED_ONION	rote Zwiebel	APPLICABLE	0.8000	0.7500	CHANGED	ONION	ONION	Semantik: Rote Zwiebel mit milderer Schärfe und violetter Farbe; roh und gegart verwendbar. Vergleich: Zwiebel (0.7500) in ONION. Entscheidungsgrund: Die benannte Zutat ist gegenüber dem Oberbegriff konkretisiert, behält aber mehrere eigenständige Kochfunktionen und Zubereitungswege; die Familienüberschneidung rechtfertigt die maßvolle Verdichtung.		MAIN_C604408_FULL_MASTER_POSTGRESQL17;ISSUE_288_AGENTIC_REVIEW_2026-09-17
RED_WINE	Rotwein	APPLICABLE	0.3500	0.2500	CHANGED	COOKING_ALCOHOL	COOKING_ALCOHOL	Semantik: Rotwein als Kochzutat; Rebsorte, Körper und Trockenheitsgrad bleiben offen, kein aromatisiertes Weingetränk. Vergleich: Kochalkohol (0.2500) in COOKING_ALCOHOL. Entscheidungsgrund: Der Alkohol ist als Kochzutat eine geschmacks- und verfahrensprägende Pflichtvorgabe; Sorte und Stil unterscheiden die Aufgabe zusätzlich, weshalb der einheitliche Kochalkoholvertrag 0,25 vorsieht.	COOKING_ALCOHOL_INDEPENDENT_LOW_WEIGHT	MAIN_C604408_FULL_MASTER_POSTGRESQL17;ISSUE_288_AGENTIC_REVIEW_2026-09-17
RED_WINE_VINEGAR	Rotweinessig	APPLICABLE	0.6000	0.7500	CHANGED	VINEGAR	VINEGAR	Semantik: Aus Rotwein vergorener Essig mit fruchtig-herber Säure; nicht Rotwein oder Balsamico. Vergleich: Essig (1.0000) in VINEGAR. Entscheidungsgrund: Die konkrete Produktausprägung besitzt ein eigenes Profil, bleibt aber über mehrere Koch-, Back- oder Servierfunktionen einsetzbar; das trägt die Zwischenstufe gegenüber dem offenen Oberbegriff.		MAIN_C604408_FULL_MASTER_POSTGRESQL17;ISSUE_288_AGENTIC_REVIEW_2026-09-17
REINDEER	Rentierfleisch	APPLICABLE	0.2500	0.7500	CHANGED	GAME_MEAT	GAME_MEAT	Semantik: Rentierfleisch als frisches oder tiefgekühltes Fleischstück beziehungsweise geeignetes Gulasch-/Geschnetzeltesfleisch. Nicht Rentierwurst, Trockenfleisch oder ein bereits zubereitetes Rentiergericht. Vergleich: Wildfleisch (1.0000) in GAME_MEAT. Entscheidungsgrund: Tierart oder Zuschnitt sind konkret, doch Würzung, Kombination und mehrere passende Gartechniken bleiben offen; diese eigenständige Kochbreite trägt die Zwischenstufe.		MAIN_C604408_FULL_MASTER_POSTGRESQL17;ISSUE_288_AGENTIC_REVIEW_2026-09-17
REMOULADE	Remoulade	APPLICABLE	0.5500	0.5000	CHANGED	READY_SAUCES_AND_PASTES	MAYONNAISE	Semantik: Würzige mayonnaiseartige Sauce mit typischerweise Gurken/Pickles, Senf, Kräutern und weiteren Würzzutaten; konkrete Rezepturen können variieren. Vergleich: Mayonnaise (0.5000) in READY_SAUCES_AND_PASTES. Entscheidungsgrund: Die fertige Würzform bringt ein eigenes Aroma- und häufig Texturprofil mit; gegenüber dem Anker ist sie eigenständig, beschränkt aber freie Würzung und Gerichtsausrichtung, weshalb die Familie kompakt auf dieser Stufe bleibt.		MAIN_C604408_FULL_MASTER_POSTGRESQL17;ISSUE_288_AGENTIC_REVIEW_2026-09-17
RENDANG_PASTE	Rendang-Paste	APPLICABLE	0.3000	0.5000	CHANGED	READY_CURRY_PASTE	READY_CURRY_PASTE	Semantik: Konzentrierte Gewürzpaste für Rendang mit Chili, Aromaten und Gewürzen; nicht das fertige Schmorgericht. Vergleich: fertige Currypaste (1.0000) in READY_CURRY_PASTE. Entscheidungsgrund: Die fertige Würzform bringt ein eigenes Aroma- und häufig Texturprofil mit; gegenüber dem Anker ist sie eigenständig, beschränkt aber freie Würzung und Gerichtsausrichtung, weshalb die Familie kompakt auf dieser Stufe bleibt.		MAIN_C604408_FULL_MASTER_POSTGRESQL17;ISSUE_288_AGENTIC_REVIEW_2026-09-17
RHUBARB	Rhabarber	APPLICABLE	0.5500	0.7500	CHANGED	STEM_VEGETABLES	STEM_VEGETABLES	Semantik: Fleischige saure Blattstiele des Rhabarbers; nur die Stiele verwenden, nicht die Blätter. Vergleich: Stängelgemüse (1.0000) in STEM_VEGETABLES. Entscheidungsgrund: Art oder Sorte sind festgelegt, doch Zuschnitt, Garmethode und Kombination bleiben in mehreren süßen beziehungsweise herzhaften Anwendungen offen; das entspricht den eigenständigen Rohstoff-Peers der Familie.		MAIN_C604408_FULL_MASTER_POSTGRESQL17;ISSUE_288_AGENTIC_REVIEW_2026-09-17
RICE	Reis	APPLICABLE	0.9000	0.7500	CHANGED	GRAINS	GRAINS	Semantik: Reiskorn als Kochzutat; Sorte, Kornlänge, Vollkornanteil und Klebrigkeit bleiben bewusst wählbar. Vergleich: Getreide oder Pseudogetreide (1.0000) in GRAINS. Entscheidungsgrund: Getreideart oder Produktform sind benannt, lassen aber süße und herzhafte Anwendungen sowie mehrere Garmethoden zu; diese Breite trägt die eigenständige Zwischenstufe.		MAIN_C604408_FULL_MASTER_POSTGRESQL17;ISSUE_288_AGENTIC_REVIEW_2026-09-17
RICE_CAKES	Tteok	APPLICABLE	0.5000	0.7500	CHANGED	RICE_PRODUCTS	RICE_PRODUCTS	Semantik: Koreanische Reiskuchen nach Tteok-Art mit zäher, elastischer Textur; Form und frisch oder tiefgekühlt bleiben offen. Vergleich: Reisprodukt (1.0000) in RICE_PRODUCTS. Entscheidungsgrund: Getreideart oder Produktform sind benannt, lassen aber süße und herzhafte Anwendungen sowie mehrere Garmethoden zu; diese Breite trägt die eigenständige Zwischenstufe.		MAIN_C604408_FULL_MASTER_POSTGRESQL17;ISSUE_288_AGENTIC_REVIEW_2026-09-17
RICE_FLOUR	Reismehl	APPLICABLE	0.5500	0.7500	CHANGED	FLOUR	FLOUR	Semantik: Fein gemahlener Reis, weiß oder als Vollkorn; nicht reine Reisstärke. Vergleich: Mehl (1.0000) in FLOUR. Entscheidungsgrund: Getreideart oder Produktform sind benannt, lassen aber süße und herzhafte Anwendungen sowie mehrere Garmethoden zu; diese Breite trägt die eigenständige Zwischenstufe.		MAIN_C604408_FULL_MASTER_POSTGRESQL17;ISSUE_288_AGENTIC_REVIEW_2026-09-17
RICE_NOODLES	Reisnudeln	APPLICABLE	0.8000	0.7500	CHANGED	NOODLES	NOODLES	Semantik: Nudeln überwiegend auf Reisbasis; Breite, Form und Frisch- oder Trockenware bleiben offen. Vergleich: Nudeln (1.0000) in NOODLES. Entscheidungsgrund: Getreideart oder Produktform sind benannt, lassen aber süße und herzhafte Anwendungen sowie mehrere Garmethoden zu; diese Breite trägt die eigenständige Zwischenstufe.		MAIN_C604408_FULL_MASTER_POSTGRESQL17;ISSUE_288_AGENTIC_REVIEW_2026-09-17
RICE_PADDY_HERB	Reisfeldkraut	APPLICABLE	0.1800	0.7500	CHANGED	FRESH_HERBS	BASIL	Semantik: Frisches Reisfeldkraut (ngò om beziehungsweise ngổ) mit zitrischem und leicht kümmelartigem Aroma; besonders für saure Suppen und Brühen. Nicht vietnamesischer Koriander oder Culantro. Vergleich: Basilikum (0.7500) in FRESH_HERBS. Entscheidungsgrund: Das zitrisch-kreuzkümmelartige Kraut ist in Suppen, Salaten und als frische Aromatik einsetzbar; es ist keine fertige Würzpaste und trägt deshalb die Einzelkräuterstufe.		MAIN_C604408_FULL_MASTER_POSTGRESQL17;ISSUE_288_AGENTIC_REVIEW_2026-09-17
RICE_PAPER	Reispapier	APPLICABLE	0.6500	0.7500	CHANGED	DUMPLING_WRAPPERS	DUMPLING_WRAPPERS	Semantik: Dünne trockene Blätter auf Reisbasis zum Einweichen und Rollen; nicht essbares Dekorpapier. Vergleich: Teigblatt oder Dumpling-Hülle (1.0000) in DUMPLING_WRAPPERS. Entscheidungsgrund: Getreideart oder Produktform sind benannt, lassen aber süße und herzhafte Anwendungen sowie mehrere Garmethoden zu; diese Breite trägt die eigenständige Zwischenstufe.		MAIN_C604408_FULL_MASTER_POSTGRESQL17;ISSUE_288_AGENTIC_REVIEW_2026-09-17
RICE_PRODUCTS	Reisprodukt	APPLICABLE	0.5000	1.0000	CHANGED	STARCHES	STARCHES	Semantik: Offene Vorgabe für verarbeitete Reisprodukte wie Nudeln, Reiskuchen, Mehl oder Papier; gewöhnliches Reiskorn bleibt getrennt. Vergleich: stärkehaltige Zutat oder Sättigungsbeilage (1.0000) in STARCHES. Entscheidungsgrund: Der drawable Oberbegriff lässt Getreideart oder konkrete Stärkeform und spätere Technik offen und bleibt deshalb der breite Referenzpunkt.		MAIN_C604408_FULL_MASTER_POSTGRESQL17;ISSUE_288_AGENTIC_REVIEW_2026-09-17
RICE_VINEGAR	Reisessig	APPLICABLE	0.5500	0.7500	CHANGED	VINEGAR	VINEGAR	Semantik: Milder Essig aus Reis beziehungsweise Reiswein; helle und dunklere regionale Varianten sind möglich. Vergleich: Essig (1.0000) in VINEGAR. Entscheidungsgrund: Die konkrete Produktausprägung besitzt ein eigenes Profil, bleibt aber über mehrere Koch-, Back- oder Servierfunktionen einsetzbar; das trägt die Zwischenstufe gegenüber dem offenen Oberbegriff.		MAIN_C604408_FULL_MASTER_POSTGRESQL17;ISSUE_288_AGENTIC_REVIEW_2026-09-17
RICOTTA	Ricotta	APPLICABLE	0.7000	0.7500	CHANGED	CHEESE	CHEESE	Semantik: Milder italienischer Molkenfrischkäse mit körnig-cremiger Textur; Kuh-, Schaf- oder andere Milchbasis möglich. Vergleich: Käse (1.0000) in CHEESE. Entscheidungsgrund: Die konkrete Produktausprägung besitzt ein eigenes Profil, bleibt aber über mehrere Koch-, Back- oder Servierfunktionen einsetzbar; das trägt die Zwischenstufe gegenüber dem offenen Oberbegriff.		MAIN_C604408_FULL_MASTER_POSTGRESQL17;ISSUE_288_AGENTIC_REVIEW_2026-09-17
RILLETTES	Rillettes	APPLICABLE	0.3000	0.5000	CHANGED	MEAT	MEAT	Semantik: Offene Familie langsam gegarter und zerfaserter Fleischaufstriche nach Rillettes-Art, insbesondere aus Schwein, Ente oder Gans. Fisch-Rillettes und gewöhnliche Leberpastete sind ausdrücklich nicht gemeint. Vergleich: Fleisch (1.0000) in MEAT. Entscheidungsgrund: Das konkrete Organ beziehungsweise die stark festgelegte Verarbeitungsform bestimmt Textur und geeignete Gartechnik deutlich; mehrere Gerichte bleiben möglich, aber die Aufgabe bindet stärker als ein gewöhnlicher Zuschnitt.		MAIN_C604408_FULL_MASTER_POSTGRESQL17;ISSUE_288_AGENTIC_REVIEW_2026-09-17
RISOTTO_RICE	Risottoreis	APPLICABLE	0.7500	0.7500	UNCHANGED	RICE	RICE	Semantik: Stärkereiche mittel- bis kurzkörnige Reissorte für cremiges Risotto, etwa Arborio oder Carnaroli. Vergleich: Reis (0.7500) in RICE. Entscheidungsgrund: Getreideart oder Produktform sind benannt, lassen aber süße und herzhafte Anwendungen sowie mehrere Garmethoden zu; diese Breite trägt die eigenständige Zwischenstufe.		MAIN_C604408_FULL_MASTER_POSTGRESQL17;ISSUE_288_AGENTIC_REVIEW_2026-09-17
ROASTED_PUMPKIN_SEED_OIL	Kürbiskernöl, geröstet	APPLICABLE	0.5500	0.5000	CHANGED	OILS	SESAME_OIL	Semantik: Dunkles Öl aus gerösteten Kürbiskernen mit ausgeprägtem nussigem Röstaroma. Besonders prägend als abschließendes Würzöl; ungeröstetes Kürbiskernöl und Mischöle sind nicht gemeint. Vergleich: Sesamöl (0.7500) in OILS. Entscheidungsgrund: Röstung und intensive nussige Aromatik machen das Öl vor allem zum prägenden Abschluss- und Würzöl; gegenüber offeneren Speiseölen ist die Einsatzbreite enger.		MAIN_C604408_FULL_MASTER_POSTGRESQL17;ISSUE_288_AGENTIC_REVIEW_2026-09-17
ROASTED_RED_PEPPER	geröstete Paprika	APPLICABLE	0.6500	0.5000	CHANGED	PRESERVED_PRODUCE	PRESERVED_PRODUCE	Semantik: Geröstete und gehäutete rote Paprika, frisch zubereitet oder schlicht in Glas beziehungsweise Öl konserviert. Vergleich: konservierte pflanzliche Zutat (1.0000) in PRESERVED_PRODUCE. Entscheidungsgrund: Konservierung und konkrete Produktform prägen Geschmack, Textur oder weitere Verarbeitung bereits vor; innerhalb der Familie bleibt die Zutat eigenständig, aber enger als der unverarbeitete Rohstoff.		MAIN_C604408_FULL_MASTER_POSTGRESQL17;ISSUE_288_AGENTIC_REVIEW_2026-09-17
ROD_POLSE	Rød pølse	APPLICABLE	0.4500	0.5000	CHANGED	SAUSAGE	SAUSAGE	Semantik: Dänische rote Hotdog-/Brühwurst (rød pølse), typischerweise aus Schweinefleisch, gekocht und geräuchert; nicht generisch jede rot gefärbte Wurst. Vergleich: Wurst (1.0000) in SAUSAGE. Entscheidungsgrund: Rezeptur, Verarbeitung und typische Textur sind bei diesem benannten Produkt bereits wesentlich festgelegt; die Eigenständigkeit bleibt erhalten, die Familienverdichtung begrenzt aber seine relative Präsenz.		MAIN_C604408_FULL_MASTER_POSTGRESQL17;ISSUE_288_AGENTIC_REVIEW_2026-09-17
ROMAINE_LETTUCE	Römersalat	APPLICABLE	0.8000	0.7500	CHANGED	SALAD_GREENS	SALAD_GREENS	Semantik: Römersalat mit länglichen kräftigen Blättern und knackiger Mittelrippe; roh oder gegrillt verwendbar. Vergleich: Blattsalat (1.0000) in SALAD_GREENS. Entscheidungsgrund: Art oder Sorte sind festgelegt, doch Zuschnitt, Garmethode und Kombination bleiben in mehreren süßen beziehungsweise herzhaften Anwendungen offen; das entspricht den eigenständigen Rohstoff-Peers der Familie.		MAIN_C604408_FULL_MASTER_POSTGRESQL17;ISSUE_288_AGENTIC_REVIEW_2026-09-17
ROMANESCO	Romanesco	APPLICABLE	0.7000	0.7500	CHANGED	CABBAGE_VEGETABLES	CABBAGE_VEGETABLES	Semantik: Hellgrünes Kohlgemüse mit fraktal geformtem Blütenstand und mild-nussigem Geschmack; nicht Brokkoli. Vergleich: Kohlgemüse (1.0000) in CABBAGE_VEGETABLES. Entscheidungsgrund: Art oder Sorte sind festgelegt, doch Zuschnitt, Garmethode und Kombination bleiben in mehreren süßen beziehungsweise herzhaften Anwendungen offen; das entspricht den eigenständigen Rohstoff-Peers der Familie.		MAIN_C604408_FULL_MASTER_POSTGRESQL17;ISSUE_288_AGENTIC_REVIEW_2026-09-17
ROMESCO	Romesco-Sauce	APPLICABLE	0.3500	0.5000	CHANGED	READY_SAUCES_AND_PASTES	MAYONNAISE	Semantik: Katalanische Sauce auf Basis gerösteter Paprika beziehungsweise Ñora, Tomate, Nüssen, Öl und Säure; genaue Nussmischung und Brotanteil können variieren. Nicht Ajvar oder allgemeine Paprikasauce. Vergleich: Mayonnaise (0.5000) in READY_SAUCES_AND_PASTES. Entscheidungsgrund: Die fertige Würzform bringt ein eigenes Aroma- und häufig Texturprofil mit; gegenüber dem Anker ist sie eigenständig, beschränkt aber freie Würzung und Gerichtsausrichtung, weshalb die Familie kompakt auf dieser Stufe bleibt.		MAIN_C604408_FULL_MASTER_POSTGRESQL17;ISSUE_288_AGENTIC_REVIEW_2026-09-17
ROOKWORST	Rookworst	APPLICABLE	0.5000	0.5000	UNCHANGED	SAUSAGE	SAUSAGE	Semantik: Niederländische geräucherte Koch- oder Brühwurst; die Fleischzusammensetzung kann variieren und muss nicht ausschließlich aus Schweinefleisch bestehen. Vergleich: Wurst (1.0000) in SAUSAGE. Entscheidungsgrund: Rezeptur, Verarbeitung und typische Textur sind bei diesem benannten Produkt bereits wesentlich festgelegt; die Eigenständigkeit bleibt erhalten, die Familienverdichtung begrenzt aber seine relative Präsenz.		MAIN_C604408_FULL_MASTER_POSTGRESQL17;ISSUE_288_AGENTIC_REVIEW_2026-09-17
ROOT_VEGETABLES	Wurzel- und Knollengemüse	APPLICABLE	0.8000	1.0000	CHANGED	VEGETABLES	VEGETABLES	Semantik: Offene Vorgabe für kulinarisch genutzte Wurzeln und Knollen; Art, Stärkegehalt und Süße bleiben wählbar. Vergleich: Gemüse (1.0000) in VEGETABLES. Entscheidungsgrund: Die Zeile ist eine breite drawable Rohstofffamilie und lässt Sorte sowie rohe, gegarte oder weiterverarbeitete Umsetzung offen; sie bleibt deshalb der volle Referenzpunkt.		MAIN_C604408_FULL_MASTER_POSTGRESQL17;ISSUE_288_AGENTIC_REVIEW_2026-09-17
ROQUEFORT	Roquefort	APPLICABLE	0.4000	0.7500	CHANGED	BLUE_CHEESE	BLUE_CHEESE	Semantik: Französischer Blauschimmelkäse aus Schafmilch nach Roquefort-AOP; kräftig, salzig und ausgeprägt würzig. Nicht generischer Blauschimmelkäse. Vergleich: Blauschimmelkäse (0.7500) in BLUE_CHEESE. Entscheidungsgrund: Die konkrete Produktausprägung besitzt ein eigenes Profil, bleibt aber über mehrere Koch-, Back- oder Servierfunktionen einsetzbar; das trägt die Zwischenstufe gegenüber dem offenen Oberbegriff.		MAIN_C604408_FULL_MASTER_POSTGRESQL17;ISSUE_288_AGENTIC_REVIEW_2026-09-17
ROSEMARY	Rosmarin	APPLICABLE	0.6500	0.7500	CHANGED	FRESH_HERBS	BASIL	Semantik: Rosmarinnadeln mit harzigem, kampferartigem Aroma; frisch oder getrocknet sparsam verwendbar. Vergleich: Basilikum (0.7500) in FRESH_HERBS. Entscheidungsgrund: Das einzelne Aroma ist klar festgelegt, kann aber über mehrere Gerichte, Techniken und Kombinationen eingesetzt werden; wie beim Anker bleibt ausreichend eigenständige Kochbreite.		MAIN_C604408_FULL_MASTER_POSTGRESQL17;ISSUE_288_AGENTIC_REVIEW_2026-09-17
RUM	Rum	APPLICABLE	0.3000	0.2500	CHANGED	COOKING_ALCOHOL	COOKING_ALCOHOL	Semantik: Spirituose aus Zuckerrohrprodukten; weißer, goldener oder dunkler Rum und Süßegrad bleiben offen. Vergleich: Kochalkohol (0.2500) in COOKING_ALCOHOL. Entscheidungsgrund: Der Alkohol ist als Kochzutat eine geschmacks- und verfahrensprägende Pflichtvorgabe; Sorte und Stil unterscheiden die Aufgabe zusätzlich, weshalb der einheitliche Kochalkoholvertrag 0,25 vorsieht.	COOKING_ALCOHOL_INDEPENDENT_LOW_WEIGHT	MAIN_C604408_FULL_MASTER_POSTGRESQL17;ISSUE_288_AGENTIC_REVIEW_2026-09-17
RUNNER_BEANS	Käferbohnen	APPLICABLE	0.7500	0.7500	UNCHANGED	BEANS	BEANS	Semantik: Große, ausgereifte Kerne der Feuerbohne mit kräftiger Schale und cremigem Inneren. Gemeint sind getrocknete oder schlicht gekochte Käferbohnen, nicht die grünen Hülsen. Vergleich: Bohnen (1.0000) in BEANS. Entscheidungsgrund: Art oder Sorte sind festgelegt, doch Zuschnitt, Garmethode und Kombination bleiben in mehreren süßen beziehungsweise herzhaften Anwendungen offen; das entspricht den eigenständigen Rohstoff-Peers der Familie.		MAIN_C604408_FULL_MASTER_POSTGRESQL17;ISSUE_288_AGENTIC_REVIEW_2026-09-17
RUTABAGA	Steckrübe	APPLICABLE	0.6500	0.7500	CHANGED	ROOT_VEGETABLES	ROOT_VEGETABLES	Semantik: Steckrübe mit dichtem gelblichem Fleisch und mild erdig-süßlichem Kohlaroma; nicht Speiserübe. Vergleich: Wurzel- und Knollengemüse (1.0000) in ROOT_VEGETABLES. Entscheidungsgrund: Art oder Sorte sind festgelegt, doch Zuschnitt, Garmethode und Kombination bleiben in mehreren süßen beziehungsweise herzhaften Anwendungen offen; das entspricht den eigenständigen Rohstoff-Peers der Familie.		MAIN_C604408_FULL_MASTER_POSTGRESQL17;ISSUE_288_AGENTIC_REVIEW_2026-09-17
RYE_BREAD	Roggenbrot	APPLICABLE	0.7000	0.7500	CHANGED	BREAD	BREAD	Semantik: Brot mit Roggen als prägendem Getreide; Misch- und Vollkornformen sind umfasst, Sauerteig wird nicht zwingend vorausgesetzt. Vergleich: Brot oder Fladenbrot (1.0000) in BREAD. Entscheidungsgrund: Getreideart oder Produktform sind benannt, lassen aber süße und herzhafte Anwendungen sowie mehrere Garmethoden zu; diese Breite trägt die eigenständige Zwischenstufe.		MAIN_C604408_FULL_MASTER_POSTGRESQL17;ISSUE_288_AGENTIC_REVIEW_2026-09-17
RYE_FLOUR	Roggenmehl	APPLICABLE	0.6000	0.7500	CHANGED	FLOUR	FLOUR	Semantik: Mehl aus Roggen mit kräftigem Getreidearoma; Ausmahlungsgrad bleibt offen. Vergleich: Mehl (1.0000) in FLOUR. Entscheidungsgrund: Getreideart oder Produktform sind benannt, lassen aber süße und herzhafte Anwendungen sowie mehrere Garmethoden zu; diese Breite trägt die eigenständige Zwischenstufe.		MAIN_C604408_FULL_MASTER_POSTGRESQL17;ISSUE_288_AGENTIC_REVIEW_2026-09-17
SAFFRON	Safran	APPLICABLE	0.1800	0.5000	CHANGED	SPICES	CUMIN	Semantik: Getrocknete Safranfäden beziehungsweise Narben mit intensiv floral-honigartigem Aroma und starker gelber Färbekraft; sparsam dosieren. Vergleich: Kreuzkümmel (0.7500) in SPICES. Entscheidungsgrund: Safran legt zugleich ein markantes Aroma und intensive Farbe fest und prägt damit die Gerichtsrichtung schon in kleiner Menge; diese Doppelbindung trägt 0,50.		MAIN_C604408_FULL_MASTER_POSTGRESQL17;ISSUE_288_AGENTIC_REVIEW_2026-09-17
SAGE	Salbei	APPLICABLE	0.5500	0.7500	CHANGED	FRESH_HERBS	BASIL	Semantik: Salbeiblätter mit kräftig herbem, kampferartigem Aroma; frisch oder getrocknet und meist sparsam verwendet. Vergleich: Basilikum (0.7500) in FRESH_HERBS. Entscheidungsgrund: Das einzelne Aroma ist klar festgelegt, kann aber über mehrere Gerichte, Techniken und Kombinationen eingesetzt werden; wie beim Anker bleibt ausreichend eigenständige Kochbreite.		MAIN_C604408_FULL_MASTER_POSTGRESQL17;ISSUE_288_AGENTIC_REVIEW_2026-09-17
SAHTI	Sahti	APPLICABLE	0.2500	0.2500	UNCHANGED	BEER	BEER	Semantik: Traditionelles finnisches ungefiltertes Starkbier auf Gerstenmalzbasis, häufig mit etwas Roggen und Wacholder und nur geringer Hopfenbittere. Vergleich: Bier (0.2500) in BEER. Entscheidungsgrund: Der Alkohol ist als Kochzutat eine geschmacks- und verfahrensprägende Pflichtvorgabe; Sorte und Stil unterscheiden die Aufgabe zusätzlich, weshalb der einheitliche Kochalkoholvertrag 0,25 vorsieht.	COOKING_ALCOHOL_INDEPENDENT_LOW_WEIGHT	MAIN_C604408_FULL_MASTER_POSTGRESQL17;ISSUE_288_AGENTIC_REVIEW_2026-09-17
SAI_UA	Sai Ua	APPLICABLE	0.2500	0.5000	CHANGED	SAUSAGE	SAUSAGE	Semantik: Nordthailändische grobe Schweinewurst mit Zitronengras, Makrut-Limettenblatt, Chili und weiteren Kräutern; meist gegrillt und aromatisch-intensiv. Nicht mit der fermentierten Sai Krok Isan gleichsetzen. Vergleich: Wurst (1.0000) in SAUSAGE. Entscheidungsgrund: Rezeptur, Verarbeitung und typische Textur sind bei diesem benannten Produkt bereits wesentlich festgelegt; die Eigenständigkeit bleibt erhalten, die Familienverdichtung begrenzt aber seine relative Präsenz.		MAIN_C604408_FULL_MASTER_POSTGRESQL17;ISSUE_288_AGENTIC_REVIEW_2026-09-17
SAKE	Sake	APPLICABLE	0.2500	0.2500	UNCHANGED	COOKING_ALCOHOL	COOKING_ALCOHOL	Semantik: Japanisches vergorenes Reisgetränk; trocken bis süß und als Kochsake oder Trinkqualität verwendbar, nicht Mirin. Vergleich: Kochalkohol (0.2500) in COOKING_ALCOHOL. Entscheidungsgrund: Der Alkohol ist als Kochzutat eine geschmacks- und verfahrensprägende Pflichtvorgabe; Sorte und Stil unterscheiden die Aufgabe zusätzlich, weshalb der einheitliche Kochalkoholvertrag 0,25 vorsieht.	COOKING_ALCOHOL_INDEPENDENT_LOW_WEIGHT	MAIN_C604408_FULL_MASTER_POSTGRESQL17;ISSUE_288_AGENTIC_REVIEW_2026-09-17
SALAD_GREENS	Blattsalat	APPLICABLE	0.5500	1.0000	CHANGED	LEAFY_GREENS	LEAFY_GREENS	Semantik: Offene Vorgabe für roh geeignete Blattsalate; Sorte, Bitterkeit und Blattstruktur bleiben wählbar. Vergleich: Blattgemüse (1.0000) in LEAFY_GREENS. Entscheidungsgrund: Die Zeile ist eine breite drawable Rohstofffamilie und lässt Sorte sowie rohe, gegarte oder weiterverarbeitete Umsetzung offen; sie bleibt deshalb der volle Referenzpunkt.		MAIN_C604408_FULL_MASTER_POSTGRESQL17;ISSUE_288_AGENTIC_REVIEW_2026-09-17
SALAMI	Salami	APPLICABLE	0.5000	0.5000	UNCHANGED	CURED_MEAT	CURED_MEAT	Semantik: Luftgetrocknete beziehungsweise gereifte Rohwurst der Salami-Familie; Tierart, Körnung und Würzung können variieren. Vergleich: gepökeltes oder luftgetrocknetes Fleisch (1.0000) in CURED_MEAT. Entscheidungsgrund: Rezeptur, Verarbeitung und typische Textur sind bei diesem benannten Produkt bereits wesentlich festgelegt; die Eigenständigkeit bleibt erhalten, die Familienverdichtung begrenzt aber seine relative Präsenz.		MAIN_C604408_FULL_MASTER_POSTGRESQL17;ISSUE_288_AGENTIC_REVIEW_2026-09-17
SALMON	Lachs	APPLICABLE	1.0000	0.7500	CHANGED	OILY_FISH	OILY_FISH	Semantik: Lachs als fettreicher Fisch mit festem, saftigem Fleisch; frisch oder tiefgekühlt, nicht bereits geräuchert oder gebeizt. Vergleich: fettreicher Fisch (1.0000) in OILY_FISH. Entscheidungsgrund: Die Art beziehungsweise Tiergruppe ist festgelegt, Zuschnitt, Würzung und mehrere Gartechniken bleiben aber wählbar; das trägt eine eigenständige, gegenüber der offenen Familie leicht verdichtete Präsenz.		MAIN_C604408_FULL_MASTER_POSTGRESQL17;ISSUE_288_AGENTIC_REVIEW_2026-09-17
SALMON_ROE	Lachsrogen	APPLICABLE	0.2800	0.7500	CHANGED	FISH_ROE	FISH_ROE	Semantik: Lachsrogen mit großen orangefarbenen, salzig platzenden Eiern; meist gesalzen als Ikura erhältlich. Vergleich: Fischrogen (1.0000) in FISH_ROE. Entscheidungsgrund: Die benannte Zutat ist gegenüber dem Oberbegriff konkretisiert, behält aber mehrere eigenständige Kochfunktionen und Zubereitungswege; die Familienüberschneidung rechtfertigt die maßvolle Verdichtung.		MAIN_C604408_FULL_MASTER_POSTGRESQL17;ISSUE_288_AGENTIC_REVIEW_2026-09-17
SALSA	Salsa	APPLICABLE	0.5500	0.5000	CHANGED	READY_SAUCES_AND_PASTES	MAYONNAISE	Semantik: Fertige oder frisch zubereitete mexikanisch geprägte Würzsauce; Tomaten-, Chili-, Frucht- und Rohvarianten sind möglich. Vergleich: Mayonnaise (0.5000) in READY_SAUCES_AND_PASTES. Entscheidungsgrund: Die fertige Würzform bringt ein eigenes Aroma- und häufig Texturprofil mit; gegenüber dem Anker ist sie eigenständig, beschränkt aber freie Würzung und Gerichtsausrichtung, weshalb die Familie kompakt auf dieser Stufe bleibt.		MAIN_C604408_FULL_MASTER_POSTGRESQL17;ISSUE_288_AGENTIC_REVIEW_2026-09-17
SALTED_DUCK_EGG	gesalzenes Entenei	APPLICABLE	0.2500	0.7500	CHANGED	DUCK_EGG	DUCK_EGG	Semantik: Durch Salz beziehungsweise Lake konserviertes Entenei, philippinisch insbesondere als itlog na maalat bekannt. Gemeint ist das ganze Ei; nicht Balut und nicht Salted-Egg-Pulver oder bloßes Salted-Egg-Aroma. Vergleich: Entenei (0.7500) in DUCK_EGG. Entscheidungsgrund: Die benannte Zutat ist gegenüber dem Oberbegriff konkretisiert, behält aber mehrere eigenständige Kochfunktionen und Zubereitungswege; die Familienüberschneidung rechtfertigt die maßvolle Verdichtung.		MAIN_C604408_FULL_MASTER_POSTGRESQL17;ISSUE_288_AGENTIC_REVIEW_2026-09-17
SALTY_LIQUORICE	Salzlakritz	APPLICABLE	0.2000	0.5000	CHANGED	LIQUORICE	LIQUORICE	Semantik: Salzige Lakritzware mit Süßholz und typischerweise Salmiak (Ammoniumchlorid); bewusst von allgemeiner beziehungsweise rein süßer Lakritzware abgegrenzt. Vergleich: Lakritz (0.5000) in LIQUORICE. Entscheidungsgrund: Salmiak und salzige Ausprägung verengen die mit 0,50 bewertete Lakritzfamilie; die klare Eigenständigkeit trägt Gleichstand, aber keine höhere Familienpräsenz.		MAIN_C604408_FULL_MASTER_POSTGRESQL17;ISSUE_288_AGENTIC_REVIEW_2026-09-17
SAMBAL	Sambal	APPLICABLE	0.6500	0.5000	CHANGED	CHILI_CONDIMENTS	CHILI_CONDIMENTS	Semantik: Chilipaste oder Chilisauce mit je nach Variante unterschiedlicher Schärfe, Konsistenz und Aromatik; nicht auf Sambal Oelek beschränkt. Vergleich: Chilisauce oder -paste (1.0000) in CHILI_CONDIMENTS. Entscheidungsgrund: Die fertige Würzform bringt ein eigenes Aroma- und häufig Texturprofil mit; gegenüber dem Anker ist sie eigenständig, beschränkt aber freie Würzung und Gerichtsausrichtung, weshalb die Familie kompakt auf dieser Stufe bleibt.		MAIN_C604408_FULL_MASTER_POSTGRESQL17;ISSUE_288_AGENTIC_REVIEW_2026-09-17
SAMBAL_BRANDAL	Sambal Brandal	APPLICABLE	0.3500	0.5000	CHANGED	SAMBAL	SAMBAL	Semantik: Gebratenes indonesisches Sambal mit Chili, Aromaten und häufig süßlich-würziger Tiefe; nicht Sambal Oelek. Vergleich: Sambal (0.5000) in SAMBAL. Entscheidungsgrund: Braten, Aromaten und süßlich-würzige Tiefe legen eine konkrete Sambal-Variante fest; sie bleibt deshalb auf der Stufe der bereits engen Sambal-Familie.		MAIN_C604408_FULL_MASTER_POSTGRESQL17;ISSUE_288_AGENTIC_REVIEW_2026-09-17
SAMBAL_OELEK	Sambal Oelek	APPLICABLE	0.5500	0.5000	CHANGED	SAMBAL	SAMBAL	Semantik: Schlichte grobe Chilipaste vor allem aus roten Chilis, Salz und Säure; nicht süßes oder komplex gebratenes Sambal. Vergleich: Sambal (0.5000) in SAMBAL. Entscheidungsgrund: Die schlichte Chili-Salz-Säure-Rezeptur ist eine konkrete Ausprägung der bereits mit 0,50 bewerteten Sambal-Familie; ihre Einfachheit erweitert die Familienbreite nicht.		MAIN_C604408_FULL_MASTER_POSTGRESQL17;ISSUE_288_AGENTIC_REVIEW_2026-09-17
SANSHO	Sanshō	APPLICABLE	1.0000	0.7500	CHANGED	SPICES	CUMIN	Semantik: Getrocknete aromatische Fruchtschalen des japanischen Sanshō mit zitrischer Schärfe und leicht betäubender Wirkung. Ganze oder gemahlene Schalen gehören dazu; Blätter, grüne Früchte und Szechuanpfeffer bleiben getrennt. Vergleich: Kreuzkümmel (0.7500) in SPICES. Entscheidungsgrund: Das einzelne Aroma ist klar festgelegt, kann aber über mehrere Gerichte, Techniken und Kombinationen eingesetzt werden; wie beim Anker bleibt ausreichend eigenständige Kochbreite.		MAIN_C604408_FULL_MASTER_POSTGRESQL17;ISSUE_288_AGENTIC_REVIEW_2026-09-17
SARDINES	Sardinen	APPLICABLE	0.7000	0.7500	CHANGED	OILY_FISH	OILY_FISH	Semantik: Sardinen als kleine fettreiche Meeresfische; frisch oder tiefgekühlt, Dosenware ist eine eigene Produktform. Vergleich: fettreicher Fisch (1.0000) in OILY_FISH. Entscheidungsgrund: Die Art beziehungsweise Tiergruppe ist festgelegt, Zuschnitt, Würzung und mehrere Gartechniken bleiben aber wählbar; das trägt eine eigenständige, gegenüber der offenen Familie leicht verdichtete Präsenz.		MAIN_C604408_FULL_MASTER_POSTGRESQL17;ISSUE_288_AGENTIC_REVIEW_2026-09-17
SAUCES_AND_PASTES	Sauce, Würzmittel oder Paste	APPLICABLE	0.3500	1.0000	CHANGED	SAUCES_AND_PASTES	SAUCES_AND_PASTES	Semantik: Offene Vorgabe für Saucen, Würzmittel und Pasten, die ein Gericht geschmacklich prägen; konkrete Basis bleibt offen. Vergleich: Sauce, Würzmittel oder Paste (1.0000) in SAUCES_AND_PASTES. Entscheidungsgrund: Die Vorgabe lässt innerhalb ihrer Semantik mehrere konkrete Produktformen, Kombinationen und Zubereitungen offen und bildet deshalb den breiten Referenzpunkt der Vergleichsgruppe.		MAIN_C604408_FULL_MASTER_POSTGRESQL17;ISSUE_288_AGENTIC_REVIEW_2026-09-17
SAUERKRAUT	Sauerkraut	APPLICABLE	0.5500	0.5000	CHANGED	PRESERVED_PRODUCE	PRESERVED_PRODUCE	Semantik: Milchsauer fermentierter fein geschnittener Weißkohl mit deutlicher Säure; roh oder gegart verwendbar. Vergleich: konservierte pflanzliche Zutat (1.0000) in PRESERVED_PRODUCE. Entscheidungsgrund: Konservierung und konkrete Produktform prägen Geschmack, Textur oder weitere Verarbeitung bereits vor; innerhalb der Familie bleibt die Zutat eigenständig, aber enger als der unverarbeitete Rohstoff.		MAIN_C604408_FULL_MASTER_POSTGRESQL17;ISSUE_288_AGENTIC_REVIEW_2026-09-17
SAUSAGE	Wurst	APPLICABLE	0.5500	1.0000	CHANGED	MEAT	MEAT	Semantik: Offene Wurstfamilie; Tierart, Brüh-, Koch-, Brat- oder Reifeform und Würzung bleiben bewusst wählbar. Vergleich: Fleisch (1.0000) in MEAT. Entscheidungsgrund: Der Oberbegriff lässt Tierart oder Zuschnitt und die spätere Garmethode offen und bildet damit den breiten Referenzpunkt der Fleischfamilie.		MAIN_C604408_FULL_MASTER_POSTGRESQL17;ISSUE_288_AGENTIC_REVIEW_2026-09-17
SAVOY_CABBAGE	Wirsing	APPLICABLE	0.9500	0.7500	CHANGED	CABBAGE_VEGETABLES	CABBAGE_VEGETABLES	Semantik: Wirsing mit gekräuselten zarten Blättern und mild-würzigem Kohlaroma; roh nur bei zarten Blättern, sonst gegart. Vergleich: Kohlgemüse (1.0000) in CABBAGE_VEGETABLES. Entscheidungsgrund: Art oder Sorte sind festgelegt, doch Zuschnitt, Garmethode und Kombination bleiben in mehreren süßen beziehungsweise herzhaften Anwendungen offen; das entspricht den eigenständigen Rohstoff-Peers der Familie.		MAIN_C604408_FULL_MASTER_POSTGRESQL17;ISSUE_288_AGENTIC_REVIEW_2026-09-17
SCALLOPS	Jakobsmuscheln	APPLICABLE	0.3000	0.7500	CHANGED	BIVALVES	BIVALVES	Semantik: Jakobsmuscheln mit festem, süßlichem Muskelfleisch; mit oder ohne Rogen und frisch oder tiefgekühlt verwendbar. Vergleich: Muscheln (1.0000) in BIVALVES. Entscheidungsgrund: Die Art beziehungsweise Tiergruppe ist festgelegt, Zuschnitt, Würzung und mehrere Gartechniken bleiben aber wählbar; das trägt eine eigenständige, gegenüber der offenen Familie leicht verdichtete Präsenz.		MAIN_C604408_FULL_MASTER_POSTGRESQL17;ISSUE_288_AGENTIC_REVIEW_2026-09-17
SCOTTISH_OATCAKES	schottische Oatcakes	APPLICABLE	0.6500	0.7500	CHANGED	FLATBREAD	FLATBREAD	Semantik: Flaches schottisches Haferbrot beziehungsweise -gebäck, traditionell aus Hafermehl oder Haferflocken und meist dünn sowie fest bis knusprig. Weiche Staffordshire-/Derbyshire-Oatcakes und süße Haferkekse sind nicht gemeint. Vergleich: Fladenbrot (1.0000) in FLATBREAD. Entscheidungsgrund: Rezeptur, Verarbeitung und typische Textur sind bei diesem benannten Produkt bereits wesentlich festgelegt; die Eigenständigkeit bleibt erhalten, die Familienverdichtung begrenzt aber seine relative Präsenz.		MAIN_C604408_FULL_MASTER_POSTGRESQL17;ISSUE_288_AGENTIC_REVIEW_2026-09-17
SEAFOOD	Fisch und Meeresfrüchte	APPLICABLE	0.5500	1.0000	CHANGED	SEAFOOD	SEAFOOD	Semantik: Offene Vorgabe für Fisch und essbare Meerestiere; konkrete Tiergruppe, Fettgehalt und Produktform bleiben wählbar. Vergleich: Fisch und Meeresfrüchte (1.0000) in SEAFOOD. Entscheidungsgrund: Die drawable Familienvorgabe lässt Art, Zuschnitt und Garmethode offen und bildet damit den breiten Referenzpunkt für konkrete Meeres- und Süßwasserprodukte.		MAIN_C604408_FULL_MASTER_POSTGRESQL17;ISSUE_288_AGENTIC_REVIEW_2026-09-17
SEAWEED	Algen	APPLICABLE	0.5000	1.0000	CHANGED	VEGETABLES	VEGETABLES	Semantik: Essbare Meeresalgen; konkrete Arten und Produkte können geschmacklich stark variieren. Vergleich: Gemüse (1.0000) in VEGETABLES. Entscheidungsgrund: Die Zeile ist eine breite drawable Rohstofffamilie und lässt Sorte sowie rohe, gegarte oder weiterverarbeitete Umsetzung offen; sie bleibt deshalb der volle Referenzpunkt.		MAIN_C604408_FULL_MASTER_POSTGRESQL17;ISSUE_288_AGENTIC_REVIEW_2026-09-17
SEA_BASS	Wolfsbarsch	APPLICABLE	0.6500	0.7500	CHANGED	WHITE_FISH	WHITE_FISH	Semantik: Wolfsbarsch mit mildem, festem und magerem Fleisch; ganz oder als Filet verwendbar. Vergleich: weißfleischiger Fisch (1.0000) in WHITE_FISH. Entscheidungsgrund: Die Art beziehungsweise Tiergruppe ist festgelegt, Zuschnitt, Würzung und mehrere Gartechniken bleiben aber wählbar; das trägt eine eigenständige, gegenüber der offenen Familie leicht verdichtete Präsenz.		MAIN_C604408_FULL_MASTER_POSTGRESQL17;ISSUE_288_AGENTIC_REVIEW_2026-09-17
SEA_BREAM	Dorade	APPLICABLE	0.7000	0.7500	CHANGED	WHITE_FISH	WHITE_FISH	Semantik: Dorade beziehungsweise Meerbrasse mit festem, mildem Fleisch; ganz oder als Filet verwendbar. Vergleich: weißfleischiger Fisch (1.0000) in WHITE_FISH. Entscheidungsgrund: Die Art beziehungsweise Tiergruppe ist festgelegt, Zuschnitt, Würzung und mehrere Gartechniken bleiben aber wählbar; das trägt eine eigenständige, gegenüber der offenen Familie leicht verdichtete Präsenz.		MAIN_C604408_FULL_MASTER_POSTGRESQL17;ISSUE_288_AGENTIC_REVIEW_2026-09-17
SEA_BUCKTHORN	Sanddorn	APPLICABLE	0.4500	0.7500	CHANGED	BERRIES	BERRIES	Semantik: Sanddornbeeren mit sehr ausgeprägter Säure, leichter Bitterkeit und intensiv fruchtig-herbem Aroma; auch daraus hergestellte Produkte wie Saft, Sirup, Fruchtaufstrich oder Öl sind umfasst. Vergleich: Beeren (1.0000) in BERRIES. Entscheidungsgrund: Art oder Sorte sind festgelegt, doch Zuschnitt, Garmethode und Kombination bleiben in mehreren süßen beziehungsweise herzhaften Anwendungen offen; das entspricht den eigenständigen Rohstoff-Peers der Familie.		MAIN_C604408_FULL_MASTER_POSTGRESQL17;ISSUE_288_AGENTIC_REVIEW_2026-09-17
SEA_SNAILS	Meeresschnecken	APPLICABLE	0.1200	0.7500	CHANGED	EDIBLE_SNAILS	EDIBLE_SNAILS	Semantik: Offene Vorgabe für kulinarisch verwendete Meeresschnecken; Art, Größe und Zuschnitt bleiben wählbar. Nicht Muscheln, Tintenfische oder Landschnecken. Vergleich: essbare Schnecken (1.0000) in EDIBLE_SNAILS. Entscheidungsgrund: Art, Größe, ganzer oder ausgelöster Zuschnitt und Gartechnik bleiben innerhalb der Meeresschnecken offen; der historische Wert spiegelte diese fachliche Auswahlbreite nicht.		MAIN_C604408_FULL_MASTER_POSTGRESQL17;ISSUE_288_AGENTIC_REVIEW_2026-09-17
SEEDS	Kerne und Samen	APPLICABLE	0.5500	1.0000	CHANGED	SEEDS	SEEDS	Semantik: Offene Vorgabe für kulinarisch genutzte Kerne und Samen; Sorte, Röstung und Zerkleinerung bleiben wählbar. Vergleich: Kerne und Samen (1.0000) in SEEDS. Entscheidungsgrund: Die Zeile ist eine breite drawable Rohstofffamilie und lässt Sorte sowie rohe, gegarte oder weiterverarbeitete Umsetzung offen; sie bleibt deshalb der volle Referenzpunkt.		MAIN_C604408_FULL_MASTER_POSTGRESQL17;ISSUE_288_AGENTIC_REVIEW_2026-09-17
SEITAN	Seitan	APPLICABLE	0.5500	0.7500	CHANGED	PLANT_PROTEIN_PRODUCTS	PLANT_PROTEIN_PRODUCTS	Semantik: Festes proteinreiches Lebensmittel aus ausgewaschenem oder isoliertem Weizengluten; natur oder neutral vorgewürzt verwendbar. Vergleich: pflanzliches Proteinprodukt (1.0000) in PLANT_PROTEIN_PRODUCTS. Entscheidungsgrund: Die benannte Zutat ist gegenüber dem Oberbegriff konkretisiert, behält aber mehrere eigenständige Kochfunktionen und Zubereitungswege; die Familienüberschneidung rechtfertigt die maßvolle Verdichtung.		MAIN_C604408_FULL_MASTER_POSTGRESQL17;ISSUE_288_AGENTIC_REVIEW_2026-09-17
SEMOLINA	Hartweizengrieß	APPLICABLE	0.6500	0.7500	CHANGED	GRAINS	GRAINS	Semantik: Körniger Hartweizengrieß für Teige, Breie oder Bindung; nicht feines Weizenmehl. Vergleich: Getreide oder Pseudogetreide (1.0000) in GRAINS. Entscheidungsgrund: Getreideart oder Produktform sind benannt, lassen aber süße und herzhafte Anwendungen sowie mehrere Garmethoden zu; diese Breite trägt die eigenständige Zwischenstufe.		MAIN_C604408_FULL_MASTER_POSTGRESQL17;ISSUE_288_AGENTIC_REVIEW_2026-09-17
SERRANO_CHILI	Serrano-Chili	APPLICABLE	0.3500	0.7500	CHANGED	CHILI	CHILI	Semantik: Schlanke frische Serrano-Chili mit mittlerer bis hoher Schärfe und frischem grünen Aroma. Vergleich: frische Chili (1.0000) in CHILI. Entscheidungsgrund: Das einzelne Aroma ist klar festgelegt, kann aber über mehrere Gerichte, Techniken und Kombinationen eingesetzt werden; wie beim Anker bleibt ausreichend eigenständige Kochbreite.		MAIN_C604408_FULL_MASTER_POSTGRESQL17;ISSUE_288_AGENTIC_REVIEW_2026-09-17
SERRANO_HAM	Serrano-Schinken	APPLICABLE	0.4500	0.5000	CHANGED	HAM	HAM	Semantik: Spanischer luftgetrockneter Rohschinken nach Serrano-Art; nicht italienischer Prosciutto. Vergleich: Schinken (1.0000) in HAM. Entscheidungsgrund: Rezeptur, Verarbeitung und typische Textur sind bei diesem benannten Produkt bereits wesentlich festgelegt; die Eigenständigkeit bleibt erhalten, die Familienverdichtung begrenzt aber seine relative Präsenz.		MAIN_C604408_FULL_MASTER_POSTGRESQL17;ISSUE_288_AGENTIC_REVIEW_2026-09-17
SESAME_OIL	Sesamöl	APPLICABLE	0.5500	0.7500	CHANGED	OILS	OILS	Semantik: Öl aus Sesam; geröstetes Öl ist intensiv würzend, helles ungeröstetes Öl milder und hitzetauglicher. Vergleich: Speiseöl (1.0000) in OILS. Entscheidungsgrund: Die konkrete Produktausprägung besitzt ein eigenes Profil, bleibt aber über mehrere Koch-, Back- oder Servierfunktionen einsetzbar; das trägt die Zwischenstufe gegenüber dem offenen Oberbegriff.		MAIN_C604408_FULL_MASTER_POSTGRESQL17;ISSUE_288_AGENTIC_REVIEW_2026-09-17
SESAME_SEEDS	Sesam	APPLICABLE	0.7000	0.7500	CHANGED	SEEDS	SEEDS	Semantik: Sesamsamen mit nussigem Aroma; hell oder schwarz, roh oder geröstet verwendbar. Vergleich: Kerne und Samen (1.0000) in SEEDS. Entscheidungsgrund: Art oder Sorte sind festgelegt, doch Zuschnitt, Garmethode und Kombination bleiben in mehreren süßen beziehungsweise herzhaften Anwendungen offen; das entspricht den eigenständigen Rohstoff-Peers der Familie.		MAIN_C604408_FULL_MASTER_POSTGRESQL17;ISSUE_288_AGENTIC_REVIEW_2026-09-17
SHALLOT	Schalotte	APPLICABLE	0.8500	0.7500	CHANGED	ALLIUM_VEGETABLES	ALLIUM_VEGETABLES	Semantik: Kleine längliche Schalotte mit feinerem, milderem Zwiebelaroma; nicht Frühlingszwiebel. Vergleich: Lauch- und Zwiebelgemüse (1.0000) in ALLIUM_VEGETABLES. Entscheidungsgrund: Art oder Sorte sind festgelegt, doch Zuschnitt, Garmethode und Kombination bleiben in mehreren süßen beziehungsweise herzhaften Anwendungen offen; das entspricht den eigenständigen Rohstoff-Peers der Familie.		MAIN_C604408_FULL_MASTER_POSTGRESQL17;ISSUE_288_AGENTIC_REVIEW_2026-09-17
SHAOXING_WINE	Shaoxing-Reiswein	APPLICABLE	0.3000	0.2500	CHANGED	COOKING_ALCOHOL	COOKING_ALCOHOL	Semantik: Chinesischer fermentierter Reiswein nach Shaoxing-Art mit nussig-oxidativem Aroma; als Kochwein, nicht Reisessig. Vergleich: Kochalkohol (0.2500) in COOKING_ALCOHOL. Entscheidungsgrund: Der Alkohol ist als Kochzutat eine geschmacks- und verfahrensprägende Pflichtvorgabe; Sorte und Stil unterscheiden die Aufgabe zusätzlich, weshalb der einheitliche Kochalkoholvertrag 0,25 vorsieht.	COOKING_ALCOHOL_INDEPENDENT_LOW_WEIGHT	MAIN_C604408_FULL_MASTER_POSTGRESQL17;ISSUE_288_AGENTIC_REVIEW_2026-09-17
SHELLFISH	Schalen- und Krustentiere	APPLICABLE	0.6500	1.0000	CHANGED	SEAFOOD	SEAFOOD	Semantik: Offene Vorgabe für Schalen- und Krustentiere, insbesondere Krebstiere und zweischalige Muscheln. Vergleich: Fisch und Meeresfrüchte (1.0000) in SEAFOOD. Entscheidungsgrund: Die drawable Familienvorgabe lässt Art, Zuschnitt und Garmethode offen und bildet damit den breiten Referenzpunkt für konkrete Meeres- und Süßwasserprodukte.		MAIN_C604408_FULL_MASTER_POSTGRESQL17;ISSUE_288_AGENTIC_REVIEW_2026-09-17
SHERRY	Sherry	APPLICABLE	0.2500	0.2500	UNCHANGED	COOKING_ALCOHOL	COOKING_ALCOHOL	Semantik: Aufgespriteter spanischer Wein nach Sherry-Art; trocken-oxidative bis süße Stile sind je nach Gericht möglich. Vergleich: Kochalkohol (0.2500) in COOKING_ALCOHOL. Entscheidungsgrund: Der Alkohol ist als Kochzutat eine geschmacks- und verfahrensprägende Pflichtvorgabe; Sorte und Stil unterscheiden die Aufgabe zusätzlich, weshalb der einheitliche Kochalkoholvertrag 0,25 vorsieht.	COOKING_ALCOHOL_INDEPENDENT_LOW_WEIGHT	MAIN_C604408_FULL_MASTER_POSTGRESQL17;ISSUE_288_AGENTIC_REVIEW_2026-09-17
SHERRY_VINEGAR	Sherryessig	APPLICABLE	0.4500	0.7500	CHANGED	VINEGAR	VINEGAR	Semantik: Aus Sherrywein erzeugter gereifter Essig mit nussig-komplexer Säure; nicht Sherry oder Rotweinessig. Vergleich: Essig (1.0000) in VINEGAR. Entscheidungsgrund: Die konkrete Produktausprägung besitzt ein eigenes Profil, bleibt aber über mehrere Koch-, Back- oder Servierfunktionen einsetzbar; das trägt die Zwischenstufe gegenüber dem offenen Oberbegriff.		MAIN_C604408_FULL_MASTER_POSTGRESQL17;ISSUE_288_AGENTIC_REVIEW_2026-09-17
SHICHIMI_TOGARASHI	Shichimi Tōgarashi	APPLICABLE	1.0000	0.5000	CHANGED	SPICE_BLENDS	SPICE_BLENDS	Semantik: Japanische trockene Mehrgewürzmischung auf Chili-Basis mit aromatischen Komponenten wie Sanshō, Sesam, Zitrusschale oder Algen. Die genaue Zusammensetzung darf variieren; reines Ichimi ist nicht gemeint. Vergleich: Gewürzmischung (1.0000) in SPICE_BLENDS. Entscheidungsgrund: Die siebenkomponentige japanische Gewürzmischung bringt ein fertiges Aroma- und Schärfeprofil mit; einzelne Gewürze können nicht frei zusammengestellt werden, daher 0,50.		MAIN_C604408_FULL_MASTER_POSTGRESQL17;ISSUE_288_AGENTIC_REVIEW_2026-09-17
SHIITAKE	Shiitake	APPLICABLE	0.8000	0.7500	CHANGED	MUSHROOMS	MUSHROOMS	Semantik: Shiitake mit fleischigem Biss und kräftigem Umami; frisch oder getrocknet, wobei Trockenware intensiver schmeckt. Vergleich: Pilze (1.0000) in MUSHROOMS. Entscheidungsgrund: Art oder Sorte sind festgelegt, doch Zuschnitt, Garmethode und Kombination bleiben in mehreren süßen beziehungsweise herzhaften Anwendungen offen; das entspricht den eigenständigen Rohstoff-Peers der Familie.		MAIN_C604408_FULL_MASTER_POSTGRESQL17;ISSUE_288_AGENTIC_REVIEW_2026-09-17
SHIMEJI	Shimeji	APPLICABLE	0.4000	0.7500	CHANGED	MUSHROOMS	MUSHROOMS	Semantik: Büschelig wachsende japanische Zuchtpilze mit festem Biss und mild-nussigem Aroma; braune und weiße Formen sind umfasst. Vergleich: Pilze (1.0000) in MUSHROOMS. Entscheidungsgrund: Art oder Sorte sind festgelegt, doch Zuschnitt, Garmethode und Kombination bleiben in mehreren süßen beziehungsweise herzhaften Anwendungen offen; das entspricht den eigenständigen Rohstoff-Peers der Familie.		MAIN_C604408_FULL_MASTER_POSTGRESQL17;ISSUE_288_AGENTIC_REVIEW_2026-09-17
SHIRATAKI	Shirataki-Nudeln	APPLICABLE	0.4500	0.7500	CHANGED	NOODLES	NOODLES	Semantik: Transparente, sehr stärkearme Nudeln aus Konjak mit elastischem Biss; nicht Glas- oder Reisnudeln. Vergleich: Nudeln (1.0000) in NOODLES. Entscheidungsgrund: Getreideart oder Produktform sind benannt, lassen aber süße und herzhafte Anwendungen sowie mehrere Garmethoden zu; diese Breite trägt die eigenständige Zwischenstufe.		MAIN_C604408_FULL_MASTER_POSTGRESQL17;ISSUE_288_AGENTIC_REVIEW_2026-09-17
SHRIMP	Garnelen	APPLICABLE	1.0000	0.7500	CHANGED	CRUSTACEANS	CRUSTACEANS	Semantik: Tiergruppe mit festem, leicht süßlichem Fleisch. Ganze oder geschälte Tiere, frisch, tiefgekühlt, gegart oder getrocknet, sind zulässig; Nordseekrabben gehören dazu, während Pasten, Saucen und Extrakte nicht allein über ihren Rohstoff zählen. Vergleich: Krustentiere (1.0000) in CRUSTACEANS. Entscheidungsgrund: Die benannte Zutat ist gegenüber dem Oberbegriff konkretisiert, behält aber mehrere eigenständige Kochfunktionen und Zubereitungswege; die Familienüberschneidung rechtfertigt die maßvolle Verdichtung.		MAIN_C604408_FULL_MASTER_POSTGRESQL17;ISSUE_288_AGENTIC_REVIEW_2026-09-17
SHRIMP_PASTE	Garnelenpaste	APPLICABLE	0.3500	0.5000	CHANGED	FERMENTED_SEASONINGS	FERMENTED_SEASONINGS	Semantik: Offene Familie fermentierter Garnelenpasten mit sehr intensivem salzigem Umami; regionale feste und weiche Formen sind umfasst. Vergleich: fermentierte Würzzutat (1.0000) in FERMENTED_SEASONINGS. Entscheidungsgrund: Die fertige Würzform bringt ein eigenes Aroma- und häufig Texturprofil mit; gegenüber dem Anker ist sie eigenständig, beschränkt aber freie Würzung und Gerichtsausrichtung, weshalb die Familie kompakt auf dieser Stufe bleibt.		MAIN_C604408_FULL_MASTER_POSTGRESQL17;ISSUE_288_AGENTIC_REVIEW_2026-09-17
SICHUAN_PEPPER	Szechuanpfeffer	APPLICABLE	0.4500	0.7500	CHANGED	SPICES	CUMIN	Semantik: Aromatische Samenkapseln verschiedener Zanthoxylum-Arten mit zitrischem Duft und prickelnd-betäubender Wirkung; kein echter Pfeffer. Vergleich: Kreuzkümmel (0.7500) in SPICES. Entscheidungsgrund: Das einzelne Aroma ist klar festgelegt, kann aber über mehrere Gerichte, Techniken und Kombinationen eingesetzt werden; wie beim Anker bleibt ausreichend eigenständige Kochbreite.		MAIN_C604408_FULL_MASTER_POSTGRESQL17;ISSUE_288_AGENTIC_REVIEW_2026-09-17
SILKEN_TOFU	Seidentofu	APPLICABLE	0.6500	0.7500	CHANGED	TOFU	TOFU	Semantik: Sehr weicher, kaum gepresster Tofu mit glatter puddingartiger Textur; nicht fester Tofu. Vergleich: Tofu (0.7500) in TOFU. Entscheidungsgrund: Die benannte Zutat ist gegenüber dem Oberbegriff konkretisiert, behält aber mehrere eigenständige Kochfunktionen und Zubereitungswege; die Familienüberschneidung rechtfertigt die maßvolle Verdichtung.		MAIN_C604408_FULL_MASTER_POSTGRESQL17;ISSUE_288_AGENTIC_REVIEW_2026-09-17
SLIPPER_LOBSTER	Bärenkrebse	APPLICABLE	0.1500	0.5000	CHANGED	CRAYFISH_AND_LOBSTERS	CRAYFISH_AND_LOBSTERS	Semantik: Abgeflachter Körper und essbares Schwanzfleisch. Ganze Tiere und eindeutig ausgewiesene Schwänze sind zulässig; Langusten, Hummer und Kaisergranat zählen nicht. Vergleich: Krebse (1.0000) in CRAYFISH_AND_LOBSTERS. Entscheidungsgrund: Konservierung oder stark festgelegte Produktform begrenzen Textur und Einsatz gegenüber frischer Rohware; die benannte Zutat bleibt dennoch ein eigenständiger Familienfall.		MAIN_C604408_FULL_MASTER_POSTGRESQL17;ISSUE_288_AGENTIC_REVIEW_2026-09-17
SLIVOVICE	Sliwowitz	APPLICABLE	0.2500	0.2500	UNCHANGED	COOKING_ALCOHOL	COOKING_ALCOHOL	Semantik: Pflaumenbrand als generische Spirituosenart; nicht auf eine Marke beschränkt und nicht mit Pflaumenlikör gleichsetzen. Vergleich: Kochalkohol (0.2500) in COOKING_ALCOHOL. Entscheidungsgrund: Der Alkohol ist als Kochzutat eine geschmacks- und verfahrensprägende Pflichtvorgabe; Sorte und Stil unterscheiden die Aufgabe zusätzlich, weshalb der einheitliche Kochalkoholvertrag 0,25 vorsieht.	COOKING_ALCOHOL_INDEPENDENT_LOW_WEIGHT	MAIN_C604408_FULL_MASTER_POSTGRESQL17;ISSUE_288_AGENTIC_REVIEW_2026-09-17
SMOKED_HADDOCK	geräucherter Schellfisch	APPLICABLE	0.5500	0.7500	CHANGED	HADDOCK	HADDOCK	Semantik: Geräucherter Schellfisch mit fester, blättriger Textur und deutlich salzig-rauchigem Aroma; Filets und größere Stücke, gekühlt oder tiefgekühlt, sind zulässig. Geräucherter Kabeljau, Seelachs und andere Räucherfische sind nicht gemeint. Vergleich: Schellfisch (0.7500) in HADDOCK. Entscheidungsgrund: Die Art beziehungsweise Tiergruppe ist festgelegt, Zuschnitt, Würzung und mehrere Gartechniken bleiben aber wählbar; das trägt eine eigenständige, gegenüber der offenen Familie leicht verdichtete Präsenz.		MAIN_C604408_FULL_MASTER_POSTGRESQL17;ISSUE_288_AGENTIC_REVIEW_2026-09-17
SMOKED_PAPRIKA	geräuchertes Paprikapulver	APPLICABLE	0.5500	0.7500	CHANGED	PAPRIKA_POWDER	PAPRIKA_POWDER	Semantik: Geräuchertes Paprikapulver mit süßer bis scharfer Ausprägung und deutlichem Raucharoma. Vergleich: Paprikapulver (1.0000) in PAPRIKA_POWDER. Entscheidungsgrund: Das einzelne Aroma ist klar festgelegt, kann aber über mehrere Gerichte, Techniken und Kombinationen eingesetzt werden; wie beim Anker bleibt ausreichend eigenständige Kochbreite.		MAIN_C604408_FULL_MASTER_POSTGRESQL17;ISSUE_288_AGENTIC_REVIEW_2026-09-17
SMOKED_SALMON	Räucherlachs	APPLICABLE	0.5500	0.5000	CHANGED	PRESERVED_FISH	PRESERVED_FISH	Semantik: Heiß- oder kaltgeräucherter Lachs mit salzigem Raucharoma; nicht bloß gebeizter Gravlax. Vergleich: konservierter Fisch (1.0000) in PRESERVED_FISH. Entscheidungsgrund: Konservierung und konkrete Produktform prägen Geschmack, Textur oder weitere Verarbeitung bereits vor; innerhalb der Familie bleibt die Zutat eigenständig, aber enger als der unverarbeitete Rohstoff.		MAIN_C604408_FULL_MASTER_POSTGRESQL17;ISSUE_288_AGENTIC_REVIEW_2026-09-17
SMOKED_TOFU	Räuchertofu	APPLICABLE	0.8000	0.7500	CHANGED	TOFU	TOFU	Semantik: Fester Tofu mit deutlichem Raucharoma, durch Räuchern oder entsprechende Verarbeitung; nicht fermentierter Tofu. Vergleich: Tofu (0.7500) in TOFU. Entscheidungsgrund: Die benannte Zutat ist gegenüber dem Oberbegriff konkretisiert, behält aber mehrere eigenständige Kochfunktionen und Zubereitungswege; die Familienüberschneidung rechtfertigt die maßvolle Verdichtung.		MAIN_C604408_FULL_MASTER_POSTGRESQL17;ISSUE_288_AGENTIC_REVIEW_2026-09-17
SMOKED_TROUT	Räucherforelle	APPLICABLE	0.4500	0.5000	CHANGED	PRESERVED_FISH	PRESERVED_FISH	Semantik: Geräucherte Forelle, ganz oder als Filet, mit festem Fleisch und mildem Raucharoma. Vergleich: konservierter Fisch (1.0000) in PRESERVED_FISH. Entscheidungsgrund: Konservierung und konkrete Produktform prägen Geschmack, Textur oder weitere Verarbeitung bereits vor; innerhalb der Familie bleibt die Zutat eigenständig, aber enger als der unverarbeitete Rohstoff.		MAIN_C604408_FULL_MASTER_POSTGRESQL17;ISSUE_288_AGENTIC_REVIEW_2026-09-17
SNOW_CRAB	Schneekrabbe	APPLICABLE	0.3000	0.5000	CHANGED	CRAB	CRAB	Semantik: Zartes, leicht süßliches Fleisch. Ganze Tiere, Sektionen, Scheren, Beine und reines ausgelöstes Fleisch sind zulässig; Königskrabbe und Surimi zählen nicht. Vergleich: Krabben (1.0000) in CRAB. Entscheidungsgrund: Konservierung oder stark festgelegte Produktform begrenzen Textur und Einsatz gegenüber frischer Rohware; die benannte Zutat bleibt dennoch ein eigenständiger Familienfall.		MAIN_C604408_FULL_MASTER_POSTGRESQL17;ISSUE_288_AGENTIC_REVIEW_2026-09-17
SOBA	Soba	APPLICABLE	0.5500	0.7500	CHANGED	NOODLES	NOODLES	Semantik: Japanische dünne Nudeln mit Buchweizen als typischem Teigbestandteil; Buchweizenanteil und Beimischung von Weizen können variieren. Vergleich: Nudeln (1.0000) in NOODLES. Entscheidungsgrund: Getreideart oder Produktform sind benannt, lassen aber süße und herzhafte Anwendungen sowie mehrere Garmethoden zu; diese Breite trägt die eigenständige Zwischenstufe.		MAIN_C604408_FULL_MASTER_POSTGRESQL17;ISSUE_288_AGENTIC_REVIEW_2026-09-17
SOBRASADA	Sobrasada	APPLICABLE	0.2500	0.5000	CHANGED	CURED_MEAT	CURED_MEAT	Semantik: Streichfähige, mit Paprika gewürzte luftgereifte Rohwurst der Balearen, typischerweise aus Schweinefleisch; nicht Chorizo und nicht ’Nduja. Vergleich: gepökeltes oder luftgetrocknetes Fleisch (1.0000) in CURED_MEAT. Entscheidungsgrund: Rezeptur, Verarbeitung und typische Textur sind bei diesem benannten Produkt bereits wesentlich festgelegt; die Eigenständigkeit bleibt erhalten, die Familienverdichtung begrenzt aber seine relative Präsenz.		MAIN_C604408_FULL_MASTER_POSTGRESQL17;ISSUE_288_AGENTIC_REVIEW_2026-09-17
SOFT_SHELL_CRAB	Softshell-Krabben	APPLICABLE	0.3000	0.5000	CHANGED	CRAB	CRAB	Semantik: Ganze Krabben unmittelbar nach der Häutung besitzen einen noch weichen, vollständig essbaren Panzer. Der weiche Panzer ist eine artübergreifende Produktform; ausgelöstes Fleisch und bloße Artbezeichnungen erfüllen sie nicht. Vergleich: Krabben (1.0000) in CRAB. Entscheidungsgrund: Konservierung oder stark festgelegte Produktform begrenzen Textur und Einsatz gegenüber frischer Rohware; die benannte Zutat bleibt dennoch ein eigenständiger Familienfall.		MAIN_C604408_FULL_MASTER_POSTGRESQL17;ISSUE_288_AGENTIC_REVIEW_2026-09-17
SOFT_WHEAT_SEMOLINA	Weichweizengrieß	APPLICABLE	0.7000	0.7500	CHANGED	GRAINS	GRAINS	Semantik: Grieß aus Weichweizen, der beim Garen weich und cremig quillt. Besonders für Grießspeisen und zarte gebundene Massen geeignet; Hartweizengrieß ist nicht gemeint. Vergleich: Getreide oder Pseudogetreide (1.0000) in GRAINS. Entscheidungsgrund: Getreideart oder Produktform sind benannt, lassen aber süße und herzhafte Anwendungen sowie mehrere Garmethoden zu; diese Breite trägt die eigenständige Zwischenstufe.		MAIN_C604408_FULL_MASTER_POSTGRESQL17;ISSUE_288_AGENTIC_REVIEW_2026-09-17
SOLE	Seezunge	APPLICABLE	0.3500	0.7500	CHANGED	WHITE_FISH	WHITE_FISH	Semantik: Seezunge als feiner magerer Plattfisch mit zartem, festem Fleisch; nicht Scholle. Vergleich: weißfleischiger Fisch (1.0000) in WHITE_FISH. Entscheidungsgrund: Die Art beziehungsweise Tiergruppe ist festgelegt, Zuschnitt, Würzung und mehrere Gartechniken bleiben aber wählbar; das trägt eine eigenständige, gegenüber der offenen Familie leicht verdichtete Präsenz.		MAIN_C604408_FULL_MASTER_POSTGRESQL17;ISSUE_288_AGENTIC_REVIEW_2026-09-17
SOURDOUGH_BREAD	Sauerteigbrot	APPLICABLE	0.7500	0.7500	UNCHANGED	BREAD	BREAD	Semantik: Brot mit Sauerteig als prägendem Trieb- und Aromamittel; Getreide und Säuregrad bleiben offen. Vergleich: Brot oder Fladenbrot (1.0000) in BREAD. Entscheidungsgrund: Getreideart oder Produktform sind benannt, lassen aber süße und herzhafte Anwendungen sowie mehrere Garmethoden zu; diese Breite trägt die eigenständige Zwischenstufe.		MAIN_C604408_FULL_MASTER_POSTGRESQL17;ISSUE_288_AGENTIC_REVIEW_2026-09-17
SOUR_CHERRY	Sauerkirsche	APPLICABLE	0.5000	0.7500	CHANGED	CHERRY	CHERRY	Semantik: Sauerkirsche mit deutlich höherer Säure als Süßkirsche; frisch, tiefgekühlt oder ungesüßt konserviert verwendbar. Vergleich: Kirsche (0.7500) in CHERRY. Entscheidungsgrund: Die benannte Zutat ist gegenüber dem Oberbegriff konkretisiert, behält aber mehrere eigenständige Kochfunktionen und Zubereitungswege; die Familienüberschneidung rechtfertigt die maßvolle Verdichtung.		MAIN_C604408_FULL_MASTER_POSTGRESQL17;ISSUE_288_AGENTIC_REVIEW_2026-09-17
SOUR_CREAM	saure Sahne	APPLICABLE	0.7500	0.7500	UNCHANGED	CULTURED_DAIRY	CULTURED_DAIRY	Semantik: Gesäuerter Rahm mit frischer Säure und mittlerem Fettgehalt; nicht Crème fraîche oder Quark. Vergleich: gesäuertes Milchprodukt (1.0000) in CULTURED_DAIRY. Entscheidungsgrund: Die konkrete Produktausprägung besitzt ein eigenes Profil, bleibt aber über mehrere Koch-, Back- oder Servierfunktionen einsetzbar; das trägt die Zwischenstufe gegenüber dem offenen Oberbegriff.		MAIN_C604408_FULL_MASTER_POSTGRESQL17;ISSUE_288_AGENTIC_REVIEW_2026-09-17
SOUR_RYE_STARTER	Żur-Saueransatz	APPLICABLE	0.3000	0.5000	CHANGED	FERMENTED_SEASONINGS	FERMENTED_SEASONINGS	Semantik: Fermentierter Roggenmehl-Saueransatz (zakwas/żur) als flüssige Basis für żur/żurek; nicht die fertige Suppe. Gewürzzusätze können variieren. Vergleich: fermentierte Würzzutat (1.0000) in FERMENTED_SEASONINGS. Entscheidungsgrund: Die fertige Würzform bringt ein eigenes Aroma- und häufig Texturprofil mit; gegenüber dem Anker ist sie eigenständig, beschränkt aber freie Würzung und Gerichtsausrichtung, weshalb die Familie kompakt auf dieser Stufe bleibt.		MAIN_C604408_FULL_MASTER_POSTGRESQL17;ISSUE_288_AGENTIC_REVIEW_2026-09-17
SOYBEANS	Sojabohnen	APPLICABLE	0.5000	0.7500	CHANGED	BEANS	BEANS	Semantik: Reife Sojabohnen als trockene oder vorgegarte Hülsenfrucht; nicht junge grüne Edamame. Vergleich: Bohnen (1.0000) in BEANS. Entscheidungsgrund: Art oder Sorte sind festgelegt, doch Zuschnitt, Garmethode und Kombination bleiben in mehreren süßen beziehungsweise herzhaften Anwendungen offen; das entspricht den eigenständigen Rohstoff-Peers der Familie.		MAIN_C604408_FULL_MASTER_POSTGRESQL17;ISSUE_288_AGENTIC_REVIEW_2026-09-17
SOY_DRINK	Sojamilch	APPLICABLE	0.6000	0.7500	CHANGED	PLANT_DRINKS	SOY_DRINK	Semantik: Flüssiger Pflanzendrink aus Sojabohnen; gesüßte und ungesüßte Varianten sind umfasst. Vergleich: Sojamilch (0.7500) in PLANT_DRINKS. Entscheidungsgrund: Die konkrete Produktausprägung besitzt ein eigenes Profil, bleibt aber über mehrere Koch-, Back- oder Servierfunktionen einsetzbar; das trägt die Zwischenstufe gegenüber dem offenen Oberbegriff.		MAIN_C604408_FULL_MASTER_POSTGRESQL17;ISSUE_288_AGENTIC_REVIEW_2026-09-17
SOY_PRODUCTS	Sojazutat	APPLICABLE	0.5500	1.0000	CHANGED	LEGUMES	LEGUMES	Semantik: Offene Vorgabe für Sojabohnen und daraus hergestellte kulinarische Produkte; konkrete Verarbeitung bleibt wählbar. Vergleich: Hülsenfrüchte (1.0000) in LEGUMES. Entscheidungsgrund: Die Zeile ist eine breite drawable Rohstofffamilie und lässt Sorte sowie rohe, gegarte oder weiterverarbeitete Umsetzung offen; sie bleibt deshalb der volle Referenzpunkt.		MAIN_C604408_FULL_MASTER_POSTGRESQL17;ISSUE_288_AGENTIC_REVIEW_2026-09-17
SOY_SAUCE	Sojasauce	APPLICABLE	0.7000	0.5000	CHANGED	FERMENTED_SEASONINGS	FERMENTED_SEASONINGS	Semantik: Fermentierte salzige Würzsauce auf Sojabohnenbasis; Stil, Weizenanteil, Farbe und Intensität bleiben offen. Vergleich: fermentierte Würzzutat (1.0000) in FERMENTED_SEASONINGS. Entscheidungsgrund: Die fertige Würzform bringt ein eigenes Aroma- und häufig Texturprofil mit; gegenüber dem Anker ist sie eigenständig, beschränkt aber freie Würzung und Gerichtsausrichtung, weshalb die Familie kompakt auf dieser Stufe bleibt.		MAIN_C604408_FULL_MASTER_POSTGRESQL17;ISSUE_288_AGENTIC_REVIEW_2026-09-17
SPAETZLE	Spätzle	APPLICABLE	0.7500	0.7500	UNCHANGED	NOODLES	NOODLES	Semantik: Weiche unregelmäßige Eiernudeln aus zähflüssigem Teig; frisch, getrocknet oder vorgegart verwendbar. Vergleich: Nudeln (1.0000) in NOODLES. Entscheidungsgrund: Getreideart oder Produktform sind benannt, lassen aber süße und herzhafte Anwendungen sowie mehrere Garmethoden zu; diese Breite trägt die eigenständige Zwischenstufe.		MAIN_C604408_FULL_MASTER_POSTGRESQL17;ISSUE_288_AGENTIC_REVIEW_2026-09-17
SPAGHETTI	Spaghetti	APPLICABLE	0.8500	0.7500	CHANGED	WHEAT_PASTA	WHEAT_PASTA	Semantik: Lange dünne runde Weizenpasta; Vollkorn- und gewöhnliche Hartweizenvarianten sind umfasst. Vergleich: Weizenpasta (0.7500) in WHEAT_PASTA. Entscheidungsgrund: Die benannte Zutat ist gegenüber dem Oberbegriff konkretisiert, behält aber mehrere eigenständige Kochfunktionen und Zubereitungswege; die Familienüberschneidung rechtfertigt die maßvolle Verdichtung.		MAIN_C604408_FULL_MASTER_POSTGRESQL17;ISSUE_288_AGENTIC_REVIEW_2026-09-17
SPAGHETTI_SQUASH	Spaghettikürbis	APPLICABLE	0.4500	0.7500	CHANGED	PUMPKIN	PUMPKIN	Semantik: Kürbis, dessen gegartes Fruchtfleisch in spaghettiartige Fasern zerfällt; nicht Pasta. Vergleich: Kürbis (0.7500) in PUMPKIN. Entscheidungsgrund: Die benannte Zutat ist gegenüber dem Oberbegriff konkretisiert, behält aber mehrere eigenständige Kochfunktionen und Zubereitungswege; die Familienüberschneidung rechtfertigt die maßvolle Verdichtung.		MAIN_C604408_FULL_MASTER_POSTGRESQL17;ISSUE_288_AGENTIC_REVIEW_2026-09-17
SPECULAAS_SPICE	Spekulatiusgewürz	APPLICABLE	0.4000	0.5000	CHANGED	SPICE_BLENDS	SPICE_BLENDS	Semantik: Gewürzmischung für Speculaas/Spekulatius, typischerweise auf Basis von Zimt mit weiteren warmen Gewürzen wie Nelke und Muskat; Zusammensetzung kann variieren und Zucker wird nicht vorausgesetzt. Vergleich: Gewürzmischung (1.0000) in SPICE_BLENDS. Entscheidungsgrund: Die fertige Würzform bringt ein eigenes Aroma- und häufig Texturprofil mit; gegenüber dem Anker ist sie eigenständig, beschränkt aber freie Würzung und Gerichtsausrichtung, weshalb die Familie kompakt auf dieser Stufe bleibt.		MAIN_C604408_FULL_MASTER_POSTGRESQL17;ISSUE_288_AGENTIC_REVIEW_2026-09-17
SPECULOOS	Spekulatius	APPLICABLE	0.5000	0.5000	UNCHANGED	CONFECTIONERY	MARZIPAN	Semantik: Knuspriges karamellisiertes Gewürzgebäck der Spekulatius-/Speculoos-Familie. Gemeint ist der fertige Keks, nicht eine Gewürzmischung; konkrete Gewürzzusammensetzung und Fettquelle können variieren. Vergleich: Marzipan (0.5000) in CONFECTIONERY. Entscheidungsgrund: Rezeptur, Verarbeitung und typische Textur sind bei diesem benannten Produkt bereits wesentlich festgelegt; die Eigenständigkeit bleibt erhalten, die Familienverdichtung begrenzt aber seine relative Präsenz.		MAIN_C604408_FULL_MASTER_POSTGRESQL17;ISSUE_288_AGENTIC_REVIEW_2026-09-17
SPELT	Dinkel	APPLICABLE	0.6000	0.7500	CHANGED	GRAINS	GRAINS	Semantik: Dinkelkorn als Getreide mit nussigem Aroma; ganz, geschrotet oder als Flocken, nicht Dinkelmehl. Vergleich: Getreide oder Pseudogetreide (1.0000) in GRAINS. Entscheidungsgrund: Getreideart oder Produktform sind benannt, lassen aber süße und herzhafte Anwendungen sowie mehrere Garmethoden zu; diese Breite trägt die eigenständige Zwischenstufe.		MAIN_C604408_FULL_MASTER_POSTGRESQL17;ISSUE_288_AGENTIC_REVIEW_2026-09-17
SPICES	Gewürz oder trockenes Würzmittel	NOT_APPLICABLE	0.4500	0.4500	UNCHANGED	STRUCTURE_ONLY	SPICES	Reiner, nicht ziehbarer Strukturknoten mit Kindern, ohne eigene Availability, Novelty oder Rollen. Der historische technische Wert bleibt unverändert und dient ausdrücklich weder als fachlicher Zielwert noch als Anker für drawable Konzepte.	STRUCTURE_ONLY_NOT_APPLICABLE	MAIN_C604408_FULL_MASTER_POSTGRESQL17;ISSUE_288_AGENTIC_REVIEW_2026-09-17
SPICE_BLENDS	Gewürzmischung	APPLICABLE	0.3500	1.0000	CHANGED	SPICES	CUMIN	Semantik: Offene Vorgabe für bewusst zusammengesetzte trockene Gewürzmischungen; Stil und Schärfe bleiben offen. Vergleich: Kreuzkümmel (0.7500) in SPICES. Entscheidungsgrund: Die Zeile lässt als drawable Gewürzfamilie konkrete Sorte, Form und Aromenausprägung offen; sie bildet daher den breiten Referenzpunkt.		MAIN_C604408_FULL_MASTER_POSTGRESQL17;ISSUE_288_AGENTIC_REVIEW_2026-09-17
SPINACH	Spinat	APPLICABLE	1.0000	0.7500	CHANGED	LEAFY_GREENS	LEAFY_GREENS	Semantik: Spinatblätter mit mild-grünem, leicht mineralischem Geschmack; frisch oder tiefgekühlt verwendbar. Vergleich: Blattgemüse (1.0000) in LEAFY_GREENS. Entscheidungsgrund: Art oder Sorte sind festgelegt, doch Zuschnitt, Garmethode und Kombination bleiben in mehreren süßen beziehungsweise herzhaften Anwendungen offen; das entspricht den eigenständigen Rohstoff-Peers der Familie.		MAIN_C604408_FULL_MASTER_POSTGRESQL17;ISSUE_288_AGENTIC_REVIEW_2026-09-17
SPINY_LOBSTER	Langusten	APPLICABLE	0.2500	0.5000	CHANGED	CRAYFISH_AND_LOBSTERS	CRAYFISH_AND_LOBSTERS	Semantik: Festes, süßliches Schwanzfleisch. Ganze Tiere und rohe oder gegarte Schwänze mit oder ohne Panzer sind zulässig; Hummer, Kaisergranat und Bärenkrebse zählen nicht. Vergleich: Krebse (1.0000) in CRAYFISH_AND_LOBSTERS. Entscheidungsgrund: Konservierung oder stark festgelegte Produktform begrenzen Textur und Einsatz gegenüber frischer Rohware; die benannte Zutat bleibt dennoch ein eigenständiger Familienfall.		MAIN_C604408_FULL_MASTER_POSTGRESQL17;ISSUE_288_AGENTIC_REVIEW_2026-09-17
SPLIT_PEAS	Spalterbsen	APPLICABLE	0.7000	0.7500	CHANGED	PEAS	PEAS	Semantik: Getrocknete geschälte und halbierte Erbsen für Suppen, Pürees oder Eintöpfe; Farbe bleibt offen. Vergleich: Erbsen (1.0000) in PEAS. Entscheidungsgrund: Art oder Sorte sind festgelegt, doch Zuschnitt, Garmethode und Kombination bleiben in mehreren süßen beziehungsweise herzhaften Anwendungen offen; das entspricht den eigenständigen Rohstoff-Peers der Familie.		MAIN_C604408_FULL_MASTER_POSTGRESQL17;ISSUE_288_AGENTIC_REVIEW_2026-09-17
SPRING_ONION	Frühlingszwiebel	APPLICABLE	0.8500	0.7500	CHANGED	ALLIUM_VEGETABLES	ALLIUM_VEGETABLES	Semantik: Frühlingszwiebel mit mildem Zwiebelaroma; weißer und grüner Teil sind essbar. Vergleich: Lauch- und Zwiebelgemüse (1.0000) in ALLIUM_VEGETABLES. Entscheidungsgrund: Art oder Sorte sind festgelegt, doch Zuschnitt, Garmethode und Kombination bleiben in mehreren süßen beziehungsweise herzhaften Anwendungen offen; das entspricht den eigenständigen Rohstoff-Peers der Familie.		MAIN_C604408_FULL_MASTER_POSTGRESQL17;ISSUE_288_AGENTIC_REVIEW_2026-09-17
SPROUTS	Sprossen	APPLICABLE	0.4500	1.0000	CHANGED	VEGETABLES	VEGETABLES	Semantik: Offene Vorgabe für essbare junge Keimlinge; Pflanzenart, Größe und roh oder gegart bleiben wählbar. Vergleich: Gemüse (1.0000) in VEGETABLES. Entscheidungsgrund: Die Zeile ist eine breite drawable Rohstofffamilie und lässt Sorte sowie rohe, gegarte oder weiterverarbeitete Umsetzung offen; sie bleibt deshalb der volle Referenzpunkt.		MAIN_C604408_FULL_MASTER_POSTGRESQL17;ISSUE_288_AGENTIC_REVIEW_2026-09-17
SQUID	Kalmar	APPLICABLE	0.5000	0.7500	CHANGED	MOLLUSCS	MOLLUSCS	Semantik: Kalmar mit röhrenförmigem Mantel und Armen; kurz oder sehr lange garen, nicht Oktopus oder Sepia. Vergleich: Weichtiere (1.0000) in MOLLUSCS. Entscheidungsgrund: Die Art beziehungsweise Tiergruppe ist festgelegt, Zuschnitt, Würzung und mehrere Gartechniken bleiben aber wählbar; das trägt eine eigenständige, gegenüber der offenen Familie leicht verdichtete Präsenz.		MAIN_C604408_FULL_MASTER_POSTGRESQL17;ISSUE_288_AGENTIC_REVIEW_2026-09-17
SRIRACHA	Sriracha	APPLICABLE	0.5500	0.5000	CHANGED	CHILI_CONDIMENTS	CHILI_CONDIMENTS	Semantik: Glatte fermentierte oder gereifte Chilisauce nach Sriracha-Art mit Knoblauch, Säure und leichter Süße. Vergleich: Chilisauce oder -paste (1.0000) in CHILI_CONDIMENTS. Entscheidungsgrund: Die fertige Würzform bringt ein eigenes Aroma- und häufig Texturprofil mit; gegenüber dem Anker ist sie eigenständig, beschränkt aber freie Würzung und Gerichtsausrichtung, weshalb die Familie kompakt auf dieser Stufe bleibt.		MAIN_C604408_FULL_MASTER_POSTGRESQL17;ISSUE_288_AGENTIC_REVIEW_2026-09-17
STARCHES	stärkehaltige Zutat oder Sättigungsbeilage	APPLICABLE	0.4500	1.0000	CHANGED	STARCHES	STARCHES	Semantik: Offene Vorgabe für stärkeprägende Zutaten oder Sättigungsbeilagen; Getreide, Knolle und Produktform bleiben wählbar. Vergleich: stärkehaltige Zutat oder Sättigungsbeilage (1.0000) in STARCHES. Entscheidungsgrund: Der drawable Oberbegriff lässt Getreideart oder konkrete Stärkeform und spätere Technik offen und bleibt deshalb der breite Referenzpunkt.		MAIN_C604408_FULL_MASTER_POSTGRESQL17;ISSUE_288_AGENTIC_REVIEW_2026-09-17
STARCH_BINDERS	Stärke oder Bindemittel	APPLICABLE	0.4000	1.0000	CHANGED	STARCHES	STARCHES	Semantik: Offene Vorgabe für isolierte Stärke und andere neutrale Bindemittel; Rohstoff und Bindeeigenschaft bleiben offen. Vergleich: stärkehaltige Zutat oder Sättigungsbeilage (1.0000) in STARCHES. Entscheidungsgrund: Der drawable Oberbegriff lässt Getreideart oder konkrete Stärkeform und spätere Technik offen und bleibt deshalb der breite Referenzpunkt.		MAIN_C604408_FULL_MASTER_POSTGRESQL17;ISSUE_288_AGENTIC_REVIEW_2026-09-17
STARFRUIT	Karambole	APPLICABLE	0.4500	0.7500	CHANGED	TROPICAL_FRUIT	TROPICAL_FRUIT	Semantik: Saftig-knackige Sternfrucht mit je nach Reife deutlich säuerlichem bis mild süßem Geschmack; roh, in Salaten oder als säuernde Frucht in warmen Gerichten verwendbar. Vergleich: Tropenfrucht (1.0000) in TROPICAL_FRUIT. Entscheidungsgrund: Art oder Sorte sind festgelegt, doch Zuschnitt, Garmethode und Kombination bleiben in mehreren süßen beziehungsweise herzhaften Anwendungen offen; das entspricht den eigenständigen Rohstoff-Peers der Familie.		MAIN_C604408_FULL_MASTER_POSTGRESQL17;ISSUE_288_AGENTIC_REVIEW_2026-09-17
STAR_ANISE	Sternanis	APPLICABLE	0.4500	0.7500	CHANGED	SPICES	CUMIN	Semantik: Sternförmige Frucht mit intensiv süßlichem Anisaroma; ganz oder gemahlen sparsam verwendbar. Vergleich: Kreuzkümmel (0.7500) in SPICES. Entscheidungsgrund: Das einzelne Aroma ist klar festgelegt, kann aber über mehrere Gerichte, Techniken und Kombinationen eingesetzt werden; wie beim Anker bleibt ausreichend eigenständige Kochbreite.		MAIN_C604408_FULL_MASTER_POSTGRESQL17;ISSUE_288_AGENTIC_REVIEW_2026-09-17
STEM_VEGETABLES	Stängelgemüse	APPLICABLE	0.5000	1.0000	CHANGED	VEGETABLES	VEGETABLES	Semantik: Offene Vorgabe für Gemüse mit kulinarisch prägendem Stiel, Spross oder verdickter Sprossachse. Vergleich: Gemüse (1.0000) in VEGETABLES. Entscheidungsgrund: Die Zeile ist eine breite drawable Rohstofffamilie und lässt Sorte sowie rohe, gegarte oder weiterverarbeitete Umsetzung offen; sie bleibt deshalb der volle Referenzpunkt.		MAIN_C604408_FULL_MASTER_POSTGRESQL17;ISSUE_288_AGENTIC_REVIEW_2026-09-17
STICKY_RICE	Klebreis	APPLICABLE	0.5500	0.7500	CHANGED	RICE	RICE	Semantik: Klebreis mit hohem Amylopektinanteil und stark haftender Textur; weiß, schwarz oder violett möglich, nicht Sushireis. Vergleich: Reis (0.7500) in RICE. Entscheidungsgrund: Getreideart oder Produktform sind benannt, lassen aber süße und herzhafte Anwendungen sowie mehrere Garmethoden zu; diese Breite trägt die eigenständige Zwischenstufe.		MAIN_C604408_FULL_MASTER_POSTGRESQL17;ISSUE_288_AGENTIC_REVIEW_2026-09-17
STINKY_TOFU	Stinky Tofu	APPLICABLE	0.1200	0.5000	CHANGED	FERMENTED_TOFU	FERMENTED_TOFU	Semantik: Intensiv fermentierter Tofu ostasiatischer Art mit markantem Geruch; Produktform und spätere Garung bleiben offen. Vergleich: Fermentierter Tofu (0.5000) in FERMENTED_TOFU. Entscheidungsgrund: Die intensive Geruchs- und Fermentationsausprägung verengt den bereits als gereifte Würzform mit 0,50 bewerteten fermentierten Tofu; offene spätere Garung gleicht diese Bindung nur teilweise aus.	ISSUE_279_PENDING_SCOPE_DECISION	MAIN_C604408_FULL_MASTER_POSTGRESQL17;ISSUE_288_AGENTIC_REVIEW_2026-09-17
STOCKFISH	Stockfisch	APPLICABLE	0.2200	0.5000	CHANGED	COD	COD	Semantik: Ungesalzener, luftgetrockneter Fisch, typischerweise Kabeljau; nicht mit gesalzenem und getrocknetem Klippfisch gleichsetzen. Vergleich: Kabeljau (0.7500) in COD. Entscheidungsgrund: Produktform, Aromaprofil oder typische Funktion sind enger vorgegeben als beim Anker; die Zutat bleibt unterscheidbar, wird wegen dieser Bindung innerhalb der Familie aber kompakter gewichtet.		MAIN_C604408_FULL_MASTER_POSTGRESQL17;ISSUE_288_AGENTIC_REVIEW_2026-09-17
STOCKS	Brühe oder Fond	APPLICABLE	0.3500	1.0000	CHANGED	STOCKS	STOCKS	Semantik: Offene Vorgabe für Brühe oder Fond als aromatische Flüssigkeitsbasis; tierische, pflanzliche und pilzbasierte Formen sind möglich. Vergleich: Brühe oder Fond (1.0000) in STOCKS. Entscheidungsgrund: Die Vorgabe lässt innerhalb ihrer Semantik mehrere konkrete Produktformen, Kombinationen und Zubereitungen offen und bildet deshalb den breiten Referenzpunkt der Vergleichsgruppe.		MAIN_C604408_FULL_MASTER_POSTGRESQL17;ISSUE_288_AGENTIC_REVIEW_2026-09-17
STOLLEN	Stollen	APPLICABLE	0.2500	0.5000	CHANGED	BAKED_GOODS	BREAD	Semantik: Reichhaltiges klassisches Stollengebäck aus schwerem Hefeteig, je nach Variante mit Rosinen, Mandeln oder Marzipan und meist gezuckerter Oberfläche. Als fertiges Gebäck für weitere süße Zubereitungen gemeint; nicht Panettone, gewöhnliches Früchtebrot oder Quarkstollen ohne Hefeteig. Vergleich: Brot oder Fladenbrot (1.0000) in BAKED_GOODS. Entscheidungsgrund: Rezeptur, Verarbeitung und typische Textur sind bei diesem benannten Produkt bereits wesentlich festgelegt; die Eigenständigkeit bleibt erhalten, die Familienverdichtung begrenzt aber seine relative Präsenz.		MAIN_C604408_FULL_MASTER_POSTGRESQL17;ISSUE_288_AGENTIC_REVIEW_2026-09-17
STONE_FRUIT	Steinobst	APPLICABLE	0.6500	1.0000	CHANGED	FRUIT	FRUIT	Semantik: Offene Vorgabe für Steinobst mit einem zentralen harten Kern; Art, Süße und Reifegrad bleiben wählbar. Vergleich: Obst (1.0000) in FRUIT. Entscheidungsgrund: Die Zeile ist eine breite drawable Rohstofffamilie und lässt Sorte sowie rohe, gegarte oder weiterverarbeitete Umsetzung offen; sie bleibt deshalb der volle Referenzpunkt.		MAIN_C604408_FULL_MASTER_POSTGRESQL17;ISSUE_288_AGENTIC_REVIEW_2026-09-17
STRAWBERRY	Erdbeere	APPLICABLE	0.6500	0.7500	CHANGED	BERRIES	BERRIES	Semantik: Erdbeere mit süß-säuerlichem, aromatischem Fruchtfleisch; frisch oder ungesüßt tiefgekühlt verwendbar. Vergleich: Beeren (1.0000) in BERRIES. Entscheidungsgrund: Art oder Sorte sind festgelegt, doch Zuschnitt, Garmethode und Kombination bleiben in mehreren süßen beziehungsweise herzhaften Anwendungen offen; das entspricht den eigenständigen Rohstoff-Peers der Familie.		MAIN_C604408_FULL_MASTER_POSTGRESQL17;ISSUE_288_AGENTIC_REVIEW_2026-09-17
STROOPWAFEL	Stroopwafel	APPLICABLE	0.4500	0.5000	CHANGED	CONFECTIONERY	MARZIPAN	Semantik: Zwei dünne Waffeln mit süßer Sirup- oder Karamellfüllung; gemeint ist die fertige Süßware, nicht eine allgemeine Waffel oder der Sirup allein. Vergleich: Marzipan (0.5000) in CONFECTIONERY. Entscheidungsgrund: Rezeptur, Verarbeitung und typische Textur sind bei diesem benannten Produkt bereits wesentlich festgelegt; die Eigenständigkeit bleibt erhalten, die Familienverdichtung begrenzt aber seine relative Präsenz.		MAIN_C604408_FULL_MASTER_POSTGRESQL17;ISSUE_288_AGENTIC_REVIEW_2026-09-17
STRUDEL_DOUGH	Strudelteig	APPLICABLE	0.6500	0.7500	CHANGED	DUMPLING_WRAPPERS	DUMPLING_WRAPPERS	Semantik: Sehr dünn gezogener, ungefüllter Weizenteig für süße und herzhafte Strudel. Die feinen Blätter werden um Füllungen gelegt oder geschichtet; Blätterteig ist nicht gemeint. Vergleich: Teigblatt oder Dumpling-Hülle (1.0000) in DUMPLING_WRAPPERS. Entscheidungsgrund: Getreideart oder Produktform sind benannt, lassen aber süße und herzhafte Anwendungen sowie mehrere Garmethoden zu; diese Breite trägt die eigenständige Zwischenstufe.		MAIN_C604408_FULL_MASTER_POSTGRESQL17;ISSUE_288_AGENTIC_REVIEW_2026-09-17
SUGARCANE_VINEGAR	Zuckerrohressig	APPLICABLE	0.4000	0.7500	CHANGED	VINEGAR	VINEGAR	Semantik: Natürlich fermentierter Essig auf Basis von Zuckerrohr beziehungsweise Zuckerrohrsaft. Gemeint ist die generische Essigart; nicht auf Sukang Iloko oder eine bestimmte Marke beschränkt. Vergleich: Essig (1.0000) in VINEGAR. Entscheidungsgrund: Die konkrete Produktausprägung besitzt ein eigenes Profil, bleibt aber über mehrere Koch-, Back- oder Servierfunktionen einsetzbar; das trägt die Zwischenstufe gegenüber dem offenen Oberbegriff.		MAIN_C604408_FULL_MASTER_POSTGRESQL17;ISSUE_288_AGENTIC_REVIEW_2026-09-17
SUGAR_SNAP_PEAS	Zuckerschoten	APPLICABLE	0.7500	0.7500	UNCHANGED	PEAS	PEAS	Semantik: Zuckerschoten mit essbarer knackiger Hülse und süßen jungen Erbsen; nicht ausgelöste grüne Erbsen. Vergleich: Erbsen (1.0000) in PEAS. Entscheidungsgrund: Art oder Sorte sind festgelegt, doch Zuschnitt, Garmethode und Kombination bleiben in mehreren süßen beziehungsweise herzhaften Anwendungen offen; das entspricht den eigenständigen Rohstoff-Peers der Familie.		MAIN_C604408_FULL_MASTER_POSTGRESQL17;ISSUE_288_AGENTIC_REVIEW_2026-09-17
SUMAC	Sumach	APPLICABLE	0.5000	0.5000	UNCHANGED	SPICES	CUMIN	Semantik: Getrocknete gemahlene Sumachfrüchte mit fruchtig-zitroniger Säure; nicht giftiger Zier-Sumach. Vergleich: Kreuzkümmel (0.7500) in SPICES. Entscheidungsgrund: Sumach dient vor allem als säuerlich-fruchtige Würze und Finish; diese fokussierte Säurefunktion ist enger als die Einsatzbreite neutralerer Einzelgewürze.		MAIN_C604408_FULL_MASTER_POSTGRESQL17;ISSUE_288_AGENTIC_REVIEW_2026-09-17
SUNFLOWER_SEEDS	Sonnenblumenkerne	APPLICABLE	0.6500	0.7500	CHANGED	SEEDS	SEEDS	Semantik: Sonnenblumenkerne mit mild-nussigem Geschmack; geschält, roh oder geröstet verwendbar. Vergleich: Kerne und Samen (1.0000) in SEEDS. Entscheidungsgrund: Art oder Sorte sind festgelegt, doch Zuschnitt, Garmethode und Kombination bleiben in mehreren süßen beziehungsweise herzhaften Anwendungen offen; das entspricht den eigenständigen Rohstoff-Peers der Familie.		MAIN_C604408_FULL_MASTER_POSTGRESQL17;ISSUE_288_AGENTIC_REVIEW_2026-09-17
SUN_DRIED_TOMATO	getrocknete Tomaten	APPLICABLE	0.7000	0.5000	CHANGED	TOMATO_PRODUCTS	TOMATO_PASTE	Semantik: Durch Trocknung konzentrierte Tomaten mit süß-säuerlichem Umami; trocken oder in Öl eingelegt verwendbar. Vergleich: Tomatenmark (0.5000) in TOMATO_PRODUCTS. Entscheidungsgrund: Trocknung konzentriert Süße, Säure und Umami und legt eine deutlich andere Textur als frische oder unkonzentriert konservierte Tomate fest; die Form ist mit Tomatenmark näher vergleichbar.		MAIN_C604408_FULL_MASTER_POSTGRESQL17;ISSUE_288_AGENTIC_REVIEW_2026-09-17
SURIMI	Surimi	APPLICABLE	0.6500	0.7500	CHANGED	FISH	FISH	Semantik: Gegartes geformtes Fischmusprodukt, häufig als Krebsfleischimitat; nicht echtes Krabbenfleisch. Vergleich: Fisch (1.0000) in FISH. Entscheidungsgrund: Die Art beziehungsweise Tiergruppe ist festgelegt, Zuschnitt, Würzung und mehrere Gartechniken bleiben aber wählbar; das trägt eine eigenständige, gegenüber der offenen Familie leicht verdichtete Präsenz.		MAIN_C604408_FULL_MASTER_POSTGRESQL17;ISSUE_288_AGENTIC_REVIEW_2026-09-17
SUSHI_RICE	Sushireis	APPLICABLE	0.6500	0.7500	CHANGED	RICE	RICE	Semantik: Japanischer Rundkornreis mit haftender Textur, üblicherweise nach dem Garen gewürzt; nicht beliebiger Klebreis. Vergleich: Reis (0.7500) in RICE. Entscheidungsgrund: Getreideart oder Produktform sind benannt, lassen aber süße und herzhafte Anwendungen sowie mehrere Garmethoden zu; diese Breite trägt die eigenständige Zwischenstufe.		MAIN_C604408_FULL_MASTER_POSTGRESQL17;ISSUE_288_AGENTIC_REVIEW_2026-09-17
SWEETENERS	Süßungsmittel	APPLICABLE	0.3500	1.0000	CHANGED	SWEETENERS	SWEETENERS	Semantik: Offene Vorgabe für Zucker, Sirupe, Honig und andere kulinarische Süßungsmittel; Form und Eigengeschmack bleiben offen. Vergleich: Süßungsmittel (1.0000) in SWEETENERS. Entscheidungsgrund: Der drawable Oberbegriff lässt konkrete Rohstoff- oder Produktausprägung und Verwendung offen und dient als breiter Familienanker.		MAIN_C604408_FULL_MASTER_POSTGRESQL17;ISSUE_288_AGENTIC_REVIEW_2026-09-17
SWEET_PAPRIKA_POWDER	Paprikapulver edelsüß	APPLICABLE	0.7000	0.7500	CHANGED	PAPRIKA_POWDER	PAPRIKA_POWDER	Semantik: Mildes süßlich-fruchtiges Paprikapulver ohne prägende Schärfe oder Räucherung. Vergleich: Paprikapulver (1.0000) in PAPRIKA_POWDER. Entscheidungsgrund: Das einzelne Aroma ist klar festgelegt, kann aber über mehrere Gerichte, Techniken und Kombinationen eingesetzt werden; wie beim Anker bleibt ausreichend eigenständige Kochbreite.		MAIN_C604408_FULL_MASTER_POSTGRESQL17;ISSUE_288_AGENTIC_REVIEW_2026-09-17
SWEET_POTATO	Süßkartoffel	APPLICABLE	0.9000	0.7500	CHANGED	ROOT_VEGETABLES	ROOT_VEGETABLES	Semantik: Stärkereiche Süßkartoffelknolle mit süßlichem Geschmack; orange, violette und helle Sorten sind umfasst, nicht Yams. Vergleich: Wurzel- und Knollengemüse (1.0000) in ROOT_VEGETABLES. Entscheidungsgrund: Art oder Sorte sind festgelegt, doch Zuschnitt, Garmethode und Kombination bleiben in mehreren süßen beziehungsweise herzhaften Anwendungen offen; das entspricht den eigenständigen Rohstoff-Peers der Familie.		MAIN_C604408_FULL_MASTER_POSTGRESQL17;ISSUE_288_AGENTIC_REVIEW_2026-09-17
SWORDFISH	Schwertfisch	APPLICABLE	0.3500	0.7500	CHANGED	FISH	FISH	Semantik: Schwertfisch mit festem, fleischigem und eher magerem Fischfleisch; meist als Steak oder Filet verwendet. Vergleich: Fisch (1.0000) in FISH. Entscheidungsgrund: Die Art beziehungsweise Tiergruppe ist festgelegt, Zuschnitt, Würzung und mehrere Gartechniken bleiben aber wählbar; das trägt eine eigenständige, gegenüber der offenen Familie leicht verdichtete Präsenz.		MAIN_C604408_FULL_MASTER_POSTGRESQL17;ISSUE_288_AGENTIC_REVIEW_2026-09-17
SYRUP	Sirup	APPLICABLE	0.5000	1.0000	CHANGED	SWEETENERS	SWEETENERS	Semantik: Offene Familie dick- oder dünnflüssiger konzentrierter Sirupe zur Süßung oder Würzung. Umfasst pflanzen- und fruchtbasierte Sirupe sowie vergleichbare konzentrierte Fruchtsirupe; nicht jedes flüssige Süßungsmittel ist automatisch ein Sirup. Vergleich: Süßungsmittel (1.0000) in SWEETENERS. Entscheidungsgrund: Der drawable Oberbegriff lässt konkrete Rohstoff- oder Produktausprägung und Verwendung offen und dient als breiter Familienanker.		MAIN_C604408_FULL_MASTER_POSTGRESQL17;ISSUE_288_AGENTIC_REVIEW_2026-09-17
TABLEA	Tablea	APPLICABLE	0.2500	0.7500	CHANGED	COCOA_PRODUCTS	COCOA_PRODUCTS	Semantik: Philippinische gepresste beziehungsweise geformte Kakaomasse aus gerösteten und gemahlenen Kakaobohnen, traditionell insbesondere für Tsokolate. Gemeint ist reine oder nur gering gesüßte Tablea; nicht Kakaopulver oder gewöhnliche Tafelschokolade. Vergleich: Kakao oder Schokolade (1.0000) in COCOA_PRODUCTS. Entscheidungsgrund: Die benannte Zutat ist gegenüber dem Oberbegriff konkretisiert, behält aber mehrere eigenständige Kochfunktionen und Zubereitungswege; die Familienüberschneidung rechtfertigt die maßvolle Verdichtung.		MAIN_C604408_FULL_MASTER_POSTGRESQL17;ISSUE_288_AGENTIC_REVIEW_2026-09-17
TAHINI	Tahini	APPLICABLE	0.6500	0.5000	CHANGED	NUT_AND_SEED_PASTES	NUT_AND_SEED_PASTES	Semantik: Fein vermahlene Sesampaste, meist aus geschältem und geröstetem oder ungeröstetem Sesam; nicht fertige Tahinisauce. Vergleich: Nuss- oder Samenpaste (1.0000) in NUT_AND_SEED_PASTES. Entscheidungsgrund: Produktform, Aromaprofil oder typische Funktion sind enger vorgegeben als beim Anker; die Zutat bleibt unterscheidbar, wird wegen dieser Bindung innerhalb der Familie aber kompakter gewichtet.		MAIN_C604408_FULL_MASTER_POSTGRESQL17;ISSUE_288_AGENTIC_REVIEW_2026-09-17
TAI_PLA	Tai Pla	APPLICABLE	0.1200	0.2500	CHANGED	FERMENTED_SEASONINGS	FERMENTED_SEASONINGS	Semantik: Sehr intensive südthailändische Würze aus salzfermentierten Fischinnereien, vor allem als Basis für Kaeng Tai Pla. Nicht Fischsauce, Pla Ra oder bloß rohe Fischinnereien. Vergleich: fermentierte Würzzutat (1.0000) in FERMENTED_SEASONINGS. Entscheidungsgrund: Fermentierte Fischinnereien erzeugen ein extrem dominantes salzig-fermentiertes Profil und eine eng umrissene Würzfunktion; die Vorgabe bindet stärker als allgemeine fermentierte Saucen.		MAIN_C604408_FULL_MASTER_POSTGRESQL17;ISSUE_288_AGENTIC_REVIEW_2026-09-17
TAMARI	Tamari	APPLICABLE	0.4000	0.5000	CHANGED	SOY_SAUCE	SOY_SAUCE	Semantik: Japanische Sojasauce mit hohem Soja- und meist geringem oder keinem Weizenanteil; kräftig und umamireich. Vergleich: Sojasauce (0.5000) in SOY_SAUCE. Entscheidungsgrund: Hoher Soja- und geringer Weizenanteil definieren einen konkreten Sojasaucenstil; die kräftige Umami-Funktion bleibt auf der Stufe des 0,50-Oberbegriffs.		MAIN_C604408_FULL_MASTER_POSTGRESQL17;ISSUE_288_AGENTIC_REVIEW_2026-09-17
TAMARIND	Tamarinde	APPLICABLE	0.3000	0.7500	CHANGED	TROPICAL_FRUIT	TROPICAL_FRUIT	Semantik: Säuerliche Frucht, in Deutschland für die Küche meist als Paste, Block oder Konzentrat erhältlich. Vergleich: Tropenfrucht (1.0000) in TROPICAL_FRUIT. Entscheidungsgrund: Art oder Sorte sind festgelegt, doch Zuschnitt, Garmethode und Kombination bleiben in mehreren süßen beziehungsweise herzhaften Anwendungen offen; das entspricht den eigenständigen Rohstoff-Peers der Familie.		MAIN_C604408_FULL_MASTER_POSTGRESQL17;ISSUE_288_AGENTIC_REVIEW_2026-09-17
TAPENADE	Tapenade	APPLICABLE	0.4500	0.5000	CHANGED	READY_SAUCES_AND_PASTES	MAYONNAISE	Semantik: Mediterrane Olivenpaste mit typischerweise Kapern und häufig Sardellen; konkrete Olivensorte und Würzung variieren. Vergleich: Mayonnaise (0.5000) in READY_SAUCES_AND_PASTES. Entscheidungsgrund: Die fertige Würzform bringt ein eigenes Aroma- und häufig Texturprofil mit; gegenüber dem Anker ist sie eigenständig, beschränkt aber freie Würzung und Gerichtsausrichtung, weshalb die Familie kompakt auf dieser Stufe bleibt.		MAIN_C604408_FULL_MASTER_POSTGRESQL17;ISSUE_288_AGENTIC_REVIEW_2026-09-17
TAPIOCA_STARCH	Tapiokastärke	APPLICABLE	0.5000	0.7500	CHANGED	STARCH_BINDERS	STARCH_BINDERS	Semantik: Feine Stärke aus Maniok mit starker Bindung und elastischer Texturwirkung; nicht ganze Maniokwurzel. Vergleich: Stärke oder Bindemittel (1.0000) in STARCH_BINDERS. Entscheidungsgrund: Die benannte Zutat ist gegenüber dem Oberbegriff konkretisiert, behält aber mehrere eigenständige Kochfunktionen und Zubereitungswege; die Familienüberschneidung rechtfertigt die maßvolle Verdichtung.		MAIN_C604408_FULL_MASTER_POSTGRESQL17;ISSUE_288_AGENTIC_REVIEW_2026-09-17
TARO	Taro	APPLICABLE	0.4500	0.7500	CHANGED	ROOT_VEGETABLES	ROOT_VEGETABLES	Semantik: Stärkereiche Taroknolle mit mild-nussigem Geschmack; nur geschält und vollständig gegart verwenden. Vergleich: Wurzel- und Knollengemüse (1.0000) in ROOT_VEGETABLES. Entscheidungsgrund: Art oder Sorte sind festgelegt, doch Zuschnitt, Garmethode und Kombination bleiben in mehreren süßen beziehungsweise herzhaften Anwendungen offen; das entspricht den eigenständigen Rohstoff-Peers der Familie.		MAIN_C604408_FULL_MASTER_POSTGRESQL17;ISSUE_288_AGENTIC_REVIEW_2026-09-17
TARRAGON	Estragon	APPLICABLE	0.5000	0.7500	CHANGED	FRESH_HERBS	BASIL	Semantik: Estragonblätter mit anisartigem, leicht bitterem Aroma; frisch oder getrocknet verwendbar. Vergleich: Basilikum (0.7500) in FRESH_HERBS. Entscheidungsgrund: Das einzelne Aroma ist klar festgelegt, kann aber über mehrere Gerichte, Techniken und Kombinationen eingesetzt werden; wie beim Anker bleibt ausreichend eigenständige Kochbreite.		MAIN_C604408_FULL_MASTER_POSTGRESQL17;ISSUE_288_AGENTIC_REVIEW_2026-09-17
TEA	Tee	APPLICABLE	0.3000	1.0000	CHANGED	TEA	TEA	Semantik: Offene Vorgabe für Tee aus der Teepflanze sowie Kräutertee, jeweils als Aufguss oder geeignetes Pflanzenmaterial. Teesorte und Kräuterauswahl bleiben offen. Vergleich: Tee (1.0000) in TEA. Entscheidungsgrund: Die Vorgabe lässt innerhalb ihrer Semantik mehrere konkrete Produktformen, Kombinationen und Zubereitungen offen und bildet deshalb den breiten Referenzpunkt der Vergleichsgruppe.		MAIN_C604408_FULL_MASTER_POSTGRESQL17;ISSUE_288_AGENTIC_REVIEW_2026-09-17
TEMPEH	Tempeh	APPLICABLE	0.7500	0.7500	UNCHANGED	PLANT_PROTEIN_PRODUCTS	PLANT_PROTEIN_PRODUCTS	Semantik: Fester fermentierter Kuchen aus ganzen Sojabohnen mit nussigem Aroma und gutem Biss; nicht Tofu oder texturiertes Sojaprotein. Vergleich: pflanzliches Proteinprodukt (1.0000) in PLANT_PROTEIN_PRODUCTS. Entscheidungsgrund: Die benannte Zutat ist gegenüber dem Oberbegriff konkretisiert, behält aber mehrere eigenständige Kochfunktionen und Zubereitungswege; die Familienüberschneidung rechtfertigt die maßvolle Verdichtung.		MAIN_C604408_FULL_MASTER_POSTGRESQL17;ISSUE_288_AGENTIC_REVIEW_2026-09-17
TERIYAKI_SAUCE	Teriyakisauce	APPLICABLE	0.4500	0.5000	CHANGED	READY_SAUCES_AND_PASTES	MAYONNAISE	Semantik: Japanisch geprägte süß-salzige Glasur- und Würzsauce auf Sojasaucenbasis; Dicke und Süße variieren. Vergleich: Mayonnaise (0.5000) in READY_SAUCES_AND_PASTES. Entscheidungsgrund: Die fertige Würzform bringt ein eigenes Aroma- und häufig Texturprofil mit; gegenüber dem Anker ist sie eigenständig, beschränkt aber freie Würzung und Gerichtsausrichtung, weshalb die Familie kompakt auf dieser Stufe bleibt.		MAIN_C604408_FULL_MASTER_POSTGRESQL17;ISSUE_288_AGENTIC_REVIEW_2026-09-17
THAI_BASIL	Thai-Basilikum	APPLICABLE	0.5500	0.7500	CHANGED	BASIL	BASIL	Semantik: Thai-Basilikum mit anis- beziehungsweise lakritzartigem Aroma und festerem Blatt; nicht gewöhnliches süßes Basilikum. Vergleich: Basilikum (0.7500) in BASIL. Entscheidungsgrund: Die benannte Zutat ist gegenüber dem Oberbegriff konkretisiert, behält aber mehrere eigenständige Kochfunktionen und Zubereitungswege; die Familienüberschneidung rechtfertigt die maßvolle Verdichtung.		MAIN_C604408_FULL_MASTER_POSTGRESQL17;ISSUE_288_AGENTIC_REVIEW_2026-09-17
THAI_EGGPLANT	Thai-Aubergine	APPLICABLE	0.3000	0.7500	CHANGED	EGGPLANT	EGGPLANT	Semantik: Kleine runde Thai-Auberginen, meist grün-weiß und fest, die in Currys ihre Form behalten und leicht herb schmecken. Nicht mit Erbsenauberginen gleichsetzen. Vergleich: Aubergine (0.7500) in EGGPLANT. Entscheidungsgrund: Die benannte Zutat ist gegenüber dem Oberbegriff konkretisiert, behält aber mehrere eigenständige Kochfunktionen und Zubereitungswege; die Familienüberschneidung rechtfertigt die maßvolle Verdichtung.		MAIN_C604408_FULL_MASTER_POSTGRESQL17;ISSUE_288_AGENTIC_REVIEW_2026-09-17
THAI_GREEN_CURRY_PASTE	grüne Thai-Currypaste	APPLICABLE	0.4500	0.5000	CHANGED	READY_CURRY_PASTE	READY_CURRY_PASTE	Semantik: Grüne Thai-Currypaste mit frischen grünen Chilis, Kräutern und Aromaten; Markenrezepturen variieren. Vergleich: fertige Currypaste (1.0000) in READY_CURRY_PASTE. Entscheidungsgrund: Die fertige Würzform bringt ein eigenes Aroma- und häufig Texturprofil mit; gegenüber dem Anker ist sie eigenständig, beschränkt aber freie Würzung und Gerichtsausrichtung, weshalb die Familie kompakt auf dieser Stufe bleibt.		MAIN_C604408_FULL_MASTER_POSTGRESQL17;ISSUE_288_AGENTIC_REVIEW_2026-09-17
THAI_RED_CURRY_PASTE	rote Thai-Currypaste	APPLICABLE	0.4500	0.5000	CHANGED	READY_CURRY_PASTE	READY_CURRY_PASTE	Semantik: Rote Thai-Currypaste auf Basis getrockneter roter Chilis, Aromaten und Gewürzen; Markenrezepturen variieren. Vergleich: fertige Currypaste (1.0000) in READY_CURRY_PASTE. Entscheidungsgrund: Die fertige Würzform bringt ein eigenes Aroma- und häufig Texturprofil mit; gegenüber dem Anker ist sie eigenständig, beschränkt aber freie Würzung und Gerichtsausrichtung, weshalb die Familie kompakt auf dieser Stufe bleibt.		MAIN_C604408_FULL_MASTER_POSTGRESQL17;ISSUE_288_AGENTIC_REVIEW_2026-09-17
THAI_YELLOW_CURRY_PASTE	gelbe Thai-Currypaste	APPLICABLE	0.4000	0.5000	CHANGED	READY_CURRY_PASTE	READY_CURRY_PASTE	Semantik: Gelbe Thai-Currypaste mit Kurkuma und warmen Gewürzen neben Chili und Aromaten; nicht Currypulver. Vergleich: fertige Currypaste (1.0000) in READY_CURRY_PASTE. Entscheidungsgrund: Die fertige Würzform bringt ein eigenes Aroma- und häufig Texturprofil mit; gegenüber dem Anker ist sie eigenständig, beschränkt aber freie Würzung und Gerichtsausrichtung, weshalb die Familie kompakt auf dieser Stufe bleibt.		MAIN_C604408_FULL_MASTER_POSTGRESQL17;ISSUE_288_AGENTIC_REVIEW_2026-09-17
THYME	Thymian	APPLICABLE	0.6500	0.7500	CHANGED	FRESH_HERBS	BASIL	Semantik: Thymianblätter mit kräftig herb-würzigem Aroma; frisch oder getrocknet verwendbar. Vergleich: Basilikum (0.7500) in FRESH_HERBS. Entscheidungsgrund: Das einzelne Aroma ist klar festgelegt, kann aber über mehrere Gerichte, Techniken und Kombinationen eingesetzt werden; wie beim Anker bleibt ausreichend eigenständige Kochbreite.		MAIN_C604408_FULL_MASTER_POSTGRESQL17;ISSUE_288_AGENTIC_REVIEW_2026-09-17
TIROLER_GRAUKAESE	Tiroler Graukäse	APPLICABLE	0.4000	0.7500	CHANGED	CHEESE	CHEESE	Semantik: Fettarmer Tiroler Sauermilchkäse mit kräftiger Reifewürze und bröckeliger bis geschmeidiger Konsistenz. Er bringt einen deutlich säuerlich-würzigen Käsecharakter ein. Vergleich: Käse (1.0000) in CHEESE. Entscheidungsgrund: Die konkrete Produktausprägung besitzt ein eigenes Profil, bleibt aber über mehrere Koch-, Back- oder Servierfunktionen einsetzbar; das trägt die Zwischenstufe gegenüber dem offenen Oberbegriff.		MAIN_C604408_FULL_MASTER_POSTGRESQL17;ISSUE_288_AGENTIC_REVIEW_2026-09-17
TIROLER_SPECK	Tiroler Speck	APPLICABLE	0.5000	0.5000	UNCHANGED	CURED_MEAT	CURED_MEAT	Semantik: Gepökelter, kaltgeräucherter und getrockneter Tiroler Speck aus unterschiedlichen Schweinefleischteilstücken. Rauch, Salz und Reifearoma prägen ihn; der Fettanteil hängt stark vom Zuschnitt ab. Vergleich: gepökeltes oder luftgetrocknetes Fleisch (1.0000) in CURED_MEAT. Entscheidungsgrund: Rezeptur, Verarbeitung und typische Textur sind bei diesem benannten Produkt bereits wesentlich festgelegt; die Eigenständigkeit bleibt erhalten, die Familienverdichtung begrenzt aber seine relative Präsenz.		MAIN_C604408_FULL_MASTER_POSTGRESQL17;ISSUE_288_AGENTIC_REVIEW_2026-09-17
TOFU	Tofu	APPLICABLE	1.0000	0.7500	CHANGED	PLANT_PROTEIN_PRODUCTS	PLANT_PROTEIN_PRODUCTS	Semantik: Geronnener Sojabohnenquark; Festigkeit und Wassergehalt bleiben offen, fermentierte und geräucherte Formen sind getrennt. Vergleich: pflanzliches Proteinprodukt (1.0000) in PLANT_PROTEIN_PRODUCTS. Entscheidungsgrund: Die benannte Zutat ist gegenüber dem Oberbegriff konkretisiert, behält aber mehrere eigenständige Kochfunktionen und Zubereitungswege; die Familienüberschneidung rechtfertigt die maßvolle Verdichtung.		MAIN_C604408_FULL_MASTER_POSTGRESQL17;ISSUE_288_AGENTIC_REVIEW_2026-09-17
TOMATILLO	Tomatillo	APPLICABLE	0.3000	0.7500	CHANGED	FRUIT_VEGETABLES	FRUIT_VEGETABLES	Semantik: Grüne bis gelbliche Physalis-Verwandte mit papierartiger Hülle und frischer, deutlich säuerlicher Frucht; nicht grüne Tomate. Vergleich: Fruchtgemüse (1.0000) in FRUIT_VEGETABLES. Entscheidungsgrund: Art oder Sorte sind festgelegt, doch Zuschnitt, Garmethode und Kombination bleiben in mehreren süßen beziehungsweise herzhaften Anwendungen offen; das entspricht den eigenständigen Rohstoff-Peers der Familie.		MAIN_C604408_FULL_MASTER_POSTGRESQL17;ISSUE_288_AGENTIC_REVIEW_2026-09-17
TOMATO	Tomate	APPLICABLE	1.0000	0.7500	CHANGED	FRUIT_VEGETABLES	FRUIT_VEGETABLES	Semantik: Frische Tomate als saftig-säuerliches Fruchtgemüse; Sorte, Farbe und Größe bleiben offen. Vergleich: Fruchtgemüse (1.0000) in FRUIT_VEGETABLES. Entscheidungsgrund: Art oder Sorte sind festgelegt, doch Zuschnitt, Garmethode und Kombination bleiben in mehreren süßen beziehungsweise herzhaften Anwendungen offen; das entspricht den eigenständigen Rohstoff-Peers der Familie.		MAIN_C604408_FULL_MASTER_POSTGRESQL17;ISSUE_288_AGENTIC_REVIEW_2026-09-17
TOMATO_PASSATA	passierte Tomaten	APPLICABLE	0.8000	0.5000	CHANGED	TOMATO_PRODUCTS	TOMATO_PRODUCTS	Semantik: Fein passierte, unkonzentrierte Tomaten ohne Schale und Kerne; nicht Tomatensauce oder Tomatenmark. Vergleich: Tomatenprodukt (1.0000) in TOMATO_PRODUCTS. Entscheidungsgrund: Konservierung und konkrete Produktform prägen Geschmack, Textur oder weitere Verarbeitung bereits vor; innerhalb der Familie bleibt die Zutat eigenständig, aber enger als der unverarbeitete Rohstoff.		MAIN_C604408_FULL_MASTER_POSTGRESQL17;ISSUE_288_AGENTIC_REVIEW_2026-09-17
TOMATO_PASTE	Tomatenmark	APPLICABLE	0.7000	0.5000	CHANGED	TOMATO_PRODUCTS	TOMATO_PRODUCTS	Semantik: Stark konzentriertes Tomatenpüree mit dichtem Umami; einfach bis mehrfach konzentriert, nicht Ketchup. Vergleich: Tomatenprodukt (1.0000) in TOMATO_PRODUCTS. Entscheidungsgrund: Konservierung und konkrete Produktform prägen Geschmack, Textur oder weitere Verarbeitung bereits vor; innerhalb der Familie bleibt die Zutat eigenständig, aber enger als der unverarbeitete Rohstoff.		MAIN_C604408_FULL_MASTER_POSTGRESQL17;ISSUE_288_AGENTIC_REVIEW_2026-09-17
TOMATO_PRODUCTS	Tomatenprodukt	APPLICABLE	0.5000	1.0000	CHANGED	TOMATO_PRODUCTS	TOMATO_PRODUCTS	Semantik: Offene Vorgabe für verarbeitete Tomatenprodukte wie Konserve, Passata, Mark oder schlichte Sauce. Vergleich: Tomatenprodukt (1.0000) in TOMATO_PRODUCTS. Entscheidungsgrund: Als offene Konservierungsfamilie lässt die Vorgabe Rohstoff und konkrete Verarbeitung wählen; einzelne konservierte Produkte werden darunter enger gewichtet.		MAIN_C604408_FULL_MASTER_POSTGRESQL17;ISSUE_288_AGENTIC_REVIEW_2026-09-17
TOMATO_SAUCE	einfache Tomatensauce	APPLICABLE	0.6000	0.5000	CHANGED	TOMATO_PRODUCTS	TOMATO_PRODUCTS	Semantik: Schlichte fertige Tomatensauce ohne Bindung an eine konkrete Gewürzrichtung. Vergleich: Tomatenprodukt (1.0000) in TOMATO_PRODUCTS. Entscheidungsgrund: Konservierung und konkrete Produktform prägen Geschmack, Textur oder weitere Verarbeitung bereits vor; innerhalb der Familie bleibt die Zutat eigenständig, aber enger als der unverarbeitete Rohstoff.		MAIN_C604408_FULL_MASTER_POSTGRESQL17;ISSUE_288_AGENTIC_REVIEW_2026-09-17
TORTILLA	Tortilla	APPLICABLE	0.7000	0.7500	CHANGED	BREAD	BREAD	Semantik: Dünnes ungesäuertes Fladenbrot aus nixtamalisiertem Mais oder Weizen; nicht spanische Eier-Kartoffel-Tortilla. Vergleich: Brot oder Fladenbrot (1.0000) in BREAD. Entscheidungsgrund: Getreideart oder Produktform sind benannt, lassen aber süße und herzhafte Anwendungen sowie mehrere Garmethoden zu; diese Breite trägt die eigenständige Zwischenstufe.		MAIN_C604408_FULL_MASTER_POSTGRESQL17;ISSUE_288_AGENTIC_REVIEW_2026-09-17
TRIPE	Kutteln	APPLICABLE	0.1800	0.7500	CHANGED	BEEF	BEEF	Semantik: Gereinigte essbare Vormägen, meist vom Rind, mit fester wabenartiger Textur; ausreichend vorgaren. Vergleich: Rindfleisch (1.0000) in BEEF. Entscheidungsgrund: Kutteln legen das Organmaterial und damit notwendige Reinigung und meist längere Garung fest, bleiben aber über Suppen, Ragouts, Schmor- und Bratformen hinweg eigenständig; als offenes Material tragen sie 0,75.		MAIN_C604408_FULL_MASTER_POSTGRESQL17;ISSUE_288_AGENTIC_REVIEW_2026-09-17
TROPICAL_FRUIT	Tropenfrucht	APPLICABLE	0.5500	1.0000	CHANGED	FRUIT	FRUIT	Semantik: Offene Vorgabe für kulinarisch als tropisch verstandenes Obst; Art, Reife und Säure-Süße-Profil bleiben wählbar. Vergleich: Obst (1.0000) in FRUIT. Entscheidungsgrund: Die Zeile ist eine breite drawable Rohstofffamilie und lässt Sorte sowie rohe, gegarte oder weiterverarbeitete Umsetzung offen; sie bleibt deshalb der volle Referenzpunkt.		MAIN_C604408_FULL_MASTER_POSTGRESQL17;ISSUE_288_AGENTIC_REVIEW_2026-09-17
TROUT	Forelle	APPLICABLE	0.9000	0.7500	CHANGED	OILY_FISH	OILY_FISH	Semantik: Forelle als fettreicher Süßwasserfisch mit zartem Fleisch; frisch oder tiefgekühlt, nicht geräuchert. Vergleich: fettreicher Fisch (1.0000) in OILY_FISH. Entscheidungsgrund: Die Art beziehungsweise Tiergruppe ist festgelegt, Zuschnitt, Würzung und mehrere Gartechniken bleiben aber wählbar; das trägt eine eigenständige, gegenüber der offenen Familie leicht verdichtete Präsenz.		MAIN_C604408_FULL_MASTER_POSTGRESQL17;ISSUE_288_AGENTIC_REVIEW_2026-09-17
TROUT_ROE	Forellenrogen	APPLICABLE	0.2200	0.7500	CHANGED	FISH_ROE	FISH_ROE	Semantik: Forellenrogen mit kleinen orangefarbenen, salzig platzenden Eiern; meist leicht gesalzen erhältlich. Vergleich: Fischrogen (1.0000) in FISH_ROE. Entscheidungsgrund: Die benannte Zutat ist gegenüber dem Oberbegriff konkretisiert, behält aber mehrere eigenständige Kochfunktionen und Zubereitungswege; die Familienüberschneidung rechtfertigt die maßvolle Verdichtung.		MAIN_C604408_FULL_MASTER_POSTGRESQL17;ISSUE_288_AGENTIC_REVIEW_2026-09-17
TRUFFLE	Trüffel	APPLICABLE	0.1200	0.2500	CHANGED	MUSHROOMS	MUSHROOMS	Semantik: Essbare Trüffel mit intensiv erdigem Aroma; frisch oder als hochwertiges Produkt mit erkennbarem Trüffelanteil verwendbar. Vergleich: Pilze (1.0000) in MUSHROOMS. Entscheidungsgrund: Trüffel dominiert Aromaprofil und Rezeptaufbau schon in kleiner Menge und ist kein austauschbarer Speisepilz; diese starke sensorische Bindung trägt die fokussierte Stufe.		MAIN_C604408_FULL_MASTER_POSTGRESQL17;ISSUE_288_AGENTIC_REVIEW_2026-09-17
TUNA	Thunfisch	APPLICABLE	0.7500	0.7500	UNCHANGED	FISH	FISH	Semantik: Gemeint ist Thunfisch als eigenständige Kochzutat, nicht zwingend Dosenware. Vergleich: Fisch (1.0000) in FISH. Entscheidungsgrund: Die Art beziehungsweise Tiergruppe ist festgelegt, Zuschnitt, Würzung und mehrere Gartechniken bleiben aber wählbar; das trägt eine eigenständige, gegenüber der offenen Familie leicht verdichtete Präsenz.		MAIN_C604408_FULL_MASTER_POSTGRESQL17;ISSUE_288_AGENTIC_REVIEW_2026-09-17
TURKEY	Pute	APPLICABLE	0.8500	0.7500	CHANGED	POULTRY	POULTRY	Semantik: Putenfleisch ohne Festlegung auf Brust, Keule oder Hack; Zuschnitt und Fettanteil bleiben offen. Vergleich: Geflügel (1.0000) in POULTRY. Entscheidungsgrund: Tierart oder Zuschnitt sind konkret, doch Würzung, Kombination und mehrere passende Gartechniken bleiben offen; diese eigenständige Kochbreite trägt die Zwischenstufe.		MAIN_C604408_FULL_MASTER_POSTGRESQL17;ISSUE_288_AGENTIC_REVIEW_2026-09-17
TURKEY_BREAST	Putenbrust	APPLICABLE	0.9000	0.7500	CHANGED	TURKEY	TURKEY	Semantik: Mageres helles Brustfleisch der Pute; als Filet, Schnitzel oder größeres Stück verwendbar. Vergleich: Pute (0.7500) in TURKEY. Entscheidungsgrund: Tierart oder Zuschnitt sind konkret, doch Würzung, Kombination und mehrere passende Gartechniken bleiben offen; diese eigenständige Kochbreite trägt die Zwischenstufe.		MAIN_C604408_FULL_MASTER_POSTGRESQL17;ISSUE_288_AGENTIC_REVIEW_2026-09-17
TURKEY_MINCE	Putenhack	APPLICABLE	0.7500	0.7500	UNCHANGED	MINCED_MEAT	MINCED_MEAT	Semantik: Zerkleinertes Putenfleisch mit geringem bis mittlerem Fettanteil; nicht gemischtes Geflügelhack. Vergleich: Hackfleisch (1.0000) in MINCED_MEAT. Entscheidungsgrund: Tierart oder Zuschnitt sind konkret, doch Würzung, Kombination und mehrere passende Gartechniken bleiben offen; diese eigenständige Kochbreite trägt die Zwischenstufe.		MAIN_C604408_FULL_MASTER_POSTGRESQL17;ISSUE_288_AGENTIC_REVIEW_2026-09-17
TURMERIC	Kurkuma	APPLICABLE	0.6000	0.7500	CHANGED	SPICES	CUMIN	Semantik: Getrocknetes gemahlenes Kurkuma mit erdig-warmem Aroma und starker gelber Färbung; nicht frisches Rhizom. Vergleich: Kreuzkümmel (0.7500) in SPICES. Entscheidungsgrund: Das einzelne Aroma ist klar festgelegt, kann aber über mehrere Gerichte, Techniken und Kombinationen eingesetzt werden; wie beim Anker bleibt ausreichend eigenständige Kochbreite.		MAIN_C604408_FULL_MASTER_POSTGRESQL17;ISSUE_288_AGENTIC_REVIEW_2026-09-17
TURNIP	Speiserübe	APPLICABLE	0.6000	0.7500	CHANGED	ROOT_VEGETABLES	ROOT_VEGETABLES	Semantik: Speiserübe mit weißem bis gelblichem, mild scharfem Wurzelfleisch; nicht Steckrübe. Vergleich: Wurzel- und Knollengemüse (1.0000) in ROOT_VEGETABLES. Entscheidungsgrund: Art oder Sorte sind festgelegt, doch Zuschnitt, Garmethode und Kombination bleiben in mehreren süßen beziehungsweise herzhaften Anwendungen offen; das entspricht den eigenständigen Rohstoff-Peers der Familie.		MAIN_C604408_FULL_MASTER_POSTGRESQL17;ISSUE_288_AGENTIC_REVIEW_2026-09-17
TURRON	Turrón	APPLICABLE	0.3500	0.5000	CHANGED	CONFECTIONERY	MARZIPAN	Semantik: Spanische Turrón-Süßwarenfamilie; umfasst insbesondere klassische harte und weiche nussbasierte Varianten wie Alicante und Jijona sowie etablierte weitere Ausprägungen. Nicht generisch jedes Nougat. Vergleich: Marzipan (0.5000) in CONFECTIONERY. Entscheidungsgrund: Rezeptur, Verarbeitung und typische Textur sind bei diesem benannten Produkt bereits wesentlich festgelegt; die Eigenständigkeit bleibt erhalten, die Familienverdichtung begrenzt aber seine relative Präsenz.		MAIN_C604408_FULL_MASTER_POSTGRESQL17;ISSUE_288_AGENTIC_REVIEW_2026-09-17
TVP	Texturiertes Sojaprotein	APPLICABLE	0.6500	0.7500	CHANGED	PLANT_PROTEIN_PRODUCTS	PLANT_PROTEIN_PRODUCTS	Semantik: Texturiertes Sojaprotein, häufig als Granulat oder Schnetzel verkauft. Vergleich: pflanzliches Proteinprodukt (1.0000) in PLANT_PROTEIN_PRODUCTS. Entscheidungsgrund: Die benannte Zutat ist gegenüber dem Oberbegriff konkretisiert, behält aber mehrere eigenständige Kochfunktionen und Zubereitungswege; die Familienüberschneidung rechtfertigt die maßvolle Verdichtung.		MAIN_C604408_FULL_MASTER_POSTGRESQL17;ISSUE_288_AGENTIC_REVIEW_2026-09-17
TWAROG	Twaróg	APPLICABLE	0.5500	0.7500	CHANGED	QUARK	QUARK	Semantik: Polnischer frischer Sauermilch- oder Bruchkäse mit krümeligem bis cremigem Gefüge; Quark ist als Ersatz ähnlich, aber nicht identisch. Nicht mit körnigem Hüttenkäse gleichsetzen. Vergleich: Quark (0.7500) in QUARK. Entscheidungsgrund: Die benannte Zutat ist gegenüber dem Oberbegriff konkretisiert, behält aber mehrere eigenständige Kochfunktionen und Zubereitungswege; die Familienüberschneidung rechtfertigt die maßvolle Verdichtung.		MAIN_C604408_FULL_MASTER_POSTGRESQL17;ISSUE_288_AGENTIC_REVIEW_2026-09-17
UBE	Ube	APPLICABLE	0.3500	0.7500	CHANGED	YAM	YAM	Semantik: Violette Yamswurzel mit mild-süßlichem, nussigem Aroma; frisch, tiefgekühlt oder als ungesüßtes Püree, nicht violette Süßkartoffel. Vergleich: Yamswurzel (0.7500) in YAM. Entscheidungsgrund: Die benannte Zutat ist gegenüber dem Oberbegriff konkretisiert, behält aber mehrere eigenständige Kochfunktionen und Zubereitungswege; die Familienüberschneidung rechtfertigt die maßvolle Verdichtung.		MAIN_C604408_FULL_MASTER_POSTGRESQL17;ISSUE_288_AGENTIC_REVIEW_2026-09-17
UDON	Udon	APPLICABLE	0.6500	0.7500	CHANGED	NOODLES	NOODLES	Semantik: Dicke japanische Weizennudeln mit weichem, elastischem Biss; frisch, gefroren oder getrocknet verwendbar. Vergleich: Nudeln (1.0000) in NOODLES. Entscheidungsgrund: Getreideart oder Produktform sind benannt, lassen aber süße und herzhafte Anwendungen sowie mehrere Garmethoden zu; diese Breite trägt die eigenständige Zwischenstufe.		MAIN_C604408_FULL_MASTER_POSTGRESQL17;ISSUE_288_AGENTIC_REVIEW_2026-09-17
UMEBOSHI	Umeboshi	APPLICABLE	0.8000	0.5000	CHANGED	PRESERVED_PRODUCE	PRESERVED_PRODUCE	Semantik: Ganze gesalzene und getrocknete Ume-Früchte mit ausgeprägter Säure und Salzigkeit. Das Fruchtfleisch lässt sich als Reisbegleitung oder zum Würzen verwenden; Paste und Saft sind getrennte Produkte. Vergleich: konservierte pflanzliche Zutat (1.0000) in PRESERVED_PRODUCE. Entscheidungsgrund: Konservierung und konkrete Produktform prägen Geschmack, Textur oder weitere Verarbeitung bereits vor; innerhalb der Familie bleibt die Zutat eigenständig, aber enger als der unverarbeitete Rohstoff.		MAIN_C604408_FULL_MASTER_POSTGRESQL17;ISSUE_288_AGENTIC_REVIEW_2026-09-17
VANILLA	Vanille	APPLICABLE	0.3500	0.7500	CHANGED	SPICES	CUMIN	Semantik: Echte Vanille als Schote, Mark oder reiner Extrakt mit floral-süßem Aroma; nicht Vanillinzucker. Vergleich: Kreuzkümmel (0.7500) in SPICES. Entscheidungsgrund: Das einzelne Aroma ist klar festgelegt, kann aber über mehrere Gerichte, Techniken und Kombinationen eingesetzt werden; wie beim Anker bleibt ausreichend eigenständige Kochbreite.		MAIN_C604408_FULL_MASTER_POSTGRESQL17;ISSUE_288_AGENTIC_REVIEW_2026-09-17
VEAL	Kalbfleisch	APPLICABLE	0.5500	1.0000	CHANGED	MEAT	MEAT	Semantik: Offene Vorgabe für Kalbfleisch; Zuschnitt, Fettanteil und Garmethode bleiben bewusst wählbar. Vergleich: Fleisch (1.0000) in MEAT. Entscheidungsgrund: Der Oberbegriff lässt Tierart oder Zuschnitt und die spätere Garmethode offen und bildet damit den breiten Referenzpunkt der Fleischfamilie.		MAIN_C604408_FULL_MASTER_POSTGRESQL17;ISSUE_288_AGENTIC_REVIEW_2026-09-17
VEAL_CHEEK	Kalbsbäckchen	APPLICABLE	0.3000	0.7500	CHANGED	VEAL	VEAL	Semantik: Kleines, stark beanspruchtes Muskelstück aus der Backe mit viel Kollagen und feiner Faser. Es benötigt langes Schmoren, wird dann sehr zart und ergibt eine kräftige, gelatinebetonte Sauce. Vergleich: Kalbfleisch (1.0000) in VEAL. Entscheidungsgrund: Tierart oder Zuschnitt sind konkret, doch Würzung, Kombination und mehrere passende Gartechniken bleiben offen; diese eigenständige Kochbreite trägt die Zwischenstufe.		MAIN_C604408_FULL_MASTER_POSTGRESQL17;ISSUE_288_AGENTIC_REVIEW_2026-09-17
VEAL_CHOP	Kalbskotelett	APPLICABLE	0.5000	0.7500	CHANGED	VEAL	VEAL	Semantik: Knochenhaltige Scheibe aus dem Kalbsrücken beziehungsweise Karree mit magerem Fleischauge und meist etwas Randfett. Sie wird kurz gebraten oder gegrillt; der Knochen grenzt sie vom ausgelösten Kalbssteak ab. Vergleich: Kalbfleisch (1.0000) in VEAL. Entscheidungsgrund: Tierart oder Zuschnitt sind konkret, doch Würzung, Kombination und mehrere passende Gartechniken bleiben offen; diese eigenständige Kochbreite trägt die Zwischenstufe.		MAIN_C604408_FULL_MASTER_POSTGRESQL17;ISSUE_288_AGENTIC_REVIEW_2026-09-17
VEAL_CUTLET	Kalbsschnitzel	APPLICABLE	0.5500	0.7500	CHANGED	VEAL	VEAL	Semantik: Dünne Kalbfleischscheibe für Schnitzel; paniert oder unpaniert, gemeint ist der Zuschnitt. Vergleich: Kalbfleisch (1.0000) in VEAL. Entscheidungsgrund: Tierart oder Zuschnitt sind konkret, doch Würzung, Kombination und mehrere passende Gartechniken bleiben offen; diese eigenständige Kochbreite trägt die Zwischenstufe.		MAIN_C604408_FULL_MASTER_POSTGRESQL17;ISSUE_288_AGENTIC_REVIEW_2026-09-17
VEAL_GOULASH	Kalbsgulasch	APPLICABLE	0.5500	0.7500	CHANGED	VEAL	VEAL	Semantik: Rohe Würfel oder grobe Stücke vom Kalb für Ragouts und andere langsam gegarte Gerichte; nicht das fertig gewürzte Gericht. Bindegewebsreichere Zuschnitte werden durch Schmoren zart und geben der Sauce Körper. Vergleich: Kalbfleisch (1.0000) in VEAL. Entscheidungsgrund: Tierart oder Zuschnitt sind konkret, doch Würzung, Kombination und mehrere passende Gartechniken bleiben offen; diese eigenständige Kochbreite trägt die Zwischenstufe.		MAIN_C604408_FULL_MASTER_POSTGRESQL17;ISSUE_288_AGENTIC_REVIEW_2026-09-17
VEAL_LIVER	Kalbsleber	APPLICABLE	0.3000	0.5000	CHANGED	OFFAL	OFFAL	Semantik: Zarte Kalbsleber mit milderem Geschmack als Rinderleber; kurze Garung bewahrt die weiche Textur. Vergleich: Innereien (1.0000) in OFFAL. Entscheidungsgrund: Das konkrete Organ beziehungsweise die stark festgelegte Verarbeitungsform bestimmt Textur und geeignete Gartechnik deutlich; mehrere Gerichte bleiben möglich, aber die Aufgabe bindet stärker als ein gewöhnlicher Zuschnitt.		MAIN_C604408_FULL_MASTER_POSTGRESQL17;ISSUE_288_AGENTIC_REVIEW_2026-09-17
VEAL_LUNG	Kalbslunge	APPLICABLE	0.6000	0.5000	CHANGED	OFFAL	OFFAL	Semantik: Kalbslunge ist eine leichte, poröse Innerei mit eigenständiger elastischer Textur. Sie wird vor der weiteren Verarbeitung gegart; gemeint ist das rohe Lebensmittel, nicht fertiges Beuschel. Vergleich: Innereien (1.0000) in OFFAL. Entscheidungsgrund: Das konkrete Organ beziehungsweise die stark festgelegte Verarbeitungsform bestimmt Textur und geeignete Gartechnik deutlich; mehrere Gerichte bleiben möglich, aber die Aufgabe bindet stärker als ein gewöhnlicher Zuschnitt.		MAIN_C604408_FULL_MASTER_POSTGRESQL17;ISSUE_288_AGENTIC_REVIEW_2026-09-17
VEAL_MINCE	Kalbshackfleisch	APPLICABLE	0.4000	0.7500	CHANGED	MINCED_MEAT	MINCED_MEAT	Semantik: Gewolftes Kalbfleisch mit mildem Geschmack und meist geringerem Fettanteil als gemischtes Hack. Es eignet sich etwa für Füllungen, Klöße, Frikadellen oder Saucen, verlangt wegen seiner mageren Struktur aber vorsichtige Garung. Vergleich: Hackfleisch (1.0000) in MINCED_MEAT. Entscheidungsgrund: Tierart oder Zuschnitt sind konkret, doch Würzung, Kombination und mehrere passende Gartechniken bleiben offen; diese eigenständige Kochbreite trägt die Zwischenstufe.		MAIN_C604408_FULL_MASTER_POSTGRESQL17;ISSUE_288_AGENTIC_REVIEW_2026-09-17
VEAL_ROAST	Kalbsbraten	APPLICABLE	0.5000	0.7500	CHANGED	VEAL	VEAL	Semantik: Größeres zusammenhängendes Stück Kalbfleisch zum Braten oder Schmoren; der anatomische Zuschnitt bleibt bewusst offen. Garmethode und Garzeit richten sich nach Fett- und Bindegewebsanteil des gewählten Stücks. Vergleich: Kalbfleisch (1.0000) in VEAL. Entscheidungsgrund: Tierart oder Zuschnitt sind konkret, doch Würzung, Kombination und mehrere passende Gartechniken bleiben offen; diese eigenständige Kochbreite trägt die Zwischenstufe.		MAIN_C604408_FULL_MASTER_POSTGRESQL17;ISSUE_288_AGENTIC_REVIEW_2026-09-17
VEAL_SHANK	Kalbshaxe	APPLICABLE	0.3500	0.7500	CHANGED	VEAL	VEAL	Semantik: Quergeschnittene oder ganze Kalbshaxe mit Knochen und Kollagen; für langsames Schmoren wie bei Ossobuco geeignet. Vergleich: Kalbfleisch (1.0000) in VEAL. Entscheidungsgrund: Tierart oder Zuschnitt sind konkret, doch Würzung, Kombination und mehrere passende Gartechniken bleiben offen; diese eigenständige Kochbreite trägt die Zwischenstufe.		MAIN_C604408_FULL_MASTER_POSTGRESQL17;ISSUE_288_AGENTIC_REVIEW_2026-09-17
VEAL_STEAK	Kalbssteak	APPLICABLE	0.5500	0.7500	CHANGED	VEAL	VEAL	Semantik: Dicke, ausgelöste Scheibe aus einem zarten Kalbsteilstück, etwa Rücken oder Hüfte; nicht das dünne Kalbsschnitzel. Sie eignet sich zum kurzen Braten oder Grillen und sollte wegen ihrer mageren, feinen Struktur nicht übergart werden. Vergleich: Kalbfleisch (1.0000) in VEAL. Entscheidungsgrund: Tierart oder Zuschnitt sind konkret, doch Würzung, Kombination und mehrere passende Gartechniken bleiben offen; diese eigenständige Kochbreite trägt die Zwischenstufe.		MAIN_C604408_FULL_MASTER_POSTGRESQL17;ISSUE_288_AGENTIC_REVIEW_2026-09-17
VEAL_STRIPS	Kalbsgeschnetzeltes	APPLICABLE	0.6000	0.7500	CHANGED	VEAL	VEAL	Semantik: In schmale Streifen geschnittenes, meist mageres Kalbfleisch zum sehr kurzen Anbraten. Gemeint ist der rohe Zuschnitt; eine Sauce oder ein bestimmtes Gericht wie Zürcher Geschnetzeltes ist nicht vorgegeben. Vergleich: Kalbfleisch (1.0000) in VEAL. Entscheidungsgrund: Tierart oder Zuschnitt sind konkret, doch Würzung, Kombination und mehrere passende Gartechniken bleiben offen; diese eigenständige Kochbreite trägt die Zwischenstufe.		MAIN_C604408_FULL_MASTER_POSTGRESQL17;ISSUE_288_AGENTIC_REVIEW_2026-09-17
VEAL_SWEETBREAD	Kalbsbries	APPLICABLE	0.2000	0.5000	CHANGED	OFFAL	OFFAL	Semantik: Kalbsbries bezeichnet eine zarte Drüse des jungen Kalbes, vor allem den Thymus, mit feiner, cremiger Textur. Vor der Zubereitung wird es meist gewässert, blanchiert und von Häuten befreit; es ist weder Hirn noch gewöhnliches Muskelfleisch. Vergleich: Innereien (1.0000) in OFFAL. Entscheidungsgrund: Das konkrete Organ beziehungsweise die stark festgelegte Verarbeitungsform bestimmt Textur und geeignete Gartechnik deutlich; mehrere Gerichte bleiben möglich, aber die Aufgabe bindet stärker als ein gewöhnlicher Zuschnitt.		MAIN_C604408_FULL_MASTER_POSTGRESQL17;ISSUE_288_AGENTIC_REVIEW_2026-09-17
VEGETABLES	Gemüse	APPLICABLE	0.4500	1.0000	CHANGED	VEGETABLES	VEGETABLES	Semantik: Offene Vorgabe für kulinarisch als Gemüse verwendete Pflanzen und Pflanzenteile; Art und Textur bleiben wählbar. Vergleich: Gemüse (1.0000) in VEGETABLES. Entscheidungsgrund: Die Zeile ist eine breite drawable Rohstofffamilie und lässt Sorte sowie rohe, gegarte oder weiterverarbeitete Umsetzung offen; sie bleibt deshalb der volle Referenzpunkt.		MAIN_C604408_FULL_MASTER_POSTGRESQL17;ISSUE_288_AGENTIC_REVIEW_2026-09-17
VEGETABLE_STOCK	Gemüsebrühe	APPLICABLE	0.5500	0.7500	CHANGED	STOCKS	STOCKS	Semantik: Pflanzliche Brühe oder Fond aus Gemüse und Aromaten; selbst gekocht oder als schlichtes Fertigprodukt verwendbar. Vergleich: Brühe oder Fond (1.0000) in STOCKS. Entscheidungsgrund: Die benannte Zutat ist gegenüber dem Oberbegriff konkretisiert, behält aber mehrere eigenständige Kochfunktionen und Zubereitungswege; die Familienüberschneidung rechtfertigt die maßvolle Verdichtung.		MAIN_C604408_FULL_MASTER_POSTGRESQL17;ISSUE_288_AGENTIC_REVIEW_2026-09-17
VENDACE	Kleine Maräne	APPLICABLE	0.5000	0.7500	CHANGED	WHITE_FISH	WHITE_FISH	Semantik: Kleine Maräne (Coregonus albula), ein kleiner silbriger Süßwasserfisch mit zartem Fleisch und mildem Geschmack; in Finnland als Muikku bekannt. Vergleich: weißfleischiger Fisch (1.0000) in WHITE_FISH. Entscheidungsgrund: Die Art beziehungsweise Tiergruppe ist festgelegt, Zuschnitt, Würzung und mehrere Gartechniken bleiben aber wählbar; das trägt eine eigenständige, gegenüber der offenen Familie leicht verdichtete Präsenz.		MAIN_C604408_FULL_MASTER_POSTGRESQL17;ISSUE_288_AGENTIC_REVIEW_2026-09-17
VENISON	Hirschfleisch	APPLICABLE	0.4000	0.7500	CHANGED	GAME_MEAT	GAME_MEAT	Semantik: Hirschfleisch mit magerem, kräftigem Wildaroma; konkrete Hirschart und Zuschnitt bleiben offen. Vergleich: Wildfleisch (1.0000) in GAME_MEAT. Entscheidungsgrund: Tierart oder Zuschnitt sind konkret, doch Würzung, Kombination und mehrere passende Gartechniken bleiben offen; diese eigenständige Kochbreite trägt die Zwischenstufe.		MAIN_C604408_FULL_MASTER_POSTGRESQL17;ISSUE_288_AGENTIC_REVIEW_2026-09-17
VIETNAMESE_CORIANDER	vietnamesischer Koriander	APPLICABLE	0.2500	0.7500	CHANGED	FRESH_HERBS	BASIL	Semantik: Vietnamesischer Koriander beziehungsweise Rau răm mit pfeffrig-zitrischem Aroma; botanisch kein echter Koriander. Vergleich: Basilikum (0.7500) in FRESH_HERBS. Entscheidungsgrund: Das einzelne Aroma ist klar festgelegt, kann aber über mehrere Gerichte, Techniken und Kombinationen eingesetzt werden; wie beim Anker bleibt ausreichend eigenständige Kochbreite.		MAIN_C604408_FULL_MASTER_POSTGRESQL17;ISSUE_288_AGENTIC_REVIEW_2026-09-17
VIETNAMESE_SOYBEAN_PASTE	Tương	APPLICABLE	0.3000	0.5000	CHANGED	FERMENTED_SEASONINGS	FERMENTED_SEASONINGS	Semantik: Vietnamesische fermentierte Würze aus Sojabohnen, häufig mit Reis beziehungsweise Klebreis und Salz; je nach regionaler Form dickflüssig bis pastös. Nicht mit flüssiger Sojasauce, Miso oder Hoisinsauce gleichsetzen. Vergleich: fermentierte Würzzutat (1.0000) in FERMENTED_SEASONINGS. Entscheidungsgrund: Die fertige Würzform bringt ein eigenes Aroma- und häufig Texturprofil mit; gegenüber dem Anker ist sie eigenständig, beschränkt aber freie Würzung und Gerichtsausrichtung, weshalb die Familie kompakt auf dieser Stufe bleibt.		MAIN_C604408_FULL_MASTER_POSTGRESQL17;ISSUE_288_AGENTIC_REVIEW_2026-09-17
VIILI	Viili	APPLICABLE	0.4000	0.7500	CHANGED	CULTURED_DAIRY	CULTURED_DAIRY	Semantik: Finnisches mild-säuerliches fermentiertes Milchprodukt mit gelartiger bis charakteristisch fädenziehender Konsistenz. Vergleich: gesäuertes Milchprodukt (1.0000) in CULTURED_DAIRY. Entscheidungsgrund: Die konkrete Produktausprägung besitzt ein eigenes Profil, bleibt aber über mehrere Koch-, Back- oder Servierfunktionen einsetzbar; das trägt die Zwischenstufe gegenüber dem offenen Oberbegriff.		MAIN_C604408_FULL_MASTER_POSTGRESQL17;ISSUE_288_AGENTIC_REVIEW_2026-09-17
VINEGAR	Essig	APPLICABLE	0.4500	1.0000	CHANGED	VINEGAR	VINEGAR	Semantik: Offene Vorgabe für Speiseessig; Rohstoff, Reife, Süße und Säureprofil bleiben wählbar. Vergleich: Essig (1.0000) in VINEGAR. Entscheidungsgrund: Der drawable Oberbegriff lässt konkrete Rohstoff- oder Produktausprägung und Verwendung offen und dient als breiter Familienanker.		MAIN_C604408_FULL_MASTER_POSTGRESQL17;ISSUE_288_AGENTIC_REVIEW_2026-09-17
WAFFLES	Waffel	APPLICABLE	0.5500	1.0000	CHANGED	BAKED_GOODS	BREAD	Semantik: Offene Waffelfamilie für süße und herzhafte Waffelprodukte. Bekannte Varianten sind Stroopwafel, Brüsseler Waffel und Lütticher Waffel; Belag oder Füllung werden nicht vorausgesetzt. Vergleich: Brot oder Fladenbrot (1.0000) in BAKED_GOODS. Entscheidungsgrund: Der Oberbegriff lässt konkrete Rezeptur und Produktform offen und dient deshalb als breite drawable Auswahl statt als einzelnes Fertigprodukt.		MAIN_C604408_FULL_MASTER_POSTGRESQL17;ISSUE_288_AGENTIC_REVIEW_2026-09-17
WAKAME	Wakame	APPLICABLE	0.4500	0.5000	CHANGED	SEAWEED	SEAWEED	Semantik: Zarte grüne Braunalge mit mildem Meeresaroma, meist getrocknet erhältlich; nicht Kombu oder Nori. Vergleich: Algen (1.0000) in SEAWEED. Entscheidungsgrund: Produktform, Aromaprofil oder typische Funktion sind enger vorgegeben als beim Anker; die Zutat bleibt unterscheidbar, wird wegen dieser Bindung innerhalb der Familie aber kompakter gewichtet.		MAIN_C604408_FULL_MASTER_POSTGRESQL17;ISSUE_288_AGENTIC_REVIEW_2026-09-17
WALNUT	Walnüsse	APPLICABLE	0.6000	0.7500	CHANGED	NUTS	NUTS	Semantik: Walnusskerne mit herb-nussigem Geschmack und hohem Fettanteil; roh oder geröstet verwendbar. Vergleich: Nüsse (1.0000) in NUTS. Entscheidungsgrund: Art oder Sorte sind festgelegt, doch Zuschnitt, Garmethode und Kombination bleiben in mehreren süßen beziehungsweise herzhaften Anwendungen offen; das entspricht den eigenständigen Rohstoff-Peers der Familie.		MAIN_C604408_FULL_MASTER_POSTGRESQL17;ISSUE_288_AGENTIC_REVIEW_2026-09-17
WASABI	Wasabi	APPLICABLE	1.0000	0.5000	CHANGED	ROOT_VEGETABLES	ROOT_VEGETABLES	Semantik: Frisches Rhizom mit grünem Aroma und rasch verfliegender, nasaler Schärfe. Fein gerieben als Würzzutat verwenden; Meerrettich-Ersatzpasten sind nicht gemeint. Vergleich: Wurzel- und Knollengemüse (1.0000) in ROOT_VEGETABLES. Entscheidungsgrund: Die scharfe Wasabi-Würze ist als Paste, Pulver oder Rhizom zwar in der Form offen, geschmacklich aber sehr dominant und auf gezielte Würzfunktionen begrenzt; das trägt 0,50.		MAIN_C604408_FULL_MASTER_POSTGRESQL17;ISSUE_288_AGENTIC_REVIEW_2026-09-17
WATERCRESS	Brunnenkresse	APPLICABLE	0.4500	0.7500	CHANGED	LEAFY_GREENS	LEAFY_GREENS	Semantik: Brunnenkresse mit saftigen Stielen und deutlich pfeffrigem Geschmack; roh oder kurz gegart verwendbar. Vergleich: Blattgemüse (1.0000) in LEAFY_GREENS. Entscheidungsgrund: Art oder Sorte sind festgelegt, doch Zuschnitt, Garmethode und Kombination bleiben in mehreren süßen beziehungsweise herzhaften Anwendungen offen; das entspricht den eigenständigen Rohstoff-Peers der Familie.		MAIN_C604408_FULL_MASTER_POSTGRESQL17;ISSUE_288_AGENTIC_REVIEW_2026-09-17
WATERMELON	Wassermelone	APPLICABLE	0.7000	0.7500	CHANGED	MELONS	MELONS	Semantik: Wassermelone mit sehr saftigem, süßem Fruchtfleisch; kernarme und kernhaltige Sorten sind umfasst. Vergleich: Melone (1.0000) in MELONS. Entscheidungsgrund: Die benannte Zutat ist gegenüber dem Oberbegriff konkretisiert, behält aber mehrere eigenständige Kochfunktionen und Zubereitungswege; die Familienüberschneidung rechtfertigt die maßvolle Verdichtung.		MAIN_C604408_FULL_MASTER_POSTGRESQL17;ISSUE_288_AGENTIC_REVIEW_2026-09-17
WATER_CHESTNUT	Wasserkastanien	APPLICABLE	0.5500	0.7500	CHANGED	ROOT_VEGETABLES	ROOT_VEGETABLES	Semantik: Knackige unterirdische Sprossknollen der Wasserkastanie, frisch oder in Dose; botanisch keine Nuss. Vergleich: Wurzel- und Knollengemüse (1.0000) in ROOT_VEGETABLES. Entscheidungsgrund: Art oder Sorte sind festgelegt, doch Zuschnitt, Garmethode und Kombination bleiben in mehreren süßen beziehungsweise herzhaften Anwendungen offen; das entspricht den eigenständigen Rohstoff-Peers der Familie.		MAIN_C604408_FULL_MASTER_POSTGRESQL17;ISSUE_288_AGENTIC_REVIEW_2026-09-17
WATER_SPINACH	Wasserspinat	APPLICABLE	0.3000	0.7500	CHANGED	LEAFY_GREENS	LEAFY_GREENS	Semantik: Wasserspinat beziehungsweise Kangkong mit hohlen Stielen und zarten Blättern; nicht gewöhnlicher Spinat. Vergleich: Blattgemüse (1.0000) in LEAFY_GREENS. Entscheidungsgrund: Art oder Sorte sind festgelegt, doch Zuschnitt, Garmethode und Kombination bleiben in mehreren süßen beziehungsweise herzhaften Anwendungen offen; das entspricht den eigenständigen Rohstoff-Peers der Familie.		MAIN_C604408_FULL_MASTER_POSTGRESQL17;ISSUE_288_AGENTIC_REVIEW_2026-09-17
WHEAT_FLOUR	Weizenmehl	APPLICABLE	0.7500	0.7500	UNCHANGED	FLOUR	FLOUR	Semantik: Mehl aus Weizen; Ausmahlungsgrad und Proteinanteil bleiben offen, nicht Hartweizengrieß. Vergleich: Mehl (1.0000) in FLOUR. Entscheidungsgrund: Getreideart oder Produktform sind benannt, lassen aber süße und herzhafte Anwendungen sowie mehrere Garmethoden zu; diese Breite trägt die eigenständige Zwischenstufe.		MAIN_C604408_FULL_MASTER_POSTGRESQL17;ISSUE_288_AGENTIC_REVIEW_2026-09-17
WHEAT_NOODLES	Weizennudeln	APPLICABLE	0.8000	0.7500	CHANGED	NOODLES	NOODLES	Semantik: Weizennudeln außerhalb der engeren italienischen Pasta-Familie; Dicke sowie Ei- und Alkalianteil bleiben wählbar. Vergleich: Nudeln (1.0000) in NOODLES. Entscheidungsgrund: Getreideart oder Produktform sind benannt, lassen aber süße und herzhafte Anwendungen sowie mehrere Garmethoden zu; diese Breite trägt die eigenständige Zwischenstufe.		MAIN_C604408_FULL_MASTER_POSTGRESQL17;ISSUE_288_AGENTIC_REVIEW_2026-09-17
WHEAT_PASTA	Weizenpasta	APPLICABLE	0.6000	0.7500	CHANGED	NOODLES	NOODLES	Semantik: Offene Familie italienisch geprägter Weizenpasta; Form, frisch oder getrocknet und Ei-Anteil bleiben offen. Vergleich: Nudeln (1.0000) in NOODLES. Entscheidungsgrund: Getreideart oder Produktform sind benannt, lassen aber süße und herzhafte Anwendungen sowie mehrere Garmethoden zu; diese Breite trägt die eigenständige Zwischenstufe.		MAIN_C604408_FULL_MASTER_POSTGRESQL17;ISSUE_288_AGENTIC_REVIEW_2026-09-17
WHISKY	Whisky	APPLICABLE	0.3000	0.2500	CHANGED	COOKING_ALCOHOL	COOKING_ALCOHOL	Semantik: Whisky/Whiskey als fassgereifte Getreidespirituose; Scotch, Irish Whiskey, Bourbon, Rye und vergleichbare Stile sind zulässig. Whisky-Liköre und aromatisierte Spirituosenmischungen sind nicht gemeint. Vergleich: Kochalkohol (0.2500) in COOKING_ALCOHOL. Entscheidungsgrund: Der Alkohol ist als Kochzutat eine geschmacks- und verfahrensprägende Pflichtvorgabe; Sorte und Stil unterscheiden die Aufgabe zusätzlich, weshalb der einheitliche Kochalkoholvertrag 0,25 vorsieht.	COOKING_ALCOHOL_INDEPENDENT_LOW_WEIGHT	MAIN_C604408_FULL_MASTER_POSTGRESQL17;ISSUE_288_AGENTIC_REVIEW_2026-09-17
WHITELEG_SHRIMP	Weißbeingarnele	APPLICABLE	0.4500	0.5000	CHANGED	SHRIMP	SHRIMP	Semantik: Im Handel auch als White Tiger oder Vannamei bezeichnet. Ganze oder geschälte Tiere, roh oder gegart, sind zulässig; Black Tiger Garnelen zählen nicht. Vergleich: Garnelen (0.7500) in SHRIMP. Entscheidungsgrund: Konservierung oder stark festgelegte Produktform begrenzen Textur und Einsatz gegenüber frischer Rohware; die benannte Zutat bleibt dennoch ein eigenständiger Familienfall.		MAIN_C604408_FULL_MASTER_POSTGRESQL17;ISSUE_288_AGENTIC_REVIEW_2026-09-17
WHITE_ASPARAGUS	weißer Spargel	APPLICABLE	0.6500	0.7500	CHANGED	ASPARAGUS	ASPARAGUS	Semantik: Unter Lichtabschluss gewachsener weißer Spargel mit mildem, leicht bitterem Aroma; vor dem Garen meist vollständig schälen. Vergleich: Spargel (0.7500) in ASPARAGUS. Entscheidungsgrund: Die benannte Zutat ist gegenüber dem Oberbegriff konkretisiert, behält aber mehrere eigenständige Kochfunktionen und Zubereitungswege; die Familienüberschneidung rechtfertigt die maßvolle Verdichtung.		MAIN_C604408_FULL_MASTER_POSTGRESQL17;ISSUE_288_AGENTIC_REVIEW_2026-09-17
WHITE_BEANS	weiße Bohnen	APPLICABLE	0.8500	0.7500	CHANGED	BEANS	BEANS	Semantik: Offene Familie weißer Bohnen mit mildem Geschmack und cremiger Textur; Sorte und Größe bleiben wählbar. Vergleich: Bohnen (1.0000) in BEANS. Entscheidungsgrund: Art oder Sorte sind festgelegt, doch Zuschnitt, Garmethode und Kombination bleiben in mehreren süßen beziehungsweise herzhaften Anwendungen offen; das entspricht den eigenständigen Rohstoff-Peers der Familie.		MAIN_C604408_FULL_MASTER_POSTGRESQL17;ISSUE_288_AGENTIC_REVIEW_2026-09-17
WHITE_CABBAGE	Weißkohl	APPLICABLE	0.9500	0.7500	CHANGED	CABBAGE_VEGETABLES	CABBAGE_VEGETABLES	Semantik: Fester Weißkohl mit knackigen, dicht geschichteten Blättern; roh, gegart oder fermentiert verwendbar. Vergleich: Kohlgemüse (1.0000) in CABBAGE_VEGETABLES. Entscheidungsgrund: Art oder Sorte sind festgelegt, doch Zuschnitt, Garmethode und Kombination bleiben in mehreren süßen beziehungsweise herzhaften Anwendungen offen; das entspricht den eigenständigen Rohstoff-Peers der Familie.		MAIN_C604408_FULL_MASTER_POSTGRESQL17;ISSUE_288_AGENTIC_REVIEW_2026-09-17
WHITE_CHAMPIGNON	weiße Champignons	APPLICABLE	0.9000	0.7500	CHANGED	CHAMPIGNON	CHAMPIGNON	Semantik: Frische weiße Zuchtchampignons mit mildem Pilzaroma; nicht braune oder konservierte Champignons. Vergleich: frische Champignons (1.0000) in CHAMPIGNON. Entscheidungsgrund: Art oder Sorte sind festgelegt, doch Zuschnitt, Garmethode und Kombination bleiben in mehreren süßen beziehungsweise herzhaften Anwendungen offen; das entspricht den eigenständigen Rohstoff-Peers der Familie.		MAIN_C604408_FULL_MASTER_POSTGRESQL17;ISSUE_288_AGENTIC_REVIEW_2026-09-17
WHITE_CHOCOLATE	weiße Schokolade	APPLICABLE	0.4000	0.5000	CHANGED	CHOCOLATE	CHOCOLATE	Semantik: Kakaobutterbasierte Süßware mit Milch und Zucker, aber ohne Kakaomasse; nicht bloße Fettglasur. Vergleich: Schokolade (1.0000) in CHOCOLATE. Entscheidungsgrund: Produktform, Aromaprofil oder typische Funktion sind enger vorgegeben als beim Anker; die Zutat bleibt unterscheidbar, wird wegen dieser Bindung innerhalb der Familie aber kompakter gewichtet.		MAIN_C604408_FULL_MASTER_POSTGRESQL17;ISSUE_288_AGENTIC_REVIEW_2026-09-17
WHITE_FISH	weißfleischiger Fisch	APPLICABLE	0.7000	1.0000	CHANGED	FISH	FISH	Semantik: Offene Vorgabe für mageren bis mäßig fetten Fisch mit hellem, mildem Fleisch; Art und Zuschnitt bleiben wählbar. Vergleich: Fisch (1.0000) in FISH. Entscheidungsgrund: Die drawable Familienvorgabe lässt Art, Zuschnitt und Garmethode offen und bildet damit den breiten Referenzpunkt für konkrete Meeres- und Süßwasserprodukte.		MAIN_C604408_FULL_MASTER_POSTGRESQL17;ISSUE_288_AGENTIC_REVIEW_2026-09-17
WHITE_PEPPER	weißer Pfeffer	APPLICABLE	0.5000	0.7500	CHANGED	PEPPER	PEPPER	Semantik: Reife, von der Fruchthülle befreite Pfefferkörner mit erdig-direkter Schärfe; ganz oder gemahlen verwendbar. Vergleich: Pfeffer (1.0000) in PEPPER. Entscheidungsgrund: Das einzelne Aroma ist klar festgelegt, kann aber über mehrere Gerichte, Techniken und Kombinationen eingesetzt werden; wie beim Anker bleibt ausreichend eigenständige Kochbreite.		MAIN_C604408_FULL_MASTER_POSTGRESQL17;ISSUE_288_AGENTIC_REVIEW_2026-09-17
WHITE_SAUSAGE	Weißwurst	APPLICABLE	0.3500	0.5000	CHANGED	SAUSAGE	SAUSAGE	Semantik: Helle Brühwurst nach Weißwurst-Art aus Kalb- und/oder Schweinefleisch; regionale Würzung und Garzustand variieren. Vergleich: Wurst (1.0000) in SAUSAGE. Entscheidungsgrund: Rezeptur, Verarbeitung und typische Textur sind bei diesem benannten Produkt bereits wesentlich festgelegt; die Eigenständigkeit bleibt erhalten, die Familienverdichtung begrenzt aber seine relative Präsenz.		MAIN_C604408_FULL_MASTER_POSTGRESQL17;ISSUE_288_AGENTIC_REVIEW_2026-09-17
WHITE_SUGAR	Zucker	APPLICABLE	0.4500	0.7500	CHANGED	SWEETENERS	SWEETENERS	Semantik: Raffinierter weißer Zucker als kristallines, weitgehend neutrales Süßungsmittel; Körnung bleibt offen. Vergleich: Süßungsmittel (1.0000) in SWEETENERS. Entscheidungsgrund: Die konkrete Produktausprägung besitzt ein eigenes Profil, bleibt aber über mehrere Koch-, Back- oder Servierfunktionen einsetzbar; das trägt die Zwischenstufe gegenüber dem offenen Oberbegriff.		MAIN_C604408_FULL_MASTER_POSTGRESQL17;ISSUE_288_AGENTIC_REVIEW_2026-09-17
WHITE_TEA	weißer Tee	APPLICABLE	0.3000	0.7500	CHANGED	TEA	TEA	Semantik: Sehr wenig verarbeiteter Tee aus jungen Knospen und Blättern mit zartem, floralem Profil. Vergleich: Tee (1.0000) in TEA. Entscheidungsgrund: Die benannte Zutat ist gegenüber dem Oberbegriff konkretisiert, behält aber mehrere eigenständige Kochfunktionen und Zubereitungswege; die Familienüberschneidung rechtfertigt die maßvolle Verdichtung.		MAIN_C604408_FULL_MASTER_POSTGRESQL17;ISSUE_288_AGENTIC_REVIEW_2026-09-17
WHITE_VINEGAR	Branntweinessig	APPLICABLE	0.6000	0.7500	CHANGED	VINEGAR	VINEGAR	Semantik: Klarer neutraler Branntweinessig mit direkter Säure; nicht automatisch hochkonzentrierte Essigessenz. Vergleich: Essig (1.0000) in VINEGAR. Entscheidungsgrund: Die konkrete Produktausprägung besitzt ein eigenes Profil, bleibt aber über mehrere Koch-, Back- oder Servierfunktionen einsetzbar; das trägt die Zwischenstufe gegenüber dem offenen Oberbegriff.		MAIN_C604408_FULL_MASTER_POSTGRESQL17;ISSUE_288_AGENTIC_REVIEW_2026-09-17
WHITE_WINE	Weißwein	APPLICABLE	0.3500	0.2500	CHANGED	COOKING_ALCOHOL	COOKING_ALCOHOL	Semantik: Weißwein als Kochzutat; Rebsorte, Körper und Trockenheitsgrad bleiben offen, kein aromatisiertes Weingetränk. Vergleich: Kochalkohol (0.2500) in COOKING_ALCOHOL. Entscheidungsgrund: Der Alkohol ist als Kochzutat eine geschmacks- und verfahrensprägende Pflichtvorgabe; Sorte und Stil unterscheiden die Aufgabe zusätzlich, weshalb der einheitliche Kochalkoholvertrag 0,25 vorsieht.	COOKING_ALCOHOL_INDEPENDENT_LOW_WEIGHT	MAIN_C604408_FULL_MASTER_POSTGRESQL17;ISSUE_288_AGENTIC_REVIEW_2026-09-17
WHITE_WINE_VINEGAR	Weißweinessig	APPLICABLE	0.6000	0.7500	CHANGED	VINEGAR	VINEGAR	Semantik: Aus Weißwein vergorener Essig mit heller fruchtiger Säure; nicht Weißwein oder Reisessig. Vergleich: Essig (1.0000) in VINEGAR. Entscheidungsgrund: Die konkrete Produktausprägung besitzt ein eigenes Profil, bleibt aber über mehrere Koch-, Back- oder Servierfunktionen einsetzbar; das trägt die Zwischenstufe gegenüber dem offenen Oberbegriff.		MAIN_C604408_FULL_MASTER_POSTGRESQL17;ISSUE_288_AGENTIC_REVIEW_2026-09-17
WHOLEGRAIN_MUSTARD	körniger Senf	APPLICABLE	0.5500	0.5000	CHANGED	MUSTARD	MUSTARD	Semantik: Senf mit sichtbaren ganzen oder grob gebrochenen Senfkörnern und körniger Textur; Schärfe bleibt offen. Vergleich: Senf (0.5000) in MUSTARD. Entscheidungsgrund: Sichtbare Körner und Textur sind eine konkrete Variante des bereits mit 0,50 bewerteten fertigen Senfs; variable Schärfe schafft keine breitere Verwendung als beim Oberbegriff.		MAIN_C604408_FULL_MASTER_POSTGRESQL17;ISSUE_288_AGENTIC_REVIEW_2026-09-17
WIENER_SAUSAGE	Wiener Würstchen	APPLICABLE	0.6500	0.5000	CHANGED	SAUSAGE	SAUSAGE	Semantik: Dünne, fein gekutterte und geräucherte Brühwürstchen aus Schweine- und/oder Rindfleisch. Sie bringen mildes Raucharoma, Salz und eine elastische Wursttextur in warme Gerichte ein. Vergleich: Wurst (1.0000) in SAUSAGE. Entscheidungsgrund: Rezeptur, Verarbeitung und typische Textur sind bei diesem benannten Produkt bereits wesentlich festgelegt; die Eigenständigkeit bleibt erhalten, die Familienverdichtung begrenzt aber seine relative Präsenz.		MAIN_C604408_FULL_MASTER_POSTGRESQL17;ISSUE_288_AGENTIC_REVIEW_2026-09-17
WILD_BOAR	Wildschwein	APPLICABLE	0.4000	0.7500	CHANGED	GAME_MEAT	GAME_MEAT	Semantik: Wildschweinfleisch mit kräftigem Wildaroma und meist dunklerem Fleisch als Hausschwein; Zuschnitt bleibt offen. Vergleich: Wildfleisch (1.0000) in GAME_MEAT. Entscheidungsgrund: Tierart oder Zuschnitt sind konkret, doch Würzung, Kombination und mehrere passende Gartechniken bleiben offen; diese eigenständige Kochbreite trägt die Zwischenstufe.		MAIN_C604408_FULL_MASTER_POSTGRESQL17;ISSUE_288_AGENTIC_REVIEW_2026-09-17
WILD_RICE	Wildreis	APPLICABLE	0.4500	0.7500	CHANGED	GRAINS	GRAINS	Semantik: Botanisch kein Reis, kulinarisch jedoch ein reisähnliches Getreideprodukt. Vergleich: Getreide oder Pseudogetreide (1.0000) in GRAINS. Entscheidungsgrund: Getreideart oder Produktform sind benannt, lassen aber süße und herzhafte Anwendungen sowie mehrere Garmethoden zu; diese Breite trägt die eigenständige Zwischenstufe.		MAIN_C604408_FULL_MASTER_POSTGRESQL17;ISSUE_288_AGENTIC_REVIEW_2026-09-17
WONTON_WRAPPERS	Wonton-Teigblätter	APPLICABLE	0.4500	0.7500	CHANGED	DUMPLING_WRAPPERS	DUMPLING_WRAPPERS	Semantik: Dünne quadratische Weizenteigblätter, meist mit Ei, zum Füllen als Wontons; nicht Reispapier. Vergleich: Teigblatt oder Dumpling-Hülle (1.0000) in DUMPLING_WRAPPERS. Entscheidungsgrund: Getreideart oder Produktform sind benannt, lassen aber süße und herzhafte Anwendungen sowie mehrere Garmethoden zu; diese Breite trägt die eigenständige Zwischenstufe.		MAIN_C604408_FULL_MASTER_POSTGRESQL17;ISSUE_288_AGENTIC_REVIEW_2026-09-17
WOOD_EAR	Mu-Err-Pilze	APPLICABLE	0.5500	0.7500	CHANGED	MUSHROOMS	MUSHROOMS	Semantik: Mu-Err- beziehungsweise Judasohren mit elastisch-knackiger Textur und mildem Geschmack; meist getrocknet und eingeweicht. Vergleich: Pilze (1.0000) in MUSHROOMS. Entscheidungsgrund: Art oder Sorte sind festgelegt, doch Zuschnitt, Garmethode und Kombination bleiben in mehreren süßen beziehungsweise herzhaften Anwendungen offen; das entspricht den eigenständigen Rohstoff-Peers der Familie.		MAIN_C604408_FULL_MASTER_POSTGRESQL17;ISSUE_288_AGENTIC_REVIEW_2026-09-17
WORCESTERSHIRE_SAUCE	Worcestersauce	APPLICABLE	0.4500	0.5000	CHANGED	FERMENTED_SEASONINGS	FERMENTED_SEASONINGS	Semantik: Dünne britische fermentierte Würzsauce mit Säure, Süße, Gewürzen und typischerweise Sardellen; intensiv und sparsam dosiert. Vergleich: fermentierte Würzzutat (1.0000) in FERMENTED_SEASONINGS. Entscheidungsgrund: Die fertige Würzform bringt ein eigenes Aroma- und häufig Texturprofil mit; gegenüber dem Anker ist sie eigenständig, beschränkt aber freie Würzung und Gerichtsausrichtung, weshalb die Familie kompakt auf dieser Stufe bleibt.		MAIN_C604408_FULL_MASTER_POSTGRESQL17;ISSUE_288_AGENTIC_REVIEW_2026-09-17
XO_SAUCE	XO-Sauce	APPLICABLE	0.3000	0.2500	CHANGED	READY_SAUCES_AND_PASTES	MAYONNAISE	Semantik: Hongkonger ölbasierte Würzpaste mit getrockneten Meeresfrüchten, Chili und Aromaten; kräftig umamireich, nicht vegetarisch. Vergleich: Mayonnaise (0.5000) in READY_SAUCES_AND_PASTES. Entscheidungsgrund: Getrocknete Meeresfrüchte, Schinken, Chili und Öl bilden ein komplexes fertiges Umamiprofil, das Gericht und weitere Würzung wesentlich vorgibt; sie bindet stärker als einfache Würzsaucen.		MAIN_C604408_FULL_MASTER_POSTGRESQL17;ISSUE_288_AGENTIC_REVIEW_2026-09-17
YAM	Yamswurzel	APPLICABLE	0.3500	0.7500	CHANGED	ROOT_VEGETABLES	ROOT_VEGETABLES	Semantik: Stärkereiche Yamsknolle der Gattung Dioscorea; Sorte bleibt offen, nicht Süßkartoffel oder Ube. Vergleich: Wurzel- und Knollengemüse (1.0000) in ROOT_VEGETABLES. Entscheidungsgrund: Art oder Sorte sind festgelegt, doch Zuschnitt, Garmethode und Kombination bleiben in mehreren süßen beziehungsweise herzhaften Anwendungen offen; das entspricht den eigenständigen Rohstoff-Peers der Familie.		MAIN_C604408_FULL_MASTER_POSTGRESQL17;ISSUE_288_AGENTIC_REVIEW_2026-09-17
YEAST_EXTRACT	Hefeextrakt	APPLICABLE	0.4000	0.5000	CHANGED	FERMENTED_SEASONINGS	FERMENTED_SEASONINGS	Semantik: Konzentrierter Hefeextrakt als salzig-umamireiche Paste oder Würze; nicht aktive Hefe oder Hefeflocken. Vergleich: fermentierte Würzzutat (1.0000) in FERMENTED_SEASONINGS. Entscheidungsgrund: Die fertige Würzform bringt ein eigenes Aroma- und häufig Texturprofil mit; gegenüber dem Anker ist sie eigenständig, beschränkt aber freie Würzung und Gerichtsausrichtung, weshalb die Familie kompakt auf dieser Stufe bleibt.		MAIN_C604408_FULL_MASTER_POSTGRESQL17;ISSUE_288_AGENTIC_REVIEW_2026-09-17
YELLOW_BELL_PEPPER	gelbe Paprika	APPLICABLE	0.8500	0.7500	CHANGED	BELL_PEPPER	BELL_PEPPER	Semantik: Reif gelbe Gemüsepaprika mit mildem, süß-fruchtigem Geschmack; nicht scharfe gelbe Chili. Vergleich: Paprika (0.7500) in BELL_PEPPER. Entscheidungsgrund: Die benannte Zutat ist gegenüber dem Oberbegriff konkretisiert, behält aber mehrere eigenständige Kochfunktionen und Zubereitungswege; die Familienüberschneidung rechtfertigt die maßvolle Verdichtung.		MAIN_C604408_FULL_MASTER_POSTGRESQL17;ISSUE_288_AGENTIC_REVIEW_2026-09-17
YELLOW_LENTILS	Gelbe Linsen	APPLICABLE	0.7000	0.7500	CHANGED	LENTILS	LENTILS	Semantik: Gelbe geschälte Linsen mit kurzer Garzeit und cremig zerfallender Textur; konkrete Hülsenfruchtvariante kann regional variieren. Vergleich: Linsen (0.7500) in LENTILS. Entscheidungsgrund: Die benannte Zutat ist gegenüber dem Oberbegriff konkretisiert, behält aber mehrere eigenständige Kochfunktionen und Zubereitungswege; die Familienüberschneidung rechtfertigt die maßvolle Verdichtung.	ISSUE_278_CURRENT_SCOPE_CONTRADICTION	MAIN_C604408_FULL_MASTER_POSTGRESQL17;ISSUE_288_AGENTIC_REVIEW_2026-09-17
YELLOW_SPLIT_PEAS	gelbe Schälerbsen	APPLICABLE	0.6500	0.7500	CHANGED	SPLIT_PEAS	SPLIT_PEAS	Semantik: Getrocknete gelbe geschälte und halbierte Erbsen; für Suppen, Pürees und Eintöpfe geeignet. Vergleich: Spalterbsen (0.7500) in SPLIT_PEAS. Entscheidungsgrund: Die benannte Zutat ist gegenüber dem Oberbegriff konkretisiert, behält aber mehrere eigenständige Kochfunktionen und Zubereitungswege; die Familienüberschneidung rechtfertigt die maßvolle Verdichtung.		MAIN_C604408_FULL_MASTER_POSTGRESQL17;ISSUE_288_AGENTIC_REVIEW_2026-09-17
YOGURT	Joghurt	APPLICABLE	0.7500	0.7500	UNCHANGED	CULTURED_DAIRY	CULTURED_DAIRY	Semantik: Durch Milchsäurekulturen gesäuerte Milch mit cremiger bis stichfester Textur; natur und ohne prägende Zusätze gemeint. Vergleich: gesäuertes Milchprodukt (1.0000) in CULTURED_DAIRY. Entscheidungsgrund: Die konkrete Produktausprägung besitzt ein eigenes Profil, bleibt aber über mehrere Koch-, Back- oder Servierfunktionen einsetzbar; das trägt die Zwischenstufe gegenüber dem offenen Oberbegriff.		MAIN_C604408_FULL_MASTER_POSTGRESQL17;ISSUE_288_AGENTIC_REVIEW_2026-09-17
YUBA	Yuba	APPLICABLE	1.0000	0.7500	CHANGED	SOY_PRODUCTS	SOY_PRODUCTS	Semantik: Beim Erhitzen von Sojamilch abgenommene Haut mit feinem Sojaaroma. Frische und getrocknete Grundformen gehören dazu; trockene Ware wird eingeweicht, gepresste Tofublätter und frittierte Rollen bleiben getrennt. Vergleich: Sojazutat (1.0000) in SOY_PRODUCTS. Entscheidungsgrund: Die benannte Zutat ist gegenüber dem Oberbegriff konkretisiert, behält aber mehrere eigenständige Kochfunktionen und Zubereitungswege; die Familienüberschneidung rechtfertigt die maßvolle Verdichtung.		MAIN_C604408_FULL_MASTER_POSTGRESQL17;ISSUE_288_AGENTIC_REVIEW_2026-09-17
YUZU	Yuzu	APPLICABLE	0.2500	0.7500	CHANGED	CITRUS_FRUIT	CITRUS_FRUIT	Semantik: Ostasiatische Zitrusfrucht mit intensiv floral-herbem Aroma; meist Saft und Schale, frisch oder ungesüßt konserviert. Vergleich: Zitrusfrucht (1.0000) in CITRUS_FRUIT. Entscheidungsgrund: Art oder Sorte sind festgelegt, doch Zuschnitt, Garmethode und Kombination bleiben in mehreren süßen beziehungsweise herzhaften Anwendungen offen; das entspricht den eigenständigen Rohstoff-Peers der Familie.		MAIN_C604408_FULL_MASTER_POSTGRESQL17;ISSUE_288_AGENTIC_REVIEW_2026-09-17
YUZU_KOSHO	Yuzu Koshō	APPLICABLE	0.8000	0.5000	CHANGED	CHILI_CONDIMENTS	CHILI_CONDIMENTS	Semantik: Salzig-scharfe japanische Paste aus Yuzu-Schale, Chili und Salz; grüne und rote Varianten gehören zum selben Konzept. Konzentriert dosieren; reine Yuzu- oder Chiliprodukte bleiben getrennt. Vergleich: Chilisauce oder -paste (1.0000) in CHILI_CONDIMENTS. Entscheidungsgrund: Die fertige Würzform bringt ein eigenes Aroma- und häufig Texturprofil mit; gegenüber dem Anker ist sie eigenständig, beschränkt aber freie Würzung und Gerichtsausrichtung, weshalb die Familie kompakt auf dieser Stufe bleibt.		MAIN_C604408_FULL_MASTER_POSTGRESQL17;ISSUE_288_AGENTIC_REVIEW_2026-09-17
ZAATAR	Za’atar	APPLICABLE	0.4500	0.5000	CHANGED	SPICE_BLENDS	SPICE_BLENDS	Semantik: Levantinische Gewürzmischung typischerweise aus Za’atar-Kraut beziehungsweise Thymian, Sumach, Sesam und Salz; Rezepturen variieren. Vergleich: Gewürzmischung (1.0000) in SPICE_BLENDS. Entscheidungsgrund: Die fertige Würzform bringt ein eigenes Aroma- und häufig Texturprofil mit; gegenüber dem Anker ist sie eigenständig, beschränkt aber freie Würzung und Gerichtsausrichtung, weshalb die Familie kompakt auf dieser Stufe bleibt.		MAIN_C604408_FULL_MASTER_POSTGRESQL17;ISSUE_288_AGENTIC_REVIEW_2026-09-17
ZUCCHINI	Zucchini	APPLICABLE	1.0000	0.7500	CHANGED	FRUIT_VEGETABLES	FRUIT_VEGETABLES	Semantik: Zucchini als mildes, saftiges Fruchtgemüse; grüne und gelbe sowie längliche und runde Sorten sind umfasst. Vergleich: Fruchtgemüse (1.0000) in FRUIT_VEGETABLES. Entscheidungsgrund: Art oder Sorte sind festgelegt, doch Zuschnitt, Garmethode und Kombination bleiben in mehreren süßen beziehungsweise herzhaften Anwendungen offen; das entspricht den eigenständigen Rohstoff-Peers der Familie.		MAIN_C604408_FULL_MASTER_POSTGRESQL17;ISSUE_288_AGENTIC_REVIEW_2026-09-17
